// Auto-generated Startup Logo Header from 1.69 logo.png (Centered 240x240 for 1.3" ST7789)
#ifndef IMAGE_LOGO_H
#define IMAGE_LOGO_H

#include <pgmspace.h>
#include <Arduino.h>

#define LOGO_WIDTH  240
#define LOGO_HEIGHT 240

static const uint16_t PROGMEM image_logo_pixels[] = {
  0xFFFF, 0xFFFF, 0xFFFF, 0xFFFF, 0xFFFF, 0xFFFF, 0xFFFF, 0xFFFF, 0xFFFF, 0xFFFF, 0xFFFF, 0xFFFF, 0xFFFF, 0xFFFF, 0xFFFF, 0xFFFF,
  0xFFFF, 0xFFFF, 0xFFFF, 0xFFFF, 0xFFFF, 0xFFFF, 0xFFFF, 0xFFFF, 0xFFFF, 0xFFFF, 0xFFFF, 0xFFFF, 0xFFFF, 0xFFFF, 0xFFFF, 0xFFFF,
  0xFFFF, 0xFFFF, 0xFFFF, 0xFFFF, 0xFFFF, 0xFFFF, 0xFFFF, 0xFFFF, 0xFFFF, 0xFFFF, 0xFFFF, 0xFFFF, 0xFFFF, 0xFFFF, 0xFFFF, 0xFFFF,
  0xFFFF, 0xFFFF, 0xFFFF, 0xFFFF, 0xFFFF, 0xFFFF, 0xFFFF, 0xFFFF, 0xFFFF, 0xFFFF, 0xFFFF, 0xFFFF, 0xFFFF, 0xFFFF, 0xFFFF, 0xFFFF,
  0xFFFF, 0xFFFF, 0xFFFF, 0xFFFF, 0xFFFF, 0xFFFF, 0xFFFF, 0xFFFF, 0xFFFF, 0xFFFF, 0xFFFF, 0xFFFF, 0xFFFF, 0xFFFF, 0xFFFF, 0xFFFF,
  0xFFFF, 0xFFFF, 0xFFFF, 0xFFFF, 0xFFFF, 0xFFFF, 0xFFFF, 0xFFFF, 0xFFFF, 0xFFFF, 0xFFFF, 0xFFFF, 0xFFFF, 0xFFFF, 0xFFFF, 0xFFFF,
  0xFFFF, 0xFFFF, 0xFFFF, 0xFFFF, 0xFFFF, 0xFFFF, 0xFFFF, 0xFFFF, 0xFFFF, 0xFFFF, 0xFFFF, 0xFFFF, 0xFFFF, 0xFFFF, 0xFFFF, 0xFFFF,
  0xFFFF, 0xFFFF, 0xFFFF, 0xFFFF, 0xFFFF, 0xFFFF, 0xFFFF, 0xFFFF, 0xFFFF, 0xFFFF, 0xFFFF, 0xFFFF, 0xFFFF, 0xFFFF, 0xFFFF, 0xFFFF,
  0xFFFF, 0xFFFF, 0xFFFF, 0xFFFF, 0xFFFF, 0xFFFF, 0xFFFF, 0xFFFF, 0xFFFF, 0xFFFF, 0xFFFF, 0xFFFF, 0xFFFF, 0xFFFF, 0xFFFF, 0xFFFF,
  0xFFFF, 0xFFFF, 0xFFFF, 0xFFFF, 0xFFFF, 0xFFFF, 0xFFFF, 0xFFFF, 0xFFFF, 0xFFFF, 0xFFFF, 0xFFFF, 0xFFFF, 0xFFFF, 0xFFFF, 0xFFFF,
  0xFFFF, 0xFFFF, 0xFFFF, 0xFFFF, 0xFFFF, 0xFFFF, 0xFFFF, 0xFFFF, 0xFFFF, 0xFFFF, 0xFFFF, 0xFFFF, 0xFFFF, 0xFFFF, 0xFFFF, 0xFFFF,
  0xFFFF, 0xFFFF, 0xFFFF, 0xFFFF, 0xFFFF, 0xFFFF, 0xFFFF, 0xFFFF, 0xFFFF, 0xFFFF, 0xFFFF, 0xFFFF, 0xFFFF, 0xFFFF, 0xFFFF, 0xFFFF,
  0xFFFF, 0xFFFF, 0xFFFF, 0xFFFF, 0xFFFF, 0xFFFF, 0xFFFF, 0xFFFF, 0xFFFF, 0xFFFF, 0xFFFF, 0xFFFF, 0xFFFF, 0xFFFF, 0xFFFF, 0xFFFF,
  0xFFFF, 0xFFFF, 0xFFFF, 0xFFFF, 0xFFFF, 0xFFFF, 0xFFFF, 0xFFFF, 0xFFFF, 0xFFFF, 0xFFFF, 0xFFFF, 0xFFFF, 0xFFFF, 0xFFFF, 0xFFFF,
  0xFFFF, 0xFFFF, 0xFFFF, 0xFFFF, 0xFFFF, 0xFFFF, 0xFFFF, 0xFFFF, 0xFFFF, 0xFFFF, 0xFFFF, 0xFFFF, 0xFFFF, 0xFFFF, 0xFFFF, 0xFFFF,
  0xFFFF, 0xFFFF, 0xFFFF, 0xFFFF, 0xFFFF, 0xFFFF, 0xFFFF, 0xFFFF, 0xFFFF, 0xFFFF, 0xFFFF, 0xFFFF, 0xFFFF, 0xFFFF, 0xFFFF, 0xFFFF,
  0xFFFF, 0xFFFF, 0xFFFF, 0xFFFF, 0xFFFF, 0xFFFF, 0xFFFF, 0xFFFF, 0xFFFF, 0xFFFF, 0xFFFF, 0xFFFF, 0xFFFF, 0xFFFF, 0xFFFF, 0xFFFF,
  0xFFFF, 0xFFFF, 0xFFFF, 0xFFFF, 0xFFFF, 0xFFFF, 0xFFFF, 0xFFFF, 0xFFFF, 0xFFFF, 0xFFFF, 0xFFFF, 0xFFFF, 0xFFFF, 0xFFFF, 0xFFFF,
  0xFFFF, 0xFFFF, 0xFFFF, 0xFFFF, 0xFFFF, 0xFFFF, 0xFFFF, 0xFFFF, 0xFFFF, 0xFFFF, 0xFFFF, 0xFFFF, 0xFFFF, 0xFFFF, 0xFFFF, 0xFFFF,
  0xFFFF, 0xFFFF, 0xFFFF, 0xFFFF, 0xFFFF, 0xFFFF, 0xFFFF, 0xFFFF, 0xFFFF, 0xFFFF, 0xFFFF, 0xFFFF, 0xFFFF, 0xFFFF, 0xFFFF, 0xFFFF,
  0xFFFF, 0xFFFF, 0xFFFF, 0xFFFF, 0xFFFF, 0xFFFF, 0xFFFF, 0xFFFF, 0xFFFF, 0xFFFF, 0xFFFF, 0xFFFF, 0xFFFF, 0xFFFF, 0xFFFF, 0xFFFF,
  0xFFFF, 0xFFFF, 0xFFFF, 0xFFFF, 0xFFFF, 0xFFFF, 0xFFFF, 0xFFFF, 0xFFFF, 0xFFFF, 0xFFFF, 0xFFFF, 0xFFFF, 0xFFFF, 0xFFFF, 0xFFFF,
  0xFFFF, 0xFFFF, 0xFFFF, 0xFFFF, 0xFFFF, 0xFFFF, 0xFFFF, 0xFFFF, 0xFFFF, 0xFFFF, 0xFFFF, 0xFFFF, 0xFFFF, 0xFFFF, 0xFFFF, 0xFFFF,
  0xFFFF, 0xFFFF, 0xFFFF, 0xFFFF, 0xFFFF, 0xFFFF, 0xFFFF, 0xFFFF, 0xFFFF, 0xFFFF, 0xFFFF, 0xFFFF, 0xFFFF, 0xFFFF, 0xFFFF, 0xFFFF,
  0xFFFF, 0xFFFF, 0xFFFF, 0xFFFF, 0xFFFF, 0xFFFF, 0xFFFF, 0xFFFF, 0xFFFF, 0xFFFF, 0xFFFF, 0xFFFF, 0xFFFF, 0xFFFF, 0xFFFF, 0xFFFF,
  0xFFFF, 0xFFFF, 0xFFFF, 0xFFFF, 0xFFFF, 0xFFFF, 0xFFFF, 0xFFFF, 0xFFFF, 0xFFFF, 0xFFFF, 0xFFFF, 0xFFFF, 0xFFFF, 0xFFFF, 0xFFFF,
  0xFFFF, 0xFFFF, 0xFFFF, 0xFFFF, 0xFFFF, 0xFFFF, 0xFFFF, 0xFFFF, 0xFFFF, 0xFFFF, 0xFFFF, 0xFFFF, 0xFFFF, 0xFFFF, 0xFFFF, 0xFFFF,
  0xFFFF, 0xFFFF, 0xFFFF, 0xFFFF, 0xFFFF, 0xFFFF, 0xFFFF, 0xFFFF, 0xFFFF, 0xFFFF, 0xFFFF, 0xFFFF, 0xFFFF, 0xFFFF, 0xFFFF, 0xFFFF,
  0xFFFF, 0xFFFF, 0xFFFF, 0xFFFF, 0xFFFF, 0xFFFF, 0xFFFF, 0xFFFF, 0xFFFF, 0xFFFF, 0xFFFF, 0xFFFF, 0xFFFF, 0xFFFF, 0xFFFF, 0xFFFF,
  0xFFFF, 0xFFFF, 0xFFFF, 0xFFFF, 0xFFFF, 0xFFFF, 0xFFFF, 0xFFFF, 0xFFFF, 0xFFFF, 0xFFFF, 0xFFFF, 0xFFFF, 0xFFFF, 0xFFFF, 0xFFFF,
  0xFFFF, 0xFFFF, 0xFFFF, 0xFFFF, 0xFFFF, 0xFFFF, 0xFFFF, 0xFFFF, 0xFFFF, 0xFFFF, 0xFFFF, 0xFFFF, 0xFFFF, 0xFFFF, 0xFFFF, 0xFFFF,
  0xFFFF, 0xFFFF, 0xFFFF, 0xFFFF, 0xFFFF, 0xFFFF, 0xFFFF, 0xFFFF, 0xFFFF, 0xFFFF, 0xFFFF, 0xFFFF, 0xFFFF, 0xFFFF, 0xFFFF, 0xFFFF,
  0xFFFF, 0xFFFF, 0xFFFF, 0xFFFF, 0xFFFF, 0xFFFF, 0xFFFF, 0xFFFF, 0xFFFF, 0xFFFF, 0xFFFF, 0xFFFF, 0xFFFF, 0xFFFF, 0xFFFF, 0xFFFF,
  0xFFFF, 0xFFFF, 0xFFFF, 0xFFFF, 0xFFFF, 0xFFFF, 0xFFFF, 0xFFFF, 0xFFFF, 0xFFFF, 0xFFFF, 0xFFFF, 0xFFFF, 0xFFFF, 0xFFFF, 0xFFFF,
  0xFFFF, 0xFFFF, 0xFFFF, 0xFFFF, 0xFFFF, 0xFFFF, 0xFFFF, 0xFFFF, 0xFFFF, 0xFFFF, 0xFFFF, 0xFFFF, 0xFFFF, 0xFFFF, 0xFFFF, 0xFFFF,
  0xFFFF, 0xFFFF, 0xFFFF, 0xFFFF, 0xFFFF, 0xFFFF, 0xFFFF, 0xFFFF, 0xFFFF, 0xFFFF, 0xFFFF, 0xFFFF, 0xFFFF, 0xFFFF, 0xFFFF, 0xFFFF,
  0xFFFF, 0xFFFF, 0xFFFF, 0xFFFF, 0xFFFF, 0xFFFF, 0xFFFF, 0xFFFF, 0xFFFF, 0xFFFF, 0xFFFF, 0xFFFF, 0xFFFF, 0xFFFF, 0xFFFF, 0xFFFF,
  0xFFFF, 0xFFFF, 0xFFFF, 0xFFFF, 0xFFFF, 0xFFFF, 0xFFFF, 0xFFFF, 0xFFFF, 0xFFFF, 0xFFFF, 0xFFFF, 0xFFFF, 0xFFFF, 0xFFFF, 0xFFFF,
  0xFFFF, 0xFFFF, 0xFFFF, 0xFFFF, 0xFFFF, 0xFFFF, 0xFFFF, 0xFFFF, 0xFFFF, 0xFFFF, 0xFFFF, 0xFFFF, 0xFFFF, 0xFFFF, 0xFFFF, 0xFFFF,
  0xFFFF, 0xFFFF, 0xFFFF, 0xFFFF, 0xFFFF, 0xFFFF, 0xFFFF, 0xFFFF, 0xFFFF, 0xFFFF, 0xFFFF, 0xFFFF, 0xFFFF, 0xFFFF, 0xFFFF, 0xFFFF,
  0xFFFF, 0xFFFF, 0xFFFF, 0xFFFF, 0xFFFF, 0xFFFF, 0xFFFF, 0xFFFF, 0xFFFF, 0xFFFF, 0xFFFF, 0xFFFF, 0xFFFF, 0xFFFF, 0xFFFF, 0xFFFF,
  0xFFFF, 0xFFFF, 0xFFFF, 0xFFFF, 0xFFFF, 0xFFFF, 0xFFFF, 0xFFFF, 0xFFFF, 0xFFFF, 0xFFFF, 0xFFFF, 0xFFFF, 0xFFFF, 0xFFFF, 0xFFFF,
  0xFFFF, 0xFFFF, 0xFFFF, 0xFFFF, 0xFFFF, 0xFFFF, 0xFFFF, 0xFFFF, 0xFFFF, 0xFFFF, 0xFFFF, 0xFFFF, 0xFFFF, 0xFFFF, 0xFFFF, 0xFFFF,
  0xFFFF, 0xFFFF, 0xFFFF, 0xFFFF, 0xFFFF, 0xFFFF, 0xFFFF, 0xFFFF, 0xFFFF, 0xFFFF, 0xFFFF, 0xFFFF, 0xFFFF, 0xFFFF, 0xFFFF, 0xFFFF,
  0xFFFF, 0xFFFF, 0xFFFF, 0xFFFF, 0xFFFF, 0xFFFF, 0xFFFF, 0xFFFF, 0xFFFF, 0xFFFF, 0xFFFF, 0xFFFF, 0xFFFF, 0xFFFF, 0xFFFF, 0xFFFF,
  0xFFFF, 0xFFFF, 0xFFFF, 0xFFFF, 0xFFFF, 0xFFFF, 0xFFFF, 0xFFFF, 0xFFFF, 0xFFFF, 0xFFFF, 0xFFFF, 0xFFFF, 0xFFFF, 0xFFFF, 0xFFFF,
  0xFFFF, 0xFFFF, 0xFFFF, 0xFFFF, 0xFFFF, 0xFFFF, 0xFFFF, 0xFFFF, 0xFFFF, 0xFFFF, 0xFFFF, 0xFFFF, 0xFFFF, 0xFFFF, 0xFFFF, 0xFFFF,
  0xFFFF, 0xFFFF, 0xFFFF, 0xFFFF, 0xFFFF, 0xFFFF, 0xFFFF, 0xFFFF, 0xFFFF, 0xFFFF, 0xFFFF, 0xFFFF, 0xFFFF, 0xFFFF, 0xFFFF, 0xFFFF,
  0xFFFF, 0xFFFF, 0xFFFF, 0xFFFF, 0xFFFF, 0xFFFF, 0xFFFF, 0xFFFF, 0xFFFF, 0xFFFF, 0xFFFF, 0xFFFF, 0xFFFF, 0xFFFF, 0xFFFF, 0xFFFF,
  0xFFFF, 0xFFFF, 0xFFFF, 0xFFFF, 0xFFFF, 0xFFFF, 0xFFFF, 0xFFFF, 0xFFFF, 0xFFFF, 0xFFFF, 0xFFFF, 0xFFFF, 0xFFFF, 0xFFFF, 0xFFFF,
  0xFFFF, 0xFFFF, 0xFFFF, 0xFFFF, 0xFFFF, 0xFFFF, 0xFFFF, 0xFFFF, 0xFFFF, 0xFFFF, 0xFFFF, 0xFFFF, 0xFFFF, 0xFFFF, 0xFFFF, 0xFFFF,
  0xFFFF, 0xFFFF, 0xFFFF, 0xFFFF, 0xFFFF, 0xFFFF, 0xFFFF, 0xFFFF, 0xFFFF, 0xFFFF, 0xFFFF, 0xFFFF, 0xFFFF, 0xFFFF, 0xFFFF, 0xFFFF,
  0xFFFF, 0xFFFF, 0xFFFF, 0xFFFF, 0xFFFF, 0xFFFF, 0xFFFF, 0xFFFF, 0xFFFF, 0xFFFF, 0xFFFF, 0xFFFF, 0xFFFF, 0xFFFF, 0xFFFF, 0xFFFF,
  0xFFFF, 0xFFFF, 0xFFFF, 0xFFFF, 0xFFFF, 0xFFFF, 0xFFFF, 0xFFFF, 0xFFFF, 0xFFFF, 0xFFFF, 0xFFFF, 0xFFFF, 0xFFFF, 0xFFFF, 0xFFFF,
  0xFFFF, 0xFFFF, 0xFFFF, 0xFFFF, 0xFFFF, 0xFFFF, 0xFFFF, 0xFFFF, 0xFFFF, 0xFFFF, 0xFFFF, 0xFFFF, 0xFFFF, 0xFFFF, 0xFFFF, 0xFFFF,
  0xFFFF, 0xFFFF, 0xFFFF, 0xFFFF, 0xFFFF, 0xFFFF, 0xFFFF, 0xFFFF, 0xFFFF, 0xFFFF, 0xFFFF, 0xFFFF, 0xFFFF, 0xFFFF, 0xFFFF, 0xFFFF,
  0xFFFF, 0xFFFF, 0xFFFF, 0xFFFF, 0xFFFF, 0xFFFF, 0xFFFF, 0xFFFF, 0xFFFF, 0xFFFF, 0xFFFF, 0xFFFF, 0xFFFF, 0xFFFF, 0xFFFF, 0xFFFF,
  0xFFFF, 0xFFFF, 0xFFFF, 0xFFFF, 0xFFFF, 0xFFFF, 0xFFFF, 0xFFFF, 0xFFFF, 0xFFFF, 0xFFFF, 0xFFFF, 0xFFFF, 0xFFFF, 0xFFFF, 0xFFFF,
  0xFFFF, 0xFFFF, 0xFFFF, 0xFFFF, 0xFFFF, 0xFFFF, 0xFFFF, 0xFFFF, 0xFFFF, 0xFFFF, 0xFFFF, 0xFFFF, 0xFFFF, 0xFFFF, 0xFFFF, 0xFFFF,
  0xFFFF, 0xFFFF, 0xFFFF, 0xFFFF, 0xFFFF, 0xFFFF, 0xFFFF, 0xFFFF, 0xFFFF, 0xFFFF, 0xFFFF, 0xFFFF, 0xFFFF, 0xFFFF, 0xFFFF, 0xFFFF,
  0xFFFF, 0xFFFF, 0xFFFF, 0xFFFF, 0xFFFF, 0xFFFF, 0xFFFF, 0xFFFF, 0xFFFF, 0xFFFF, 0xFFFF, 0xFFFF, 0xFFFF, 0xFFFF, 0xFFFF, 0xFFFF,
  0xFFFF, 0xFFFF, 0xFFFF, 0xFFFF, 0xFFFF, 0xFFFF, 0xFFFF, 0xFFFF, 0xFFFF, 0xFFFF, 0xFFFF, 0xFFFF, 0xFFFF, 0xFFFF, 0xFFFF, 0xFFFF,
  0xFFFF, 0xFFFF, 0xFFFF, 0xFFFF, 0xFFFF, 0xFFFF, 0xFFFF, 0xFFFF, 0xFFFF, 0xFFFF, 0xFFFF, 0xFFFF, 0xFFFF, 0xFFFF, 0xFFFF, 0xFFFF,
  0xFFFF, 0xFFFF, 0xFFFF, 0xFFFF, 0xFFFF, 0xFFFF, 0xFFFF, 0xFFFF, 0xFFFF, 0xFFFF, 0xFFFF, 0xFFFF, 0xFFFF, 0xFFFF, 0xFFFF, 0xFFFF,
  0xFFFF, 0xFFFF, 0xFFFF, 0xFFFF, 0xFFFF, 0xFFFF, 0xFFFF, 0xFFFF, 0xFFFF, 0xFFFF, 0xFFFF, 0xFFFF, 0xFFFF, 0xFFFF, 0xFFFF, 0xFFFF,
  0xFFFF, 0xFFFF, 0xFFFF, 0xFFFF, 0xFFFF, 0xFFFF, 0xFFFF, 0xFFFF, 0xFFFF, 0xFFFF, 0xFFFF, 0xFFFF, 0xFFFF, 0xFFFF, 0xFFFF, 0xFFFF,
  0xFFFF, 0xFFFF, 0xFFFF, 0xFFFF, 0xFFFF, 0xFFFF, 0xFFFF, 0xFFFF, 0xFFFF, 0xFFFF, 0xFFFF, 0xFFFF, 0xFFFF, 0xFFFF, 0xFFFF, 0xFFFF,
  0xFFFF, 0xFFFF, 0xFFFF, 0xFFFF, 0xFFFF, 0xFFFF, 0xFFFF, 0xFFFF, 0xFFFF, 0xFFFF, 0xFFFF, 0xFFFF, 0xFFFF, 0xFFFF, 0xFFFF, 0xFFFF,
  0xFFFF, 0xFFFF, 0xFFFF, 0xFFFF, 0xFFFF, 0xFFFF, 0xFFFF, 0xFFFF, 0xFFFF, 0xFFFF, 0xFFFF, 0xFFFF, 0xFFFF, 0xFFFF, 0xFFFF, 0xFFFF,
  0xFFFF, 0xFFFF, 0xFFFF, 0xFFFF, 0xFFFF, 0xFFFF, 0xFFFF, 0xFFFF, 0xFFFF, 0xFFFF, 0xFFFF, 0xFFFF, 0xFFFF, 0xFFFF, 0xFFFF, 0xFFFF,
  0xFFFF, 0xFFFF, 0xFFFF, 0xFFFF, 0xFFFF, 0xFFFF, 0xFFFF, 0xFFFF, 0xFFFF, 0xFFFF, 0xFFFF, 0xFFFF, 0xFFFF, 0xFFFF, 0xFFFF, 0xFFFF,
  0xFFFF, 0xFFFF, 0xFFFF, 0xFFFF, 0xFFFF, 0xFFFF, 0xFFFF, 0xFFFF, 0xFFFF, 0xFFFF, 0xFFFF, 0xFFFF, 0xFFFF, 0xFFFF, 0xFFFF, 0xFFFF,
  0xFFFF, 0xFFFF, 0xFFFF, 0xFFFF, 0xFFFF, 0xFFFF, 0xFFFF, 0xFFFF, 0xFFFF, 0xFFFF, 0xFFFF, 0xFFFF, 0xFFFF, 0xFFFF, 0xFFFF, 0xFFFF,
  0xFFFF, 0xFFFF, 0xFFFF, 0xFFFF, 0xFFFF, 0xFFFF, 0xFFFF, 0xFFFF, 0xFFFF, 0xFFFF, 0xFFFF, 0xFFFF, 0xFFFF, 0xFFFF, 0xFFFF, 0xFFFF,
  0xFFFF, 0xFFFF, 0xFFFF, 0xFFFF, 0xFFFF, 0xFFFF, 0xFFFF, 0xFFFF, 0xFFFF, 0xFFFF, 0xFFFF, 0xFFFF, 0xFFFF, 0xFFFF, 0xFFFF, 0xFFFF,
  0xFFFF, 0xFFFF, 0xFFFF, 0xFFFF, 0xFFFF, 0xFFFF, 0xFFFF, 0xFFFF, 0xFFFF, 0xFFFF, 0xFFFF, 0xFFFF, 0xFFFF, 0xFFFF, 0xFFFF, 0xFFFF,
  0xFFFF, 0xFFFF, 0xFFFF, 0xFFFF, 0xFFFF, 0xFFFF, 0xFFFF, 0xFFFF, 0xFFFF, 0xFFFF, 0xFFFF, 0xFFFF, 0xFFFF, 0xFFFF, 0xFFFF, 0xFFFF,
  0xFFFF, 0xFFFF, 0xFFFF, 0xFFFF, 0xFFFF, 0xFFFF, 0xFFFF, 0xFFFF, 0xFFFF, 0xFFFF, 0xFFFF, 0xFFFF, 0xFFFF, 0xFFFF, 0xFFFF, 0xFFFF,
  0xFFFF, 0xFFFF, 0xFFFF, 0xFFFF, 0xFFFF, 0xFFFF, 0xFFFF, 0xFFFF, 0xFFFF, 0xFFFF, 0xFFFF, 0xFFFF, 0xFFFF, 0xFFFF, 0xFFFF, 0xFFFF,
  0xFFFF, 0xFFFF, 0xFFFF, 0xFFFF, 0xFFFF, 0xFFFF, 0xFFFF, 0xFFFF, 0xFFFF, 0xFFFF, 0xFFFF, 0xFFFF, 0xFFFF, 0xFFFF, 0xFFFF, 0xFFFF,
  0xFFFF, 0xFFFF, 0xFFFF, 0xFFFF, 0xFFFF, 0xFFFF, 0xFFFF, 0xFFFF, 0xFFFF, 0xFFFF, 0xFFFF, 0xFFFF, 0xFFFF, 0xFFFF, 0xFFFF, 0xFFFF,
  0xFFFF, 0xFFFF, 0xFFFF, 0xFFFF, 0xFFFF, 0xFFFF, 0xFFFF, 0xFFFF, 0xFFFF, 0xFFFF, 0xFFFF, 0xFFFF, 0xFFFF, 0xFFFF, 0xFFFF, 0xFFFF,
  0xFFFF, 0xFFFF, 0xFFFF, 0xFFFF, 0xFFFF, 0xFFFF, 0xFFFF, 0xFFFF, 0xFFFF, 0xFFFF, 0xFFFF, 0xFFFF, 0xFFFF, 0xFFFF, 0xFFFF, 0xFFFF,
  0xFFFF, 0xFFFF, 0xFFFF, 0xFFFF, 0xFFFF, 0xFFFF, 0xFFFF, 0xFFFF, 0xFFFF, 0xFFFF, 0xFFFF, 0xFFFF, 0xFFFF, 0xFFFF, 0xFFFF, 0xFFFF,
  0xFFFF, 0xFFFF, 0xFFFF, 0xFFFF, 0xFFFF, 0xFFFF, 0xFFFF, 0xFFFF, 0xFFFF, 0xFFFF, 0xFFFF, 0xFFFF, 0xFFFF, 0xFFFF, 0xFFFF, 0xFFFF,
  0xFFFF, 0xFFFF, 0xFFFF, 0xFFFF, 0xFFFF, 0xFFFF, 0xFFFF, 0xFFFF, 0xFFFF, 0xFFFF, 0xFFFF, 0xFFFF, 0xFFFF, 0xFFFF, 0xFFFF, 0xFFFF,
  0xFFFF, 0xFFFF, 0xFFFF, 0xFFFF, 0xFFFF, 0xFFFF, 0xFFFF, 0xFFFF, 0xFFFF, 0xFFFF, 0xFFFF, 0xFFFF, 0xFFFF, 0xFFFF, 0xFFFF, 0xFFFF,
  0xFFFF, 0xFFFF, 0xFFFF, 0xFFFF, 0xFFFF, 0xFFFF, 0xFFFF, 0xFFFF, 0xFFFF, 0xFFFF, 0xFFFF, 0xFFFF, 0xFFFF, 0xFFFF, 0xFFFF, 0xFFFF,
  0xFFFF, 0xFFFF, 0xFFFF, 0xFFFF, 0xFFFF, 0xFFFF, 0xFFFF, 0xFFFF, 0xFFFF, 0xFFFF, 0xFFFF, 0xFFFF, 0xFFFF, 0xFFFF, 0xFFFF, 0xFFFF,
  0xFFFF, 0xFFFF, 0xFFFF, 0xFFFF, 0xFFFF, 0xFFFF, 0xFFFF, 0xFFFF, 0xFFFF, 0xFFFF, 0xFFFF, 0xFFFF, 0xFFFF, 0xFFFF, 0xFFFF, 0xFFFF,
  0xFFFF, 0xFFFF, 0xFFFF, 0xFFFF, 0xFFFF, 0xFFFF, 0xFFFF, 0xFFFF, 0xFFFF, 0xFFFF, 0xFFFF, 0xFFFF, 0xFFFF, 0xFFFF, 0xFFFF, 0xFFFF,
  0xFFFF, 0xFFFF, 0xFFFF, 0xFFFF, 0xFFFF, 0xFFFF, 0xFFFF, 0xFFFF, 0xFFFF, 0xFFFF, 0xFFFF, 0xFFFF, 0xFFFF, 0xFFFF, 0xFFFF, 0xFFFF,
  0xFFFF, 0xFFFF, 0xFFFF, 0xFFFF, 0xFFFF, 0xFFFF, 0xFFFF, 0xFFFF, 0xFFFF, 0xFFFF, 0xFFFF, 0xFFFF, 0xFFFF, 0xFFFF, 0xFFFF, 0xFFFF,
  0xFFFF, 0xFFFF, 0xFFFF, 0xFFFF, 0xFFFF, 0xFFFF, 0xFFFF, 0xFFFF, 0xFFFF, 0xFFFF, 0xFFFF, 0xFFFF, 0xFFFF, 0xFFFF, 0xFFFF, 0xFFFF,
  0xFFFF, 0xFFFF, 0xFFFF, 0xFFFF, 0xFFFF, 0xFFFF, 0xFFFF, 0xFFFF, 0xFFFF, 0xFFFF, 0xFFFF, 0xFFFF, 0xFFFF, 0xFFFF, 0xFFFF, 0xFFFF,
  0xFFFF, 0xFFFF, 0xFFFF, 0xFFFF, 0xFFFF, 0xFFFF, 0xFFFF, 0xFFFF, 0xFFFF, 0xFFFF, 0xFFFF, 0xFFFF, 0xFFFF, 0xFFFF, 0xFFFF, 0xFFFF,
  0xFFFF, 0xFFFF, 0xFFFF, 0xFFFF, 0xFFFF, 0xFFFF, 0xFFFF, 0xFFFF, 0xFFFF, 0xFFFF, 0xFFFF, 0xFFFF, 0xFFFF, 0xFFFF, 0xFFFF, 0xFFFF,
  0xFFFF, 0xFFFF, 0xFFFF, 0xFFFF, 0xFFFF, 0xFFFF, 0xFFFF, 0xFFFF, 0xFFFF, 0xFFFF, 0xFFFF, 0xFFFF, 0xFFFF, 0xFFFF, 0xFFFF, 0xFFFF,
  0xFFFF, 0xFFFF, 0xFFFF, 0xFFFF, 0xFFFF, 0xFFFF, 0xFFFF, 0xFFFF, 0xFFFF, 0xFFFF, 0xFFFF, 0xFFFF, 0xFFFF, 0xFFFF, 0xFFFF, 0xFFFF,
  0xFFFF, 0xFFFF, 0xFFFF, 0xFFFF, 0xFFFF, 0xFFFF, 0xFFFF, 0xFFFF, 0xFFFF, 0xFFFF, 0xFFFF, 0xFFFF, 0xFFFF, 0xFFFF, 0xFFFF, 0xFFFF,
  0xFFFF, 0xFFFF, 0xFFFF, 0xFFFF, 0xFFFF, 0xFFFF, 0xFFFF, 0xFFFF, 0xFFFF, 0xFFFF, 0xFFFF, 0xFFFF, 0xFFFF, 0xFFFF, 0xFFFF, 0xFFFF,
  0xFFFF, 0xFFFF, 0xFFFF, 0xFFFF, 0xFFFF, 0xFFFF, 0xFFFF, 0xFFFF, 0xFFFF, 0xFFFF, 0xFFFF, 0xFFFF, 0xFFFF, 0xFFFF, 0xFFFF, 0xFFFF,
  0xFFFF, 0xFFFF, 0xFFFF, 0xFFFF, 0xFFFF, 0xFFFF, 0xFFFF, 0xFFFF, 0xFFFF, 0xFFFF, 0xFFFF, 0xFFFF, 0xFFFF, 0xFFFF, 0xFFFF, 0xFFFF,
  0xFFFF, 0xFFFF, 0xFFFF, 0xFFFF, 0xFFFF, 0xFFFF, 0xFFFF, 0xFFFF, 0xFFFF, 0xFFFF, 0xFFFF, 0xFFFF, 0xFFFF, 0xFFFF, 0xFFFF, 0xFFFF,
  0xFFFF, 0xFFFF, 0xFFFF, 0xFFFF, 0xFFFF, 0xFFFF, 0xFFFF, 0xFFFF, 0xFFFF, 0xFFFF, 0xFFFF, 0xFFFF, 0xFFFF, 0xFFFF, 0xFFFF, 0xFFFF,
  0xFFFF, 0xFFFF, 0xFFFF, 0xFFFF, 0xFFFF, 0xFFFF, 0xFFFF, 0xFFFF, 0xFFFF, 0xFFFF, 0xFFFF, 0xFFFF, 0xFFFF, 0xFFFF, 0xFFFF, 0xFFFF,
  0xFFFF, 0xFFFF, 0xFFFF, 0xFFFF, 0xFFFF, 0xFFFF, 0xFFFF, 0xFFFF, 0xFFFF, 0xFFFF, 0xFFFF, 0xFFFF, 0xFFFF, 0xFFFF, 0xFFFF, 0xFFFF,
  0xFFFF, 0xFFFF, 0xFFFF, 0xFFFF, 0xFFFF, 0xFFFF, 0xFFFF, 0xFFFF, 0xFFFF, 0xFFFF, 0xFFFF, 0xFFFF, 0xFFFF, 0xFFFF, 0xFFFF, 0xFFFF,
  0xFFFF, 0xFFFF, 0xFFFF, 0xFFFF, 0xFFFF, 0xFFFF, 0xFFFF, 0xFFFF, 0xFFFF, 0xFFFF, 0xFFFF, 0xFFFF, 0xFFFF, 0xFFFF, 0xFFFF, 0xFFFF,
  0xFFFF, 0xFFFF, 0xFFFF, 0xFFFF, 0xFFFF, 0xFFFF, 0xFFFF, 0xFFFF, 0xFFFF, 0xFFFF, 0xFFFF, 0xFFFF, 0xFFFF, 0xFFFF, 0xFFFF, 0xFFFF,
  0xFFFF, 0xFFFF, 0xFFFF, 0xFFFF, 0xFFFF, 0xFFFF, 0xFFFF, 0xFFFF, 0xFFFF, 0xFFFF, 0xFFFF, 0xFFFF, 0xFFFF, 0xFFFF, 0xFFFF, 0xFFFF,
  0xFFFF, 0xFFFF, 0xFFFF, 0xFFFF, 0xFFFF, 0xFFFF, 0xFFFF, 0xFFFF, 0xFFFF, 0xFFFF, 0xFFFF, 0xFFFF, 0xFFFF, 0xFFFF, 0xFFFF, 0xFFFF,
  0xFFFF, 0xFFFF, 0xFFFF, 0xFFFF, 0xFFFF, 0xFFFF, 0xFFFF, 0xFFFF, 0xFFFF, 0xFFFF, 0xFFFF, 0xFFFF, 0xFFFF, 0xFFFF, 0xFFFF, 0xFFFF,
  0xFFFF, 0xFFFF, 0xFFFF, 0xFFFF, 0xFFFF, 0xFFFF, 0xFFFF, 0xFFFF, 0xFFFF, 0xFFFF, 0xFFFF, 0xFFFF, 0xFFFF, 0xFFFF, 0xFFFF, 0xFFFF,
  0xFFFF, 0xFFFF, 0xFFFF, 0xFFFF, 0xFFFF, 0xFFFF, 0xFFFF, 0xFFFF, 0xFFFF, 0xFFFF, 0xFFFF, 0xFFFF, 0xFFFF, 0xFFFF, 0xFFFF, 0xFFFF,
  0xFFFF, 0xFFFF, 0xFFFF, 0xFFFF, 0xFFFF, 0xFFFF, 0xFFFF, 0xFFFF, 0xFFFF, 0xFFFF, 0xFFFF, 0xFFFF, 0xFFFF, 0xFFFF, 0xFFFF, 0xFFFF,
  0xFFFF, 0xFFFF, 0xFFFF, 0xFFFF, 0xFFFF, 0xFFFF, 0xFFFF, 0xFFFF, 0xFFFF, 0xFFFF, 0xFFFF, 0xFFFF, 0xFFFF, 0xFFFF, 0xFFFF, 0xFFFF,
  0xFFFF, 0xFFFF, 0xFFFF, 0xFFFF, 0xFFFF, 0xFFFF, 0xFFFF, 0xFFFF, 0xFFFF, 0xFFFF, 0xFFFF, 0xFFFF, 0xFFFF, 0xFFFF, 0xFFFF, 0xFFFF,
  0xFFFF, 0xFFFF, 0xFFFF, 0xFFFF, 0xFFFF, 0xFFFF, 0xFFFF, 0xFFFF, 0xFFFF, 0xFFFF, 0xFFFF, 0xFFFF, 0xFFFF, 0xFFFF, 0xFFFF, 0xFFFF,
  0xFFFF, 0xFFFF, 0xFFFF, 0xFFFF, 0xFFFF, 0xFFFF, 0xFFFF, 0xFFFF, 0xFFFF, 0xFFFF, 0xFFFF, 0xFFFF, 0xFFFF, 0xFFFF, 0xFFFF, 0xFFFF,
  0xFFFF, 0xFFFF, 0xFFFF, 0xFFFF, 0xFFFF, 0xFFFF, 0xFFFF, 0xFFFF, 0xFFFF, 0xFFFF, 0xFFFF, 0xFFFF, 0xFFFF, 0xFFFF, 0xFFFF, 0xFFFF,
  0xFFFF, 0xFFFF, 0xFFFF, 0xFFFF, 0xFFFF, 0xFFFF, 0xFFFF, 0xFFFF, 0xFFFF, 0xFFFF, 0xFFFF, 0xFFFF, 0xFFFF, 0xFFFF, 0xFFFF, 0xFFFF,
  0xFFFF, 0xFFFF, 0xFFFF, 0xFFFF, 0xFFFF, 0xFFFF, 0xFFFF, 0xFFFF, 0xFFFF, 0xFFFF, 0xFFFF, 0xFFFF, 0xFFFF, 0xFFFF, 0xFFFF, 0xFFFF,
  0xFFFF, 0xFFFF, 0xFFFF, 0xFFFF, 0xFFFF, 0xFFFF, 0xFFFF, 0xFFFF, 0xFFFF, 0xFFFF, 0xFFFF, 0xFFFF, 0xFFFF, 0xFFFF, 0xFFFF, 0xFFFF,
  0xFFFF, 0xFFFF, 0xFFFF, 0xFFFF, 0xFFFF, 0xFFFF, 0xFFFF, 0xFFFF, 0xFFFF, 0xFFFF, 0xFFFF, 0xFFFF, 0xFFFF, 0xFFFF, 0xFFFF, 0xFFFF,
  0xFFFF, 0xFFFF, 0xFFFF, 0xFFFF, 0xFFFF, 0xFFFF, 0xFFFF, 0xFFFF, 0xFFFF, 0xFFFF, 0xFFFF, 0xFFFF, 0xFFFF, 0xFFFF, 0xFFFF, 0xFFFF,
  0xFFFF, 0xFFFF, 0xFFFF, 0xFFFF, 0xFFFF, 0xFFFF, 0xFFFF, 0xFFFF, 0xFFFF, 0xFFFF, 0xFFFF, 0xFFFF, 0xFFFF, 0xFFFF, 0xFFFF, 0xFFFF,
  0xFFFF, 0xFFFF, 0xFFFF, 0xFFFF, 0xFFFF, 0xFFFF, 0xFFFF, 0xFFFF, 0xFFFF, 0xFFFF, 0xFFFF, 0xFFFF, 0xFFFF, 0xFFFF, 0xFFFF, 0xFFFF,
  0xFFFF, 0xFFFF, 0xFFFF, 0xFFFF, 0xFFFF, 0xFFFF, 0xFFFF, 0xFFFF, 0xFFFF, 0xFFFF, 0xFFFF, 0xFFFF, 0xFFFF, 0xFFFF, 0xFFFF, 0xFFFF,
  0xFFFF, 0xFFFF, 0xFFFF, 0xFFFF, 0xFFFF, 0xFFFF, 0xFFFF, 0xFFFF, 0xFFFF, 0xFFFF, 0xFFFF, 0xFFFF, 0xFFFF, 0xFFFF, 0xFFFF, 0xFFFF,
  0xFFFF, 0xFFFF, 0xFFFF, 0xFFFF, 0xFFFF, 0xFFFF, 0xFFFF, 0xFFFF, 0xFFFF, 0xFFFF, 0xFFFF, 0xFFFF, 0xFFFF, 0xFFFF, 0xFFFF, 0xFFFF,
  0xFFFF, 0xFFFF, 0xFFFF, 0xFFFF, 0xFFFF, 0xFFFF, 0xFFFF, 0xFFFF, 0xFFFF, 0xFFFF, 0xFFFF, 0xFFFF, 0xFFFF, 0xFFFF, 0xFFFF, 0xFFFF,
  0xFFFF, 0xFFFF, 0xFFFF, 0xFFFF, 0xFFFF, 0xFFFF, 0xFFFF, 0xFFFF, 0xFFFF, 0xFFFF, 0xFFFF, 0xFFFF, 0xFFFF, 0xFFFF, 0xFFFF, 0xFFFF,
  0xFFFF, 0xFFFF, 0xFFFF, 0xFFFF, 0xFFFF, 0xFFFF, 0xFFFF, 0xFFFF, 0xFFFF, 0xFFFF, 0xFFFF, 0xFFFF, 0xFFFF, 0xFFFF, 0xFFFF, 0xFFFF,
  0xFFFF, 0xFFFF, 0xFFFF, 0xFFFF, 0xFFFF, 0xFFFF, 0xFFFF, 0xFFFF, 0xFFFF, 0xFFFF, 0xFFFF, 0xFFFF, 0xFFFF, 0xFFFF, 0xFFFF, 0xFFFF,
  0xFFFF, 0xFFFF, 0xFFFF, 0xFFFF, 0xFFFF, 0xFFFF, 0xFFFF, 0xFFFF, 0xFFFF, 0xFFFF, 0xFFFF, 0xFFFF, 0xFFFF, 0xFFFF, 0xFFFF, 0xFFFF,
  0xFFFF, 0xFFFF, 0xFFFF, 0xFFFF, 0xFFFF, 0xFFFF, 0xFFFF, 0xFFFF, 0xFFFF, 0xFFFF, 0xFFFF, 0xFFFF, 0xFFFF, 0xFFFF, 0xFFFF, 0xFFFF,
  0xFFFF, 0xFFFF, 0xFFFF, 0xFFFF, 0xFFFF, 0xFFFF, 0xFFFF, 0xFFFF, 0xFFFF, 0xFFFF, 0xFFFF, 0xFFFF, 0xFFFF, 0xFFFF, 0xFFFF, 0xFFFF,
  0xFFFF, 0xFFFF, 0xFFFF, 0xFFFF, 0xFFFF, 0xFFFF, 0xFFFF, 0xFFFF, 0xFFFF, 0xFFFF, 0xFFFF, 0xFFFF, 0xFFFF, 0xFFFF, 0xFFFF, 0xFFFF,
  0xFFFF, 0xFFFF, 0xFFFF, 0xFFFF, 0xFFFF, 0xFFFF, 0xFFFF, 0xFFFF, 0xFFFF, 0xFFFF, 0xFFFF, 0xFFFF, 0xFFFF, 0xFFFF, 0xFFFF, 0xFFFF,
  0xFFFF, 0xFFFF, 0xFFFF, 0xFFFF, 0xFFFF, 0xFFFF, 0xFFFF, 0xFFFF, 0xFFFF, 0xFFFF, 0xFFFF, 0xFFFF, 0xFFFF, 0xFFFF, 0xFFFF, 0xFFFF,
  0xFFFF, 0xFFFF, 0xFFFF, 0xFFFF, 0xFFFF, 0xFFFF, 0xFFFF, 0xFFFF, 0xFFFF, 0xFFFF, 0xFFFF, 0xFFFF, 0xFFFF, 0xFFFF, 0xFFFF, 0xFFFF,
  0xFFFF, 0xFFFF, 0xFFFF, 0xFFFF, 0xFFFF, 0xFFFF, 0xFFFF, 0xFFFF, 0xFFFF, 0xFFFF, 0xFFFF, 0xFFFF, 0xFFFF, 0xFFFF, 0xFFFF, 0xFFFF,
  0xFFFF, 0xFFFF, 0xFFFF, 0xFFFF, 0xFFFF, 0xFFFF, 0xFFFF, 0xFFFF, 0xFFFF, 0xFFFF, 0xFFFF, 0xFFFF, 0xFFFF, 0xFFFF, 0xFFFF, 0xFFFF,
  0xFFFF, 0xFFFF, 0xFFFF, 0xFFFF, 0xFFFF, 0xFFFF, 0xFFFF, 0xFFFF, 0xFFFF, 0xFFFF, 0xFFFF, 0xFFFF, 0xFFFF, 0xFFFF, 0xFFFF, 0xFFFF,
  0xFFFF, 0xFFFF, 0xFFFF, 0xFFFF, 0xFFFF, 0xFFFF, 0xFFFF, 0xFFFF, 0xFFFF, 0xFFFF, 0xFFFF, 0xFFFF, 0xFFFF, 0xFFFF, 0xFFFF, 0xFFFF,
  0xFFFF, 0xFFFF, 0xFFFF, 0xFFFF, 0xFFFF, 0xFFFF, 0xFFFF, 0xFFFF, 0xFFFF, 0xFFFF, 0xFFFF, 0xFFFF, 0xFFFF, 0xFFFF, 0xFFFF, 0xFFFF,
  0xFFFF, 0xFFFF, 0xFFFF, 0xFFFF, 0xFFFF, 0xFFFF, 0xFFFF, 0xFFFF, 0xFFFF, 0xFFFF, 0xFFFF, 0xFFFF, 0xFFFF, 0xFFFF, 0xFFFF, 0xFFFF,
  0xFFFF, 0xFFFF, 0xFFFF, 0xFFFF, 0xFFFF, 0xFFFF, 0xFFFF, 0xFFFF, 0xFFFF, 0xFFFF, 0xFFFF, 0xFFFF, 0xFFFF, 0xFFFF, 0xFFFF, 0xFFFF,
  0xFFFF, 0xFFFF, 0xFFFF, 0xFFFF, 0xFFFF, 0xFFFF, 0xFFFF, 0xFFFF, 0xFFFF, 0xFFFF, 0xFFFF, 0xFFFF, 0xFFFF, 0xFFFF, 0xFFFF, 0xFFFF,
  0xFFFF, 0xFFFF, 0xFFFF, 0xFFFF, 0xFFFF, 0xFFFF, 0xFFFF, 0xFFFF, 0xFFFF, 0xFFFF, 0xFFFF, 0xFFFF, 0xFFFF, 0xFFFF, 0xFFFF, 0xFFFF,
  0xFFFF, 0xFFFF, 0xFFFF, 0xFFFF, 0xFFFF, 0xFFFF, 0xFFFF, 0xFFFF, 0xFFFF, 0xFFFF, 0xFFFF, 0xFFFF, 0xFFFF, 0xFFFF, 0xFFFF, 0xFFFF,
  0xFFFF, 0xFFFF, 0xFFFF, 0xFFFF, 0xFFFF, 0xFFFF, 0xFFFF, 0xFFFF, 0xFFFF, 0xFFFF, 0xFFFF, 0xFFFF, 0xFFFF, 0xFFFF, 0xFFFF, 0xFFFF,
  0xFFFF, 0xFFFF, 0xFFFF, 0xFFFF, 0xFFFF, 0xFFFF, 0xFFFF, 0xFFFF, 0xFFFF, 0xFFFF, 0xFFFF, 0xFFFF, 0xFFFF, 0xFFFF, 0xFFFF, 0xFFFF,
  0xFFFF, 0xFFFF, 0xFFFF, 0xFFFF, 0xFFFF, 0xFFFF, 0xFFFF, 0xFFFF, 0xFFFF, 0xFFFF, 0xFFFF, 0xFFFF, 0xFFFF, 0xFFFF, 0xFFFF, 0xFFFF,
  0xFFFF, 0xFFFF, 0xFFFF, 0xFFFF, 0xFFFF, 0xFFFF, 0xFFFF, 0xFFFF, 0xFFFF, 0xFFFF, 0xFFFF, 0xFFFF, 0xFFFF, 0xFFFF, 0xFFFF, 0xFFFF,
  0xFFFF, 0xFFFF, 0xFFFF, 0xFFFF, 0xFFFF, 0xFFFF, 0xFFFF, 0xFFFF, 0xFFFF, 0xFFFF, 0xFFFF, 0xFFFF, 0xFFFF, 0xFFFF, 0xFFFF, 0xFFFF,
  0xFFFF, 0xFFFF, 0xFFFF, 0xFFFF, 0xFFFF, 0xFFFF, 0xFFFF, 0xFFFF, 0xFFFF, 0xFFFF, 0xFFFF, 0xFFFF, 0xFFFF, 0xFFFF, 0xFFFF, 0xFFFF,
  0xFFFF, 0xFFFF, 0xFFFF, 0xFFFF, 0xFFFF, 0xFFFF, 0xFFFF, 0xFFFF, 0xFFFF, 0xFFFF, 0xFFFF, 0xFFFF, 0xFFFF, 0xFFFF, 0xFFFF, 0xFFFF,
  0xFFFF, 0xFFFF, 0xFFFF, 0xFFFF, 0xFFFF, 0xFFFF, 0xFFFF, 0xFFFF, 0xFFFF, 0xFFFF, 0xFFFF, 0xFFFF, 0xFFFF, 0xFFFF, 0xFFFF, 0xFFFF,
  0xFFFF, 0xFFFF, 0xFFFF, 0xFFFF, 0xFFFF, 0xFFFF, 0xFFFF, 0xFFFF, 0xFFFF, 0xFFFF, 0xFFFF, 0xFFFF, 0xFFFF, 0xFFFF, 0xFFFF, 0xFFFF,
  0xFFFF, 0xFFFF, 0xFFFF, 0xFFFF, 0xFFFF, 0xFFFF, 0xFFFF, 0xFFFF, 0xFFFF, 0xFFFF, 0xFFFF, 0xFFFF, 0xFFFF, 0xFFFF, 0xFFFF, 0xFFFF,
  0xFFFF, 0xFFFF, 0xFFFF, 0xFFFF, 0xFFFF, 0xFFFF, 0xFFFF, 0xFFFF, 0xFFFF, 0xFFFF, 0xFFFF, 0xFFFF, 0xFFFF, 0xFFFF, 0xFFFF, 0xFFFF,
  0xFFFF, 0xFFFF, 0xFFFF, 0xFFFF, 0xFFFF, 0xFFFF, 0xFFFF, 0xFFFF, 0xFFFF, 0xFFFF, 0xFFFF, 0xFFFF, 0xFFFF, 0xFFFF, 0xFFFF, 0xFFFF,
  0xFFFF, 0xFFFF, 0xFFFF, 0xFFFF, 0xFFFF, 0xFFFF, 0xFFFF, 0xFFFF, 0xFFFF, 0xFFFF, 0xFFFF, 0xFFFF, 0xFFFF, 0xFFFF, 0xFFFF, 0xFFFF,
  0xFFFF, 0xFFFF, 0xFFFF, 0xFFFF, 0xFFFF, 0xFFFF, 0xFFFF, 0xFFFF, 0xFFFF, 0xFFFF, 0xFFFF, 0xFFFF, 0xFFFF, 0xFFFF, 0xFFFF, 0xFFFF,
  0xFFFF, 0xFFFF, 0xFFFF, 0xFFFF, 0xFFFF, 0xFFFF, 0xFFFF, 0xFFFF, 0xFFFF, 0xFFFF, 0xFFFF, 0xFFFF, 0xFFFF, 0xFFFF, 0xFFFF, 0xFFFF,
  0xFFFF, 0xFFFF, 0xFFFF, 0xFFFF, 0xFFFF, 0xFFFF, 0xFFFF, 0xFFFF, 0xFFFF, 0xFFFF, 0xFFFF, 0xFFFF, 0xFFFF, 0xFFFF, 0xFFFF, 0xFFFF,
  0xFFFF, 0xFFFF, 0xFFFF, 0xFFFF, 0xFFFF, 0xFFFF, 0xFFFF, 0xFFFF, 0xFFFF, 0xFFFF, 0xFFFF, 0xFFFF, 0xFFFF, 0xFFFF, 0xFFFF, 0xFFFF,
  0xFFFF, 0xFFFF, 0xFFFF, 0xFFFF, 0xFFFF, 0xFFFF, 0xFFFF, 0xFFFF, 0xFFFF, 0xFFFF, 0xFFFF, 0xFFFF, 0xFFFF, 0xFFFF, 0xFFFF, 0xFFFF,
  0xFFFF, 0xFFFF, 0xFFFF, 0xFFFF, 0xFFFF, 0xFFFF, 0xFFFF, 0xFFFF, 0xFFFF, 0xFFFF, 0xFFFF, 0xFFFF, 0xFFFF, 0xFFFF, 0xFFFF, 0xFFFF,
  0xFFFF, 0xFFFF, 0xFFFF, 0xFFFF, 0xFFFF, 0xFFFF, 0xFFFF, 0xFFFF, 0xFFFF, 0xFFFF, 0xFFFF, 0xFFFF, 0xFFFF, 0xFFFF, 0xFFFF, 0xFFFF,
  0xFFFF, 0xFFFF, 0xFFFF, 0xFFFF, 0xFFFF, 0xFFFF, 0xFFFF, 0xFFFF, 0xFFFF, 0xFFFF, 0xFFFF, 0xFFFF, 0xFFFF, 0xFFFF, 0xFFFF, 0xFFFF,
  0xFFFF, 0xFFFF, 0xFFFF, 0xFFFF, 0xFFFF, 0xFFFF, 0xFFFF, 0xFFFF, 0xFFFF, 0xFFFF, 0xFFFF, 0xFFFF, 0xFFFF, 0xFFFF, 0xFFFF, 0xFFFF,
  0xFFFF, 0xFFFF, 0xFFFF, 0xFFFF, 0xFFFF, 0xFFFF, 0xFFFF, 0xFFFF, 0xFFFF, 0xFFFF, 0xFFFF, 0xFFFF, 0xFFFF, 0xFFFF, 0xFFFF, 0xFFFF,
  0xFFFF, 0xFFFF, 0xFFFF, 0xFFFF, 0xFFFF, 0xFFFF, 0xFFFF, 0xFFFF, 0xFFFF, 0xFFFF, 0xFFFF, 0xFFFF, 0xFFFF, 0xFFFF, 0xFFFF, 0xFFFF,
  0xFFFF, 0xFFFF, 0xFFFF, 0xFFFF, 0xFFFF, 0xFFFF, 0xFFFF, 0xFFFF, 0xFFFF, 0xFFFF, 0xFFFF, 0xFFFF, 0xFFFF, 0xFFFF, 0xFFFF, 0xFFFF,
  0xFFFF, 0xFFFF, 0xFFFF, 0xFFFF, 0xFFFF, 0xFFFF, 0xFFFF, 0xFFFF, 0xFFFF, 0xFFFF, 0xFFFF, 0xFFFF, 0xFFFF, 0xFFFF, 0xFFFF, 0xFFFF,
  0xFFFF, 0xFFFF, 0xFFFF, 0xFFFF, 0xFFFF, 0xFFFF, 0xFFFF, 0xFFFF, 0xFFFF, 0xFFFF, 0xFFFF, 0xFFFF, 0xFFFF, 0xFFFF, 0xFFFF, 0xFFFF,
  0xFFFF, 0xFFFF, 0xFFFF, 0xFFFF, 0xFFFF, 0xFFFF, 0xFFFF, 0xFFFF, 0xFFFF, 0xFFFF, 0xFFFF, 0xFFFF, 0xFFFF, 0xFFFF, 0xFFFF, 0xFFFF,
  0xFFFF, 0xFFFF, 0xFFFF, 0xFFFF, 0xFFFF, 0xFFFF, 0xFFFF, 0xFFFF, 0xFFFF, 0xFFFF, 0xFFFF, 0xFFFF, 0xFFFF, 0xFFFF, 0xFFFF, 0xFFFF,
  0xFFFF, 0xFFFF, 0xFFFF, 0xFFFF, 0xFFFF, 0xFFFF, 0xFFFF, 0xFFFF, 0xFFFF, 0xFFFF, 0xFFFF, 0xFFFF, 0xFFFF, 0xFFFF, 0xFFFF, 0xFFFF,
  0xFFFF, 0xFFFF, 0xFFFF, 0xFFFF, 0xFFFF, 0xFFFF, 0xFFFF, 0xFFFF, 0xFFFF, 0xFFFF, 0xFFFF, 0xFFFF, 0xFFFF, 0xFFFF, 0xFFFF, 0xFFFF,
  0xFFFF, 0xFFFF, 0xFFFF, 0xFFFF, 0xFFFF, 0xFFFF, 0xFFFF, 0xFFFF, 0xFFFF, 0xFFFF, 0xFFFF, 0xFFFF, 0xFFFF, 0xFFFF, 0xFFFF, 0xFFFF,
  0xFFFF, 0xFFFF, 0xFFFF, 0xFFFF, 0xFFFF, 0xFFFF, 0xFFFF, 0xFFFF, 0xFFFF, 0xFFFF, 0xFFFF, 0xFFFF, 0xFFFF, 0xFFFF, 0xFFFF, 0xFFFF,
  0xFFFF, 0xFFFF, 0xFFFF, 0xFFFF, 0xFFFF, 0xFFFF, 0xFFFF, 0xFFFF, 0xFFFF, 0xFFFF, 0xFFFF, 0xFFFF, 0xFFFF, 0xFFFF, 0xFFFF, 0xFFFF,
  0xFFFF, 0xFFFF, 0xFFFF, 0xFFFF, 0xFFFF, 0xFFFF, 0xFFFF, 0xFFFF, 0xFFFF, 0xFFFF, 0xFFFF, 0xFFFF, 0xFFFF, 0xFFFF, 0xFFFF, 0xFFFF,
  0xFFFF, 0xFFFF, 0xFFFF, 0xFFFF, 0xFFFF, 0xFFFF, 0xFFFF, 0xFFFF, 0xFFFF, 0xFFFF, 0xFFFF, 0xFFFF, 0xFFFF, 0xFFFF, 0xFFFF, 0xFFFF,
  0xFFFF, 0xFFFF, 0xFFFF, 0xFFFF, 0xFFFF, 0xFFFF, 0xFFFF, 0xFFFF, 0xFFFF, 0xFFFF, 0xFFFF, 0xFFFF, 0xFFFF, 0xFFFF, 0xFFFF, 0xFFFF,
  0xFFFF, 0xFFFF, 0xFFFF, 0xFFFF, 0xFFFF, 0xFFFF, 0xFFFF, 0xFFFF, 0xFFFF, 0xFFFF, 0xFFFF, 0xFFFF, 0xFFFF, 0xFFFF, 0xFFFF, 0xFFFF,
  0xFFFF, 0xFFFF, 0xFFFF, 0xFFFF, 0xFFFF, 0xFFFF, 0xFFFF, 0xFFFF, 0xFFFF, 0xFFFF, 0xFFFF, 0xFFFF, 0xFFFF, 0xFFFF, 0xFFFF, 0xFFFF,
  0xFFFF, 0xFFFF, 0xFFFF, 0xFFFF, 0xFFFF, 0xFFFF, 0xFFFF, 0xFFFF, 0xFFFF, 0xFFFF, 0xFFFF, 0xFFFF, 0xFFFF, 0xFFFF, 0xFFFF, 0xFFFF,
  0xFFFF, 0xFFFF, 0xFFFF, 0xFFFF, 0xFFFF, 0xFFFF, 0xFFFF, 0xFFFF, 0xFFFF, 0xFFFF, 0xFFFF, 0xFFFF, 0xFFFF, 0xFFFF, 0xFFFF, 0xFFFF,
  0xFFFF, 0xFFFF, 0xFFFF, 0xFFFF, 0xFFFF, 0xFFFF, 0xFFFF, 0xFFFF, 0xFFFF, 0xFFFF, 0xFFFF, 0xFFFF, 0xFFFF, 0xFFFF, 0xFFFF, 0xFFFF,
  0xFFFF, 0xFFFF, 0xFFFF, 0xFFFF, 0xFFFF, 0xFFFF, 0xFFFF, 0xFFFF, 0xFFFF, 0xFFFF, 0xFFFF, 0xFFFF, 0xFFFF, 0xFFFF, 0xFFFF, 0xFFFF,
  0xFFFF, 0xFFFF, 0xFFFF, 0xFFFF, 0xFFFF, 0xFFFF, 0xFFFF, 0xFFFF, 0xFFFF, 0xFFFF, 0xFFFF, 0xFFFF, 0xFFFF, 0xFFFF, 0xFFFF, 0xFFFF,
  0xFFFF, 0xFFFF, 0xFFFF, 0xFFFF, 0xFFFF, 0xFFFF, 0xFFFF, 0xFFFF, 0xFFFF, 0xFFFF, 0xFFFF, 0xFFFF, 0xFFFF, 0xFFFF, 0xFFFF, 0xFFFF,
  0xFFFF, 0xFFFF, 0xFFFF, 0xFFFF, 0xFFFF, 0xFFFF, 0xFFFF, 0xFFFF, 0xFFFF, 0xFFFF, 0xFFFF, 0xFFFF, 0xFFFF, 0xFFFF, 0xFFFF, 0xFFFF,
  0xFFFF, 0xFFFF, 0xFFFF, 0xFFFF, 0xFFFF, 0xFFFF, 0xFFFF, 0xFFFF, 0xFFFF, 0xFFFF, 0xFFFF, 0xFFFF, 0xFFFF, 0xFFFF, 0xFFFF, 0xFFFF,
  0xFFFF, 0xFFFF, 0xFFFF, 0xFFFF, 0xFFFF, 0xFFFF, 0xFFFF, 0xFFFF, 0xFFFF, 0xFFFF, 0xFFFF, 0xFFFF, 0xFFFF, 0xFFFF, 0xFFFF, 0xFFFF,
  0xFFFF, 0xFFFF, 0xFFFF, 0xFFFF, 0xFFFF, 0xFFFF, 0xFFFF, 0xFFFF, 0xFFFF, 0xFFFF, 0xFFFF, 0xFFFF, 0xFFFF, 0xFFFF, 0xFFFF, 0xFFFF,
  0xFFFF, 0xFFFF, 0xFFFF, 0xFFFF, 0xFFFF, 0xFFFF, 0xFFFF, 0xFFFF, 0xFFFF, 0xFFFF, 0xFFFF, 0xFFFF, 0xFFFF, 0xFFFF, 0xFFFF, 0xFFFF,
  0xFFFF, 0xFFFF, 0xFFFF, 0xFFFF, 0xFFFF, 0xFFFF, 0xFFFF, 0xFFFF, 0xFFFF, 0xFFFF, 0xFFFF, 0xFFFF, 0xFFFF, 0xFFFF, 0xFFFF, 0xFFFF,
  0xFFFF, 0xFFFF, 0xFFFF, 0xFFFF, 0xFFFF, 0xFFFF, 0xFFFF, 0xFFFF, 0xFFFF, 0xFFFF, 0xFFFF, 0xFFFF, 0xFFFF, 0xFFFF, 0xFFFF, 0xFFFF,
  0xFFFF, 0xFFFF, 0xFFFF, 0xFFFF, 0xFFFF, 0xFFFF, 0xFFFF, 0xFFFF, 0xFFFF, 0xFFFF, 0xFFFF, 0xFFFF, 0xFFFF, 0xFFFF, 0xFFFF, 0xFFFF,
  0xFFFF, 0xFFFF, 0xFFFF, 0xFFFF, 0xFFFF, 0xFFFF, 0xFFFF, 0xFFFF, 0xFFFF, 0xFFFF, 0xFFFF, 0xFFFF, 0xFFFF, 0xFFFF, 0xFFFF, 0xFFFF,
  0xFFFF, 0xFFFF, 0xFFFF, 0xFFFF, 0xFFFF, 0xFFFF, 0xFFFF, 0xFFFF, 0xFFFF, 0xFFFF, 0xFFFF, 0xFFFF, 0xFFFF, 0xFFFF, 0xFFFF, 0xFFFF,
  0xFFFF, 0xFFFF, 0xFFFF, 0xFFFF, 0xFFFF, 0xFFFF, 0xFFFF, 0xFFFF, 0xFFFF, 0xFFFF, 0xFFFF, 0xFFFF, 0xFFFF, 0xFFFF, 0xFFFF, 0xFFFF,
  0xFFFF, 0xFFFF, 0xFFFF, 0xFFFF, 0xFFFF, 0xFFFF, 0xFFFF, 0xFFFF, 0xFFFF, 0xFFFF, 0xFFFF, 0xFFFF, 0xFFFF, 0xFFFF, 0xFFFF, 0xFFFF,
  0xFFFF, 0xFFFF, 0xFFFF, 0xFFFF, 0xFFFF, 0xFFFF, 0xFFFF, 0xFFFF, 0xFFFF, 0xFFFF, 0xFFFF, 0xFFFF, 0xFFFF, 0xFFFF, 0xFFFF, 0xFFFF,
  0xFFFF, 0xFFFF, 0xFFFF, 0xFFFF, 0xFFFF, 0xFFFF, 0xFFFF, 0xFFFF, 0xFFFF, 0xFFFF, 0xFFFF, 0xFFFF, 0xFFFF, 0xFFFF, 0xFFFF, 0xFFFF,
  0xFFFF, 0xFFFF, 0xFFFF, 0xFFFF, 0xFFFF, 0xFFFF, 0xFFFF, 0xFFFF, 0xFFFF, 0xFFFF, 0xFFFF, 0xFFFF, 0xFFFF, 0xFFFF, 0xFFFF, 0xFFFF,
  0xFFFF, 0xFFFF, 0xFFFF, 0xFFFF, 0xFFFF, 0xFFFF, 0xFFFF, 0xFFFF, 0xFFFF, 0xFFFF, 0xFFFF, 0xFFFF, 0xFFFF, 0xFFFF, 0xFFFF, 0xFFFF,
  0xFFFF, 0xFFFF, 0xFFFF, 0xFFFF, 0xFFFF, 0xFFFF, 0xFFFF, 0xFFFF, 0xFFFF, 0xFFFF, 0xFFFF, 0xFFFF, 0xFFFF, 0xFFFF, 0xFFFF, 0xFFFF,
  0xFFFF, 0xFFFF, 0xFFFF, 0xFFFF, 0xFFFF, 0xFFFF, 0xFFFF, 0xFFFF, 0xFFFF, 0xFFFF, 0xFFFF, 0xFFFF, 0xFFFF, 0xFFFF, 0xFFFF, 0xFFFF,
  0xFFFF, 0xFFFF, 0xFFFF, 0xFFFF, 0xFFFF, 0xFFFF, 0xFFFF, 0xFFFF, 0xFFFF, 0xFFFF, 0xFFFF, 0xFFFF, 0xFFFF, 0xFFFF, 0xFFFF, 0xFFFF,
  0xFFFF, 0xFFFF, 0xFFFF, 0xFFFF, 0xFFFF, 0xFFFF, 0xFFFF, 0xFFFF, 0xFFFF, 0xFFFF, 0xFFFF, 0xFFFF, 0xFFFF, 0xFFFF, 0xFFFF, 0xFFFF,
  0xFFFF, 0xFFFF, 0xFFFF, 0xFFFF, 0xFFFF, 0xFFFF, 0xFFFF, 0xFFFF, 0xFFFF, 0xFFFF, 0xFFFF, 0xFFFF, 0xFFFF, 0xFFFF, 0xFFFF, 0xFFFF,
  0xFFFF, 0xFFFF, 0xFFFF, 0xFFFF, 0xFFFF, 0xFFFF, 0xFFFF, 0xFFFF, 0xFFFF, 0xFFFF, 0xFFFF, 0xFFFF, 0xFFFF, 0xFFFF, 0xFFFF, 0xFFFF,
  0xFFFF, 0xFFFF, 0xFFFF, 0xFFFF, 0xFFFF, 0xFFFF, 0xFFFF, 0xFFFF, 0xFFFF, 0xFFFF, 0xFFFF, 0xFFFF, 0xFFFF, 0xFFFF, 0xFFFF, 0xFFFF,
  0xFFFF, 0xFFFF, 0xFFFF, 0xFFFF, 0xFFFF, 0xFFFF, 0xFFFF, 0xFFFF, 0xFFFF, 0xFFFF, 0xFFFF, 0xFFFF, 0xFFFF, 0xFFFF, 0xFFFF, 0xFFFF,
  0xFFFF, 0xFFFF, 0xFFFF, 0xFFFF, 0xFFFF, 0xFFFF, 0xFFFF, 0xFFFF, 0xFFFF, 0xFFFF, 0xFFFF, 0xFFFF, 0xFFFF, 0xFFFF, 0xFFFF, 0xFFFF,
  0xFFFF, 0xFFFF, 0xFFFF, 0xFFFF, 0xFFFF, 0xFFFF, 0xFFFF, 0xFFFF, 0xFFFF, 0xFFFF, 0xFFFF, 0xFFFF, 0xFFFF, 0xFFFF, 0xFFFF, 0xFFFF,
  0xFFFF, 0xFFFF, 0xFFFF, 0xFFFF, 0xFFFF, 0xFFFF, 0xFFFF, 0xFFFF, 0xFFFF, 0xFFFF, 0xFFFF, 0xFFFF, 0xFFFF, 0xFFFF, 0xFFFF, 0xFFFF,
  0xFFFF, 0xFFFF, 0xFFFF, 0xFFFF, 0xFFFF, 0xFFFF, 0xFFFF, 0xFFFF, 0xFFFF, 0xFFFF, 0xFFFF, 0xFFFF, 0xFFFF, 0xFFFF, 0xFFFF, 0xFFFF,
  0xFFFF, 0xFFFF, 0xFFFF, 0xFFFF, 0xFFFF, 0xFFFF, 0xFFFF, 0xFFFF, 0xFFFF, 0xFFFF, 0xFFFF, 0xFFFF, 0xFFFF, 0xFFFF, 0xFFFF, 0xFFFF,
  0xFFFF, 0xFFFF, 0xFFFF, 0xFFFF, 0xFFFF, 0xFFFF, 0xFFFF, 0xFFFF, 0xFFFF, 0xFFFF, 0xFFFF, 0xFFFF, 0xFFFF, 0xFFFF, 0xFFFF, 0xFFFF,
  0xFFFF, 0xFFFF, 0xFFFF, 0xFFFF, 0xFFFF, 0xFFFF, 0xFFFF, 0xFFFF, 0xFFFF, 0xFFFF, 0xFFFF, 0xFFFF, 0xFFFF, 0xFFFF, 0xFFFF, 0xFFFF,
  0xFFFF, 0xFFFF, 0xFFFF, 0xFFFF, 0xFFFF, 0xFFFF, 0xFFFF, 0xFFFF, 0xFFFF, 0xFFFF, 0xFFFF, 0xFFFF, 0xFFFF, 0xFFFF, 0xFFFF, 0xFFFF,
  0xFFFF, 0xFFFF, 0xFFFF, 0xFFFF, 0xFFFF, 0xFFFF, 0xFFFF, 0xFFFF, 0xFFFF, 0xFFFF, 0xFFFF, 0xFFFF, 0xFFFF, 0xFFFF, 0xFFFF, 0xFFFF,
  0xFFFF, 0xFFFF, 0xFFFF, 0xFFFF, 0xFFFF, 0xFFFF, 0xFFFF, 0xFFFF, 0xFFFF, 0xFFFF, 0xFFFF, 0xFFFF, 0xFFFF, 0xFFFF, 0xFFFF, 0xFFFF,
  0xFFFF, 0xFFFF, 0xFFFF, 0xFFFF, 0xFFFF, 0xFFFF, 0xFFFF, 0xFFFF, 0xFFFF, 0xFFFF, 0xFFFF, 0xFFFF, 0xFFFF, 0xFFFF, 0xFFFF, 0xFFFF,
  0xFFFF, 0xFFFF, 0xFFFF, 0xFFFF, 0xFFFF, 0xFFFF, 0xFFFF, 0xFFFF, 0xFFFF, 0xFFFF, 0xFFFF, 0xFFFF, 0xFFFF, 0xFFFF, 0xFFFF, 0xFFFF,
  0xFFFF, 0xFFFF, 0xFFFF, 0xFFFF, 0xFFFF, 0xFFFF, 0xFFFF, 0xFFFF, 0xFFFF, 0xFFFF, 0xFFFF, 0xFFFF, 0xFFFF, 0xFFFF, 0xFFFF, 0xFFFF,
  0xFFFF, 0xFFFF, 0xFFFF, 0xFFFF, 0xFFFF, 0xFFFF, 0xFFFF, 0xFFFF, 0xFFFF, 0xFFFF, 0xFFFF, 0xFFFF, 0xFFFF, 0xFFFF, 0xFFFF, 0xFFFF,
  0xFFFF, 0xFFFF, 0xFFFF, 0xFFFF, 0xFFFF, 0xFFFF, 0xFFFF, 0xFFFF, 0xFFFF, 0xFFFF, 0xFFFF, 0xFFFF, 0xFFFF, 0xFFFF, 0xFFFF, 0xFFFF,
  0xFFFF, 0xFFFF, 0xFFFF, 0xFFFF, 0xFFFF, 0xFFFF, 0xFFFF, 0xFFFF, 0xFFFF, 0xFFFF, 0xFFFF, 0xFFFF, 0xFFFF, 0xFFFF, 0xFFFF, 0xFFFF,
  0xFFFF, 0xFFFF, 0xFFFF, 0xFFFF, 0xFFFF, 0xFFFF, 0xFFFF, 0xFFFF, 0xFFFF, 0xFFFF, 0xFFFF, 0xFFFF, 0xFFFF, 0xFFFF, 0xFFFF, 0xFFFF,
  0xFFFF, 0xFFFF, 0xFFFF, 0xFFFF, 0xFFFF, 0xFFFF, 0xFFFF, 0xFFFF, 0xFFFF, 0xFFFF, 0xFFFF, 0xFFFF, 0xFFFF, 0xFFFF, 0xFFFF, 0xFFFF,
  0xFFFF, 0xFFFF, 0xFFFF, 0xFFFF, 0xFFFF, 0xFFFF, 0xFFFF, 0xFFFF, 0xFFFF, 0xFFFF, 0xFFFF, 0xFFFF, 0xFFFF, 0xFFFF, 0xFFFF, 0xFFFF,
  0xFFFF, 0xFFFF, 0xFFFF, 0xFFFF, 0xFFFF, 0xFFFF, 0xFFFF, 0xFFFF, 0xFFFF, 0xFFFF, 0xFFFF, 0xFFFF, 0xFFFF, 0xFFFF, 0xFFFF, 0xFFFF,
  0xFFFF, 0xFFFF, 0xFFFF, 0xFFFF, 0xFFFF, 0xFFFF, 0xFFFF, 0xFFFF, 0xFFFF, 0xFFFF, 0xFFFF, 0xFFFF, 0xFFFF, 0xFFFF, 0xFFFF, 0xFFFF,
  0xFFFF, 0xFFFF, 0xFFFF, 0xFFFF, 0xFFFF, 0xFFFF, 0xFFFF, 0xFFFF, 0xFFFF, 0xFFFF, 0xFFFF, 0xFFFF, 0xFFFF, 0xFFFF, 0xFFFF, 0xFFFF,
  0xFFFF, 0xFFFF, 0xFFFF, 0xFFFF, 0xFFFF, 0xFFFF, 0xFFFF, 0xFFFF, 0xFFFF, 0xFFFF, 0xFFFF, 0xFFFF, 0xFFFF, 0xFFFF, 0xFFFF, 0xFFFF,
  0xFFFF, 0xFFFF, 0xFFFF, 0xFFFF, 0xFFFF, 0xFFFF, 0xFFFF, 0xFFFF, 0xFFFF, 0xFFFF, 0xFFFF, 0xFFFF, 0xFFFF, 0xFFFF, 0xFFFF, 0xFFFF,
  0xFFFF, 0xFFFF, 0xFFFF, 0xFFFF, 0xFFFF, 0xFFFF, 0xFFFF, 0xFFFF, 0xFFFF, 0xFFFF, 0xFFFF, 0xFFFF, 0xFFFF, 0xFFFF, 0xFFFF, 0xFFFF,
  0xFFFF, 0xFFFF, 0xFFFF, 0xFFFF, 0xFFFF, 0xFFFF, 0xFFFF, 0xFFFF, 0xFFFF, 0xFFFF, 0xFFFF, 0xFFFF, 0xFFFF, 0xFFFF, 0xFFFF, 0xFFFF,
  0xFFFF, 0xFFFF, 0xFFFF, 0xFFFF, 0xFFFF, 0xFFFF, 0xFFFF, 0xFFFF, 0xFFFF, 0xFFFF, 0xFFFF, 0xFFFF, 0xFFFF, 0xFFFF, 0xFFFF, 0xFFFF,
  0xFFFF, 0xFFFF, 0xFFFF, 0xFFFF, 0xFFFF, 0xFFFF, 0xFFFF, 0xFFFF, 0xFFFF, 0xFFFF, 0xFFFF, 0xFFFF, 0xFFFF, 0xFFFF, 0xFFFF, 0xFFFF,
  0xFFFF, 0xFFFF, 0xFFFF, 0xFFFF, 0xFFFF, 0xFFFF, 0xFFFF, 0xFFFF, 0xFFFF, 0xFFFF, 0xFFFF, 0xFFFF, 0xFFFF, 0xFFFF, 0xFFFF, 0xFFFF,
  0xFFFF, 0xFFFF, 0xFFFF, 0xFFFF, 0xFFFF, 0xFFFF, 0xFFFF, 0xFFFF, 0xFFFF, 0xFFFF, 0xFFFF, 0xFFFF, 0xFFFF, 0xFFFF, 0xFFFF, 0xFFFF,
  0xFFFF, 0xFFFF, 0xFFFF, 0xFFFF, 0xFFFF, 0xFFFF, 0xFFFF, 0xFFFF, 0xFFFF, 0xFFFF, 0xFFFF, 0xFFFF, 0xFFFF, 0xFFFF, 0xFFFF, 0xFFFF,
  0xFFFF, 0xFFFF, 0xFFFF, 0xFFFF, 0xFFFF, 0xFFFF, 0xFFFF, 0xFFFF, 0xFFFF, 0xFFFF, 0xFFFF, 0xFFFF, 0xFFFF, 0xFFFF, 0xFFFF, 0xFFFF,
  0xFFFF, 0xFFFF, 0xFFFF, 0xFFFF, 0xFFFF, 0xFFFF, 0xFFFF, 0xFFFF, 0xFFFF, 0xFFFF, 0xFFFF, 0xFFFF, 0xFFFF, 0xFFFF, 0xFFFF, 0xFFFF,
  0xFFFF, 0xFFFF, 0xFFFF, 0xFFFF, 0xFFFF, 0xFFFF, 0xFFFF, 0xFFFF, 0xFFFF, 0xFFFF, 0xFFFF, 0xFFFF, 0xFFFF, 0xFFFF, 0xFFFF, 0xFFFF,
  0xFFFF, 0xFFFF, 0xFFFF, 0xFFFF, 0xFFFF, 0xFFFF, 0xFFFF, 0xFFFF, 0xFFFF, 0xFFFF, 0xFFFF, 0xFFFF, 0xFFFF, 0xFFFF, 0xFFFF, 0xFFFF,
  0xFFFF, 0xFFFF, 0xFFFF, 0xFFFF, 0xFFFF, 0xFFFF, 0xFFFF, 0xFFFF, 0xFFFF, 0xFFFF, 0xFFFF, 0xFFFF, 0xFF9E, 0xFF9D, 0xFF9D, 0xFFBD,
  0xFFDF, 0xFFFF, 0xFFFF, 0xFFFF, 0xFFFF, 0xFFFF, 0xFFFF, 0xFFFF, 0xFFFF, 0xFFFF, 0xFFFF, 0xFFFF, 0xFFFF, 0xFFFF, 0xFFFF, 0xFFFF,
  0xFFFF, 0xFFFF, 0xFFFF, 0xFFFF, 0xFFFF, 0xFFFF, 0xFFFF, 0xFFFF, 0xFFFF, 0xFFFF, 0xFFFF, 0xFFFF, 0xFFFF, 0xFFFF, 0xFFFF, 0xFFFF,
  0xFFFF, 0xFFFF, 0xFFFF, 0xFFFF, 0xFFFF, 0xFFFF, 0xFFFF, 0xFFFF, 0xFFFF, 0xFFFF, 0xFFFF, 0xFFFF, 0xFFFF, 0xFFFF, 0xFFFF, 0xFFFF,
  0xFFFF, 0xFFFF, 0xFFFF, 0xFFFF, 0xFFFF, 0xFFFF, 0xFFFF, 0xFFFF, 0xFFFF, 0xFFFF, 0xFFFF, 0xFFFF, 0xFFFF, 0xFFFF, 0xFFFF, 0xFFFF,
  0xFFFF, 0xFFFF, 0xFFFF, 0xFFFF, 0xFFFF, 0xFFFF, 0xFFFF, 0xFFFF, 0xFFFF, 0xFFFF, 0xFFFF, 0xFFFF, 0xFFFF, 0xFFFF, 0xFFFF, 0xFFFF,
  0xFFFF, 0xFFFF, 0xFFFF, 0xFFFF, 0xFFFF, 0xFFFF, 0xFFFF, 0xFFFF, 0xFFFF, 0xFFFF, 0xFFFF, 0xFFFF, 0xFFFF, 0xFFFF, 0xFFFF, 0xFFFF,
  0xFFFF, 0xFFFF, 0xFFFF, 0xFFFF, 0xFFFF, 0xFFFF, 0xFFFF, 0xFFFF, 0xFFFF, 0xFFFF, 0xFFFF, 0xFFFF, 0xFFFF, 0xFFFF, 0xFFFF, 0xFFFF,
  0xFFFF, 0xFFFF, 0xFFFF, 0xFFFF, 0xFFFF, 0xFFFF, 0xFFFF, 0xFFFF, 0xFFFF, 0xFFFF, 0xFFFF, 0xFFFF, 0xFFFF, 0xFFFF, 0xFFFF, 0xFFFF,
  0xFFFF, 0xFFFF, 0xFFFF, 0xFFFF, 0xFFFF, 0xFFFF, 0xFFFF, 0xFFFF, 0xFFFF, 0xFFFF, 0xFFFF, 0xFFFF, 0xFFFF, 0xFFFF, 0xFFFF, 0xFFFF,
  0xFFFF, 0xFFFF, 0xFFFF, 0xFFFF, 0xFFFF, 0xFFFF, 0xFFFF, 0xFFFF, 0xFFFF, 0xFFFF, 0xFFFF, 0xFFFF, 0xFFFF, 0xFFFF, 0xFFFF, 0xFFFF,
  0xFFFF, 0xFFFF, 0xFFFF, 0xFFFF, 0xFFFF, 0xFFFF, 0xFFFF, 0xFFFF, 0xFFFF, 0xFFFF, 0xFFFF, 0xFFFF, 0xFFFF, 0xFFFF, 0xFFFF, 0xFFFF,
  0xFFFF, 0xFFFF, 0xFFFF, 0xFFFF, 0xFFFF, 0xFFFF, 0xFFFF, 0xFFFF, 0xFFFF, 0xFFFF, 0xFFFF, 0xFFFF, 0xFFFF, 0xFFFF, 0xFFFF, 0xFFFF,
  0xFFFF, 0xFFFF, 0xFFFF, 0xFFFF, 0xFFFF, 0xFFFF, 0xFFFF, 0xFFFF, 0xFFFF, 0xFFFF, 0xFFFF, 0xFFFF, 0xFFFF, 0xFFFF, 0xFFFF, 0xFFFF,
  0xFFFF, 0xFFFF, 0xFFFF, 0xFFFF, 0xFFFF, 0xFFFF, 0xFFFF, 0xFFFF, 0xFFFF, 0xFFFF, 0xFFFF, 0xFFFF, 0xFFFF, 0xFFFF, 0xFFFF, 0xFFFF,
  0xFFFF, 0xFFFF, 0xFFFF, 0xFFFF, 0xFFFF, 0xFFFF, 0xFFFF, 0xFFFF, 0xFFFF, 0xFFFF, 0xFFFF, 0xF73D, 0xFF1B, 0xFF1A, 0xFF3A, 0xFF5A,
  0xFF7B, 0xFFBE, 0xFFFF, 0xFFFF, 0xFFFF, 0xFFFF, 0xFFFF, 0xFFFF, 0xFFFF, 0xFFFF, 0xFFFF, 0xFFFF, 0xFFFF, 0xFFFF, 0xFFFF, 0xFFFF,
  0xFFFF, 0xFFFF, 0xFFFF, 0xFFFF, 0xFFFF, 0xFFFF, 0xFFFF, 0xFFFF, 0xFFFF, 0xFFFF, 0xFFFF, 0xFFFF, 0xFFFF, 0xFFFF, 0xFFFF, 0xFFFF,
  0xFFFF, 0xFFFF, 0xFFFF, 0xFFFF, 0xFFFF, 0xFFFF, 0xFFFF, 0xFFFF, 0xFFFF, 0xFFFF, 0xFFFF, 0xFFFF, 0xFFFF, 0xFFFF, 0xFFFF, 0xFFFF,
  0xFFFF, 0xFFFF, 0xFFFF, 0xFFFF, 0xFFFF, 0xFFFF, 0xFFFF, 0xFFFF, 0xFFFF, 0xFFFF, 0xFFFF, 0xFFFF, 0xFFFF, 0xFFFF, 0xFFFF, 0xFFFF,
  0xFFFF, 0xFFFF, 0xFFFF, 0xFFFF, 0xFFFF, 0xFFFF, 0xFFFF, 0xFFFF, 0xFFFF, 0xFFFF, 0xFFFF, 0xFFFF, 0xFFFF, 0xFFFF, 0xFFFF, 0xFFFF,
  0xFFFF, 0xFFFF, 0xFFFF, 0xFFFF, 0xFFFF, 0xFFFF, 0xFFFF, 0xFFFF, 0xFFFF, 0xFFFF, 0xFFFF, 0xFFFF, 0xFFFF, 0xFFFF, 0xFFFF, 0xFFFF,
  0xFFFF, 0xFFFF, 0xFFFF, 0xFFFF, 0xFFFF, 0xFFFF, 0xFFFF, 0xFFFF, 0xFFFF, 0xFFFF, 0xFFFF, 0xFFFF, 0xFFFF, 0xFFFF, 0xFFFF, 0xFFFF,
  0xFFFF, 0xFFFF, 0xFFFF, 0xFFFF, 0xFFFF, 0xFFFF, 0xFFFF, 0xFFFF, 0xFFFF, 0xFFFF, 0xFFFF, 0xFFFF, 0xFFFF, 0xFFFF, 0xFFFF, 0xFFFF,
  0xFFFF, 0xFFFF, 0xFFFF, 0xFFFF, 0xFFFF, 0xFFFF, 0xFFFF, 0xFFFF, 0xFFFF, 0xFFFF, 0xFFFF, 0xFFFF, 0xFFFF, 0xFFFF, 0xFFFF, 0xFFFF,
  0xFFFF, 0xFFFF, 0xFFFF, 0xFFFF, 0xFFFF, 0xFFFF, 0xFFFF, 0xFFFF, 0xFFFF, 0xFFFF, 0xFFFF, 0xFFFF, 0xFFFF, 0xFFFF, 0xFFFF, 0xFFFF,
  0xFFFF, 0xFFFF, 0xFFFF, 0xFFFF, 0xFFFF, 0xFFFF, 0xFFFF, 0xFFFF, 0xFFFF, 0xFFFF, 0xFFFF, 0xFFFF, 0xFFFF, 0xFFFF, 0xFFFF, 0xFFFF,
  0xFFFF, 0xFFFF, 0xFFFF, 0xFFFF, 0xFFFF, 0xFFFF, 0xFFFF, 0xFFFF, 0xFFFF, 0xFFFF, 0xFFFF, 0xFFFF, 0xFFFF, 0xFFFF, 0xFFFF, 0xFFFF,
  0xFFFF, 0xFFFF, 0xFFFF, 0xFFFF, 0xFFFF, 0xFFFF, 0xFFFF, 0xFFFF, 0xFFFF, 0xFFFF, 0xFFFF, 0xFFFF, 0xFFFF, 0xFFFF, 0xFFFF, 0xFFFF,
  0xFFFF, 0xFFFF, 0xFFFF, 0xFFFF, 0xFFFF, 0xFFFF, 0xFFFF, 0xFFFF, 0xFFFF, 0xFFFF, 0xFFFF, 0xFFFF, 0xFFFF, 0xFFFF, 0xFFFF, 0xFFFF,
  0xFFFF, 0xFFFF, 0xFFFF, 0xFFFF, 0xFFFF, 0xFFFF, 0xFFFF, 0xFFFF, 0xFFFF, 0xFFFF, 0xF77E, 0xEE9A, 0xFEDA, 0xFF1A, 0xFF3A, 0xFF3A,
  0xFF3A, 0xFF5A, 0xFF9C, 0xFFDE, 0xFFFF, 0xFFFF, 0xFFFF, 0xFFFF, 0xFFFF, 0xFFFF, 0xFFFF, 0xFFFF, 0xFFFF, 0xFFFF, 0xFFFF, 0xFFFF,
  0xFFFF, 0xFFFF, 0xFFFF, 0xFFFF, 0xFFFF, 0xFFFF, 0xFFFF, 0xFFFF, 0xFFFF, 0xFFFF, 0xFFFF, 0xFFFF, 0xFFFF, 0xFFFF, 0xFFFF, 0xFFFF,
  0xFFFF, 0xFFFF, 0xFFFF, 0xFFFF, 0xFFFF, 0xFFFF, 0xFFFF, 0xFFFF, 0xFFFF, 0xFFFF, 0xFFFF, 0xFFFF, 0xFFFF, 0xFFFF, 0xFFFF, 0xFFFF,
  0xFFFF, 0xFFFF, 0xFFFF, 0xFFFF, 0xFFFF, 0xFFFF, 0xFFFF, 0xFFFF, 0xFFFF, 0xFFFF, 0xFFFF, 0xFFFF, 0xFFFF, 0xFFFF, 0xFFFF, 0xFFFF,
  0xFFFF, 0xFFFF, 0xFFFF, 0xFFFF, 0xFFFF, 0xFFFF, 0xFFFF, 0xFFFF, 0xFFFF, 0xFFFF, 0xFFFF, 0xFFFF, 0xFFFF, 0xFFFF, 0xFFFF, 0xFFFF,
  0xFFFF, 0xFFFF, 0xFFFF, 0xFFFF, 0xFFFF, 0xFFFF, 0xFFFF, 0xFFFF, 0xFFFF, 0xFFFF, 0xFFFF, 0xFFFF, 0xFFFF, 0xFFFF, 0xFFFF, 0xFFFF,
  0xFFFF, 0xFFFF, 0xFFFF, 0xFFFF, 0xFFFF, 0xFFFF, 0xFFFF, 0xFFFF, 0xFFFF, 0xFFFF, 0xFFFF, 0xFFFF, 0xFFFF, 0xFFFF, 0xFFFF, 0xFFFF,
  0xFFFF, 0xFFFF, 0xFFFF, 0xFFFF, 0xFFFF, 0xFFFF, 0xFFFF, 0xFFFF, 0xFFFF, 0xFFFF, 0xFFFF, 0xFFFF, 0xFFFF, 0xFFFF, 0xFFFF, 0xFFFF,
  0xFFFF, 0xFFFF, 0xFFFF, 0xFFFF, 0xFFFF, 0xFFFF, 0xFFFF, 0xFFFF, 0xFFFF, 0xFFFF, 0xFFFF, 0xFFFF, 0xFFFF, 0xFFFF, 0xFFFF, 0xFFFF,
  0xFFFF, 0xFFFF, 0xFFFF, 0xFFFF, 0xFFFF, 0xFFFF, 0xFFFF, 0xFFFF, 0xFFFF, 0xFFFF, 0xFFFF, 0xFFFF, 0xFFFF, 0xFFFF, 0xFFFF, 0xFFFF,
  0xFFFF, 0xFFFF, 0xFFFF, 0xFFFF, 0xFFFF, 0xFFFF, 0xFFFF, 0xFFFF, 0xFFFF, 0xFFFF, 0xFFFF, 0xFFFF, 0xFFFF, 0xFFFF, 0xFFFF, 0xFFFF,
  0xFFFF, 0xFFFF, 0xFFFF, 0xFFFF, 0xFFFF, 0xFFFF, 0xFFFF, 0xFFFF, 0xFFFF, 0xFFFF, 0xFFFF, 0xFFFF, 0xFFFF, 0xFFFF, 0xFFFF, 0xFFFF,
  0xFFFF, 0xFFFF, 0xFFFF, 0xFFFF, 0xFFFF, 0xFFFF, 0xFFFF, 0xFFFF, 0xFFFF, 0xFFFF, 0xFFFF, 0xFFFF, 0xFFFF, 0xFFFF, 0xFFFF, 0xFFFF,
  0xFFFF, 0xFFFF, 0xFFFF, 0xFFFF, 0xFFFF, 0xFFFF, 0xFFFF, 0xFFFF, 0xFFFF, 0xFFFF, 0xFFFF, 0xFFFF, 0xFFFF, 0xFFFF, 0xFFFF, 0xFFFF,
  0xFFFF, 0xFFFF, 0xFFFF, 0xFFFF, 0xFFFF, 0xFFFF, 0xFFFF, 0xFFFF, 0xFFFF, 0xFFFF, 0xEEDC, 0xE659, 0xF699, 0xFF1A, 0xFF3A, 0xFF5A,
  0xFF5A, 0xFF3A, 0xFF3A, 0xFF5B, 0xFFBD, 0xFFFF, 0xFFFF, 0xFFFF, 0xFFFF, 0xFFFF, 0xFFFF, 0xFFFF, 0xFFFF, 0xFFFF, 0xFFFF, 0xFFFF,
  0xFFFF, 0xFFFF, 0xFFFF, 0xFFFF, 0xFFFF, 0xFFFF, 0xFFFF, 0xFFFF, 0xFFFF, 0xFFFF, 0xFFFF, 0xFFFF, 0xFFFF, 0xFFFF, 0xFFFF, 0xFFFF,
  0xFFFF, 0xFFFF, 0xFFFF, 0xFFFF, 0xFFFF, 0xFFFF, 0xFFFF, 0xFFFF, 0xFFFF, 0xFFFF, 0xFFFF, 0xFFFF, 0xFFFF, 0xFFFF, 0xFFFF, 0xFFFF,
  0xFFFF, 0xFFFF, 0xFFFF, 0xFFFF, 0xFFFF, 0xFFFF, 0xFFFF, 0xFFFF, 0xFFFF, 0xFFFF, 0xFFFF, 0xFFFF, 0xFFFF, 0xFFFF, 0xFFFF, 0xFFFF,
  0xFFFF, 0xFFFF, 0xFFFF, 0xFFFF, 0xFFFF, 0xFFFF, 0xFFFF, 0xFFFF, 0xFFFF, 0xFFFF, 0xFFFF, 0xFFFF, 0xFFFF, 0xFFFF, 0xFFFF, 0xFFFF,
  0xFFFF, 0xFFFF, 0xFFFF, 0xFFFF, 0xFFFF, 0xFFFF, 0xFFFF, 0xFFFF, 0xFFFF, 0xFFFF, 0xFFFF, 0xFFFF, 0xFFFF, 0xFFFF, 0xFFFF, 0xFFFF,
  0xFFFF, 0xFFFF, 0xFFFF, 0xFFFF, 0xFFFF, 0xFFFF, 0xFFFF, 0xFFFF, 0xFFFF, 0xFFFF, 0xFFFF, 0xFFFF, 0xFFFF, 0xFFFF, 0xFFFF, 0xFFFF,
  0xFFFF, 0xFFFF, 0xFFFF, 0xFFFF, 0xFFFF, 0xFFFF, 0xFFFF, 0xFFFF, 0xFFFF, 0xFFFF, 0xFFFF, 0xFFFF, 0xFFFF, 0xFFFF, 0xFFFF, 0xFFFF,
  0xFFFF, 0xFFFF, 0xFFFF, 0xFFFF, 0xFFFF, 0xFFFF, 0xFFFF, 0xFFFF, 0xFFFF, 0xFFFF, 0xFFFF, 0xFFFF, 0xFFFF, 0xFFFF, 0xFFFF, 0xFFFF,
  0xFFFF, 0xFFFF, 0xFFFF, 0xFFFF, 0xFFFF, 0xFFFF, 0xFFFF, 0xFFFF, 0xFFFF, 0xFFFF, 0xFFFF, 0xFFFF, 0xFFFF, 0xFFFF, 0xFFFF, 0xFFFF,
  0xFFFF, 0xFFFF, 0xFFFF, 0xFFFF, 0xFFFF, 0xFFFF, 0xFFFF, 0xFFFF, 0xFFFF, 0xFFFF, 0xFFFF, 0xFFFF, 0xFFFF, 0xFFFF, 0xFFFF, 0xFFFF,
  0xFFFF, 0xFFFF, 0xFFFF, 0xFFFF, 0xFFFF, 0xFFFF, 0xFFFF, 0xFFFF, 0xFFFF, 0xFFFF, 0xFFFF, 0xFFFF, 0xFFFF, 0xFFFF, 0xFFFF, 0xFFFF,
  0xFFFF, 0xFFFF, 0xFFFF, 0xFFFF, 0xFFFF, 0xFFFF, 0xFFFF, 0xFFFF, 0xFFFF, 0xFFFF, 0xFFFF, 0xFFFF, 0xFFFF, 0xFFFF, 0xFFFF, 0xFFFF,
  0xFFFF, 0xFFFF, 0xFFFF, 0xFFFF, 0xFFFF, 0xFFFF, 0xFFFF, 0xFFFF, 0xFFFF, 0xFFFF, 0xFFFF, 0xFFFF, 0xFFFF, 0xFFFF, 0xFFFF, 0xFFFF,
  0xFFFF, 0xFFFF, 0xFFFF, 0xFFFF, 0xFFFF, 0xFFFF, 0xFFFF, 0xFFFF, 0xFFFF, 0xFFDF, 0xEE7A, 0xE617, 0xE638, 0xF6D9, 0xFF5B, 0xFF5B,
  0xFF7B, 0xFF5B, 0xFF3A, 0xFF19, 0xFF5A, 0xFFDE, 0xFFFF, 0xFFFF, 0xFFFF, 0xFFFF, 0xFFFF, 0xFFFF, 0xFFFF, 0xFFFF, 0xFFFF, 0xFFFF,
  0xFFFF, 0xFFFF, 0xFFFF, 0xFFFF, 0xFFFF, 0xFFFF, 0xFFFF, 0xFFFF, 0xFFFF, 0xFFFF, 0xFFFF, 0xFFFF, 0xFFFF, 0xFFFF, 0xFFFF, 0xFFFF,
  0xFFFF, 0xFFFF, 0xFFFF, 0xFFFF, 0xFFFF, 0xFFFF, 0xFFFF, 0xFFFF, 0xFFFF, 0xFFFF, 0xFFFF, 0xFFFF, 0xFFFF, 0xFFFF, 0xFFFF, 0xFFFF,
  0xFFFF, 0xFFFF, 0xFFFF, 0xFFFF, 0xFFFF, 0xFFFF, 0xFFFF, 0xFFFF, 0xFFFF, 0xFFFF, 0xFFFF, 0xFFFF, 0xFFFF, 0xFFFF, 0xFFFF, 0xFFFF,
  0xFFFF, 0xFFFF, 0xFFFF, 0xFFFF, 0xFFFF, 0xFFFF, 0xFFFF, 0xFFFF, 0xFFFF, 0xFFFF, 0xFFFF, 0xFFFF, 0xFFFF, 0xFFFF, 0xFFFF, 0xFFFF,
  0xFFFF, 0xFFFF, 0xFFFF, 0xFFFF, 0xFFFF, 0xFFFF, 0xFFFF, 0xFFFF, 0xFFFF, 0xFFFF, 0xFFFF, 0xFFFF, 0xFFFF, 0xFFFF, 0xFFFF, 0xFFFF,
  0xFFFF, 0xFFFF, 0xFFFF, 0xFFFF, 0xFFFF, 0xFFFF, 0xFFFF, 0xFFFF, 0xFFFF, 0xFFFF, 0xFFFF, 0xFFFF, 0xFFFF, 0xFFFF, 0xFFFF, 0xFFFF,
  0xFFFF, 0xFFFF, 0xFFFF, 0xFFFF, 0xFFFF, 0xFFFF, 0xFFFF, 0xFFFF, 0xFFFF, 0xFFFF, 0xFFFF, 0xFFFF, 0xFFFF, 0xFFFF, 0xFFFF, 0xFFFF,
  0xFFFF, 0xFFFF, 0xFFFF, 0xFFFF, 0xFFFF, 0xFFFF, 0xFFFF, 0xFFFF, 0xFFFF, 0xFFFF, 0xFFFF, 0xFFFF, 0xFFFF, 0xFFFF, 0xFFFF, 0xFFFF,
  0xFFFF, 0xFFFF, 0xFFFF, 0xFFFF, 0xFFFF, 0xFFFF, 0xFFFF, 0xFFFF, 0xFFFF, 0xFFFF, 0xFFFF, 0xFFFF, 0xFFFF, 0xFFFF, 0xFFFF, 0xFFFF,
  0xFFFF, 0xFFFF, 0xFFFF, 0xFFFF, 0xFFFF, 0xFFFF, 0xFFFF, 0xFFFF, 0xFFFF, 0xFFFF, 0xFFFF, 0xFFFF, 0xFFFF, 0xFFFF, 0xFFFF, 0xFFFF,
  0xFFFF, 0xFFFF, 0xFFFF, 0xFFFF, 0xFFFF, 0xFFFF, 0xFFFF, 0xFFFF, 0xFFFF, 0xFFFF, 0xFFFF, 0xFFFF, 0xFFFF, 0xFFFF, 0xFFFF, 0xFFFF,
  0xFFFF, 0xFFFF, 0xFFFF, 0xFFFF, 0xFFFF, 0xFFFF, 0xFFFF, 0xFFFF, 0xFFFF, 0xFFFF, 0xFFFF, 0xFFFF, 0xFFFF, 0xFFFF, 0xFFFF, 0xFFFF,
  0xFFFF, 0xFFFF, 0xFFFF, 0xFFFF, 0xFFFF, 0xFFFF, 0xFFFF, 0xFFFF, 0xFFFF, 0xFFFF, 0xFFFF, 0xFFFF, 0xFFFF, 0xFFFF, 0xFFFF, 0xFFFF,
  0xFFFF, 0xFFFF, 0xFFFF, 0xFFFF, 0xFFFF, 0xFFFF, 0xFFFF, 0xFFFF, 0xFFFF, 0xFFDF, 0xEE7A, 0xDDD6, 0xDD75, 0xEE38, 0xFF3B, 0xFF7C,
  0xFF7B, 0xFF7B, 0xFF5A, 0xFF3A, 0xFF3A, 0xFF7B, 0xFF9D, 0xFFFF, 0xFFFF, 0xFFFF, 0xFFFF, 0xFFFF, 0xFFFF, 0xFFFF, 0xFFFF, 0xFFFF,
  0xFFFF, 0xFFFF, 0xFFFF, 0xFFFF, 0xFFFF, 0xFFFF, 0xFFFF, 0xFFFF, 0xFFFF, 0xFFFF, 0xFFFF, 0xFFFF, 0xFFFF, 0xFFFF, 0xFFFF, 0xFFFF,
  0xFFFF, 0xFFFF, 0xFFFF, 0xFFFF, 0xFFFF, 0xFFFF, 0xFFFF, 0xFFFF, 0xFFFF, 0xFFFF, 0xFFFF, 0xFFFF, 0xFFFF, 0xFFFF, 0xFFFF, 0xFFFF,
  0xFFFF, 0xFFFF, 0xFFFF, 0xFFFF, 0xFFFF, 0xFFFF, 0xFFFF, 0xFFFF, 0xFFFF, 0xFFFF, 0xFFFF, 0xFFFF, 0xFFFF, 0xFFFF, 0xFFFF, 0xFFFF,
  0xFFFF, 0xFFFF, 0xFFFF, 0xFFFF, 0xFFFF, 0xFFFF, 0xFFFF, 0xFFFF, 0xFFFF, 0xFFFF, 0xFFFF, 0xFFFF, 0xFFFF, 0xFFFF, 0xFFFF, 0xFFFF,
  0xFFFF, 0xFFFF, 0xFFFF, 0xFFFF, 0xFFFF, 0xFFFF, 0xFFFF, 0xFFFF, 0xFFFF, 0xFFFF, 0xFFFF, 0xFFFF, 0xFFFF, 0xFFFF, 0xFFFF, 0xFFFF,
  0xFFFF, 0xFFFF, 0xFFFF, 0xFFFF, 0xFFFF, 0xFFFF, 0xFFFF, 0xFFFF, 0xFFFF, 0xFFFF, 0xFFFF, 0xFFFF, 0xFFFF, 0xFFFF, 0xFFFF, 0xFFFF,
  0xFFFF, 0xFFFF, 0xFFFF, 0xFFFF, 0xFFFF, 0xFFFF, 0xFFFF, 0xFFFF, 0xFFFF, 0xFFFF, 0xFFFF, 0xFFFF, 0xFFFF, 0xFFFF, 0xFFFF, 0xFFFF,
  0xFFFF, 0xFFFF, 0xFFFF, 0xFFFF, 0xFFFF, 0xFFFF, 0xFFFF, 0xFFFF, 0xFFFF, 0xFFFF, 0xFFFF, 0xFFFF, 0xFFFF, 0xFFFF, 0xFFFF, 0xFFFF,
  0xFFFF, 0xFFFF, 0xFFFF, 0xFFFF, 0xFFFF, 0xFFFF, 0xFFFF, 0xFFFF, 0xFFFF, 0xFFFF, 0xFFFF, 0xFFFF, 0xFFFF, 0xFFFF, 0xFFFF, 0xFFFF,
  0xFFFF, 0xFFFF, 0xFFFF, 0xFFFF, 0xFFFF, 0xFFFF, 0xFFFF, 0xFFFF, 0xFFFF, 0xFFFF, 0xFFFF, 0xFFFF, 0xFFFF, 0xFFFF, 0xFFFF, 0xFFFF,
  0xFFFF, 0xFFFF, 0xFFFF, 0xFFFF, 0xFFFF, 0xFFFF, 0xFFFF, 0xFFFF, 0xFFFF, 0xFFFF, 0xFFFF, 0xFFFF, 0xFFFF, 0xFFFF, 0xFFFF, 0xFFFF,
  0xFFFF, 0xFFFF, 0xFFFF, 0xFFFF, 0xFFFF, 0xFFFF, 0xFFFF, 0xFFFF, 0xFFFF, 0xFFFF, 0xFFFF, 0xFFFF, 0xFFFF, 0xFFFF, 0xFFFF, 0xFFFF,
  0xFFFF, 0xFFFF, 0xFFFF, 0xFFFF, 0xFFFF, 0xFFFF, 0xFFFF, 0xFFFF, 0xFFFF, 0xFFFF, 0xFFFF, 0xFFFF, 0xFFFF, 0xFFFF, 0xFFFF, 0xFFFF,
  0xFFFF, 0xFFFF, 0xFFFF, 0xFFFF, 0xFFFF, 0xFFFF, 0xFFFF, 0xFFFF, 0xFFFF, 0xFFDF, 0xEE59, 0xE5D6, 0xD512, 0xDDB6, 0xF699, 0xFF3B,
  0xFF9C, 0xFF9C, 0xFF7B, 0xFF7B, 0xFF5B, 0xFF3A, 0xFF5A, 0xFFBD, 0xFFFF, 0xFFFF, 0xFFFF, 0xFFFF, 0xFFFF, 0xFFFF, 0xFFFF, 0xFFFF,
  0xFFFF, 0xFFFF, 0xFFFF, 0xFFFF, 0xFFFF, 0xFFFF, 0xFFFF, 0xFFFF, 0xFFFF, 0xFFFF, 0xFFFF, 0xFFFF, 0xFFFF, 0xFFFF, 0xFFFF, 0xFFFF,
  0xFFFF, 0xFFFF, 0xFFFF, 0xFFFF, 0xFFFF, 0xFFFF, 0xFFFF, 0xFFFF, 0xFFFF, 0xFFFF, 0xFFFF, 0xFFFF, 0xFFFF, 0xFFFF, 0xFFFF, 0xFFFF,
  0xFFFF, 0xFFFF, 0xFFFF, 0xFFFF, 0xFFFF, 0xFFFF, 0xFFFF, 0xFFFF, 0xFFFF, 0xFFFF, 0xFFFF, 0xFFFF, 0xFFFF, 0xFFFF, 0xFFFF, 0xFFFF,
  0xFFFF, 0xFFFF, 0xFFFF, 0xFFFF, 0xFFFF, 0xFFFF, 0xFFFF, 0xFFFF, 0xFFFF, 0xFFFF, 0xFFFF, 0xFFFF, 0xFFFF, 0xFFFF, 0xFFFF, 0xFFFF,
  0xFFFF, 0xFFFF, 0xFFFF, 0xFFFF, 0xFFFF, 0xFFFF, 0xFFFF, 0xFFFF, 0xFFFF, 0xFFFF, 0xFFFF, 0xFFFF, 0xFFFF, 0xFFFF, 0xFFFF, 0xFFFF,
  0xFFFF, 0xFFFF, 0xFFFF, 0xFFFF, 0xFFFF, 0xFFFF, 0xFFFF, 0xFFFF, 0xFFFF, 0xFFFF, 0xFFFF, 0xFFFF, 0xFFFF, 0xFFFF, 0xFFFF, 0xFFFF,
  0xFFFF, 0xFFFF, 0xFFFF, 0xFFFF, 0xFFFF, 0xFFFF, 0xFFFF, 0xFFFF, 0xFFFF, 0xFFFF, 0xFFFF, 0xFFFF, 0xFFFF, 0xFFFF, 0xFFFF, 0xFFFF,
  0xFFFF, 0xFFFF, 0xFFFF, 0xFFFF, 0xFFFF, 0xFFFF, 0xFFFF, 0xFFFF, 0xFFFF, 0xFFFF, 0xFFFF, 0xFFFF, 0xFFFF, 0xFFFF, 0xFFFF, 0xFFFF,
  0xFFFF, 0xFFFF, 0xFFFF, 0xFFFF, 0xFFFF, 0xFFFF, 0xFFFF, 0xFFFF, 0xFFFF, 0xFFFF, 0xFFFF, 0xFFFF, 0xFFFF, 0xFFFF, 0xFFFF, 0xFFFF,
  0xFFFF, 0xFFFF, 0xFFFF, 0xFFFF, 0xFFFF, 0xFFFF, 0xFFFF, 0xFFFF, 0xFFFF, 0xFFFF, 0xFFFF, 0xFFFF, 0xFFFF, 0xFFFF, 0xFFFF, 0xFFFF,
  0xFFFF, 0xFFFF, 0xFFFF, 0xFFFF, 0xFFFF, 0xFFFF, 0xFFFF, 0xFFFF, 0xFFFF, 0xFFFF, 0xFFFF, 0xFFFF, 0xFFFF, 0xFFFF, 0xFFFF, 0xFFFF,
  0xFFFF, 0xFFFF, 0xFFFF, 0xFFFF, 0xFFFF, 0xFFFF, 0xFFFF, 0xFFFF, 0xFFFF, 0xFFFF, 0xFFFF, 0xFFFF, 0xFFFF, 0xFFFF, 0xFFFF, 0xFFFF,
  0xFFFF, 0xFFFF, 0xFFFF, 0xFFFF, 0xFFFF, 0xFFFF, 0xFFFF, 0xFFFF, 0xFFFF, 0xFFFF, 0xFFFF, 0xFFFF, 0xFFFF, 0xFFFF, 0xFFFF, 0xFFFF,
  0xFFFF, 0xFFFF, 0xFFFF, 0xFFFF, 0xFFFF, 0xFFFF, 0xFFFF, 0xFFFF, 0xFFFF, 0xFFFF, 0xEE9A, 0xE5F6, 0xD512, 0xCC70, 0xE617, 0xFEFA,
  0xFF9C, 0xFF7C, 0xFF9C, 0xFF9C, 0xFF7B, 0xFF5A, 0xFF3A, 0xFF7B, 0xFFDE, 0xFFFF, 0xFFFF, 0xFFFF, 0xFFFF, 0xFFFF, 0xFFFF, 0xFFFF,
  0xFFFF, 0xFFFF, 0xFFFF, 0xFFFF, 0xFFFF, 0xFFFF, 0xFFFF, 0xFFFF, 0xFFFF, 0xFFFF, 0xFFFF, 0xFFFF, 0xFFFF, 0xFFFF, 0xFFFF, 0xFFFF,
  0xFFFF, 0xFFFF, 0xFFFF, 0xFFFF, 0xFFFF, 0xFFFF, 0xFFFF, 0xFFFF, 0xFFFF, 0xFFFF, 0xFFFF, 0xFFFF, 0xFFFF, 0xFFFF, 0xFFFF, 0xFFFF,
  0xFFFF, 0xFFFF, 0xFFFF, 0xFFFF, 0xFFFF, 0xFFFF, 0xFFFF, 0xFFFF, 0xFFFF, 0xFFFF, 0xFFFF, 0xFFFF, 0xFFFF, 0xFFFF, 0xFFFF, 0xFFFF,
  0xFFFF, 0xFFFF, 0xFFFF, 0xFFFF, 0xFFFF, 0xFFFF, 0xFFFF, 0xFFFF, 0xFFFF, 0xFFFF, 0xFFFF, 0xFFFF, 0xFFFF, 0xFFFF, 0xFFFF, 0xFFFF,
  0xFFFF, 0xFFFF, 0xFFFF, 0xFFFF, 0xFFFF, 0xFFFF, 0xFFFF, 0xFFFF, 0xFFFF, 0xFFFF, 0xFFFF, 0xFFFF, 0xFFFF, 0xFFFF, 0xFFFF, 0xFFFF,
  0xFFFF, 0xFFFF, 0xFFFF, 0xFFFF, 0xFFFF, 0xFFFF, 0xFFFF, 0xFFFF, 0xFFFF, 0xFFFF, 0xFFFF, 0xFFFF, 0xFFFF, 0xFFFF, 0xFFFF, 0xFFFF,
  0xFFFF, 0xFFFF, 0xFFFF, 0xFFFF, 0xFFFF, 0xFFFF, 0xFFFF, 0xFFFF, 0xFFFF, 0xFFFF, 0xFFFF, 0xFFFF, 0xFFFF, 0xFFFF, 0xFFFF, 0xFFFF,
  0xFFFF, 0xFFFF, 0xFFFF, 0xFFFF, 0xFFFF, 0xFFFF, 0xFFFF, 0xFFFF, 0xFFFF, 0xFFFF, 0xFFFF, 0xFFFF, 0xFFFF, 0xFFFF, 0xFFFF, 0xFFFF,
  0xFFFF, 0xFFFF, 0xFFFF, 0xFFFF, 0xFFFF, 0xFFFF, 0xFFFF, 0xFFFF, 0xFFFF, 0xFFFF, 0xFFFF, 0xFFFF, 0xFFFF, 0xFFFF, 0xFFFF, 0xFFFF,
  0xFFFF, 0xFFFF, 0xFFFF, 0xFFFF, 0xFFFF, 0xFFFF, 0xFFFF, 0xFFFF, 0xFFFF, 0xFFFF, 0xFFFF, 0xFFFF, 0xFFFF, 0xFFFF, 0xFFFF, 0xFFFF,
  0xFFFF, 0xFFFF, 0xFFFF, 0xFFFF, 0xFFFF, 0xFFFF, 0xFFFF, 0xFFFF, 0xFFFF, 0xFFFF, 0xFFFF, 0xFFFF, 0xFFFF, 0xFFFF, 0xFFFF, 0xFFFF,
  0xFFFF, 0xFFFF, 0xFFFF, 0xFFFF, 0xFFFF, 0xFFFF, 0xFFFF, 0xFFFF, 0xFFFF, 0xFFFF, 0xFFFF, 0xFFFF, 0xFFFF, 0xFFFF, 0xFFFF, 0xFFFF,
  0xFFFF, 0xFFFF, 0xFFFF, 0xFFFF, 0xFFFF, 0xFFFF, 0xFFFF, 0xFFFF, 0xFFFF, 0xFFFF, 0xFFFF, 0xFFFF, 0xFFFF, 0xFFFF, 0xFFFF, 0xFFFF,
  0xFFFF, 0xFFFF, 0xFFFF, 0xFFFF, 0xFFFF, 0xFFFF, 0xFFFF, 0xFFFF, 0xFFFF, 0xFFFF, 0xEEDC, 0xE617, 0xD553, 0xC3CD, 0xD513, 0xF699,
  0xFF3A, 0xFF9C, 0xFF9C, 0xFF9C, 0xFF9C, 0xFF7B, 0xFF3A, 0xFF3A, 0xFF9C, 0xFFDF, 0xFFFF, 0xFFFF, 0xFFFF, 0xFFFF, 0xFFFF, 0xFFFF,
  0xFFFF, 0xFFFF, 0xFFFF, 0xFFFF, 0xFFFF, 0xFFFF, 0xFFFF, 0xFFFF, 0xFFFF, 0xFFFF, 0xFFFF, 0xFFFF, 0xFFFF, 0xFFFF, 0xFFFF, 0xFFFF,
  0xFFFF, 0xFFFF, 0xFFFF, 0xFFFF, 0xFFFF, 0xFFFF, 0xFFFF, 0xFFFF, 0xFFFF, 0xFFFF, 0xFFFF, 0xFFFF, 0xFFFF, 0xFFFF, 0xFFFF, 0xFFFF,
  0xFFFF, 0xFFFF, 0xFFFF, 0xFFFF, 0xFFFF, 0xFFFF, 0xFFFF, 0xFFFF, 0xFFFF, 0xFFFF, 0xFFFF, 0xFFFF, 0xFFFF, 0xFFFF, 0xFFFF, 0xFFFF,
  0xFFFF, 0xFFFF, 0xFFFF, 0xFFFF, 0xFFFF, 0xFFFF, 0xFFFF, 0xFFFF, 0xFFFF, 0xFFFF, 0xFFFF, 0xFFFF, 0xFFFF, 0xFFFF, 0xFFFF, 0xFFFF,
  0xFFFF, 0xFFFF, 0xFFFF, 0xFFFF, 0xFFFF, 0xFFFF, 0xFFFF, 0xFFFF, 0xFFFF, 0xFFFF, 0xFFFF, 0xFFFF, 0xFFFF, 0xFFFF, 0xFFFF, 0xFFFF,
  0xFFFF, 0xFFFF, 0xFFFF, 0xFFFF, 0xFFFF, 0xFFFF, 0xFFFF, 0xFFFF, 0xFFFF, 0xFFFF, 0xFFFF, 0xFFFF, 0xFFFF, 0xFFFF, 0xFFFF, 0xFFFF,
  0xFFFF, 0xFFFF, 0xFFFF, 0xFFFF, 0xFFFF, 0xFFFF, 0xFFFF, 0xFFFF, 0xFFFF, 0xFFFF, 0xFFFF, 0xFFFF, 0xFFFF, 0xFFFF, 0xFFFF, 0xFFFF,
  0xFFFF, 0xFFFF, 0xFFFF, 0xFFFF, 0xFFFF, 0xFFFF, 0xFFFF, 0xFFFF, 0xFFFF, 0xFFFF, 0xFFFF, 0xFFFF, 0xFFFF, 0xFFFF, 0xFFFF, 0xFFFF,
  0xFFFF, 0xFFFF, 0xFFFF, 0xFFFF, 0xFFFF, 0xFFFF, 0xFFFF, 0xFFFF, 0xFFFF, 0xFFFF, 0xFFFF, 0xFFFF, 0xFFFF, 0xFFFF, 0xFFFF, 0xFFFF,
  0xFFFF, 0xFFFF, 0xFFFF, 0xFFFF, 0xFFFF, 0xFFFF, 0xFFFF, 0xFFFF, 0xFFFF, 0xFFFF, 0xFFFF, 0xFFFF, 0xFFFF, 0xFFFF, 0xFFFF, 0xFFFF,
  0xFFFF, 0xFFFF, 0xFFFF, 0xFFFF, 0xFFFF, 0xFFFF, 0xFFFF, 0xFFFF, 0xFFFF, 0xFFFF, 0xFFFF, 0xFFFF, 0xFFFF, 0xFFFF, 0xFFFF, 0xFFFF,
  0xFFFF, 0xFFFF, 0xFFFF, 0xFFFF, 0xFFFF, 0xFFFF, 0xFFFF, 0xFFFF, 0xFFFF, 0xFFFF, 0xFFFF, 0xFFFF, 0xFFFF, 0xFFFF, 0xFFFF, 0xFFFF,
  0xFFFF, 0xFFFF, 0xFFFF, 0xFFFF, 0xFFFF, 0xFFFF, 0xFFFF, 0xFFFF, 0xFFFF, 0xFFFF, 0xFFFF, 0xFFFF, 0xFFFF, 0xFFFF, 0xFFFF, 0xFFFF,
  0xFFFF, 0xFFFF, 0xFFFF, 0xFFFF, 0xFFFF, 0xFFFF, 0xFFFF, 0xFFFF, 0xFFFF, 0xFFFF, 0xF71D, 0xE618, 0xDD95, 0xCC70, 0xC3CE, 0xE595,
  0xF678, 0xFF7B, 0xFF9C, 0xFF9C, 0xFF9C, 0xFF9C, 0xFF5A, 0xFF39, 0xFF3A, 0xFFBD, 0xFFFF, 0xFFFF, 0xFFFF, 0xFFFF, 0xFFFF, 0xFFFF,
  0xFFFF, 0xFFFF, 0xFFFF, 0xFFFF, 0xFFFF, 0xFFFF, 0xFFFF, 0xFFFF, 0xFFFF, 0xFFFF, 0xFFFF, 0xFFFF, 0xFFFF, 0xFFFF, 0xFFFF, 0xFFFF,
  0xFFFF, 0xFFFF, 0xFFFF, 0xFFFF, 0xFFFF, 0xFFFF, 0xFFFF, 0xFFFF, 0xFFFF, 0xFFFF, 0xFFFF, 0xFFFF, 0xFFFF, 0xFFFF, 0xFFFF, 0xFFFF,
  0xFFFF, 0xFFFF, 0xFFFF, 0xFFFF, 0xFFFF, 0xFFFF, 0xFFFF, 0xFFFF, 0xFFFF, 0xFFFF, 0xFFFF, 0xFFFF, 0xFFFF, 0xFFFF, 0xFFFF, 0xFFFF,
  0xFFFF, 0xFFFF, 0xFFFF, 0xFFFF, 0xFFFF, 0xFFFF, 0xFFFF, 0xFFFF, 0xFFFF, 0xFFFF, 0xFFFF, 0xFFFF, 0xFFFF, 0xFFFF, 0xFFFF, 0xFFFF,
  0xFFFF, 0xFFFF, 0xFFFF, 0xFFFF, 0xFFFF, 0xFFFF, 0xFFFF, 0xFFFF, 0xFFFF, 0xFFFF, 0xFFFF, 0xFFFF, 0xFFFF, 0xFFFF, 0xFFFF, 0xFFFF,
  0xFFFF, 0xFFFF, 0xFFFF, 0xFFFF, 0xFFFF, 0xFFFF, 0xFFFF, 0xFFFF, 0xFFFF, 0xFFFF, 0xFFFF, 0xFFFF, 0xFFFF, 0xFFFF, 0xFFFF, 0xFFFF,
  0xFFFF, 0xFFFF, 0xFFFF, 0xFFFF, 0xFFFF, 0xFFFF, 0xFFFF, 0xFFFF, 0xFFFF, 0xFFFF, 0xFFFF, 0xFFFF, 0xFFFF, 0xFFFF, 0xFFFF, 0xFFFF,
  0xFFFF, 0xFFFF, 0xFFFF, 0xFFFF, 0xFFFF, 0xFFFF, 0xFFFF, 0xFFFF, 0xFFFF, 0xFFFF, 0xFFFF, 0xFFFF, 0xFFFF, 0xFFFF, 0xFFFF, 0xFFFF,
  0xFFFF, 0xFFFF, 0xFFFF, 0xFFFF, 0xFFFF, 0xFFFF, 0xFFFF, 0xFFFF, 0xFFFF, 0xFFFF, 0xFFFF, 0xFFFF, 0xFFFF, 0xFFFF, 0xFFFF, 0xFFFF,
  0xFFFF, 0xFFFF, 0xFFFF, 0xFFFF, 0xFFFF, 0xFFFF, 0xFFFF, 0xFFFF, 0xFFFF, 0xFFFF, 0xFFFF, 0xFFFF, 0xFFFF, 0xFFFF, 0xFFFF, 0xFFFF,
  0xFFFF, 0xFFFF, 0xFFFF, 0xFFFF, 0xFFFF, 0xFFFF, 0xFFFF, 0xFFFF, 0xFFFF, 0xFFFF, 0xFFFF, 0xFFFF, 0xFFFF, 0xFFFF, 0xFFFF, 0xFFFF,
  0xFFFF, 0xFFFF, 0xFFFF, 0xFFFF, 0xFFFF, 0xFFFF, 0xFFFF, 0xFFFF, 0xFFFF, 0xFFFF, 0xFFFF, 0xFFFF, 0xFFFF, 0xFFFF, 0xFFFF, 0xFFFF,
  0xFFFF, 0xFFFF, 0xFFFF, 0xFFFF, 0xFFFF, 0xFFFF, 0xFFFF, 0xFFFF, 0xFFFF, 0xFFFF, 0xFFFF, 0xFFFF, 0xFFFF, 0xFFFF, 0xFFFF, 0xFFFF,
  0xFFFF, 0xFFFF, 0xFFFF, 0xFFFF, 0xFFFF, 0xFFFF, 0xFFFF, 0xFFFF, 0xFFFF, 0xFFFF, 0xFF7E, 0xEE18, 0xE5F6, 0xD512, 0xC38D, 0xCB6D,
  0xEE17, 0xFEB9, 0xFF9C, 0xFF9C, 0xFF9B, 0xFF9C, 0xFF7B, 0xFF5A, 0xFF39, 0xFF7B, 0xFFDE, 0xFFFF, 0xFFFF, 0xFFFF, 0xFFFF, 0xFFFF,
  0xFFFF, 0xFFFF, 0xFFFF, 0xFFFF, 0xFFFF, 0xFFFF, 0xFFFF, 0xFFFF, 0xFFFF, 0xFFFF, 0xFFFF, 0xFFFF, 0xFFFF, 0xFFFF, 0xFFFF, 0xFFFF,
  0xFFFF, 0xFFFF, 0xFFFF, 0xFFFF, 0xFFFF, 0xFFFF, 0xFFFF, 0xFFFF, 0xFFFF, 0xFFFF, 0xFFFF, 0xFFFF, 0xFFFF, 0xFFFF, 0xFFFF, 0xFFFF,
  0xFFFF, 0xFFFF, 0xFFFF, 0xFFFF, 0xFFFF, 0xFFFF, 0xFFFF, 0xFFFF, 0xFFFF, 0xFFFF, 0xFFFF, 0xFFFF, 0xFFFF, 0xFFFF, 0xFFFF, 0xFFFF,
  0xFFFF, 0xFFFF, 0xFFFF, 0xFFFF, 0xFFFF, 0xFFFF, 0xFFFF, 0xFFFF, 0xFFFF, 0xFFFF, 0xFFFF, 0xFFFF, 0xFFFF, 0xFFFF, 0xFFFF, 0xFFFF,
  0xFFFF, 0xFFFF, 0xFFFF, 0xFFFF, 0xFFFF, 0xFFFF, 0xFFFF, 0xFFFF, 0xFFFF, 0xFFFF, 0xFFFF, 0xFFFF, 0xFFFF, 0xFFFF, 0xFFFF, 0xFFFF,
  0xFFFF, 0xFFFF, 0xFFFF, 0xFFFF, 0xFFFF, 0xFFFF, 0xFFFF, 0xFFFF, 0xFFFF, 0xFFFF, 0xFFFF, 0xFFFF, 0xFFFF, 0xFFFF, 0xFFFF, 0xFFFF,
  0xFFFF, 0xFFFF, 0xFFFF, 0xFFFF, 0xFFFF, 0xFFFF, 0xFFFF, 0xFFFF, 0xFFFF, 0xFFFF, 0xFFFF, 0xFFFF, 0xFFFF, 0xFFFF, 0xFFFF, 0xFFFF,
  0xFFFF, 0xFFFF, 0xFFFF, 0xFFFF, 0xFFFF, 0xFFFF, 0xFFFF, 0xFFFF, 0xFFFF, 0xFFFF, 0xFFFF, 0xFFFF, 0xFFFF, 0xFFFF, 0xFFFF, 0xFFFF,
  0xFFFF, 0xFFFF, 0xFFFF, 0xFFFF, 0xFFFF, 0xFFFF, 0xFFFF, 0xFFFF, 0xFFFF, 0xFFFF, 0xFFFF, 0xFFFF, 0xFFFF, 0xFFFF, 0xFFFF, 0xFFFF,
  0xFFFF, 0xFFFF, 0xFFFF, 0xFFFF, 0xFFFF, 0xFFFF, 0xFFFF, 0xFFFF, 0xFFFF, 0xFFFF, 0xFFFF, 0xFFFF, 0xFFFF, 0xFFFF, 0xFFFF, 0xFFFF,
  0xFFFF, 0xFFFF, 0xFFFF, 0xFFFF, 0xFFFF, 0xFFFF, 0xFFFF, 0xFFFF, 0xFFFF, 0xFFFF, 0xFFFF, 0xFFFF, 0xFFFF, 0xFFFF, 0xFFFF, 0xFFFF,
  0xFFFF, 0xFFFF, 0xFFFF, 0xFFFF, 0xFFFF, 0xFFFF, 0xFFFF, 0xFFFF, 0xFFFF, 0xFFFF, 0xFFFF, 0xFFFF, 0xFFFF, 0xFFFF, 0xFFFF, 0xFFFF,
  0xFFFF, 0xFFFF, 0xFFFF, 0xFFFF, 0xFFFF, 0xFFFF, 0xFFFF, 0xFFFF, 0xFFFF, 0xFFFF, 0xFFFF, 0xFFFF, 0xFFFF, 0xFFFF, 0xFFFF, 0xFFFF,
  0xFFFF, 0xFFFF, 0xFFFF, 0xFFFF, 0xFFFF, 0xFFFF, 0xFFFF, 0xFFFF, 0xFFFF, 0xFFFF, 0xFFFF, 0xEE9A, 0xE5F7, 0xDD74, 0xCC4F, 0xC289,
  0xD430, 0xEE57, 0xFE98, 0xFF7B, 0xFF9C, 0xFF7B, 0xFF7B, 0xFF5A, 0xFF3A, 0xFF5A, 0xFFBD, 0xFFFF, 0xFFFF, 0xFFFF, 0xFFFF, 0xFFFF,
  0xFFFF, 0xFFFF, 0xFFFF, 0xFFFF, 0xFFFF, 0xFFFF, 0xFFFF, 0xFFFF, 0xFFFF, 0xFFFF, 0xFFFF, 0xFFFF, 0xFFFF, 0xFFFF, 0xFFFF, 0xFFFF,
  0xFFFF, 0xFFFF, 0xFFFF, 0xFFFF, 0xFFFF, 0xFFFF, 0xFFFF, 0xFFFF, 0xFFFF, 0xFFFF, 0xFFFF, 0xFFFF, 0xFFFF, 0xFFFF, 0xFFFF, 0xFFFF,
  0xFFFF, 0xFFFF, 0xFFFF, 0xFFFF, 0xFFFF, 0xFFFF, 0xFFFF, 0xFFFF, 0xFFFF, 0xFFFF, 0xFFFF, 0xFFFF, 0xFFFF, 0xFFFF, 0xFFFF, 0xFFFF,
  0xFFFF, 0xFFFF, 0xFFFF, 0xFFFF, 0xFFFF, 0xFFFF, 0xFFFF, 0xFFFF, 0xFFFF, 0xFFFF, 0xFFFF, 0xFFFF, 0xFFFF, 0xFFFF, 0xFFFF, 0xFFFF,
  0xFFFF, 0xFFFF, 0xFFFF, 0xFFFF, 0xFFFF, 0xFFFF, 0xFFFF, 0xFFFF, 0xFFFF, 0xFFFF, 0xFFFF, 0xFFFF, 0xFFFF, 0xFFFF, 0xFFFF, 0xFFFF,
  0xFFFF, 0xFFFF, 0xFFFF, 0xFFFF, 0xFFFF, 0xFFFF, 0xFFFF, 0xFFFF, 0xFFFF, 0xFFFF, 0xFFFF, 0xFFFF, 0xFFFF, 0xFFFF, 0xFFFF, 0xFFFF,
  0xFFFF, 0xFFFF, 0xFFFF, 0xFFFF, 0xFFFF, 0xFFFF, 0xFFFF, 0xFFFF, 0xFFFF, 0xFFFF, 0xFFFF, 0xFFFF, 0xFFFF, 0xFFFF, 0xFFFF, 0xFFFF,
  0xFFFF, 0xFFFF, 0xFFFF, 0xFFFF, 0xFFFF, 0xFFFF, 0xFFFF, 0xFFFF, 0xFFFF, 0xFFFF, 0xFFFF, 0xFFFF, 0xFFFF, 0xFFFF, 0xFFFF, 0xFFFF,
  0xFFFF, 0xFFFF, 0xFFFF, 0xFFFF, 0xFFFF, 0xFFFF, 0xFFFF, 0xFFFF, 0xFFFF, 0xFFFF, 0xFFFF, 0xFFFF, 0xFFFF, 0xFFFF, 0xFFFF, 0xFFFF,
  0xFFFF, 0xFFFF, 0xFFFF, 0xFFFF, 0xFFFF, 0xFFFF, 0xFFFF, 0xFFFF, 0xFFFF, 0xFFFF, 0xFFFF, 0xFFFF, 0xFFFF, 0xFFFF, 0xFFFF, 0xFFFF,
  0xFFFF, 0xFFFF, 0xFFFF, 0xFFFF, 0xFFFF, 0xFFFF, 0xFFFF, 0xFFFF, 0xFFFF, 0xFFFF, 0xFFFF, 0xFFFF, 0xFFFF, 0xFFFF, 0xFFFF, 0xFFFF,
  0xFFFF, 0xFFFF, 0xFFFF, 0xFFFF, 0xFFFF, 0xFFFF, 0xFFFF, 0xFFFF, 0xFFFF, 0xFFFF, 0xFFFF, 0xFFFF, 0xFFFF, 0xFFFF, 0xFFFF, 0xFFFF,
  0xFFFF, 0xFFFF, 0xFFFF, 0xFFFF, 0xFFFF, 0xFFFF, 0xFFFF, 0xFFDF, 0xFFBE, 0xFF9D, 0xFF9D, 0xFF9D, 0xFFBD, 0xFFBE, 0xFFDE, 0xFFFF,
  0xFFFF, 0xFFFF, 0xFFFF, 0xFFFF, 0xFFFF, 0xFFFF, 0xFFFF, 0xFFFF, 0xFFFF, 0xFFFF, 0xFFFF, 0xF73D, 0xE617, 0xDDB5, 0xD4D1, 0xC36C,
  0xC248, 0xD450, 0xEE37, 0xFEB8, 0xFF7B, 0xFF7B, 0xFF7B, 0xFF7B, 0xFF3A, 0xFF39, 0xFF9C, 0xFFDF, 0xFFFF, 0xFFFF, 0xFFFF, 0xFFFF,
  0xFFFF, 0xFFFF, 0xFFFF, 0xFFFF, 0xFFFF, 0xFFFF, 0xFFFF, 0xFFFF, 0xFFFF, 0xFFFF, 0xFFFF, 0xFFFF, 0xFFFF, 0xFFFF, 0xFFFF, 0xFFFF,
  0xFFFF, 0xFFFF, 0xFFFF, 0xFFFF, 0xFFFF, 0xFFFF, 0xFFFF, 0xFFFF, 0xFFFF, 0xFFFF, 0xFFFF, 0xFFFF, 0xFFFF, 0xFFFF, 0xFFFF, 0xFFFF,
  0xFFFF, 0xFFFF, 0xFFFF, 0xFFFF, 0xFFFF, 0xFFFF, 0xFFFF, 0xFFFF, 0xFFFF, 0xFFFF, 0xFFFF, 0xFFFF, 0xFFFF, 0xFFFF, 0xFFFF, 0xFFFF,
  0xFFFF, 0xFFFF, 0xFFFF, 0xFFFF, 0xFFFF, 0xFFFF, 0xFFFF, 0xFFFF, 0xFFFF, 0xFFFF, 0xFFFF, 0xFFFF, 0xFFFF, 0xFFFF, 0xFFFF, 0xFFFF,
  0xFFFF, 0xFFFF, 0xFFFF, 0xFFFF, 0xFFFF, 0xFFFF, 0xFFFF, 0xFFFF, 0xFFFF, 0xFFFF, 0xFFFF, 0xFFFF, 0xFFFF, 0xFFFF, 0xFFFF, 0xFFFF,
  0xFFFF, 0xFFFF, 0xFFFF, 0xFFFF, 0xFFFF, 0xFFFF, 0xFFFF, 0xFFFF, 0xFFFF, 0xFFFF, 0xFFFF, 0xFFFF, 0xFFFF, 0xFFFF, 0xFFFF, 0xFFFF,
  0xFFFF, 0xFFFF, 0xFFFF, 0xFFFF, 0xFFFF, 0xFFFF, 0xFFFF, 0xFFFF, 0xFFFF, 0xFFFF, 0xFFFF, 0xFFFF, 0xFFFF, 0xFFFF, 0xFFFF, 0xFFFF,
  0xFFFF, 0xFFFF, 0xFFFF, 0xFFFF, 0xFFFF, 0xFFFF, 0xFFFF, 0xFFFF, 0xFFFF, 0xFFFF, 0xFFFF, 0xFFFF, 0xFFFF, 0xFFFF, 0xFFFF, 0xFFFF,
  0xFFFF, 0xFFFF, 0xFFFF, 0xFFFF, 0xFFFF, 0xFFFF, 0xFFFF, 0xFFFF, 0xFFFF, 0xFFFF, 0xFFFF, 0xFFFF, 0xFFFF, 0xFFFF, 0xFFFF, 0xFFFF,
  0xFFFF, 0xFFFF, 0xFFFF, 0xFFFF, 0xFFFF, 0xFFFF, 0xFFFF, 0xFFFF, 0xFFFF, 0xFFFF, 0xFFFF, 0xFFFF, 0xFFFF, 0xFFFF, 0xFFFF, 0xFFFF,
  0xFFFF, 0xFFFF, 0xFFFF, 0xFFFF, 0xFFFF, 0xFFFF, 0xFFFF, 0xFFFF, 0xFFFF, 0xFFFF, 0xFFFF, 0xFFFF, 0xFFFF, 0xFFFF, 0xFFFF, 0xFFFF,
  0xFFFF, 0xFFFF, 0xFFFF, 0xFFFF, 0xFFFF, 0xFFFF, 0xFFFF, 0xFFFF, 0xFFFF, 0xFFFF, 0xFFFF, 0xFFFF, 0xFFFF, 0xFFFF, 0xFFFF, 0xFFFF,
  0xFFFF, 0xFFFF, 0xFFFF, 0xFFFF, 0xFFFF, 0xFFFF, 0xFF5D, 0xFEDB, 0xFEFA, 0xFED9, 0xFEF9, 0xFF3A, 0xFF3A, 0xFF5A, 0xFF5B, 0xFF9C,
  0xFFDE, 0xFFFF, 0xFFFF, 0xFFFF, 0xFFFF, 0xFFFF, 0xFFFF, 0xFFFF, 0xFFFF, 0xFFFF, 0xFFFF, 0xFFBF, 0xEE59, 0xE5D6, 0xDD74, 0xCC0E,
  0xC289, 0xC1E7, 0xDC30, 0xEE57, 0xFEB8, 0xFF3A, 0xFF5A, 0xFF9B, 0xFF7B, 0xFF39, 0xFF5A, 0xFFDE, 0xFFFF, 0xFFFF, 0xFFFF, 0xFFFF,
  0xFFFF, 0xFFFF, 0xFFFF, 0xFFFF, 0xFFFF, 0xFFFF, 0xFFFF, 0xFFFF, 0xFFFF, 0xFFFF, 0xFFFF, 0xFFFF, 0xFFFF, 0xFFFF, 0xFFFF, 0xFFFF,
  0xFFFF, 0xFFFF, 0xFFFF, 0xFFFF, 0xFFFF, 0xFFFF, 0xFFFF, 0xFFFF, 0xFFFF, 0xFFFF, 0xFFFF, 0xFFFF, 0xFFFF, 0xFFFF, 0xFFFF, 0xFFFF,
  0xFFFF, 0xFFFF, 0xFFFF, 0xFFFF, 0xFFFF, 0xFFFF, 0xFFFF, 0xFFFF, 0xFFFF, 0xFFFF, 0xFFFF, 0xFFFF, 0xFFFF, 0xFFFF, 0xFFFF, 0xFFFF,
  0xFFFF, 0xFFFF, 0xFFFF, 0xFFFF, 0xFFFF, 0xFFFF, 0xFFFF, 0xFFFF, 0xFFFF, 0xFFFF, 0xFFFF, 0xFFFF, 0xFFFF, 0xFFFF, 0xFFFF, 0xFFFF,
  0xFFFF, 0xFFFF, 0xFFFF, 0xFFFF, 0xFFFF, 0xFFFF, 0xFFFF, 0xFFFF, 0xFFFF, 0xFFFF, 0xFFFF, 0xFFFF, 0xFFFF, 0xFFFF, 0xFFFF, 0xFFFF,
  0xFFFF, 0xFFFF, 0xFFFF, 0xFFFF, 0xFFFF, 0xFFFF, 0xFFFF, 0xFFFF, 0xFFFF, 0xFFFF, 0xFFFF, 0xFFFF, 0xFFFF, 0xFFFF, 0xFFFF, 0xFFFF,
  0xFFFF, 0xFFFF, 0xFFFF, 0xFFFF, 0xFFFF, 0xFFFF, 0xFFFF, 0xFFFF, 0xFFFF, 0xFFFF, 0xFFFF, 0xFFFF, 0xFFFF, 0xFFFF, 0xFFFF, 0xFFFF,
  0xFFFF, 0xFFFF, 0xFFFF, 0xFFFF, 0xFFFF, 0xFFFF, 0xFFFF, 0xFFFF, 0xFFFF, 0xFFFF, 0xFFFF, 0xFFFF, 0xFFFF, 0xFFFF, 0xFFFF, 0xFFFF,
  0xFFFF, 0xFFFF, 0xFFFF, 0xFFFF, 0xFFFF, 0xFFFF, 0xFFFF, 0xFFFF, 0xFFFF, 0xFFFF, 0xFFFF, 0xFFFF, 0xFFFF, 0xFFFF, 0xFFFF, 0xFFFF,
  0xFFFF, 0xFFFF, 0xFFFF, 0xFFFF, 0xFFFF, 0xFFFF, 0xFFFF, 0xFFFF, 0xFFFF, 0xFFFF, 0xFFFF, 0xFFFF, 0xFFFF, 0xFFFF, 0xFFFF, 0xFFFF,
  0xFFFF, 0xFFFF, 0xFFFF, 0xFFFF, 0xFFFF, 0xFFFF, 0xFFFF, 0xFFFF, 0xFFFF, 0xFFFF, 0xFFFF, 0xFFFF, 0xFFFF, 0xFFFF, 0xFFFF, 0xFFFF,
  0xFFFF, 0xFFFF, 0xFFFF, 0xFFFF, 0xFFFF, 0xFFFF, 0xFFFF, 0xFFFF, 0xFFFF, 0xFFFF, 0xFFFF, 0xFFFF, 0xFFFF, 0xFFFF, 0xFFFF, 0xFFFF,
  0xFFFF, 0xFFFF, 0xFFFF, 0xFFFF, 0xFFFF, 0xF73D, 0xF67A, 0xFE98, 0xFF1A, 0xFEF9, 0xFEF9, 0xFF1A, 0xFF3A, 0xFF3A, 0xFF5A, 0xFF5B,
  0xFF7B, 0xFFBD, 0xFFDE, 0xFFFF, 0xFFFF, 0xFFFF, 0xFFFF, 0xFFFF, 0xFFFF, 0xFFFF, 0xFFFF, 0xFFFF, 0xF71C, 0xEE17, 0xE5F6, 0xDCD1,
  0xCB0B, 0xCA28, 0xC1E7, 0xD3EE, 0xEDD5, 0xF677, 0xFF3A, 0xFF7B, 0xFF7B, 0xFF5A, 0xFF5A, 0xFFBC, 0xFFFF, 0xFFFF, 0xFFFF, 0xFFFF,
  0xFFFF, 0xFFFF, 0xFFFF, 0xFFFF, 0xFFFF, 0xFFFF, 0xFFFF, 0xFFFF, 0xFFFF, 0xFFFF, 0xFFFF, 0xFFFF, 0xFFFF, 0xFFFF, 0xFFFF, 0xFFFF,
  0xFFFF, 0xFFFF, 0xFFFF, 0xFFFF, 0xFFFF, 0xFFFF, 0xFFFF, 0xFFFF, 0xFFFF, 0xFFFF, 0xFFFF, 0xFFFF, 0xFFFF, 0xFFFF, 0xFFFF, 0xFFFF,
  0xFFFF, 0xFFFF, 0xFFFF, 0xFFFF, 0xFFFF, 0xFFFF, 0xFFFF, 0xFFFF, 0xFFFF, 0xFFFF, 0xFFFF, 0xFFFF, 0xFFFF, 0xFFFF, 0xFFFF, 0xFFFF,
  0xFFFF, 0xFFFF, 0xFFFF, 0xFFFF, 0xFFFF, 0xFFFF, 0xFFFF, 0xFFFF, 0xFFFF, 0xFFFF, 0xFFFF, 0xFFFF, 0xFFFF, 0xFFFF, 0xFFFF, 0xFFFF,
  0xFFFF, 0xFFFF, 0xFFFF, 0xFFFF, 0xFFFF, 0xFFFF, 0xFFFF, 0xFFFF, 0xFFFF, 0xFFFF, 0xFFFF, 0xFFFF, 0xFFFF, 0xFFFF, 0xFFFF, 0xFFFF,
  0xFFFF, 0xFFFF, 0xFFFF, 0xFFFF, 0xFFFF, 0xFFFF, 0xFFFF, 0xFFFF, 0xFFFF, 0xFFFF, 0xFFFF, 0xFFFF, 0xFFFF, 0xFFFF, 0xFFFF, 0xFFFF,
  0xFFFF, 0xFFFF, 0xFFFF, 0xFFFF, 0xFFFF, 0xFFFF, 0xFFFF, 0xFFFF, 0xFFFF, 0xFFFF, 0xFFFF, 0xFFFF, 0xFFFF, 0xFFFF, 0xFFFF, 0xFFFF,
  0xFFFF, 0xFFFF, 0xFFFF, 0xFFFF, 0xFFFF, 0xFFFF, 0xFFFF, 0xFFFF, 0xFFFF, 0xFFFF, 0xFFFF, 0xFFFF, 0xFFFF, 0xFFFF, 0xFFFF, 0xFFFF,
  0xFFFF, 0xFFFF, 0xFFFF, 0xFFFF, 0xFFFF, 0xFFFF, 0xFFFF, 0xFFFF, 0xFFFF, 0xFFFF, 0xFFFF, 0xFFFF, 0xFFFF, 0xFFFF, 0xFFFF, 0xFFFF,
  0xFFFF, 0xFFFF, 0xFFFF, 0xFFFF, 0xFFFF, 0xFFFF, 0xFFFF, 0xFFFF, 0xFFFF, 0xFFFF, 0xFFFF, 0xFFFF, 0xFFFF, 0xFFFF, 0xFFFF, 0xFFFF,
  0xFFFF, 0xFFFF, 0xFFFF, 0xFFFF, 0xFFFF, 0xFFFF, 0xFFFF, 0xFFFF, 0xFFFF, 0xFFFF, 0xFFFF, 0xFFFF, 0xFFFF, 0xFFFF, 0xFFFF, 0xFFFF,
  0xFFFF, 0xFFFF, 0xFFFF, 0xFFFF, 0xFFFF, 0xFFFF, 0xFFFF, 0xFFFF, 0xFFFF, 0xFFFF, 0xFFFF, 0xFFFF, 0xFFFF, 0xFFFF, 0xFFFF, 0xFFFF,
  0xFFFF, 0xFFFF, 0xFFFF, 0xFFFF, 0xFFDF, 0xEE7B, 0xEE38, 0xFE98, 0xFEFA, 0xFF1A, 0xFEF9, 0xFF1A, 0xFF3A, 0xFF5A, 0xFF5B, 0xFF5B,
  0xFF5A, 0xFF5B, 0xFF7B, 0xFFBD, 0xFFFF, 0xFFFF, 0xFFFF, 0xFFFF, 0xFFFF, 0xFFFF, 0xFFFF, 0xFFFF, 0xFFDF, 0xEE79, 0xEDF6, 0xE594,
  0xD3EE, 0xCA89, 0xCA28, 0xC9E7, 0xDC50, 0xEE57, 0xFEB8, 0xFF5B, 0xFF7B, 0xFF5A, 0xFF3A, 0xFF7B, 0xFFDF, 0xFFFF, 0xFFFF, 0xFFFF,
  0xFFFF, 0xFFFF, 0xFFFF, 0xFFFF, 0xFFFF, 0xFFFF, 0xFFFF, 0xFFFF, 0xFFFF, 0xFFFF, 0xFFFF, 0xFFFF, 0xFFFF, 0xFFFF, 0xFFFF, 0xFFFF,
  0xFFFF, 0xFFFF, 0xFFFF, 0xFFFF, 0xFFFF, 0xFFFF, 0xFFFF, 0xFFFF, 0xFFFF, 0xFFFF, 0xFFFF, 0xFFFF, 0xFFFF, 0xFFFF, 0xFFFF, 0xFFFF,
  0xFFFF, 0xFFFF, 0xFFFF, 0xFFFF, 0xFFFF, 0xFFFF, 0xFFFF, 0xFFFF, 0xFFFF, 0xFFFF, 0xFFFF, 0xFFFF, 0xFFFF, 0xFFFF, 0xFFFF, 0xFFFF,
  0xFFFF, 0xFFFF, 0xFFFF, 0xFFFF, 0xFFFF, 0xFFFF, 0xFFFF, 0xFFFF, 0xFFFF, 0xFFFF, 0xFFFF, 0xFFFF, 0xFFFF, 0xFFFF, 0xFFFF, 0xFFFF,
  0xFFFF, 0xFFFF, 0xFFFF, 0xFFFF, 0xFFFF, 0xFFFF, 0xFFFF, 0xFFFF, 0xFFFF, 0xFFFF, 0xFFFF, 0xFFFF, 0xFFFF, 0xFFDF, 0xEF7D, 0xE73C,
  0xEF5D, 0xF79E, 0xFFFF, 0xFFFF, 0xFFFF, 0xFFFF, 0xFFFF, 0xFFFF, 0xFFFF, 0xFFFF, 0xFFFF, 0xFFFF, 0xFFFF, 0xFFFF, 0xFFFF, 0xFFFF,
  0xFFFF, 0xFFFF, 0xFFFF, 0xFFFF, 0xFFFF, 0xFFFF, 0xFFFF, 0xFFFF, 0xFFFF, 0xFFFF, 0xFFFF, 0xFFFF, 0xFFFF, 0xFFFF, 0xFFFF, 0xFFFF,
  0xFFFF, 0xFFFF, 0xFFFF, 0xFFFF, 0xFFFF, 0xFFFF, 0xFFFF, 0xFFFF, 0xFFFF, 0xFFFF, 0xFFFF, 0xFFFF, 0xFFFF, 0xFFFF, 0xFFFF, 0xFFFF,
  0xFFFF, 0xFFFF, 0xFFFF, 0xFFFF, 0xFFFF, 0xFFFF, 0xFFFF, 0xFFFF, 0xFFFF, 0xFFFF, 0xFFFF, 0xFFFF, 0xFFFF, 0xFFFF, 0xFFFF, 0xFFFF,
  0xFFFF, 0xFFFF, 0xFFFF, 0xFFFF, 0xFFFF, 0xFFFF, 0xFFFF, 0xFFFF, 0xFFFF, 0xFFFF, 0xFFFF, 0xFFFF, 0xFFFF, 0xFFFF, 0xFFFF, 0xFFFF,
  0xFFFF, 0xFFFF, 0xFFFF, 0xFFFF, 0xFFFF, 0xFFFF, 0xFFFF, 0xFFFF, 0xFFFF, 0xFFFF, 0xFFFF, 0xFFFF, 0xFFFF, 0xFFFF, 0xFFFF, 0xFFFF,
  0xFFFF, 0xFFFF, 0xFFFF, 0xFFFF, 0xFFFF, 0xFFFF, 0xFFFF, 0xFFFF, 0xFFFF, 0xFFFF, 0xFFFF, 0xFFFF, 0xFFFF, 0xFFFF, 0xFFFF, 0xFFFF,
  0xFFFF, 0xFFFF, 0xFFFF, 0xFFFF, 0xFFBF, 0xE63A, 0xDDB6, 0xEE17, 0xFEB8, 0xFEF9, 0xFF1A, 0xFF1A, 0xFF3A, 0xFF5B, 0xFF5B, 0xFF5A,
  0xFF5B, 0xFF5B, 0xFF5B, 0xFF9B, 0xFFBD, 0xFFDF, 0xFFFF, 0xFFFF, 0xFFFF, 0xFFFF, 0xFFFF, 0xFFFF, 0xFFFF, 0xF73D, 0xEDF7, 0xEDF6,
  0xE4F2, 0xD32B, 0xD249, 0xCA49, 0xCA49, 0xE513, 0xF698, 0xFF19, 0xFF3A, 0xFF5A, 0xFF39, 0xFF7B, 0xFFDE, 0xFFFF, 0xFFFF, 0xFFFF,
  0xFFFF, 0xFFFF, 0xFFFF, 0xFFFF, 0xFFFF, 0xFFFF, 0xFFFF, 0xFFFF, 0xFFFF, 0xFFFF, 0xFFFF, 0xFFFF, 0xFFFF, 0xFFFF, 0xFFFF, 0xFFFF,
  0xFFFF, 0xFFFF, 0xFFFF, 0xFFFF, 0xFFFF, 0xFFFF, 0xFFFF, 0xFFFF, 0xFFFF, 0xFFFF, 0xFFFF, 0xFFFF, 0xFFFF, 0xFFFF, 0xFFFF, 0xFFFF,
  0xFFFF, 0xFFFF, 0xFFFF, 0xFFFF, 0xFFFF, 0xFFFF, 0xFFFF, 0xFFFF, 0xFFFF, 0xFFFF, 0xFFFF, 0xFFFF, 0xFFFF, 0xFFFF, 0xFFFF, 0xFFFF,
  0xFFFF, 0xFFFF, 0xFFFF, 0xFFFF, 0xFFFF, 0xFFFF, 0xFFFF, 0xFFFF, 0xFFFF, 0xFFFF, 0xFFFF, 0xFFFF, 0xFFFF, 0xFFFF, 0xFFFF, 0xFFFF,
  0xFFFF, 0xFFFF, 0xFFFF, 0xFFFF, 0xFFFF, 0xFFFF, 0xFFFF, 0xFFFF, 0xFFFF, 0xFFFF, 0xFFFF, 0xE71C, 0xAD14, 0x732D, 0x5249, 0x5228,
  0x5A69, 0x62AA, 0x9C50, 0xE6DB, 0xFFFF, 0xFFFF, 0xFFFF, 0xFFFF, 0xFFFF, 0xFFFF, 0xFFFF, 0xFFFF, 0xFFFF, 0xFFFF, 0xFFFF, 0xFFFF,
  0xFFFF, 0xFFFF, 0xFFFF, 0xFFFF, 0xFFFF, 0xFFFF, 0xFFFF, 0xFFFF, 0xFFFF, 0xFFFF, 0xFFFF, 0xFFFF, 0xFFFF, 0xFFFF, 0xFFFF, 0xFFFF,
  0xFFFF, 0xFFFF, 0xFFFF, 0xFFFF, 0xFFFF, 0xFFFF, 0xFFFF, 0xFFFF, 0xFFFF, 0xFFFF, 0xFFFF, 0xFFFF, 0xFFFF, 0xFFFF, 0xFFFF, 0xFFFF,
  0xFFFF, 0xFFFF, 0xFFFF, 0xFFFF, 0xFFFF, 0xFFFF, 0xFFFF, 0xFFFF, 0xFFFF, 0xFFFF, 0xFFFF, 0xFFFF, 0xFFFF, 0xFFFF, 0xFFFF, 0xFFFF,
  0xFFFF, 0xFFFF, 0xFFFF, 0xFFFF, 0xFFFF, 0xFFFF, 0xFFFF, 0xFFFF, 0xFFFF, 0xFFFF, 0xFFFF, 0xFFFF, 0xFFFF, 0xFFFF, 0xFFFF, 0xFFFF,
  0xFFFF, 0xFFFF, 0xFFFF, 0xFFFF, 0xFFFF, 0xFFFF, 0xFFFF, 0xFFFF, 0xFFFF, 0xFFFF, 0xFFFF, 0xFFFF, 0xFFFF, 0xFFFF, 0xFFFF, 0xFFFF,
  0xFFFF, 0xFFFF, 0xFFFF, 0xFFFF, 0xFFFF, 0xFFFF, 0xFFFF, 0xFFFF, 0xFFFF, 0xFFFF, 0xFFFF, 0xFFFF, 0xFFFF, 0xFFFF, 0xFFFF, 0xFFFF,
  0xFFFF, 0xFFFF, 0xFFFF, 0xFFFF, 0xFFDF, 0xE639, 0xD596, 0xDDB6, 0xEE38, 0xFEB9, 0xFF3A, 0xFF5B, 0xFF3A, 0xFF5B, 0xFF7B, 0xFF5B,
  0xFF5B, 0xFF5B, 0xFF7B, 0xFF7B, 0xFF7B, 0xFFBD, 0xFFFF, 0xFFFF, 0xFFFF, 0xFFFF, 0xFFFF, 0xFFFF, 0xFFFF, 0xFFFF, 0xEE7A, 0xEDF6,
  0xF5F6, 0xE490, 0xDACA, 0xD28A, 0xCA49, 0xCAEB, 0xEDD6, 0xFED9, 0xFF5A, 0xFF7B, 0xFF19, 0xFF3A, 0xFFBE, 0xFFFF, 0xFFFF, 0xFFFF,
  0xFFFF, 0xFFFF, 0xFFFF, 0xFFFF, 0xFFFF, 0xFFFF, 0xFFFF, 0xFFFF, 0xFFFF, 0xFFFF, 0xFFFF, 0xFFFF, 0xFFFF, 0xFFFF, 0xFFFF, 0xFFFF,
  0xFFFF, 0xFFFF, 0xFFFF, 0xFFFF, 0xFFFF, 0xFFFF, 0xFFFF, 0xFFFF, 0xFFFF, 0xFFFF, 0xFFFF, 0xFFFF, 0xFFFF, 0xFFFF, 0xFFFF, 0xFFFF,
  0xFFFF, 0xFFFF, 0xFFFF, 0xFFFF, 0xFFFF, 0xFFFF, 0xFFFF, 0xFFFF, 0xFFFF, 0xFFFF, 0xFFFF, 0xFFFF, 0xFFFF, 0xFFFF, 0xFFFF, 0xFFFF,
  0xFFFF, 0xFFFF, 0xFFFF, 0xFFFF, 0xFFFF, 0xFFFF, 0xFFFF, 0xFFFF, 0xFFFF, 0xFFFF, 0xFFFF, 0xFFFF, 0xFFFF, 0xFFFF, 0xFFFF, 0xFFFF,
  0xFFFF, 0xFFFF, 0xFFFF, 0xFFFF, 0xFFFF, 0xFFFF, 0xFFFF, 0xFFFF, 0xFFFF, 0xFFFF, 0xA4F4, 0x41E8, 0x2904, 0x20E4, 0x20E3, 0x2904,
  0x2904, 0x2904, 0x3104, 0x5A27, 0xB513, 0xFFFF, 0xFFFF, 0xFFFF, 0xFFFF, 0xFFFF, 0xFFFF, 0xFFFF, 0xFFFF, 0xFFFF, 0xFFFF, 0xFFFF,
  0xFFFF, 0xFFFF, 0xFFFF, 0xFFFF, 0xFFFF, 0xFFFF, 0xFFFF, 0xFFFF, 0xFFFF, 0xFFFF, 0xFFFF, 0xFFFF, 0xFFFF, 0xFFFF, 0xFFFF, 0xFFFF,
  0xFFFF, 0xFFFF, 0xFFFF, 0xFFFF, 0xFFFF, 0xFFFF, 0xFFFF, 0xFFFF, 0xFFFF, 0xFFFF, 0xFFFF, 0xFFFF, 0xFFFF, 0xFFFF, 0xFFFF, 0xFFFF,
  0xFFFF, 0xFFFF, 0xFFFF, 0xFFFF, 0xFFFF, 0xFFFF, 0xFFFF, 0xFFFF, 0xFFFF, 0xFFFF, 0xFFFF, 0xFFFF, 0xFFFF, 0xFFFF, 0xFFFF, 0xFFFF,
  0xFFFF, 0xFFFF, 0xFFFF, 0xFFFF, 0xFFFF, 0xFFFF, 0xFFFF, 0xFFFF, 0xFFFF, 0xFFFF, 0xFFFF, 0xFFFF, 0xFFFF, 0xFFFF, 0xFFFF, 0xFFFF,
  0xFFFF, 0xFFFF, 0xFFFF, 0xFFFF, 0xFFFF, 0xFFFF, 0xFFFF, 0xFFFF, 0xFFFF, 0xFFFF, 0xFFFF, 0xFFFF, 0xFFFF, 0xFFFF, 0xFFFF, 0xFFFF,
  0xFFFF, 0xFFFF, 0xFFFF, 0xFFFF, 0xFFFF, 0xFFFF, 0xFFFF, 0xFFFF, 0xFFFF, 0xFFFF, 0xFFFF, 0xFFFF, 0xFFFF, 0xFFFF, 0xFFFF, 0xFFFF,
  0xFFFF, 0xFFFF, 0xFFFF, 0xFFFF, 0xFFFF, 0xE67A, 0xD554, 0xD554, 0xDDF7, 0xEE58, 0xFEFA, 0xFF5B, 0xFF5B, 0xFF5B, 0xFF5B, 0xFF5B,
  0xFF7B, 0xFF7B, 0xFF7B, 0xFF7B, 0xFF7B, 0xFF7B, 0xFFBD, 0xFFFF, 0xFFFF, 0xFFFF, 0xFFFF, 0xFFFF, 0xFFFF, 0xFFFF, 0xFFBE, 0xEE39,
  0xF658, 0xFE16, 0xF40F, 0xDACA, 0xD28A, 0xCA08, 0xDC30, 0xF698, 0xFF1A, 0xFF7B, 0xFF3A, 0xFF39, 0xFFBD, 0xFFFF, 0xFFFF, 0xFFFF,
  0xFFFF, 0xFFFF, 0xFFFF, 0xFFFF, 0xFFFF, 0xFFFF, 0xFFFF, 0xFFFF, 0xFFFF, 0xFFFF, 0xFFFF, 0xFFFF, 0xFFFF, 0xFFFF, 0xFFFF, 0xFFFF,
  0xFFFF, 0xFFFF, 0xFFFF, 0xFFFF, 0xFFFF, 0xFFFF, 0xFFFF, 0xFFFF, 0xFFFF, 0xFFFF, 0xFFFF, 0xFFFF, 0xFFFF, 0xFFFF, 0xFFFF, 0xFFFF,
  0xFFFF, 0xFFFF, 0xFFFF, 0xFFFF, 0xFFFF, 0xFFFF, 0xFFFF, 0xFFFF, 0xFFFF, 0xFFFF, 0xFFFF, 0xFFFF, 0xFFFF, 0xFFFF, 0xFFFF, 0xFFFF,
  0xFFFF, 0xFFFF, 0xFFFF, 0xFFFF, 0xFFFF, 0xFFFF, 0xFFFF, 0xFFFF, 0xFFFF, 0xFFFF, 0xFFFF, 0xFFFF, 0xFFFF, 0xFFFF, 0xFFFF, 0xFFFF,
  0xFFFF, 0xFFFF, 0xFFFF, 0xFFFF, 0xFFFF, 0xFFFF, 0xFFFF, 0xFFFF, 0xFFFF, 0x8C52, 0x2905, 0x20C3, 0x20E3, 0x20E3, 0x18C3, 0x18C3,
  0x20E3, 0x2904, 0x2904, 0x3124, 0x51C5, 0xD617, 0xFFFF, 0xFFFF, 0xFFFF, 0xFFFF, 0xFFFF, 0xFFFF, 0xFFFF, 0xFFFF, 0xFFFF, 0xFFFF,
  0xFFFF, 0xFFFF, 0xFFFF, 0xFFFF, 0xFFFF, 0xFFFF, 0xFFFF, 0xFFFF, 0xFFFF, 0xFFFF, 0xFFFF, 0xFFFF, 0xFFFF, 0xFFFF, 0xFFFF, 0xFFFF,
  0xFFFF, 0xFFFF, 0xFFFF, 0xFFFF, 0xFFFF, 0xFFFF, 0xFFFF, 0xFFFF, 0xFFFF, 0xFFFF, 0xFFFF, 0xFFFF, 0xFFFF, 0xFFFF, 0xFFFF, 0xFFFF,
  0xFFFF, 0xFFFF, 0xFFFF, 0xFFFF, 0xFFFF, 0xFFFF, 0xFFFF, 0xFFFF, 0xFFFF, 0xFFFF, 0xFFFF, 0xFFFF, 0xFFFF, 0xFFFF, 0xFFFF, 0xFFFF,
  0xFFFF, 0xFFFF, 0xFFFF, 0xFFFF, 0xFFFF, 0xFFFF, 0xFFFF, 0xFFFF, 0xFFFF, 0xFFFF, 0xFFFF, 0xFFFF, 0xFFFF, 0xFFFF, 0xFFFF, 0xFFFF,
  0xFFFF, 0xFFFF, 0xFFFF, 0xFFFF, 0xFFFF, 0xFFFF, 0xFFFF, 0xFFFF, 0xFFFF, 0xFFFF, 0xFFFF, 0xFFFF, 0xFFFF, 0xFFFF, 0xFFFF, 0xFFFF,
  0xFFFF, 0xFFFF, 0xFFFF, 0xFFFF, 0xFFFF, 0xFFFF, 0xFFFF, 0xFFFF, 0xFFFF, 0xFFFF, 0xFFFF, 0xFFFF, 0xFFFF, 0xFFFF, 0xFFFF, 0xFFFF,
  0xFFFF, 0xFFFF, 0xFFFF, 0xFFFF, 0xFFFF, 0xF73D, 0xD595, 0xCCF2, 0xCD33, 0xDDF7, 0xEE58, 0xFED9, 0xFF1A, 0xFF5B, 0xFF5B, 0xFF5B,
  0xFF7B, 0xFF7B, 0xFF5B, 0xFF7B, 0xFF7B, 0xFF5B, 0xFF7B, 0xFFBD, 0xFFFF, 0xFFFF, 0xFFFF, 0xFFFF, 0xFFFF, 0xFFFF, 0xFFFF, 0xF71C,
  0xEE38, 0xFED9, 0xFDB4, 0xF34C, 0xDA8A, 0xD229, 0xD32C, 0xF637, 0xFEF9, 0xFF5A, 0xFF3A, 0xFF3A, 0xFFBD, 0xFFFF, 0xFFFF, 0xFFFF,
  0xFFFF, 0xFFFF, 0xFFFF, 0xFFFF, 0xFFFF, 0xFFFF, 0xFFFF, 0xFFFF, 0xFFFF, 0xFFFF, 0xFFFF, 0xFFFF, 0xFFFF, 0xFFFF, 0xFFFF, 0xFFFF,
  0xFFFF, 0xFFFF, 0xFFFF, 0xFFFF, 0xFFFF, 0xFFFF, 0xFFFF, 0xFFFF, 0xFFFF, 0xFFFF, 0xFFFF, 0xFFFF, 0xFFFF, 0xFFFF, 0xFFFF, 0xFFFF,
  0xFFFF, 0xFFFF, 0xFFFF, 0xFFFF, 0xFFFF, 0xFFFF, 0xFFFF, 0xFFFF, 0xFFFF, 0xFFFF, 0xFFFF, 0xFFFF, 0xFFFF, 0xFFFF, 0xFFFF, 0xFFFF,
  0xFFFF, 0xFFFF, 0xFFFF, 0xFFFF, 0xFFFF, 0xFFFF, 0xFFFF, 0xFFFF, 0xFFFF, 0xFFFF, 0xFFFF, 0xFFFF, 0xFFFF, 0xFFFF, 0xFFFF, 0xFFFF,
  0xFFFF, 0xFFFF, 0xFFFF, 0xFFFF, 0xFFFF, 0xFFFF, 0xFFFF, 0xFFDF, 0x83F1, 0x20E4, 0x2904, 0x20C3, 0x20A3, 0x18A2, 0x1061, 0x1061,
  0x18A2, 0x20C3, 0x20E3, 0x3124, 0x3124, 0x834B, 0xFFDF, 0xFFFF, 0xFFFF, 0xFFFF, 0xFFFF, 0xFFFF, 0xFFFF, 0xFFFF, 0xFFFF, 0xFFFF,
  0xFFFF, 0xFFFF, 0xFFFF, 0xFFFF, 0xFFFF, 0xFFFF, 0xFFFF, 0xFFFF, 0xFFFF, 0xFFFF, 0xFFFF, 0xFFFF, 0xFFFF, 0xFFFF, 0xFFFF, 0xFFFF,
  0xFFFF, 0xFFFF, 0xFFFF, 0xFFFF, 0xFFFF, 0xFFFF, 0xFFFF, 0xFFFF, 0xFFFF, 0xFFFF, 0xFFFF, 0xFFFF, 0xFFFF, 0xFFFF, 0xFFFF, 0xFFFF,
  0xFFFF, 0xFFFF, 0xFFFF, 0xFFFF, 0xFFFF, 0xFFFF, 0xFFFF, 0xFFFF, 0xFFFF, 0xFFFF, 0xFFFF, 0xFFFF, 0xFFFF, 0xFFFF, 0xFFFF, 0xFFFF,
  0xFFFF, 0xFFFF, 0xFFFF, 0xFFFF, 0xFFFF, 0xFFFF, 0xFFFF, 0xFFFF, 0xFFFF, 0xFFFF, 0xFFFF, 0xFFFF, 0xFFFF, 0xFFFF, 0xFFFF, 0xFFFF,
  0xFFFF, 0xFFFF, 0xFFFF, 0xFFFF, 0xFFFF, 0xFFFF, 0xFFFF, 0xFFFF, 0xFFFF, 0xFFFF, 0xFFFF, 0xFFFF, 0xFFFF, 0xFFFF, 0xFFFF, 0xFFFF,
  0xFFFF, 0xFFFF, 0xFFFF, 0xFFFF, 0xFFFF, 0xFFFF, 0xFFFF, 0xFFFF, 0xFFFF, 0xFFFF, 0xFFFF, 0xFFFF, 0xFFFF, 0xFFFF, 0xFFFF, 0xFFFF,
  0xFFFF, 0xFFFF, 0xFFFF, 0xFFFF, 0xFFFF, 0xFFDF, 0xE639, 0xD553, 0xC490, 0xC470, 0xD595, 0xE617, 0xF658, 0xFED9, 0xFF1A, 0xFF5B,
  0xFF5B, 0xFF5B, 0xFF5B, 0xFF5A, 0xFF7B, 0xFF7B, 0xFF7B, 0xFF9B, 0xFFDE, 0xFFFF, 0xFFFF, 0xFFFF, 0xFFFF, 0xFFFF, 0xFFFF, 0xFFDF,
  0xEE9A, 0xF699, 0xFEB8, 0xFC50, 0xEAAB, 0xD26A, 0xD28A, 0xEDB5, 0xFF1A, 0xFF5A, 0xFF5A, 0xFF39, 0xFFBD, 0xFFFF, 0xFFFF, 0xFFFF,
  0xFFFF, 0xFFFF, 0xFFFF, 0xFFFF, 0xFFFF, 0xFFFF, 0xFFFF, 0xFFFF, 0xFFFF, 0xFFFF, 0xFFFF, 0xFFFF, 0xFFFF, 0xFFFF, 0xFFFF, 0xFFFF,
  0xFFFF, 0xFFFF, 0xFFFF, 0xFFFF, 0xFFFF, 0xFFFF, 0xFFFF, 0xFFFF, 0xFFFF, 0xFFFF, 0xFFFF, 0xFFFF, 0xFFFF, 0xFFFF, 0xFFFF, 0xFFFF,
  0xFFFF, 0xFFFF, 0xFFFF, 0xFFFF, 0xFFFF, 0xFFFF, 0xFFFF, 0xFFFF, 0xFFFF, 0xFFFF, 0xFFFF, 0xFFFF, 0xFFFF, 0xFFFF, 0xFFFF, 0xFFFF,
  0xFFFF, 0xFFFF, 0xFFFF, 0xFFFF, 0xFFFF, 0xFFFF, 0xFFFF, 0xFFFF, 0xFFFF, 0xFFFF, 0xFFFF, 0xFFFF, 0xFFFF, 0xFFFF, 0xFFFF, 0xFFFF,
  0xFFFF, 0xFFFF, 0xFFFF, 0xFFFF, 0xFFFF, 0xFFFF, 0xFFFF, 0xB596, 0x2105, 0x2904, 0x20E3, 0x1882, 0x1061, 0x0841, 0x0820, 0x0020,
  0x1061, 0x18C3, 0x20E3, 0x2904, 0x3144, 0x6227, 0xE6FA, 0xFFFF, 0xFFFF, 0xFFFF, 0xFFFF, 0xFFFF, 0xFFFF, 0xFFFF, 0xFFFF, 0xFFFF,
  0xFFFF, 0xFFFF, 0xFFFF, 0xFFFF, 0xFFFF, 0xFFFF, 0xFFFF, 0xFFFF, 0xFFFF, 0xFFFF, 0xFFFF, 0xFFFF, 0xFFFF, 0xFFFF, 0xFFFF, 0xFFFF,
  0xFFFF, 0xFFFF, 0xFFFF, 0xFFFF, 0xFFFF, 0xFFFF, 0xFFFF, 0xFFFF, 0xFFFF, 0xFFFF, 0xFFFF, 0xFFFF, 0xFFFF, 0xFFFF, 0xFFFF, 0xFFFF,
  0xFFFF, 0xFFFF, 0xFFFF, 0xFFFF, 0xFFFF, 0xFFFF, 0xFFFF, 0xFFFF, 0xFFFF, 0xFFFF, 0xFFFF, 0xFFFF, 0xFFFF, 0xFFFF, 0xFFFF, 0xFFFF,
  0xFFFF, 0xFFFF, 0xFFFF, 0xFFFF, 0xFFFF, 0xFFFF, 0xFFFF, 0xFFFF, 0xFFFF, 0xFFFF, 0xFFFF, 0xFFFF, 0xFFFF, 0xFFFF, 0xFFFF, 0xFFFF,
  0xFFFF, 0xFFFF, 0xFFFF, 0xFFFF, 0xFFFF, 0xFFFF, 0xFFFF, 0xFFFF, 0xFFFF, 0xFFFF, 0xFFFF, 0xFFFF, 0xFFFF, 0xFFFF, 0xFFFF, 0xFFFF,
  0xFFFF, 0xFFFF, 0xFFFF, 0xFFFF, 0xFFFF, 0xFFFF, 0xFFFF, 0xFFFF, 0xFFFF, 0xFFFF, 0xFFFF, 0xFFFF, 0xFFFF, 0xFFFF, 0xFFFF, 0xFFFF,
  0xFFFF, 0xFFFF, 0xFFFF, 0xFFFF, 0xFFFF, 0xFFFF, 0xF75D, 0xDD96, 0xCD12, 0xBC0E, 0xBBAD, 0xC450, 0xDDB6, 0xE658, 0xF678, 0xFEB8,
  0xFEF9, 0xFEF9, 0xFF1A, 0xFF5B, 0xFF5B, 0xFF7B, 0xFF7B, 0xFF5B, 0xFF9C, 0xFFFF, 0xFFFF, 0xFFFF, 0xFFFF, 0xFFFF, 0xFFFF, 0xFFFF,
  0xF75D, 0xE618, 0xFEF9, 0xFDB4, 0xFB4D, 0xE2CB, 0xD26A, 0xED13, 0xFF3A, 0xFF5A, 0xFF5A, 0xFF39, 0xFFBD, 0xFFFF, 0xFFFF, 0xFFFF,
  0xFFFF, 0xFFFF, 0xFFFF, 0xFFFF, 0xFFFF, 0xFFFF, 0xFFFF, 0xFFFF, 0xFFFF, 0xFFFF, 0xFFFF, 0xFFFF, 0xFFFF, 0xFFFF, 0xFFFF, 0xFFFF,
  0xFFFF, 0xFFFF, 0xFFFF, 0xFFFF, 0xFFFF, 0xFFFF, 0xFFFF, 0xFFFF, 0xFFFF, 0xFFFF, 0xFFFF, 0xFFFF, 0xFFFF, 0xFFFF, 0xFFFF, 0xFFFF,
  0xFFFF, 0xFFFF, 0xFFBE, 0xF6FA, 0xFFFF, 0xFFFF, 0xFFFF, 0xFFFF, 0xFFFF, 0xFFFF, 0xFFFF, 0xFFFF, 0xFFFF, 0xFFFF, 0xFFFF, 0xFFFF,
  0xFFFF, 0xFFFF, 0xFFFF, 0xFFFF, 0xFFFF, 0xFFFF, 0xFFFF, 0xFFFF, 0xFFFF, 0xFFFF, 0xFFFF, 0xFFFF, 0xFFFF, 0xFFFF, 0xFFFF, 0xFFFF,
  0xFFFF, 0xFFFF, 0xFFFF, 0xFFFF, 0xFFFF, 0xFFFF, 0xEF5D, 0x4A2A, 0x20E4, 0x2904, 0x18A2, 0x1041, 0x0000, 0x0000, 0x0000, 0x0000,
  0x0820, 0x20C3, 0x20C3, 0x1882, 0x20A2, 0x3902, 0xD637, 0xFFFF, 0xFFDF, 0xFFFF, 0xFFFF, 0xFFFF, 0xFFDF, 0xFFBE, 0xFFBD, 0xFF9C,
  0xFFBE, 0xFFFF, 0xFFFF, 0xFFFF, 0xFFFF, 0xFFFF, 0xFFFF, 0xFFFF, 0xFFFF, 0xFFFF, 0xFFFF, 0xFFFF, 0xFFFF, 0xFFFF, 0xFFFF, 0xFFFF,
  0xFFFF, 0xFFFF, 0xFFFF, 0xFFFF, 0xFFFF, 0xFFFF, 0xFFFF, 0xFFFF, 0xFFFF, 0xFFFF, 0xFFFF, 0xFFFF, 0xFFFF, 0xFFFF, 0xFFFF, 0xFFFF,
  0xFFFF, 0xFFFF, 0xFFFF, 0xFFFF, 0xFFFF, 0xFFFF, 0xFFFF, 0xFFFF, 0xFFFF, 0xFFFF, 0xFFFF, 0xFFFF, 0xFFFF, 0xFFFF, 0xFFFF, 0xFFFF,
  0xFFFF, 0xFFFF, 0xFFFF, 0xFFFF, 0xFFFF, 0xFFFF, 0xFFFF, 0xFFFF, 0xFFFF, 0xFFFF, 0xFFFF, 0xFFFF, 0xFFFF, 0xFFFF, 0xFFFF, 0xFFFF,
  0xFFFF, 0xFFFF, 0xFFFF, 0xFFFF, 0xFFFF, 0xFFFF, 0xFFFF, 0xFFFF, 0xFFFF, 0xFFFF, 0xFFFF, 0xFFFF, 0xFFFF, 0xFFFF, 0xFFFF, 0xFFFF,
  0xFFFF, 0xFFFF, 0xFFFF, 0xFFFF, 0xFFFF, 0xFFFF, 0xFFFF, 0xFFFF, 0xFFFF, 0xFFFF, 0xFFFF, 0xFFFF, 0xFFFF, 0xFFFF, 0xFFFF, 0xFFFF,
  0xFFFF, 0xFFFF, 0xFFFF, 0xFFFF, 0xFFFF, 0xFFFF, 0xFFFF, 0xEEBB, 0xD554, 0xCCF2, 0xBBEE, 0xB30B, 0xB30B, 0xC3EF, 0xD4F3, 0xDD75,
  0xE5F6, 0xEE37, 0xFE98, 0xFED9, 0xFF3A, 0xFF7B, 0xFF7B, 0xFF7B, 0xFF7B, 0xFFBE, 0xFFFF, 0xFFFF, 0xFFFF, 0xFFFF, 0xFFFF, 0xFFFF,
  0xFFFF, 0xEE7B, 0xF658, 0xFE97, 0xFC71, 0xF32D, 0xDA8A, 0xE471, 0xFF1A, 0xFF5B, 0xFF5B, 0xFF39, 0xFF9D, 0xFFFF, 0xFFFF, 0xFFFF,
  0xFFFF, 0xFFFF, 0xFFFF, 0xFFFF, 0xFFFF, 0xFFFF, 0xFFFF, 0xFFFF, 0xFFFF, 0xFFFF, 0xFFFF, 0xFFFF, 0xFFFF, 0xFFFF, 0xFFFF, 0xFFFF,
  0xFFFF, 0xFFFF, 0xFFFF, 0xFFFF, 0xFFFF, 0xFFFF, 0xFFFF, 0xFFFF, 0xFFFF, 0xFFFF, 0xFFFF, 0xFFFF, 0xFFFF, 0xFFFF, 0xFFFF, 0xFFDF,
  0xFFFF, 0xE6DB, 0x7A87, 0x79A2, 0xDDB4, 0xFFFF, 0xFFFF, 0xFFFF, 0xFFFF, 0xFFFF, 0xFFFF, 0xFFFF, 0xFFFF, 0xFFFF, 0xFFFF, 0xFFFF,
  0xFFFF, 0xFFFF, 0xFFFF, 0xFFFF, 0xFFFF, 0xFFFF, 0xFFFF, 0xFFFF, 0xFFFF, 0xFFFF, 0xFFFF, 0xFFFF, 0xFFFF, 0xFFFF, 0xFFFF, 0xFFFF,
  0xFFFF, 0xFFFF, 0xFFFF, 0xFFFF, 0xFFFF, 0xFFFF, 0xA535, 0x18A4, 0x20E4, 0x20C3, 0x1882, 0x0820, 0x0820, 0x0841, 0x0841, 0x0841,
  0x0820, 0x0841, 0x1882, 0x49C7, 0x7B4C, 0xACB1, 0xEF3C, 0xFFDE, 0xFFBE, 0xFFDE, 0xFFDE, 0xFF9D, 0xFEFB, 0xFEDA, 0xFED9, 0xFF3A,
  0xFF9C, 0xFFDE, 0xFFFF, 0xFFFF, 0xFFFF, 0xFFFF, 0xFFFF, 0xFFFF, 0xFFFF, 0xFFFF, 0xFFFF, 0xFFFF, 0xFFFF, 0xFFFF, 0xFFFF, 0xFFFF,
  0xFFFF, 0xFFFF, 0xFFFF, 0xFFFF, 0xFFFF, 0xFFFF, 0xFFFF, 0xFFFF, 0xFFFF, 0xFFFF, 0xFFFF, 0xFFFF, 0xFFFF, 0xFFFF, 0xFFFF, 0xFFFF,
  0xFFFF, 0xFFFF, 0xFFFF, 0xFFFF, 0xFFFF, 0xFFFF, 0xFFFF, 0xFFFF, 0xFFFF, 0xFFFF, 0xFFFF, 0xFFFF, 0xFFFF, 0xFFFF, 0xFFFF, 0xFFFF,
  0xFFFF, 0xFFFF, 0xFFFF, 0xFFFF, 0xFFFF, 0xFFFF, 0xFFFF, 0xFFFF, 0xFFFF, 0xFFFF, 0xFFFF, 0xFFFF, 0xFFFF, 0xFFFF, 0xFFFF, 0xFFFF,
  0xFFFF, 0xFFFF, 0xFFFF, 0xFFFF, 0xFFFF, 0xFFFF, 0xFFFF, 0xFFFF, 0xFFFF, 0xFFFF, 0xFFFF, 0xFFFF, 0xFFFF, 0xFFFF, 0xFFFF, 0xFFFF,
  0xFFFF, 0xFFFF, 0xFFFF, 0xFFFF, 0xFFFF, 0xFFFF, 0xFFFF, 0xFFFF, 0xFFFF, 0xFFFF, 0xFFFF, 0xFFFF, 0xFFFF, 0xFFFF, 0xFFFF, 0xFFFF,
  0xFFFF, 0xFFFF, 0xFFFF, 0xFFFF, 0xFFFF, 0xFFFF, 0xFFFF, 0xFFDF, 0xE659, 0xCD13, 0xCCD2, 0xC450, 0xBB8D, 0xAA28, 0xA166, 0xAA29,
  0xBB2C, 0xC430, 0xDD74, 0xEE37, 0xF6B8, 0xFF1A, 0xFF3A, 0xFF7B, 0xFF5B, 0xFF9C, 0xFFDF, 0xFFFF, 0xFFFF, 0xFFFF, 0xFFFF, 0xFFFF,
  0xFFFF, 0xF73D, 0xE5F8, 0xFF19, 0xFDB5, 0xFBEF, 0xE2AB, 0xE3EF, 0xFEF9, 0xFF5A, 0xFF5B, 0xFF39, 0xFFBD, 0xFFFF, 0xFFFF, 0xFFFF,
  0xFFFF, 0xFFFF, 0xFFFF, 0xFFFF, 0xFFFF, 0xFFFF, 0xFFFF, 0xFFFF, 0xFFFF, 0xFFFF, 0xFFFF, 0xFFFF, 0xFFFF, 0xFFFF, 0xFFFF, 0xFFFF,
  0xFFFF, 0xFFFF, 0xFFFF, 0xFFFF, 0xFFFF, 0xFFFF, 0xFFFF, 0xFFFF, 0xFFFF, 0xFFFF, 0xFFFF, 0xFFFF, 0xFFFF, 0xFFFF, 0xFFDF, 0xFFFF,
  0xDE79, 0x61A4, 0x5920, 0x3080, 0x8286, 0xFFFF, 0xFFFF, 0xFFFF, 0xFFFF, 0xFFFF, 0xFFFF, 0xFFFF, 0xFFFF, 0xFFFF, 0xFFFF, 0xFFFF,
  0xFFFF, 0xFFFF, 0xFFFF, 0xFFFF, 0xFFFF, 0xFFFF, 0xFFFF, 0xFFFF, 0xFFFF, 0xFFFF, 0xFFFF, 0xFFFF, 0xFFFF, 0xFFFF, 0xFFFF, 0xFFFF,
  0xFFFF, 0xFFFF, 0xFFFF, 0xFFFF, 0xFFFF, 0xFFFF, 0x6B6F, 0x18A3, 0x2904, 0x18A2, 0x1061, 0x0820, 0x18A2, 0x20C3, 0x1862, 0x0000,
  0x2925, 0x8BCF, 0xCE17, 0xFF7D, 0xFF9D, 0xFFDE, 0xFF9D, 0xFF7C, 0xFF7C, 0xFF7C, 0xFF9C, 0xFF7C, 0xFF5B, 0xFF1A, 0xFF3A, 0xFF19,
  0xFF18, 0xFF9C, 0xFFDE, 0xFFFF, 0xFFFF, 0xFFFF, 0xFFFF, 0xFFFF, 0xFFFF, 0xFFFF, 0xFFFF, 0xFFFF, 0xFFFF, 0xFFFF, 0xFFFF, 0xFFFF,
  0xFFFF, 0xFFFF, 0xFFFF, 0xFFFF, 0xFFFF, 0xFFFF, 0xFFFF, 0xFFFF, 0xFFFF, 0xFFFF, 0xFFFF, 0xFFFF, 0xFFFF, 0xFFFF, 0xFFFF, 0xFFFF,
  0xFFFF, 0xFFFF, 0xFFFF, 0xFFFF, 0xFFFF, 0xFFFF, 0xFFFF, 0xFFFF, 0xFFFF, 0xFFFF, 0xFFFF, 0xFFFF, 0xFFFF, 0xFFFF, 0xFFFF, 0xFFFF,
  0xFFFF, 0xFFFF, 0xFFFF, 0xFFFF, 0xFFFF, 0xFFFF, 0xFFFF, 0xFFFF, 0xFFFF, 0xFFFF, 0xFFFF, 0xFFFF, 0xFFFF, 0xFFFF, 0xFFFF, 0xFFFF,
  0xFFFF, 0xFFFF, 0xFFFF, 0xFFFF, 0xFFFF, 0xFFFF, 0xFFFF, 0xFFFF, 0xFFFF, 0xFFFF, 0xFFFF, 0xFFFF, 0xFFFF, 0xFFFF, 0xFFFF, 0xFFFF,
  0xFFFF, 0xFFFF, 0xFFFF, 0xFFFF, 0xFFFF, 0xFFFF, 0xFFFF, 0xFFFF, 0xFFFF, 0xFFFF, 0xFFFF, 0xFFFF, 0xFFFF, 0xFFFF, 0xFFFF, 0xFFFF,
  0xFFFF, 0xFFFF, 0xFFFF, 0xFFFF, 0xFFFF, 0xFFFF, 0xFFFF, 0xFFFF, 0xFFDF, 0xE659, 0xD534, 0xD533, 0xC4B1, 0xBBCE, 0xB269, 0xB1A6,
  0xA986, 0xA986, 0xB208, 0xC32C, 0xD513, 0xF657, 0xFEF9, 0xFF5B, 0xFF7B, 0xFF5B, 0xFFBD, 0xFFFF, 0xFFFF, 0xFFFF, 0xFFFF, 0xFFFF,
  0xFFFF, 0xFFDF, 0xE61A, 0xF6B9, 0xFE97, 0xFC91, 0xEAEC, 0xDB8E, 0xFEFA, 0xFF5B, 0xFF3A, 0xFF19, 0xFFBE, 0xFFFF, 0xFFFF, 0xFFFF,
  0xFFDF, 0xFFFF, 0xFFFF, 0xFFFF, 0xFFFF, 0xFFFF, 0xFFFF, 0xFFFF, 0xFFFF, 0xFFFF, 0xFFFF, 0xFFFF, 0xFFFF, 0xFFFF, 0xFFFF, 0xFFFF,
  0xFFFF, 0xFFFF, 0xFFFF, 0xFFFF, 0xFFFF, 0xFFFF, 0xFFFF, 0xFFFF, 0xFFFF, 0xFFFF, 0xFFFF, 0xFFFF, 0xFFFF, 0xFFDF, 0xFFFF, 0xCDF8,
  0x5963, 0x48C0, 0x81A3, 0x9984, 0x50C0, 0xEE78, 0xFFFF, 0xFFFF, 0xFFFF, 0xFFFF, 0xFFFF, 0xFFFF, 0xFFFF, 0xFFFF, 0xFFFF, 0xFFFF,
  0xFFFF, 0xFFFF, 0xFFFF, 0xFFFF, 0xFFFF, 0xFFFF, 0xFFFF, 0xFFFF, 0xFFFF, 0xFFFF, 0xFFFF, 0xFFFF, 0xFFFF, 0xFFFF, 0xFFFF, 0xFFFF,
  0xFFFF, 0xFFFF, 0xFFFF, 0xFFFF, 0xFFFF, 0xF79E, 0x4A4B, 0x18C3, 0x2904, 0x20C3, 0x1861, 0x20A2, 0x28E3, 0x1882, 0x3145, 0x9C11,
  0xEE9A, 0xFF9E, 0xFF9E, 0xFF5D, 0xFF3C, 0xFF3C, 0xFF5C, 0xFF7C, 0xFF7C, 0xFF7C, 0xFF7C, 0xFF7C, 0xFF9C, 0xFF7C, 0xFF9C, 0xFF7B,
  0xFF7B, 0xFF7B, 0xFFBD, 0xFFDF, 0xFFFF, 0xFFFF, 0xFFFF, 0xFFFF, 0xFFFF, 0xFFFF, 0xFFDF, 0xD69A, 0xC5F7, 0xD659, 0xEF5D, 0xFFFF,
  0xFFFF, 0xFFFF, 0xFFFF, 0xFFFF, 0xFFFF, 0xFFFF, 0xFFFF, 0xFFFF, 0xFFFF, 0xFFFF, 0xFFFF, 0xFFFF, 0xFFFF, 0xFFFF, 0xFFFF, 0xFFFF,
  0xFFFF, 0xFFFF, 0xFFFF, 0xFFFF, 0xFFFF, 0xFFFF, 0xFFFF, 0xFFFF, 0xFFFF, 0xFFFF, 0xFFFF, 0xFFFF, 0xFFFF, 0xFFFF, 0xFFFF, 0xFFFF,
  0xFFFF, 0xFFFF, 0xFFFF, 0xFFFF, 0xFFFF, 0xFFFF, 0xFFFF, 0xFFFF, 0xFFFF, 0xFFFF, 0xFFFF, 0xFFFF, 0xFFFF, 0xFFFF, 0xFFFF, 0xFFFF,
  0xFFFF, 0xFFFF, 0xFFFF, 0xFFFF, 0xFFFF, 0xFFFF, 0xFFFF, 0xFFFF, 0xFFFF, 0xFFFF, 0xFFFF, 0xFFFF, 0xFFFF, 0xFFFF, 0xFFFF, 0xFFFF,
  0xFFFF, 0xFFFF, 0xFFFF, 0xFFFF, 0xFFFF, 0xFFFF, 0xFFFF, 0xFFFF, 0xFFFF, 0xFFFF, 0xFFFF, 0xFFFF, 0xFFFF, 0xFFFF, 0xFFFF, 0xFFFF,
  0xFFFF, 0xFFFF, 0xFFFF, 0xFFFF, 0xFFFF, 0xFFFF, 0xFFFF, 0xFFFF, 0xFFFF, 0xFFDF, 0xE659, 0xD574, 0xD533, 0xD4D2, 0xD4B1, 0xCBAD,
  0xC248, 0xB1E7, 0xB1C7, 0xA986, 0xB208, 0xD491, 0xF658, 0xFF1A, 0xFF5B, 0xFF5A, 0xFF9C, 0xFFFF, 0xFFFF, 0xFFFF, 0xFFFF, 0xFFFF,
  0xFFFF, 0xFFFF, 0xEEDC, 0xEE79, 0xFEF9, 0xFCD2, 0xEACB, 0xDBAE, 0xFEFA, 0xFF5B, 0xFF3A, 0xFF3A, 0xFFDE, 0xFFFF, 0xFFFF, 0xFFFF,
  0xFFFF, 0xFFFF, 0xFFFF, 0xFFFF, 0xFFFF, 0xFFFF, 0xFFFF, 0xFFFF, 0xFFFF, 0xFFFF, 0xFFFF, 0xFFFF, 0xFFFF, 0xFFFF, 0xFFFF, 0xFFFF,
  0xFFFF, 0xFFFF, 0xFFFF, 0xFFFF, 0xFFFF, 0xFFFF, 0xFFFF, 0xFFFF, 0xFFFF, 0xFFFF, 0xFFFF, 0xFFFF, 0xFFFF, 0xFFFF, 0xDE59, 0x5144,
  0x5921, 0x6121, 0xDB49, 0xFBAC, 0x5880, 0xAC4E, 0xFFFF, 0xFFDF, 0xFFFF, 0xFFFF, 0xFFFF, 0xFFFF, 0xFFFF, 0xFFFF, 0xFFFF, 0xFFFF,
  0xFFFF, 0xFFFF, 0xFFFF, 0xFFFF, 0xFFFF, 0xFFFF, 0xFFFF, 0xFFFF, 0xFFFF, 0xFFFF, 0xFFFF, 0xFFFF, 0xFFFF, 0xFFFF, 0xFFFF, 0xFFFF,
  0xFFFF, 0xFFFF, 0xFFFF, 0xFFFF, 0xFFFF, 0xEF5D, 0x39E9, 0x18A3, 0x20E3, 0x28E3, 0x20A2, 0x3124, 0x28C3, 0x5A6A, 0xDE19, 0xFF5D,
  0xFF1C, 0xF71C, 0xFF3C, 0xFF3C, 0xFF5C, 0xFF7D, 0xFF9D, 0xFF9D, 0xFF9C, 0xFF9C, 0xFF9D, 0xFF7C, 0xFF9C, 0xFF9C, 0xFF7B, 0xFF9C,
  0xFF9C, 0xFFBC, 0xFFDD, 0xFFDE, 0xFFFF, 0xFFFF, 0xFFFF, 0xFFFF, 0xFFFF, 0xC5F8, 0x62CB, 0x41A6, 0x3945, 0x4185, 0x6289, 0xA471,
  0xEEFB, 0xFFFF, 0xFFFF, 0xFFFF, 0xFFFF, 0xFFFF, 0xFFFF, 0xFFFF, 0xFFFF, 0xFFFF, 0xFFFF, 0xFFFF, 0xFFFF, 0xFFFF, 0xFFFF, 0xFFFF,
  0xFFFF, 0xFFFF, 0xFFFF, 0xFFFF, 0xFFFF, 0xFFFF, 0xFFFF, 0xFFFF, 0xFFFF, 0xFFFF, 0xFFFF, 0xFFFF, 0xFFFF, 0xFFFF, 0xFFFF, 0xFFFF,
  0xFFFF, 0xFFFF, 0xFFFF, 0xFFFF, 0xFFFF, 0xFFFF, 0xFFFF, 0xFFFF, 0xFFFF, 0xFFFF, 0xFFFF, 0xFFFF, 0xFFFF, 0xFFFF, 0xFFFF, 0xFFFF,
  0xFFFF, 0xFFFF, 0xFFFF, 0xFFFF, 0xFFFF, 0xFFFF, 0xFFFF, 0xFFFF, 0xFFFF, 0xFFFF, 0xFFFF, 0xFFFF, 0xFFFF, 0xFFFF, 0xFFFF, 0xFFFF,
  0xFFFF, 0xFFFF, 0xFFFF, 0xFFFF, 0xFFFF, 0xFFFF, 0xFFFF, 0xFFFF, 0xFFFF, 0xFFFF, 0xFFFF, 0xFFFF, 0xFFFF, 0xFFFF, 0xFFFF, 0xFFFF,
  0xFFFF, 0xFFFF, 0xFFFF, 0xFFFF, 0xFFFF, 0xFFFF, 0xFFFF, 0xFFFF, 0xFFFF, 0xFFFF, 0xFFFF, 0xEEFB, 0xD596, 0xD554, 0xE5B5, 0xE5B4,
  0xE4B0, 0xDAEB, 0xCA49, 0xC229, 0xB1C7, 0xB1C7, 0xD492, 0xF6B9, 0xFF3A, 0xFF3A, 0xFF7B, 0xFFBE, 0xFFFF, 0xFFFF, 0xFFFF, 0xFFFF,
  0xFFFF, 0xFFFF, 0xFF7D, 0xFEBA, 0xFF7A, 0xFD32, 0xFA8A, 0xE410, 0xFF3B, 0xFF3A, 0xFF19, 0xFF5B, 0xFFFF, 0xFFFF, 0xFFFF, 0xEF1C,
  0xCD74, 0xEED9, 0xFFFF, 0xFFFF, 0xFFFF, 0xFFFF, 0xFFFF, 0xFFFF, 0xFFFF, 0xFFFF, 0xFFFF, 0xFFFF, 0xFFFF, 0xFFFF, 0xFFFF, 0xFFFF,
  0xFFFF, 0xFFDF, 0xFE53, 0xFFDE, 0xFFFF, 0xFFFF, 0xFFFF, 0xFEF8, 0xFE94, 0xFFFF, 0xFFFF, 0xFFDF, 0xFFFF, 0xDE7A, 0x5165, 0x4101,
  0x5920, 0xAAA6, 0xFC8F, 0xFC4E, 0x9184, 0x7266, 0xFFFF, 0xFFFF, 0xFFFF, 0xFFFF, 0xFFFF, 0xFFFF, 0xFFFF, 0xFFFF, 0xFFFF, 0xFFFF,
  0xFFFF, 0xFFFF, 0xFFFF, 0xFFFF, 0xFFFF, 0xFFFF, 0xFFFF, 0xFFFF, 0xFFFF, 0xFFFF, 0xFFFF, 0xFFFF, 0xFFFF, 0xFFFF, 0xFFFF, 0xFFFF,
  0xFFFF, 0xFFFF, 0xFFFF, 0xFFFF, 0xFFFF, 0xF7BE, 0x4A2A, 0x10A3, 0x20E3, 0x20C3, 0x1882, 0x1882, 0xA472, 0xFF3E, 0xF71D, 0xEEDB,
  0xFF3C, 0xFFBE, 0xFFBE, 0xFFDE, 0xFFDE, 0xFFBE, 0xFF9D, 0xFF9D, 0xFF9D, 0xFF9D, 0xFF9D, 0xFF9C, 0xFFBD, 0xFF9C, 0xFF9C, 0xFF9C,
  0xFF9C, 0xFF9C, 0xFF9C, 0xFFBD, 0xFFDE, 0xFFDF, 0xFFDF, 0xFFFF, 0xB576, 0x3145, 0x28E3, 0x2904, 0x2904, 0x2924, 0x3124, 0x3103,
  0x6228, 0xD617, 0xFFFF, 0xFFFF, 0xFFFF, 0xFFFF, 0xFFFF, 0xFFFF, 0xFFFF, 0xFFFF, 0xFFFF, 0xFFFF, 0xFFFF, 0xFFFF, 0xFFFF, 0xFFFF,
  0xFFFF, 0xFFFF, 0xFFFF, 0xFFFF, 0xFFFF, 0xFFFF, 0xFFFF, 0xFFFF, 0xFFFF, 0xFFFF, 0xFFFF, 0xFFFF, 0xFFFF, 0xFFFF, 0xFFFF, 0xFFFF,
  0xFFFF, 0xFFFF, 0xFFFF, 0xFFFF, 0xFFFF, 0xFFFF, 0xFFFF, 0xFFFF, 0xFFFF, 0xFFFF, 0xFFFF, 0xFFFF, 0xFFFF, 0xFFFF, 0xFFFF, 0xFFFF,
  0xFFFF, 0xFFFF, 0xFFFF, 0xFFFF, 0xFFFF, 0xFFFF, 0xFFFF, 0xFFFF, 0xFFFF, 0xFFFF, 0xFFFF, 0xFFFF, 0xFFFF, 0xFFFF, 0xFFFF, 0xFFFF,
  0xFFFF, 0xFFFF, 0xFFFF, 0xFFFF, 0xFFFF, 0xFFFF, 0xFFFF, 0xFFFF, 0xFFFF, 0xFFFF, 0xFFFF, 0xFFFF, 0xFFFF, 0xFFFF, 0xFFFF, 0xFFFF,
  0xFFFF, 0xFFFF, 0xFFFF, 0xFFFF, 0xFFFF, 0xFFFF, 0xFFFF, 0xFFFF, 0xFFFF, 0xFFFF, 0xFFFF, 0xFFFF, 0xF79E, 0xE67A, 0xD596, 0xDD95,
  0xF5F6, 0xFDF5, 0xF4B1, 0xEB2C, 0xCA8A, 0xB1E8, 0xB229, 0xE575, 0xFEFA, 0xFF1A, 0xFF1A, 0xFFDD, 0xFFFF, 0xFFFF, 0xEFBF, 0xCF3F,
  0xAEDF, 0x9EDF, 0x8E5F, 0x85DC, 0x963C, 0xB537, 0xCB4F, 0xE555, 0xFF9C, 0xFF39, 0xFED8, 0xFF5C, 0xFFFF, 0xFFFF, 0xF75D, 0x59A5,
  0x3860, 0x6162, 0xAB8B, 0xE657, 0xFFFF, 0xFFFF, 0xFFFF, 0xFFFF, 0xFFFF, 0xFFFF, 0xFFFF, 0xFFFF, 0xFFFF, 0xFFFF, 0xFFFF, 0xFFFF,
  0xFFFF, 0xFE34, 0xFC43, 0xFFFE, 0xFFFF, 0xFE96, 0xFCCA, 0xFB60, 0xFE10, 0xFFFF, 0xFFDF, 0xFFFF, 0xEEDB, 0x9246, 0x7161, 0x6961,
  0x6961, 0xEC6E, 0xFCB0, 0xFCB0, 0xCAC9, 0x4921, 0xF75C, 0xFFFF, 0xFFFF, 0xFFFF, 0xFFFF, 0xFFFF, 0xFFFF, 0xFFFF, 0xFFFF, 0xFFFF,
  0xFFFF, 0xFFFF, 0xFFFF, 0xFFFF, 0xFFFF, 0xFFFF, 0xFFFF, 0xFFFF, 0xFFFF, 0xFFFF, 0xFFFF, 0xFFFF, 0xFFFF, 0xFFFF, 0xFFFF, 0xFFFF,
  0xFFFF, 0xFFFF, 0xFFFF, 0xFFFF, 0xFFFF, 0xFFFF, 0x6B2E, 0x10A3, 0x3145, 0x18C2, 0x0821, 0x9C32, 0xFF1E, 0xF6FC, 0xF6FC, 0xFF7E,
  0xFF5D, 0xCDF7, 0xA4B2, 0x9C91, 0xBD95, 0xF75C, 0xFFBD, 0xFF7C, 0xFFBD, 0xFFBD, 0xFF9D, 0xFFBD, 0xFFBD, 0xFFBD, 0xFF9C, 0xFF9C,
  0xFFBC, 0xFFBC, 0xFF9C, 0xFFBC, 0xFFBC, 0xFF9C, 0xFFFF, 0xBDB6, 0x20C3, 0x2903, 0x2904, 0x28E3, 0x28E3, 0x28E3, 0x28E3, 0x2903,
  0x2903, 0x5A07, 0xD658, 0xFFFF, 0xFFFF, 0xFFFF, 0xFFFF, 0xFFFF, 0xFFFF, 0xFFFF, 0xFFFF, 0xFFFF, 0xFFFF, 0xFFFF, 0xFFFF, 0xFFFF,
  0xFFFF, 0xFFFF, 0xFFFF, 0xFFFF, 0xFFFF, 0xFFFF, 0xFFFF, 0xFFFF, 0xFFFF, 0xFFFF, 0xFFFF, 0xFFFF, 0xFFFF, 0xFFFF, 0xFFFF, 0xFFFF,
  0xFFFF, 0xFFFF, 0xFFFF, 0xFFFF, 0xFFFF, 0xFFFF, 0xFFFF, 0xFFFF, 0xFFFF, 0xFFFF, 0xFFFF, 0xFFFF, 0xFFFF, 0xFFFF, 0xFFFF, 0xFFFF,
  0xFFFF, 0xFFFF, 0xFFFF, 0xFFFF, 0xFFFF, 0xFFFF, 0xFFFF, 0xFFFF, 0xFFFF, 0xFFFF, 0xFFFF, 0xFFFF, 0xFFFF, 0xFFFF, 0xFFFF, 0xFFFF,
  0xFFFF, 0xFFFF, 0xFFFF, 0xFFFF, 0xFFFF, 0xFFFF, 0xFFFF, 0xFFFF, 0xFFFF, 0xFFFF, 0xFFFF, 0xFFFF, 0xFFFF, 0xFFFF, 0xFFFF, 0xFFFF,
  0xFFFF, 0xFFFF, 0xFFFF, 0xFFFF, 0xFFFF, 0xFFFF, 0xFFFF, 0xFFFF, 0xFFFF, 0xFFFF, 0xFFFF, 0xFFFF, 0xFFFF, 0xFFFF, 0xF75D, 0xDE18,
  0xD575, 0xEE17, 0xFED8, 0xFD94, 0xF38D, 0xD2EB, 0xB1E8, 0xB2EC, 0xEE17, 0xFF19, 0xFED9, 0xCE9C, 0x861F, 0x3D5F, 0x1D1F, 0x049D,
  0x045B, 0x0C39, 0x13F7, 0x0BF7, 0x0B95, 0x0BB7, 0x1459, 0x2CFC, 0x5D9D, 0xA67C, 0xF71A, 0xFFDD, 0xFFFF, 0xFFFF, 0xD617, 0x2840,
  0x2060, 0x2860, 0x40A0, 0x6921, 0xB3CC, 0xF71A, 0xFFFF, 0xFFFF, 0xFFFF, 0xFFFF, 0xFFFF, 0xFFFF, 0xFFFF, 0xFFFF, 0xFFFF, 0xFFFF,
  0xFF9D, 0xFB84, 0xFC22, 0xFF7A, 0xFD2D, 0xFB61, 0xFAE0, 0xFBC3, 0xFFBD, 0xFFFF, 0xFFFF, 0xFF7D, 0xEB69, 0xDA61, 0xE2C1, 0xB200,
  0xBAC5, 0xFD11, 0xFCD0, 0xFCB0, 0xF3ED, 0x60E0, 0xD636, 0xFFFF, 0xFFFF, 0xFFFF, 0xFFFF, 0xFFFF, 0xFFFF, 0xFFFF, 0xFFFF, 0xFFFF,
  0xFFFF, 0xFFFF, 0xFFFF, 0xFFFF, 0xFFFF, 0xFFFF, 0xFFFF, 0xFFFF, 0xFFFF, 0xFFFF, 0xFFFF, 0xFFFF, 0xFFFF, 0xFFFF, 0xFFFF, 0xFFFF,
  0xFFFF, 0xFFFF, 0xFFFF, 0xFFFF, 0xFFFF, 0xFFFF, 0xAD56, 0x1083, 0x20C4, 0x20E4, 0xACF5, 0xF6DE, 0xE67B, 0xF6FD, 0xFF5D, 0xACF4,
  0x4A08, 0x1062, 0x0000, 0x1082, 0x18A3, 0x49C6, 0xDE58, 0xFFBD, 0xFF9D, 0xFFBD, 0xFFBD, 0xFFBD, 0xFFBD, 0xFFBD, 0xFFBC, 0xFFBD,
  0xFFBD, 0xFFBD, 0xFFBC, 0xFFBD, 0xFFBD, 0xFF9C, 0xFFBC, 0xCDD5, 0x3924, 0x20A2, 0x20E3, 0x20E3, 0x20E3, 0x18A2, 0x1882, 0x20A2,
  0x2904, 0x3103, 0x6A89, 0xEF5D, 0xFFFF, 0xFFFF, 0xFFFF, 0xFFFF, 0xFFFF, 0xFFFF, 0xFFFF, 0xFFFF, 0xFFFF, 0xFFFF, 0xFFFF, 0xFFFF,
  0xFFFF, 0xFFFF, 0xFFFF, 0xFFFF, 0xFFFF, 0xFFFF, 0xFFFF, 0xFFFF, 0xFFFF, 0xFFFF, 0xFFFF, 0xFFFF, 0xFFFF, 0xFFFF, 0xFFFF, 0xFFFF,
  0xFFFF, 0xFFFF, 0xFFFF, 0xFFFF, 0xFFFF, 0xFFFF, 0xFFFF, 0xFFFF, 0xFFFF, 0xFFFF, 0xFFFF, 0xFFFF, 0xFFFF, 0xFFFF, 0xFFFF, 0xFFFF,
  0xFFFF, 0xFFFF, 0xFFFF, 0xFFFF, 0xFFFF, 0xFFFF, 0xFFFF, 0xFFFF, 0xFFFF, 0xFFFF, 0xFFFF, 0xFFFF, 0xFFFF, 0xFFFF, 0xFFFF, 0xFFFF,
  0xFFFF, 0xFFFF, 0xFFFF, 0xFFFF, 0xFFFF, 0xFFFF, 0xFFFF, 0xFFFF, 0xFFFF, 0xFFFF, 0xFFFF, 0xFFFF, 0xFFFF, 0xFFFF, 0xFFFF, 0xFFFF,
  0xFFFF, 0xFFFF, 0xFFFF, 0xFFFF, 0xFFFF, 0xFFFF, 0xFFFF, 0xFFFF, 0xFFFF, 0xFFFF, 0xFFFF, 0xFFFF, 0xFFFF, 0xFFFF, 0xFFFF, 0xFFFF,
  0xEEFC, 0xD5F8, 0xDDB6, 0xF698, 0xFDF5, 0xF3EF, 0xD28A, 0xA966, 0xBBF0, 0x857B, 0x2C7C, 0x043C, 0x041A, 0x1B53, 0x226C, 0x5B2D,
  0x4A07, 0x3923, 0x4144, 0x3923, 0x3103, 0x3924, 0x39A6, 0x3209, 0x224C, 0x1313, 0x2CDB, 0x867F, 0xE79F, 0xFFFF, 0xBD54, 0x2020,
  0x6943, 0xB228, 0x5103, 0x2080, 0x48C0, 0x81E4, 0xCCAF, 0xFF9D, 0xFFFF, 0xFFFF, 0xFFFF, 0xFFFF, 0xFFFF, 0xFFFF, 0xFFFF, 0xFFFF,
  0xFD91, 0xFAA0, 0xFBC3, 0xFCA8, 0xFB20, 0xFAA1, 0xFA60, 0xFDAF, 0xFFDE, 0xFFDD, 0xFFDE, 0xFC6C, 0xFAC1, 0xFB21, 0xFB82, 0xFB61,
  0xF40A, 0xFCF0, 0xFCD0, 0xFCD1, 0xFCF1, 0x7942, 0xB4D0, 0xFFFF, 0xFFDF, 0xFFFF, 0xFFFF, 0xFFFF, 0xFFFF, 0xFFFF, 0xFFFF, 0xFFFF,
  0xFFFF, 0xFFFF, 0xFFFF, 0xFFFF, 0xFFFF, 0xFFFF, 0xFFFF, 0xFFFF, 0xFFFF, 0xFFFF, 0xFFFF, 0xFFFF, 0xFFFF, 0xFFFF, 0xFFFF, 0xFFFF,
  0xFFFF, 0xFFFF, 0xFFFF, 0xFFFF, 0xFFFF, 0xFFFF, 0xF79E, 0x4A4A, 0x0021, 0xB516, 0xFF3F, 0xDE5B, 0xF6BC, 0xEE9B, 0x62CC, 0x1062,
  0x18A3, 0x2925, 0x3145, 0x2925, 0x20E3, 0x0000, 0x940F, 0xFFFF, 0xFF9D, 0xFFBD, 0xFF9C, 0xFFBD, 0xFFBD, 0xFFBD, 0xFFBD, 0xFFBD,
  0xFFBD, 0xFFBD, 0xFFBD, 0xFFBD, 0xFFDD, 0xFFBD, 0xFF9C, 0xFFFD, 0xD5F5, 0x30E3, 0x20A2, 0x28E3, 0x20A2, 0x0840, 0x1041, 0x1881,
  0x20C3, 0x2903, 0x4144, 0xBD54, 0xFFFF, 0xFFDF, 0xFFDF, 0xFFFF, 0xFFFF, 0xFFFF, 0xFFFF, 0xFFFF, 0xFFFF, 0xFFFF, 0xFFFF, 0xFFFF,
  0xFFFF, 0xFFFF, 0xFFFF, 0xFFFF, 0xFFFF, 0xFFFF, 0xFFFF, 0xFFFF, 0xFFFF, 0xFFFF, 0xFFFF, 0xFFFF, 0xFFFF, 0xFFFF, 0xFFFF, 0xFFFF,
  0xFFFF, 0xFFFF, 0xFFFF, 0xFFFF, 0xFFFF, 0xFFFF, 0xFFFF, 0xFFFF, 0xFFFF, 0xFFFF, 0xFFFF, 0xFFFF, 0xFFFF, 0xFFFF, 0xFFFF, 0xFFFF,
  0xFFFF, 0xFFFF, 0xFFFF, 0xFFFF, 0xFFFF, 0xFFFF, 0xFFFF, 0xFFFF, 0xFFFF, 0xFFFF, 0xFFFF, 0xFFFF, 0xFFFF, 0xFFFF, 0xFFFF, 0xFFFF,
  0xFFFF, 0xFFFF, 0xFFFF, 0xFFFF, 0xFFFF, 0xFFFF, 0xFFFF, 0xFFFF, 0xFFFF, 0xFFFF, 0xFFFF, 0xFFFF, 0xFFFF, 0xFFFF, 0xFFFF, 0xFFFF,
  0xFFFF, 0xFFFF, 0xFFFF, 0xFFFF, 0xFFFF, 0xFFFF, 0xFFFF, 0xFFFF, 0xFFFF, 0xFFFF, 0xFFFF, 0xFFFF, 0xFFFF, 0xFFFF, 0xFFFF, 0xFFFF,
  0xFFFF, 0xFFDF, 0xDE3A, 0xCD56, 0xF698, 0xFE35, 0xDB0D, 0x5292, 0x0BFC, 0x045D, 0x13D6, 0x2A4B, 0x3965, 0xC511, 0xCD73, 0xFF7C,
  0xB512, 0xBD12, 0x72EA, 0x28E3, 0x3985, 0x3965, 0x28E3, 0x2081, 0x28A1, 0x4123, 0x3187, 0x122E, 0x23B8, 0xA6FF, 0xACB1, 0x4040,
  0xCAA9, 0xDAEB, 0xD269, 0x7124, 0x2080, 0x5921, 0x7141, 0xAAA5, 0xFE34, 0xFFFF, 0xFFFF, 0xFFFF, 0xFFFF, 0xFFFF, 0xFFFF, 0xFFBE,
  0xFB86, 0xF220, 0xFB42, 0xFB21, 0xF220, 0xF220, 0xFB21, 0xFC66, 0xFBE5, 0xFC06, 0xFCC9, 0xFB64, 0xFB02, 0xFB41, 0xFBA1, 0xFC23,
  0xFE54, 0xFD72, 0xFCD0, 0xFCF1, 0xFD32, 0x89A3, 0xA3CB, 0xFFFF, 0xFFDF, 0xFFFF, 0xFFFF, 0xFFFF, 0xFFFF, 0xFFFF, 0xFFFF, 0xFFFF,
  0xFFFF, 0xFFFF, 0xFFFF, 0xFFFF, 0xFFFF, 0xFFFF, 0xFFFF, 0xFFFF, 0xFFFF, 0xFFFF, 0xFFFF, 0xFFFF, 0xFFFF, 0xFFFF, 0xFFFF, 0xFFFF,
  0xFFFF, 0xFFFF, 0xFFFF, 0xFFFF, 0xFFFF, 0xFFFF, 0xFFFF, 0xD69A, 0x9433, 0xEE9D, 0xDE3B, 0xEEDD, 0xD5F9, 0x4A2A, 0x20E4, 0x3987,
  0x3166, 0x3166, 0x3166, 0x3165, 0x3145, 0x20E3, 0x9C50, 0xFFDE, 0xFF7C, 0xFFBD, 0xFFBD, 0xFFBD, 0xFFBD, 0xFFBD, 0xFFBD, 0xFFBD,
  0xFFBD, 0xFFBD, 0xFFBC, 0xFFBC, 0xFFBD, 0xFFBD, 0xFFBD, 0xFF9C, 0xFFFD, 0xB4F2, 0x2081, 0x20C2, 0x0820, 0x0000, 0x0000, 0x0840,
  0x1881, 0x20C3, 0x3103, 0x7B0A, 0xFFBE, 0xFFFF, 0xFFFF, 0xFFFF, 0xFFFF, 0xFFFF, 0xFFFF, 0xFFFF, 0xFFFF, 0xFFFF, 0xFFFF, 0xFFFF,
  0xFFFF, 0xFFFF, 0xFFFF, 0xFFFF, 0xFFFF, 0xFFFF, 0xFFFF, 0xFFFF, 0xFFFF, 0xFFFF, 0xFFFF, 0xFFFF, 0xFFFF, 0xFFFF, 0xFFFF, 0xFFFF,
  0xFFFF, 0xFFFF, 0xFFFF, 0xFFFF, 0xFFFF, 0xFFFF, 0xFFFF, 0xFFFF, 0xFFFF, 0xFFFF, 0xFFFF, 0xFFFF, 0xFFFF, 0xFFFF, 0xFFFF, 0xFFFF,
  0xFFFF, 0xFFFF, 0xFFFF, 0xFFFF, 0xFFFF, 0xFFFF, 0xFFFF, 0xFFFF, 0xFFFF, 0xFFFF, 0xFFFF, 0xFFFF, 0xFFFF, 0xFFFF, 0xFFFF, 0xFFFF,
  0xFFFF, 0xFFFF, 0xFFFF, 0xFFFF, 0xFFFF, 0xFFFF, 0xFFFF, 0xFFFF, 0xFFFF, 0xFFFF, 0xFFFF, 0xFFFF, 0xFFFF, 0xFFFF, 0xFFFF, 0xFFFF,
  0xFFFF, 0xFFFF, 0xFFFF, 0xFFFF, 0xFFFF, 0xFFFF, 0xFFFF, 0xFFFF, 0xFFFF, 0xFFFF, 0xFFFF, 0xFFFF, 0xFFFF, 0xFFFF, 0xFFFF, 0xFFFF,
  0xFFFF, 0xFFFF, 0xFFFF, 0xE67B, 0xDDB7, 0x9519, 0x137A, 0x041D, 0x13B5, 0x3A49, 0x3944, 0x2081, 0x9BEF, 0xFEFA, 0xFFBD, 0xFF9D,
  0xFF7B, 0xFF9B, 0xF6B8, 0xEEB9, 0xF6F9, 0xEED9, 0xD637, 0x9C70, 0x5228, 0x20C2, 0x1881, 0x30C2, 0x18A3, 0x0210, 0x2A2C, 0x50A0,
  0xE36B, 0xE2EB, 0xCA6A, 0xDAAA, 0x99C6, 0x3080, 0x5921, 0x99C1, 0xEB21, 0xFD8A, 0xFF5A, 0xFFFF, 0xFFFF, 0xFFFF, 0xFEF8, 0xFD90,
  0xE241, 0xD9E0, 0xFAE1, 0xEA00, 0xEA40, 0xFB41, 0xFBE2, 0xFC01, 0xFC02, 0xFB21, 0xFA80, 0xFAE1, 0xFB01, 0xFBA1, 0xFB80, 0xFD08,
  0xFF5A, 0xFDB3, 0xFCF1, 0xFCF1, 0xFD12, 0xBA66, 0xB3A9, 0xFFFF, 0xFFFF, 0xFFFF, 0xFFFF, 0xFFFF, 0xFFFF, 0xFFFF, 0xFFFF, 0xFFFF,
  0xFFFF, 0xFFFF, 0xFFFF, 0xFFFF, 0xFFFF, 0xFFFF, 0xFFFF, 0xFFFF, 0xFFFF, 0xFFFF, 0xFFFF, 0xFFFF, 0xFFFF, 0xFFFF, 0xFFFF, 0xFFFF,
  0xFFFF, 0xFFFF, 0xFFFF, 0xFFFF, 0xFFFF, 0xFFFF, 0xFFFF, 0xFFBF, 0xEEDE, 0xDE1B, 0xEE9C, 0xC598, 0x39C8, 0x18E4, 0x2945, 0x2925,
  0x2925, 0x2104, 0x2925, 0x2925, 0x3145, 0x2904, 0x7B2C, 0xFF9C, 0xFF7C, 0xFFBD, 0xFFBD, 0xFFBD, 0xFF9D, 0xFFBD, 0xFFBD, 0xFFBD,
  0xFFDD, 0xFFFF, 0xFFFE, 0xFFFF, 0xFFFE, 0xFFBC, 0xFFBD, 0xFFBD, 0xFF9C, 0xFFFE, 0x7B2B, 0x0800, 0x1041, 0x1020, 0x0800, 0x0000,
  0x1061, 0x20A2, 0x28E3, 0x51A6, 0xEF5C, 0xEEBF, 0xD4FE, 0xFF9F, 0xFFFF, 0xFFFF, 0xFFFF, 0xFFFF, 0xFFFF, 0xFFFF, 0xFFFF, 0xFFFF,
  0xFFFF, 0xFFFF, 0xFFFF, 0xFFFF, 0xFFFF, 0xFFFF, 0xFFFF, 0xFFFF, 0xFFFF, 0xFFFF, 0xFFFF, 0xFFFF, 0xFFFF, 0xFFFF, 0xFFFF, 0xFFFF,
  0xFFFF, 0xFFFF, 0xFFFF, 0xFFFF, 0xFFFF, 0xFFFF, 0xFFFF, 0xFFFF, 0xFFFF, 0xFFFF, 0xFFFF, 0xFFFF, 0xFFFF, 0xFFFF, 0xFFFF, 0xFFFF,
  0xFFFF, 0xFFFF, 0xFFFF, 0xFFFF, 0xFFFF, 0xFFFF, 0xFFFF, 0xFFFF, 0xFFFF, 0xFFFF, 0xFFFF, 0xFFFF, 0xFFFF, 0xFFFF, 0xFFFF, 0xFFFF,
  0xFFFF, 0xFFFF, 0xFFFF, 0xFFFF, 0xFFFF, 0xFFFF, 0xFFFF, 0xFFFF, 0xFFFF, 0xFFFF, 0xFFFF, 0xFFFF, 0xFFFF, 0xFFFF, 0xFFFF, 0xFFFF,
  0xFFFF, 0xFFFF, 0xFFFF, 0xFFFF, 0xFFFF, 0xFFFF, 0xFFFF, 0xFFFF, 0xFFFF, 0xFFFF, 0xFFFF, 0xFFFF, 0xFFFF, 0xFFFF, 0xFFFF, 0xFFFF,
  0xFFFF, 0xFFDF, 0xFFFF, 0xDF5F, 0x3C1B, 0x039E, 0x03B8, 0x2A2A, 0x3924, 0x1881, 0x1061, 0x836D, 0xE638, 0xDDB6, 0xEE58, 0xFEFA,
  0xFF5B, 0xFF3A, 0xFF7C, 0xFFBD, 0xFF9C, 0xFFBC, 0xFFDD, 0xFFFE, 0xFFDD, 0xC5D5, 0x5228, 0x1041, 0x1061, 0x0800, 0x1861, 0x58E0,
  0xEBAC, 0xFB8E, 0xD2CB, 0xCAAA, 0xDACB, 0xA1E7, 0x3080, 0xA201, 0xFBA1, 0xFBE1, 0xFCA4, 0xFE93, 0xFFFF, 0xFFFF, 0xFD2E, 0xFAE1,
  0xDA00, 0xD9E0, 0xD9C0, 0xE261, 0xF301, 0xEA20, 0xE9E0, 0xEA00, 0xFB41, 0xFCA4, 0xFBE3, 0xFAE1, 0xFAC1, 0xFB41, 0xFB80, 0xFDAD,
  0xFF5A, 0xFF18, 0xFDB3, 0xFCD0, 0xFD12, 0xDB28, 0xBB46, 0xFFFF, 0xFFFF, 0xFFFF, 0xFFFF, 0xFFFF, 0xFFFF, 0xFFFF, 0xFFFF, 0xFFFF,
  0xFFFF, 0xFFFF, 0xFFFF, 0xFFFF, 0xFFFF, 0xFFFF, 0xFFFF, 0xFFFF, 0xFFFF, 0xFFFF, 0xFFFF, 0xFFFF, 0xFFFF, 0xFFFF, 0xFFFF, 0xFFFF,
  0xFFFF, 0xFFFF, 0xFFFF, 0xFFFF, 0xFFFF, 0xFFFF, 0xFFBF, 0xE6BD, 0xDE5C, 0xEEDD, 0xB516, 0x2946, 0x2105, 0x2945, 0x2925, 0x2925,
  0x2945, 0x2945, 0x20E4, 0x20E4, 0x2925, 0x20E4, 0x628A, 0xFF5C, 0xFF7C, 0xFFBD, 0xFFBD, 0xFFBD, 0xFFBD, 0xFFBD, 0xFFBD, 0xFFBD,
  0xFFBD, 0xBD54, 0x838D, 0x9C70, 0xDE58, 0xFFFE, 0xFFBD, 0xFFBD, 0xFFBC, 0xFFBD, 0xEEB8, 0x30E3, 0x2082, 0x20A2, 0x1861, 0x0820,
  0x1041, 0x20A2, 0x20A2, 0x4184, 0xC578, 0x6174, 0x5895, 0xC39D, 0xFF9F, 0xFFFF, 0xFFFF, 0xFFFF, 0xFFFF, 0xFFFF, 0xFFFF, 0xFFFF,
  0xFFFF, 0xFFFF, 0xFFFF, 0xFFFF, 0xFFFF, 0xFFFF, 0xFFFF, 0xFFFF, 0xFFFF, 0xFFFF, 0xFFFF, 0xFFFF, 0xFFFF, 0xFFFF, 0xFFFF, 0xFFFF,
  0xFFFF, 0xFFFF, 0xFFFF, 0xFFFF, 0xFFFF, 0xFFFF, 0xFFFF, 0xFFFF, 0xFFFF, 0xFFFF, 0xFFFF, 0xFFFF, 0xFFFF, 0xFFFF, 0xFFFF, 0xFFFF,
  0xFFFF, 0xFFFF, 0xFFFF, 0xFFFF, 0xFFFF, 0xFFFF, 0xFFFF, 0xFFFF, 0xFFFF, 0xFFFF, 0xFFFF, 0xFFFF, 0xFFFF, 0xFFFF, 0xFFFF, 0xFFFF,
  0xFFFF, 0xFFFF, 0xFFFF, 0xFFFF, 0xFFFF, 0xFFFF, 0xFFFF, 0xFFFF, 0xFFFF, 0xFFFF, 0xFFFF, 0xFFFF, 0xFFFF, 0xFFFF, 0xFFFF, 0xFFFF,
  0xFFFF, 0xFFFF, 0xFFFF, 0xFFFF, 0xFFFF, 0xFFFF, 0xFFFF, 0xFFFF, 0xFFFF, 0xFFFF, 0xFFFF, 0xFFFF, 0xFFFF, 0xFFFF, 0xFFFF, 0xFFFF,
  0xFFFF, 0xFFFF, 0xB6DF, 0x13BC, 0x039D, 0x1B34, 0x39A6, 0x28E3, 0x1061, 0x5A89, 0xCD95, 0xFF1B, 0xF6DA, 0xEE38, 0xE618, 0xEE18,
  0xFF5B, 0xFF5B, 0xFF7C, 0xFF9C, 0xFF9C, 0xFF7B, 0xFFDD, 0xFF9D, 0xEF1A, 0xFFDD, 0xFFFF, 0xB4F2, 0x1861, 0x0000, 0x30A0, 0x6920,
  0xEBED, 0xFC0F, 0xEB4D, 0xD2CB, 0xCA8A, 0xD26A, 0xA1C6, 0x8960, 0xF361, 0xFC02, 0xFC02, 0xFBE1, 0xFCEA, 0xFFBC, 0xF46C, 0xD980,
  0xD1C0, 0xD1A0, 0xE240, 0xF2C1, 0xFB61, 0xFBE3, 0xF362, 0xEA20, 0xFAC1, 0xFBC1, 0xFC83, 0xFCC5, 0xFC43, 0xFC03, 0xFB81, 0xFDF0,
  0xFF5A, 0xFEF8, 0xFD52, 0xFCD0, 0xFD32, 0xEB68, 0xE384, 0xFFFE, 0xFFFF, 0xFFFF, 0xFFFF, 0xFFFF, 0xFFFF, 0xFFFF, 0xFFFF, 0xFFFF,
  0xFFFF, 0xFFFF, 0xFFFF, 0xFFFF, 0xFFFF, 0xFFFF, 0xFFFF, 0xFFFF, 0xFFFF, 0xFFFF, 0xFFFF, 0xFFFF, 0xFFFF, 0xFFFF, 0xFFFF, 0xFFFF,
  0xFFFF, 0xFFFF, 0xFFFF, 0xFFFF, 0xFFFF, 0xFFFF, 0xEEFE, 0xDE5C, 0xEEBC, 0xCDD8, 0x3167, 0x18C4, 0x2905, 0x2925, 0x1082, 0x0000,
  0x0820, 0x0841, 0x20C3, 0x2924, 0x2104, 0x18C3, 0x6ACB, 0xFF7D, 0xFF7C, 0xFF9D, 0xFFBD, 0xFFBD, 0xFFBD, 0xFFBD, 0xFF9C, 0xFFFE,
  0xC573, 0x20A2, 0x20C2, 0x20C2, 0x28C2, 0x9C2F, 0xFFDE, 0xFFDE, 0xFFBD, 0xFF7C, 0xFFBC, 0x93EE, 0x2082, 0x3104, 0x20A2, 0x0840,
  0x0820, 0x1882, 0x1882, 0x4164, 0x6191, 0x200A, 0x38AD, 0x7138, 0xCBDD, 0xFFDF, 0xFFFF, 0xFFFF, 0xFFFF, 0xFFFF, 0xFFFF, 0xFFFF,
  0xFFFF, 0xFFFF, 0xFFFF, 0xFFFF, 0xFFFF, 0xFFFF, 0xFFFF, 0xFFFF, 0xFFFF, 0xFFFF, 0xFFFF, 0xFFFF, 0xFFFF, 0xFFFF, 0xFFFF, 0xFFFF,
  0xFFFF, 0xFFFF, 0xFFFF, 0xFFFF, 0xFFFF, 0xFFFF, 0xFFFF, 0xFFFF, 0xFFFF, 0xFFFF, 0xFFFF, 0xFFFF, 0xFFFF, 0xFFFF, 0xFFFF, 0xFFFF,
  0xFFFF, 0xFFFF, 0xFFFF, 0xFFFF, 0xFFFF, 0xFFFF, 0xFFFF, 0xFFFF, 0xFFFF, 0xFFFF, 0xFFFF, 0xFFFF, 0xFFFF, 0xFFFF, 0xFFFF, 0xFFFF,
  0xFFFF, 0xFFFF, 0xFFFF, 0xFFFF, 0xFFFF, 0xFFFF, 0xFFFF, 0xFFFF, 0xFFFF, 0xFFFF, 0xFFFF, 0xFFFF, 0xFFFF, 0xFFFF, 0xFFFF, 0xFFFF,
  0xFFFF, 0xFFFF, 0xFFFF, 0xFFFF, 0xFFFF, 0xFFFF, 0xFFFF, 0xFFFF, 0xFFFF, 0xFFFF, 0xFFFF, 0xFFFF, 0xFFFF, 0xFFFF, 0xFFFF, 0xFFFF,
  0xFFFF, 0xA67F, 0x037D, 0x039D, 0x1AD0, 0x3944, 0x20C3, 0x3145, 0xAC91, 0xFF1B, 0xFF9D, 0xFF5B, 0xFF5C, 0xFF5C, 0xFF5B, 0xF699,
  0xFED9, 0xFF9C, 0xFF9C, 0xFFBD, 0xFF9C, 0xFFDD, 0xBD32, 0x5A07, 0x59C6, 0x6A68, 0x940E, 0xEEFA, 0xD573, 0x1881, 0x2040, 0x6100,
  0xEC0D, 0xFC50, 0xFBAE, 0xDB0C, 0xCAAA, 0xC28A, 0xD3CF, 0xBB09, 0xEAC0, 0xFBE2, 0xFBE2, 0xFBA1, 0xFAE0, 0xF324, 0xDAC5, 0xC9C0,
  0xE240, 0xE220, 0xC9C0, 0xB960, 0xDA20, 0xFB61, 0xFC82, 0xFCE3, 0xFB21, 0xFB81, 0xFC42, 0xFC83, 0xFCE4, 0xFD46, 0xFD67, 0xFDCD,
  0xFED8, 0xFF9B, 0xFE35, 0xFCF0, 0xFD52, 0xFBA8, 0xFC04, 0xFFDE, 0xFFFF, 0xFFFF, 0xFFFF, 0xFFFF, 0xFFFF, 0xFFFF, 0xFFFF, 0xFFFF,
  0xFFFF, 0xFFFF, 0xFFFF, 0xFFFF, 0xFFFF, 0xFFFF, 0xFFFF, 0xFFFF, 0xFFFF, 0xFFFF, 0xFFFF, 0xFFFF, 0xFFFF, 0xFFFF, 0xFFFF, 0xFFFF,
  0xFFFF, 0xFFFF, 0xFFFF, 0xFFFF, 0xFFFF, 0xF71E, 0xE67D, 0xEE9C, 0xDE1A, 0x4209, 0x18E4, 0x2925, 0x20E4, 0x0000, 0x3165, 0x8C31,
  0xB556, 0x9472, 0x4208, 0x20E3, 0x2104, 0x18C3, 0x7B6D, 0xFF9D, 0xFF5C, 0xFF9D, 0xFF9D, 0xFF9D, 0xFFBD, 0xFF9C, 0xFFFE, 0xCDD5,
  0x49A6, 0x41A5, 0x49C6, 0x3985, 0x20E3, 0x1861, 0x9C2F, 0xFFFF, 0xFF9C, 0xFF9C, 0xFFBC, 0xE636, 0x4165, 0x3945, 0x28E3, 0x0820,
  0x1040, 0x1882, 0x1881, 0x4109, 0x304D, 0x58A8, 0x80EA, 0x48D1, 0x813A, 0xDC9E, 0xFFFF, 0xFFFF, 0xFFFF, 0xFFFF, 0xFFFF, 0xFFFF,
  0xFFFF, 0xFFFF, 0xFFFF, 0xFFFF, 0xFFFF, 0xFFFF, 0xFFFF, 0xFFFF, 0xFFFF, 0xFFFF, 0xFFFF, 0xFFFF, 0xFFFF, 0xFFFF, 0xFFFF, 0xFFFF,
  0xFFFF, 0xFFFF, 0xFFFF, 0xFFFF, 0xFFFF, 0xFFFF, 0xFFFF, 0xFFFF, 0xFFFF, 0xFFFF, 0xFFFF, 0xFFFF, 0xFFFF, 0xFFFF, 0xFFFF, 0xFFFF,
  0xFFFF, 0xFFFF, 0xFFFF, 0xFFFF, 0xFFFF, 0xFFFF, 0xFFFF, 0xFFFF, 0xFFFF, 0xFFFF, 0xFFFF, 0xFFFF, 0xFFFF, 0xFFFF, 0xFFFF, 0xFFFF,
  0xFFFF, 0xFFFF, 0xFFFF, 0xFFFF, 0xFFFF, 0xFFFF, 0xFFFF, 0xFFFF, 0xFFFF, 0xFFFF, 0xFFFF, 0xFFFF, 0xFFFF, 0xFFFF, 0xFFFF, 0xFFFF,
  0xFFFF, 0xFFFF, 0xFFFF, 0xFFFF, 0xFFFF, 0xFFFF, 0xFFFF, 0xFFFF, 0xFFFF, 0xFFFF, 0xFFFF, 0xFFFF, 0xFFFF, 0xFFFF, 0xFFFF, 0xFFFF,
  0xAE9F, 0x039D, 0x03BD, 0x1AAF, 0x3924, 0x1082, 0x41A6, 0xDE38, 0xFF5C, 0xFEFB, 0xFF3B, 0xFF5C, 0xFF5C, 0xFF7C, 0xFF7C, 0xFF9C,
  0xFF7C, 0xFF9C, 0xFF9C, 0xFFBD, 0xFFBD, 0xFFDD, 0x9BEE, 0x9C2E, 0xDE57, 0xD637, 0xB533, 0x836B, 0xCD53, 0xBCB1, 0x3904, 0x50C0,
  0xE40D, 0xFCD2, 0xFC0F, 0xF34D, 0xD2AB, 0xCA49, 0xCB6D, 0xD4D2, 0xD327, 0xFB00, 0xFBC1, 0xFBA1, 0xFAE1, 0xEA20, 0xF322, 0xFBA2,
  0xFB81, 0xFB61, 0xF2C0, 0xC9E0, 0xB960, 0xA920, 0xD220, 0xFC83, 0xFC63, 0xFB80, 0xFC42, 0xFC62, 0xFC83, 0xFCC4, 0xFD45, 0xFDA8,
  0xFE6F, 0xFDD2, 0xFD31, 0xFD52, 0xFD94, 0xFBC7, 0xFC64, 0xFFDD, 0xFFFF, 0xFFFF, 0xFFFF, 0xFFFF, 0xFFFF, 0xFFFF, 0xFFFF, 0xFFFF,
  0xFFFF, 0xFFFF, 0xFFFF, 0xFFFF, 0xFFFF, 0xFFFF, 0xFFFF, 0xFFFF, 0xFFFF, 0xFFFF, 0xFFFF, 0xFFFF, 0xFFFF, 0xFFFF, 0xFFFF, 0xFFFF,
  0xFFFF, 0xFFFF, 0xFFFF, 0xFFDF, 0xF71E, 0xEE9D, 0xEEBC, 0xF71D, 0x6AED, 0x1083, 0x2105, 0x2945, 0x0841, 0x5A6A, 0xFF9E, 0xFFDF,
  0x9CB2, 0x736D, 0x6B4D, 0x41E8, 0x2104, 0x20E4, 0xA4B2, 0xFF9D, 0xFF5C, 0xFF9C, 0xFF9C, 0xFF9D, 0xFF9C, 0xFFDE, 0xE699, 0x51E7,
  0x3985, 0x41A6, 0x4185, 0x41A6, 0x49C6, 0x3985, 0x20A2, 0xBD53, 0xFFFE, 0xFF9C, 0xFF9C, 0xFF9C, 0x7B0B, 0x3924, 0x28C3, 0x1041,
  0x1882, 0x1882, 0x1862, 0x388F, 0x408A, 0xB1AC, 0xB98C, 0x60ED, 0x6937, 0xA1FB, 0xF5DF, 0xFFFF, 0xFFFF, 0xFFFF, 0xFFFF, 0xFFFF,
  0xFFFF, 0xFFFF, 0xFFFF, 0xFFFF, 0xFFFF, 0xFFFF, 0xFFFF, 0xFFFF, 0xFFFF, 0xFFFF, 0xFFFF, 0xFFFF, 0xFFFF, 0xFFFF, 0xFFFF, 0xFFFF,
  0xFFFF, 0xFFFF, 0xFFFF, 0xFFFF, 0xFFFF, 0xFFFF, 0xFFFF, 0xFFFF, 0xFFFF, 0xFFFF, 0xFFFF, 0xFFFF, 0xFFFF, 0xFFFF, 0xFFFF, 0xFFFF,
  0xFFFF, 0xFFFF, 0xFFFF, 0xFFFF, 0xFFFF, 0xFFFF, 0xFFFF, 0xFFFF, 0xFFFF, 0xFFFF, 0xFFFF, 0xFFFF, 0xFFFF, 0xFFFF, 0xFFFF, 0xFFFF,
  0xFFFF, 0xFFFF, 0xFFFF, 0xFFFF, 0xFFFF, 0xFFFF, 0xFFFF, 0xFFFF, 0xFFFF, 0xFFFF, 0xFFFF, 0xFFFF, 0xFFFF, 0xFFFF, 0xFFFF, 0xFFFF,
  0xFFFF, 0xFFFF, 0xFFFF, 0xFFFF, 0xFFFF, 0xFFFF, 0xFFFF, 0xFFFF, 0xFFFF, 0xFFFF, 0xFFFF, 0xFFFF, 0xFFFF, 0xFFFF, 0xFFFF, 0xC6FF,
  0x0B9E, 0x03BD, 0x12B0, 0x3103, 0x18A2, 0x3986, 0xE659, 0xFF5C, 0xF6DB, 0xFF5C, 0xFF9C, 0xFF7C, 0xFF7C, 0xFF9C, 0xFF9C, 0xFF9C,
  0xFFBD, 0xFF9C, 0xFF9C, 0xFFBD, 0xFFBD, 0xFFBD, 0xFFDC, 0xFFFD, 0xFFDC, 0xFFDD, 0xFFFD, 0xFF7B, 0xD5B4, 0xE5B4, 0x936D, 0x50A0,
  0xDBAA, 0xFCF2, 0xFC70, 0xFBCF, 0xEB2D, 0xF594, 0xF678, 0xEE16, 0xCCB1, 0xDA62, 0xFB40, 0xFB00, 0xFAE0, 0xFBA2, 0xFBE3, 0xFBE2,
  0xFBE2, 0xFBE2, 0xFBC1, 0xFB81, 0xF300, 0xDA20, 0xB0E0, 0xEA80, 0xFC42, 0xFBE1, 0xFC42, 0xFC82, 0xFCA3, 0xFCC3, 0xFCC4, 0xFD66,
  0xFE08, 0xFDCA, 0xFD71, 0xFD93, 0xFD73, 0xFBA4, 0xFCC5, 0xFFFE, 0xFFFF, 0xFFFF, 0xFFFF, 0xFFFF, 0xFFFF, 0xFFFF, 0xFFFF, 0xFFFF,
  0xFFFF, 0xFFFF, 0xFFFF, 0xFFFF, 0xFFFF, 0xFFFF, 0xFFFF, 0xFFFF, 0xFFFF, 0xFFFF, 0xFFFF, 0xFFFF, 0xFFFF, 0xFFFF, 0xFFFF, 0xFFFF,
  0xFFFF, 0xFFFF, 0xFFBF, 0xF6FE, 0xEE9D, 0xEEBC, 0xFF5D, 0xCDF8, 0x3146, 0x2104, 0x2104, 0x10A3, 0x39A7, 0xF77E, 0xDEDB, 0x31C5,
  0x0820, 0x0021, 0x0861, 0x18C2, 0x18A3, 0x20E4, 0xCDF7, 0xFFBE, 0xFF5C, 0xFF7C, 0xFF9C, 0xFF9C, 0xFF9D, 0xFFBD, 0x72EA, 0x3144,
  0x3965, 0x3144, 0x3144, 0x3145, 0x3985, 0x51E7, 0x3124, 0x51E6, 0xFFBC, 0xFFBC, 0xFF7C, 0xFFFD, 0xAC91, 0x2081, 0x20C2, 0x20A2,
  0x20C3, 0x1060, 0x2066, 0x386E, 0x998C, 0xCA0E, 0xB9AC, 0x892B, 0x50F3, 0x7979, 0xB29C, 0xFF1F, 0xFFFF, 0xFFFF, 0xFFFF, 0xFFFF,
  0xFFFF, 0xFFFF, 0xFFFF, 0xFFFF, 0xFFFF, 0xFFFF, 0xFFFF, 0xFFFF, 0xFFFF, 0xFFFF, 0xFFFF, 0xFFFF, 0xFFFF, 0xFFFF, 0xFFFF, 0xFFFF,
  0xFFFF, 0xFFFF, 0xFFFF, 0xFFFF, 0xFFFF, 0xFFFF, 0xFFFF, 0xFFFF, 0xFFFF, 0xFFFF, 0xFFFF, 0xFFFF, 0xFFFF, 0xFFFF, 0xFFFF, 0xFFFF,
  0xFFFF, 0xFFFF, 0xFFFF, 0xFFFF, 0xFFFF, 0xFFFF, 0xFFFF, 0xFFFF, 0xFFFF, 0xFFFF, 0xFFFF, 0xFFFF, 0xFFFF, 0xFFFF, 0xFFFF, 0xFFFF,
  0xFFFF, 0xFFFF, 0xFFFF, 0xFFFF, 0xFFFF, 0xFFFF, 0xFFFF, 0xFFFF, 0xFFFF, 0xFFFF, 0xFFFF, 0xFFFF, 0xFFFF, 0xFFFF, 0xFFFF, 0xFFFF,
  0xFFFF, 0xFFFF, 0xFFFF, 0xFFFF, 0xFFFF, 0xFFFF, 0xFFFF, 0xFFFF, 0xFFFF, 0xFFFF, 0xFFFF, 0xFFFF, 0xFFFF, 0xFFFF, 0xEF9F, 0x2C3E,
  0x037E, 0x0B15, 0x3103, 0x1082, 0x2904, 0xD5D7, 0xFEFC, 0xFF1C, 0xFFDE, 0xE6BA, 0xDE37, 0xFF5B, 0xFF7C, 0xFF9C, 0xFF9C, 0xFF9C,
  0xFFBD, 0xFF7C, 0xFF9C, 0xFFBC, 0xFFBD, 0xFFBD, 0xFFBC, 0xFF7B, 0xFF5A, 0xFF3A, 0xFF19, 0xFF19, 0xFF5A, 0xFEB7, 0x9B2B, 0x4080,
  0xBAC6, 0xFD12, 0xFCB1, 0xFC30, 0xF36D, 0xE450, 0xF657, 0xFE77, 0xDD53, 0xB2C6, 0xE240, 0xFB01, 0xFBA2, 0xFBC2, 0xFBE3, 0xFC03,
  0xFC02, 0xFC22, 0xFC22, 0xFC02, 0xFC22, 0xFC02, 0xFB41, 0xFB20, 0xFBE1, 0xFC22, 0xFC42, 0xFCA2, 0xE3E2, 0x8A01, 0x81A1, 0x91E2,
  0xB344, 0xFDA6, 0xFE8E, 0xFDB4, 0xFCEF, 0xFB60, 0xFD48, 0xFFFF, 0xFFFF, 0xFFFF, 0xFFFF, 0xFFFF, 0xFFFF, 0xFFFF, 0xFFFF, 0xFFFF,
  0xFFFF, 0xFFFF, 0xFFFF, 0xFFFF, 0xFFFF, 0xFFFF, 0xFFFF, 0xFFFF, 0xFFFF, 0xFFFF, 0xFFFF, 0xFFFF, 0xFFFF, 0xFFFF, 0xFFFF, 0xFFFF,
  0xFFFF, 0xFFFF, 0xEEDE, 0xEE9D, 0xEEDC, 0xF6DC, 0xFF5D, 0x93F0, 0x3125, 0x3166, 0x2945, 0x0841, 0x9C73, 0xFFFF, 0x52EA, 0x10E3,
  0x08A5, 0x0022, 0x39E8, 0xB575, 0x0020, 0x3986, 0xF6DA, 0xFF7D, 0xFF7D, 0xFF9C, 0xFF9C, 0xFF7C, 0xFFFE, 0xBD53, 0x28E3, 0x3144,
  0x3144, 0x3965, 0x3944, 0x3124, 0x3145, 0x4185, 0x49C6, 0x28E3, 0xC594, 0xFFFE, 0xFF7B, 0xFFDD, 0xD5F5, 0x20A2, 0x2903, 0x20C3,
  0x20A2, 0x1041, 0x308D, 0x60CC, 0xE24F, 0xCA0F, 0xB9CD, 0xA96B, 0x48AF, 0x7198, 0x8179, 0xDBDD, 0xFF9F, 0xFFFF, 0xFFFF, 0xFFFF,
  0xFFFF, 0xFFFF, 0xFFFF, 0xFFFF, 0xFFFF, 0xFFFF, 0xFFFF, 0xFFFF, 0xFFFF, 0xFFFF, 0xFFFF, 0xFFFF, 0xFFFF, 0xFFFF, 0xFFFF, 0xFFFF,
  0xFFFF, 0xFFFF, 0xFFFF, 0xFFFF, 0xFFFF, 0xFFFF, 0xFFFF, 0xFFFF, 0xFFFF, 0xFFFF, 0xFFFF, 0xFFFF, 0xFFFF, 0xFFFF, 0xFFFF, 0xFFFF,
  0xFFFF, 0xFFFF, 0xFFFF, 0xFFFF, 0xFFFF, 0xFFFF, 0xFFFF, 0xFFFF, 0xFFFF, 0xFFFF, 0xFFFF, 0xFFFF, 0xFFFF, 0xFFFF, 0xFFFF, 0xFFFF,
  0xFFFF, 0xFFFF, 0xFFFF, 0xFFFF, 0xFFFF, 0xFFFF, 0xFFFF, 0xFFFF, 0xFFFF, 0xFFFF, 0xFFFF, 0xFFFF, 0xFFFF, 0xFFFF, 0xFFFF, 0xFFFF,
  0xFFFF, 0xFFFF, 0xFFFF, 0xFFFF, 0xFFFF, 0xFFFF, 0xFFFF, 0xFFFF, 0xFFFF, 0xFFFF, 0xFFFF, 0xFFFF, 0xFFFF, 0xFFFF, 0x757F, 0x035E,
  0x039A, 0x29A7, 0x20C3, 0x1082, 0xAC72, 0xEE9B, 0xF6DB, 0xF71C, 0x83AF, 0x3145, 0x3924, 0xC553, 0xFFBD, 0xFF7C, 0xFF9C, 0xFF9C,
  0xFF9C, 0xFF7C, 0xFF9C, 0xFFBD, 0xFFBD, 0xFFBD, 0xFF9C, 0xFF7B, 0xFF19, 0xFED8, 0xFF5A, 0xFF7A, 0xFF9B, 0xFF5A, 0xC46F, 0x4080,
  0xB242, 0xFD31, 0xFCF2, 0xFC50, 0xEB4D, 0xECB1, 0xFEF9, 0xFE98, 0xEDB4, 0xB308, 0xDA80, 0xFB82, 0xFBC3, 0xFC03, 0xFC23, 0xFC23,
  0xFC63, 0xFC63, 0xFC63, 0xFC63, 0xFC63, 0xFC63, 0xFC42, 0xFC22, 0xFC62, 0xFC62, 0xFC62, 0xFCC2, 0xBAC1, 0x7981, 0xB2E2, 0xB2C1,
  0x89E1, 0x91E1, 0xE548, 0xFE30, 0xFBA6, 0xFBA0, 0xFDCC, 0xFFFF, 0xFFFF, 0xFFFF, 0xFFFF, 0xFFFF, 0xFFFF, 0xFFFF, 0xFFFF, 0xFFFF,
  0xFFFF, 0xFFFF, 0xFFFF, 0xFFDD, 0xF7DC, 0xF7BC, 0xFFDD, 0xFFFE, 0xFFFF, 0xFFFF, 0xFFFF, 0xFFFF, 0xFFFF, 0xFFFF, 0xFFFF, 0xFFFF,
  0xFFFF, 0xFF9F, 0xEEBD, 0xE69C, 0xF6FC, 0xF71C, 0xFF7D, 0x8BCF, 0x2925, 0x3986, 0x3986, 0x20E4, 0xC5F9, 0xDEBC, 0x1941, 0x0861,
  0x0021, 0x0000, 0x0861, 0x31A6, 0x0020, 0x732D, 0xFF7D, 0xFF5C, 0xFF9D, 0xFF9C, 0xFF9C, 0xFF9C, 0xFFBD, 0x6ACA, 0x2903, 0x3124,
  0x3123, 0x20C2, 0x20C2, 0x4185, 0x3985, 0x3144, 0x4185, 0x3124, 0x9C0E, 0xFFFE, 0xFF7C, 0xFFBC, 0xEEB8, 0x3124, 0x20C2, 0x28E3,
  0x1060, 0x2047, 0x4091, 0xC20F, 0xF291, 0xDA30, 0xC1EE, 0xB9AD, 0x60ED, 0x6157, 0x81B9, 0xA21B, 0xED5E, 0xFFFF, 0xFFFF, 0xFFFF,
  0xFFFF, 0xFFFF, 0xFFFF, 0xFFFF, 0xFFFF, 0xFFFF, 0xFFFF, 0xFFFF, 0xFFFF, 0xFFFF, 0xFFFF, 0xFFFF, 0xFFFF, 0xFFFF, 0xFFFF, 0xFFFF,
  0xFFFF, 0xFFFF, 0xFFFF, 0xFFFF, 0xFFFF, 0xFFFF, 0xFFFF, 0xFFFF, 0xFFFF, 0xFFFF, 0xFFFF, 0xFFFF, 0xFFFF, 0xFFFF, 0xFFFF, 0xFFFF,
  0xFFFF, 0xFFFF, 0xFFFF, 0xFFFF, 0xFFFF, 0xFFFF, 0xFFFF, 0xFFFF, 0xFFFF, 0xFFFF, 0xFFFF, 0xFFFF, 0xFFFF, 0xFFFF, 0xFFFF, 0xFFFF,
  0xFFFF, 0xFFFF, 0xFFFF, 0xFFFF, 0xFFFF, 0xFFFF, 0xFFFF, 0xFFFF, 0xFFFF, 0xFFFF, 0xFFFF, 0xFFFF, 0xFFFF, 0xFFFF, 0xFFFF, 0xFFFF,
  0xFFFF, 0xFFFF, 0xFFFF, 0xFFFF, 0xFFFF, 0xFFFF, 0xFFFF, 0xFFFF, 0xFFFF, 0xFFFF, 0xFFFF, 0xFFFF, 0xFFFF, 0xCEFF, 0x0B9E, 0x03BD,
  0x1A6F, 0x3103, 0x1082, 0x730C, 0xE619, 0xEE9B, 0xF6BB, 0x5208, 0x3965, 0xACB1, 0xDE37, 0xF6DA, 0xFF3B, 0xFF7C, 0xFF9C, 0xFF9C,
  0xFF9C, 0xFF9C, 0xFF7C, 0xFF9C, 0xFFBC, 0xFFBC, 0xFF9B, 0xFF3A, 0xFF39, 0xEEB8, 0x83CD, 0x62A9, 0x6AA9, 0xC4F1, 0xF5B3, 0x6122,
  0xB1C0, 0xFCEE, 0xFD33, 0xFC0F, 0xEB2D, 0xDB6D, 0xE44F, 0xF594, 0xDC8F, 0xE2C2, 0xFB61, 0xFBA2, 0xFBE3, 0xFC24, 0xFC64, 0xF3E3,
  0xDB63, 0xF423, 0xFCA3, 0xFC83, 0xFC63, 0xFC63, 0xFC42, 0xFC42, 0xFC82, 0xFC83, 0xFCA3, 0xFCA3, 0xFC62, 0xFCA3, 0xFCE3, 0xFCC3,
  0xFCE3, 0xEC03, 0xCB02, 0xF5C8, 0xFC44, 0xFB80, 0xFE91, 0xFFFF, 0xFFFF, 0xFFFF, 0xFFFF, 0xFFFF, 0xFFFF, 0xFFFF, 0xFFFF, 0xFFFF,
  0xDF38, 0xAE31, 0x9DED, 0xB5E9, 0xB5A7, 0xBE67, 0xCEA9, 0xCECA, 0xE70E, 0xFF73, 0xFFB9, 0xFFFE, 0xFFFF, 0xFFFF, 0xFFFF, 0xFFFF,
  0xFFDF, 0xEEDD, 0xE67C, 0xE67B, 0xEEBC, 0xF71C, 0xFFBE, 0xCDB6, 0x3125, 0x3986, 0x41A6, 0x3124, 0xBD97, 0xD69A, 0x4980, 0x0820,
  0x0000, 0x0000, 0x0000, 0x0000, 0x1082, 0xD639, 0xFFBD, 0xFF7C, 0xFF9D, 0xFF9D, 0xFF9D, 0xFFDE, 0xDE78, 0x4185, 0x3144, 0x3165,
  0x62EB, 0x9492, 0x7BCF, 0x28E3, 0x20E2, 0x3165, 0x3145, 0x3965, 0x6268, 0xFF7C, 0xFFBD, 0xFF7B, 0xFF3A, 0x51E6, 0x1061, 0x1861,
  0x2081, 0x40AD, 0x7930, 0xFAF2, 0xEA91, 0xE250, 0xC9EE, 0xC1AD, 0x80ED, 0x5915, 0x81B9, 0x8199, 0xBA9C, 0xFF1F, 0xFFFF, 0xFFFF,
  0xFFFF, 0xFFFF, 0xFFFF, 0xFFFF, 0xFFFF, 0xFFFF, 0xFFFF, 0xFFFF, 0xFFFF, 0xFFFF, 0xFFFF, 0xFFFF, 0xFFFF, 0xFFFF, 0xFFFF, 0xFFFF,
  0xFFFF, 0xFFFF, 0xFFFF, 0xFFFF, 0xFFFF, 0xFFFF, 0xFFFF, 0xFFFF, 0xFFFF, 0xFFFF, 0xFFFF, 0xFFFF, 0xFFFF, 0xFFFF, 0xFFFF, 0xFFFF,
  0xFFFF, 0xFFFF, 0xFFFF, 0xFFFF, 0xFFFF, 0xFFFF, 0xFFFF, 0xFFFF, 0xFFFF, 0xFFFF, 0xFFFF, 0xFFFF, 0xFFFF, 0xFFFF, 0xFFFF, 0xFFFF,
  0xFFFF, 0xFFFF, 0xFFFF, 0xFFFF, 0xFFFF, 0xFFFF, 0xFFFF, 0xFFFF, 0xFFFF, 0xFFFF, 0xFFFF, 0xFFFF, 0xFFFF, 0xFFFF, 0xFFFF, 0xFFFF,
  0xFFFF, 0xFFFF, 0xFFFF, 0xFFFF, 0xFFFF, 0xFFFF, 0xFFFF, 0xFFFF, 0xFFFF, 0xFFFF, 0xFFFF, 0xFFFF, 0xFFFF, 0x6CDC, 0x02FB, 0x02F4,
  0x28E3, 0x18A2, 0x524A, 0xBD35, 0xE67A, 0xF6FC, 0x5A4A, 0x730B, 0xFF3B, 0xFF9C, 0xFF5B, 0xFF1B, 0xF6DA, 0xFEFA, 0xFF7C, 0xFF7C,
  0xFF9C, 0xFF9C, 0xFF7C, 0xFF9C, 0xFFBC, 0xFFBC, 0xFF5B, 0xFF5A, 0xD637, 0x3985, 0x5A69, 0x836C, 0x49C6, 0x0800, 0x7AC9, 0x8A26,
  0xA160, 0xFBE6, 0xFD33, 0xFC50, 0xF36D, 0xD2EB, 0xE470, 0xECF1, 0xEB87, 0xFB20, 0xFB82, 0xFBC3, 0xFC23, 0xEBA3, 0x81E2, 0x48C1,
  0x3860, 0x81A1, 0xFC63, 0xFC83, 0xFC83, 0xFC83, 0xFC62, 0xFC62, 0xFC83, 0xFCA3, 0xFCC3, 0xFCC3, 0xFCA3, 0xFC62, 0xFC42, 0xFC22,
  0xFC22, 0xFCA3, 0xFC42, 0xFCC4, 0xFE0B, 0xFBE2, 0xFF38, 0xFFFF, 0xFFFF, 0xFFFF, 0xFFFF, 0xFFFF, 0xFFFF, 0xF7DF, 0xBEB6, 0xAE0D,
  0x9D66, 0x8D44, 0xA604, 0xB603, 0xAD83, 0xC6A2, 0xBEA2, 0xC6C3, 0xD6E3, 0xD6C4, 0xDEE6, 0xF72E, 0xFF98, 0xFFDF, 0xFFFF, 0xFFFF,
  0xFFFF, 0xEF1D, 0xE67C, 0xE67B, 0xEEBB, 0xF71C, 0xFF7D, 0xFF9D, 0x940F, 0x3145, 0x3986, 0x3145, 0x62AB, 0xE6DC, 0xBBE5, 0x5160,
  0x0000, 0x0000, 0x0000, 0x0000, 0x838F, 0xFFBE, 0xFF9D, 0xFF9D, 0xFFBD, 0xFFBD, 0xFF9D, 0xFFFF, 0xACF2, 0x3123, 0x18A2, 0x28E2,
  0x2903, 0x4185, 0xCE18, 0xE71C, 0x3145, 0x1881, 0x3965, 0x3965, 0x49A5, 0xE6DA, 0xFFDE, 0xFF5B, 0xFF9C, 0x6A89, 0x0000, 0x49C7,
  0x93D2, 0x408F, 0xBA0F, 0xFB33, 0xF2B1, 0xE270, 0xC9CE, 0xC1EF, 0x816F, 0x50D4, 0x7978, 0x7998, 0x919A, 0xE49E, 0xFFFF, 0xFFFF,
  0xFFFF, 0xFFFF, 0xFFFF, 0xFFFF, 0xFFFF, 0xFFFF, 0xFFFF, 0xFFFF, 0xFFFF, 0xFFFF, 0xFFFF, 0xFFFF, 0xFFFF, 0xFFFF, 0xFFFF, 0xFFFF,
  0xFFFF, 0xFFFF, 0xFFFF, 0xFFFF, 0xFFFF, 0xFFFF, 0xFFFF, 0xFFFF, 0xFFFF, 0xFFFF, 0xFFFF, 0xFFFF, 0xFFFF, 0xFFFF, 0xFFFF, 0xFFFF,
  0xFFFF, 0xFFFF, 0xFFFF, 0xFFFF, 0xFFFF, 0xFFFF, 0xFFFF, 0xFFFF, 0xFFFF, 0xFFFF, 0xFFFF, 0xFFFF, 0xFFFF, 0xFFFF, 0xFFFF, 0xFFFF,
  0xFFFF, 0xFFFF, 0xFFFF, 0xFFFF, 0xFFFF, 0xFFFF, 0xFFFF, 0xFFFF, 0xFFFF, 0xFFFF, 0xFFFF, 0xFFFF, 0xFFFF, 0xFFFF, 0xFFFF, 0xFFFF,
  0xFFFF, 0xFFFF, 0xFFFF, 0xFFFF, 0xFFFF, 0xFFFF, 0xFFFF, 0xFFFF, 0xFFFF, 0xFFFF, 0xFFFF, 0xFFFF, 0xA63F, 0x0B9E, 0x03FE, 0x03F9,
  0x00E6, 0x4209, 0x8BD1, 0xC577, 0xFF1D, 0xA4B3, 0x8BAE, 0xFFBC, 0xFF1A, 0xFEFA, 0xFED9, 0xF6B9, 0xEE99, 0xF699, 0xFF1A, 0xFF5B,
  0xFF9C, 0xFF9C, 0xFF9C, 0xFF9C, 0xFFBC, 0xFFBC, 0xFF7B, 0xF719, 0x732C, 0xC5D7, 0xFFDF, 0xFFFF, 0xFFFF, 0xC574, 0x1882, 0x5964,
  0xA1A0, 0xF300, 0xFC8E, 0xFCD2, 0xFBEE, 0xEBAE, 0xD30C, 0xC246, 0xF2E1, 0xFB83, 0xFB83, 0xFBE3, 0xD323, 0x40A0, 0x50E0, 0xA261,
  0xCB22, 0xE362, 0xFC02, 0xFC23, 0xFC63, 0xFC83, 0xFC83, 0xFC82, 0xFC83, 0xFCA3, 0xFCA3, 0xFCC3, 0xFCA3, 0xFC42, 0xFBC1, 0xFC01,
  0xFC42, 0xFC02, 0xFC22, 0xFC62, 0xFDC9, 0xFE0E, 0xFFDE, 0xFFFF, 0xFFFF, 0xFFFF, 0xFFFF, 0xFFFF, 0xDF5A, 0x9DED, 0x8D86, 0x9DC5,
  0x8524, 0xB624, 0xC6A3, 0x9DC3, 0x9E03, 0xCEE3, 0xD703, 0xD723, 0xD6E3, 0xD6E3, 0xD6E4, 0xDF25, 0xEF69, 0xFF70, 0xFF9A, 0xFFFF,
  0xFFBF, 0xDE7B, 0xD61A, 0xDE5A, 0xEEBA, 0xF6FB, 0xFF3C, 0xFF9D, 0xFFBE, 0xBD54, 0x6289, 0x3945, 0x3103, 0x5A8A, 0x8BAC, 0xA300,
  0x59A0, 0x30C0, 0x59E4, 0xACD2, 0xFFDF, 0xFFBE, 0xFFFF, 0xFFFF, 0xFFFE, 0xFFDD, 0xFFBD, 0xFFDD, 0x836C, 0x28E2, 0x18A3, 0x0883,
  0x0000, 0x734C, 0x834B, 0xDEDB, 0xDEDB, 0x1061, 0x2903, 0x41A5, 0x3964, 0xC5B5, 0xFFDD, 0xFF3A, 0xFF3A, 0xCDD6, 0xBDB6, 0xFFBE,
  0x9C18, 0x506F, 0xF353, 0xFB33, 0xF2D2, 0xE250, 0xCAB3, 0xC2F5, 0x9253, 0x4892, 0x6916, 0x6115, 0x6116, 0xA23B, 0xFF1F, 0xFFFF,
  0xFFFF, 0xFFFF, 0xFFFF, 0xFFDF, 0xFFBF, 0xFFFF, 0xFFFF, 0xFFFF, 0xFFFF, 0xFFFF, 0xFFFF, 0xFFFF, 0xFFFF, 0xFFFF, 0xFFFF, 0xFFFF,
  0xFFFF, 0xFFFF, 0xFFFF, 0xFFFF, 0xFFFF, 0xFFFF, 0xFFFF, 0xFFFF, 0xFFFF, 0xFFFF, 0xFFFF, 0xFFFF, 0xFFFF, 0xFFFF, 0xFFFF, 0xFFFF,
  0xFFFF, 0xFFFF, 0xFFFF, 0xFFFF, 0xFFFF, 0xFFFF, 0xFFFF, 0xFFFF, 0xFFFF, 0xFFFF, 0xFFFF, 0xE7BF, 0xFFFF, 0xFFFF, 0xC73F, 0x9EDF,
  0xFFFF, 0xFFFF, 0xFFFF, 0xFFFF, 0xFFFF, 0xFFFF, 0xFFFF, 0xFFFF, 0xFFFF, 0xFFFF, 0xFFFF, 0xFFFF, 0xFFFF, 0xFFFF, 0xFFFF, 0xFFFF,
  0xFFFF, 0xFFFF, 0xFFFF, 0xFFFF, 0xFFFF, 0xFFFF, 0xFFFF, 0xFFFF, 0xFFFF, 0xFFFF, 0xFFFF, 0xFFFF, 0x449F, 0x031D, 0x041C, 0x03B9,
  0x1B76, 0xAD17, 0x93F2, 0xD5D8, 0xDE39, 0x9C31, 0xFF5C, 0xFEFA, 0xFED9, 0xF698, 0xF657, 0xEE16, 0xE5F7, 0xE638, 0xEE99, 0xFF1B,
  0xFF7B, 0xFF9C, 0xFF9C, 0xFF7C, 0xFF9C, 0xFF9C, 0xFFBC, 0xD5B4, 0x6AA9, 0x6A67, 0x5942, 0x7A88, 0xDEBA, 0xFFFF, 0xBD75, 0x4124,
  0x81A3, 0xD240, 0xFB83, 0xFCF2, 0xFCB1, 0xF3AE, 0xCACA, 0xE283, 0xFB01, 0xFB43, 0xFBC3, 0xDB23, 0x48C0, 0xA261, 0xFC02, 0xFC63,
  0xFC22, 0xFBE2, 0xFBE2, 0xFBA2, 0xFC03, 0xFC63, 0xFC62, 0xFC62, 0xFC62, 0xFCA3, 0xFCA3, 0xFCE3, 0xFCA3, 0xFC02, 0xFC21, 0xAAE0,
  0x71E0, 0x6920, 0xB240, 0xFC02, 0xFCE3, 0xFEB0, 0xFFFF, 0xFFFF, 0xFFFF, 0xFFFF, 0xFFFF, 0xC6D7, 0x8DAA, 0x95A5, 0xA604, 0xB664,
  0xBE83, 0xC6A3, 0xC6C4, 0xC6C4, 0xCEE4, 0xD724, 0xD724, 0xDF24, 0xDF24, 0xDF24, 0xDF46, 0xC685, 0xB5C4, 0xC624, 0xEF28, 0xFFF4,
  0xFFFF, 0xDE7C, 0xCDD9, 0xD618, 0xDE58, 0xEE9A, 0xF6FB, 0xFF5C, 0xFF5C, 0xFFFE, 0xFF9D, 0xC5B6, 0x9C71, 0x7B6D, 0x6ACB, 0x7B4C,
  0xC50F, 0xEE76, 0xFFBD, 0xFFBE, 0x8C30, 0x6B0C, 0x8BEF, 0xB555, 0xE71B, 0xFFFF, 0xFFDE, 0xFF9C, 0x6268, 0x0840, 0x0042, 0x0862,
  0x0000, 0x8431, 0x7309, 0x7BAD, 0xFFFF, 0x5AAA, 0x1882, 0x49C6, 0x3944, 0xA470, 0xFFDD, 0xFEF9, 0xFEB8, 0xFF9D, 0xFFFF, 0xFFDF,
  0x61B3, 0x8971, 0xFBB4, 0xFB12, 0xF2F2, 0xE395, 0xD396, 0xB335, 0x81F1, 0x48D0, 0x7157, 0x81B8, 0x9A3A, 0xC31D, 0xEC7F, 0xED1F,
  0xDC5E, 0xD45E, 0xFEBF, 0xAB9C, 0xCBDE, 0xFFFF, 0xFFFF, 0xFFFF, 0xFFFF, 0xFFFF, 0xFFFF, 0xFFFF, 0xFFFF, 0xFFFF, 0xFFFF, 0xFFFF,
  0xFFFF, 0xFFFF, 0xFFFF, 0xFFFF, 0xFFDF, 0xFFFF, 0xFFFF, 0xFFDF, 0xFFFF, 0xFFFF, 0xFFFF, 0xFFFF, 0xFFFF, 0xFFFF, 0xFFFF, 0xFFFF,
  0xFFFF, 0xFFFF, 0xFFFF, 0xFFFF, 0xFFDF, 0xDFBF, 0xD7BF, 0xDFDF, 0xE7BF, 0xEFDF, 0xFFFF, 0xBF3F, 0x5E3F, 0xFFFF, 0xB6DF, 0x04DF,
  0x973F, 0xFFFF, 0xFFFF, 0xFFFF, 0xFFFF, 0xFFFF, 0xFFFF, 0xFFFF, 0xFFFF, 0xFFFF, 0xFFFF, 0xFFFF, 0xFFFF, 0xFFFF, 0xFFFF, 0xFFFF,
  0xFFFF, 0xFFFF, 0xFFFF, 0xFFFF, 0xFFFF, 0xFFFF, 0xFFFF, 0xFFFF, 0xFFFF, 0xFFFF, 0xFFFF, 0xDF5F, 0x139D, 0x02F9, 0x045D, 0x02D6,
  0x6CD8, 0xBD58, 0x9C53, 0xDE3A, 0xCDB7, 0xE679, 0xFF7C, 0xFEB9, 0xFED9, 0xF6B8, 0xEE37, 0xEE78, 0xF658, 0xDD95, 0xDDF7, 0xF6BA,
  0xFF5B, 0xFF9C, 0xFF9C, 0xFF7B, 0xFF9C, 0xFF9C, 0xFFDC, 0xBCD1, 0x2000, 0x0000, 0x41E7, 0xD594, 0x71C4, 0xE6FB, 0xFFFF, 0x7B2B,
  0x81E5, 0xB9C0, 0xFB20, 0xFC28, 0xFCB1, 0xFBCF, 0xDAC7, 0xF2A0, 0xFB02, 0xFB42, 0xF363, 0x6940, 0xCB42, 0xFC83, 0xFC02, 0xFBE2,
  0xFBA2, 0xFB61, 0xFB62, 0xFB41, 0xFBA2, 0xFC42, 0xFC42, 0xFC62, 0xFC62, 0xFC83, 0xFCA3, 0xFCE3, 0xFCA3, 0xF422, 0x7243, 0x62AB,
  0x8BAF, 0x6269, 0x1841, 0x6100, 0xFC42, 0xFD87, 0xFF9B, 0xFFFF, 0xFFFF, 0xFFFF, 0xC6B5, 0x8D67, 0x9DC5, 0xA5E4, 0xAE24, 0xBE83,
  0xC6A4, 0xC6C4, 0xCF04, 0xD704, 0xD725, 0xDF45, 0xE745, 0xE766, 0xE767, 0xEFC7, 0xA504, 0x5281, 0x5281, 0x3983, 0x62C4, 0x9464,
  0xB572, 0xDE7C, 0xCDF9, 0xC576, 0xD617, 0xE659, 0xEE9A, 0xF6FB, 0xFF5C, 0xFF5C, 0xFFBE, 0xFFFF, 0xFFFF, 0xFFFF, 0xFFFE, 0xFFDE,
  0xFF7E, 0xFF9F, 0xFFBF, 0xC5B7, 0x0821, 0x3125, 0x41A6, 0x6A48, 0x830B, 0xBD54, 0xFFFF, 0xFFDE, 0x6AA9, 0x0800, 0x0000, 0x0000,
  0x0000, 0x0000, 0x0000, 0x6B2C, 0xFFFF, 0x9471, 0x1881, 0x41C6, 0x3124, 0x838C, 0xFF9C, 0xFEF9, 0xFE98, 0xFF7D, 0xFFFF, 0xDEBC,
  0x48D1, 0xA1F1, 0xFB73, 0xFAD2, 0xF271, 0xD375, 0xB357, 0x8A37, 0x8198, 0x89DA, 0x9A3C, 0xA25D, 0xA25D, 0xAA7D, 0x9A1C, 0x99BB,
  0xAA3D, 0xAA5D, 0xD33E, 0x899A, 0x999B, 0xFDDF, 0xFFDF, 0xFFFF, 0xFFFF, 0xFFFF, 0xFFFF, 0xFFFF, 0xFFFF, 0xFFFF, 0xFFFF, 0xFFFF,
  0xFFFF, 0xFFFF, 0xFFFF, 0xFFFF, 0xFFFF, 0xFFFF, 0xFFFF, 0xFFFF, 0xFFFF, 0xFFFF, 0xFFFF, 0xFFFF, 0xFFFF, 0xFFFF, 0xFFFF, 0xFFFF,
  0xFFFF, 0xFFFF, 0xFFFF, 0xFFFF, 0xCF5F, 0x253F, 0x04FF, 0x15BF, 0x2E5F, 0x56BF, 0x973F, 0xC77F, 0x4D9F, 0x6E3F, 0xDF7F, 0x0CBF,
  0x1E1F, 0xC77F, 0xFFFF, 0xFFFF, 0xFFFF, 0xFFFF, 0xFFFF, 0xFFFF, 0xFFFF, 0xFFFF, 0xFFFF, 0xFFFF, 0xFFFF, 0xFFFF, 0xFFFF, 0xFFFF,
  0xFFFF, 0xFFFF, 0xFFFF, 0xFFFF, 0xFFFF, 0xFFFF, 0xFFFF, 0xFFFF, 0xFFFF, 0xFFFF, 0xFFFF, 0xE77E, 0x22F7, 0x0276, 0x018D, 0x1AD2,
  0xDF1E, 0xA4B7, 0xA494, 0xDE1A, 0xE67A, 0xFF1B, 0xFF3B, 0xF698, 0x940F, 0x39A6, 0x3165, 0x4208, 0x7B8D, 0xD5B5, 0xDDB6, 0xE618,
  0xFF1B, 0xFF7B, 0xFF7C, 0xFF7C, 0xFF9C, 0xFF9C, 0xFFDD, 0xB4B0, 0x0821, 0x0042, 0x18C3, 0x4A8A, 0x2820, 0x8BCE, 0xFFFF, 0xB533,
  0xA34B, 0xA1C1, 0xEAA0, 0xFB60, 0xFB03, 0xEAE9, 0xD263, 0xFB01, 0xFB22, 0xFB62, 0xD282, 0xC2E2, 0xFC63, 0xF3E2, 0xFB81, 0xFB61,
  0xFB61, 0xFB01, 0xF301, 0xFB01, 0xFB21, 0xFBE2, 0xFC42, 0xFC62, 0xFC62, 0xFC82, 0xFC82, 0xFCE3, 0xFCC2, 0x9A82, 0x6ACB, 0xB4B1,
  0xC5D6, 0xFFFF, 0xE6B9, 0x3944, 0x8180, 0xFCE3, 0xFEF3, 0xFFFF, 0xFFFF, 0xD6D6, 0x8D25, 0x9563, 0xA5E3, 0xAE43, 0xBEC4, 0xCF04,
  0xCEE4, 0xCEE4, 0xD725, 0xD725, 0xDF46, 0xE766, 0xE767, 0xEF88, 0xEFA9, 0xE767, 0xCE81, 0x9CE1, 0x5265, 0x6B25, 0x8404, 0x7383,
  0x5262, 0x5A89, 0x8BF0, 0xBD55, 0xBD55, 0xD5D6, 0xDE38, 0xEEBA, 0xF71B, 0xFF5C, 0xFF7C, 0xFF7C, 0xFF7C, 0xFF7C, 0xF6B9, 0xC513,
  0xDE39, 0xF6FC, 0xFF5D, 0xF79E, 0x6AEB, 0x1062, 0x3986, 0x49E7, 0x5A28, 0x3903, 0xBD55, 0xFFFF, 0x93ED, 0x38C0, 0x0000, 0x0000,
  0x0000, 0x0001, 0x2040, 0x944F, 0xFFFF, 0x9471, 0x1861, 0x41A6, 0x3124, 0x730A, 0xFF9C, 0xFEF9, 0xFE98, 0xFF9D, 0xFFFF, 0xC55A,
  0x4871, 0xBA32, 0xFB94, 0xFA91, 0xB9F1, 0x8A16, 0x81D9, 0x81BA, 0x89BB, 0x91DB, 0x91FC, 0x91FC, 0x91FB, 0x91FB, 0x91FB, 0x6957,
  0x58F5, 0x921B, 0xC31E, 0xBAFD, 0xB23D, 0xDB3E, 0xD3DE, 0xE57E, 0xFFFF, 0xFFFF, 0xFFFF, 0xFFFF, 0xFFFF, 0xFFFF, 0xFFFF, 0xFFFF,
  0xFFBF, 0xFF5F, 0xF6DF, 0xEE5F, 0xEDFF, 0xE5DE, 0xE5DF, 0xEDFF, 0xF69F, 0xFF9F, 0xFFFF, 0xFFFF, 0xFFFF, 0xFFFF, 0xFFFF, 0xFFFF,
  0xFFFF, 0xFFFF, 0xFFFF, 0xFFFF, 0xFFFF, 0xDF5F, 0x7DDF, 0x1C7F, 0x041F, 0x051F, 0x057F, 0x2DFF, 0x7EFF, 0x869F, 0xCF5F, 0x2C9F,
  0x053F, 0x4E9F, 0xF7DF, 0xFFFF, 0xFFFF, 0xFFFF, 0xFFFF, 0xFFFF, 0xFFFF, 0xFFFF, 0xFFFF, 0xFFFF, 0xFFFF, 0xFFFF, 0xFFFF, 0xFFFF,
  0xFFFF, 0xFFFF, 0xFFFF, 0xFFFF, 0xFFFF, 0xFFFF, 0xFFFF, 0xFFFF, 0xFFFF, 0xFFFF, 0xFFFF, 0xDF3F, 0x23FD, 0x03BC, 0x118C, 0x1927,
  0x4A4A, 0x62CE, 0xB4F6, 0xDE19, 0xE67A, 0xFEFA, 0xE617, 0x39A6, 0x20A2, 0x9C71, 0xC5D7, 0x83CF, 0x49C7, 0x39A6, 0xC534, 0xE5F7,
  0xF6B9, 0xFF5B, 0xFF7B, 0xFF7B, 0xFF9C, 0xFF9C, 0xFFDC, 0xB512, 0x0000, 0x0000, 0x0000, 0x0000, 0x1820, 0x6A67, 0xFFFF, 0xD657,
  0xDD73, 0x9A87, 0xB9A0, 0xFB00, 0xFB00, 0xDA00, 0xDA40, 0xFAE1, 0xFB02, 0xFB22, 0xFB82, 0xFC23, 0xFBC2, 0xFBC2, 0xFB61, 0xDB21,
  0xD341, 0xFB81, 0xFB61, 0xF2C1, 0xF2E1, 0xFB82, 0xFC02, 0xFC22, 0xFC62, 0xFC82, 0xFC83, 0xFD03, 0xFC62, 0x5901, 0x3080, 0x2000,
  0x7A67, 0xAC2E, 0xFFFF, 0xD699, 0x38A1, 0xF3E1, 0xFDA7, 0xFF7A, 0xEF9C, 0xA504, 0x9CE0, 0x9D62, 0xB643, 0xC6C3, 0xADE3, 0xADE4,
  0xCEE5, 0xCF05, 0xD726, 0xDF46, 0xE767, 0xE767, 0xE787, 0xEF88, 0xEF88, 0xE763, 0xA541, 0x5244, 0x94E2, 0xC6A0, 0xCEA0, 0xCEA0,
  0xB5E0, 0xA505, 0x5AAA, 0x5A69, 0xACD1, 0xBD33, 0xCDD6, 0xE678, 0xEEBA, 0xF71B, 0xFF5C, 0xFF5C, 0xFF5C, 0xFF1B, 0xE617, 0xAC51,
  0xCDB7, 0xE69B, 0xF6FC, 0xFFBE, 0xFFBE, 0x62AA, 0x1062, 0x2903, 0x18A2, 0x41A6, 0xCE37, 0xFFFF, 0xDE99, 0x8B23, 0x49A0, 0x0000,
  0x0000, 0x5960, 0x7A01, 0xD6BA, 0xFFFF, 0x62CA, 0x2903, 0x3985, 0x3144, 0x6AA9, 0xFF9C, 0xFF3A, 0xFE98, 0xFF9D, 0xFFFF, 0xA417,
  0x4891, 0x99B1, 0xF2D1, 0xA214, 0x79B8, 0x89FB, 0x9A3C, 0x9A1C, 0x91FC, 0x921C, 0x91FB, 0x91FC, 0x91FC, 0x921C, 0x921C, 0x7158,
  0x4893, 0x89FA, 0x921B, 0x91FB, 0x89BA, 0x91FB, 0xC2DE, 0xE3BF, 0xFE9F, 0xFFFF, 0xFFFF, 0xFF7F, 0xF67F, 0xDD3F, 0xCC3E, 0xBB9E,
  0xA2BD, 0x923C, 0x81BB, 0x819B, 0x817B, 0x797A, 0x797A, 0x7959, 0x7979, 0xA27B, 0xEE7E, 0xFFFF, 0xFFFF, 0xFFFF, 0xFFFF, 0xFFFF,
  0xFFFF, 0xFFFF, 0xFFFF, 0xFFFF, 0xFFFF, 0xFFFF, 0xFFFF, 0xF7BF, 0x859F, 0x137E, 0x03DF, 0x041F, 0x057F, 0x4EBF, 0xAF7F, 0x3BBF,
  0x03FF, 0x0DFF, 0xAF5F, 0xFFFF, 0xFFFF, 0xFFFF, 0xFFFF, 0xFFFF, 0xFFFF, 0xFFFF, 0xFFFF, 0xFFFF, 0xFFFF, 0xFFFF, 0xFFFF, 0xFFFF,
  0xFFFF, 0xFFFF, 0xFFFF, 0xFFFF, 0xFFFF, 0xFFFF, 0xFFFF, 0xFFFF, 0xFFFF, 0xFFFF, 0xFFFF, 0x9E1F, 0x039E, 0x0338, 0x0085, 0x0085,
  0x10A4, 0x1062, 0x8BF1, 0xD619, 0xEE9A, 0xF6FA, 0x3965, 0x20C3, 0xEEFB, 0xE71C, 0x6228, 0x30A2, 0x30A2, 0x2861, 0x41A6, 0xD5B6,
  0xEE58, 0xFF1A, 0xFF5B, 0xFF7B, 0xFF9C, 0xFF7C, 0xFFBC, 0xDE15, 0x0000, 0x0000, 0x0820, 0x0000, 0x40A0, 0xBB87, 0xFFFF, 0xDE16,
  0xF635, 0xE552, 0x91C3, 0xD200, 0xEAA0, 0xDA20, 0xE280, 0xF2E1, 0xF2E2, 0xFB22, 0xFBC3, 0xFC03, 0xFB62, 0x9A01, 0x30A0, 0x2903,
  0x3985, 0x49A3, 0xAB03, 0xFB41, 0xEAA1, 0xFB41, 0xFC02, 0xFC42, 0xFC62, 0xFC83, 0xFC83, 0xFD04, 0xEC02, 0x3880, 0x0062, 0x18C3,
  0xC5F7, 0x7161, 0xB513, 0xFFFF, 0x7B2B, 0xCAC0, 0xFCC2, 0xFD27, 0xDCA7, 0xA440, 0xA500, 0xADE1, 0x8CC2, 0x4A83, 0x3162, 0x5B01,
  0xC6E2, 0xD744, 0xD705, 0xDF46, 0xE767, 0xE767, 0xE767, 0xEF88, 0xEF86, 0xBE41, 0x4203, 0xADA0, 0xB600, 0x6B80, 0x5B00, 0x7C00,
  0x94E0, 0x9D20, 0xB56F, 0x4209, 0x5227, 0xA46F, 0xBD33, 0xD5F6, 0xE658, 0xEEB9, 0xFF1B, 0xFF3B, 0xFF5B, 0xFF5C, 0xF6FB, 0xDE39,
  0xC535, 0xDE39, 0xEEDB, 0xF6FB, 0xFF9D, 0xE658, 0x836D, 0xCE17, 0xEF1B, 0xFFBD, 0xFFFE, 0xFFDE, 0xFFFF, 0xB533, 0x9B41, 0xBBE1,
  0xC3C1, 0xDC66, 0xE6B8, 0xFFFF, 0xACD1, 0x3944, 0x41C6, 0x41A6, 0x3965, 0x72C9, 0xFF5B, 0xFF3A, 0xFEB8, 0xFF7D, 0xFFFF, 0x9BD7,
  0x4871, 0x58F1, 0x89B5, 0x81F9, 0x81D8, 0x6974, 0x5952, 0x5952, 0x79B6, 0x9A5D, 0x9A3D, 0x921C, 0x921C, 0x9A1C, 0xA25D, 0x81BA,
  0x6937, 0x89FA, 0x81BA, 0x91DB, 0x91BB, 0x91FB, 0xA23C, 0xB21D, 0xEB9F, 0xED9E, 0xB3DD, 0x9A5C, 0x797A, 0x6939, 0x6939, 0x6959,
  0x6959, 0x7179, 0x7179, 0x6157, 0x5914, 0x58F2, 0x58F0, 0x48AD, 0x308C, 0x3831, 0xBC5B, 0xFFFF, 0xFFDF, 0xFFFF, 0xFFFF, 0xFFFF,
  0xFFFF, 0xFFFF, 0xFFFF, 0xFFFF, 0xE7BF, 0xC75F, 0xAF3F, 0x9F1F, 0x9F5F, 0x4D7E, 0x02DC, 0x031E, 0x03BE, 0x055F, 0x3EDF, 0x75DF,
  0x0B1E, 0x057F, 0x6EFF, 0xFFFF, 0xFFFF, 0xE7BF, 0xFFFF, 0xFFFF, 0xFFFF, 0xFFFF, 0xFFFF, 0xFFFF, 0xFFFF, 0xFFFF, 0xFFFF, 0xFFFF,
  0xFFFF, 0xFFFF, 0xFFFF, 0xFFFF, 0xFFFF, 0xFFFF, 0xFFFF, 0xFFFF, 0xFFFF, 0xFFFF, 0xFFFF, 0x543A, 0x035D, 0x0210, 0x0842, 0x10E6,
  0x3166, 0x20C3, 0x49E8, 0xCDB8, 0xEEBB, 0xA471, 0x0820, 0xD5D7, 0xF7BF, 0x59C6, 0x2841, 0x0883, 0x0021, 0xBDD7, 0x5207, 0x7AEB,
  0xEE38, 0xF6B9, 0xFF5B, 0xFF7C, 0xFF7B, 0xFF7B, 0xFF9C, 0xFF9C, 0x59C5, 0x0000, 0x0000, 0x0841, 0xAAC0, 0xDD30, 0xFFBE, 0xEE15,
  0xFEB8, 0xFED8, 0xE511, 0x91A2, 0xC1C0, 0xB9C0, 0xEAA1, 0xF302, 0xFB02, 0xFB62, 0xFBC2, 0xFB61, 0x58E0, 0x1882, 0x9C72, 0xACB3,
  0x7269, 0x4924, 0x1000, 0x79C0, 0xF2E1, 0xF2E1, 0xFBE2, 0xFC43, 0xFC63, 0xFC83, 0xFC63, 0xFCE3, 0xDBC2, 0x1020, 0x0021, 0x0000,
  0x0000, 0x1800, 0x7AA8, 0xFFFF, 0xB533, 0xCB00, 0xFCA3, 0xFC42, 0xFBA0, 0xB340, 0xB580, 0x7383, 0x1083, 0x2943, 0x31A2, 0x3A02,
  0x4AA3, 0x94E4, 0xC6A2, 0xCEE4, 0xDF46, 0xE766, 0xE767, 0xEF88, 0xDF64, 0x52E1, 0x8442, 0xBE00, 0x62E6, 0x7BAE, 0x83EF, 0x39E6,
  0x2120, 0x7C40, 0x94E4, 0x8C31, 0x3986, 0x62A9, 0xA46F, 0xCDB4, 0xDE16, 0xE658, 0xF6DA, 0xFF1A, 0xFF3B, 0xFF5C, 0xF6FB, 0xE67A,
  0xD618, 0xC555, 0xCDB6, 0xDE17, 0xF6DA, 0xE637, 0xEE9A, 0xFFDE, 0xFFDE, 0xFFDD, 0xFFDD, 0xFFFE, 0xFFDD, 0xFFFF, 0xA4B3, 0x6204,
  0x8308, 0xA513, 0xB575, 0x734C, 0x3985, 0x49C6, 0x41A6, 0x51E7, 0x4164, 0xAC4F, 0xFFDD, 0xFEF9, 0xFE36, 0xFF3B, 0xFFFF, 0xA437,
  0x4891, 0x81F7, 0x79B7, 0x6994, 0x5130, 0x514F, 0x492E, 0x30C9, 0x1045, 0x514F, 0xA25D, 0x9A3D, 0x9A5D, 0x9A3D, 0xA25D, 0x9A5C,
  0x89FB, 0x91FB, 0x9A1C, 0x9A1C, 0x91FB, 0x91FB, 0x99FC, 0xA1FC, 0xB27D, 0xAA3C, 0x58D7, 0x58F7, 0x6137, 0x6977, 0x6977, 0x7198,
  0x6978, 0x5915, 0x58F0, 0x68CB, 0x810A, 0x9929, 0xA94A, 0xA96A, 0x4887, 0x282D, 0xBCBB, 0xFFFF, 0xFFDF, 0xFFFF, 0xFFFF, 0xFFFF,
  0xFFFF, 0xF7DF, 0xB75F, 0x6EDF, 0x5EDF, 0x56BF, 0x4EBF, 0x4EBF, 0x56DF, 0x4F1F, 0x2E7F, 0x0C7E, 0x021C, 0x03BF, 0x05BF, 0x36DF,
  0x341E, 0x049F, 0x3E9F, 0xFFFF, 0xB75F, 0x4E7F, 0xFFFF, 0xFFFF, 0xFFFF, 0xFFFF, 0xFFFF, 0xFFFF, 0xFFFF, 0xFFFF, 0xFFFF, 0xFFFF,
  0xFFFF, 0xFFFF, 0xFFFF, 0xFFFF, 0xFFFF, 0xFFFF, 0xFFFF, 0xFFFF, 0xFFFF, 0xFFFF, 0xAE7F, 0x0B9D, 0x02FA, 0x0359, 0x1127, 0x18E5,
  0x2967, 0x41A6, 0x20E3, 0xAC94, 0xE639, 0x3965, 0x3986, 0xFFFF, 0xB575, 0x38C2, 0x10A3, 0x0021, 0x0021, 0x2945, 0x1881, 0x3924,
  0xD596, 0xF699, 0xFF3B, 0xFF7C, 0xFF7C, 0xFF9C, 0xFFBC, 0xFFFE, 0xEDF2, 0xA280, 0x8280, 0xCBA0, 0xE466, 0xEE98, 0xFEB7, 0xFED8,
  0xFED8, 0xFE97, 0xFE56, 0x9AE9, 0x60C0, 0xC1E0, 0xF2E1, 0xF301, 0xFB01, 0xFB62, 0xFBC2, 0x6100, 0x18C4, 0xEE9A, 0xB4F3, 0x40A1,
  0x2041, 0x1820, 0x6A68, 0x28E3, 0x99E0, 0xF2C1, 0xFB82, 0xFC23, 0xFC83, 0xFCA3, 0xFCA3, 0xFCE3, 0xE402, 0x0800, 0x0000, 0x0800,
  0x0000, 0x2020, 0x9A65, 0xFFFF, 0xC532, 0xE3A0, 0xFC82, 0xFC21, 0xFBC0, 0xB300, 0x4A42, 0x31A3, 0x84A1, 0x9DA0, 0x9540, 0x84C0,
  0x6BE0, 0x4223, 0x5B05, 0xAE02, 0xD705, 0xDF46, 0xE747, 0xEF88, 0xB622, 0x31C2, 0xAD61, 0x5AE5, 0x634B, 0x7BED, 0xB5B5, 0xFFFF,
  0x8C51, 0x1900, 0x84C0, 0x6327, 0x20C3, 0x28E2, 0x6AC8, 0xBD31, 0xCDB4, 0xDE37, 0xEE98, 0xF6FA, 0xFF1B, 0xF71B, 0xEEDA, 0xE69A,
  0xE6BB, 0xDE39, 0xBCF4, 0xB451, 0xB42F, 0x7A48, 0xAC51, 0xF6FB, 0xFF5C, 0xFF7C, 0xFF9C, 0xFFBD, 0xFFDD, 0xF73B, 0xFFFF, 0xC5D7,
  0x5A69, 0x3123, 0x3103, 0x3965, 0x41C6, 0x41A6, 0x4185, 0x4165, 0x7AC9, 0xEEF9, 0xFFBD, 0xFF1A, 0xF5F5, 0xF698, 0xFFFF, 0xC559,
  0x7175, 0x8A18, 0x8A18, 0x9259, 0xA29C, 0xB2DE, 0xB31E, 0xAAFD, 0x7A16, 0x492F, 0x921B, 0xA25D, 0xA25D, 0x9A3C, 0x9A3D, 0x9A3C,
  0x9A3C, 0x9A3C, 0x9A3C, 0x9A3C, 0x9A1C, 0x9A1C, 0x9A1C, 0x9A1C, 0x99FB, 0x99FB, 0x81B9, 0x50F4, 0x6116, 0x6957, 0x6957, 0x6115,
  0x58AE, 0x78C9, 0xA109, 0xB96A, 0xB98B, 0xC1AC, 0xC9CD, 0xC9EE, 0x58AB, 0x4091, 0xDE1D, 0xFFFF, 0xFFFF, 0xFFFF, 0xFFFF, 0xFFFF,
  0xF7DF, 0x5E1F, 0x0CDF, 0x04FE, 0x1D3E, 0x153F, 0x0D5F, 0x0D5F, 0x0D7F, 0x157F, 0x1DDF, 0x26BF, 0x0D1E, 0x021A, 0x043E, 0x05FF,
  0x1D3F, 0x041F, 0x263F, 0xD77F, 0x1DDF, 0x3E7F, 0xFFFF, 0xFFFF, 0xFFFF, 0xFFFF, 0xFFFF, 0xFFFF, 0xFFFF, 0xFFFF, 0xFFFF, 0xFFFF,
  0xFFFF, 0xFFFF, 0xFFFF, 0xFFFF, 0xFFFF, 0xFFFF, 0xFFFF, 0xFFFF, 0xFFFF, 0xD6DD, 0x233A, 0x039E, 0x03BD, 0x047F, 0x0AF3, 0x2905,
  0x2947, 0x4A08, 0x3103, 0x730D, 0xEE5A, 0x6ACA, 0x49E8, 0xFFFF, 0xACF2, 0x2820, 0x0000, 0x0000, 0x0000, 0x0000, 0x0000, 0x3081,
  0xBCD3, 0xF679, 0xFF1B, 0xFF9C, 0xFFFE, 0xFFBD, 0xFF3B, 0xFF9C, 0xFFDE, 0xFF79, 0xFF35, 0xFE94, 0xF6B8, 0xFEF8, 0xFEF9, 0xFF19,
  0xFEF9, 0xFE97, 0xFE35, 0xD42E, 0x2041, 0xA9A0, 0xFB22, 0xF2E2, 0xF2C1, 0xFB42, 0xC261, 0x0800, 0xDDD7, 0xE6DB, 0x4881, 0x1042,
  0x0063, 0x0000, 0x94B2, 0x6A89, 0x4880, 0xEAE1, 0xFB21, 0xFC02, 0xFC63, 0xFC83, 0xFC83, 0xFCA3, 0xFCE3, 0x40C0, 0x0000, 0x0000,
  0x0000, 0x89E0, 0xE4AC, 0xF7FF, 0xD3E7, 0xFC00, 0xFCA5, 0xFD8B, 0xFC87, 0x50E2, 0x29A1, 0x9D80, 0xA5E0, 0x8500, 0x5BA0, 0x5BA0,
  0x7CC0, 0x8540, 0x4282, 0x6325, 0xC6C2, 0xD745, 0xEFC6, 0xFFE6, 0x9540, 0x4242, 0x8441, 0x10C0, 0x0060, 0x2122, 0x840D, 0x948F,
  0xFFFF, 0x738D, 0x5B60, 0x52E0, 0x0842, 0x3144, 0x6AC8, 0xAC6E, 0xC531, 0xD5D4, 0xDE37, 0xEE99, 0xEEDA, 0xEEBA, 0xEE99, 0xE679,
  0xE69A, 0xEEBB, 0xF6FC, 0xFF3C, 0xFEFA, 0xEE17, 0xBC50, 0xB450, 0xCD34, 0xE5F6, 0xF678, 0xF698, 0xEE57, 0xC490, 0xF698, 0xFFFE,
  0xFFFD, 0xCE16, 0xA470, 0x8B8D, 0x72CA, 0x6268, 0x7AEA, 0xAC90, 0xF6F9, 0xFFBC, 0xFF7B, 0xFF3B, 0xF616, 0xF5F6, 0xFFDE, 0xABB8,
  0x7976, 0x9239, 0xA2BB, 0xA2BB, 0x925A, 0x923A, 0x9A7B, 0xA29B, 0xB2FE, 0xBB3E, 0x9A3C, 0x9A3D, 0xA25D, 0x9A3C, 0x9A5D, 0x9A1C,
  0x9A5D, 0xA25D, 0xA23C, 0x9A3C, 0xA23C, 0xA23C, 0xA23C, 0xA21C, 0x9A1C, 0x91FB, 0x89BA, 0x6135, 0x48D2, 0x58F4, 0x48B1, 0x710D,
  0xA98B, 0xB98A, 0xB96A, 0xC18B, 0xC9CD, 0xDA0E, 0xE24F, 0xC1EE, 0x384D, 0x79D7, 0xFFBF, 0xFFFF, 0xFFFF, 0xFFFF, 0xFFFF, 0xFFFF,
  0xFFFF, 0xCF5F, 0x861F, 0x4CFE, 0x2C3E, 0x137D, 0x029C, 0x01B6, 0x01D5, 0x0259, 0x02DC, 0x035D, 0x04DF, 0x03BB, 0x02BB, 0x055F,
  0x0D9F, 0x041F, 0x261F, 0x4DBF, 0x053F, 0x6EDF, 0xFFFF, 0xFFFF, 0xFFFF, 0xFFFF, 0xFFFF, 0xFFFF, 0xFFFF, 0xFFFF, 0xFFFF, 0xFFFF,
  0xFFFF, 0xFFFF, 0xFFFF, 0xFFFF, 0xFFFF, 0xFFFF, 0xFFFF, 0xFFDF, 0xFFFF, 0x959B, 0x0B3A, 0x037C, 0x041F, 0x04BF, 0x049C, 0x2147,
  0x20E4, 0x3986, 0x49C6, 0x5229, 0xE639, 0xDDB6, 0x5A69, 0xF71E, 0xC5B6, 0x6960, 0x0840, 0x0000, 0x0000, 0x0000, 0x2060, 0x6983,
  0xAC72, 0xEE79, 0xFEFB, 0xFEFB, 0xFE59, 0xFDF7, 0xFDB5, 0xFC70, 0xFF1A, 0xFFFF, 0xFFFF, 0xFFBD, 0xFFBC, 0xFFBD, 0xFF7B, 0xFF5A,
  0xFF19, 0xFE97, 0xFE56, 0xDC8F, 0x1861, 0x99A0, 0xFB21, 0xF2E1, 0xF2E1, 0xFB42, 0x60A0, 0x4186, 0xFFBF, 0xAC71, 0x4061, 0x0041,
  0x0000, 0x0000, 0x0000, 0x1020, 0x4080, 0xD261, 0xFB41, 0xFC03, 0xFC42, 0xFCC5, 0xFDAA, 0xFDED, 0xFE6E, 0xDC25, 0x5900, 0x38C0,
  0x9260, 0xF443, 0xF655, 0xFD0B, 0xFC22, 0xFDED, 0xFED7, 0xFF7B, 0xC4D1, 0x2922, 0x8CC0, 0x9540, 0x5320, 0x2160, 0x4A67, 0x4A47,
  0x4263, 0x6C61, 0x8DA0, 0x3A03, 0x84A3, 0xBE82, 0x8C85, 0x9487, 0x6344, 0x5283, 0x73A0, 0x0000, 0x0000, 0x31A7, 0x9CD2, 0x2120,
  0xD699, 0xE6FC, 0x5B00, 0x7420, 0x31E6, 0x3986, 0x7B09, 0x8BAA, 0xB4AF, 0xCD72, 0xD5D5, 0xDE37, 0xE678, 0xE678, 0xE658, 0xE658,
  0xE679, 0xEE9A, 0xF6DB, 0xFF3C, 0xFF5C, 0xFFBD, 0xFFDE, 0xEE78, 0xCCF2, 0xC4D1, 0xD574, 0xEE78, 0xFF9D, 0xFF3A, 0xF657, 0xFF5B,
  0xFFDD, 0xFFFF, 0xFFFF, 0xFFFF, 0xFFBE, 0xF77C, 0xFFDD, 0xFFFE, 0xFFBD, 0xFF5B, 0xFF3B, 0xFF1A, 0xEDF7, 0xF616, 0xBCB8, 0x6954,
  0x81F8, 0x8A1A, 0x81F8, 0x81F7, 0x89FA, 0x81D9, 0x81F8, 0x925A, 0x9A9B, 0xAAFD, 0x9A3C, 0x9A1C, 0x9A3C, 0xA25D, 0xA23D, 0x9A3D,
  0xA25D, 0xA23D, 0xA23D, 0xA25D, 0xAA5D, 0xAA5D, 0xA23C, 0x9A1C, 0x9A1C, 0x9A1B, 0x91DB, 0x81B9, 0x50D3, 0x406D, 0x89CE, 0xDB93,
  0xE393, 0xDA4E, 0xD9ED, 0xE20E, 0xEA6F, 0xF2B1, 0xFAB2, 0x998D, 0x2810, 0xB43B, 0xFFFF, 0xFFDF, 0xFFFF, 0xFFFF, 0xF7DF, 0xB71F,
  0x767F, 0x35BF, 0x04DF, 0x03DE, 0x033D, 0x02FD, 0x029C, 0x02FA, 0x14FB, 0x1D7D, 0x0D5E, 0x045D, 0x02FB, 0x035D, 0x029C, 0x047F,
  0x0CFF, 0x043F, 0x0CFF, 0x047F, 0x055F, 0xA73F, 0xFFFF, 0xFFFF, 0xFFFF, 0xFFFF, 0xFFFF, 0xFFFF, 0xFFFF, 0xFFFF, 0xFFFF, 0xFFFF,
  0xFFFF, 0xFFFF, 0xFFFF, 0xFFFF, 0xFFFF, 0xFFFF, 0xFFFF, 0xFFFF, 0xFFFF, 0x8DBC, 0x0B5A, 0x031A, 0x039B, 0x045D, 0x667F, 0x4AED,
  0x2904, 0x3166, 0x5228, 0x3945, 0xBD35, 0xFF3C, 0x9C0F, 0xB4F5, 0xF75F, 0xB3C8, 0xA2E0, 0x1880, 0x0000, 0x1860, 0x9A20, 0xB3EC,
  0xE638, 0xF6BA, 0xFF5C, 0xF492, 0xDA69, 0xF430, 0xFCD1, 0xF4F1, 0xFFBD, 0xFFDD, 0xFFDD, 0xE532, 0xF5F5, 0xFF3A, 0xFF7B, 0xFF5B,
  0xFF19, 0xFEB8, 0xFE15, 0xB38C, 0x0000, 0x99E1, 0xFB01, 0xF2E1, 0xF2E1, 0xFBA3, 0x9980, 0x72AB, 0xFFDF, 0xB44F, 0x4860, 0x0000,
  0x0000, 0x0000, 0x0000, 0x1000, 0x5922, 0xC283, 0xFB61, 0xFC44, 0xFDAD, 0xF654, 0xC512, 0xA42F, 0xBCD1, 0xF718, 0xFE71, 0xFD69,
  0xFD27, 0xFD4B, 0xFD6A, 0xFDCD, 0xFF9A, 0xFFFF, 0xFF7B, 0xFE96, 0x6227, 0x6340, 0xA5C0, 0x4AE0, 0x2124, 0xBDB7, 0x94D2, 0x31C5,
  0x0862, 0x0060, 0x6C80, 0x6440, 0x39C4, 0x2982, 0x1081, 0x3181, 0x20E2, 0x39C3, 0x52C1, 0x0000, 0x0020, 0x0000, 0x0000, 0x0860,
  0x94B0, 0xFF9E, 0x94C3, 0xA580, 0x6B81, 0x10A3, 0x3166, 0x6AA8, 0x9BEC, 0xB4D0, 0xC573, 0xD5B4, 0xD5F6, 0xDE17, 0xDE37, 0xDE37,
  0xDE58, 0xE679, 0xEEBA, 0xF6DA, 0xFF1B, 0xFF3B, 0xFF7C, 0xFFDD, 0xFFFE, 0xFFFE, 0xFFFF, 0xFFFF, 0xFFFE, 0xFFDD, 0xFF3B, 0xFF3B,
  0xFF9D, 0xFFBD, 0xFFBD, 0xFFDD, 0xFFFE, 0xFFFE, 0xFFDD, 0xFF9C, 0xFF9C, 0xFF5B, 0xFEFA, 0xFE58, 0xD4D3, 0xB3D2, 0x71B4, 0x79B7,
  0x5130, 0x1025, 0x0002, 0x0802, 0x1806, 0x6954, 0x8A1B, 0x79D8, 0x923B, 0xA29D, 0x921C, 0x9A1C, 0x9A3D, 0x9A1C, 0x9A1C, 0x9A3C,
  0xA23D, 0x9A3C, 0xA25D, 0xA25D, 0x9A3B, 0x9A5B, 0xAA5D, 0xAA3D, 0x9A1C, 0x9A1B, 0x91FB, 0x89DA, 0x7157, 0x8A10, 0xE436, 0xFC77,
  0xF393, 0xF22E, 0xF26F, 0xFAB0, 0xFAF1, 0xFB13, 0xF2D2, 0x58ED, 0x50B4, 0xEE9E, 0xFFFF, 0xFFFF, 0xFFDF, 0xB71F, 0x561F, 0x0D9F,
  0x055F, 0x053F, 0x053F, 0x053F, 0x055F, 0x057F, 0x04FF, 0x2E7F, 0x471F, 0x2E5F, 0x0D9F, 0x0D9F, 0x15BF, 0x0D3E, 0x041D, 0x039E,
  0x03FF, 0x043F, 0x041E, 0x04BF, 0x2DFF, 0xFFFF, 0xFFFF, 0xFFFF, 0xFFFF, 0xFFFF, 0xFFFF, 0xFFFF, 0xFFFF, 0xFFFF, 0xFFFF, 0xFFFF,
  0xFFFF, 0xFFFF, 0xFFFF, 0xFFFF, 0xFFFF, 0xFFFF, 0xFFFF, 0xFFDF, 0xFFFF, 0x9DDC, 0x1B18, 0x02D8, 0x1B79, 0x041D, 0x9EFF, 0xA555,
  0x18C4, 0x2925, 0x49E7, 0x28E3, 0x8BAF, 0xFF3C, 0xF71B, 0xA471, 0xCDD8, 0xE67A, 0xECC9, 0xDC61, 0xBBE2, 0xDC04, 0xE4CC, 0xF6FA,
  0xFF5C, 0xFEFB, 0xFF5C, 0xFF3B, 0xE5B5, 0xE450, 0xF512, 0xFFFF, 0xFFDD, 0xFFFD, 0xFF7B, 0xFF1A, 0xFEF9, 0xFED9, 0xFF1A, 0xFF19,
  0xFEF9, 0xFE56, 0xF572, 0x6A07, 0x0000, 0xC261, 0xFB01, 0xF301, 0xFB21, 0xFBA3, 0xE301, 0x8ACA, 0xFFDF, 0xDE17, 0xB200, 0x1880,
  0x0000, 0x0000, 0x0000, 0x6140, 0xAAE8, 0xDAE2, 0xFBE4, 0xFDF2, 0xB491, 0x4186, 0x51C6, 0x6227, 0x3880, 0xC574, 0xFFFF, 0xFFDD,
  0xFFBC, 0xFFDC, 0xFFFD, 0xFFFF, 0xFFFE, 0xFFBC, 0xFF9B, 0xCCD0, 0x2902, 0x7C40, 0x84C0, 0x1902, 0xDE7A, 0x9511, 0x00E0, 0x0041,
  0x18E3, 0x7BCF, 0x2160, 0x7500, 0x2123, 0x5B00, 0xB621, 0xD703, 0x9520, 0x31A0, 0x5281, 0x0000, 0x0000, 0x0000, 0x0000, 0x3980,
  0xAD51, 0xF75D, 0xBDC2, 0xC680, 0x94A1, 0x0843, 0x0001, 0x1081, 0x5A68, 0x93CC, 0xACB0, 0xBD12, 0xCD73, 0xCDB5, 0xD5F6, 0xD5F6,
  0xD5F6, 0xDE17, 0xDE58, 0xE679, 0xEE99, 0xF6FA, 0xFF3B, 0xFF5C, 0xFF9C, 0xFF9C, 0xFF9C, 0xFFBC, 0xFFDD, 0xFFDD, 0xFF9C, 0xFF5C,
  0xFF9C, 0xFF9D, 0xFF9C, 0xFF9D, 0xFFBC, 0xFFBD, 0xFF9D, 0xFF9C, 0xFF5B, 0xFF3B, 0xFEB9, 0xED95, 0x92CE, 0x6971, 0x6974, 0x38CB,
  0x0000, 0x3987, 0x93F2, 0xBD37, 0x9452, 0x3987, 0x6172, 0x7998, 0x81D9, 0x9A7C, 0x923C, 0x9A3C, 0x9A3C, 0x9A1C, 0x9A1C, 0x9A1C,
  0x9A1C, 0x9A3C, 0xAA5D, 0x9A3A, 0x40EC, 0x2888, 0x40CC, 0x7996, 0xAA3D, 0x9A1B, 0x91FB, 0x89BA, 0x8199, 0x9216, 0xECD9, 0xFD59,
  0xFC35, 0xFA70, 0xFAD1, 0xFB12, 0xFB32, 0xFB54, 0xBA30, 0x3831, 0x9B19, 0xFFFF, 0xFFFF, 0xE77F, 0x5E3F, 0x15BF, 0x05BF, 0x05DF,
  0x0DBF, 0x15DF, 0x1E1F, 0x2E5F, 0x267F, 0x05BF, 0x04FF, 0x365F, 0x1D9F, 0x155F, 0x2DDF, 0x365F, 0x369F, 0x3EDF, 0x36BF, 0x25FF,
  0x0CBF, 0x03DF, 0x041F, 0x0CFF, 0x86FF, 0x7EFF, 0x9F3F, 0xFFFF, 0xFFFF, 0xFFFF, 0xFFFF, 0xFFFF, 0xFFFF, 0xFFFF, 0xFFFF, 0xFFFF,
  0xFFFF, 0xFFFF, 0xFFFF, 0xFFFF, 0xFFFF, 0xFFFF, 0xFFFF, 0xFFFF, 0xFFFF, 0xB65D, 0x3B57, 0x02B7, 0x23FA, 0x041C, 0x157F, 0x1CBB,
  0x1926, 0x2925, 0x41C7, 0x20C3, 0x9C30, 0xFF3C, 0xFF7C, 0xFF5C, 0xE637, 0xEE79, 0xF69A, 0xFE55, 0xFED6, 0xFF3A, 0xFF9D, 0xFF5C,
  0xF6DB, 0xF6BB, 0xF6DB, 0xFF7C, 0xFFFE, 0xFF9C, 0xEE16, 0xFEF9, 0xF73A, 0xCD12, 0xF5F5, 0xFFFE, 0xFFBD, 0xFF5A, 0xFF19, 0xFED8,
  0xFE77, 0xF572, 0xC3ED, 0x18A2, 0x40C0, 0xFB01, 0xFB22, 0xFB82, 0xFBC3, 0xFBC3, 0xFC23, 0xC324, 0xDDB6, 0xFFBF, 0xE4CD, 0xC320,
  0x5160, 0x30E0, 0x81E0, 0xDAE0, 0xE385, 0xFCE9, 0xFE77, 0xFF9D, 0xACB1, 0x4164, 0x3904, 0x38E3, 0xA40D, 0xFF9C, 0xFFFE, 0xF73A,
  0xDC8E, 0xFE76, 0xFF7B, 0xFF9C, 0xFF9B, 0xFF7B, 0xF6B7, 0x7289, 0x2922, 0x7C60, 0x3A60, 0x7BAF, 0xEF3D, 0x21A1, 0x08A2, 0x0002,
  0x1082, 0x4A69, 0x0820, 0x53A0, 0x29A2, 0xA5A0, 0xE7A3, 0xEF88, 0xE764, 0x6320, 0x2921, 0x5221, 0x0000, 0x0000, 0x3120, 0x8362,
  0xDEDC, 0xD6AF, 0xD680, 0xDEC1, 0x6303, 0x4A22, 0x0001, 0x0000, 0x0020, 0x2924, 0x6AC9, 0xA44E, 0xB4D1, 0xC553, 0xCD94, 0xD5B5,
  0xD5B5, 0xD5D6, 0xD5F6, 0xDE17, 0xDE38, 0xEE99, 0xF6B9, 0xFEFA, 0xFF3B, 0xFF5B, 0xFF5B, 0xFF7C, 0xFF9C, 0xFFBD, 0xFF7C, 0xFF5B,
  0xFF5B, 0xFF5C, 0xFF7C, 0xFF5C, 0xFF7B, 0xFF7C, 0xFF7C, 0xFF5B, 0xFF1A, 0xFEB9, 0xF5D6, 0xB3F1, 0x5970, 0x6975, 0x5950, 0x0000,
  0x8BB0, 0xFFBF, 0xFFFF, 0xDEDB, 0xBD96, 0xA4B4, 0x41AA, 0x6956, 0x81F9, 0x9A7C, 0x921B, 0x9A3C, 0x9A1C, 0x9A1C, 0x9A1C, 0x9A3C,
  0xA23D, 0xAA5D, 0xBADE, 0xCB7E, 0xC35C, 0x9A97, 0x596F, 0x2067, 0x6973, 0xB29E, 0x91FB, 0x89DA, 0x81B9, 0x7136, 0xD3B7, 0xFC76,
  0xF311, 0xFB12, 0xFB32, 0xFB53, 0xFB53, 0xF2D2, 0x58D0, 0x58D6, 0xE67E, 0xFFFF, 0xBF1F, 0x2DFF, 0x053F, 0x049C, 0x04BC, 0x1DBF,
  0x2E3F, 0x363F, 0x2E3F, 0x3E5F, 0x365F, 0x15BF, 0x047F, 0x0D7F, 0x2DFF, 0x4EBF, 0x469F, 0x3E7F, 0x467F, 0x4E9F, 0x4E9F, 0x56BF,
  0x56FF, 0x3DFF, 0x047F, 0x0D1F, 0x0D9F, 0x15FF, 0xCF9F, 0xFFFF, 0xFFFF, 0xFFFF, 0xFFFF, 0xFFFF, 0xFFFF, 0xFFFF, 0xFFFF, 0xFFFF,
  0xFFFF, 0xFFFF, 0xFFFF, 0xFFFF, 0xFFFF, 0xFFFF, 0xFFFF, 0xFFFF, 0xFFFF, 0xD73E, 0x53D7, 0x12F7, 0x0319, 0x0359, 0x049D, 0x049E,
  0x11CB, 0x28E4, 0x3166, 0x3124, 0xCD75, 0xFEBA, 0xFEB9, 0xFE99, 0xFEB9, 0xFE98, 0xFE97, 0xFF1A, 0xFF7C, 0xFFBD, 0xFED8, 0xB3EE,
  0xC534, 0xE679, 0xF69A, 0xF6FA, 0xFEFA, 0xF677, 0xBCF2, 0xD5D5, 0x7269, 0x70C2, 0xFF5A, 0xFFDD, 0xFF9C, 0xFF5A, 0xFEF9, 0xFE97,
  0xF593, 0xC3ED, 0xD617, 0xD679, 0xEB23, 0xFB21, 0xFB82, 0xFBA3, 0xFBE3, 0xFC02, 0xFC22, 0xFC62, 0xE3C4, 0xF50E, 0xF5F4, 0xFCEA,
  0xFC21, 0xFC01, 0xFCC5, 0xFD8E, 0xFEB6, 0xF6FB, 0xF6FB, 0xFF5C, 0xFFFF, 0xFFBD, 0xC5B5, 0xB4D1, 0xFFFE, 0xFFFD, 0xFFBC, 0xFF3A,
  0xF6D9, 0xFE97, 0xFF1A, 0xFF5B, 0xFF5A, 0xFED8, 0x8AE9, 0x2042, 0x3163, 0x7C60, 0x4AC0, 0xBD76, 0xC637, 0x1120, 0x0000, 0x0000,
  0x0000, 0x0000, 0x0000, 0x3AA0, 0x29A1, 0x9D60, 0xD6E1, 0xE722, 0xE722, 0xE721, 0x6B41, 0x39A3, 0x8B82, 0xA420, 0xBCC0, 0xBDCB,
  0xE74C, 0xEF62, 0xEF82, 0x6B23, 0x7343, 0xBDA0, 0x0000, 0x0021, 0x0000, 0x0000, 0x0020, 0x41C6, 0x8BAD, 0xB4D1, 0xBCF2, 0xC553,
  0xCD94, 0xCD95, 0xCD94, 0xD5B5, 0xD5F6, 0xDE17, 0xE637, 0xEE78, 0xF6B9, 0xF6D9, 0xFEFA, 0xFF3B, 0xFF5B, 0xFF7C, 0xFF5B, 0xFF3B,
  0xFF1A, 0xFF1B, 0xFF3B, 0xFF3B, 0xFF1A, 0xFF1A, 0xFF1A, 0xFEFA, 0xFEB9, 0xF5F7, 0x9B0E, 0x594F, 0x6154, 0x7177, 0x306C, 0x524A,
  0xFFFF, 0xFFFF, 0x8BAE, 0x3042, 0x1801, 0x2062, 0x1882, 0x5111, 0x8A1B, 0x9A5C, 0x921C, 0x9A3C, 0x9A1C, 0x9A3C, 0x9A3C, 0xA25D,
  0xAA7D, 0xBAFE, 0xCB1E, 0xC33E, 0xCB5E, 0xD37F, 0xDB9F, 0xB31B, 0x40EB, 0x7194, 0xAA7E, 0x89DA, 0x89B9, 0x7157, 0xAA75, 0xFCB7,
  0xFB52, 0xFB32, 0xFB73, 0xFBB4, 0xFB94, 0x918F, 0x3852, 0xABDA, 0xFFFF, 0xA6BF, 0x049E, 0x0357, 0x32D3, 0x3291, 0x2210, 0x01D0,
  0x253C, 0x469F, 0x3E5F, 0x3E5F, 0x467F, 0x3E7F, 0x2E1F, 0x3E7F, 0x4EBF, 0x469F, 0x4E9F, 0x4E9F, 0x4E9F, 0x4E9F, 0x4E9F, 0x4E9F,
  0x56BF, 0x773F, 0x6EDF, 0x0C9F, 0x051F, 0xCF9F, 0xFFFF, 0xFFFF, 0xFFFF, 0xFFFF, 0xFFFF, 0xFFFF, 0xFFFF, 0xFFFF, 0xFFFF, 0xFFFF,
  0xFFFF, 0xFFFF, 0xFFFF, 0xFFFF, 0xFFFF, 0xFFFF, 0xFFFF, 0xFFFF, 0xFFFF, 0xFFFF, 0x6C99, 0x12F6, 0x02B6, 0x02B5, 0x03DA, 0x047E,
  0x0A0E, 0x20C3, 0x18C4, 0x3986, 0xDDF8, 0xEE59, 0xFE58, 0xFE57, 0xFE37, 0xFE98, 0xFED9, 0xFF1A, 0xFF3B, 0xFF5B, 0xFEB8, 0xDD95,
  0xABEF, 0x61E7, 0x6A28, 0x6A08, 0x9BAE, 0x9B4D, 0x6965, 0x48C3, 0x3000, 0xCBEE, 0xFFFF, 0xFF9C, 0xFF7B, 0xFF19, 0xFE97, 0xEDB4,
  0xC46F, 0xDE17, 0xFFDE, 0xFCEC, 0xFB21, 0xFB82, 0xFB82, 0xFB82, 0xFBC2, 0xFC24, 0xFC66, 0xFCC7, 0xFD49, 0xFCE6, 0xFD28, 0xFDEE,
  0xFE11, 0xFEF6, 0xFFDD, 0xFF5B, 0xDDB5, 0xFEDA, 0xF6BA, 0xFF1B, 0xFF5C, 0xFF7C, 0xFF7B, 0xF5F5, 0xFED9, 0xD5B5, 0xC44F, 0xFF5B,
  0xFFFF, 0xFFBC, 0xFF5B, 0xFF3A, 0xFF19, 0xE5D3, 0x4943, 0x28E0, 0x3163, 0x84A0, 0x7C60, 0xAD14, 0xD699, 0x4A60, 0x0840, 0x0000,
  0x0000, 0x0000, 0x28C0, 0x3AA2, 0x31C2, 0xAE00, 0xE743, 0xF787, 0xFFEB, 0xDEC6, 0xF765, 0x8C22, 0x39A2, 0x9C84, 0xCE44, 0xDEE3,
  0xDEA3, 0xC5C6, 0x7325, 0x7B43, 0xEEE0, 0xAD40, 0x0020, 0x0000, 0x0020, 0x0020, 0x0000, 0x0000, 0x1061, 0x49E7, 0x93CD, 0xB4D1,
  0xC553, 0xCD74, 0xCD94, 0xCD94, 0xCD95, 0xD595, 0xD5B5, 0xDDF6, 0xE637, 0xE658, 0xF6B9, 0xF6DA, 0xFEFA, 0xFEFA, 0xF6DA, 0xF6DA,
  0xF6B9, 0xF6D9, 0xF6D9, 0xFED9, 0xFEB9, 0xF6B9, 0xF678, 0xF658, 0xF658, 0xA3D1, 0x48EE, 0x6134, 0x6976, 0x7178, 0x38AD, 0xCD77,
  0xFFFF, 0xA450, 0x5065, 0x1085, 0x0022, 0x2106, 0x6B4C, 0x308B, 0x8A1C, 0x9A5C, 0x9A3C, 0xA23D, 0x9A3C, 0x9A3C, 0xA25D, 0xAA7D,
  0xBADE, 0xC31E, 0xB2BD, 0xAA9C, 0xAA9C, 0xB2DC, 0xBB1D, 0xD39F, 0xC35D, 0x490D, 0x89F9, 0x91FC, 0x89B9, 0x7999, 0x9154, 0xF1CD,
  0xFAF1, 0xFB73, 0xFB94, 0xFBD4, 0xC272, 0x48B3, 0x71B6, 0xFF7F, 0xAEDF, 0x0C7F, 0x5C59, 0xBDBA, 0xE6DD, 0xE6FE, 0xD6BE, 0xAD79,
  0x95FD, 0x569F, 0x365F, 0x467F, 0x467F, 0x467F, 0x467F, 0x4E7F, 0x4E7F, 0x4E9F, 0x569F, 0x569F, 0x4E9F, 0x4E9F, 0x4EBF, 0x4EBF,
  0x469F, 0x4E9F, 0x8F3F, 0x8EDF, 0x661F, 0xF7FF, 0xFFFF, 0xFFFF, 0xFFFF, 0xFFFF, 0xFFFF, 0xFFFF, 0xFFFF, 0xFFFF, 0xFFFF, 0xFFFF,
  0xFFFF, 0xFFFF, 0xFFFF, 0xFFFF, 0xFFFF, 0xFFFF, 0xFFFF, 0xFFFF, 0xFFFF, 0xFFFF, 0x95BB, 0x0AB5, 0x02B5, 0x0275, 0x0358, 0x03DC,
  0x0A0F, 0x1882, 0x0842, 0x41A7, 0xDE19, 0xEE59, 0xF658, 0xFE78, 0xFE99, 0xFEB9, 0xFEFA, 0xFF3A, 0xFF3A, 0xFF5B, 0xFF9C, 0xFF3B,
  0xF679, 0xBCD3, 0x50C3, 0x6800, 0xB104, 0xD1E7, 0xE2AA, 0xEB0C, 0x8904, 0xEE78, 0xFFFE, 0xFF7B, 0xFF19, 0xFE56, 0xE553, 0xBC91,
  0xDE79, 0xFFFF, 0xEE56, 0xE260, 0xFB42, 0xFB82, 0xFB82, 0xFB82, 0xFC06, 0xFDD2, 0xFED9, 0xFF1A, 0xFF7D, 0xFFBD, 0xFFDE, 0xFFFF,
  0xFFFF, 0xFFDE, 0xFF9C, 0xDD33, 0x930B, 0x93AE, 0xBD13, 0xD5B5, 0xE617, 0xD5B5, 0xA40F, 0x72CA, 0x7B6C, 0x3881, 0xB3CD, 0xFFFF,
  0xFFBC, 0xFF9C, 0xFF3A, 0xFED8, 0xF676, 0xB48E, 0x2101, 0x3A20, 0x4A42, 0x7C03, 0xAE00, 0x8C4A, 0xDE9E, 0xAD0C, 0x8B60, 0x20A0,
  0x0820, 0x4140, 0x7401, 0x29E3, 0x6C00, 0xC6C2, 0x8441, 0xDEE5, 0xFFCA, 0xD644, 0xEF06, 0xFFE6, 0xC5E1, 0x6321, 0x5283, 0x5284,
  0x4A23, 0x62A2, 0xBD02, 0xFF42, 0xEEC0, 0x8C60, 0x0000, 0x0000, 0x0841, 0x1082, 0x0861, 0x0020, 0x0000, 0x0000, 0x20E3, 0x836D,
  0xAC91, 0xBCF2, 0xC553, 0xCD74, 0xCD74, 0xCD74, 0xD595, 0xD5B5, 0xD5D6, 0xDDF6, 0xDE17, 0xE637, 0xE658, 0xE658, 0xE658, 0xE658,
  0xE658, 0xEE58, 0xEE57, 0xEE37, 0xEE58, 0xEE37, 0xE5D6, 0xE575, 0xBC52, 0x596C, 0x58F3, 0x7197, 0x79B8, 0x7178, 0x61F1, 0xF73D,
  0xE71C, 0x6943, 0x2882, 0x0042, 0x0000, 0x18E4, 0x632C, 0x286A, 0x923D, 0xA25D, 0xA25D, 0xA23D, 0xA25D, 0xA25D, 0xAA5D, 0xBADE,
  0xC33E, 0xAA7C, 0x9A1B, 0x9A3B, 0x9A3B, 0x9A5B, 0xA29B, 0xB2FC, 0xCB5F, 0xAABA, 0x6153, 0x91FC, 0x89DA, 0x8199, 0x8976, 0xF2B1,
  0xFB73, 0xFB94, 0xFBB4, 0xCA51, 0x58F3, 0x6116, 0xE61D, 0xCF5F, 0x149F, 0xA63E, 0xF73E, 0xE6FE, 0xD69D, 0xD67D, 0xD69D, 0xEF5F,
  0xF79F, 0x8EBF, 0x3E5F, 0x4E9F, 0x467F, 0x467F, 0x4E7F, 0x4E7F, 0x4E7F, 0x569F, 0x569F, 0x5EBF, 0x569F, 0x56DF, 0x56BF, 0x4E9F,
  0x469F, 0x469F, 0x569F, 0x971F, 0xE7BF, 0xFFFF, 0xFFFF, 0xFFFF, 0xFFFF, 0xFFFF, 0xFFFF, 0xFFFF, 0xFFFF, 0xFFFF, 0xFFFF, 0xFFFF,
  0xFFFF, 0xFFFF, 0xFFFF, 0xFFFF, 0xFFFF, 0xFFFF, 0xFFFF, 0xFFFF, 0xFFFF, 0xFFFF, 0xE75E, 0x3377, 0x0295, 0x0233, 0x02D6, 0x02F7,
  0x01AD, 0x18A3, 0x0862, 0x3166, 0xCD97, 0xDDF8, 0xE618, 0xF637, 0xFE58, 0xFE78, 0xFED9, 0xFF1A, 0xFF1A, 0xFF5B, 0xFF7C, 0xFF3B,
  0xF6BA, 0xFF1B, 0xF6FB, 0xDBCE, 0xFACA, 0xFC30, 0xFD13, 0xFC70, 0xFCB1, 0xFFBC, 0xFF9C, 0xFF19, 0xFE56, 0xD4D1, 0xBCD3, 0xF75D,
  0xFFFF, 0xFFFF, 0xFF1B, 0xF344, 0xFB41, 0xFB62, 0xFB00, 0xFBA5, 0xFDD4, 0xFEFB, 0xFF5C, 0xFF5C, 0xFF5C, 0xFF9C, 0xFF9C, 0xFF9C,
  0xFFBD, 0xFF7C, 0xFF3A, 0xFF1B, 0xF699, 0x9BCF, 0x2041, 0x3800, 0x7945, 0x8186, 0x6020, 0x80C3, 0x3000, 0x4881, 0xFF5B, 0xFFDD,
  0xFF9B, 0xFF5B, 0xFED8, 0xE5F4, 0xC4CF, 0x6265, 0x20E0, 0x5300, 0x7C40, 0x4204, 0xB5E2, 0xCEA0, 0xB58D, 0xD697, 0xCDAB, 0x9BE1,
  0x9400, 0xA581, 0x3AA3, 0x3A01, 0xAEA1, 0xD746, 0xC665, 0xD704, 0xEF65, 0xFFE7, 0xFFE8, 0xFFC6, 0xEF62, 0x9500, 0xA580, 0xC620,
  0xCE61, 0xEF22, 0xFF42, 0xE6C1, 0xDE80, 0x6320, 0x0000, 0x0020, 0x0040, 0x10A2, 0x18C3, 0x0862, 0x0020, 0x0021, 0x0861, 0x62AB,
  0x838D, 0xA42F, 0xBCF2, 0xC512, 0xC533, 0xCD53, 0xCD54, 0xCD74, 0xCD74, 0xCD75, 0xCD95, 0xD595, 0xD595, 0xD5B6, 0xD5D6, 0xD5D6,
  0xDDD6, 0xDDD6, 0xDDD6, 0xDDB6, 0xD575, 0xD575, 0xC4F4, 0xA3D1, 0x4148, 0x40CF, 0x71B8, 0x81D9, 0x81D9, 0x7999, 0x61D0, 0xFF7E,
  0xDE79, 0x7120, 0x0000, 0x0000, 0x0000, 0x0000, 0x0000, 0x40EE, 0xA27E, 0xA27D, 0xAA7D, 0xA25D, 0xAA7D, 0xAA7D, 0xB29E, 0xC33E,
  0xB2DD, 0x9A1A, 0x79B4, 0x6971, 0x7191, 0x8A36, 0x9A7B, 0x9A5B, 0xAABC, 0xBAFE, 0xA25B, 0x91FB, 0x89DA, 0x81B9, 0x7956, 0xEAB2,
  0xFB93, 0xFB52, 0xB1F2, 0x50F3, 0x48B4, 0xC4FB, 0xFFFF, 0x3D3F, 0x9DFF, 0xF71F, 0xDEDF, 0xCE5D, 0xC5FD, 0xBDBC, 0xC61C, 0xD6BD,
  0xEF3F, 0xCF1F, 0x6E9F, 0x4E7F, 0x4E7F, 0x4E7F, 0x4E7F, 0x4E7F, 0x4E7F, 0x569F, 0x569F, 0x56BF, 0x569F, 0x567F, 0x5EFF, 0x56FF,
  0x4E9F, 0x3E9F, 0x3E7F, 0x469F, 0x9F3F, 0xF7DF, 0xFFFF, 0xFFFF, 0xFFFF, 0xFFFF, 0xFFFF, 0xFFFF, 0xFFFF, 0xFFFF, 0xFFFF, 0xFFFF,
  0xFFFF, 0xFFFF, 0xFFFF, 0xFFFF, 0xFFFF, 0xFFFF, 0xFFFF, 0xFFFF, 0xFFFF, 0xFFDF, 0xFFFF, 0x8DBC, 0x0295, 0x01F1, 0x0232, 0x01D1,
  0x014B, 0x0842, 0x18A4, 0x18A3, 0xAC93, 0xD597, 0xD5B7, 0xE5D7, 0xEDF7, 0xF658, 0xF698, 0xFEB9, 0xFED9, 0xFF1A, 0xFF1A, 0xFF1A,
  0xF6BA, 0xEE79, 0xF6FB, 0xFF5C, 0xF5F6, 0xFD74, 0xFE57, 0xFED9, 0xFF7B, 0xFF7B, 0xFED8, 0xF657, 0xBCF3, 0x4A0A, 0x2AF1, 0xCF5F,
  0xFFFF, 0xFFDF, 0xEC6B, 0xE260, 0xF301, 0xFB01, 0xFB86, 0xFD73, 0xF69A, 0xF6BA, 0xFEFB, 0xFF1B, 0xFF3B, 0xFF3B, 0xFF5C, 0xFF7C,
  0xFF9C, 0xFF7C, 0xFF7C, 0xFF7C, 0xFEFB, 0xFEDB, 0xD555, 0x8186, 0xC0C3, 0xEA48, 0xFB6D, 0xFC50, 0xDA89, 0xB40E, 0xFFFF, 0xFF7B,
  0xFF19, 0xFEB7, 0xDD93, 0xC511, 0x9C4D, 0x3920, 0x38E0, 0x6340, 0x9D20, 0x7BE1, 0x5285, 0xB5C2, 0xDF00, 0xE722, 0xDF26, 0xC683,
  0xA5A4, 0x42A4, 0x3A41, 0x9581, 0xB664, 0xC6C5, 0xDF46, 0xE766, 0xEF86, 0xF7C6, 0xF7A5, 0xE702, 0xDEC2, 0xEF44, 0xDF23, 0xE744,
  0xEF44, 0xE703, 0xDEA1, 0xD660, 0xBDC0, 0x2120, 0x0000, 0x0861, 0x0861, 0x1081, 0x10A2, 0x18C3, 0x18A2, 0x1062, 0x0862, 0x4A28,
  0x8BD0, 0xA471, 0xBCF3, 0xC513, 0xCD33, 0xCD33, 0xC512, 0xC4F2, 0xC4F2, 0xC513, 0xC513, 0xC513, 0xC533, 0xC534, 0xC513, 0xC513,
  0xC513, 0xC514, 0xC514, 0xC4F4, 0xBC93, 0xB453, 0xA3D1, 0x6A4B, 0x28A8, 0x4911, 0x6976, 0x81F9, 0x923B, 0x9A3C, 0x6954, 0xCDB9,
  0xF6FC, 0xC301, 0x1860, 0x0000, 0x0000, 0x0000, 0x0000, 0x7197, 0xAA9E, 0xAA9E, 0xAA9E, 0xB29E, 0xB27E, 0xB25D, 0xCB1E, 0xC2FE,
  0x89D7, 0x412A, 0x41C7, 0x6B2C, 0x526A, 0x1862, 0x28A6, 0x71D4, 0x91DA, 0xAA7C, 0xB2BD, 0x921B, 0x89B9, 0x8199, 0x8178, 0xB9F3,
  0xA9D1, 0x7933, 0x58F5, 0x5095, 0xAC1A, 0xFFFF, 0x7E1F, 0x5D7F, 0xD61C, 0x6330, 0x39EA, 0x31C9, 0x632F, 0xB5DC, 0xB5DC, 0xCE3D,
  0xE71F, 0xE75F, 0xA6DF, 0x5E5F, 0x4E5F, 0x565F, 0x5E7F, 0x5E7F, 0x6E9F, 0x7EBF, 0x86BF, 0x96BE, 0x3BB5, 0x0A30, 0x12F3, 0x3D3A,
  0x671F, 0x4E9F, 0x467F, 0x469F, 0x6EFF, 0xD79F, 0xFFFF, 0xFFFF, 0xFFFF, 0xFFFF, 0xFFFF, 0xFFFF, 0xFFFF, 0xFFFF, 0xFFFF, 0xFFFF,
  0xFFFF, 0xFFFF, 0xFFFF, 0xFFFF, 0xFFFF, 0xFFFF, 0xFFFF, 0xFFFF, 0xFFFF, 0xFFFF, 0xFFFF, 0xFFFF, 0x6CB8, 0x0232, 0x014D, 0x8496,
  0xD6BB, 0x6B2D, 0x1083, 0x0001, 0x526A, 0xBD36, 0xBD15, 0xCD56, 0xD596, 0xD5B6, 0xE5F7, 0xE617, 0xEE38, 0xEE78, 0xEE78, 0xEE78,
  0xE658, 0xDE18, 0xDE18, 0xDE18, 0xE679, 0xEEB9, 0xF6B8, 0xFF1A, 0xFF7B, 0xFEB8, 0xD512, 0x6AAB, 0x10A5, 0x0045, 0x00A9, 0x23D6,
  0xEFDF, 0xFFFF, 0xE6B9, 0xD2C2, 0xEA80, 0xEAC1, 0xF3E8, 0xEDB5, 0xE638, 0xEE79, 0xEEBA, 0xEEBA, 0xF6DA, 0xFEDA, 0xFEFA, 0xFF3B,
  0xFF5B, 0xFF5B, 0xFF7B, 0xFF5B, 0xFF1B, 0xF6BA, 0xFF1C, 0xFF1B, 0xECB2, 0xFC50, 0xFD33, 0xFD12, 0xFDB4, 0xFF5A, 0xFF9C, 0xFEF8,
  0xFE55, 0xDD51, 0xD5D5, 0xF79D, 0xC676, 0x2960, 0x3960, 0x6B80, 0x9480, 0xCDA1, 0xB4E2, 0x5A63, 0x5AC3, 0x7BE3, 0x6B62, 0x3A03,
  0x2982, 0x7C20, 0x8D00, 0x8521, 0xA5E2, 0xB643, 0xBE82, 0xBE62, 0xC602, 0xCE02, 0xCDE1, 0xCE02, 0xF785, 0xFFC6, 0xEF86, 0xDF24,
  0xDF02, 0xDEE1, 0xCE40, 0xBDE0, 0x6300, 0x0000, 0x0000, 0x0840, 0x10A2, 0x18C2, 0x10A2, 0x18A3, 0x2104, 0x2925, 0x18A2, 0x0021,
  0x730C, 0xBD14, 0xBD34, 0xCD75, 0xD595, 0xCD74, 0xCD33, 0xBCD1, 0xB491, 0xA450, 0x93AD, 0x832C, 0x730C, 0x730C, 0x72EB, 0x7B2C,
  0x836D, 0x834D, 0x7B0C, 0x72CC, 0x626B, 0x49C8, 0x3105, 0x1862, 0x38C9, 0x48F1, 0x6996, 0x921A, 0xAA9D, 0xB2DD, 0xA23D, 0x8A57,
  0xD5DD, 0xE52A, 0xAB80, 0x1880, 0x0820, 0x2880, 0x50E9, 0xAA7E, 0xB29E, 0xB2BE, 0xB2BE, 0xBABE, 0xB29E, 0xBABE, 0xD33F, 0x89D7,
  0x1043, 0x2060, 0x4944, 0x6207, 0xCE18, 0xE6DB, 0x4A28, 0x0000, 0x6152, 0x9A1B, 0xA27C, 0x91FA, 0x81B9, 0x8199, 0x8178, 0x58F4,
  0x5114, 0x50F4, 0x5894, 0xB45B, 0xFFFF, 0xCF3F, 0x1CBF, 0x84B8, 0x18C4, 0x0000, 0x3187, 0x524B, 0x3167, 0x31A7, 0x9D19, 0xB5BC,
  0xE6FE, 0xEF7F, 0xBEFF, 0x6E7F, 0x5E5F, 0x767F, 0x7E9F, 0x9EBF, 0xC73F, 0xE77F, 0xF79F, 0xFFBE, 0xE73D, 0xBE19, 0x7413, 0x1A2F,
  0x2C17, 0x5EFF, 0x469F, 0x3E7F, 0x56BF, 0xA73F, 0xFFFF, 0xFFFF, 0xFFFF, 0xFFFF, 0xFFFF, 0xFFFF, 0xFFFF, 0xFFFF, 0xFFFF, 0xFFFF,
  0xFFFF, 0xFFFF, 0xFFFF, 0xFFFF, 0xFFFF, 0xFFFF, 0xFFFF, 0xFFFF, 0xFFFF, 0xFF9E, 0xFFBE, 0xFFFF, 0xFFFF, 0xC69C, 0x8CB6, 0xFF5C,
  0xFFFE, 0xFF9D, 0x1927, 0x08A5, 0xB5D7, 0xEF3E, 0xC5B8, 0xBD57, 0xBD36, 0xC556, 0xC556, 0xCD97, 0xD5B7, 0xD5B7, 0xD5D7, 0xD5D7,
  0xD5B6, 0xCD96, 0xCD76, 0xCDB7, 0xD5D8, 0xDE18, 0xE5F6, 0xEE16, 0xE5F6, 0xB492, 0x2168, 0x0043, 0x0001, 0x0065, 0x01AF, 0x02D4,
  0x763D, 0xFFFF, 0xF79D, 0xDC4C, 0xCA61, 0xDAE3, 0xE532, 0xDDF7, 0xDDD6, 0xDE17, 0xE617, 0xE637, 0xE658, 0xEE78, 0xF699, 0xF6D9,
  0xFED9, 0xFF1A, 0xFF3A, 0xFF3A, 0xFEDA, 0xEE99, 0xEE99, 0xEEBA, 0xF6FB, 0xF6FA, 0xFED8, 0xFED8, 0xFF5A, 0xFF9C, 0xFF19, 0xE592,
  0x8B4B, 0x3944, 0xB534, 0xFFFF, 0xF79D, 0x5325, 0x29E0, 0x6BC0, 0x94A0, 0xB4E1, 0xC562, 0xC581, 0xA481, 0x83A1, 0x7340, 0x8C41,
  0xCE61, 0xCEC0, 0x8500, 0x7CC1, 0x84C0, 0x84C0, 0x8C80, 0xA481, 0xC503, 0xDE05, 0xEF04, 0xFFA4, 0xF784, 0xEF44, 0xE744, 0xDEC2,
  0xCE80, 0xC620, 0xB5A0, 0x73A0, 0x0840, 0x0000, 0x0000, 0x0000, 0x0020, 0x1082, 0x18C3, 0x20E4, 0x20E4, 0x2104, 0x2924, 0x18C3,
  0x18A3, 0x9C51, 0xD5D7, 0xD5F7, 0xDE17, 0xE617, 0xDDF6, 0xCD74, 0xBCF3, 0x9C30, 0x6AAA, 0x28E3, 0x0000, 0x0000, 0x0000, 0x0000,
  0x0000, 0x0020, 0x0020, 0x0000, 0x0000, 0x0000, 0x0000, 0x1040, 0x4929, 0x48F2, 0x71B6, 0x9A3B, 0xB2BD, 0xCB5E, 0xD3FF, 0xBABE,
  0x9A1B, 0xAB79, 0xDBEA, 0xD3C3, 0xBAC2, 0x91E7, 0x9A7B, 0xC2FF, 0xC2DE, 0xCB1F, 0xCB3F, 0xC2FE, 0xBA9E, 0xCB3F, 0xB29C, 0x2044,
  0x0820, 0x0863, 0x0001, 0x62AA, 0x9BAC, 0xDEFB, 0xFF9E, 0x49E7, 0x0802, 0x81D7, 0x9A3B, 0x89DA, 0x8199, 0x8199, 0x8178, 0x50D2,
  0x4893, 0x6114, 0xCD3C, 0xFFFF, 0xFFFF, 0x557F, 0x243B, 0x1062, 0x41E8, 0xD67B, 0xFFDF, 0xFF7F, 0xD67C, 0x6B50, 0x426C, 0xAD9C,
  0xE6DE, 0xEF7F, 0xCF1F, 0x869F, 0x869F, 0xA6FF, 0xBF1F, 0xEF7F, 0xFFBF, 0xFFDE, 0xFFBD, 0xFFBE, 0xFFDE, 0xFFFE, 0xFFFF, 0xE71D,
  0x4B11, 0x2C77, 0x4EFF, 0x2E5F, 0x365F, 0x6EDF, 0xE7BF, 0xFFFF, 0xFFFF, 0xFFFF, 0xFFFF, 0xFFFF, 0xFFFF, 0xFFFF, 0xFFFF, 0xFFFF,
  0xFFFF, 0xFFFF, 0xFFFF, 0xFFFF, 0xFFFF, 0xFFFF, 0xFFFF, 0xFFFF, 0xF73D, 0xFEFA, 0xFF9C, 0xFFBD, 0xFFDF, 0xFFFF, 0xFFBF, 0xF679,
  0xFF5B, 0xFF9B, 0xBDD7, 0xDF1D, 0xFFFF, 0xFFFF, 0xF7DF, 0x4BB6, 0x2A2F, 0x4A8F, 0x52CF, 0x6B30, 0x630E, 0x62EE, 0x6AED, 0x6B0E,
  0x83B1, 0x9411, 0xA431, 0xAC92, 0xBD14, 0xC534, 0xC513, 0xBC91, 0xCCD1, 0x420A, 0x00A8, 0x01CD, 0x014A, 0x00A7, 0x0274, 0x02D4,
  0x03D7, 0x9EBE, 0xFFFF, 0xFFFF, 0xE550, 0xDBCA, 0xDC0D, 0xCCB1, 0xCD75, 0xD575, 0xD596, 0xD5B6, 0xD5B6, 0xDDD6, 0xDDD6, 0xDDF6,
  0xE617, 0xEE37, 0xEE77, 0xEE78, 0xEE78, 0xEE37, 0xE637, 0xE617, 0xE617, 0xEE99, 0xF6D9, 0xFEB8, 0xFEF9, 0xF676, 0xAC0D, 0x3944,
  0x0000, 0x0000, 0x1020, 0xD638, 0xFFFF, 0xBDD5, 0x31E0, 0x5B40, 0x8480, 0xA500, 0xAD21, 0xB542, 0xC5E2, 0xCE42, 0xDEC2, 0xE723,
  0xDF03, 0xD704, 0xC6E4, 0xAE63, 0xA642, 0xA5E2, 0xB5E2, 0xCE63, 0xD6E3, 0xDF23, 0xEF64, 0xEF63, 0xE722, 0xDEE2, 0xD6A1, 0xC640,
  0xADA0, 0x9D00, 0x6360, 0x0840, 0x0000, 0x0020, 0x0020, 0x0000, 0x0000, 0x0000, 0x0861, 0x18C3, 0x2104, 0x2104, 0x2104, 0x3145,
  0x20E3, 0x3144, 0xD5D6, 0xF6DA, 0xF6B9, 0xF6D9, 0xF6B9, 0xFED9, 0xDDD6, 0x834C, 0x3145, 0x1882, 0x18C3, 0x18A2, 0x18A2, 0x20C3,
  0x20E3, 0x20C3, 0x18A3, 0x1882, 0x1042, 0x0821, 0x0001, 0x1041, 0x3906, 0x5131, 0x71B6, 0x8A19, 0xAABC, 0xCB7E, 0xEC5F, 0xF47F,
  0xEC1F, 0xDBBF, 0xCB7F, 0xD35C, 0xC29A, 0xC33F, 0xEC9F, 0xF45F, 0xFC7F, 0xF47F, 0xE3DF, 0xCB3F, 0xBABD, 0xD31F, 0x718F, 0x1840,
  0x0021, 0x0000, 0x0000, 0x8C73, 0xA40D, 0x83AD, 0xFFFF, 0xD639, 0x0841, 0x38AA, 0x81B8, 0x89DA, 0x8199, 0x8198, 0x8999, 0x4851,
  0x8AD8, 0xEEDE, 0xFFFF, 0xFFFF, 0xC6FF, 0x0CBF, 0x22F3, 0x41A7, 0xF79F, 0xFFFF, 0x9D98, 0x2AAF, 0x11CA, 0x19CA, 0x2167, 0x9CF8,
  0xE71E, 0xEF7F, 0xDF5F, 0xA6DF, 0xB71F, 0xDF7F, 0xF79F, 0xFFDF, 0xFFBE, 0xFF9D, 0xF75C, 0xF73C, 0xF73C, 0xFF5D, 0xFF9E, 0xFFFF,
  0xFFFF, 0x5393, 0x359C, 0x367F, 0x2E5F, 0x4E9F, 0xC77F, 0xFFFF, 0xFFFF, 0xFFFF, 0xFFFF, 0xFFFF, 0xFFFF, 0xFFFF, 0xFFFF, 0xFFFF,
  0xFFFF, 0xFFFF, 0xFFFF, 0xFFFF, 0xFFFF, 0xFFFF, 0xFFFF, 0xFFFF, 0xEEBB, 0xF657, 0xFF7B, 0xFF9C, 0xFFBE, 0xFFFF, 0xEF1D, 0xF617,
  0xFF3A, 0xFF5B, 0xFFFE, 0xFFFF, 0xFFDF, 0xFFFF, 0x5CBB, 0x0192, 0x0191, 0x0150, 0x0171, 0x0191, 0x01B0, 0x01AE, 0x0129, 0x0043,
  0x0842, 0x49E9, 0x838F, 0x9C30, 0xB471, 0xC4B1, 0xD532, 0xEDD4, 0xDD52, 0x1106, 0x012A, 0x0293, 0x0231, 0x01CE, 0x0358, 0x02F4,
  0x0252, 0x4D1B, 0xE7BF, 0xBEBD, 0xA67E, 0x5CBA, 0x938F, 0xA452, 0xB450, 0xBC91, 0xCD13, 0xD575, 0xD595, 0xD595, 0xD574, 0xD595,
  0xD574, 0xDD74, 0xDDB5, 0xE5F6, 0xE5D5, 0xDDD5, 0xDDB5, 0xDD94, 0xDD94, 0xDDB5, 0xE5D5, 0xDDB4, 0xDD72, 0x9B6A, 0x0000, 0x0000,
  0x0020, 0x0820, 0x0000, 0x5208, 0x7B8F, 0x41EA, 0x1062, 0x31E0, 0x7420, 0x8CA0, 0x9D40, 0xADA1, 0xB5C2, 0xBDE2, 0xC643, 0xCE83,
  0xD6E3, 0xD705, 0xC6C4, 0xAE43, 0xA622, 0xAE22, 0xAE22, 0xBE42, 0xCE82, 0xDEE3, 0xE703, 0xDEC1, 0xD680, 0xCE60, 0xB5E0, 0xA560,
  0x8CA0, 0x4A60, 0x0020, 0x0000, 0x0840, 0x0841, 0x0861, 0x0841, 0x0020, 0x0000, 0x0020, 0x0020, 0x0841, 0x1082, 0x18C3, 0x3986,
  0x3166, 0x2925, 0x41C7, 0xEE78, 0xFF3B, 0xFFBD, 0xFF9D, 0xA491, 0x39A6, 0x20C3, 0x2924, 0x3145, 0x3965, 0x3986, 0x3965, 0x3145,
  0x3124, 0x28E3, 0x20C3, 0x20A3, 0x1082, 0x0842, 0x0001, 0x0000, 0x4125, 0x7290, 0x5933, 0x8A38, 0x9A9B, 0xB2DC, 0xCB5E, 0xDBFF,
  0xEC5F, 0xEC7F, 0xDBDD, 0xD37F, 0xEC3F, 0xFD3E, 0x8250, 0x9AF3, 0xD459, 0xFD7F, 0xFCDF, 0xDB7F, 0xC2DE, 0xB27D, 0x6945, 0x2880,
  0x0000, 0x0000, 0x0000, 0x0000, 0x1800, 0x836C, 0xFFFF, 0xFFBE, 0x3166, 0x1024, 0x81B8, 0x89B9, 0x7998, 0x8198, 0xAA3B, 0xC49B,
  0xFFFF, 0xFFFF, 0xFFDF, 0xFFFF, 0x34DE, 0x1CDF, 0x3B11, 0xD63A, 0xFFFF, 0x84D5, 0x020E, 0x00E8, 0x0044, 0x1989, 0x21A8, 0x9496,
  0xF75F, 0xF77F, 0xDF5F, 0xC71F, 0xEF7F, 0xFFBF, 0xFFBE, 0xFFBE, 0xFF7D, 0xF71C, 0xE6FC, 0xEF1D, 0xEF1D, 0xE6FC, 0xEF1C, 0xFF7D,
  0xFFDE, 0xE71C, 0x54D8, 0x3E7F, 0x2E5F, 0x365F, 0x9F3F, 0xFFFF, 0xFFFF, 0xFFFF, 0xFFFF, 0xFFFF, 0xFFFF, 0xFFFF, 0xFFFF, 0xFFFF,
  0xFFFF, 0xFFFF, 0xFFFF, 0xFFFF, 0xFFFF, 0xFFFF, 0xFFFF, 0xFFFF, 0xF77E, 0xE5D6, 0xFEF9, 0xFF7B, 0xFF9C, 0xFFFF, 0xF75D, 0xF637,
  0xFEF9, 0xFF5B, 0xFFBE, 0xFFDF, 0xFFFF, 0x9E1E, 0x0216, 0x0235, 0x0235, 0x0277, 0x02FA, 0x033A, 0x037B, 0x03DC, 0x041C, 0x03FA,
  0x0313, 0x226E, 0x838F, 0xBCB2, 0xC513, 0xE594, 0xF677, 0xFF19, 0xF656, 0x1905, 0x00E8, 0x0378, 0x0293, 0x0357, 0x03FA, 0x0316,
  0x0293, 0x0294, 0x13BA, 0x0295, 0x016F, 0x0276, 0x0275, 0x0A12, 0x2230, 0x29EE, 0x4A6E, 0x6AEC, 0x832C, 0x834C, 0x834C, 0x7AEA,
  0x6A89, 0x6A69, 0x6A89, 0x6268, 0x82A8, 0xAB8B, 0xC48F, 0xCCD0, 0xD511, 0xD511, 0xD4F0, 0xDD31, 0xF5F3, 0x6A46, 0x0000, 0x1040,
  0x0000, 0x1041, 0x1882, 0x20C3, 0x0000, 0x0020, 0x0001, 0x0860, 0x5B60, 0x7C40, 0x8CE0, 0x9D40, 0x9D61, 0xA5A1, 0xADE2, 0xB622,
  0xBE62, 0xBE82, 0xB663, 0xAE22, 0xA602, 0xA5C1, 0xA5C1, 0xB602, 0xC622, 0xCE41, 0xCE20, 0xC5C0, 0xB5A0, 0xA540, 0x8CA0, 0x5B40,
  0x2120, 0x0000, 0x0000, 0x0840, 0x0841, 0x1081, 0x1082, 0x10A2, 0x1082, 0x1082, 0x1082, 0x0841, 0x0841, 0x0021, 0x1082, 0x736D,
  0x18A3, 0x2925, 0x20C3, 0x5A69, 0xFFBD, 0xD658, 0x5269, 0x20E4, 0x2924, 0x3965, 0x41A6, 0x3965, 0x3145, 0x3124, 0x2924, 0x2924,
  0x2924, 0x3124, 0x3124, 0x28E4, 0x18A3, 0x0841, 0x0001, 0x0001, 0x49A6, 0xDE9B, 0x61D3, 0x71B6, 0x9259, 0x9A9B, 0xB2FD, 0xCB7E,
  0xCB7E, 0xBAFD, 0x79B6, 0x9A79, 0xF4DF, 0xFDDF, 0x7A50, 0x3928, 0x6A2C, 0x828F, 0xE45B, 0xF43F, 0xCAFF, 0xA29B, 0xCC07, 0x5120,
  0x0001, 0x0820, 0x0000, 0x0000, 0x4860, 0xA491, 0xFFFF, 0xFF9E, 0x39A7, 0x48CE, 0x923B, 0x81D9, 0x7978, 0x7978, 0xCB5D, 0xFFDF,
  0xFFFF, 0xFFDF, 0xFFFF, 0x8E3F, 0x041F, 0x44BD, 0x6BD3, 0xFFFF, 0xD69A, 0x020A, 0x00A5, 0x0843, 0x0001, 0x6B6F, 0x7BF0, 0x8C75,
  0xF77F, 0xF77F, 0xE75F, 0xE77F, 0xFFBF, 0xFFBE, 0xFFBE, 0xFF9D, 0xFF7D, 0xD67A, 0x9CB3, 0x73AF, 0x7BCF, 0xA535, 0xDE9B, 0xE6DC,
  0xF75C, 0xFFDE, 0xDF3E, 0x565F, 0x263F, 0x263F, 0x7EFF, 0xFFFF, 0xFFFF, 0xFFFF, 0xFFFF, 0xFFFF, 0xFFFF, 0xFFFF, 0xFFFF, 0xFFFF,
  0xFFFF, 0xFFFF, 0xFFFF, 0xFFFF, 0xFFFF, 0xFFFF, 0xFFFF, 0xFFFF, 0xFFFF, 0xE6BB, 0xEE17, 0xFF3A, 0xFF7B, 0xFFBD, 0xF75D, 0xFE78,
  0xFF5A, 0xFF5B, 0xFFDE, 0xFFFF, 0xFFFF, 0x3C7D, 0x02BB, 0x02FA, 0x02FA, 0x035B, 0x03BC, 0x03FC, 0x041D, 0x043D, 0x045C, 0x047D,
  0x04DF, 0x04FF, 0x1C7A, 0x9516, 0xFE56, 0xFED8, 0xFF3A, 0xFF5A, 0xFF3A, 0xABED, 0x11AB, 0x03BA, 0x0378, 0x045C, 0x03FA, 0x0357,
  0x0252, 0x012D, 0x01B1, 0x0233, 0x012C, 0x014E, 0x016F, 0x00EB, 0x00A9, 0x0089, 0x008A, 0x0044, 0x0000, 0x0000, 0x0000, 0x0000,
  0x0000, 0x1041, 0x0800, 0x0000, 0x1800, 0x78C0, 0xA308, 0xBC4E, 0xD4F0, 0xDD51, 0xEDF3, 0xFEB7, 0xFED7, 0x59A4, 0x0000, 0x1881,
  0x0820, 0x1882, 0x20A2, 0x18A2, 0x0841, 0x0000, 0x0000, 0x0000, 0x18E0, 0x6380, 0x8480, 0x8CE0, 0x8CE0, 0x8D00, 0x9540, 0x9540,
  0x9D80, 0x9DA0, 0x9DA0, 0x9D80, 0x9580, 0x9560, 0x9540, 0x9D40, 0xA520, 0xA500, 0xA4E0, 0x94A0, 0x8460, 0x5B20, 0x2960, 0x0000,
  0x0000, 0x0020, 0x0820, 0x0840, 0x1061, 0x1082, 0x18C2, 0x20E3, 0x18C2, 0x18C3, 0x20E4, 0x20E3, 0x18E3, 0x10A3, 0x3186, 0x736D,
  0x0000, 0x0821, 0x18A3, 0x20E3, 0x6AEB, 0x3145, 0x1882, 0x2924, 0x18A3, 0x4A08, 0x4A08, 0x20E3, 0x2904, 0x20E3, 0x20C3, 0x20C3,
  0x18A2, 0x1082, 0x1061, 0x0841, 0x0000, 0x0000, 0x1041, 0x1041, 0xB535, 0xFFFF, 0xCDDA, 0x5932, 0x79B6, 0x9239, 0xA2BB, 0xB31C,
  0xC35D, 0xCB9E, 0xB33C, 0xA2BB, 0xDC1F, 0xFD5F, 0xF51F, 0x592B, 0x79EC, 0x8B30, 0xE57C, 0xFD7F, 0xEC5F, 0xBAFE, 0xDCD1, 0xD480,
  0x18A1, 0x0000, 0x0000, 0x6180, 0xB2C2, 0xE6FB, 0xFFFF, 0xDEB9, 0x410B, 0x921B, 0x8A1A, 0x81B9, 0x7998, 0x8179, 0xDC1E, 0xFFDF,
  0xFFFF, 0xFFFF, 0x863F, 0x047F, 0x1CFF, 0x4C9C, 0x8C76, 0xFFDF, 0x9D13, 0x2161, 0x0000, 0x0020, 0x0000, 0x0000, 0x0862, 0xC5FB,
  0xF77F, 0xFF9F, 0xF79F, 0xFFBF, 0xFFBF, 0xFFBE, 0xFF9D, 0xFFBE, 0xB555, 0x4A49, 0x5A69, 0x62EC, 0x31A7, 0x0020, 0x31C7, 0xC5F8,
  0xEF3C, 0xFF7D, 0xFFDF, 0x769F, 0x1E1F, 0x1E1F, 0x66BF, 0xF7FF, 0xFFFF, 0xFFFF, 0xFFFF, 0xFFFF, 0xFFFF, 0xFFFF, 0xFFFF, 0xFFFF,
  0xFFFF, 0xFFFF, 0xFFFF, 0xFFFF, 0xFFFF, 0xFFFF, 0xFFFF, 0xFFFF, 0xFFFF, 0xFFFF, 0xE639, 0xF657, 0xFF3A, 0xFF9C, 0xEE9A, 0xFE36,
  0xFF3A, 0xFF5B, 0xFFDF, 0xFFFF, 0xDF7F, 0x0BBD, 0x02DA, 0x02B9, 0x0235, 0x0214, 0x0213, 0x0232, 0x02D7, 0x03BC, 0x045E, 0x049E,
  0x04DE, 0x04DE, 0x04DE, 0x047D, 0x5D5B, 0xE73C, 0xFFBB, 0xFF7B, 0xFF3A, 0xFE15, 0x3374, 0x041C, 0x04BD, 0x047C, 0x03FA, 0x02D4,
  0x0908, 0x014D, 0x018F, 0x016F, 0x012E, 0x00EC, 0x012D, 0x00A9, 0x0066, 0x0089, 0x0066, 0x18C5, 0x1083, 0x1083, 0x18A3, 0x20A3,
  0x28E4, 0x3124, 0x2904, 0x2904, 0x28E3, 0x58A0, 0xA9E2, 0xD4AF, 0xE5B4, 0xF676, 0xFEF8, 0xFF5A, 0xFF18, 0xB2A4, 0x1820, 0x28E3,
  0x1881, 0x28E3, 0x18A2, 0x0841, 0x0000, 0x0000, 0x0000, 0x0000, 0x0000, 0x0880, 0x5B20, 0x7C40, 0x7C60, 0x7C60, 0x7C80, 0x84A0,
  0x84C0, 0x84C0, 0x84C0, 0x84C0, 0x84E0, 0x84C0, 0x8CC0, 0x84A0, 0x8480, 0x8460, 0x7400, 0x6BE0, 0x4A80, 0x0020, 0x0000, 0x0000,
  0x0000, 0x0840, 0x0861, 0x0840, 0x1061, 0x10A2, 0x20C3, 0x2103, 0x18A2, 0x20E3, 0x2104, 0x2904, 0x2904, 0x1082, 0x5249, 0x62CA,
  0x1062, 0x18C3, 0x20E3, 0x2924, 0x18C3, 0x1082, 0x18A2, 0x1082, 0x0000, 0x734C, 0x3165, 0x0000, 0x0020, 0x0000, 0x0000, 0x0020,
  0x0020, 0x1041, 0x1882, 0x1882, 0x1082, 0x1062, 0x1062, 0x30E4, 0xBD55, 0xFFFF, 0xFFFF, 0xB4F9, 0x58F3, 0x81D7, 0x9259, 0xA2BB,
  0xBB1C, 0xC39D, 0xBB5E, 0x9A59, 0xA299, 0xD3FE, 0xDC3E, 0xCBBC, 0xFDFF, 0xFEBF, 0xFE3F, 0xFDDF, 0xFD7F, 0xF4BF, 0xC31D, 0xD3CC,
  0xDCE1, 0xAC20, 0xCC60, 0xE443, 0xEE97, 0xFFFF, 0xF7DD, 0x730F, 0x7997, 0x9A3C, 0x89FA, 0x81DA, 0x7998, 0x91B9, 0xECFE, 0xFFFF,
  0xFFDF, 0x4D7F, 0x14BF, 0x7DDF, 0xA69F, 0x757D, 0x7416, 0xFF9F, 0x9CAF, 0x51A0, 0x0000, 0x0020, 0x0020, 0x0000, 0x39C8, 0xEF1E,
  0xFF7E, 0xFF9E, 0xFFBF, 0xFFDF, 0xFFDE, 0xFF9D, 0xFFDE, 0xAD13, 0x1946, 0x2A6B, 0x4B2E, 0x8CD4, 0xF75D, 0xC618, 0x2945, 0x2104,
  0xD67A, 0xF77D, 0xFFDE, 0xAEFF, 0x261F, 0x161F, 0x66BF, 0xF7DF, 0xFFFF, 0xFFFF, 0xFFFF, 0xFFFF, 0xFFFF, 0xFFFF, 0xFFFF, 0xFFFF,
  0xFFFF, 0xFFFF, 0xFFFF, 0xFFFF, 0xFFFF, 0xFFFF, 0xFFFF, 0xFFFF, 0xFFFF, 0xFFFF, 0xF79E, 0xDD75, 0xFE56, 0xFF7B, 0xFF7B, 0xFF5B,
  0xFF5B, 0xFF7B, 0xFFDE, 0xFFFF, 0x7DDE, 0x0278, 0x01D3, 0x010C, 0x0086, 0x0087, 0x0884, 0x1082, 0x0884, 0x00E8, 0x018E, 0x02B5,
  0x03BB, 0x047E, 0x049E, 0x04BD, 0x049D, 0x1CFD, 0xAEBC, 0xFF9B, 0xFFDB, 0xCDD6, 0x0B99, 0x04BD, 0x049D, 0x045C, 0x0336, 0x00C5,
  0x1861, 0x098E, 0x01D1, 0x0190, 0x012E, 0x010D, 0x012E, 0x0088, 0x0067, 0x0089, 0x0885, 0x1063, 0x0862, 0x1083, 0x1082, 0x18A3,
  0x2905, 0x3945, 0x3945, 0x3965, 0x3965, 0x3165, 0x5163, 0xC40B, 0xFED7, 0xFF39, 0xFF5A, 0xFF7B, 0xFF39, 0xFCCA, 0x6121, 0x2904,
  0x3124, 0x2903, 0x1882, 0x0840, 0x0020, 0x0000, 0x0000, 0x0000, 0x0000, 0x3966, 0x6AAB, 0x62A5, 0x5AE1, 0x5320, 0x5B80, 0x63A0,
  0x63E0, 0x63E0, 0x63A0, 0x6BC0, 0x6BE0, 0x6BE0, 0x6BE0, 0x7400, 0x7400, 0x7400, 0x8480, 0x94E0, 0x1900, 0x0000, 0x0000, 0x0000,
  0x0840, 0x1061, 0x1081, 0x0840, 0x0861, 0x18A2, 0x20E3, 0x20E3, 0x18C3, 0x2104, 0x2104, 0x2924, 0x2924, 0x0862, 0x6B0C, 0x41E7,
  0x2104, 0x2924, 0x2104, 0x2924, 0x3144, 0x2924, 0x2924, 0x3965, 0x18C3, 0x7B6D, 0x2924, 0x18A2, 0x20C3, 0x20C3, 0x2903, 0x2903,
  0x18A2, 0x3125, 0x3145, 0x2924, 0x20E4, 0x1882, 0x0842, 0x0821, 0x1822, 0xACB3, 0xFFFF, 0xFFFF, 0xBD3A, 0x6974, 0x79D7, 0x9259,
  0xA2BB, 0xB31C, 0xB33D, 0xAAFD, 0x9A79, 0xA297, 0x91D1, 0x89B2, 0xE43F, 0xFD1F, 0xFD3F, 0xFDBF, 0xFDBF, 0xF4FE, 0xFD5F, 0xDB7F,
  0xC298, 0xDC31, 0xE533, 0xDE3B, 0xEEDE, 0xCD79, 0x8AF4, 0x89D9, 0xA27D, 0x9A1B, 0x921B, 0x89DA, 0x81BA, 0x99FA, 0xE4BE, 0xFFFF,
  0x861F, 0x147F, 0xC69F, 0xFF5F, 0xFFBF, 0xF7BF, 0x8C97, 0xCE3D, 0xCDF6, 0xBBC0, 0x18A1, 0x0000, 0x0000, 0x0800, 0xAD58, 0xFFDF,
  0xFFBF, 0xFFDF, 0xFFBE, 0xFFDE, 0xFFBE, 0xFFDE, 0xE699, 0x1145, 0x0167, 0x00E5, 0x0063, 0x0106, 0x4B8F, 0xFFFF, 0xEF7D, 0x2966,
  0x528A, 0xFFBE, 0xFFBE, 0xAEFF, 0x1E1F, 0x0DFF, 0x567F, 0xEFDF, 0xFFFF, 0xFFFF, 0xFFFF, 0xFFFF, 0xFFFF, 0xFFFF, 0xFFFF, 0xFFFF,
  0xFFFF, 0xFFFF, 0xFFFF, 0xFFFF, 0xFFFF, 0xFFFF, 0xFFFF, 0xFFFF, 0xFFFF, 0xFFFF, 0xFFFF, 0xEEBB, 0xFEFA, 0xFF9C, 0xFF7B, 0xFF5A,
  0xFF3A, 0xFF5A, 0xFF9D, 0xFFFF, 0x5CDC, 0x01F4, 0x0275, 0x02B6, 0x0339, 0x039B, 0x01D1, 0x2946, 0x3965, 0x3124, 0x20A2, 0x1062,
  0x0087, 0x016E, 0x02B5, 0x03BA, 0x5CF9, 0x249C, 0x045D, 0x865D, 0xE698, 0x2BD8, 0x045C, 0x0C19, 0x64B8, 0x0272, 0x08C5, 0x20A2,
  0x18A2, 0x1107, 0x01F2, 0x01B0, 0x012D, 0x012E, 0x012E, 0x0067, 0x0046, 0x0044, 0x0842, 0x0000, 0x0841, 0x1061, 0x20A2, 0x28A1,
  0x2081, 0x1882, 0x18A3, 0x3125, 0x4186, 0x4185, 0x3965, 0x3965, 0x830A, 0xE676, 0xFFDC, 0xFF7B, 0xFF7B, 0xF654, 0x5163, 0x3124,
  0x3964, 0x28E3, 0x1061, 0x0820, 0x0840, 0x0000, 0x0000, 0x0000, 0x3966, 0x93F0, 0xA472, 0x8B8F, 0x3145, 0x00C0, 0x0880, 0x0860,
  0x1080, 0x10C0, 0x11A0, 0x2A80, 0x4300, 0x5360, 0x63C0, 0x7420, 0x8480, 0xA540, 0xC640, 0x94C0, 0x00A0, 0x0121, 0x0901, 0x0860,
  0x0840, 0x1081, 0x1082, 0x0020, 0x0861, 0x10A2, 0x18C3, 0x18A2, 0x18C3, 0x2904, 0x2924, 0x2924, 0x2904, 0x1062, 0x7B8D, 0x3124,
  0x2924, 0x3145, 0x2945, 0x3145, 0x3145, 0x3145, 0x3165, 0x3965, 0x20E3, 0x83AE, 0x3165, 0x3124, 0x3145, 0x3145, 0x3145, 0x2904,
  0x20E3, 0x3965, 0x3985, 0x3965, 0x2904, 0x1882, 0x1082, 0x1062, 0x0022, 0x1842, 0xBD55, 0xFFFF, 0xFFFF, 0xD61B, 0x71F4, 0x7175,
  0x9279, 0xA2BA, 0xA2BB, 0xAAFC, 0xC39E, 0xDC1E, 0xF43E, 0xD318, 0x9A14, 0xAA98, 0xBAFA, 0xCB5B, 0xBB18, 0x91D5, 0xD37D, 0xFD7F,
  0xF4DF, 0xDC1F, 0xCB9F, 0xBAFD, 0xAA7C, 0x99DB, 0x99FD, 0xA25D, 0x9A3C, 0x9A1C, 0x91FB, 0x81DA, 0x81B9, 0x8999, 0xDB9D, 0xF75F,
  0x2CBF, 0x9DDF, 0xFF3E, 0xFF7E, 0xFF9E, 0xFFDF, 0xFFBE, 0xC61A, 0xD67C, 0xDD4B, 0xC400, 0x59C0, 0x5161, 0xA40D, 0xFF17, 0xFECF,
  0xFECC, 0xFF55, 0xFFFF, 0xFFDE, 0xFFBE, 0xFFFF, 0x7BAE, 0x0082, 0x0063, 0x0063, 0x0022, 0xCE38, 0x64D5, 0x8D56, 0xFFFF, 0xB576,
  0x0020, 0xC5D6, 0xFFBE, 0xA6DF, 0x161F, 0x0DFF, 0x5E9F, 0xF7DF, 0xFFFF, 0xFFFF, 0xFFFF, 0xFFFF, 0xFFFF, 0xFFFF, 0xFFFF, 0xFFFF,
  0xFFFF, 0xFFFF, 0xFFFF, 0xFFFF, 0xFFFF, 0xFFFF, 0xFFFF, 0xFFFF, 0xFFFF, 0xFFFF, 0xEEFD, 0xF6DC, 0xFFBD, 0xFFFE, 0xFFBD, 0xFE98,
  0xFF7B, 0xFFBD, 0xFFBD, 0xFFFD, 0x551D, 0x03DD, 0x045F, 0x043F, 0x045E, 0x04BF, 0x03DC, 0x194A, 0x4186, 0x41A6, 0x41A6, 0x3943,
  0x1148, 0x01B0, 0x016E, 0x0171, 0x7436, 0x4BD6, 0x0296, 0x041C, 0x1BF9, 0x03BA, 0x0357, 0x01D0, 0x8CF7, 0x0AB4, 0x10A4, 0x3944,
  0x20E3, 0x18A3, 0x01CF, 0x01D1, 0x012D, 0x0190, 0x010C, 0x0045, 0x0864, 0x1082, 0x0000, 0x0821, 0x20C4, 0x20C4, 0x1082, 0x5184,
  0x69E5, 0x5183, 0x30E2, 0x1881, 0x1061, 0x20C3, 0x3945, 0x49C7, 0x4165, 0x49C6, 0xBD74, 0xFFDD, 0xFFBB, 0xBCD0, 0x30E3, 0x3965,
  0x3124, 0x1881, 0x1060, 0x1860, 0x0820, 0x0000, 0x0000, 0x20C3, 0xBD14, 0xBD14, 0x9C10, 0x62EB, 0x0102, 0x0183, 0x0163, 0x0143,
  0x0122, 0x0081, 0x0080, 0x1A20, 0x4320, 0x5BE0, 0x7CA0, 0xA580, 0xBE20, 0xCEA1, 0xDEE0, 0x7C60, 0x0121, 0x00C0, 0x0141, 0x1AC4,
  0x1102, 0x1061, 0x1081, 0x0020, 0x0841, 0x1082, 0x18A2, 0x1082, 0x20E4, 0x2104, 0x2924, 0x2924, 0x20E4, 0x2104, 0x7B6D, 0x2904,
  0x3165, 0x3145, 0x3145, 0x3165, 0x3145, 0x3145, 0x3965, 0x3965, 0x20E4, 0x83AE, 0x3145, 0x3145, 0x3145, 0x3145, 0x3145, 0x20E3,
  0x20E3, 0x41A6, 0x41A6, 0x41A6, 0x3965, 0x20C3, 0x20E4, 0x18A3, 0x1063, 0x0021, 0x30C4, 0xDE79, 0xFFFF, 0xFFFF, 0xE71D, 0x9337,
  0x7155, 0x81F7, 0x9259, 0xA29B, 0xB31C, 0xBB5D, 0xCB7E, 0xE41F, 0xE41E, 0xBB39, 0xBB18, 0xCBFA, 0xED1D, 0xEC7E, 0xC33E, 0xE43F,
  0xFD1F, 0xFD7F, 0xFD3F, 0xFC9F, 0xEC5F, 0xDBBF, 0xCB1E, 0xB2DE, 0xA25C, 0x9A1C, 0x89DA, 0x7999, 0x7158, 0x6936, 0xC2DB, 0xC5BF,
  0x3CDF, 0xD63E, 0xEEFE, 0xFF5E, 0xFF9E, 0xFF9E, 0xFFDF, 0xFFFF, 0xFFDF, 0xEF7E, 0xF718, 0xFF58, 0xFEF6, 0xFDEC, 0xFDA2, 0xFEA4,
  0xFEE5, 0xFEA3, 0xFF72, 0xFFFF, 0xFFFE, 0xEF3C, 0x4983, 0x0800, 0x0000, 0x0000, 0x0000, 0x39C6, 0x122A, 0x64B4, 0xFFFF, 0xEF3C,
  0x18A3, 0x738D, 0xFFDF, 0x7E9F, 0x15FF, 0x0DDF, 0x6E9F, 0xFFFF, 0xFFFF, 0xFFFF, 0xFFFF, 0xFFFF, 0xFFFF, 0xFFFF, 0xFFFF, 0xFFFF,
  0xFFFF, 0xFFFF, 0xFFFF, 0xFFFF, 0xFFFF, 0xFFFF, 0xFFFF, 0xFFFF, 0xFFFF, 0xFFBF, 0xE67B, 0xDD96, 0xF6B9, 0xFFDD, 0xFF7C, 0xFEB8,
  0xFFBC, 0xFFFE, 0xFFDD, 0xFF9C, 0x2C5D, 0x03DE, 0x041D, 0x047D, 0x049E, 0x04BD, 0x049E, 0x01CF, 0x3965, 0x49E6, 0x51E7, 0x4984,
  0x222D, 0x047F, 0x045E, 0x033B, 0x4BD8, 0x651A, 0x02D7, 0x03DA, 0x045D, 0x041B, 0x03DA, 0x0339, 0x74D9, 0x251F, 0x0230, 0x3103,
  0x3144, 0x20A1, 0x098C, 0x01D2, 0x016F, 0x014E, 0x0067, 0x0864, 0x1061, 0x0000, 0x1083, 0x3147, 0x3126, 0x3986, 0x3125, 0x20C2,
  0x6A06, 0x6A26, 0x7226, 0x61E5, 0x28C1, 0x0000, 0x0841, 0x28E3, 0x4985, 0x69E5, 0x3944, 0xA4B0, 0xEE96, 0x49A5, 0x3944, 0x5983,
  0x20A2, 0x1020, 0x30E2, 0x20A1, 0x1040, 0x0020, 0x0000, 0x5A49, 0xC535, 0xA430, 0x2163, 0x0183, 0x01A4, 0x09E4, 0x1265, 0x1B06,
  0x1306, 0x12A5, 0x1A85, 0x1AA3, 0x3B01, 0x7480, 0xA5A0, 0xBE40, 0xD6C1, 0xDEE2, 0xE741, 0x6BE0, 0x01A1, 0x2283, 0x0040, 0x2305,
  0x2AC5, 0x0000, 0x0861, 0x0000, 0x0020, 0x1081, 0x1081, 0x10A2, 0x2104, 0x2124, 0x2924, 0x2924, 0x20E3, 0x41E7, 0x736D, 0x20E3,
  0x3165, 0x3145, 0x3145, 0x3145, 0x3165, 0x3165, 0x3965, 0x3965, 0x2945, 0x8BEF, 0x3965, 0x3965, 0x3145, 0x3145, 0x3145, 0x20C3,
  0x2904, 0x41C6, 0x49C7, 0x49C7, 0x3965, 0x20E4, 0x2925, 0x20E4, 0x18A3, 0x1083, 0x0001, 0x5A09, 0xF7BE, 0xFFDF, 0xFFFF, 0xFFFF,
  0xCD9B, 0x8236, 0x81F8, 0x9259, 0x9A7A, 0xAAFC, 0xBB5D, 0xCB9E, 0xE43F, 0xF4BF, 0xFD3F, 0xFD9F, 0xFD5F, 0xFCFF, 0xE43F, 0xD3BF,
  0xEC5F, 0xF4BF, 0xFCDF, 0xFCBF, 0xF47F, 0xF41F, 0xE3BF, 0xCB5F, 0xAA9D, 0x89BA, 0x81BA, 0x7998, 0x7178, 0x58D5, 0x89D8, 0xB4FF,
  0x54BE, 0xD5FD, 0xEEDD, 0xF73D, 0xFF7E, 0xFF9E, 0xFF9E, 0xFFBE, 0xFFDE, 0xFFBD, 0xF6B6, 0xFE2E, 0xFD6C, 0xFD46, 0xFEA6, 0xFF4A,
  0xFF68, 0xF564, 0xFE24, 0xFFBA, 0xFFFF, 0xD657, 0x71E0, 0x0820, 0x0000, 0x0000, 0x0000, 0x0000, 0x1101, 0x7C91, 0xFFFF, 0xFF9E,
  0x2924, 0x7B8D, 0xFFDF, 0x565F, 0x0DFF, 0x0DFF, 0x76BF, 0xFFFF, 0xFFFF, 0xFFFF, 0xFFFF, 0xFFFF, 0xFFFF, 0xFFFF, 0xFFFF, 0xFFFF,
  0xFFFF, 0xFFFF, 0xFFFF, 0xFFFF, 0xFFFF, 0xFFFF, 0xFFFF, 0xFFFF, 0xFFFF, 0xE6DD, 0xFF1C, 0xFF9D, 0xEE99, 0xF677, 0xFEF9, 0xDCF2,
  0xF637, 0xEE57, 0xFE98, 0xF71A, 0x1BFB, 0x03DD, 0x047E, 0x04BE, 0x04FE, 0x04BE, 0x04FF, 0x0274, 0x3945, 0x5227, 0x5A27, 0x59E6,
  0x3A2B, 0x049E, 0x04DE, 0x041D, 0x33BA, 0x75FE, 0x047E, 0x04BE, 0x049D, 0x04BE, 0x04FE, 0x043D, 0x5C7A, 0x453D, 0x0359, 0x2105,
  0x3144, 0x1881, 0x08E8, 0x0190, 0x014E, 0x0065, 0x0843, 0x18A3, 0x1061, 0x1882, 0x3147, 0x3146, 0x3145, 0x3986, 0x49C7, 0x2904,
  0x4964, 0x7226, 0x7A66, 0x7A67, 0x61E5, 0x28E3, 0x28E3, 0x1082, 0x1881, 0xA303, 0x20A2, 0x3123, 0x51E6, 0x28E3, 0x1861, 0x9281,
  0x3923, 0x1882, 0x20A1, 0x28E2, 0x1060, 0x0820, 0x0000, 0x626A, 0xD576, 0xA451, 0x0183, 0x0AA6, 0x0A86, 0x1225, 0x1265, 0x2307,
  0x3388, 0x3388, 0x3BA8, 0x3BC8, 0x33A7, 0x5C64, 0xB621, 0xDF02, 0xDF03, 0xDF03, 0xE741, 0x73C0, 0x00E1, 0x3385, 0x2223, 0x4407,
  0x3386, 0x08A1, 0x0841, 0x0020, 0x0020, 0x0861, 0x0861, 0x18C3, 0x2104, 0x2924, 0x2924, 0x3145, 0x18C3, 0x5AAA, 0x62AA, 0x20E3,
  0x3145, 0x3145, 0x20E3, 0x9451, 0x6B0C, 0x3124, 0x3985, 0x3965, 0x3165, 0x83CF, 0x3144, 0x3965, 0x3145, 0x3965, 0x3965, 0x20E3,
  0x2924, 0x41C6, 0x41C6, 0x49C6, 0x3144, 0x28E4, 0x3145, 0x2904, 0x20E4, 0x18A3, 0x1062, 0x0801, 0x9C31, 0xFFFF, 0xFFDF, 0xFFFF,
  0xBD98, 0x41CA, 0x48CF, 0x81D9, 0x89F9, 0x9239, 0xA29B, 0xB2FC, 0xBB1D, 0xCB7D, 0xD3BE, 0xDBDE, 0xE41E, 0xDC1E, 0xD3DE, 0xCB9E,
  0xD3BE, 0xDBFE, 0xE3FF, 0xE41F, 0xE3DF, 0xDB9F, 0xD33F, 0xB2BD, 0x9A3B, 0x81B9, 0x7998, 0x7177, 0x6135, 0x50D4, 0x5072, 0x8B1B,
  0x6C9E, 0xD61C, 0xE69D, 0xEEFD, 0xF73D, 0xFF7E, 0xFF7E, 0xFF9D, 0xFF7D, 0xFF1A, 0xD4B0, 0xEC45, 0xFDAC, 0xFDE9, 0xFF48, 0xFF07,
  0xFEA4, 0xFEA5, 0xFE42, 0xFEF0, 0xFFFF, 0xDEDB, 0xCC44, 0x3961, 0x0001, 0x0000, 0x0000, 0x28C1, 0x8A00, 0xC5D6, 0xFFFF, 0xEF3C,
  0x4A48, 0xE71B, 0xF7BF, 0x4E3F, 0x0DFF, 0x0DDF, 0x96FF, 0xFFFF, 0xFFFF, 0xFFFF, 0xFFFF, 0xFFFF, 0xFFFF, 0xFFFF, 0xFFFF, 0xFFFF,
  0xFFFF, 0xFFFF, 0xFFFF, 0xFFFF, 0xFFFF, 0xFFFF, 0xFFFF, 0xFFFF, 0xFFFF, 0xE69B, 0xE619, 0xFF7C, 0xFFFE, 0xF6F9, 0xED93, 0xB38C,
  0xCC4F, 0xDCF1, 0xFE76, 0xAE1A, 0x045E, 0x049E, 0x047D, 0x04DE, 0x051E, 0x04DE, 0x04DF, 0x02B5, 0x3125, 0x5207, 0x5A27, 0x51E6,
  0x320A, 0x049E, 0x04BE, 0x045D, 0x1B79, 0x7DDD, 0x049E, 0x04DE, 0x04DE, 0x04DE, 0x04DD, 0x045D, 0x4C39, 0x659D, 0x041C, 0x098A,
  0x28E2, 0x1881, 0x0064, 0x014E, 0x00C8, 0x1041, 0x1882, 0x30E3, 0x2081, 0x2926, 0x3146, 0x3145, 0x3966, 0x4186, 0x49C7, 0x4186,
  0x3103, 0x7246, 0x8AA8, 0x82A7, 0x7246, 0x4985, 0x49A6, 0x4165, 0x1882, 0xA322, 0x49A4, 0x3944, 0x3944, 0x3124, 0x18A3, 0x8A61,
  0x51A3, 0x18A3, 0x1881, 0x3102, 0x1860, 0x0820, 0x0000, 0x6ACB, 0x8B8E, 0x3A07, 0x0205, 0x11C4, 0x3141, 0x4161, 0x51E2, 0x49E1,
  0x2981, 0x19A3, 0x1AA5, 0x33A7, 0x3C08, 0x3C49, 0x4468, 0x9DA5, 0xEF43, 0xEF42, 0xE720, 0xBDC0, 0x2AA3, 0x33C6, 0x4408, 0x4C48,
  0x4428, 0x1A04, 0x0000, 0x0020, 0x0000, 0x0020, 0x0841, 0x18C3, 0x20E4, 0x2104, 0x2904, 0x3145, 0x18A2, 0x5AAA, 0x41E7, 0x2904,
  0x3966, 0x3125, 0x49E8, 0xFFDF, 0x9CB2, 0x2904, 0x41A6, 0x3965, 0x3145, 0x83AE, 0x3124, 0x3965, 0x3965, 0x3965, 0x3986, 0x20E3,
  0x2924, 0x41A6, 0x41A6, 0x41A6, 0x3124, 0x2904, 0x3145, 0x3125, 0x2925, 0x20E4, 0x1883, 0x0822, 0x1883, 0xE6DB, 0xF79F, 0x7271,
  0x0002, 0x0000, 0x0000, 0x308A, 0x7176, 0x79B8, 0x89D9, 0x8A1A, 0x923A, 0x9A5B, 0xA29B, 0xAABC, 0xB2FC, 0xBB3D, 0xBB1D, 0xB2FD,
  0xB2FD, 0xB2FC, 0xBAFD, 0xC31D, 0xBB1D, 0xBAFD, 0xB2DD, 0xA27C, 0x89DA, 0x7998, 0x6957, 0x6136, 0x50F3, 0x48D2, 0x79D5, 0xC53D,
  0x7D1E, 0xCDFC, 0xDE7C, 0xEEDD, 0xF73D, 0xFF5D, 0xFF7D, 0xFF9E, 0xFFBE, 0xFF5D, 0xE69C, 0xC3EC, 0x9A63, 0xCC45, 0xE4C3, 0xFDE4,
  0xFEC4, 0xFEA4, 0xFE42, 0xFE66, 0xFFFF, 0xF7FF, 0xD58F, 0xCC40, 0x41A1, 0x18C0, 0x4980, 0xBB60, 0xAC2B, 0xF7DF, 0xFFFF, 0xAD34,
  0xA4D3, 0xFFFF, 0xB6FF, 0x2E1F, 0x0DDF, 0x1DFF, 0xBF5F, 0xFFFF, 0xFFFF, 0xFFFF, 0xFFFF, 0xFFFF, 0xFFFF, 0xFFFF, 0xFFFF, 0xFFFF,
  0xFFFF, 0xFFFF, 0xFFFF, 0xFFFF, 0xFFFF, 0xFFFF, 0xFFFF, 0xFFFF, 0xFFFF, 0xC65C, 0xCD55, 0xDDB6, 0xF6B8, 0xFF3A, 0xE552, 0xD4D1,
  0xF657, 0xFF3A, 0xFF19, 0x2C7B, 0x033A, 0x049D, 0x04DE, 0x049E, 0x04DE, 0x04BD, 0x049E, 0x0253, 0x28E4, 0x49C6, 0x5207, 0x51C5,
  0x320A, 0x047E, 0x04BE, 0x049D, 0x1379, 0x861D, 0x04FE, 0x04FE, 0x04FE, 0x04DE, 0x04DE, 0x047D, 0x2BD9, 0x6D9C, 0x043C, 0x0270,
  0x20A2, 0x18A2, 0x0863, 0x00EB, 0x0863, 0x1861, 0x5122, 0x5920, 0x18A3, 0x3167, 0x3146, 0x3966, 0x41A7, 0x41A6, 0x49C7, 0x49E7,
  0x20C3, 0x6206, 0x8AC8, 0x82A7, 0x7246, 0x49A5, 0x4186, 0x49A5, 0x20C4, 0x9AC2, 0x7265, 0x3965, 0x4165, 0x4185, 0x3125, 0x8221,
  0x6A23, 0x20C3, 0x18A2, 0x30E2, 0x1881, 0x0000, 0x0000, 0x41C7, 0x31C6, 0x0101, 0x0102, 0x18E1, 0x2244, 0x2245, 0x4A02, 0xA384,
  0x9B83, 0x8302, 0x5221, 0x1121, 0x0983, 0x2AE6, 0x4408, 0x3C08, 0x7D27, 0xEF44, 0xEF61, 0xADC0, 0x3365, 0x4449, 0x548A, 0x4429,
  0x4345, 0x41C1, 0x0000, 0x0000, 0x0000, 0x0000, 0x0861, 0x10C3, 0x18E3, 0x2104, 0x2924, 0x3145, 0x18C3, 0x8BEF, 0x3986, 0x2924,
  0x3986, 0x2904, 0xB555, 0xFFFF, 0xD659, 0x3124, 0x3124, 0x3945, 0x3165, 0x7BAE, 0x3124, 0x3985, 0x3965, 0x3965, 0x4186, 0x20E3,
  0x20E3, 0x3986, 0x3986, 0x3965, 0x20E3, 0x2904, 0x3125, 0x2925, 0x2925, 0x2905, 0x18C4, 0x1063, 0x0000, 0x7B6E, 0x9C36, 0x1008,
  0x0842, 0x0000, 0x0803, 0x0000, 0x2048, 0x6113, 0x7177, 0x8179, 0x8199, 0x81B9, 0x81B9, 0x89F9, 0x921A, 0x925A, 0x925A, 0x925A,
  0x9A5A, 0x9A5A, 0x9239, 0x9A3A, 0x923A, 0x9239, 0x9219, 0x81D8, 0x81B8, 0x7177, 0x6155, 0x50D3, 0x3850, 0x58B3, 0xD4FD, 0xFFFF,
  0x8DBE, 0xB59D, 0xDE7C, 0xE6BC, 0xEEFD, 0xF73D, 0xFF5D, 0xFF9E, 0xFF9E, 0xF73C, 0xE6DD, 0xDCF0, 0x3000, 0x2000, 0x2800, 0x58C0,
  0xAB42, 0xF5A2, 0xFE83, 0xFEA4, 0xFE8C, 0xFF5A, 0xF7BE, 0xE5AE, 0xE462, 0xDC62, 0xE504, 0xD58F, 0xF7DF, 0xFFFF, 0xCE18, 0x8C71,
  0xFFBE, 0xE75E, 0x565F, 0x1E1F, 0x0DDF, 0x361F, 0xDFBF, 0xFFFF, 0xFFFF, 0xFFFF, 0xFFFF, 0xFFFF, 0xFFFF, 0xFFFF, 0xFFFF, 0xFFFF,
  0xFFFF, 0xFFFF, 0xFFFF, 0xFFFF, 0xFFFF, 0xFFFF, 0xFFFF, 0xFFFF, 0xD75F, 0x0AF9, 0xA4B5, 0xDD74, 0xCCD2, 0xEDD4, 0xFF19, 0xF677,
  0xFE57, 0xF636, 0x5C56, 0x043C, 0x0379, 0x02F8, 0x04DE, 0x04DE, 0x04BD, 0x04BD, 0x045D, 0x0211, 0x28E3, 0x41C6, 0x49E7, 0x49A5,
  0x2A2C, 0x049E, 0x04BE, 0x04DE, 0x0BDB, 0x8DFD, 0x04FE, 0x04FE, 0x04FE, 0x04FE, 0x04DE, 0x04DE, 0x1C1B, 0x8DDC, 0x045C, 0x0357,
  0x18E4, 0x20C2, 0x0842, 0x0045, 0x0801, 0x5121, 0x6980, 0x1841, 0x2926, 0x3146, 0x3146, 0x3146, 0x41A7, 0x49C7, 0x41A6, 0x49C7,
  0x20E3, 0x51A4, 0x8287, 0x7A87, 0x7246, 0x51A5, 0x4185, 0x49A6, 0x2905, 0x92A2, 0x7A85, 0x3965, 0x4185, 0x4185, 0x3145, 0x61C2,
  0x7A43, 0x20E4, 0x20C2, 0x20A2, 0x1861, 0x0000, 0x0000, 0x0000, 0x0102, 0x0184, 0x08E2, 0x2AE7, 0x33E9, 0x4C8A, 0x2B67, 0x6283,
  0xB425, 0xB445, 0xC465, 0x6AC3, 0x0962, 0x0901, 0x0982, 0x32E6, 0x4BAA, 0x6CE6, 0xD6C1, 0x4BA3, 0x3BC9, 0x4BA8, 0x3366, 0x2A23,
  0x72A1, 0x9B62, 0x49A1, 0x0000, 0x0000, 0x0000, 0x0861, 0x10A2, 0x18C3, 0x2104, 0x2925, 0x3145, 0x2104, 0x6AEB, 0x630C, 0xDE9A,
  0xD638, 0xD659, 0xFF9E, 0xFF9D, 0xFFBE, 0x9471, 0x62CB, 0x49E7, 0x39A7, 0xA4B2, 0x3145, 0x3985, 0x3985, 0x3965, 0x3965, 0x2904,
  0x20C3, 0x3145, 0x3965, 0x3124, 0x18A3, 0x2104, 0x2925, 0x20E4, 0x2925, 0x2925, 0x20C4, 0x18A3, 0x0842, 0x1063, 0x20A7, 0x1809,
  0x1825, 0x0003, 0x0806, 0x0001, 0x0001, 0x48D0, 0x6954, 0x6954, 0x7155, 0x7156, 0x7156, 0x7157, 0x7157, 0x7176, 0x7197, 0x7997,
  0x7997, 0x79B6, 0x79B7, 0x7997, 0x7997, 0x7196, 0x7176, 0x6134, 0x50D3, 0x48B2, 0x4071, 0x50B2, 0x8277, 0x7C5D, 0x8DDF, 0xFFFF,
  0xC6FF, 0x7CDD, 0xD61C, 0xDE7C, 0xE6DC, 0xEEFD, 0xF73D, 0xFF5D, 0xF75D, 0xEF1D, 0xE71E, 0xEDD3, 0x6920, 0x3800, 0x6820, 0x4800,
  0x4000, 0x4060, 0x6180, 0xA300, 0xDBE0, 0xECEE, 0xFFDE, 0xFFFF, 0xE6DA, 0xE677, 0xDEBB, 0xEF3D, 0xDE99, 0xBD96, 0xB575, 0xF79E,
  0xFFDF, 0xA6FF, 0x2E3F, 0x1E1F, 0x0DDF, 0x669F, 0xFFFF, 0xFFFF, 0xFFFF, 0xFFFF, 0xFFFF, 0xFFFF, 0xFFFF, 0xFFFF, 0xFFFF, 0xFFFF,
  0xFFFF, 0xFFFF, 0xFFFF, 0xFFFF, 0xFFFF, 0xFFFF, 0xFFFF, 0xFFFF, 0x6D5E, 0x0239, 0x1A74, 0xB472, 0xEDD4, 0xFE97, 0xFF18, 0xFED7,
  0xB4B1, 0x3394, 0x03DB, 0x043B, 0x04BD, 0x02F9, 0x043D, 0x04BD, 0x04DD, 0x047C, 0x03DB, 0x098D, 0x28E3, 0x3986, 0x41C6, 0x3944,
  0x1270, 0x04BF, 0x04BE, 0x04FF, 0x145C, 0xB69D, 0x0CFE, 0x04FE, 0x04FE, 0x051E, 0x051E, 0x051F, 0x0C3C, 0x95BB, 0x0C7C, 0x03FA,
  0x1947, 0x2081, 0x0841, 0x1041, 0x2080, 0x81E1, 0x1861, 0x20C4, 0x3146, 0x3146, 0x3146, 0x3166, 0x41C7, 0x41A6, 0x49C6, 0x4186,
  0x2904, 0x4984, 0x7246, 0x7246, 0x7246, 0x4984, 0x3985, 0x51C6, 0x3946, 0x8262, 0x82C5, 0x3945, 0x4185, 0x4185, 0x3965, 0x4962,
  0x8A83, 0x2924, 0x2903, 0x1881, 0x1040, 0x0000, 0x0840, 0x1880, 0x08E1, 0x0102, 0x22A7, 0x33CA, 0x3BC9, 0x4C29, 0x54EB, 0x32A5,
  0x9B64, 0xBC66, 0xBC66, 0xA3E4, 0x3BC7, 0x3C08, 0x2B26, 0x1A04, 0x636B, 0x11E4, 0x4385, 0x2B06, 0x19E4, 0x3AA6, 0x22E5, 0x2264,
  0x8B23, 0xABC3, 0x9383, 0x1101, 0x0000, 0x0000, 0x0861, 0x10A2, 0x18E3, 0x2104, 0x2924, 0x2925, 0x20E4, 0x3166, 0x2104, 0xB534,
  0xFFDF, 0xFF5D, 0xFF9D, 0xFFBE, 0xFFBE, 0xFFDE, 0xFFBE, 0xF7BE, 0x736D, 0x6AEB, 0x3965, 0x3965, 0x3965, 0x3965, 0x3965, 0x3124,
  0x18C3, 0x3145, 0x3145, 0x2924, 0x18A2, 0x2904, 0x2904, 0x20E4, 0x3145, 0x3125, 0x28E4, 0x20C4, 0x18A4, 0x0822, 0x0001, 0x304E,
  0x3850, 0x2029, 0x1007, 0x0001, 0x0000, 0x40AF, 0x7197, 0x7196, 0x7175, 0x6953, 0x5912, 0x48D0, 0x306B, 0x2047, 0x2067, 0x2869,
  0x306A, 0x308B, 0x38AC, 0x40CE, 0x48D0, 0x5111, 0x5110, 0x40CF, 0x61B2, 0x7A95, 0x9BD9, 0xDE1D, 0xBEDF, 0x65DF, 0x559F, 0xD77F,
  0xFFFF, 0x859F, 0xAD7C, 0xD65C, 0xDE7C, 0xE6BC, 0xEEFD, 0xF73D, 0xEF1D, 0xEF1D, 0xE71E, 0xF696, 0xA260, 0xB8A5, 0xE145, 0xD926,
  0xD906, 0x8060, 0x7240, 0xDDAA, 0xFFBA, 0xF6DA, 0xFF3B, 0xFFDE, 0xFFFF, 0xFFFF, 0xFFFE, 0xF79D, 0xEF5D, 0xF7BE, 0xFFFF, 0xFFBF,
  0xC73F, 0x669F, 0x365F, 0x1E1F, 0x261F, 0x96FF, 0xFFFF, 0xFFFF, 0xFFFF, 0xFFFF, 0xFFFF, 0xEFBF, 0xDF9F, 0xFFFF, 0xFFFF, 0xFFFF,
  0xFFFF, 0xFFFF, 0xFFFF, 0xFFFF, 0xFFFF, 0xFFFF, 0xFFFF, 0xFFFF, 0x341B, 0x0257, 0x0298, 0x09D0, 0x5310, 0x7C33, 0x7C94, 0x5477,
  0x03B8, 0x0359, 0x0399, 0x045C, 0x047C, 0x03DB, 0x03FC, 0x03DB, 0x041B, 0x047C, 0x02D6, 0x10E8, 0x2903, 0x3165, 0x3985, 0x3123,
  0x0AF5, 0x049F, 0x04BE, 0x04FF, 0x141B, 0x8DBC, 0x053F, 0x04FE, 0x04DE, 0x049D, 0x04BE, 0x04FE, 0x043C, 0x3BD8, 0x045B, 0x03FB,
  0x0989, 0x1040, 0x1040, 0x0000, 0x5940, 0x4921, 0x1062, 0x2926, 0x3146, 0x3966, 0x3166, 0x3966, 0x49C7, 0x41A6, 0x41A6, 0x4185,
  0x2903, 0x4143, 0x61E5, 0x6A05, 0x6A05, 0x3944, 0x3986, 0x51C6, 0x3966, 0x7222, 0x8AE4, 0x3145, 0x4185, 0x4185, 0x3965, 0x4122,
  0x92A3, 0x3145, 0x3124, 0x1881, 0x0820, 0x0000, 0x1060, 0x20A0, 0x10C0, 0x09A4, 0x2369, 0x33A9, 0x4409, 0x4C49, 0x4C6A, 0x3367,
  0x72C3, 0xC4A6, 0xC4A6, 0xB424, 0x53A6, 0x3C48, 0x4CA9, 0x2326, 0x63EC, 0x3B47, 0x3346, 0x3346, 0x22A4, 0x4388, 0x5489, 0x33C7,
  0x5A83, 0xABC4, 0xA383, 0x4B25, 0x00A1, 0x0000, 0x0861, 0x10A2, 0x18E3, 0x2104, 0x2924, 0x2104, 0x2104, 0x39A6, 0x2904, 0x2904,
  0xBDB6, 0xFFBE, 0xFF7D, 0xFF9E, 0xFF9E, 0xFF7D, 0xF73C, 0x83EF, 0x2904, 0x3986, 0x3965, 0x3965, 0x3965, 0x3965, 0x3965, 0x3145,
  0x18C3, 0x2924, 0x3124, 0x2904, 0x1082, 0x2904, 0x20C3, 0x2104, 0x3165, 0x2925, 0x2925, 0x2905, 0x20E5, 0x1063, 0x0000, 0x1006,
  0x282D, 0x306E, 0x306D, 0x1005, 0x0802, 0x48B0, 0x7997, 0x89D8, 0x81B8, 0x7996, 0x6934, 0x48B0, 0x1807, 0x0000, 0x0001, 0x0803,
  0x0000, 0x0000, 0x0001, 0x1023, 0x1024, 0x1025, 0x0803, 0x38A7, 0xD579, 0xFFFF, 0xFFFF, 0xFFFF, 0x8E3F, 0x75BF, 0x659F, 0x9E9F,
  0xFFFF, 0xE79F, 0x8D7E, 0xBDBC, 0xD63C, 0xDE7C, 0xE6BC, 0xEEFC, 0xEEFD, 0xEEFD, 0xEF1E, 0xE699, 0xEC62, 0xFAC9, 0xFB4D, 0xFBAB,
  0xFC03, 0xFD43, 0xFF94, 0xFFFF, 0xFFFF, 0xFF9D, 0xFF5D, 0xFF9D, 0xFFBD, 0xFFDE, 0xFFFE, 0xFFFF, 0xFFFF, 0xFFFF, 0xFFFE, 0xFFFF,
  0xFFDF, 0x8EFF, 0x365F, 0x1E3F, 0x3E5F, 0xCF9F, 0xFFFF, 0xFFFF, 0xFFFF, 0xFFFF, 0xC75F, 0x7E5F, 0x7E5F, 0xEFDF, 0xFFFF, 0xFFFF,
  0xFFFF, 0xFFFF, 0xFFFF, 0xFFFF, 0xFFFF, 0xFFFF, 0xFFFF, 0xFFFF, 0x3C3B, 0x0236, 0x0255, 0x0296, 0x0276, 0x02D7, 0x0338, 0x02F7,
  0x02B6, 0x02D6, 0x043B, 0x049D, 0x0399, 0x03FA, 0x045C, 0x03DA, 0x0338, 0x03FB, 0x01D0, 0x18A4, 0x2904, 0x3145, 0x3144, 0x2147,
  0x03BB, 0x047E, 0x04BE, 0x051F, 0x043C, 0x54BB, 0x055F, 0x04FF, 0x14FD, 0x7E3D, 0x9E9E, 0x4DBD, 0x047D, 0x1BD9, 0x045C, 0x03FB,
  0x01AB, 0x0820, 0x1061, 0x1020, 0x6140, 0x2080, 0x20E4, 0x2946, 0x3146, 0x3986, 0x3166, 0x3145, 0x49C7, 0x4185, 0x3124, 0x41A6,
  0x20C2, 0x3903, 0x59A4, 0x61E5, 0x59A4, 0x3103, 0x3965, 0x49C6, 0x3986, 0x69E2, 0x9304, 0x3145, 0x4185, 0x4185, 0x4185, 0x3923,
  0x9AC2, 0x3965, 0x3124, 0x1082, 0x0000, 0x0000, 0x28E0, 0x3140, 0x1060, 0x0A05, 0x2BC9, 0x33A9, 0x3BC9, 0x548A, 0x4C49, 0x33E8,
  0x5AE4, 0xC465, 0xBC86, 0xBC25, 0x63A6, 0x4469, 0x54C9, 0x2BC7, 0x53AB, 0x5C6B, 0x3BC8, 0x4C28, 0x4C68, 0x3367, 0x5C6A, 0x43E8,
  0x42A4, 0xA383, 0xA363, 0x6344, 0x1AC5, 0x0000, 0x0040, 0x1082, 0x18C3, 0x2104, 0x2104, 0x2925, 0x2104, 0x2924, 0x3165, 0x20E3,
  0x7BAE, 0xFFFF, 0xFF5C, 0xFF5C, 0xFF9D, 0xF79E, 0x62CB, 0x2904, 0x2924, 0x41A6, 0x3965, 0x3965, 0x3965, 0x3965, 0x3145, 0x3945,
  0x18A2, 0x20E3, 0x2904, 0x20C3, 0x0841, 0x18C3, 0x10A3, 0x2905, 0x3145, 0x3125, 0x3125, 0x3125, 0x2905, 0x18A5, 0x0021, 0x0000,
  0x1027, 0x286A, 0x2049, 0x284B, 0x284A, 0x50F2, 0x8198, 0x9A3B, 0xA25B, 0x91F9, 0x81B7, 0x6133, 0x388C, 0x3069, 0x40CC, 0x592F,
  0x614F, 0x7191, 0x69AF, 0x596C, 0x490C, 0x38AA, 0x2869, 0x3048, 0xBCF7, 0xFFFF, 0xFFDF, 0xEF9F, 0x6DDF, 0x75DF, 0x6DBF, 0x6DDF,
  0xEFBF, 0xFFFF, 0xDF7F, 0x8D7D, 0xB59B, 0xCE1B, 0xDE5B, 0xE6BC, 0xE6DC, 0xE6DD, 0xE6DC, 0xDE7C, 0xED09, 0xFD21, 0xFD63, 0xFD82,
  0xFE4A, 0xFFBB, 0xFFFF, 0xFFDE, 0xFFDE, 0xFFBE, 0xFF7D, 0xFF7D, 0xFF9D, 0xFFBE, 0xFFDE, 0xFFDE, 0xFFDE, 0xFFFE, 0xFFFE, 0xFFFE,
  0xFFFF, 0xB71F, 0x3E7F, 0x263F, 0x3E5F, 0xDF9F, 0xFFFF, 0xFFFF, 0xFFFF, 0xA6FF, 0x763F, 0x8E5F, 0x7E5F, 0xE7BF, 0xFFFF, 0xFFFF,
  0xFFFF, 0xFFFF, 0xFFFF, 0xFFFF, 0xFFFF, 0xFFFF, 0xFFFF, 0xFFFF, 0x3C7C, 0x0277, 0x0275, 0x0255, 0x0254, 0x0253, 0x0274, 0x02B5,
  0x0357, 0x045B, 0x045B, 0x045C, 0x03BA, 0x039A, 0x041B, 0x03FA, 0x0296, 0x02B6, 0x00EA, 0x18A2, 0x2904, 0x3145, 0x30E3, 0x11CD,
  0x03FD, 0x045D, 0x04BE, 0x04FF, 0x045D, 0x1C3B, 0x053F, 0x255F, 0xDF7E, 0xFFFE, 0xFFFE, 0xFFFF, 0x559D, 0x03FC, 0x045C, 0x03FB,
  0x01CC, 0x0800, 0x0841, 0x30A0, 0x38A0, 0x0841, 0x3146, 0x3146, 0x3966, 0x3986, 0x3965, 0x3125, 0x41A6, 0x41A6, 0x2903, 0x4185,
  0x1882, 0x30E2, 0x5184, 0x59C4, 0x4963, 0x28E3, 0x3986, 0x49A6, 0x3966, 0x61C2, 0x9B03, 0x3125, 0x4185, 0x4165, 0x4186, 0x3944,
  0x9AC2, 0x3964, 0x3124, 0x1882, 0x0000, 0x1060, 0x3100, 0x3940, 0x1081, 0x1246, 0x33C9, 0x3BEA, 0x33A9, 0x444A, 0x548A, 0x4469,
  0x4AE4, 0xABA3, 0xB425, 0xABE4, 0x6365, 0x4469, 0x4CA9, 0x3C68, 0x4BAA, 0x64AC, 0x4429, 0x4C49, 0x4C68, 0x3367, 0x542A, 0x4428,
  0x3B26, 0x82E2, 0xA363, 0x7344, 0x3448, 0x1122, 0x0000, 0x0881, 0x10A2, 0x18E3, 0x2104, 0x2945, 0x2104, 0x2904, 0x3145, 0x2904,
  0xB555, 0xFFDE, 0xFFDE, 0xFFDE, 0xFFBE, 0xFF9E, 0x5A8A, 0x3986, 0x2924, 0x2924, 0x3965, 0x3965, 0x3965, 0x3965, 0x3145, 0x3965,
  0x20E3, 0x18A2, 0x20E3, 0x18A2, 0x0841, 0x10A3, 0x18C3, 0x3125, 0x2924, 0x3145, 0x3145, 0x3125, 0x2905, 0x20C6, 0x0843, 0x1008,
  0x3815, 0x6993, 0x61B0, 0x386C, 0x286C, 0x50F2, 0x99DA, 0xB27D, 0xCB1E, 0xC2FE, 0x89B7, 0x510F, 0x40ED, 0x594E, 0x490B, 0x410A,
  0x616E, 0x7976, 0x614E, 0x38C8, 0x30A8, 0x2887, 0x2047, 0x412A, 0xE6FC, 0xFFFF, 0xFFFF, 0xE77F, 0x6DBF, 0x75DF, 0x75DF, 0x555F,
  0xBEFF, 0xFFFF, 0xFFFF, 0xDF7F, 0x855D, 0xA53B, 0xCDFB, 0xDE7B, 0xDE9C, 0xE6BC, 0xE6BC, 0xE6BC, 0xDE39, 0xE52D, 0xED6D, 0xFEB8,
  0xFFBF, 0xFFDE, 0xFFDE, 0xFFDE, 0xFFBE, 0xFF9D, 0xFF7D, 0xFF5D, 0xFF7D, 0xFF9D, 0xFF9D, 0xFFBD, 0xFFBE, 0xFFBE, 0xFFBE, 0xFFBE,
  0xFFDE, 0xC71F, 0x365F, 0x1E3F, 0x3E3F, 0xC75F, 0xFFFF, 0xF7FF, 0x9EBF, 0x761F, 0x8E5F, 0x865F, 0x8E7F, 0xFFFF, 0xFFFF, 0xFFFF,
  0xFFFF, 0xFFFF, 0xFFFF, 0xFFFF, 0xFFFF, 0xFFFF, 0xFFFF, 0xFFFF, 0x2C1C, 0x02D8, 0x02D7, 0x02F8, 0x0339, 0x0359, 0x0399, 0x043B,
  0x045B, 0x0398, 0x0357, 0x041A, 0x03BA, 0x03BA, 0x043B, 0x041B, 0x02B6, 0x018F, 0x08A5, 0x20C3, 0x2104, 0x2924, 0x20E4, 0x02D6,
  0x041D, 0x043D, 0x049E, 0x04DE, 0x04DE, 0x047D, 0x047D, 0x9EBF, 0xFFFF, 0xF79E, 0xFF9E, 0xFFDE, 0xC6FD, 0x4D5D, 0x0C5B, 0x041C,
  0x020E, 0x0800, 0x0021, 0x40C0, 0x2860, 0x1083, 0x3146, 0x3146, 0x3966, 0x4186, 0x3986, 0x3125, 0x3966, 0x41A6, 0x20C3, 0x3144,
  0x1061, 0x30E2, 0x5184, 0x59A4, 0x4122, 0x20E3, 0x3966, 0x41A6, 0x3966, 0x59A2, 0xA344, 0x3946, 0x4185, 0x4185, 0x41A6, 0x3965,
  0x9AC2, 0x3944, 0x2904, 0x1082, 0x1060, 0x20E0, 0x3940, 0x3100, 0x0902, 0x12C8, 0x3BE9, 0x4C6A, 0x3C09, 0x3C09, 0x54AA, 0x4489,
  0x3A84, 0x8B22, 0xA3E4, 0xABA3, 0x6345, 0x4489, 0x54A9, 0x4C89, 0x3B08, 0x5C4C, 0x3C48, 0x4C69, 0x4C89, 0x3347, 0x642C, 0x4408,
  0x3346, 0x6282, 0xAB82, 0x7384, 0x3428, 0x2AC5, 0x0000, 0x0061, 0x10A2, 0x18E3, 0x2104, 0x2924, 0x2924, 0x2925, 0x2104, 0x39A7,
  0xFF7D, 0xEEFB, 0x8C30, 0x83CF, 0xEF3C, 0xFFFF, 0x7BAE, 0x2904, 0x3985, 0x3145, 0x3165, 0x3165, 0x3965, 0x3965, 0x3145, 0x3945,
  0x3144, 0x1882, 0x18A2, 0x1081, 0x0841, 0x0862, 0x2104, 0x3145, 0x3145, 0x3146, 0x3146, 0x3146, 0x3126, 0x28E7, 0x0844, 0x28B1,
  0x69DF, 0x79D9, 0x8AF3, 0x58F0, 0x1849, 0x284C, 0x89D7, 0xE37F, 0xC33D, 0x7195, 0x388D, 0x38CC, 0x69D4, 0xBB3A, 0xBAB8, 0x696F,
  0x40E9, 0x388A, 0x3088, 0x30E6, 0x38C7, 0x30C9, 0x490C, 0x71ED, 0xF6FD, 0xFFFF, 0xFFFF, 0xE79F, 0x7DDF, 0x7DFF, 0x75BF, 0x553F,
  0x7DFF, 0xFFFF, 0xFFFF, 0xFFFF, 0xEFBF, 0xA5FE, 0x951B, 0xBDBA, 0xCE1A, 0xD65B, 0xDE7C, 0xE69B, 0xE6BB, 0xE6DC, 0xF73D, 0xFF9E,
  0xFF7D, 0xFF9D, 0xFF9D, 0xFF7D, 0xFF7D, 0xFF5D, 0xFF5C, 0xF73D, 0xF75C, 0xFF5C, 0xFF5C, 0xFF7C, 0xFF7D, 0xFF7D, 0xFF9D, 0xFF9D,
  0xFF9E, 0xBEFF, 0x2E1F, 0x0DDF, 0x25FF, 0xD79F, 0xF7DF, 0x8E7F, 0x863F, 0x967F, 0x8E7F, 0x7E1F, 0xAEFF, 0xFFFF, 0xFFFF, 0xFFFF,
  0xFFFF, 0xFFFF, 0xFFFF, 0xFFFF, 0xFFFF, 0xFFFF, 0xFFFF, 0xFFFF, 0x4C9C, 0x02F9, 0x0317, 0x02D6, 0x02F6, 0x0317, 0x0316, 0x0316,
  0x02F6, 0x0316, 0x03DA, 0x0378, 0x0399, 0x0399, 0x03BA, 0x0294, 0x014E, 0x00EB, 0x1083, 0x20E3, 0x2924, 0x20C2, 0x118B, 0x037C,
  0x041D, 0x045E, 0x047D, 0x04BE, 0x04BE, 0x65DD, 0x9E7D, 0xDF5E, 0xFFDE, 0xFFBE, 0xFFBE, 0xFF9D, 0xFF9D, 0xFFFE, 0x7DDC, 0x03DB,
  0x022F, 0x0000, 0x0841, 0x5120, 0x1860, 0x18C4, 0x2926, 0x3125, 0x3145, 0x41A6, 0x49C7, 0x3965, 0x2924, 0x3965, 0x1882, 0x2924,
  0x1861, 0x4123, 0x5184, 0x4943, 0x20A1, 0x2904, 0x3966, 0x4186, 0x3966, 0x51A2, 0xAB84, 0x3966, 0x41A5, 0x3985, 0x4185, 0x3144,
  0xA2C2, 0x4983, 0x20E3, 0x1061, 0x0840, 0x20E0, 0x3960, 0x28C0, 0x09A4, 0x1B08, 0x3BE9, 0x4C8A, 0x4C6A, 0x3BC9, 0x4449, 0x4469,
  0x2A43, 0x7281, 0x9BA3, 0x9B82, 0x5324, 0x3C89, 0x3B27, 0x62C7, 0x93EC, 0x942D, 0x8C2C, 0x842B, 0x7C0B, 0x6349, 0x7B8B, 0x6B69,
  0x5B28, 0x7AE6, 0x92C2, 0x5AC2, 0x33C8, 0x3BA7, 0x0902, 0x0000, 0x10A2, 0x18C3, 0x2104, 0x2104, 0x2124, 0x2945, 0x20E3, 0x62CB,
  0xA4F3, 0x3986, 0x2104, 0x2904, 0x41C7, 0xC5F7, 0xB575, 0x28E3, 0x3985, 0x3165, 0x3165, 0x3965, 0x3965, 0x3965, 0x3145, 0x3144,
  0x3144, 0x18A2, 0x1061, 0x1061, 0x0000, 0x0862, 0x2104, 0x3145, 0x3145, 0x3125, 0x2925, 0x2905, 0x2905, 0x3107, 0x1064, 0x188E,
  0x61FF, 0x5057, 0x40AE, 0x304D, 0x1828, 0x1008, 0x4910, 0xAAB9, 0x48D1, 0x286D, 0x288C, 0x40EF, 0x915D, 0xE4FF, 0xBBFD, 0x69B3,
  0x490C, 0x512E, 0x7210, 0x7A8D, 0x6990, 0x6151, 0x5950, 0x612E, 0xBBD6, 0xAEBF, 0xBF1F, 0xFFFF, 0x7DFF, 0x6D9F, 0x6D9F, 0x5D5F,
  0x4D5F, 0xE79F, 0xFFFF, 0xFFFF, 0xFFFF, 0xFFFF, 0xDF5F, 0xA5BD, 0xAD7B, 0xCDDA, 0xD61A, 0xDE5B, 0xE67B, 0xEEBB, 0xEEDB, 0xF6FB,
  0xF71C, 0xF73C, 0xF73C, 0xF71C, 0xF71C, 0xF71C, 0xF71C, 0xEF1C, 0xEF1C, 0xF71C, 0xF71B, 0xFF1B, 0xFF3C, 0xFF5C, 0xFF5C, 0xFF5D,
  0xF73E, 0x863F, 0x15BF, 0x057F, 0x051E, 0xA6FF, 0x8E7F, 0x7E3F, 0x967F, 0x967F, 0x8E5F, 0x761F, 0xE79F, 0xFFFF, 0xFFFF, 0xFFFF,
  0xFFFF, 0xFFFF, 0xFFFF, 0xFFFF, 0xFFFF, 0xFFFF, 0xFFFF, 0xFFFF, 0xA65D, 0x02B7, 0x0337, 0x02F6, 0x02B4, 0x0293, 0x0293, 0x02B4,
  0x0337, 0x03B9, 0x03DA, 0x03B9, 0x03B9, 0x0337, 0x01CD, 0x00C9, 0x014F, 0x010A, 0x18A2, 0x2945, 0x2903, 0x10C4, 0x0339, 0x03BC,
  0x03FD, 0x045D, 0x049E, 0x047D, 0x65DE, 0xFFFF, 0xFFDE, 0xFFBE, 0xFFBE, 0xFFBE, 0xFFBE, 0xFFBE, 0xFF9D, 0xFF9D, 0xBE9C, 0x03BA,
  0x020F, 0x0800, 0x18A2, 0x4900, 0x1062, 0x2106, 0x3146, 0x3986, 0x41A7, 0x41C7, 0x49E7, 0x49E7, 0x3945, 0x3965, 0x28E3, 0x20C2,
  0x1861, 0x4143, 0x4963, 0x28C1, 0x1082, 0x3966, 0x3966, 0x4186, 0x3966, 0x5182, 0xB343, 0x3966, 0x4185, 0x3965, 0x4185, 0x2904,
  0x9262, 0x51A4, 0x20E4, 0x1881, 0x1860, 0x1880, 0x2900, 0x20A0, 0x1206, 0x1B28, 0x2B89, 0x444A, 0x54AA, 0x4C49, 0x3BC8, 0x4449,
  0x32C4, 0x7261, 0x9B83, 0x8B02, 0x3AA4, 0x33E8, 0x2163, 0x932A, 0xE5D3, 0xFF7B, 0xFFDC, 0xFFBB, 0xFFBB, 0xFFBB, 0xFF79, 0xFF79,
  0xFF9A, 0xFFBC, 0xCDB3, 0x52E5, 0x3387, 0x43E8, 0x2AE6, 0x0020, 0x0882, 0x10C3, 0x18E3, 0x2104, 0x2104, 0x2924, 0x2945, 0x3165,
  0x20E4, 0x3145, 0x3165, 0x3165, 0x2924, 0x3145, 0x62CB, 0x3986, 0x3165, 0x3165, 0x3965, 0x3965, 0x3965, 0x3965, 0x3145, 0x3124,
  0x3124, 0x20E3, 0x0841, 0x1061, 0x0000, 0x18A3, 0x20E4, 0x1083, 0x0862, 0x1082, 0x18A3, 0x18C3, 0x20E4, 0x3126, 0x20C6, 0x0003,
  0x100C, 0x3833, 0x3090, 0x208D, 0x1028, 0x204B, 0x4110, 0x40F1, 0x308D, 0x182A, 0x204E, 0x3872, 0x70DA, 0x893B, 0xAD3F, 0x83FB,
  0x304A, 0x40EC, 0x516B, 0x4948, 0x38A9, 0x2047, 0x1825, 0x1005, 0x596D, 0x7D5E, 0x65DF, 0xCF3F, 0x8E3F, 0x5D3F, 0x657F, 0x5D5F,
  0x2CDF, 0x763F, 0xFFFF, 0xFFFF, 0xFFFF, 0xF7FF, 0xB65D, 0x6457, 0x32B3, 0x8CB8, 0xCDFA, 0xD61A, 0xD63A, 0xDE3A, 0xDE5A, 0xE69A,
  0xE69A, 0xE69A, 0xE69A, 0xE69A, 0xE6BA, 0xE69A, 0xE6BB, 0xE6BB, 0xE6BB, 0xE6BB, 0xEEBB, 0xEEDB, 0xEEDB, 0xEEFB, 0xEEDB, 0xE6DC,
  0xB67E, 0x2D5F, 0x053F, 0x157F, 0x65BF, 0x6DFF, 0x7E3F, 0x967F, 0x8E5F, 0x967F, 0x7E3F, 0xA6DF, 0xFFFF, 0xFFFF, 0xF7FF, 0xFFFF,
  0xFFFF, 0xFFFF, 0xFFFF, 0xFFFF, 0xFFFF, 0xFFFF, 0xFFFF, 0xFFFF, 0xF7FF, 0x3C39, 0x02B6, 0x0316, 0x02D4, 0x02B4, 0x02B5, 0x0317,
  0x0357, 0x0358, 0x03B9, 0x041B, 0x0337, 0x016A, 0x0000, 0x010A, 0x01D2, 0x08A5, 0x1882, 0x20E3, 0x28E3, 0x0253, 0x043E, 0x045D,
  0x045D, 0x045D, 0x049D, 0x045D, 0xAEBE, 0xFFFF, 0xF79E, 0xFFBE, 0xFFBE, 0xFFBE, 0xFFBE, 0xFFDE, 0xFFBD, 0xFFDD, 0x9DFB, 0x039A,
  0x0271, 0x18A4, 0x28A2, 0x2880, 0x0883, 0x3167, 0x3987, 0x3986, 0x3165, 0x3124, 0x3124, 0x3965, 0x49C6, 0x51E7, 0x4185, 0x1041,
  0x1881, 0x3123, 0x4963, 0x3923, 0x20C3, 0x3965, 0x3965, 0x3986, 0x41A6, 0x4143, 0x7264, 0x3986, 0x41A6, 0x4185, 0x4185, 0x2924,
  0x61A2, 0x4984, 0x2104, 0x1061, 0x0840, 0x18A0, 0x28E0, 0x1080, 0x1247, 0x2349, 0x33E9, 0x3409, 0x444A, 0x54AA, 0x548A, 0x4449,
  0x3B45, 0x6A20, 0x82E2, 0x5A01, 0x1A65, 0x1AA6, 0x2123, 0xD531, 0xDD92, 0x72EA, 0x8B6B, 0x836B, 0x836B, 0x8BAC, 0x93ED, 0x9C4E,
  0xA48F, 0xAC8F, 0xB4D1, 0x836B, 0x42E6, 0x4408, 0x4449, 0x1142, 0x0020, 0x10A2, 0x18C3, 0x2104, 0x2924, 0x2924, 0x2945, 0x2945,
  0x3145, 0x3145, 0x3145, 0x3145, 0x3166, 0x3966, 0x3124, 0x3965, 0x3965, 0x3165, 0x3965, 0x3965, 0x3965, 0x3165, 0x3144, 0x3124,
  0x2904, 0x2903, 0x1081, 0x0820, 0x0021, 0x10A3, 0x1082, 0x1083, 0x20E4, 0x2904, 0x2925, 0x3966, 0x3966, 0x3146, 0x2907, 0x0843,
  0x0000, 0x0807, 0x086E, 0x110D, 0x39D2, 0x3050, 0x4933, 0x4913, 0x304F, 0x3930, 0x3132, 0x2832, 0x5899, 0x58B3, 0x59B6, 0x4952,
  0x2046, 0x1843, 0x1022, 0x1846, 0x40CD, 0x48EE, 0x490D, 0x1864, 0x2087, 0x8DBE, 0x7E3F, 0x75DF, 0x861F, 0x553F, 0x5D3F, 0x4D1F,
  0x0C9F, 0x049F, 0xCF7F, 0xFFFF, 0xD73F, 0x3357, 0x00AD, 0x0028, 0x0005, 0x110A, 0x8C77, 0xC5D9, 0xCDD9, 0xD619, 0xD619, 0xD619,
  0xD639, 0xD639, 0xD619, 0xD619, 0xD639, 0xD639, 0xD639, 0xD63A, 0xD63A, 0xD63A, 0xD63A, 0xD65A, 0xDE5A, 0xDE5B, 0xD63B, 0xADFD,
  0x453F, 0x04BF, 0x049F, 0x5DBF, 0x7DFF, 0x75FF, 0x8E5F, 0x8E5F, 0x967F, 0x865F, 0x969F, 0xFFFF, 0xD79F, 0x969F, 0x865F, 0xE7BF,
  0xFFFF, 0xFFFF, 0xFFFF, 0xFFFF, 0xFFFF, 0xFFFF, 0xFFFF, 0xFFFF, 0xFFFF, 0xEF9F, 0x3C59, 0x0294, 0x0294, 0x0294, 0x0293, 0x02B4,
  0x02F6, 0x02F5, 0x0315, 0x0250, 0x0084, 0x0000, 0x0000, 0x018E, 0x016E, 0x0820, 0x1082, 0x18A1, 0x094B, 0x02D9, 0x039C, 0x047E,
  0x049E, 0x047E, 0x049E, 0x049E, 0x4D7D, 0xFFBE, 0xFFDE, 0xFFFE, 0xFFDE, 0xFFDE, 0xF7BE, 0xE77E, 0xDF3D, 0xBEDD, 0x247A, 0x0399,
  0x0A72, 0x10A5, 0x48C0, 0x2040, 0x1906, 0x3166, 0x3965, 0x28E3, 0x1881, 0x0841, 0x0820, 0x1061, 0x20C3, 0x3965, 0x4185, 0x0820,
  0x2081, 0x1861, 0x30E2, 0x28C2, 0x2104, 0x2925, 0x3145, 0x3985, 0x41A6, 0x3964, 0x6A24, 0x3965, 0x4185, 0x4185, 0x4185, 0x3965,
  0x51A3, 0x4164, 0x20E4, 0x0841, 0x0820, 0x20C0, 0x28E0, 0x18C1, 0x1AA8, 0x2349, 0x3C0A, 0x3C09, 0x3C29, 0x4C69, 0x4C89, 0x4469,
  0x3325, 0x51C0, 0x6201, 0x2941, 0x12C6, 0x01E4, 0x4185, 0xEDF3, 0xCD52, 0x4185, 0x4165, 0x4965, 0x4164, 0x4144, 0x4144, 0x4144,
  0x4164, 0x4124, 0x4124, 0x4964, 0x4246, 0x43E8, 0x4428, 0x2AE5, 0x0020, 0x0882, 0x18E3, 0x2124, 0x2925, 0x2925, 0x2925, 0x2945,
  0x2945, 0x3145, 0x3145, 0x3145, 0x3145, 0x3165, 0x3965, 0x3165, 0x3965, 0x3965, 0x3965, 0x3965, 0x3165, 0x3965, 0x3145, 0x3124,
  0x2924, 0x2903, 0x18A2, 0x0000, 0x0020, 0x0841, 0x10A2, 0x20E4, 0x18A3, 0x18A3, 0x18C3, 0x2905, 0x3146, 0x3946, 0x3126, 0x18A6,
  0x0002, 0x0003, 0x1008, 0x100C, 0x5A98, 0x4938, 0x69FA, 0x50B7, 0x5175, 0x51F5, 0x0025, 0x100A, 0x3054, 0x306F, 0x1807, 0x1824,
  0x30A5, 0x4947, 0x490D, 0x6152, 0x6152, 0x6152, 0x6974, 0x8A13, 0x93F4, 0x8E5F, 0x7DFF, 0x75BF, 0x5D5F, 0x553F, 0x5D3F, 0x3CDF,
  0x045F, 0x03FF, 0x5DDF, 0xFFFF, 0x33DB, 0x0132, 0x0067, 0x0067, 0x00CB, 0x0027, 0x426F, 0xBD9A, 0xBD98, 0xCDB8, 0xCDD8, 0xCDB8,
  0xC5B8, 0xC5B8, 0xC598, 0xC598, 0xC5B9, 0xC599, 0xC599, 0xC5B9, 0xC5B9, 0xC5B9, 0xC5D9, 0xC5FA, 0xBDBA, 0x957C, 0x5CFD, 0x145E,
  0x03FE, 0x0C9F, 0x5DBF, 0x5D7F, 0x65BF, 0x863F, 0x8E5F, 0x8E5F, 0x7E3F, 0x865F, 0xDF9F, 0xB6FF, 0x763F, 0x7E1F, 0x761F, 0xDF7F,
  0xFFFF, 0xFFFF, 0xFFFF, 0xFFFF, 0xFFFF, 0xFFFF, 0xFFFF, 0xFFFF, 0xFFFF, 0xFFFF, 0xFFFF, 0x9E1C, 0x4C78, 0x2375, 0x1314, 0x12F3,
  0x0A72, 0x09CD, 0x08C5, 0x0000, 0x0000, 0x0020, 0x0000, 0x018D, 0x10C5, 0x0841, 0x1061, 0x0929, 0x0319, 0x02B8, 0x035B, 0x041D,
  0x047E, 0x049E, 0x04BE, 0x04DE, 0x047D, 0x2D1D, 0x5D9D, 0x4D9E, 0x3D7E, 0x2D7E, 0x253E, 0x14DC, 0x0C9C, 0x043C, 0x041B, 0x03B9,
  0x0210, 0x0821, 0x38A0, 0x1882, 0x2127, 0x2105, 0x3145, 0x3986, 0x4186, 0x3985, 0x4185, 0x3124, 0x20C2, 0x1881, 0x1881, 0x0820,
  0x2081, 0x4123, 0x2081, 0x0841, 0x20E4, 0x2924, 0x3145, 0x3985, 0x4185, 0x3124, 0x3944, 0x4185, 0x4185, 0x4185, 0x4185, 0x4185,
  0x3145, 0x2924, 0x20E3, 0x0020, 0x0820, 0x18C0, 0x28C0, 0x1942, 0x1B09, 0x2348, 0x33A9, 0x33E9, 0x4449, 0x5489, 0x548A, 0x4C69,
  0x3BA6, 0x41C1, 0x51A0, 0x1A03, 0x1306, 0x01A3, 0x6267, 0xFE75, 0xAC4E, 0x3964, 0x51C6, 0x51C6, 0x51E6, 0x51E6, 0x51E6, 0x51C5,
  0x49A5, 0x49C5, 0x49C5, 0x51A5, 0x42E6, 0x4428, 0x4C08, 0x43E8, 0x1142, 0x0041, 0x18E3, 0x2104, 0x2925, 0x2945, 0x2925, 0x2925,
  0x3145, 0x3145, 0x3145, 0x3145, 0x3145, 0x3165, 0x3965, 0x3165, 0x3165, 0x3965, 0x3165, 0x3165, 0x3965, 0x3965, 0x3145, 0x3124,
  0x3124, 0x2903, 0x18A2, 0x0000, 0x0000, 0x1082, 0x20E4, 0x20E4, 0x2925, 0x3966, 0x3966, 0x3145, 0x3125, 0x3146, 0x3147, 0x28C7,
  0x0804, 0x182B, 0x3071, 0x3836, 0x489A, 0x723E, 0x8B5F, 0x617C, 0x6217, 0x3050, 0x180B, 0x1828, 0x1006, 0x1005, 0x1043, 0x30C6,
  0x5989, 0x516A, 0x6173, 0x6994, 0x6152, 0x6993, 0x6172, 0x6132, 0xC419, 0x863F, 0x75DF, 0x7DDF, 0x659F, 0x44FF, 0x2CBF, 0x1C9F,
  0x041F, 0x03BF, 0x0C1E, 0x65BE, 0x0279, 0x0216, 0x00AA, 0x0151, 0x00ED, 0x0004, 0x4A8F, 0xCE1C, 0xC5D9, 0xC5B8, 0xBD77, 0xB536,
  0x9CB5, 0x8413, 0x73B2, 0x5B51, 0x5311, 0x5B51, 0x6BD4, 0x7457, 0x7499, 0x6C58, 0x5419, 0x443B, 0x2BDB, 0x035B, 0x035C, 0x0BFE,
  0x555E, 0x44DD, 0x3D1F, 0x559F, 0x6DDF, 0x863F, 0x8E5F, 0x8E5F, 0x863F, 0x9EBF, 0x865F, 0x7E3F, 0x967F, 0x863F, 0x8E7F, 0xFFFF,
  0xFFFF, 0xFFFF, 0xFFFF, 0xFFFF, 0xFFFF, 0xFFFF, 0xFFFF, 0xFFFF, 0xFFFF, 0xFFFF, 0xFFFF, 0xFFFF, 0xFFFF, 0xEFBF, 0xEF9F, 0xAD98,
  0x2948, 0x20E4, 0x1082, 0x0862, 0x0021, 0x0000, 0x0000, 0x10C4, 0x18C3, 0x18A2, 0x08C7, 0x0339, 0x03FC, 0x035A, 0x033A, 0x03BC,
  0x043D, 0x04BE, 0x04BE, 0x04DE, 0x04DE, 0x049E, 0x047E, 0x04BE, 0x04DE, 0x04DE, 0x04BE, 0x04BE, 0x049D, 0x047C, 0x041B, 0x0399,
  0x0230, 0x2060, 0x1020, 0x10A4, 0x2126, 0x2925, 0x2904, 0x20E3, 0x20E3, 0x2904, 0x3965, 0x41A6, 0x3144, 0x3965, 0x18A2, 0x0820,
  0x1860, 0x1861, 0x20E3, 0x20C3, 0x18A3, 0x2904, 0x3945, 0x3986, 0x4185, 0x4186, 0x4186, 0x4185, 0x4185, 0x4185, 0x4185, 0x3965,
  0x3145, 0x2904, 0x18A2, 0x0820, 0x0860, 0x20C0, 0x28C0, 0x1963, 0x1AE8, 0x2348, 0x33A9, 0x3BEA, 0x444A, 0x4449, 0x3BE8, 0x3B87,
  0x33C7, 0x3A23, 0x3980, 0x0AA5, 0x1285, 0x0102, 0x7B0A, 0xFE95, 0x93AC, 0x3964, 0x51E6, 0x51C6, 0x51C6, 0x51C6, 0x51C6, 0x49A5,
  0x49A5, 0x49A5, 0x49A5, 0x49C5, 0x2B06, 0x3366, 0x3326, 0x3387, 0x2B06, 0x0061, 0x10C2, 0x18E3, 0x2104, 0x2104, 0x2104, 0x2104,
  0x2924, 0x2924, 0x2924, 0x2924, 0x2924, 0x2924, 0x2924, 0x3145, 0x2924, 0x3145, 0x3145, 0x3165, 0x3965, 0x3985, 0x3965, 0x3124,
  0x2904, 0x28E3, 0x18A2, 0x0000, 0x0841, 0x18C4, 0x20E4, 0x2905, 0x3146, 0x3146, 0x3987, 0x41A7, 0x3987, 0x3946, 0x3127, 0x28C8,
  0x1006, 0x3870, 0x4896, 0x505C, 0x81BF, 0x8A7F, 0x92BF, 0x9A7F, 0x60BA, 0x50B7, 0x4092, 0x48D0, 0x40CE, 0x40EB, 0x598C, 0x69EC,
  0x5168, 0x410B, 0x6154, 0x6974, 0x71B5, 0x7193, 0x6993, 0x6151, 0x6911, 0xA47C, 0x7E3F, 0x75BF, 0x657F, 0x44FF, 0x043F, 0x03FF,
  0x03BE, 0x039E, 0x039E, 0x031B, 0x0217, 0x0278, 0x01F5, 0x01D5, 0x00EC, 0x2149, 0x8477, 0xCE3C, 0xD65B, 0xDE5A, 0xCDD9, 0xB537,
  0x9C74, 0x6B2F, 0x2147, 0x0022, 0x0064, 0x00C8, 0x012C, 0x014D, 0x010B, 0x09EF, 0x54DB, 0x54FD, 0x5D1D, 0x757C, 0xA67E, 0xD73F,
  0x64BC, 0x039E, 0x14FF, 0x659F, 0x75DF, 0x863F, 0x8E5F, 0x65BF, 0x7E1F, 0x7E3F, 0x863F, 0x8E5F, 0x8E7F, 0x761F, 0xCF5F, 0xFFFF,
  0xFFFF, 0xFFFF, 0xFFFF, 0xFFFF, 0xFFFF, 0xFFFF, 0xFFFF, 0xFFFF, 0xFFFF, 0xFFFF, 0xFFFF, 0xFFFF, 0xFFFF, 0xFFDF, 0xFFFF, 0x9494,
  0x20E6, 0x2105, 0x18C4, 0x1082, 0x0821, 0x0000, 0x18A3, 0x2105, 0x18C3, 0x0884, 0x0276, 0x03FD, 0x047D, 0x045D, 0x03DC, 0x03DC,
  0x043D, 0x041C, 0x045D, 0x047D, 0x047D, 0x047D, 0x049D, 0x049D, 0x049D, 0x049D, 0x049D, 0x049D, 0x047C, 0x045C, 0x03DA, 0x0337,
  0x0231, 0x30A1, 0x0800, 0x1083, 0x2105, 0x2104, 0x20E4, 0x2904, 0x3145, 0x41A6, 0x39A6, 0x41C7, 0x49E7, 0x3965, 0x3124, 0x20A2,
  0x1840, 0x1861, 0x3145, 0x3124, 0x18A3, 0x2904, 0x3965, 0x3965, 0x3965, 0x3965, 0x3965, 0x3965, 0x3965, 0x3965, 0x3144, 0x3124,
  0x3124, 0x20E3, 0x18C2, 0x0020, 0x1060, 0x2100, 0x20A0, 0x1163, 0x1287, 0x2349, 0x2BCA, 0x2347, 0x3B64, 0x6C63, 0x8D22, 0x9D42,
  0x7CC2, 0x3AE2, 0x0162, 0x0AC5, 0x0A04, 0x00A1, 0x9BCB, 0xFE75, 0x7B2A, 0x49A5, 0x51E6, 0x51C5, 0x51C5, 0x51C5, 0x51C5, 0x51C5,
  0x49A5, 0x49C5, 0x51C5, 0x49C4, 0x5BA1, 0x9D40, 0xB5C0, 0x8CE0, 0x2262, 0x00A1, 0x2104, 0x2944, 0x2104, 0x2924, 0x3145, 0x3165,
  0x3165, 0x3165, 0x3165, 0x3145, 0x3145, 0x3145, 0x3145, 0x3145, 0x3145, 0x3124, 0x3144, 0x3145, 0x3145, 0x3145, 0x3124, 0x2904,
  0x2904, 0x2903, 0x18A2, 0x0841, 0x20E4, 0x3145, 0x3125, 0x3145, 0x3966, 0x3966, 0x3986, 0x3986, 0x3967, 0x3947, 0x3128, 0x28C8,
  0x1008, 0x4894, 0x587D, 0x81FF, 0x8BBF, 0x9DBF, 0x8D5F, 0x93BF, 0xAAFF, 0x58BB, 0x50D4, 0x5952, 0x6170, 0x618E, 0x69EE, 0x61AB,
  0x4928, 0x40CD, 0x5933, 0x6994, 0x6994, 0x6973, 0x71B4, 0x6992, 0x5110, 0x9255, 0x959F, 0x5D9F, 0x5D3F, 0x44DF, 0x0C3F, 0x03DF,
  0x039E, 0x035D, 0x035D, 0x029B, 0x01F6, 0x0236, 0x0AD8, 0x0236, 0x1A11, 0xAD5A, 0xCE3C, 0xDE9C, 0xE6DC, 0xE6BB, 0xE69B, 0xD619,
  0x9496, 0x4B54, 0x1252, 0x12B5, 0x1318, 0x0AF8, 0x0297, 0x01F3, 0x010D, 0x096D, 0xE77E, 0xFFFF, 0xFFFF, 0xFFFF, 0xEF9F, 0x3BDB,
  0x031C, 0x04BF, 0x24FF, 0x357F, 0x55FF, 0x75FF, 0x5DBF, 0x6DDF, 0x863F, 0x8E5F, 0x8E5F, 0x8E5F, 0x7E1F, 0x9EBF, 0xFFFF, 0xFFFF,
  0xFFFF, 0xFFFF, 0xFFFF, 0xFFFF, 0xFFFF, 0xFFFF, 0xFFFF, 0xFFFF, 0xFFFF, 0xFFFF, 0xFFFF, 0xFFDF, 0xF79E, 0xEF3E, 0xF73F, 0x62EF,
  0x2106, 0x2925, 0x20C4, 0x1082, 0x0821, 0x0841, 0x2926, 0x20E3, 0x10C5, 0x01B2, 0x02D8, 0x041D, 0x049E, 0x04BE, 0x045D, 0x041D,
  0x03BB, 0x0359, 0x051E, 0x04DE, 0x04BE, 0x04BE, 0x04BE, 0x04BD, 0x04BD, 0x04BD, 0x04BD, 0x04BD, 0x049D, 0x045C, 0x041B, 0x0399,
  0x0231, 0x20C3, 0x0800, 0x0883, 0x2105, 0x3146, 0x3966, 0x3987, 0x3986, 0x3165, 0x41A6, 0x41A6, 0x3144, 0x3124, 0x3124, 0x2903,
  0x0820, 0x0820, 0x20C3, 0x3945, 0x2904, 0x20E4, 0x2904, 0x49C6, 0x41A6, 0x4186, 0x41A6, 0x41A6, 0x41A6, 0x41A6, 0x4185, 0x3965,
  0x3144, 0x3124, 0x2924, 0x0820, 0x0820, 0x20E0, 0x1880, 0x1102, 0x12A7, 0x1AC8, 0x22E4, 0x74A0, 0xBE62, 0xDF45, 0xE785, 0xEFA5,
  0xF7C4, 0xCEA1, 0x5C02, 0x0A24, 0x0143, 0x0862, 0xB44F, 0xD593, 0x5A26, 0x51E5, 0x5A05, 0x51E5, 0x51C5, 0x51C5, 0x51C5, 0x51E5,
  0x51E5, 0x51E5, 0x4985, 0x5A62, 0xB600, 0xDEE1, 0xEF22, 0xEF61, 0x5300, 0x0021, 0x3165, 0x2924, 0x2124, 0x2945, 0x3165, 0x3186,
  0x3986, 0x3966, 0x3986, 0x3966, 0x3965, 0x3986, 0x41A6, 0x39A6, 0x3986, 0x3986, 0x3986, 0x3965, 0x3165, 0x3986, 0x20E3, 0x28E3,
  0x2924, 0x28E3, 0x18A2, 0x2904, 0x2925, 0x2904, 0x3145, 0x3145, 0x3146, 0x3966, 0x4187, 0x4187, 0x3967, 0x3947, 0x3108, 0x28A9,
  0x1829, 0x4876, 0x68DE, 0x92FF, 0xA63F, 0xFFFF, 0xEFFF, 0x95BF, 0xB3BF, 0x793E, 0x50B7, 0x6152, 0x6991, 0x8291, 0x722E, 0x596A,
  0x4108, 0x40AE, 0x5111, 0x6994, 0x5952, 0x6172, 0x7193, 0x6973, 0x6152, 0x6952, 0xA3BA, 0x555F, 0x551F, 0x3C9F, 0x141F, 0x039E,
  0x037E, 0x031D, 0x031D, 0x0279, 0x01D6, 0x09F3, 0x2A94, 0x0299, 0x4B97, 0xDEBD, 0xEF1D, 0xF75D, 0xF73D, 0xFF7D, 0xD6BC, 0x5C7A,
  0x1B59, 0x137B, 0x23DC, 0x239B, 0x1B7A, 0x1B7A, 0x135A, 0x0AD7, 0x0235, 0x0A75, 0xD73E, 0xFFFF, 0xFFFF, 0xBEDE, 0x137C, 0x039E,
  0x049F, 0x049F, 0x051F, 0x059F, 0x15BF, 0x559F, 0x761F, 0x965F, 0x8E5F, 0x8E5F, 0x8E5F, 0x7E3F, 0x865F, 0xF7DF, 0xFFFF, 0xFFFF,
  0xFFFF, 0xFFFF, 0xFFFF, 0xFFFF, 0xFFFF, 0xFFFF, 0xFFFF, 0xFFFF, 0xFFFF, 0xFFFF, 0xFFBF, 0xEF1E, 0xEEDD, 0xE6BD, 0xE6BD, 0x526C,
  0x20E5, 0x2904, 0x20E4, 0x1082, 0x0821, 0x1082, 0x28E4, 0x10E6, 0x0213, 0x0299, 0x02FA, 0x043E, 0x049E, 0x04BE, 0x045D, 0x03FD,
  0x02F9, 0x047D, 0x053F, 0x04FE, 0x04FE, 0x04DE, 0x04FE, 0x04FE, 0x04FE, 0x04FE, 0x04FE, 0x04DE, 0x04BD, 0x047C, 0x043C, 0x043B,
  0x0252, 0x0884, 0x0800, 0x0042, 0x18C5, 0x20E5, 0x2905, 0x2925, 0x3145, 0x3966, 0x3965, 0x2903, 0x3965, 0x49C6, 0x41C6, 0x4186,
  0x28E4, 0x1882, 0x1041, 0x2904, 0x3965, 0x20C3, 0x20C3, 0x51E7, 0x49C6, 0x41A6, 0x41A6, 0x49C6, 0x49A6, 0x41A6, 0x4185, 0x3965,
  0x3965, 0x3124, 0x2944, 0x1061, 0x0840, 0x18C0, 0x1060, 0x0860, 0x1266, 0x2262, 0x7CC0, 0xB6A3, 0xC6E5, 0xCEE5, 0xD706, 0xDF47,
  0xDF46, 0xE765, 0xEF83, 0xADE2, 0x4B01, 0x52A2, 0xC5C7, 0xC5A7, 0x5A62, 0x4983, 0x51A4, 0x4984, 0x51A5, 0x51C5, 0x49C4, 0x4144,
  0x4163, 0x49A3, 0x51E2, 0x8C21, 0xC640, 0xD6C2, 0xDEC2, 0xDEE0, 0x6360, 0x1083, 0x3165, 0x2924, 0x2925, 0x2945, 0x3165, 0x3165,
  0x3166, 0x3986, 0x3986, 0x3966, 0x3966, 0x3986, 0x3986, 0x3986, 0x3986, 0x3986, 0x3986, 0x3986, 0x3165, 0x39A6, 0x3145, 0x2903,
  0x3124, 0x20E3, 0x2105, 0x3146, 0x3966, 0x3986, 0x3986, 0x3966, 0x3966, 0x3966, 0x3966, 0x3966, 0x3967, 0x3947, 0x3909, 0x2089,
  0x182B, 0x4858, 0x68FE, 0x8B3F, 0xBF5F, 0xFFFF, 0xFFFF, 0xAE5F, 0xA37F, 0x899F, 0x60DA, 0x5911, 0x6190, 0x82B1, 0x61CC, 0x596A,
  0x30C7, 0x306B, 0x40CF, 0x6172, 0x4910, 0x5952, 0x7194, 0x6973, 0x6973, 0x5931, 0x81D4, 0x6CDE, 0x3CDF, 0x145F, 0x041F, 0x037E,
  0x035D, 0x031C, 0x02BB, 0x0173, 0x08EE, 0x214C, 0x00A9, 0x0256, 0x3358, 0xE71D, 0xFF9E, 0xFF7E, 0xFF9D, 0xB5FB, 0x12B6, 0x2B78,
  0x2BFC, 0x1BBC, 0x1BBB, 0x23BC, 0x23DD, 0x1BBC, 0x135A, 0x0B18, 0x02D8, 0x02B8, 0x64FC, 0xFFFF, 0x95FD, 0x0B3C, 0x03FF, 0x04DF,
  0x04DF, 0x051F, 0x057F, 0x059F, 0x155F, 0x7E1F, 0x8E5F, 0x8E5F, 0x8E5F, 0x8E7F, 0x761F, 0x863F, 0xEFBF, 0xFFFF, 0xFFFF, 0xFFFF,
  0xFFFF, 0xFFFF, 0xFFFF, 0xFFFF, 0xFFFF, 0xFFFF, 0xFFFF, 0xFFFF, 0xFFFF, 0xF79E, 0xF6FE, 0xEEDE, 0xE69D, 0xDE3B, 0xD5FB, 0x4A2A,
  0x20C4, 0x20E4, 0x2104, 0x1083, 0x0021, 0x1061, 0x116B, 0x02DA, 0x033D, 0x031C, 0x03BD, 0x03FD, 0x047D, 0x04DE, 0x04DE, 0x03BC,
  0x039B, 0x055F, 0x04FE, 0x04FE, 0x04FE, 0x04DE, 0x04DE, 0x04FE, 0x04FE, 0x04FE, 0x04DD, 0x04BD, 0x049C, 0x047C, 0x045C, 0x045C,
  0x02F6, 0x08C7, 0x0800, 0x0000, 0x10A4, 0x18C3, 0x18C3, 0x2105, 0x3145, 0x3144, 0x28E3, 0x2904, 0x3986, 0x3966, 0x59A4, 0xA2C3,
  0x7A02, 0x1062, 0x1062, 0x28C3, 0x4165, 0x20C3, 0x20E3, 0x51C6, 0x49C6, 0x41A6, 0x3985, 0x4186, 0x41A6, 0x4185, 0x3985, 0x3965,
  0x3945, 0x2924, 0x2924, 0x18A2, 0x0820, 0x18A0, 0x1060, 0x0860, 0x0984, 0x42E0, 0x9602, 0x9E03, 0xAE64, 0xBEA4, 0xC6C5, 0xD726,
  0xDF46, 0xDF47, 0xDF67, 0xEFA6, 0xEF84, 0xE783, 0xE763, 0xE763, 0xDF23, 0xB562, 0x9C62, 0x83A2, 0x6243, 0x51C5, 0x49A3, 0x7382,
  0xB583, 0xBDE3, 0xDEC3, 0xEF63, 0xE722, 0xDEE2, 0xDEC2, 0xDEE0, 0x5B20, 0x18C4, 0x2944, 0x2944, 0x2945, 0x2945, 0x3165, 0x3165,
  0x3166, 0x3986, 0x3986, 0x3986, 0x3986, 0x3986, 0x3965, 0x3986, 0x3986, 0x3986, 0x3986, 0x3986, 0x3165, 0x3166, 0x41A6, 0x3144,
  0x20A2, 0x0841, 0x0841, 0x0841, 0x20E4, 0x3987, 0x41C7, 0x41A6, 0x3986, 0x3966, 0x3986, 0x3966, 0x3947, 0x3927, 0x3909, 0x1867,
  0x180A, 0x5078, 0x58BD, 0x9B1F, 0x959F, 0xDFFF, 0xC79F, 0x849E, 0x923F, 0x587D, 0x58D7, 0x6152, 0x69B0, 0x69AE, 0x698D, 0x596C,
  0x30A6, 0x1827, 0x388D, 0x5131, 0x40CE, 0x6153, 0x6973, 0x6152, 0x6993, 0x6172, 0x58F0, 0x9399, 0x555F, 0x047F, 0x041F, 0x037E,
  0x035D, 0x031D, 0x01F7, 0x0173, 0x1170, 0x39CD, 0x4860, 0x190A, 0x131A, 0xB65E, 0xFFBE, 0xFFBF, 0xA5FC, 0x01D2, 0x0067, 0x118B,
  0x0B1A, 0x02B7, 0x0254, 0x0212, 0x01D1, 0x018F, 0x016E, 0x018F, 0x018F, 0x010C, 0x0212, 0x4C3A, 0x0279, 0x03FE, 0x04BF, 0x04FF,
  0x053F, 0x053F, 0x055F, 0x04FF, 0x455F, 0x7E1F, 0x863F, 0x8E5F, 0x8E5F, 0x7E3F, 0x9E9F, 0xFFDF, 0xFFFF, 0xFFFF, 0xFFFF, 0xFFFF,
  0xFFFF, 0xFFFF, 0xFFFF, 0xFFFF, 0xFFFF, 0xFFFF, 0xFFFF, 0xFFFF, 0xFFFF, 0xF6FD, 0xF6FE, 0xEEBD, 0xE67C, 0xDDFA, 0xD599, 0x524B,
  0x20E4, 0x2925, 0x20E4, 0x10A3, 0x0000, 0x094A, 0x033C, 0x02FB, 0x033C, 0x035C, 0x035B, 0x039C, 0x041D, 0x049D, 0x049D, 0x033A,
  0x04FE, 0x055F, 0x051E, 0x051F, 0x051E, 0x04DE, 0x04DE, 0x04FE, 0x04FE, 0x04FE, 0x04FE, 0x04DD, 0x049D, 0x049D, 0x049C, 0x045C,
  0x03DA, 0x00E8, 0x0000, 0x0820, 0x1062, 0x18C4, 0x18C4, 0x2105, 0x2925, 0x2904, 0x2904, 0x3145, 0x2925, 0x79E3, 0xF422, 0xFCE3,
  0xFCC3, 0xAAE1, 0x40E2, 0x2083, 0x1862, 0x0842, 0x3965, 0x49C6, 0x49C6, 0x49C6, 0x41A6, 0x4186, 0x4186, 0x41A6, 0x4185, 0x3985,
  0x3965, 0x3124, 0x2924, 0x18C3, 0x1040, 0x1880, 0x1040, 0x0840, 0x0143, 0x3280, 0x8D60, 0x8D81, 0x9DE3, 0xAE23, 0xBE84, 0xCEE4,
  0xCF05, 0xD726, 0xDF67, 0xDF48, 0xDF47, 0xDF46, 0xE746, 0xE767, 0xEF87, 0xFFE8, 0xFFE6, 0xF7C4, 0xDEE2, 0x51E3, 0x41E1, 0xCEE1,
  0xF7C6, 0xF7A6, 0xEF66, 0xEF65, 0xEF43, 0xDEE1, 0xDEC1, 0xD6A0, 0x4A61, 0x20E4, 0x2924, 0x2944, 0x3145, 0x2945, 0x2945, 0x3145,
  0x3166, 0x3166, 0x3966, 0x3986, 0x3986, 0x3986, 0x3986, 0x3986, 0x3986, 0x3986, 0x3986, 0x41A6, 0x3986, 0x3145, 0x39A6, 0x3965,
  0x0820, 0x18C3, 0x3145, 0x2104, 0x1082, 0x18E4, 0x3986, 0x49C7, 0x41A6, 0x3966, 0x3946, 0x3946, 0x3946, 0x3127, 0x30E9, 0x1025,
  0x2029, 0x4895, 0x4019, 0x8A1F, 0xAB9F, 0x9C7F, 0x9C5F, 0x9ADF, 0x70DE, 0x4898, 0x5914, 0x6151, 0x69AF, 0x71AF, 0x696D, 0x490A,
  0x2885, 0x0803, 0x306C, 0x40CF, 0x38AE, 0x5932, 0x6131, 0x6173, 0x6993, 0x6152, 0x48EF, 0x6130, 0x7D1E, 0x1C9F, 0x03BE, 0x037D,
  0x035E, 0x0259, 0x0194, 0x01B4, 0x01D4, 0x4A2E, 0xAA45, 0x7964, 0x1B19, 0x961F, 0xD6FF, 0x961F, 0x12D8, 0x01B2, 0x010C, 0x012C,
  0x016E, 0x00A9, 0x010B, 0x09D0, 0x0A75, 0x12B7, 0x12F8, 0x133A, 0x0B19, 0x0232, 0x010C, 0x01D7, 0x037D, 0x047F, 0x04FF, 0x051F,
  0x051F, 0x053F, 0x04FF, 0x0CFF, 0x45DF, 0x75FF, 0x865F, 0x7E3F, 0x6DFF, 0xA6DF, 0xDF7F, 0xBF3F, 0xA6DF, 0xBF3F, 0xFFFF, 0xFFFF,
  0xFFFF, 0xFFFF, 0xFFFF, 0xFFFF, 0xFFFF, 0xFFFF, 0xFFFF, 0xFFFF, 0xF77E, 0xF6FE, 0xEEDD, 0xEE9C, 0xE63A, 0xD5B9, 0xD599, 0x732E,
  0x2925, 0x3166, 0x20E4, 0x0841, 0x00A4, 0x033C, 0x02FC, 0x031B, 0x02FA, 0x02F9, 0x031A, 0x035B, 0x03FD, 0x045D, 0x037B, 0x041D,
  0x051F, 0x04FE, 0x051E, 0x053E, 0x051E, 0x051E, 0x04FE, 0x04FE, 0x04FE, 0x04FE, 0x04DE, 0x04DD, 0x04BD, 0x04BD, 0x04BD, 0x045C,
  0x045D, 0x018B, 0x0000, 0x0820, 0x0820, 0x1082, 0x18E5, 0x20E4, 0x20C3, 0x18A3, 0x2904, 0x2925, 0x79E3, 0xFC42, 0xFCA3, 0xFCA3,
  0xFCC3, 0xFD23, 0xEC43, 0xB2E1, 0xB2A1, 0x50E2, 0x49C7, 0x49C6, 0x49E7, 0x51E7, 0x49A6, 0x4186, 0x4186, 0x41A6, 0x41A6, 0x4185,
  0x3965, 0x3144, 0x2904, 0x20E3, 0x1081, 0x1060, 0x0840, 0x0000, 0x0081, 0x0942, 0x6C00, 0x8D40, 0x8D61, 0x9DC2, 0xAE22, 0xBE83,
  0xC6A4, 0xCEE4, 0xD705, 0xD726, 0xDF26, 0xDF46, 0xE746, 0xE746, 0xE767, 0xEF67, 0xD682, 0xBDC1, 0xBDE0, 0x49A2, 0x0840, 0x7420,
  0x9D60, 0x9D60, 0xC640, 0xE723, 0xE701, 0xDEE0, 0xDEC0, 0xAD40, 0x2102, 0x2104, 0x2124, 0x2945, 0x3145, 0x3145, 0x2945, 0x3145,
  0x3145, 0x3165, 0x3166, 0x3986, 0x3986, 0x3986, 0x3986, 0x3986, 0x3986, 0x3986, 0x3986, 0x41A6, 0x41A6, 0x3965, 0x3986, 0x3965,
  0x4A07, 0x41A6, 0x3145, 0x49E7, 0x3966, 0x18C3, 0x18C3, 0x3986, 0x41A7, 0x3986, 0x3946, 0x3946, 0x3126, 0x3107, 0x28A7, 0x0803,
  0x2049, 0x388F, 0x4857, 0x487B, 0x695C, 0x81DF, 0x797E, 0x611B, 0x60FA, 0x50D5, 0x6132, 0x6170, 0x69AF, 0x698E, 0x594C, 0x40E9,
  0x38C7, 0x0821, 0x2028, 0x388E, 0x40AE, 0x5932, 0x6152, 0x6173, 0x6152, 0x6973, 0x6973, 0x7131, 0x7319, 0x1C9F, 0x039E, 0x035E,
  0x02DC, 0x0195, 0x0172, 0x01D4, 0x1990, 0x59A8, 0xB286, 0xD283, 0x6353, 0x8E1F, 0x961F, 0x1BDB, 0x0256, 0x0AF9, 0x0299, 0x0235,
  0x0A97, 0x12D8, 0x1B5A, 0x239C, 0x1B9C, 0x1B7B, 0x239B, 0x33BB, 0x235A, 0x1B5A, 0x1319, 0x02FA, 0x03DE, 0x045F, 0x04BF, 0x04FF,
  0x055F, 0x055F, 0x05BF, 0x05FF, 0x0DFF, 0x459F, 0x557F, 0x557F, 0x761F, 0x865F, 0x863F, 0x863F, 0x7E1F, 0x7E5F, 0xFFFF, 0xFFFF,
  0xFFFF, 0xFFFF, 0xFFFF, 0xFFFF, 0xFFFF, 0xFFFF, 0xFFFF, 0xFFFF, 0xF71E, 0xF6FD, 0xEEBC, 0xEE5A, 0xE61A, 0xDDD9, 0xCD77, 0xA432,
  0x3166, 0x2904, 0x18A3, 0x0041, 0x0339, 0x03DF, 0x039D, 0x03BD, 0x03BD, 0x03DC, 0x03DC, 0x03BC, 0x03BC, 0x037C, 0x03FD, 0x04BE,
  0x049D, 0x049D, 0x04FE, 0x051E, 0x053E, 0x0D3E, 0x051E, 0x04FE, 0x04FE, 0x04FE, 0x04FE, 0x04FE, 0x04DD, 0x04DD, 0x04DD, 0x047C,
  0x043C, 0x02B3, 0x0000, 0x0820, 0x0820, 0x0800, 0x18A3, 0x20E4, 0x18A2, 0x1083, 0x18C4, 0x3903, 0xEB21, 0xFC42, 0xFC63, 0xFCA3,
  0xFCA3, 0xFCE3, 0xFCE3, 0xFCE3, 0xFC42, 0x81E4, 0x49E7, 0x51E6, 0x51E7, 0x51E7, 0x49C6, 0x41A6, 0x41A6, 0x41A6, 0x4186, 0x3985,
  0x3965, 0x3165, 0x2924, 0x20E3, 0x10A2, 0x0840, 0x0820, 0x0000, 0x0020, 0x0040, 0x2940, 0x84A0, 0x9560, 0x8D20, 0x9560, 0xA5E1,
  0xAE02, 0xB642, 0xC682, 0xCEC3, 0xCEE3, 0xD703, 0xD703, 0xD704, 0xDF04, 0xDF03, 0xC620, 0xA500, 0x8C21, 0x28E2, 0x5B20, 0x9D61,
  0xBE02, 0xCE84, 0xE746, 0xE724, 0xDEC1, 0xD680, 0xD6A0, 0x5AE0, 0x1062, 0x2103, 0x2124, 0x2945, 0x2925, 0x2945, 0x3145, 0x2945,
  0x2945, 0x3145, 0x3165, 0x3165, 0x3165, 0x3966, 0x3986, 0x3986, 0x3986, 0x3986, 0x3986, 0x3986, 0x4186, 0x3986, 0x3986, 0x3145,
  0x7B8D, 0xF75C, 0x7B6D, 0x3125, 0x49C7, 0x41C6, 0x18C3, 0x20C3, 0x3986, 0x4186, 0x3966, 0x3126, 0x3106, 0x28C6, 0x1064, 0x0803,
  0x306B, 0x286A, 0x3891, 0x48B5, 0x40B7, 0x5A5C, 0x48F6, 0x6177, 0x5114, 0x40B0, 0x6971, 0x698F, 0x69AF, 0x616D, 0x594C, 0x594C,
  0x490A, 0x1843, 0x0803, 0x284B, 0x40D0, 0x40CE, 0x306B, 0x2047, 0x1847, 0x38AC, 0x48F0, 0x5930, 0x71F4, 0x0C1E, 0x03FF, 0x02FC,
  0x0195, 0x0173, 0x0151, 0x19D4, 0x11D3, 0x318C, 0xCA22, 0xE2C3, 0xC389, 0x7DBF, 0x54FF, 0x0B19, 0x1318, 0x1318, 0x3B55, 0x2B15,
  0x1B59, 0x135A, 0x239B, 0x1B5B, 0x0B1A, 0x1319, 0x239B, 0x2B9B, 0x2B9B, 0x2B9B, 0x1B7B, 0x137B, 0x03DD, 0x043E, 0x049F, 0x051F,
  0x055F, 0x057F, 0x05BF, 0x05DF, 0x057F, 0x4D7F, 0x6DDF, 0x863F, 0x8E5F, 0x8E5F, 0x967F, 0x967F, 0x7E1F, 0xBF1F, 0xFFFF, 0xFFFF,
  0xFFFF, 0xFFFF, 0xFFFF, 0xFFFF, 0xFFFF, 0xFFFF, 0xFFFF, 0xFF9E, 0xF6DD, 0xF6DC, 0xEE9B, 0xEE5A, 0xE619, 0xDDD8, 0xC516, 0xBCB4,
  0x5A29, 0x18A3, 0x20A2, 0x0A30, 0x03BF, 0x035C, 0x037C, 0x03FD, 0x045F, 0x047E, 0x049E, 0x04BF, 0x041E, 0x03BC, 0x03FB, 0x03DB,
  0x03FB, 0x043C, 0x047D, 0x04DE, 0x0D3E, 0x0D3E, 0x053E, 0x051E, 0x04FE, 0x04DE, 0x04FE, 0x04FE, 0x04FE, 0x04FD, 0x04DD, 0x049C,
  0x03FA, 0x0357, 0x0084, 0x0000, 0x1040, 0x0820, 0x0841, 0x18C3, 0x18A2, 0x20C3, 0x10A3, 0x5921, 0xFAE0, 0xFB61, 0xFBE2, 0xFC42,
  0xFC63, 0xFC83, 0xFCA3, 0xFCE3, 0xBAE2, 0x3966, 0x49C6, 0x49C6, 0x49C6, 0x49E6, 0x49C6, 0x49A6, 0x41A6, 0x41A6, 0x4185, 0x3965,
  0x3965, 0x3145, 0x3124, 0x20E3, 0x18A2, 0x0841, 0x0000, 0x0000, 0x1060, 0x2900, 0x3100, 0x3940, 0x5B60, 0x8CE0, 0x9520, 0x8D20,
  0x9540, 0x9D81, 0xA5E1, 0xB621, 0xBE61, 0xC681, 0xC681, 0xCEA1, 0xCEA1, 0xD6A1, 0xE702, 0xF784, 0xEF63, 0x4A60, 0xA5C0, 0xE763,
  0xE744, 0xEF85, 0xE744, 0xDEC1, 0xCE60, 0xCE40, 0x94A0, 0x10A1, 0x18A2, 0x18E3, 0x2104, 0x2124, 0x2924, 0x2925, 0x2925, 0x2925,
  0x2925, 0x2945, 0x3145, 0x2945, 0x3145, 0x3165, 0x3165, 0x3966, 0x3966, 0x3966, 0x3986, 0x3986, 0x3986, 0x3986, 0x3165, 0x3986,
  0x2904, 0xC5F7, 0xFFFF, 0x838D, 0x3145, 0x4A07, 0x3965, 0x1082, 0x2925, 0x3966, 0x3946, 0x3126, 0x28E6, 0x20A5, 0x0001, 0x0805,
  0x388D, 0x2869, 0x206B, 0x40D1, 0x4933, 0x59D4, 0x5953, 0x5954, 0x48F1, 0x308D, 0x614F, 0x698F, 0x698F, 0x512B, 0x514B, 0x510A,
  0x40C8, 0x2886, 0x0000, 0x1025, 0x2048, 0x2048, 0x38AD, 0x48EF, 0x48EF, 0x5911, 0x6152, 0x5932, 0x6910, 0x435C, 0x041F, 0x01B5,
  0x0111, 0x0152, 0x010F, 0x19F5, 0x0A58, 0x01D3, 0xBA44, 0xE2E3, 0xEAE2, 0x8C55, 0x34BF, 0x12D8, 0x0B3A, 0x3314, 0xFCE7, 0xE4EA,
  0xCC6A, 0xBC08, 0x4396, 0x02FA, 0x0AD8, 0x0AD7, 0x1B5B, 0x1B5A, 0x2B9B, 0x33BB, 0x2B9B, 0x237B, 0x139C, 0x043E, 0x04BF, 0x051F,
  0x055F, 0x055F, 0x055F, 0x04DF, 0x1CDF, 0x761F, 0x863F, 0x863F, 0x8E5F, 0x967F, 0x8E7F, 0x75FF, 0x969F, 0xFFFF, 0xFFFF, 0xFFFF,
  0xFFFF, 0xFFFF, 0xFFFF, 0xFFFF, 0xFFFF, 0xFFFF, 0xFFFF, 0xF75E, 0xF6DD, 0xF6DC, 0xEE9A, 0xE639, 0xE5F8, 0xDDB7, 0xCD15, 0xBC93,
  0xA411, 0x49E8, 0x20C2, 0x02B5, 0x02DA, 0x0297, 0x02D9, 0x033A, 0x037B, 0x03BB, 0x041C, 0x03FC, 0x035B, 0x037A, 0x03DB, 0x041C,
  0x043C, 0x041C, 0x045D, 0x049D, 0x04FE, 0x0D1E, 0x0D3E, 0x051E, 0x04FE, 0x051E, 0x051E, 0x051E, 0x04FE, 0x04DD, 0x04DD, 0x047C,
  0x03D9, 0x0337, 0x00E7, 0x1000, 0x1061, 0x1040, 0x1040, 0x0000, 0x1861, 0x1881, 0x18C3, 0x2081, 0xB220, 0xFB01, 0xFB41, 0xFBE2,
  0xFC23, 0xFC22, 0xFCA3, 0xFC43, 0x59A4, 0x3986, 0x4186, 0x49C6, 0x49A6, 0x49C6, 0x49C6, 0x49A6, 0x41A6, 0x41A6, 0x4185, 0x3985,
  0x3965, 0x3965, 0x3145, 0x2904, 0x18A2, 0x0841, 0x0000, 0x0000, 0x20A0, 0x3120, 0x2941, 0x0963, 0x0123, 0x31E1, 0x6B80, 0x7C40,
  0x84A0, 0x8D20, 0x9560, 0x9D80, 0xADE0, 0xB620, 0xB621, 0xBE40, 0xC640, 0xC640, 0xCE60, 0xCE80, 0xB580, 0x2100, 0x5300, 0x9500,
  0xA580, 0xADA0, 0xB5C0, 0xC620, 0xC640, 0xA500, 0x18C0, 0x0841, 0x18C2, 0x18C3, 0x20E3, 0x2104, 0x2104, 0x2924, 0x2924, 0x2924,
  0x2945, 0x2945, 0x2925, 0x2945, 0x2945, 0x2945, 0x3145, 0x3145, 0x3165, 0x3165, 0x3965, 0x3986, 0x3986, 0x3986, 0x3965, 0x3145,
  0x2904, 0x5A69, 0xFFDE, 0xFF7D, 0x628A, 0x4186, 0x41A6, 0x18A3, 0x18A3, 0x3145, 0x3945, 0x3105, 0x28C6, 0x1022, 0x0802, 0x1826,
  0x308A, 0x2088, 0x38CE, 0x4931, 0x40EF, 0x4930, 0x5131, 0x5951, 0x5130, 0x288B, 0x512D, 0x616E, 0x616E, 0x510B, 0x512C, 0x492A,
  0x490A, 0x38A8, 0x1022, 0x0803, 0x30AC, 0x5110, 0x5111, 0x6153, 0x6153, 0x5932, 0x6153, 0x6152, 0x50CE, 0x5A78, 0x031D, 0x0132,
  0x0172, 0x00EF, 0x0151, 0x0259, 0x0299, 0x0218, 0x69E9, 0xEAE2, 0xE2C3, 0xD327, 0x2B9B, 0x133A, 0x137C, 0x4B33, 0xF444, 0xCC8B,
  0xE4EA, 0xFCA3, 0x3356, 0x0277, 0x0255, 0x0AB8, 0x133A, 0x02D9, 0x237B, 0x2B9B, 0x2B9B, 0x2B9B, 0x239B, 0x13FD, 0x04BF, 0x04DF,
  0x051F, 0x055F, 0x051F, 0x1CFF, 0x6DDF, 0x863F, 0x863F, 0x863F, 0x863F, 0x863F, 0x75FF, 0x9E9F, 0xF7FF, 0xFFFF, 0xFFFF, 0xFFFF,
  0xFFFF, 0xFFFF, 0xFFFF, 0xFFFF, 0xFFFF, 0xFFFF, 0xFFFF, 0xF71D, 0xF6DC, 0xF6BB, 0xEE7A, 0xEE59, 0xE618, 0xDDB7, 0xD556, 0xC4F4,
  0xB493, 0xA411, 0x6A6A, 0x31CB, 0x02D8, 0x0277, 0x0277, 0x0276, 0x0235, 0x0213, 0x0275, 0x0296, 0x02F8, 0x0359, 0x03DB, 0x045D,
  0x04BE, 0x04DE, 0x04FE, 0x04FE, 0x04FE, 0x04FE, 0x051E, 0x051E, 0x053E, 0x0D1E, 0x051E, 0x051E, 0x04FE, 0x04DD, 0x049C, 0x045B,
  0x03B9, 0x02F6, 0x118A, 0x1840, 0x1840, 0x1861, 0x1861, 0x0820, 0x1020, 0x0000, 0x1041, 0x0020, 0x0020, 0x6120, 0xD240, 0xFB61,
  0xFBA2, 0xFBA1, 0xFBA1, 0x79C3, 0x3145, 0x3965, 0x3965, 0x4186, 0x41A6, 0x41A6, 0x49C6, 0x49C6, 0x41A6, 0x41A6, 0x4185, 0x4185,
  0x3985, 0x3965, 0x3145, 0x2904, 0x18A2, 0x0841, 0x0000, 0x0020, 0x1942, 0x11E4, 0x0184, 0x0A46, 0x01A4, 0x2901, 0x30E0, 0x3120,
  0x4200, 0x6B60, 0x7C40, 0x84A0, 0x9500, 0x9D60, 0xA580, 0xA580, 0xB5A0, 0xAD80, 0x9D00, 0x7C00, 0x3982, 0x1021, 0x2120, 0x6BE0,
  0x8CE0, 0xADC1, 0xB5E1, 0xC620, 0xBE00, 0x3180, 0x0000, 0x1081, 0x10A2, 0x18C3, 0x18E3, 0x20E3, 0x2104, 0x2104, 0x2904, 0x2924,
  0x2925, 0x2925, 0x2925, 0x2925, 0x2925, 0x2924, 0x2925, 0x3145, 0x3145, 0x3145, 0x3165, 0x3165, 0x3165, 0x3165, 0x3145, 0x2924,
  0x3145, 0x2904, 0xB554, 0xFFFF, 0xB4F3, 0x2904, 0x3985, 0x20E4, 0x1082, 0x28E4, 0x3125, 0x2905, 0x1864, 0x08C8, 0x20AC, 0x2026,
  0x38E8, 0x2067, 0x410F, 0x5151, 0x5150, 0x5150, 0x5131, 0x5130, 0x5150, 0x30CC, 0x592D, 0x616F, 0x6970, 0x7195, 0x8196, 0x594D,
  0x510A, 0x40CA, 0x40EE, 0x5131, 0x5111, 0x5952, 0x6993, 0x71B4, 0x79D6, 0x79D5, 0x6973, 0x5931, 0x48CE, 0x4993, 0x01D6, 0x00CE,
  0x010E, 0x00CC, 0x0193, 0x0259, 0x0279, 0x0A79, 0x0992, 0xC263, 0xDAC3, 0xFB22, 0x82CC, 0x0B1C, 0x1B9C, 0x1B5A, 0x32F4, 0x42F1,
  0x6B2E, 0x6B4E, 0x1339, 0x0A97, 0x01F4, 0x0277, 0x02D8, 0x0256, 0x1B39, 0x133A, 0x1B39, 0x2B7A, 0x239B, 0x239B, 0x143E, 0x04DF,
  0x051F, 0x055F, 0x05DF, 0x0DFF, 0x4DBF, 0x65DF, 0x5DBF, 0x6DDF, 0x7E1F, 0x967F, 0xCF3F, 0xFFFF, 0xFFFF, 0xFFFF, 0xFFFF, 0xFFFF,
  0xFFFF, 0xFFFF, 0xFFFF, 0xFFFF, 0xFFFF, 0xFFFF, 0xFFFF, 0xF73D, 0xF6DC, 0xF6BB, 0xEE7A, 0xEE59, 0xE618, 0xDDB7, 0xD596, 0xCD36,
  0xBCB4, 0xA432, 0x9B6E, 0x5B32, 0x03BE, 0x035C, 0x033C, 0x031B, 0x0319, 0x02F8, 0x02D7, 0x0276, 0x0213, 0x0234, 0x0275, 0x02D6,
  0x0379, 0x03FB, 0x045C, 0x047C, 0x049D, 0x04BD, 0x04DD, 0x04FE, 0x051E, 0x051E, 0x04FE, 0x04BD, 0x04BD, 0x049D, 0x047C, 0x043A,
  0x0398, 0x0273, 0x9D56, 0x7246, 0x1861, 0x1881, 0x2061, 0x1860, 0x1020, 0x0000, 0x0821, 0x0841, 0x2860, 0x4880, 0x3860, 0x7160,
  0xE2C1, 0xF2E1, 0x6942, 0x18C3, 0x2904, 0x2924, 0x3144, 0x3945, 0x3965, 0x3985, 0x4186, 0x41A6, 0x49A6, 0x41A6, 0x41A5, 0x4185,
  0x3965, 0x3965, 0x3144, 0x28E3, 0x1082, 0x0000, 0x0040, 0x0184, 0x0246, 0x0A25, 0x0A05, 0x0206, 0x21C3, 0x5A02, 0x49C2, 0x4161,
  0x3100, 0x3100, 0x10A0, 0x10A0, 0x5AA1, 0x94A1, 0x9540, 0x9D60, 0xA560, 0xC640, 0xCE80, 0x7361, 0x3104, 0x28E3, 0x2140, 0x8CE0,
  0xBE60, 0xC641, 0xA560, 0x8C60, 0x39C0, 0x0000, 0x0840, 0x0861, 0x1082, 0x18A2, 0x18C3, 0x18E3, 0x20E4, 0x20E4, 0x2104, 0x2104,
  0x2904, 0x2904, 0x2924, 0x2924, 0x2924, 0x2904, 0x2924, 0x2925, 0x2925, 0x2925, 0x2925, 0x2924, 0x2925, 0x2924, 0x2924, 0x2924,
  0x2904, 0x20E3, 0x49E7, 0xFF3A, 0xEE37, 0x4186, 0x3124, 0x2904, 0x1062, 0x20C3, 0x20E4, 0x20A4, 0x0000, 0x2438, 0x4A38, 0x2006,
  0x28C6, 0x1846, 0x30CD, 0x4910, 0x61B2, 0x61B1, 0x5951, 0x5150, 0x490F, 0x38CD, 0x6190, 0x614F, 0x72B8, 0xB6FF, 0x9BFC, 0x60EF,
  0x1863, 0x1026, 0x38AF, 0x6994, 0x71B5, 0x6994, 0x6994, 0x6994, 0x6973, 0x6972, 0x6151, 0x5931, 0x50EF, 0x4131, 0x0194, 0x0152,
  0x010F, 0x00AB, 0x01B4, 0x0A38, 0x0279, 0x2295, 0x0237, 0x52CF, 0xEAC1, 0xE324, 0xF3A4, 0x3AD3, 0x02DA, 0x1B5B, 0x1B7B, 0x1B7B,
  0x135C, 0x031B, 0x0AF9, 0x0AB7, 0x01D3, 0x01F3, 0x0256, 0x01D2, 0x12F8, 0x0B19, 0x135A, 0x237B, 0x2B9B, 0x237B, 0x1B9B, 0x0C9F,
  0x051F, 0x04FF, 0x051F, 0x051F, 0x559F, 0x75FF, 0x6DDF, 0x863F, 0xBF1F, 0xE7BF, 0xFFFF, 0xFFFF, 0xFFFF, 0xFFFF, 0xFFFF, 0xFFFF,
  0xFFFF, 0xFFFF, 0xFFFF, 0xFFFF, 0xFFFF, 0xFFFF, 0xFFFF, 0xF73D, 0xF6BB, 0xEE9A, 0xEE59, 0xEE59, 0xE639, 0xDDD7, 0xDD97, 0xCD56,
  0xC4F4, 0xB493, 0xAC11, 0x2BFB, 0x039E, 0x035B, 0x03BE, 0x043F, 0x047F, 0x04BF, 0x04DF, 0x047D, 0x03FB, 0x0358, 0x0295, 0x0213,
  0x01F3, 0x0213, 0x0254, 0x02B5, 0x0317, 0x0379, 0x03FA, 0x043C, 0x047C, 0x047C, 0x045B, 0x045B, 0x043B, 0x041A, 0x043B, 0x03F9,
  0x02F5, 0x2A8E, 0xF4AB, 0xEB05, 0x8162, 0x48E2, 0x38E2, 0x2881, 0x1020, 0x0000, 0x0862, 0x1882, 0xC220, 0xEA80, 0x4901, 0x0042,
  0x2081, 0x2881, 0x10A3, 0x20C3, 0x20C3, 0x2904, 0x2904, 0x3124, 0x3145, 0x3965, 0x3965, 0x3985, 0x4185, 0x4185, 0x4185, 0x3965,
  0x3965, 0x3965, 0x3124, 0x20C3, 0x0841, 0x0000, 0x00E2, 0x0A46, 0x0A46, 0x0A25, 0x1287, 0x0A46, 0x6263, 0x6A63, 0x6223, 0x5A02,
  0x51E1, 0x3940, 0x00A1, 0x0040, 0x6227, 0xA3EB, 0x5262, 0x5B00, 0x6B80, 0x6320, 0x4A22, 0x4185, 0x49A5, 0x3144, 0x1062, 0x18E1,
  0x31C0, 0x3180, 0x49C0, 0x4140, 0x0000, 0x0020, 0x0840, 0x1061, 0x1081, 0x10A2, 0x18C2, 0x18C3, 0x18E3, 0x20E3, 0x20E3, 0x20E4,
  0x2104, 0x2924, 0x2925, 0x2925, 0x2925, 0x2924, 0x2924, 0x2924, 0x2924, 0x2904, 0x2904, 0x2104, 0x2904, 0x2904, 0x2904, 0x2904,
  0x20E3, 0x20E3, 0x1061, 0xB4B1, 0xFEB9, 0x5208, 0x20E3, 0x18A3, 0x0821, 0x18A3, 0x20A3, 0x1043, 0x0001, 0x1950, 0x3090, 0x30C8,
  0x1884, 0x2889, 0x490F, 0x4910, 0x492F, 0x5150, 0x5951, 0x5971, 0x492F, 0x288B, 0x618F, 0x616F, 0x6298, 0xAE5F, 0x835B, 0x6130,
  0x2889, 0x48EF, 0x286A, 0x48F0, 0x79F6, 0x81F6, 0x71B5, 0x79D5, 0x6972, 0x5931, 0x5130, 0x490F, 0x48AE, 0x31B4, 0x01D5, 0x0152,
  0x0172, 0x010F, 0x0217, 0x0218, 0x0278, 0x0216, 0x233A, 0x2BFD, 0xAAC9, 0xEB43, 0xEB63, 0xCB86, 0x0A55, 0x0AF9, 0x1B39, 0x235A,
  0x237A, 0x237A, 0x1B7B, 0x0AB7, 0x014E, 0x00EB, 0x01D2, 0x01B1, 0x02F9, 0x135B, 0x1B7B, 0x2359, 0x2339, 0x237B, 0x237A, 0x241D,
  0x055F, 0x049E, 0x143E, 0x4D5F, 0x75FF, 0x865F, 0x967F, 0x967F, 0x865F, 0x865F, 0xA6DF, 0xF7DF, 0xFFFF, 0xFFFF, 0xFFFF, 0xFFFF,
  0xFFFF, 0xFFFF, 0xFFFF, 0xFFFF, 0xFFFF, 0xFFFF, 0xFFFF, 0xF77E, 0xEE9B, 0xEEBB, 0xEE79, 0xEE59, 0xE638, 0xE5F8, 0xDDD7, 0xD576,
  0xC515, 0xBCB3, 0xAC73, 0x22D3, 0x0109, 0x0908, 0x016B, 0x01EF, 0x0293, 0x0358, 0x043C, 0x04BE, 0x04FF, 0x051F, 0x04DE, 0x047D,
  0x03FA, 0x0337, 0x0294, 0x0233, 0x0212, 0x0233, 0x0212, 0x0233, 0x0273, 0x02B4, 0x02B4, 0x02B4, 0x0294, 0x0272, 0x02D4, 0x0292,
  0x120D, 0xDB87, 0xEAA2, 0xBA04, 0xB9C3, 0xA961, 0x8100, 0x58C0, 0x3860, 0x2840, 0x1861, 0x1061, 0xE2E1, 0xFBA2, 0x3102, 0x2104,
  0x18C3, 0x1082, 0x18A2, 0x1061, 0x0841, 0x1061, 0x1081, 0x18A2, 0x18C3, 0x20C3, 0x20C3, 0x20C3, 0x20C3, 0x20C3, 0x20E3, 0x20E3,
  0x20C3, 0x18A2, 0x1061, 0x0841, 0x0000, 0x0020, 0x0183, 0x0A46, 0x1AC7, 0x1AE8, 0x0A87, 0x3A85, 0x7A83, 0x7AA4, 0x72A4, 0x6A63,
  0x5A02, 0x2121, 0x0163, 0x1122, 0xA3CC, 0xAC0E, 0x1883, 0x1062, 0x20C3, 0x3104, 0x4165, 0x49A6, 0x49A5, 0x4165, 0x2903, 0x1883,
  0x1042, 0x0821, 0x5180, 0x6A20, 0x1060, 0x0000, 0x0820, 0x1061, 0x10A2, 0x18A2, 0x18A2, 0x18C3, 0x18C3, 0x18C3, 0x18C3, 0x18C3,
  0x20E3, 0x20E4, 0x2104, 0x20E4, 0x2104, 0x2104, 0x2104, 0x20E4, 0x20E4, 0x20E4, 0x20E3, 0x20E4, 0x20E3, 0x20E3, 0x20E3, 0x20C3,
  0x18A2, 0x18A2, 0x1041, 0x6ACA, 0xE5D5, 0x2924, 0x18A2, 0x0821, 0x0841, 0x1882, 0x1044, 0x180A, 0x0823, 0x1003, 0x2867, 0x4109,
  0x1865, 0x306B, 0x490F, 0x5951, 0x492F, 0x40EE, 0x490F, 0x5130, 0x512F, 0x288A, 0x512D, 0x69D0, 0x61B1, 0x5112, 0x6151, 0x6990,
  0x71B1, 0x6953, 0x5951, 0x308D, 0x6173, 0x81F6, 0x71B4, 0x6993, 0x6172, 0x5931, 0x5110, 0x48EE, 0x408C, 0x237B, 0x01F6, 0x0152,
  0x01B4, 0x0193, 0x01D7, 0x01F7, 0x1235, 0x0A15, 0x549D, 0x6D7F, 0x4378, 0xDB04, 0xE323, 0xFB82, 0x9B49, 0x02BA, 0x0AF9, 0x131A,
  0x1B5A, 0x1B7B, 0x1319, 0x0AB7, 0x0190, 0x0024, 0x012E, 0x01D3, 0x0236, 0x01B1, 0x012E, 0x014F, 0x0214, 0x1B5A, 0x237A, 0x1B7B,
  0x0CDF, 0x057F, 0x351F, 0x75DF, 0x863F, 0x863F, 0x8E5F, 0x967F, 0x967F, 0x967F, 0x761F, 0xD77F, 0xFFFF, 0xFFFF, 0xFFFF, 0xFFFF,
  0xFFFF, 0xFFFF, 0xFFFF, 0xFFFF, 0xFFFF, 0xFFFF, 0xFFFF, 0xFFDF, 0xF6FC, 0xF69A, 0xEE59, 0xEE59, 0xE638, 0xE618, 0xDDD7, 0xD596,
  0xCD35, 0xC4D4, 0xB452, 0x832D, 0x20E5, 0x3147, 0x3146, 0x2904, 0x20C3, 0x18C4, 0x1127, 0x098B, 0x0270, 0x0397, 0x047C, 0x04FE,
  0x053F, 0x053F, 0x04FE, 0x04BD, 0x047C, 0x043B, 0x03DA, 0x0357, 0x0315, 0x02F5, 0x02F6, 0x0316, 0x0357, 0x0336, 0x02F4, 0x02B3,
  0x1A4E, 0xEB25, 0xD244, 0xBA05, 0xA182, 0x9120, 0x88E0, 0x80E0, 0x70A0, 0x70A0, 0x3860, 0x2164, 0x51E4, 0x7A22, 0x4983, 0x2923,
  0x20C2, 0x20C3, 0x2904, 0x3125, 0x2924, 0x28E3, 0x20E3, 0x18A2, 0x1081, 0x1081, 0x1061, 0x1061, 0x18A2, 0x18A2, 0x18A2, 0x18A2,
  0x1081, 0x1081, 0x18A2, 0x1882, 0x0000, 0x0080, 0x01A3, 0x0983, 0x09E5, 0x0A46, 0x09E5, 0x6A84, 0x72A4, 0x7263, 0x72A3, 0x7AC4,
  0x7283, 0x11C3, 0x0225, 0x0902, 0x5A47, 0x8B4B, 0x28E3, 0x3965, 0x49A5, 0x49C6, 0x51C6, 0x51C6, 0x49C6, 0x49A6, 0x4185, 0x3124,
  0x30E4, 0x2923, 0x6A41, 0x7A81, 0x1880, 0x0000, 0x0000, 0x0820, 0x0840, 0x1061, 0x1081, 0x1081, 0x1082, 0x1082, 0x18A2, 0x18A2,
  0x18A2, 0x18C3, 0x18C3, 0x18C3, 0x18C3, 0x18C3, 0x18A3, 0x18A3, 0x18C3, 0x18C3, 0x20C3, 0x20E3, 0x20C3, 0x20C3, 0x20C3, 0x18C2,
  0x18A2, 0x18A2, 0x1082, 0x3124, 0x4185, 0x0000, 0x0020, 0x0000, 0x0841, 0x0020, 0x1806, 0x1005, 0x1864, 0x2066, 0x30A8, 0x30C7,
  0x2888, 0x40CE, 0x38AD, 0x492F, 0x516F, 0x5170, 0x5971, 0x5150, 0x490F, 0x206B, 0x490C, 0x596E, 0x71F0, 0x720F, 0x7230, 0x512D,
  0x8A33, 0x81F4, 0x6974, 0x48EF, 0x40CE, 0x6973, 0x6992, 0x5951, 0x5130, 0x510F, 0x490E, 0x384B, 0x4254, 0x4D5F, 0x0A97, 0x0173,
  0x0173, 0x0151, 0x01B5, 0x01F6, 0x1235, 0x1297, 0x85BF, 0x9E1F, 0x4CFF, 0x6AF1, 0xF301, 0xE303, 0xFB82, 0x7370, 0x037D, 0x1B7B,
  0x1B5A, 0x133A, 0x02D8, 0x0AB6, 0x0276, 0x00EB, 0x0024, 0x012E, 0x012D, 0x01D1, 0x0A55, 0x0AF8, 0x133A, 0x1319, 0x1319, 0x0B19,
  0x0BBC, 0x049E, 0x455F, 0x4D3F, 0x65BF, 0x7E1F, 0x7E1F, 0x7E1F, 0x761F, 0x6DFF, 0x9EBF, 0xFFFF, 0xFFFF, 0xFFFF, 0xFFFF, 0xFFFF,
  0xFFFF, 0xFFFF, 0xFFFF, 0xFFFF, 0xFFFF, 0xFFFF, 0xFFFF, 0xFFFF, 0xF77E, 0xEE7A, 0xEE58, 0xEE58, 0xEE38, 0xE5F7, 0xDDD7, 0xD576,
  0xCD35, 0xC4F4, 0xC4B3, 0x7B2E, 0x2968, 0x39C9, 0x3187, 0x3167, 0x39A7, 0x49E8, 0x49E7, 0x4186, 0x3945, 0x2905, 0x1126, 0x018B,
  0x0271, 0x0376, 0x045B, 0x04FE, 0x053F, 0x055F, 0x057F, 0x055F, 0x051E, 0x04FE, 0x04FE, 0x04FE, 0x04DE, 0x049D, 0x043B, 0x0378,
  0x1A4E, 0xDAA4, 0xD264, 0xB1C1, 0xA140, 0x9120, 0x8900, 0x80E0, 0x78C0, 0x78C0, 0x70E1, 0x4A46, 0x4225, 0x4245, 0x5AA6, 0x62C6,
  0x6B06, 0x6285, 0x41C3, 0x2923, 0x2903, 0x3124, 0x3145, 0x3965, 0x3965, 0x3966, 0x3965, 0x4186, 0x41A6, 0x41A6, 0x4186, 0x3965,
  0x3124, 0x28E3, 0x20C3, 0x20C2, 0x1060, 0x00A0, 0x0122, 0x0984, 0x09E5, 0x0A46, 0x2A24, 0x7AA3, 0x8305, 0x8B24, 0x82E4, 0x8B04,
  0x6263, 0x0A04, 0x1265, 0x09C4, 0x0122, 0x1143, 0x1923, 0x2143, 0x2923, 0x2103, 0x2103, 0x2903, 0x2943, 0x2943, 0x2103, 0x2123,
  0x31E4, 0x2A85, 0x5A01, 0x82A1, 0x28C0, 0x0000, 0x0020, 0x0020, 0x0841, 0x0861, 0x0861, 0x0861, 0x0861, 0x0861, 0x1061, 0x1062,
  0x1061, 0x1082, 0x1082, 0x1082, 0x1082, 0x1081, 0x1061, 0x1061, 0x1061, 0x1061, 0x1061, 0x1061, 0x1061, 0x0841, 0x0841, 0x0841,
  0x0841, 0x0820, 0x0020, 0x0841, 0x0000, 0x0020, 0x0000, 0x0020, 0x0000, 0x0001, 0x1025, 0x0802, 0x2085, 0x28A7, 0x38C9, 0x28C6,
  0x2889, 0x5151, 0x492F, 0x410E, 0x492E, 0x5150, 0x6192, 0x6192, 0x6192, 0x30AC, 0x30CA, 0x596D, 0x618F, 0x79F1, 0x91F4, 0x696F,
  0x590E, 0x89F4, 0x6151, 0x510F, 0x286B, 0x510F, 0x6151, 0x5130, 0x48EE, 0x40CD, 0x302B, 0x39F2, 0x551F, 0x3CFF, 0x0BBD, 0x0194,
  0x0151, 0x19D1, 0x11B2, 0x01F6, 0x0237, 0x235A, 0x961F, 0x9E3F, 0x8DFF, 0x2BBD, 0x8A68, 0xF321, 0xEB23, 0xFBC3, 0x5393, 0x035B,
  0x133A, 0x237A, 0x2B9B, 0x237A, 0x12F8, 0x0190, 0x0001, 0x0067, 0x0191, 0x0214, 0x0276, 0x0AB8, 0x0AB8, 0x0AD8, 0x0AF8, 0x02F9,
  0x2C1D, 0x4D3F, 0x7E1F, 0x7E1F, 0x5D7F, 0x967F, 0xAEDF, 0x9E7F, 0xAEDF, 0xD75F, 0xFFFF, 0xFFFF, 0xFFFF, 0xFFFF, 0xFFFF, 0xFFFF,
  0xFFFF, 0xFFFF, 0xFFFF, 0xFFFF, 0xFFFF, 0xFFFF, 0xFFFF, 0xFFFF, 0xFFFF, 0xEEFC, 0xEE79, 0xEE58, 0xE618, 0xE5F7, 0xDDB6, 0xDD75,
  0xD555, 0xC4F3, 0xCCF4, 0x526C, 0x2946, 0x3167, 0x3187, 0x41C7, 0x41C8, 0x4A08, 0x4A08, 0x4A08, 0x5249, 0x5228, 0x5207, 0x4165,
  0x28E3, 0x18A3, 0x08A4, 0x0128, 0x01CC, 0x024F, 0x02F2, 0x0375, 0x03F8, 0x043A, 0x0419, 0x03F9, 0x03B7, 0x0335, 0x0291, 0x220A,
  0xBAC5, 0xDA83, 0xBA02, 0xA980, 0xA160, 0x9940, 0x8920, 0x8900, 0x80E0, 0x80C0, 0x6962, 0x4A67, 0x5266, 0x5AA6, 0x6AE7, 0x7B48,
  0x8BC8, 0x9C29, 0x9C08, 0x8387, 0x62C5, 0x41E3, 0x2901, 0x20C1, 0x20E2, 0x20E2, 0x2903, 0x2904, 0x2903, 0x28E3, 0x28E3, 0x20C2,
  0x20C2, 0x20C1, 0x20E1, 0x20E0, 0x0820, 0x0040, 0x0984, 0x1266, 0x12A7, 0x0A67, 0x1183, 0x6222, 0x82E4, 0x8B25, 0x9345, 0x8B03,
  0x21A2, 0x01C4, 0x09E4, 0x09E4, 0x1224, 0x0A03, 0x09E3, 0x09E3, 0x0A03, 0x1203, 0x11E3, 0x11E3, 0x0A23, 0x0A03, 0x09A3, 0x1203,
  0x2B05, 0x1A04, 0x51C1, 0x8B01, 0x3920, 0x0000, 0x0840, 0x1081, 0x10A2, 0x10A3, 0x18C3, 0x18C3, 0x18C3, 0x18C3, 0x18C3, 0x18C3,
  0x18C3, 0x18C3, 0x18A3, 0x18A3, 0x18C3, 0x18C3, 0x18C3, 0x1082, 0x1062, 0x0841, 0x0841, 0x0841, 0x0841, 0x0861, 0x18A2, 0x18C3,
  0x20E3, 0x20C3, 0x18A2, 0x18C2, 0x18A2, 0x0841, 0x0821, 0x0000, 0x522A, 0x2907, 0x0000, 0x1023, 0x2066, 0x30A8, 0x40EA, 0x28C6,
  0x1848, 0x40EE, 0x5150, 0x512F, 0x410D, 0x514F, 0x5951, 0x6191, 0x6191, 0x38CD, 0x2889, 0x492D, 0x594E, 0x618F, 0x9194, 0x8192,
  0x514C, 0x512D, 0x40CC, 0x48EE, 0x2049, 0x388C, 0x490E, 0x490E, 0x304B, 0x38AC, 0x9C37, 0x75BF, 0x4D1F, 0x34BF, 0x3CFF, 0x0A36,
  0x0171, 0x8249, 0x21B0, 0x0217, 0x1235, 0x4C3C, 0xAE7F, 0xA63F, 0xA63F, 0x6D3F, 0x09F3, 0xBA84, 0xFB83, 0xF363, 0xF3A4, 0x3313,
  0x62EF, 0x3336, 0x1B5A, 0x1B18, 0x0AD7, 0x0255, 0x00C9, 0x01B0, 0x0297, 0x0275, 0x02D8, 0x1B5A, 0x2B9B, 0x1B5A, 0x0AF8, 0x02D8,
  0x34BE, 0x65DF, 0x7E1F, 0x8E5F, 0x967F, 0x8E5F, 0xDF9F, 0xFFFF, 0xFFFF, 0xFFFF, 0xFFFF, 0xFFFF, 0xFFFF, 0xFFFF, 0xFFFF, 0xFFFF,
  0xFFFF, 0xFFFF, 0xFFFF, 0xFFFF, 0xFFFF, 0xFFFF, 0xFFFF, 0xFFFF, 0xFFFF, 0xFFDF, 0xEEFC, 0xEE38, 0xE617, 0xE5D6, 0xDDB6, 0xD575,
  0xD534, 0xD534, 0xA431, 0x3188, 0x3188, 0x39A8, 0x39A8, 0x41C8, 0x49E8, 0x49E8, 0x49E8, 0x49E8, 0x5208, 0x5208, 0x5208, 0x5228,
  0x5208, 0x49E7, 0x4185, 0x3103, 0x20C2, 0x1861, 0x1861, 0x18A2, 0x1083, 0x10A3, 0x10A3, 0x10A3, 0x18C3, 0x2903, 0x20C2, 0x5921,
  0xFAE2, 0xCA42, 0xB9E2, 0xA980, 0xA160, 0x9940, 0x9140, 0x9120, 0x8100, 0x78C0, 0x61A4, 0x5287, 0x5AA7, 0x6B27, 0x7B48, 0x83A8,
  0x8BE9, 0x93E9, 0x9C29, 0xA449, 0xA449, 0xA408, 0x93C7, 0x7AE5, 0x5A43, 0x5203, 0x49E2, 0x3961, 0x41A2, 0x3941, 0x3941, 0x41A2,
  0x5A23, 0x6284, 0x5A64, 0x3982, 0x0000, 0x0040, 0x09E5, 0x1225, 0x1A04, 0x29C3, 0x2122, 0x3964, 0x5A24, 0x7283, 0x82C3, 0x5263,
  0x1286, 0x22E7, 0x1AA6, 0x1286, 0x1265, 0x1AA5, 0x1AA5, 0x22E5, 0x2B06, 0x2AE6, 0x2B26, 0x2B26, 0x2B26, 0x2B06, 0x22E5, 0x2284,
  0x22A5, 0x11E3, 0x49C1, 0x9322, 0x3100, 0x0000, 0x0840, 0x1082, 0x18C3, 0x18E3, 0x20E4, 0x2104, 0x2104, 0x2925, 0x2925, 0x2925,
  0x2925, 0x2925, 0x2925, 0x2945, 0x3145, 0x3145, 0x3145, 0x3145, 0x3145, 0x3145, 0x3145, 0x3145, 0x2924, 0x3145, 0x3145, 0x2904,
  0x20C3, 0x18A2, 0x18A2, 0x18A2, 0x18A2, 0x18A3, 0x0841, 0x20C4, 0xF79E, 0xCE39, 0x3147, 0x0803, 0x2066, 0x2888, 0x38E9, 0x2086,
  0x2049, 0x308B, 0x38EC, 0x40ED, 0x38EC, 0x410E, 0x490F, 0x512F, 0x514E, 0x40ED, 0x206A, 0x38CB, 0x40EB, 0x410C, 0x514D, 0x596C,
  0x492A, 0x38C9, 0x3088, 0x2867, 0x1846, 0x306B, 0x38AC, 0x38AC, 0x7B12, 0xDE9C, 0xFFFF, 0xF7BF, 0xDF7F, 0x759F, 0x44DF, 0x02B9,
  0x29CE, 0x6986, 0x01D5, 0x0258, 0x0257, 0x64DD, 0xA67F, 0xAE7F, 0xAE7F, 0x961F, 0x137C, 0x198E, 0xD303, 0xF362, 0xF321, 0xD304,
  0x5A48, 0x9B6C, 0x1318, 0x0B1A, 0x1B39, 0x0297, 0x00EE, 0x0216, 0x02B8, 0x137A, 0x23BB, 0x237A, 0x1B39, 0x1B18, 0x0AD8, 0x1318,
  0x5D9F, 0x4D5F, 0x75FF, 0x863F, 0x8E5F, 0x8E5F, 0x7E3F, 0xD77F, 0xFFFF, 0xFFFF, 0xFFFF, 0xFFFF, 0xFFFF, 0xFFFF, 0xFFFF, 0xFFFF,
  0xFFFF, 0xFFFF, 0xFFFF, 0xFFFF, 0xFFFF, 0xFFFF, 0xFFFF, 0xFFFF, 0xFFFF, 0xFFFF, 0xFFDF, 0xEEBB, 0xE617, 0xE5D6, 0xE5B6, 0xDD75,
  0xD534, 0xDD34, 0x730D, 0x2967, 0x39A8, 0x39A8, 0x41C8, 0x49E8, 0x49E8, 0x5208, 0x4A08, 0x5208, 0x5228, 0x5228, 0x5208, 0x51E7,
  0x49C7, 0x49C6, 0x41A6, 0x41A6, 0x41C6, 0x39A6, 0x49E7, 0x49C7, 0x3985, 0x3965, 0x3965, 0x4185, 0x41A6, 0x49C6, 0x3965, 0x81C3,
  0xEAC3, 0xCA43, 0xB1E3, 0xB1A0, 0xA980, 0xA160, 0x9960, 0x9140, 0x8920, 0x88E0, 0x6A05, 0x52A8, 0x62E7, 0x6B28, 0x83A9, 0x8BC9,
  0x8BE9, 0x9C29, 0xA44A, 0xAC69, 0xAC49, 0xAC49, 0xAC49, 0x9BE7, 0x9387, 0x9387, 0x8B66, 0x7B05, 0x9386, 0x8305, 0x7B05, 0x8326,
  0x7B26, 0x72E5, 0x6284, 0x41C2, 0x0820, 0x0081, 0x0942, 0x0921, 0x4981, 0x7AA5, 0x6244, 0x20E4, 0x2925, 0x3122, 0x3940, 0x1983,
  0x1A66, 0x2308, 0x2BC9, 0x342A, 0x3C29, 0x3C29, 0x3BE8, 0x3BC8, 0x3BA8, 0x3B87, 0x3BA7, 0x3BC7, 0x3B87, 0x3B67, 0x3B87, 0x3366,
  0x3B87, 0x33A7, 0x31E2, 0x7240, 0x1060, 0x0000, 0x0820, 0x0841, 0x0841, 0x0861, 0x1061, 0x1082, 0x18A2, 0x18C3, 0x20E3, 0x20E4,
  0x20E4, 0x2104, 0x2924, 0x2924, 0x2924, 0x3145, 0x3145, 0x2924, 0x2904, 0x20E3, 0x18C3, 0x18A2, 0x1061, 0x1081, 0x10A2, 0x18C3,
  0x2904, 0x3144, 0x3985, 0x3965, 0x3124, 0x2904, 0x20C3, 0x18A4, 0xDEBB, 0xFFFF, 0xEF3D, 0x3948, 0x1825, 0x2888, 0x30C8, 0x1044,
  0x286A, 0x308B, 0x38CC, 0x48EE, 0x40ED, 0x40ED, 0x38ED, 0x38CC, 0x38EC, 0x410D, 0x288A, 0x2067, 0x30A9, 0x38AA, 0x490C, 0x512B,
  0x40E9, 0x38A8, 0x2887, 0x0821, 0x0802, 0x2868, 0x2828, 0x9BD4, 0xFFFF, 0xFFFF, 0xFFDF, 0xFFFF, 0xFFFF, 0xB6DF, 0x5D3E, 0x5D3E,
  0x7A09, 0x294C, 0x0218, 0x0A36, 0x0A98, 0x7D7E, 0xA65F, 0xA65F, 0xB69F, 0xAE7F, 0x343D, 0x0279, 0x294A, 0xD2C2, 0xD2A2, 0xDAA1,
  0xBAE5, 0x72CA, 0x9B4B, 0x2B57, 0x0B3A, 0x09F2, 0x5966, 0x0235, 0x0215, 0x01D3, 0x0276, 0x0276, 0x0277, 0x0257, 0x0216, 0x2C5C,
  0x865F, 0x65BF, 0x6DFF, 0x6DDF, 0x65BF, 0x7E1F, 0x6DFF, 0xBF1F, 0xFFFF, 0xFFFF, 0xFFFF, 0xFFFF, 0xFFFF, 0xFFFF, 0xFFFF, 0xFFFF,
  0xFFFF, 0xFFFF, 0xFFFF, 0xFFFF, 0xFFFF, 0xFFFF, 0xFFFF, 0xFFFF, 0xFFFF, 0xFFFF, 0xFFFF, 0xFFFF, 0xF73D, 0xE658, 0xE5D6, 0xDDB6,
  0xDD75, 0xCCF3, 0x4A0B, 0x31A9, 0x39E9, 0x41C8, 0x41C7, 0x49E8, 0x49E8, 0x5208, 0x5208, 0x5228, 0x5228, 0x5228, 0x5228, 0x5207,
  0x5207, 0x51E7, 0x49C6, 0x3985, 0x3985, 0x3145, 0x3985, 0x3985, 0x4186, 0x3965, 0x3965, 0x41A6, 0x49C6, 0x49A6, 0x3145, 0xA244,
  0xEAC3, 0xC202, 0xB9C1, 0xB1C0, 0xB1A0, 0xA980, 0xA160, 0x9960, 0x9940, 0x9140, 0x5A26, 0x4226, 0x5266, 0x62E7, 0x7B68, 0x8BE9,
  0x9C2A, 0xA44A, 0xAC6A, 0xAC69, 0xA449, 0x9C08, 0x8B87, 0x8346, 0x8346, 0x8B86, 0x8366, 0x7AE5, 0x8325, 0x8B45, 0x8B66, 0x8346,
  0x7B05, 0x72E5, 0x6284, 0x49E3, 0x2921, 0x0020, 0x0020, 0x18E0, 0x5A22, 0x7AE6, 0x41A4, 0x2925, 0x2904, 0x3101, 0x6A44, 0x8B08,
  0x6A46, 0x4A05, 0x4265, 0x32A6, 0x3327, 0x3B88, 0x3BC8, 0x3C09, 0x4469, 0x4C8A, 0x4C8A, 0x4C49, 0x4449, 0x4428, 0x4408, 0x3BE8,
  0x3387, 0x2AC5, 0x1901, 0x28C1, 0x0000, 0x0020, 0x1082, 0x1082, 0x10A2, 0x1082, 0x0862, 0x0861, 0x0841, 0x0841, 0x0841, 0x0841,
  0x0020, 0x0020, 0x0841, 0x0841, 0x0841, 0x0861, 0x0841, 0x0841, 0x0841, 0x0841, 0x0841, 0x0862, 0x18C3, 0x2924, 0x3165, 0x3165,
  0x3165, 0x3965, 0x3965, 0x3965, 0x3124, 0x2904, 0x2904, 0x1021, 0xB596, 0xFFFF, 0xFFFF, 0xE6FC, 0x3108, 0x1025, 0x20A6, 0x0822,
  0x286A, 0x38AC, 0x38AC, 0x40CD, 0x48EE, 0x490E, 0x492F, 0x490E, 0x40CD, 0x30AB, 0x2068, 0x1025, 0x30A8, 0x38AA, 0x3089, 0x3088,
  0x3087, 0x2866, 0x2046, 0x1844, 0x0001, 0x0002, 0x3868, 0xE5FB, 0xFFFF, 0xFFDF, 0xFFFF, 0xFFFF, 0xFFFF, 0xFFFF, 0xFFFF, 0xFF9D,
  0x71A6, 0x0172, 0x0217, 0x1234, 0x22F8, 0x961F, 0xB69F, 0xAE7F, 0xBEDF, 0xC6FF, 0x4C9D, 0x0B1A, 0x01D4, 0x3106, 0xCA61, 0xD2A2,
  0xFB21, 0xB306, 0x8B0A, 0x9A44, 0xA2E7, 0xDBE5, 0xFBC1, 0xD3A5, 0xCBC6, 0xCB24, 0xBB24, 0xAB05, 0x9AE6, 0x82C8, 0x734D, 0x759B,
  0x65DF, 0x863F, 0xB6FF, 0xD75F, 0xA69F, 0xA6BF, 0xCF5F, 0xFFFF, 0xFFFF, 0xFFFF, 0xFFFF, 0xFFFF, 0xFFFF, 0xFFFF, 0xFFFF, 0xFFFF,
  0xFFFF, 0xFFFF, 0xFFFF, 0xFFFF, 0xFFFF, 0xFFFF, 0xFFFF, 0xFFFF, 0xFFFF, 0xFFFF, 0xFFFF, 0xFFFF, 0xFFFF, 0xFFFF, 0xF77D, 0xE6BB,
  0xEEBA, 0xB4F4, 0x2968, 0x41EA, 0x39A7, 0x3987, 0x41A7, 0x49E7, 0x5208, 0x5228, 0x5228, 0x5228, 0x5A28, 0x5A28, 0x5208, 0x5207,
  0x5207, 0x51E7, 0x51E7, 0x5207, 0x4185, 0x2904, 0x2904, 0x2924, 0x3124, 0x3165, 0x41A6, 0x41A6, 0x41A6, 0x4185, 0x3124, 0xB264,
  0xE282, 0xC202, 0xC1E0, 0xB9C0, 0xB1C0, 0xA9A0, 0xA9A0, 0xA180, 0xA140, 0x7246, 0x5AC8, 0x62C7, 0x62E7, 0x62E7, 0x6AE7, 0x7B48,
  0x93E9, 0xA44A, 0xA44A, 0xAC6A, 0xAC69, 0xAC49, 0xA408, 0xA408, 0xA408, 0x8B87, 0x72C5, 0x6AA4, 0x6A84, 0x6A84, 0x6AA4, 0x72E5,
  0x7B05, 0x72C5, 0x6284, 0x3162, 0x9470, 0x2943, 0x1060, 0x3120, 0x4181, 0x5A24, 0x20E3, 0x3144, 0x4162, 0x7AA5, 0xABE9, 0xB42B,
  0xB42A, 0xB40A, 0xABC9, 0x8AE7, 0x5A04, 0x49C3, 0x39C3, 0x3204, 0x3A85, 0x3AE6, 0x32C6, 0x32C6, 0x32C6, 0x3285, 0x2A24, 0x4244,
  0x6284, 0x7264, 0x1040, 0x0882, 0x0000, 0x0840, 0x10A2, 0x18C3, 0x18C3, 0x18E3, 0x20E4, 0x18C3, 0x18C3, 0x18A3, 0x10A2, 0x1082,
  0x10A2, 0x18A3, 0x10A2, 0x18C3, 0x20E3, 0x18A2, 0x1082, 0x18C3, 0x18C3, 0x18C3, 0x20E4, 0x3145, 0x3966, 0x3986, 0x3165, 0x3165,
  0x3985, 0x3986, 0x3985, 0x3965, 0x3945, 0x3145, 0x3125, 0x1042, 0x62EC, 0xFFFF, 0xFFFF, 0xE6DC, 0x2087, 0x1844, 0x1043, 0x0803,
  0x288A, 0x38CD, 0x38CC, 0x308B, 0x30AA, 0x38CB, 0x40CD, 0x490E, 0x490E, 0x410C, 0x30AA, 0x2068, 0x1826, 0x2867, 0x2887, 0x2866,
  0x2064, 0x2887, 0x40CB, 0x48EC, 0x38AB, 0x308A, 0x406A, 0x9B53, 0xFFFF, 0xFFFF, 0xFFFF, 0xFFFF, 0xFFFF, 0xFFFF, 0xFFFF, 0xEEB9,
  0x298D, 0x01F7, 0x0257, 0x01F5, 0x2318, 0x961F, 0xB69F, 0xBEBF, 0xC6DF, 0xC6FF, 0x6D3E, 0x0AD9, 0x0AD8, 0x0192, 0x4947, 0xDAA1,
  0xDAA1, 0xDAA1, 0xCAE4, 0x4901, 0x60A0, 0xCAE1, 0xFCA4, 0xFC83, 0xFC83, 0xFC83, 0xFC83, 0xFC83, 0xFCA4, 0xFD06, 0xFD69, 0xFDCC,
  0xC5D5, 0x6DDF, 0x65DF, 0xEFBF, 0xFFFF, 0xFFFF, 0xFFFF, 0xFFFF, 0xFFFF, 0xFFFF, 0xFFFF, 0xFFFF, 0xFFFF, 0xFFFF, 0xFFFF, 0xFFFF,
  0xFFFF, 0xFFFF, 0xFFFF, 0xFFFF, 0xFFFF, 0xFFFF, 0xFFFF, 0xFFFF, 0xFFFF, 0xFFFF, 0xFFFF, 0xFFFF, 0xFFFF, 0xFFFF, 0xFFFF, 0xFFFF,
  0xFFFF, 0x73D1, 0x31A9, 0x3987, 0x3966, 0x39A7, 0x41C7, 0x49E8, 0x5208, 0x5228, 0x5228, 0x5228, 0x5228, 0x5A28, 0x5207, 0x49E7,
  0x49A6, 0x3965, 0x3144, 0x3144, 0x20E3, 0x20C2, 0x18A2, 0x20C3, 0x3145, 0x41A6, 0x49C7, 0x49C6, 0x41A6, 0x4185, 0x3944, 0xD283,
  0xE2A3, 0xD242, 0xCA01, 0xC1E0, 0xB9E0, 0xB9C0, 0xB1C0, 0xA160, 0x8982, 0x5AA8, 0x5AC7, 0x7369, 0x83CA, 0x8BEA, 0x940A, 0x93E9,
  0x93E9, 0x9C09, 0x9C29, 0xA449, 0xB48A, 0xB48A, 0xAC69, 0xA408, 0x93A7, 0x72E5, 0x49C3, 0x41A2, 0x5203, 0x6AA4, 0x8346, 0x8B87,
  0x8346, 0x72E5, 0x6285, 0x20E0, 0x83EF, 0xAD72, 0x20C0, 0x2900, 0x3120, 0x49A5, 0x2103, 0x3143, 0x7AC6, 0x9BA9, 0xA3EA, 0xAC0A,
  0xBC2A, 0xC46B, 0xCC8B, 0xCC8B, 0xB40A, 0xA388, 0x8B06, 0x7AA5, 0x7265, 0x61E4, 0x6A04, 0x61E4, 0x51A3, 0x6A24, 0x8AC6, 0xAB87,
  0xB3C8, 0xA367, 0x28E1, 0x1081, 0x0820, 0x0861, 0x18A3, 0x18C3, 0x20E4, 0x2104, 0x2104, 0x2104, 0x2104, 0x2104, 0x2104, 0x2104,
  0x2104, 0x2924, 0x2924, 0x2104, 0x2104, 0x20E3, 0x20E3, 0x20C3, 0x20C3, 0x2904, 0x2925, 0x3145, 0x3145, 0x3145, 0x3145, 0x3165,
  0x3966, 0x3986, 0x3986, 0x3965, 0x3965, 0x3965, 0x3145, 0x18A3, 0x3987, 0xFFBF, 0xFFFF, 0xBDB8, 0x1005, 0x28C7, 0x1844, 0x2869,
  0x38CC, 0x40CD, 0x40CD, 0x38CC, 0x30AB, 0x40EC, 0x490D, 0x40EC, 0x490D, 0x490D, 0x490D, 0x40ED, 0x30AB, 0x1026, 0x2087, 0x61EC,
  0x59CA, 0x512C, 0x6150, 0x490C, 0x30A9, 0x2886, 0x2063, 0x9C32, 0xFFFF, 0xFFDF, 0xFFFF, 0xFFFF, 0xFFFF, 0xFFFF, 0xFFFF, 0xE73D,
  0x0A57, 0x01F6, 0x1256, 0x11F4, 0x3379, 0xA67F, 0xBE9F, 0xBEBF, 0xC6FF, 0xCEFF, 0x85BF, 0x12D8, 0x1319, 0x0AF9, 0x0192, 0x4126,
  0xCA40, 0xCA40, 0x8120, 0x9223, 0xCA82, 0x68C0, 0xE3C3, 0xFCC5, 0xFC64, 0xFC64, 0xFC64, 0xFC64, 0xFC43, 0xFC23, 0xFC03, 0xFC23,
  0xFD06, 0xB5F7, 0xA6BF, 0xF7DF, 0xFFFF, 0xFFFF, 0xFFFF, 0xFFFF, 0xFFFF, 0xFFFF, 0xFFFF, 0xFFFF, 0xFFFF, 0xFFFF, 0xFFFF, 0xFFFF,
  0xFFFF, 0xFFFF, 0xFFFF, 0xFFFF, 0xFFFF, 0xFFFF, 0xFFFF, 0xFFFF, 0xFFFF, 0xFFFF, 0xFFFF, 0xFFFF, 0xFFFF, 0xFFFF, 0xFFFF, 0xFFFF,
  0xE73D, 0x39CA, 0x3187, 0x3986, 0x3987, 0x41A7, 0x41C7, 0x49E8, 0x5208, 0x5208, 0x5228, 0x5228, 0x5228, 0x5228, 0x5207, 0x5207,
  0x51E7, 0x5207, 0x4185, 0x0841, 0x1061, 0x20E3, 0x3144, 0x3965, 0x3965, 0x3986, 0x41C6, 0x49C6, 0x41A6, 0x3965, 0x5164, 0xEAE4,
  0xE2C4, 0xDA63, 0xCA01, 0xC1E0, 0xC200, 0xB9E0, 0xB1A0, 0x9980, 0x6246, 0x4A67, 0x6AE8, 0x7B69, 0x83A9, 0x8BEA, 0x940A, 0x9C4B,
  0x93C8, 0x8B87, 0xA449, 0xA449, 0xA449, 0xA408, 0x8BA7, 0x72C5, 0x6A84, 0x3141, 0x3141, 0x5203, 0x72C5, 0x7B26, 0x7B06, 0x7B26,
  0x7B26, 0x72E5, 0x6284, 0x3961, 0x41E5, 0xFFFF, 0x7BCB, 0x0820, 0x41C4, 0x6A87, 0x49E5, 0x6224, 0x9BA9, 0xABEA, 0xB42B, 0xBC6B,
  0xBC4B, 0xBC6B, 0xCC8B, 0xCC8B, 0xCC8A, 0xCCAB, 0xCC8B, 0xC44A, 0xBC2A, 0x9B68, 0xA388, 0xA388, 0xABC8, 0xBC29, 0xC46A, 0xBC4A,
  0xB3C8, 0xA387, 0x3943, 0x1060, 0x0840, 0x1061, 0x18A2, 0x20E3, 0x2104, 0x2924, 0x2924, 0x2904, 0x2104, 0x20E4, 0x20E3, 0x20E4,
  0x20E3, 0x20E4, 0x2904, 0x20E3, 0x20E3, 0x20E3, 0x20E3, 0x2104, 0x2925, 0x2945, 0x3145, 0x3166, 0x3166, 0x3966, 0x3966, 0x3986,
  0x3986, 0x39A6, 0x3165, 0x3965, 0x3985, 0x3165, 0x3145, 0x2904, 0x20C4, 0xD67A, 0xFFFF, 0xF7BE, 0x41AA, 0x2066, 0x1844, 0x38AB,
  0x48EE, 0x48EF, 0x48EE, 0x490F, 0x490F, 0x5130, 0x5951, 0x5951, 0x5971, 0x5950, 0x5951, 0x5951, 0x490F, 0x30AA, 0x1826, 0x59AD,
  0x61EB, 0x3928, 0x28A5, 0x28E4, 0x2903, 0x3944, 0x59E7, 0xE69A, 0xFFFF, 0xFFFF, 0xFFFF, 0xFFFF, 0xFFFF, 0xFFFF, 0xFFFF, 0xCEFF,
  0x01F7, 0x01B5, 0x01D4, 0x01F5, 0x4C1B, 0xB69F, 0xBEBF, 0xBEBF, 0xCF1F, 0xCEFF, 0xAE7F, 0x2339, 0x0AF8, 0x0AF9, 0x02D9, 0x0130,
  0x5944, 0x8161, 0x40A0, 0xBA81, 0xDAE2, 0xB1E0, 0x99E1, 0xFCE5, 0xFC84, 0xFC84, 0xFC63, 0xFC63, 0xFC43, 0xFC22, 0xFC02, 0xFC43,
  0xFC02, 0xFD48, 0xFFFE, 0xFFFF, 0xFFFF, 0xFFFF, 0xFFFF, 0xFFFF, 0xFFFF, 0xFFFF, 0xFFFF, 0xFFFF, 0xFFFF, 0xFFFF, 0xFFFF, 0xFFFF,
  0xFFFF, 0xFFFF, 0xFFFF, 0xFFFF, 0xFFFF, 0xFFFF, 0xFFFF, 0xFFFF, 0xFFFF, 0xFFFF, 0xFFFF, 0xFFFF, 0xFFFF, 0xFFFF, 0xFFFF, 0xFFDF,
  0x7390, 0x2925, 0x3987, 0x39A8, 0x41C8, 0x41C8, 0x49E8, 0x49E8, 0x5228, 0x5228, 0x5A48, 0x5228, 0x5208, 0x5208, 0x5228, 0x5207,
  0x5A27, 0x5A07, 0x20C2, 0x0000, 0x18C2, 0x3965, 0x41A6, 0x3986, 0x3986, 0x41A6, 0x49C6, 0x49C6, 0x41A6, 0x3165, 0x71E4, 0xFB25,
  0xEAE5, 0xDA62, 0xCA00, 0xC1E0, 0xC200, 0xB9E0, 0xA980, 0x99A1, 0x6287, 0x5287, 0x7B49, 0x838A, 0x7B89, 0x8BEA, 0x8BEA, 0x93E9,
  0x8326, 0x93E8, 0xAC49, 0xA429, 0x9BE8, 0x93A7, 0x8B66, 0x8B86, 0x6264, 0x28E0, 0x49C1, 0x6284, 0x8367, 0x8B87, 0x7B46, 0x7B06,
  0x7B06, 0x72E5, 0x62A4, 0x3961, 0x3142, 0xE6FB, 0xFFFF, 0x83ED, 0x6266, 0x7B09, 0x938A, 0xA3EA, 0xAC0B, 0xAC0A, 0xAC0A, 0xC46B,
  0xCCAC, 0xCCAB, 0xCC8B, 0xC46A, 0xBC29, 0xB409, 0xABC8, 0x9B67, 0x9B88, 0x82E6, 0x7AA5, 0x8AE6, 0x9326, 0x9326, 0xA388, 0xB409,
  0xBC09, 0xABA7, 0x7309, 0x0000, 0x0820, 0x1082, 0x18A2, 0x20E3, 0x2104, 0x2904, 0x2104, 0x2104, 0x2104, 0x20E3, 0x20E3, 0x20E3,
  0x20E4, 0x20E4, 0x20E3, 0x18C3, 0x18A2, 0x18A2, 0x18E3, 0x20E3, 0x18C3, 0x18C3, 0x18C3, 0x20E4, 0x2104, 0x2925, 0x3145, 0x3165,
  0x3986, 0x41A6, 0x2924, 0x18C3, 0x41A6, 0x3985, 0x2904, 0x3125, 0x1883, 0xA4F4, 0xFFFF, 0xF79E, 0x396A, 0x1024, 0x0840, 0x1883,
  0x1864, 0x1864, 0x1865, 0x28A8, 0x38EB, 0x38CA, 0x38CA, 0x38CA, 0x30A9, 0x28A7, 0x2887, 0x28A6, 0x20C4, 0x28E4, 0x20C4, 0x2085,
  0x4149, 0x4969, 0x4185, 0x49A6, 0x4186, 0x4986, 0x59E7, 0xB493, 0xF69F, 0xFF3F, 0xFFFF, 0xFFFF, 0xFFFF, 0xFFDF, 0xFFFF, 0xDF3F,
  0x0A16, 0x0173, 0x0193, 0x01F4, 0x543A, 0xAE7F, 0xB69F, 0xAE7F, 0xC6DF, 0xCF1F, 0xBEDF, 0x4C3C, 0x0AD8, 0x0AD8, 0x031A, 0x0277,
  0x00CB, 0x8A03, 0xC221, 0xCA61, 0xD302, 0xE2C1, 0x8100, 0xDBA3, 0xFCE5, 0xFC84, 0xFC84, 0xFC43, 0xFC43, 0xFC22, 0xFC44, 0xFC23,
  0xFC03, 0xFBE1, 0xFE95, 0xFFFF, 0xFFFF, 0xFFFF, 0xFFFF, 0xFFFF, 0xFFFF, 0xFFFF, 0xFFFF, 0xFFFF, 0xFFFF, 0xFFFF, 0xFFFF, 0xFFFF,
  0xFFFF, 0xFFFF, 0xFFFF, 0xFFFF, 0xFFFF, 0xFFFF, 0xFFFF, 0xFFFF, 0xFFFF, 0xFFFF, 0xFFFF, 0xFFFF, 0xFFFF, 0xFFFF, 0xFFFF, 0x9CF5,
  0x20E5, 0x3187, 0x39A8, 0x41C8, 0x41C8, 0x41C7, 0x49E7, 0x49E8, 0x5228, 0x5A49, 0x5A48, 0x5A48, 0x5228, 0x5A28, 0x5A28, 0x5A27,
  0x5207, 0x3964, 0x0020, 0x18A2, 0x20E3, 0x3124, 0x3986, 0x3986, 0x3986, 0x41C6, 0x49C7, 0x49C6, 0x49A6, 0x3145, 0x9A45, 0xFB67,
  0xEAC4, 0xDA41, 0xCA00, 0xC200, 0xC200, 0xB9C0, 0xA980, 0xA960, 0x79C3, 0x4226, 0x5AA6, 0x6B08, 0x7348, 0x7B89, 0x8BE9, 0x93A7,
  0x8346, 0x9C08, 0xA428, 0xA428, 0xA408, 0x9BC7, 0x9BC7, 0x9BE7, 0x2921, 0x3141, 0x6AA4, 0x5A44, 0x62A4, 0x8367, 0x93C8, 0x8B87,
  0x8346, 0x72E5, 0x6AA5, 0x3142, 0x20A0, 0xCE38, 0xFFFF, 0xA4B1, 0x72C8, 0x93CC, 0xA3EB, 0xA3EB, 0xB44C, 0xC4CD, 0xC4AC, 0xB42A,
  0xCCAC, 0xCCAB, 0xCC8B, 0xC46A, 0xBC29, 0xBC09, 0xB3C8, 0x8AE6, 0x61E3, 0x61E3, 0x7264, 0x8AE6, 0xABA8, 0xB409, 0xBC29, 0xBC29,
  0xB3E9, 0xB3E8, 0x6246, 0x0000, 0x0020, 0x1082, 0x18C3, 0x2104, 0x2924, 0x2924, 0x2904, 0x2904, 0x2924, 0x2924, 0x2924, 0x2925,
  0x2925, 0x2904, 0x18C3, 0x1082, 0x0861, 0x0841, 0x0841, 0x0861, 0x1082, 0x1082, 0x18C3, 0x20E4, 0x2104, 0x2945, 0x3165, 0x3166,
  0x3966, 0x3986, 0x3985, 0x18A3, 0x3145, 0x41A6, 0x5249, 0x3165, 0x20C3, 0x3987, 0xF77D, 0xEF5D, 0x38AC, 0x1004, 0x18A2, 0x2905,
  0x28E4, 0x20C4, 0x1882, 0x1882, 0x1882, 0x1061, 0x1061, 0x1061, 0x18A2, 0x20C3, 0x2924, 0x2924, 0x3145, 0x49A7, 0x4187, 0x49C7,
  0x40CB, 0x7153, 0x720D, 0x6A2B, 0x6208, 0x6228, 0x726B, 0xA310, 0xAA95, 0xC27E, 0xE49F, 0xF6BF, 0xFFFF, 0xFFFF, 0xFFFF, 0xFFFF,
  0x22F8, 0x0153, 0x01B4, 0x0215, 0x543A, 0xA65F, 0xA63F, 0xAE7F, 0xB69F, 0xCEFF, 0xC6DF, 0x753E, 0x0AB8, 0x0AF8, 0x02F9, 0x02B8,
  0x0150, 0x48E4, 0xAA01, 0xA1A0, 0xC261, 0xF342, 0xB1E0, 0x89A1, 0xFD05, 0xFCA4, 0xFC64, 0xFC22, 0xDC06, 0xF4A6, 0xFC64, 0xFC23,
  0xFC03, 0xFC02, 0xFD09, 0xFFDE, 0xFFFF, 0xFFFF, 0xFFFF, 0xFFFF, 0xFFFF, 0xFFFF, 0xFFFF, 0xFFFF, 0xFFFF, 0xFFFF, 0xFFFF, 0xFFFF,
  0xFFFF, 0xFFFF, 0xFFFF, 0xFFFF, 0xFFFF, 0xFFFF, 0xFFFF, 0xFFFF, 0xFFFF, 0xFFFF, 0xFFFF, 0xFFFF, 0xFFFF, 0xFFFF, 0xE71D, 0x31A8,
  0x2946, 0x3188, 0x39A8, 0x41C8, 0x41C7, 0x41C7, 0x41C7, 0x49C7, 0x5208, 0x5A48, 0x5A48, 0x5A28, 0x5A28, 0x5228, 0x5207, 0x51E7,
  0x51E6, 0x28E3, 0x0840, 0x28E3, 0x3144, 0x3145, 0x3965, 0x3986, 0x41A6, 0x41C6, 0x49C6, 0x41A6, 0x41A6, 0x3964, 0xC38B, 0xFBC8,
  0xE2A2, 0xDA61, 0xD240, 0xCA00, 0xC1E0, 0xB9E0, 0xA980, 0x9980, 0x5A46, 0x4226, 0x4225, 0x39E4, 0x4204, 0x4A04, 0x6AC6, 0x9BC7,
  0x93C7, 0x93E8, 0x9C08, 0xA428, 0x9C08, 0x93A7, 0x9BE7, 0x72C5, 0x18A0, 0x2901, 0x6284, 0x7B06, 0x6AA5, 0x72E5, 0x8347, 0x8B87,
  0x8347, 0x72E6, 0x5A64, 0x39A2, 0x20A0, 0xBDB5, 0xF79E, 0x72E8, 0x8329, 0x93CB, 0xA3EB, 0xA3EB, 0xB44C, 0xBC8C, 0xA3A8, 0xBC6B,
  0xCCAC, 0xCCAC, 0xCCCB, 0xD4CB, 0xD4AB, 0xCC8A, 0xBC08, 0x59E3, 0x3921, 0x6A23, 0x82C5, 0xA3A8, 0xBC6B, 0xCCAB, 0xC44A, 0xBC09,
  0xBC29, 0xABC8, 0x8AE6, 0x0000, 0x0020, 0x1061, 0x18C3, 0x2104, 0x2924, 0x2925, 0x2925, 0x2925, 0x3145, 0x3145, 0x3145, 0x2924,
  0x20E3, 0x18C2, 0x1082, 0x0861, 0x0000, 0x0020, 0x1082, 0x20E4, 0x2945, 0x3145, 0x3145, 0x3166, 0x3145, 0x3166, 0x3986, 0x3986,
  0x3986, 0x3986, 0x3986, 0x2924, 0x20E3, 0x2924, 0x4A08, 0x4186, 0x3986, 0x2905, 0xA4F3, 0xFFDF, 0x7252, 0x1844, 0x1082, 0x20C4,
  0x3125, 0x3146, 0x3105, 0x28E4, 0x20E4, 0x18A3, 0x1882, 0x1882, 0x20C4, 0x3946, 0x41A7, 0x49A7, 0x4187, 0x41A7, 0x3125, 0x3966,
  0x59AB, 0x7A12, 0x9251, 0x9A93, 0x9AF3, 0xA295, 0x6A4B, 0xB259, 0xA256, 0x70F4, 0xA1DB, 0xD31E, 0xED1F, 0xF7BF, 0xFFFF, 0xEF9F,
  0x1AF9, 0x0194, 0x01D5, 0x0215, 0x441A, 0x961F, 0xA65F, 0xB6BF, 0xBEBF, 0xC6DF, 0xBEBF, 0x8DBF, 0x2359, 0x02B8, 0x0277, 0x0235,
  0x014F, 0x10A6, 0x9181, 0xB1E1, 0xD261, 0xEB22, 0xE2E1, 0x8900, 0xB282, 0xFC83, 0xFC62, 0xFC83, 0xF443, 0xDC69, 0xFC04, 0xF445,
  0xFC23, 0xF403, 0xF4A8, 0xFFBE, 0xFFFF, 0xFFFF, 0xFFFF, 0xFFFF, 0xFFFF, 0xFFFF, 0xFFFF, 0xFFFF, 0xFFFF, 0xFFFF, 0xFFFF, 0xFFFF,
  0xFFFF, 0xFFFF, 0xFFFF, 0xFFFF, 0xFFFF, 0xFFFF, 0xFFFF, 0xFFFF, 0xFFFF, 0xFFFF, 0xFFFF, 0xFFFF, 0xFFFF, 0xFFFF, 0x9493, 0x18E5,
  0x39A9, 0x39A8, 0x3987, 0x3987, 0x39A7, 0x41C8, 0x49E8, 0x4A08, 0x5228, 0x5A48, 0x5A28, 0x5228, 0x5207, 0x51E7, 0x49C6, 0x51E6,
  0x49C6, 0x0841, 0x1082, 0x2904, 0x3145, 0x3145, 0x3965, 0x3986, 0x41C7, 0x49C7, 0x49C6, 0x41A6, 0x4185, 0x49A5, 0xE44E, 0xFBC9,
  0xEAC3, 0xDA61, 0xD220, 0xC1E0, 0xC1E0, 0xB1C0, 0xA980, 0x8203, 0x52C8, 0x6B08, 0x7348, 0x6B07, 0x7B68, 0x83A9, 0x9C09, 0x93C7,
  0x93C8, 0x9BE8, 0x9C08, 0xA408, 0x9BE7, 0x9BC7, 0x9BC7, 0x3982, 0x2900, 0x41A2, 0x5223, 0x7B06, 0x7B26, 0x7B26, 0x8347, 0x8367,
  0x7B46, 0x72E5, 0x5224, 0x3162, 0x4A05, 0xF77D, 0xFFDF, 0x6AEA, 0x5A05, 0x6A86, 0x8B49, 0x9BCA, 0x9389, 0xA3C8, 0xA3A8, 0xBC6B,
  0xC4AB, 0xCCCB, 0xD4CB, 0xCCAB, 0xBC29, 0xABA7, 0x82A5, 0x1860, 0x5182, 0x8B06, 0xA3A8, 0x9B47, 0x9B67, 0xABC9, 0xBC4A, 0xC44A,
  0xC46A, 0x9B47, 0x8B06, 0x18A1, 0x0020, 0x20E3, 0x20E3, 0x18E3, 0x2104, 0x2924, 0x2945, 0x2925, 0x2924, 0x2924, 0x2104, 0x20C3,
  0x18A2, 0x18A2, 0x18A2, 0x0841, 0x0000, 0x0000, 0x0841, 0x18C3, 0x2104, 0x2945, 0x3166, 0x3166, 0x3966, 0x3986, 0x3986, 0x3986,
  0x3986, 0x3986, 0x3986, 0x2904, 0x3145, 0x20E3, 0x0841, 0x20C3, 0x3165, 0x2904, 0x5A8A, 0xFFFF, 0xEF7D, 0x3948, 0x1043, 0x20E4,
  0x28E4, 0x3966, 0x4187, 0x3986, 0x3145, 0x20C3, 0x1882, 0x1041, 0x0020, 0x20A4, 0x20C4, 0x3125, 0x41A7, 0x51E8, 0x3966, 0x18A3,
  0x3945, 0x4966, 0x3946, 0x51C8, 0x7AAD, 0xB2B8, 0x828E, 0x720D, 0xAAD4, 0x8A32, 0x7918, 0x91BA, 0xB9FD, 0xE43F, 0xFFBF, 0xDF7F,
  0x0279, 0x0217, 0x1A55, 0x01D3, 0x1B59, 0x7DBF, 0x9E3F, 0xB69F, 0xA65F, 0xB6BF, 0xBEDF, 0xA65F, 0x5C9C, 0x0AD9, 0x133A, 0x1319,
  0x0A55, 0x010E, 0x7164, 0xC200, 0xBA21, 0xCA61, 0xE301, 0xCA61, 0xA980, 0x9980, 0xA1E0, 0xB220, 0xBA20, 0x92A6, 0xC3EA, 0xC346,
  0xB221, 0xC240, 0xECCA, 0xFFFF, 0xFFFF, 0xFFFF, 0xFFFF, 0xFFFF, 0xFFFF, 0xFFFF, 0xFFFF, 0xFFFF, 0xFFFF, 0xFFFF, 0xFFFF, 0xFFFF,
  0xFFFF, 0xFFFF, 0xFFFF, 0xFFFF, 0xFFFF, 0xFFFF, 0xFFFF, 0xFFFF, 0xFFFF, 0xFFFF, 0xFFFF, 0xFFFF, 0xFFFF, 0xFFDF, 0x5ACD, 0x3189,
  0x39A8, 0x3166, 0x3166, 0x39A8, 0x41C9, 0x49E9, 0x5208, 0x5228, 0x5228, 0x5228, 0x5227, 0x5207, 0x51E7, 0x49C6, 0x49C6, 0x5A27,
  0x2903, 0x0020, 0x20E3, 0x2924, 0x2945, 0x3145, 0x3966, 0x3986, 0x41C7, 0x49C6, 0x41A6, 0x41A6, 0x3944, 0x5A27, 0xFD12, 0xFBEB,
  0xEAC4, 0xE261, 0xD220, 0xC1E0, 0xC1E0, 0xB9C0, 0xB1C0, 0x6A86, 0x5AE8, 0x6B28, 0x7348, 0x7B68, 0x83C9, 0x940A, 0x9BE8, 0x8B86,
  0x9C29, 0xA429, 0x9C08, 0xA408, 0xA407, 0x9BE7, 0x8346, 0x2901, 0x41A1, 0x5203, 0x5A43, 0x72E5, 0x8346, 0x8347, 0x8347, 0x8346,
  0x7B26, 0x6AE5, 0x49E3, 0x3162, 0x4A05, 0xFFDF, 0xDEFB, 0x6287, 0x72C8, 0x6287, 0x6266, 0x72C7, 0x7B07, 0xA3A8, 0xAC09, 0xBC6B,
  0xC48B, 0xCCAB, 0xCC8B, 0xC449, 0xB3E8, 0xC449, 0x6A65, 0x3901, 0x7AA5, 0x7AA5, 0xABC9, 0xCC8B, 0xC46A, 0xBC2A, 0xBC4A, 0xBC4A,
  0xBC49, 0xA387, 0x6A45, 0x30E2, 0x0020, 0x20E3, 0x18C3, 0x20E4, 0x2104, 0x2924, 0x2924, 0x2924, 0x2904, 0x2103, 0x20E3, 0x20E3,
  0x2904, 0x20E3, 0x18A2, 0x0820, 0x0000, 0x0000, 0x0021, 0x1082, 0x10A3, 0x18E4, 0x2925, 0x2945, 0x3166, 0x3986, 0x3986, 0x3986,
  0x39A6, 0x3986, 0x39A6, 0x3145, 0x2925, 0x41A6, 0x3965, 0x3145, 0x20E3, 0x1061, 0x20A3, 0xE6FC, 0xE6FC, 0x384B, 0x388A, 0x2923,
  0x20C4, 0x3966, 0x4187, 0x3946, 0x28E4, 0x20C3, 0x20C4, 0x1041, 0x0000, 0x1062, 0x3105, 0x2905, 0x3125, 0x41A7, 0x49A7, 0x3966,
  0x51E8, 0x51C7, 0x3124, 0x28E4, 0x3925, 0x4186, 0x4166, 0x3104, 0x3964, 0x7A10, 0x7117, 0x7115, 0x9179, 0xC23D, 0xE47F, 0xEF1F,
  0x4BFA, 0x01D7, 0x01B4, 0x01F3, 0x1359, 0x4C7E, 0x85DF, 0x85BF, 0xA67F, 0x85BF, 0xAE7F, 0xAE9F, 0x6D1D, 0x2318, 0x137A, 0x1339,
  0x0B1A, 0x01B4, 0x20E7, 0xB1E0, 0xB221, 0xBA21, 0xCA81, 0xDAE2, 0xF3C4, 0xF444, 0xE361, 0xE362, 0xE341, 0x89C2, 0xD343, 0xEB41,
  0xF3C2, 0xFC02, 0xFC63, 0xFF17, 0xFFFF, 0xFFFF, 0xFFFF, 0xFFFF, 0xFFFF, 0xFFFF, 0xFFFF, 0xFFFF, 0xFFFF, 0xFFFF, 0xFFFF, 0xFFFF,
  0xFFFF, 0xFFFF, 0xFFFF, 0xFFFF, 0xFFFF, 0xFFFF, 0xFFFF, 0xFFFF, 0xFFFF, 0xFFFF, 0xFFFF, 0xFFFF, 0xFFFF, 0xE71C, 0x39C9, 0x3187,
  0x3187, 0x39C8, 0x41E9, 0x4A09, 0x4A08, 0x5208, 0x5228, 0x49E7, 0x49E7, 0x5207, 0x5207, 0x51E7, 0x51E7, 0x49C6, 0x51E6, 0x49C6,
  0x0841, 0x1081, 0x2904, 0x2904, 0x2924, 0x3145, 0x3986, 0x41A6, 0x41C7, 0x49C7, 0x41A6, 0x41A6, 0x3144, 0x832C, 0xFE17, 0xF4AF,
  0xEB88, 0xE2C3, 0xD220, 0xC200, 0xC200, 0xC1E0, 0xA222, 0x52A8, 0x62C7, 0x6B28, 0x6B07, 0x7B89, 0x83C9, 0x9409, 0x93A6, 0x8B86,
  0x9C08, 0xA408, 0x9BE8, 0x9BE8, 0xA408, 0x9BE7, 0x6AA4, 0x28E0, 0x41A2, 0x5224, 0x5A44, 0x6284, 0x7B26, 0x8367, 0x8367, 0x8347,
  0x7B26, 0x6AC5, 0x49E3, 0x3982, 0x4A05, 0xFFFF, 0xB574, 0x6A87, 0x8B8B, 0x8B69, 0x9BCA, 0xAC2B, 0xBC8C, 0xABE9, 0xAC0A, 0xC48B,
  0xC48B, 0xCC8A, 0xCC6A, 0xC449, 0xC46A, 0xC449, 0x4962, 0x51A2, 0x9327, 0xA388, 0x9307, 0xB3E9, 0xC48B, 0xC46B, 0xC46B, 0xC44A,
  0xBC29, 0xABE8, 0x6A65, 0x20E3, 0x0841, 0x18A2, 0x1082, 0x20E4, 0x2924, 0x2924, 0x2924, 0x2924, 0x2904, 0x2904, 0x2924, 0x3145,
  0x2924, 0x20E3, 0x1081, 0x0841, 0x0000, 0x0820, 0x10A2, 0x10A2, 0x18A3, 0x18C3, 0x18C4, 0x2104, 0x2945, 0x3966, 0x3986, 0x3986,
  0x41A6, 0x3986, 0x41A6, 0x3985, 0x2925, 0x3986, 0x41A6, 0x41A6, 0x3965, 0x2904, 0x3145, 0xEF5D, 0xDEBB, 0x306B, 0x30C7, 0x2903,
  0x3125, 0x3967, 0x4187, 0x3966, 0x3966, 0x3966, 0x3105, 0x1062, 0x0821, 0x0020, 0x28E5, 0x3966, 0x3146, 0x3946, 0x49C7, 0x41A7,
  0x5A28, 0x6A69, 0x6A49, 0x6248, 0x51E7, 0x3945, 0x51A8, 0x4947, 0x5187, 0x616F, 0x5893, 0x68D4, 0x7135, 0x8978, 0xBA5C, 0xEC9F,
  0xFF9F, 0xBE7D, 0x5BF8, 0x32B5, 0x5398, 0x747B, 0x857E, 0x853D, 0x95FF, 0x95DE, 0x9D9C, 0xADFD, 0x9D3B, 0x6C17, 0x0A96, 0x0AB6,
  0x12B6, 0x1A10, 0x296A, 0x89A2, 0xAA01, 0xB222, 0xC241, 0xE2E2, 0xDB03, 0xFD06, 0xFCC4, 0xFC83, 0xFCC3, 0xD2C0, 0xBAE2, 0xF483,
  0xFC43, 0xFC22, 0xFC01, 0xFDCE, 0xFFFF, 0xFFFF, 0xFFFF, 0xFFFF, 0xFFFF, 0xFFFF, 0xFFFF, 0xFFFF, 0xFFFF, 0xFFFF, 0xFFFF, 0xFFFF,
  0xFFFF, 0xFFFF, 0xFFFF, 0xFFFF, 0xFFFF, 0xFFFF, 0xFFFF, 0xFFFF, 0xFFFF, 0xFFFF, 0xFFFF, 0xFFFF, 0xFFFF, 0xCE7A, 0x2947, 0x39EA,
  0x4A2B, 0x4A09, 0x4A08, 0x49E7, 0x49C7, 0x49C7, 0x41C6, 0x41A6, 0x49C6, 0x49E7, 0x51E7, 0x51E6, 0x49C6, 0x51E6, 0x51E6, 0x2924,
  0x0842, 0x18A2, 0x2904, 0x2924, 0x2925, 0x3145, 0x3986, 0x41A6, 0x41C7, 0x49C6, 0x49C6, 0x41A6, 0x3944, 0xB451, 0xFDF7, 0xF4F1,
  0xEC0B, 0xE306, 0xCA63, 0xC242, 0xC200, 0xC1E0, 0x8224, 0x52A8, 0x62E7, 0x6B08, 0x6B07, 0x7B69, 0x8BE9, 0x9C08, 0x8B66, 0x8BA7,
  0x9BE8, 0x9C08, 0x9C08, 0xA408, 0x9BE7, 0x8B66, 0x49C2, 0x2900, 0x3982, 0x5203, 0x5A64, 0x5A64, 0x7306, 0x8367, 0x8367, 0x7B47,
  0x7B06, 0x62A5, 0x49E3, 0x39A2, 0x5A87, 0xFFFF, 0x8BED, 0x72C8, 0x8B6A, 0x8B69, 0x93AA, 0xA40B, 0xB42A, 0xABC8, 0xBC4A, 0xC48C,
  0xCC8B, 0xCC8B, 0xCC8A, 0xC46A, 0xC46A, 0x9306, 0x30E0, 0x51A2, 0x7265, 0xABA8, 0xA388, 0xA388, 0xBC2A, 0xC46A, 0xC46A, 0xC46A,
  0xBC29, 0xA387, 0x7AA5, 0x1082, 0x0861, 0x1082, 0x10A2, 0x18E3, 0x2924, 0x2924, 0x2924, 0x2924, 0x2924, 0x2924, 0x3145, 0x2924,
  0x2904, 0x18C2, 0x1081, 0x1061, 0x0000, 0x3165, 0x6B2C, 0x0862, 0x18E4, 0x18C3, 0x18C3, 0x18C3, 0x20E4, 0x2925, 0x3166, 0x3986,
  0x41A6, 0x39A6, 0x41A6, 0x3965, 0x2924, 0x3965, 0x41A6, 0x3986, 0x3965, 0x3125, 0x3125, 0xE73C, 0xD67B, 0x2046, 0x20A3, 0x3945,
  0x3145, 0x3966, 0x4187, 0x4187, 0x4186, 0x3966, 0x2904, 0x1883, 0x1062, 0x0000, 0x1883, 0x3105, 0x3946, 0x3966, 0x41A7, 0x41A7,
  0x49C7, 0x6229, 0x6249, 0x6A89, 0x6A69, 0x5A07, 0x622A, 0x824F, 0x8AAE, 0x720E, 0x4850, 0x60D3, 0x68D5, 0x70D6, 0x8979, 0xBA1D,
  0xE47F, 0xFFFF, 0xFFDF, 0x6C3B, 0x849B, 0xADBD, 0xBE1D, 0xBE3D, 0xA5BD, 0xBE3D, 0xDEDD, 0xDE9D, 0xD69D, 0xBDBB, 0x8477, 0x9496,
  0xACF7, 0xA4B6, 0x9455, 0x8AEB, 0xA9C0, 0xB222, 0xB201, 0xD2A2, 0xD2A2, 0xE3A3, 0xFCC4, 0xFC63, 0xFC22, 0xFC21, 0xCA81, 0xDAE1,
  0xFC02, 0xFC02, 0xFBE1, 0xFC85, 0xFFBD, 0xFFFF, 0xFFFF, 0xFFFF, 0xFFFF, 0xFFFF, 0xFFFF, 0xFFFF, 0xFFFF, 0xFFFF, 0xFFFF, 0xFFFF,
  0xFFFF, 0xFFFF, 0xFFFF, 0xFFFF, 0xFFFF, 0xFFFF, 0xFFFF, 0xFFFF, 0xFFFF, 0xFFFF, 0xFFFF, 0xFFFF, 0xFFFF, 0xD69B, 0x39CA, 0x4A2A,
  0x49E8, 0x49C7, 0x49E7, 0x49E7, 0x41A6, 0x41A6, 0x41A6, 0x4186, 0x49C7, 0x49E7, 0x51E7, 0x51E7, 0x49C6, 0x5207, 0x49C6, 0x18C4,
  0x1082, 0x20E3, 0x2904, 0x2924, 0x3125, 0x3165, 0x3986, 0x41A6, 0x41A6, 0x41C6, 0x49C6, 0x41A5, 0x4185, 0xDD76, 0xF5D7, 0xED12,
  0xE48F, 0xDBAA, 0xD307, 0xCAE6, 0xCA42, 0xC1E0, 0x9223, 0x52A7, 0x62C7, 0x62E7, 0x6B28, 0x7B89, 0x9409, 0x9C08, 0x8B86, 0x93C7,
  0x9C08, 0x9C08, 0xA428, 0xA408, 0x8346, 0x7B06, 0x3983, 0x3121, 0x41A2, 0x5203, 0x6284, 0x62A5, 0x6AE5, 0x7B46, 0x8367, 0x7B46,
  0x7306, 0x6284, 0x41C3, 0x3161, 0x6B29, 0xEF5D, 0x6AC8, 0x7B09, 0x8B69, 0x8B69, 0x93AA, 0xAC2B, 0xB429, 0xB409, 0xC48B, 0xCCAC,
  0xCCAB, 0xCC8B, 0xCC8A, 0xC46A, 0xBC08, 0x6204, 0x20A0, 0x59E3, 0x6A45, 0x9B88, 0xBC0A, 0xB3E9, 0xB40A, 0xBC4A, 0xC44A, 0xBC2A,
  0xB3E9, 0x9B67, 0x7AA5, 0x0000, 0x0840, 0x18A2, 0x18A2, 0x20E4, 0x2924, 0x2924, 0x2904, 0x2904, 0x2924, 0x3144, 0x2924, 0x2904,
  0x20E3, 0x18A2, 0x1082, 0x1062, 0x0000, 0x5A89, 0xBDD7, 0x0862, 0x2104, 0x18E4, 0x18C3, 0x18C3, 0x18C3, 0x18E4, 0x2104, 0x2925,
  0x3966, 0x3986, 0x41A6, 0x3965, 0x2924, 0x3966, 0x41A6, 0x3985, 0x3965, 0x3965, 0x1841, 0xAD55, 0xCE1A, 0x0001, 0x1062, 0x3145,
  0x3145, 0x3946, 0x4187, 0x4187, 0x4186, 0x3966, 0x2904, 0x20C3, 0x1883, 0x0000, 0x1062, 0x28E5, 0x28E5, 0x3146, 0x4187, 0x41A7,
  0x3986, 0x5A28, 0x5A28, 0x6269, 0x6248, 0x51E7, 0x49A6, 0x7A0F, 0xA274, 0x724C, 0x486F, 0x5892, 0x68B4, 0x68D5, 0x7916, 0x9179,
  0xCA9D, 0xED9F, 0xFFFF, 0xADDE, 0x84FD, 0xBE1E, 0xCE7E, 0xCE9E, 0xCE7D, 0xD6BD, 0xE71E, 0xEF3E, 0xE71D, 0xDEDD, 0xE6FD, 0xEF1D,
  0xEF1D, 0xDE7C, 0xBD99, 0x9C74, 0xA203, 0xA9E1, 0xAA01, 0xB201, 0xCA61, 0xCAA1, 0xFC22, 0xFC22, 0xFC01, 0xFBE1, 0xFC01, 0xFC01,
  0xFBC1, 0xFBA1, 0xFB60, 0xF320, 0xFF5B, 0xFFFF, 0xFFFF, 0xFFFF, 0xFFFF, 0xFFFF, 0xFFFF, 0xFFFF, 0xFFFF, 0xFFFF, 0xFFFF, 0xFFFF,
  0xFFFF, 0xFFFF, 0xFFFF, 0xFFFF, 0xFFFF, 0xFFFF, 0xFFFF, 0xFFFF, 0xFFFF, 0xFFFF, 0xFFFF, 0xFFFF, 0xEF7E, 0x6B50, 0x3188, 0x39A7,
  0x41C7, 0x49E7, 0x49E7, 0x5207, 0x51E7, 0x5207, 0x5207, 0x41A6, 0x49E7, 0x5207, 0x51E7, 0x51E7, 0x51E7, 0x51E6, 0x41A7, 0x18E5,
  0x18A3, 0x20E3, 0x2924, 0x2924, 0x3145, 0x3966, 0x39A6, 0x41A6, 0x41C6, 0x49C7, 0x49C6, 0x3965, 0x6A89, 0xFE59, 0xEDD6, 0xE595,
  0xE553, 0xDC6F, 0xDC4E, 0xD3AB, 0xCA62, 0xC200, 0xB9E0, 0x8224, 0x5266, 0x5A86, 0x6AE7, 0x7327, 0x8BC8, 0x93C7, 0x8B66, 0x9C08,
  0xA449, 0xAC69, 0xA428, 0x93A7, 0x72C4, 0xA48E, 0x5AA9, 0x3141, 0x49C2, 0x5203, 0x6284, 0x6AA5, 0x6AE5, 0x7B26, 0x8367, 0x7B46,
  0x72E6, 0x5A44, 0x41C3, 0x3120, 0x8C4F, 0xE71B, 0x6AA7, 0x8B6A, 0x9369, 0x938A, 0x9BEB, 0xBC6B, 0xBC2A, 0xBC4A, 0xC48B, 0xCCAB,
  0xCCAB, 0xCC8B, 0xC46A, 0xBC29, 0xB3E8, 0x4962, 0x3901, 0x7264, 0x7AA5, 0x8B07, 0xB42A, 0xBC4A, 0xBC4A, 0xC46A, 0xC44A, 0xBC29,
  0xB3E9, 0x9B67, 0x82C6, 0x0820, 0x0861, 0x20E3, 0x18C3, 0x20E4, 0x2904, 0x2904, 0x2904, 0x2924, 0x2924, 0x2924, 0x2904, 0x20E3,
  0x18C2, 0x18A2, 0x18A2, 0x1082, 0x0000, 0x83CE, 0xF79E, 0x18E4, 0x18C3, 0x2125, 0x2104, 0x2104, 0x20E4, 0x20E4, 0x18E4, 0x18E4,
  0x2925, 0x3986, 0x41A6, 0x3145, 0x2924, 0x39A6, 0x41A6, 0x4186, 0x3965, 0x3965, 0x20A3, 0x8C10, 0xE6FC, 0x20E4, 0x1082, 0x3145,
  0x3145, 0x3126, 0x4187, 0x4187, 0x4186, 0x3966, 0x3105, 0x28E4, 0x1883, 0x0000, 0x0821, 0x28C5, 0x20E5, 0x3126, 0x3987, 0x49C8,
  0x3966, 0x5A08, 0x6A69, 0x6249, 0x5A28, 0x5A28, 0x49A6, 0x6A0C, 0xBA5B, 0x9290, 0x510D, 0x4851, 0x5893, 0x68D4, 0x68D4, 0x8137,
  0xA9FB, 0xD2DE, 0xFE9F, 0xDF5F, 0x7CBD, 0xADDE, 0xCE7E, 0xD69E, 0xD69D, 0xD69D, 0xDEDD, 0xE6FD, 0xE6FD, 0xEF1D, 0xEF1D, 0xEEFD,
  0xE6FC, 0xDEBC, 0xC5DA, 0xA518, 0x9B0B, 0xA1C0, 0xB242, 0xA9E1, 0xA1A0, 0x9980, 0xCA60, 0xDAC1, 0xD2A1, 0xCA80, 0xD281, 0xD2A1,
  0xCA60, 0xB9E0, 0xB1E0, 0xDD10, 0xFFDF, 0xFFFF, 0xFFFF, 0xFFFF, 0xFFFF, 0xFFFF, 0xFFFF, 0xFFFF, 0xFFFF, 0xFFFF, 0xFFFF, 0xFFFF,
  0xFFFF, 0xFFFF, 0xFFFF, 0xFFFF, 0xFFFF, 0xFFFF, 0xFFFF, 0xFFFF, 0xFFFF, 0xFFFF, 0xFFFF, 0xFFDF, 0x6B70, 0x2106, 0x3166, 0x3166,
  0x3987, 0x41A7, 0x4A08, 0x5249, 0x5228, 0x5207, 0x5207, 0x49C6, 0x49C6, 0x49C6, 0x41A6, 0x49C6, 0x49C6, 0x51E7, 0x4A4A, 0x18A4,
  0x18C3, 0x20E4, 0x2904, 0x3145, 0x3165, 0x3986, 0x41A6, 0x41A6, 0x49C6, 0x41A6, 0x49C6, 0x3944, 0xA430, 0xFEBB, 0xE5D7, 0xE5B5,
  0xE533, 0xDCD1, 0xD490, 0xCB69, 0xCAE7, 0xBA85, 0xB9E0, 0x6A25, 0x2964, 0x3983, 0x4A04, 0x5224, 0x5A44, 0x7B05, 0x8387, 0x9C29,
  0xAC69, 0xA428, 0x8B86, 0x7B05, 0x8304, 0xD656, 0x6B2B, 0x4161, 0x5203, 0x49E2, 0x5223, 0x6264, 0x6285, 0x6AC5, 0x7B26, 0x7B26,
  0x6AC5, 0x4A03, 0x3121, 0x5224, 0xD6B9, 0xFFFF, 0x732A, 0x6A66, 0x8328, 0x8B69, 0x9BCA, 0xB42A, 0xABC8, 0xB42A, 0xC46B, 0xC48B,
  0xCC8B, 0xC48B, 0xC44A, 0xBC09, 0xA367, 0x3921, 0x5182, 0x7285, 0x9327, 0x8B07, 0x9B68, 0xB42A, 0xC44A, 0xC46A, 0xC46A, 0xBC29,
  0xB409, 0xA387, 0x82C6, 0x0020, 0x1081, 0x20E3, 0x18C3, 0x20E3, 0x2904, 0x2904, 0x2924, 0x2924, 0x2924, 0x2904, 0x20E3, 0x20C3,
  0x18C3, 0x20C3, 0x18A3, 0x0862, 0x1040, 0xB554, 0xFFFF, 0x632C, 0x0862, 0x2945, 0x2925, 0x2945, 0x2945, 0x2945, 0x2945, 0x2925,
  0x3145, 0x3986, 0x4186, 0x3965, 0x2924, 0x39A6, 0x4186, 0x3965, 0x3965, 0x3165, 0x28E3, 0x6AEB, 0xFFFF, 0x9C93, 0x1003, 0x3907,
  0x3145, 0x3125, 0x4187, 0x49A7, 0x41A7, 0x4186, 0x3125, 0x2904, 0x20A3, 0x0821, 0x0000, 0x20A4, 0x2905, 0x2905, 0x3146, 0x49A7,
  0x3966, 0x4186, 0x6249, 0x6249, 0x6248, 0x6248, 0x51E7, 0x51E8, 0x71CE, 0x8A11, 0x71EE, 0x4010, 0x5072, 0x60B4, 0x68D4, 0x70F5,
  0x8978, 0xA9BC, 0xDBBE, 0xFFDF, 0xA5BE, 0x9D5D, 0xC65E, 0xD6BE, 0xDEDD, 0xD69C, 0xD65C, 0xDE9C, 0xDEBC, 0xE6BC, 0xE6DC, 0xE6DC,
  0xE6DC, 0xDE9C, 0xD63B, 0xBD99, 0xA494, 0xA1E2, 0xA9C0, 0x99A0, 0x9160, 0x9180, 0x9980, 0x9980, 0x9180, 0x9160, 0x9140, 0x9140,
  0x8940, 0xAAE7, 0xE677, 0xFFFF, 0xFFFF, 0xFFFF, 0xFFFF, 0xFFFF, 0xFFFF, 0xFFFF, 0xFFFF, 0xFFFF, 0xFFFF, 0xFFFF, 0xFFFF, 0xFFFF,
  0xFFFF, 0xFFFF, 0xFFFF, 0xFFFF, 0xFFFF, 0xFFFF, 0xFFFF, 0xFFFF, 0xFFFF, 0xFFFF, 0xFFFF, 0xBDF8, 0x20E5, 0x3166, 0x2926, 0x2925,
  0x20E4, 0x20C3, 0x20E4, 0x3145, 0x41C7, 0x5228, 0x5207, 0x49C6, 0x49C6, 0x49C6, 0x49C6, 0x51E7, 0x4164, 0x83CF, 0x52AC, 0x1083,
  0x2925, 0x3145, 0x3145, 0x3145, 0x3166, 0x3986, 0x41A6, 0x41A6, 0x41A6, 0x41A6, 0x41A6, 0x49A5, 0xD596, 0xFE9A, 0xE595, 0xDD54,
  0xDD33, 0xD4F2, 0xD490, 0xD42E, 0xCC0E, 0xC328, 0xAAA6, 0x5AA8, 0x4A46, 0x4A45, 0x5265, 0x5244, 0x4A24, 0x7327, 0xA44A, 0xAC6A,
  0xA429, 0x8B86, 0x7AE4, 0x8325, 0x9BE8, 0xAD54, 0x2943, 0x49E3, 0x6284, 0x5A43, 0x5223, 0x5A44, 0x5A44, 0x62A5, 0x7306, 0x7306,
  0x62A5, 0x41A2, 0x838A, 0xEF3C, 0xFFFF, 0xDEDA, 0x5A26, 0x5A26, 0x5A26, 0x6225, 0x6A66, 0x82E7, 0xABC9, 0xBC4A, 0xC46B, 0xC48B,
  0xC48B, 0xC46A, 0xBC09, 0xBC29, 0x9BA9, 0x4162, 0x6203, 0x7265, 0x8B27, 0xA388, 0x9348, 0xA3C9, 0xBC4A, 0xC46A, 0xC46A, 0xBC29,
  0xB409, 0xABA7, 0x7AA5, 0x0000, 0x1081, 0x20E3, 0x18C3, 0x2104, 0x2924, 0x2924, 0x2924, 0x2924, 0x2904, 0x20E3, 0x20C3, 0x20C3,
  0x20C3, 0x20C3, 0x18A2, 0x0841, 0x3103, 0xDEBA, 0xFFFF, 0x8C71, 0x0841, 0x2105, 0x2104, 0x2925, 0x3166, 0x3166, 0x3166, 0x3166,
  0x3145, 0x3145, 0x2925, 0x3145, 0x20E3, 0x2904, 0x2904, 0x3124, 0x3145, 0x3945, 0x2903, 0x5249, 0xFFFF, 0xB596, 0x380D, 0x48AD,
  0x3145, 0x3946, 0x41A7, 0x49C7, 0x49A7, 0x3966, 0x3125, 0x3105, 0x20A4, 0x1042, 0x0801, 0x28A4, 0x3126, 0x28E5, 0x2905, 0x3966,
  0x4187, 0x3946, 0x6269, 0x6A69, 0x6269, 0x6248, 0x6248, 0x5A09, 0x622A, 0x69ED, 0x92D0, 0x4870, 0x4050, 0x5092, 0x60D4, 0x70F5,
  0x7917, 0x999A, 0xC23D, 0xF63F, 0xEF9F, 0x9D3D, 0xB5DD, 0xCE7D, 0xDEDD, 0xE6DD, 0xD65B, 0xCDFA, 0xCE3B, 0xD63B, 0xD65B, 0xDE7B,
  0xDE7B, 0xD65B, 0xD65B, 0xCDD9, 0xB558, 0xABCE, 0xA244, 0x9A03, 0x91A1, 0x91A1, 0x91A1, 0x8981, 0x81A2, 0x79A3, 0xAB08, 0xC388,
  0xE52F, 0xFF38, 0xFF9C, 0xFF7C, 0xFF17, 0xFFFF, 0xFFFF, 0xFFFF, 0xFFFF, 0xFFFF, 0xFFFF, 0xFFFF, 0xFFFF, 0xFFFF, 0xFFFF, 0xFFFF,
  0xFFFF, 0xFFFF, 0xFFFF, 0xFFFF, 0xFFFF, 0xFFFF, 0xFFFF, 0xFFFF, 0xFFFF, 0xFFDF, 0xFFFF, 0x8C52, 0x18A3, 0x2905, 0x20E4, 0x20E4,
  0x2104, 0x2904, 0x2904, 0x20C3, 0x20C3, 0x3145, 0x49E7, 0x51E7, 0x51E7, 0x51E7, 0x51E7, 0x49C6, 0x41A6, 0xE71C, 0x52AD, 0x2105,
  0x3166, 0x3145, 0x3145, 0x3145, 0x2925, 0x3145, 0x3966, 0x41A6, 0x41C6, 0x41A6, 0x3965, 0x6ACA, 0xF6DB, 0xEDF8, 0xE5B6, 0xDD74,
  0xDD74, 0xD533, 0xD4F2, 0xD4D1, 0xCC2E, 0xCBAC, 0xB329, 0x5AA7, 0x5265, 0x5A86, 0x62E7, 0x7348, 0x83C9, 0x9C2A, 0xA429, 0xA429,
  0x9BC7, 0x8B66, 0x8B66, 0x8B45, 0xB50F, 0xA513, 0x18A1, 0x49E4, 0x6AC5, 0x7306, 0x7306, 0x7306, 0x72E6, 0x7306, 0x7B26, 0x6AC5,
  0x5A64, 0x4181, 0xBCAE, 0xFFFF, 0xFFFF, 0xAD12, 0x72C8, 0x834A, 0x7B09, 0x8308, 0x8B48, 0x9B89, 0xB40A, 0xBC6B, 0xC46B, 0xC46B,
  0xC48A, 0xC449, 0xBC08, 0xC449, 0x8308, 0x2902, 0x59E3, 0x7264, 0x7AA6, 0xABC9, 0xABC9, 0xABC9, 0xBC2A, 0xC46A, 0xBC4A, 0xBC29,
  0xB409, 0x9B87, 0x51E4, 0x0000, 0x1081, 0x20E3, 0x18C3, 0x20E3, 0x2904, 0x2924, 0x2924, 0x2904, 0x20E3, 0x20C2, 0x20C3, 0x20E3,
  0x20E3, 0x20C3, 0x1082, 0x0841, 0x20A2, 0xD658, 0xFFFF, 0x8C51, 0x0841, 0x20E4, 0x18C3, 0x18C4, 0x2105, 0x3166, 0x3145, 0x2924,
  0x20C3, 0x18A2, 0x18A2, 0x1082, 0x18A2, 0x18A2, 0x28E3, 0x28E3, 0x20E3, 0x28E3, 0x20A2, 0x4A28, 0xFFFF, 0xE73C, 0x40EB, 0x3068,
  0x3945, 0x3145, 0x4187, 0x49A7, 0x4186, 0x3966, 0x3946, 0x3125, 0x20C4, 0x1062, 0x0821, 0x2083, 0x2905, 0x3105, 0x28E5, 0x2905,
  0x3967, 0x3145, 0x3966, 0x5207, 0x41A6, 0x4186, 0x49A6, 0x4186, 0x4166, 0x3925, 0x51A8, 0x48AE, 0x404F, 0x4890, 0x5892, 0x70F6,
  0x7917, 0x8158, 0xA1BB, 0xCB1E, 0xFF9F, 0xC69E, 0x94FC, 0xB5DD, 0xCE7D, 0xDEBD, 0xDEBC, 0xD65B, 0xC5DA, 0xC599, 0xC5B9, 0xCDD9,
  0xCDFA, 0xCDFA, 0xD61A, 0xD63A, 0xCDD9, 0xBD98, 0xBD56, 0xACB4, 0x9C11, 0x9BF1, 0x9C11, 0x93D2, 0x5B53, 0x4BD7, 0xA536, 0x5B2F,
  0x9B6A, 0xF54B, 0xFD69, 0xFE95, 0xFEF8, 0xFE10, 0xFFFF, 0xFFFF, 0xFFFF, 0xFFFF, 0xFFFF, 0xFFFF, 0xFFFF, 0xFFFF, 0xFFFF, 0xFFFF,
  0xFFFF, 0xFFFF, 0xFFFF, 0xFFFF, 0xFFFF, 0xFFFF, 0xFFFF, 0xFFFF, 0xFFFF, 0xFFDF, 0xFFFF, 0xA535, 0x1083, 0x18C4, 0x2926, 0x3187,
  0x41C8, 0x49C7, 0x49C7, 0x41A6, 0x3965, 0x2904, 0x2904, 0x4186, 0x49C6, 0x49C6, 0x49A6, 0x3944, 0xB555, 0xEF5E, 0x31A9, 0x20E4,
  0x2104, 0x2904, 0x2904, 0x2924, 0x2925, 0x2925, 0x3166, 0x41A6, 0x4186, 0x4186, 0x3103, 0x9C91, 0xFF9F, 0xE619, 0xE5F7, 0xDDB6,
  0xDD94, 0xD533, 0xD512, 0xD4B0, 0xCC4F, 0xCC2E, 0x830A, 0x4A26, 0x5AA7, 0x6307, 0x83A9, 0x9409, 0x93E9, 0x93C8, 0x8B87, 0x8346,
  0x93A7, 0x9BC8, 0x9BC7, 0x8B66, 0xE71A, 0xBDF7, 0x39A3, 0x4A24, 0x6AC5, 0x7B26, 0x7B47, 0x7B27, 0x7B27, 0x7306, 0x6AA5, 0x5A43,
  0x4A03, 0x3961, 0x72C6, 0xFFBE, 0xFFFF, 0x940E, 0x7287, 0x8B6A, 0x9BAA, 0xA3CB, 0xABEB, 0xB44B, 0xBC4B, 0xBC6B, 0xBC4A, 0xBC4A,
  0xC44A, 0xB409, 0xABC8, 0xABA7, 0x6A45, 0x3922, 0x59E3, 0x7A85, 0x82E6, 0x9B88, 0xB40A, 0xB40A, 0xABE9, 0xB409, 0xBC09, 0xB3E9,
  0x9B47, 0x9BEC, 0x5ACB, 0x0000, 0x18A2, 0x18C3, 0x18A2, 0x18C3, 0x20E3, 0x2904, 0x2904, 0x20E3, 0x20E3, 0x20E3, 0x2904, 0x2904,
  0x20E3, 0x18A2, 0x1061, 0x0861, 0x1040, 0x9C30, 0xFFFF, 0x8410, 0x0841, 0x18C3, 0x18A3, 0x18C3, 0x2946, 0x2925, 0x20C3, 0x20C3,
  0x20C3, 0x20E3, 0x2924, 0x2904, 0x20C3, 0x20C3, 0x20E3, 0x2903, 0x18A2, 0x1082, 0x0000, 0x7B8E, 0xFFFF, 0xFFFF, 0x624E, 0x2007,
  0x3125, 0x3945, 0x3146, 0x41A7, 0x4186, 0x4186, 0x4166, 0x3105, 0x20A3, 0x1863, 0x0821, 0x20A3, 0x3105, 0x3126, 0x3126, 0x28E5,
  0x28E5, 0x3105, 0x2904, 0x3965, 0x4985, 0x3104, 0x3103, 0x28E3, 0x28C3, 0x28C3, 0x4148, 0x282B, 0x404F, 0x4870, 0x5092, 0x68B4,
  0x70F6, 0x7917, 0x8959, 0xA9BC, 0xED3F, 0xFFFF, 0xAD9D, 0x94FC, 0xBDFC, 0xD65C, 0xDE9C, 0xDE9C, 0xD67B, 0xCDD9, 0xBD58, 0xB516,
  0xACB5, 0xACB5, 0xBD37, 0xC5B9, 0xCDF9, 0xCDF9, 0xCDD8, 0xC597, 0xC577, 0xBD77, 0xB558, 0x8478, 0x33D9, 0x2C3C, 0x72AA, 0x8243,
  0x2128, 0x8309, 0xFCE4, 0xFC82, 0xF6B7, 0xFE74, 0xFE94, 0xFFFF, 0xFFFF, 0xFFFF, 0xFFFF, 0xFFFF, 0xFFFF, 0xFFFF, 0xFFFF, 0xFFFF,
  0xFFFF, 0xFFFF, 0xFFFF, 0xFFFF, 0xFFFF, 0xFFFF, 0xFFFF, 0xFFFF, 0xFFFF, 0xFFFF, 0xFFFF, 0xEF7D, 0x4209, 0x3188, 0x420A, 0x41E9,
  0x4A09, 0x5229, 0x5A49, 0x5208, 0x49A6, 0x4186, 0x28E4, 0x2924, 0x4186, 0x51C6, 0x3944, 0x7B4C, 0xFFFF, 0x7BF1, 0x1083, 0x18C3,
  0x20E4, 0x2904, 0x2925, 0x3145, 0x3966, 0x41A6, 0x41A6, 0x41A6, 0x3965, 0x3965, 0x4164, 0xD679, 0xFFDF, 0xEEBB, 0xE618, 0xE5F7,
  0xDD74, 0xD533, 0xD4F2, 0xD4D1, 0xD4D1, 0xA40E, 0x5AE9, 0x6B28, 0x7B89, 0x8388, 0x8367, 0x7B06, 0x6AA5, 0x6284, 0x6264, 0x6284,
  0x72E5, 0x8367, 0x8325, 0xA48D, 0xFFFF, 0xB575, 0x3162, 0x41E3, 0x5224, 0x6AC5, 0x7306, 0x5A64, 0x49E3, 0x41C2, 0x41C2, 0x41C2,
  0x39A1, 0x3141, 0x49C3, 0xF79D, 0xFFFF, 0xF79D, 0xBD94, 0x8369, 0x93AA, 0xAC0C, 0xB40B, 0xB42B, 0xBC6B, 0xC48B, 0xC46B, 0xC46A,
  0xC449, 0xBC08, 0xABC8, 0xA387, 0x6245, 0x5182, 0x6A44, 0x7285, 0x9327, 0xA388, 0xABC8, 0xB3E9, 0xB3E9, 0xB3E9, 0xB3E9, 0xB3E8,
  0x9B46, 0xA3EB, 0xC618, 0x18E3, 0x1081, 0x18C2, 0x18A2, 0x18C3, 0x2104, 0x2904, 0x2904, 0x20E3, 0x2904, 0x2924, 0x2924, 0x2104,
  0x18C2, 0x1061, 0x0841, 0x0841, 0x0820, 0x6AEB, 0xFFFF, 0x8C71, 0x0821, 0x10A3, 0x10A3, 0x2925, 0x3145, 0x2924, 0x3144, 0x3145,
  0x3145, 0x3165, 0x3986, 0x3986, 0x3965, 0x3165, 0x3124, 0x3124, 0x3145, 0x3145, 0x1041, 0x8C10, 0xFFFF, 0xFFFF, 0x9C74, 0x1805,
  0x20C4, 0x20C3, 0x3125, 0x4186, 0x4186, 0x4186, 0x3125, 0x20C3, 0x1882, 0x1062, 0x0822, 0x1042, 0x28C5, 0x3105, 0x3967, 0x3126,
  0x28E5, 0x28E4, 0x3105, 0x4166, 0x51E7, 0x6228, 0x6A48, 0x59E7, 0x51C6, 0x4985, 0x51A8, 0x302C, 0x382F, 0x4871, 0x5071, 0x5893,
  0x60B4, 0x70F6, 0x8118, 0x999A, 0xD35E, 0xFF7F, 0xF7BF, 0xAD9D, 0x9D1C, 0xBDBB, 0xCE1B, 0xD65B, 0xDE7B, 0xDE7B, 0xCE1A, 0xBD57,
  0xA474, 0x93B0, 0xC556, 0xD61A, 0xC598, 0xC5B8, 0xC598, 0xBD58, 0xAD18, 0xAD39, 0x7CDA, 0x2C1B, 0x039C, 0x02B7, 0xC323, 0xFCE2,
  0x69A2, 0xA327, 0xFD06, 0xFCE4, 0xFCE6, 0xFF9D, 0xFDEF, 0xFF9C, 0xFFFF, 0xFFFF, 0xFFFF, 0xFFFF, 0xFFFF, 0xFFFF, 0xFFFF, 0xFFFF,
  0xFFFF, 0xFFFF, 0xFFFF, 0xFFFF, 0xFFFF, 0xFFFF, 0xFFFF, 0xFFFF, 0xFFFF, 0xFFFF, 0xFFDF, 0xFFFF, 0xA515, 0x2927, 0x3105, 0x4104,
  0x4925, 0x4145, 0x49A7, 0x5A49, 0x5A28, 0x51E7, 0x4186, 0x20E4, 0x3145, 0x49E6, 0x4144, 0xAD13, 0xFFFF, 0x39A8, 0x18C4, 0x2105,
  0x2925, 0x3146, 0x3166, 0x3986, 0x41C7, 0x41A7, 0x3985, 0x3145, 0x3945, 0x3944, 0x730B, 0xFFDF, 0xFFFF, 0xF79E, 0xE679, 0xE5B6,
  0xDD53, 0xDD33, 0xD532, 0xD532, 0xC4D1, 0x6309, 0x5AA7, 0x62C6, 0x7327, 0x8BA7, 0x8B87, 0x72E5, 0x6264, 0x6264, 0x6284, 0x6284,
  0x6AC4, 0x8346, 0x7B04, 0xC5F5, 0xE73C, 0x4A47, 0x3983, 0x39A3, 0x41A3, 0x5224, 0x7B26, 0x7B26, 0x62A4, 0x5A64, 0x5A43, 0x5223,
  0x4A03, 0x3140, 0x7B69, 0xFFFF, 0xFFFF, 0xFFFF, 0xF7BD, 0x5B82, 0x5B41, 0x7B85, 0x93A8, 0xAC2A, 0xC48C, 0xCCAC, 0xCC6B, 0xC46A,
  0xC449, 0xBC28, 0xAB86, 0xB40A, 0xD679, 0x6AE6, 0x7284, 0x8307, 0x9348, 0x9B88, 0xA3C9, 0xABE9, 0xB42A, 0xB409, 0xB409, 0xB409,
  0xA366, 0x9369, 0xFFFF, 0xD6DB, 0x41E7, 0x1040, 0x1081, 0x18A2, 0x2103, 0x20E3, 0x2904, 0x3124, 0x2924, 0x2924, 0x2904, 0x18A2,
  0x1081, 0x0861, 0x0820, 0x0841, 0x0000, 0x83CF, 0xFFFF, 0xCE79, 0x0862, 0x1062, 0x2104, 0x3145, 0x3966, 0x3986, 0x3966, 0x3986,
  0x3986, 0x41A6, 0x41C7, 0x41C7, 0x41A6, 0x41C6, 0x41A6, 0x3985, 0x3145, 0x3145, 0x1862, 0x8C10, 0xFFFF, 0xFFDF, 0xF7BE, 0x9CD3,
  0x1883, 0x1082, 0x2905, 0x3966, 0x4166, 0x3104, 0x20C3, 0x20A3, 0x20A3, 0x1863, 0x0822, 0x0801, 0x51E9, 0x3927, 0x3946, 0x41A7,
  0x3966, 0x3125, 0x2905, 0x28E4, 0x20C4, 0x28E4, 0x3945, 0x49A7, 0x6248, 0x7289, 0x8B2B, 0x620C, 0x302D, 0x404F, 0x5071, 0x60B3,
  0x60D4, 0x70F6, 0x7917, 0x8959, 0xB1DC, 0xED9F, 0xFFFF, 0xFFDF, 0xB5BD, 0x94BB, 0xAD5B, 0xC5DB, 0xCE3B, 0xCE3B, 0xC5FA, 0xBD99,
  0xAD37, 0xACB5, 0xE6DB, 0xFFFF, 0xF77E, 0xE6DC, 0xD65B, 0xC5DA, 0xAD9A, 0xB5FB, 0x9DFC, 0x1B37, 0x0215, 0x8205, 0xFBA0, 0xFC00,
  0xCC2A, 0xF633, 0xFD49, 0xFC62, 0x9B26, 0xE591, 0xFF39, 0xFE95, 0xFFFF, 0xFFFF, 0xFFFF, 0xFFFF, 0xFFFF, 0xFFFF, 0xFFFF, 0xFFFF,
  0xFFFF, 0xFFFF, 0xFFFF, 0xFFFF, 0xFFFF, 0xFFFF, 0xFFFF, 0xFFFF, 0xFFFF, 0xFFFF, 0xFFFF, 0xFFFF, 0x5ACC, 0x3966, 0xC4F3, 0xEDB6,
  0xED95, 0xD4B0, 0xA30A, 0x6185, 0x49E7, 0x5A28, 0x5207, 0x3965, 0x20C3, 0x4186, 0x4185, 0xCE38, 0xDEFC, 0x2968, 0x2947, 0x3167,
  0x3987, 0x3986, 0x41A6, 0x41A6, 0x3985, 0x3145, 0x3124, 0x3144, 0x4186, 0x3944, 0xBD96, 0xFFFF, 0xFFDF, 0xFFFF, 0xF7BE, 0xE659,
  0xDD95, 0xDD54, 0xDD53, 0xDD53, 0xAC2E, 0x4A46, 0x5AA6, 0x5A85, 0x5A65, 0x62C5, 0x8BA8, 0xA429, 0xA429, 0x9C08, 0x9BE8, 0x9C08,
  0xAC49, 0x9BE7, 0x8346, 0xF79D, 0x9471, 0x2101, 0x41E3, 0x49E3, 0x41E3, 0x39A2, 0x5224, 0x7B06, 0x8B87, 0x7B46, 0x6AE5, 0x6AC5,
  0x5223, 0x7306, 0xEF3B, 0xFFFF, 0xFFDF, 0xFFFF, 0xBE31, 0x6460, 0x6CA1, 0x5C00, 0x5B80, 0x5B60, 0x7382, 0x8384, 0x93C6, 0x9BA7,
  0xB409, 0xC48B, 0xBC6B, 0xDDF4, 0xEFBD, 0x4B23, 0x4A80, 0x62C3, 0x7305, 0x9367, 0xABE9, 0xB40A, 0xBC2A, 0xBC2A, 0xABC8, 0xABC8,
  0xABC9, 0xC5B4, 0xFFDF, 0xF7DF, 0x3A0A, 0x0000, 0x0861, 0x18C2, 0x20E3, 0x20E3, 0x20E3, 0x2904, 0x2904, 0x2904, 0x28E3, 0x20C3,
  0x20C3, 0x18A2, 0x1082, 0x1061, 0x28C2, 0xDE99, 0xFFFF, 0xFFFF, 0x738E, 0x1082, 0x2925, 0x2104, 0x2945, 0x3166, 0x3166, 0x3166,
  0x3966, 0x3145, 0x3165, 0x3145, 0x2904, 0x20E3, 0x2904, 0x3965, 0x3985, 0x3965, 0x28C3, 0x6B2C, 0xFFFF, 0xFFDF, 0xFFFF, 0xF79E,
  0x2906, 0x18A4, 0x28E5, 0x3966, 0x3945, 0x3125, 0x3125, 0x28E5, 0x20C4, 0x1864, 0x1043, 0x1002, 0x9C11, 0x7B6F, 0x1022, 0x41A8,
  0x5A08, 0x51E8, 0x49A7, 0x4187, 0x3946, 0x3945, 0x3945, 0x3965, 0x51C7, 0x51E7, 0x51E7, 0x6A88, 0x61EC, 0x382F, 0x4871, 0x5893,
  0x60D4, 0x68F5, 0x70F6, 0x7938, 0x917A, 0xDBDF, 0xFFFF, 0xFFFF, 0xFFDF, 0xB5FD, 0x84DB, 0x9D3C, 0xAD9C, 0xAD9C, 0xAD7B, 0x9D3B,
  0x84DA, 0x9497, 0xE6FC, 0xFFFF, 0xFFFF, 0xFFFF, 0xFFFF, 0xFFFF, 0xFFFF, 0xFFFF, 0xFFBE, 0x4144, 0x7961, 0xE280, 0xE280, 0xE3E7,
  0xF71B, 0xD4AF, 0xFD49, 0xFD8B, 0x9B48, 0xAB8A, 0xF677, 0xFF5A, 0xFFBD, 0xFFFF, 0xFFFF, 0xFFFF, 0xFFFF, 0xFFFF, 0xFFFF, 0xFFFF,
  0xFFFF, 0xFFFF, 0xFFFF, 0xFFFF, 0xFFFF, 0xFFFF, 0xFFFF, 0xFFFF, 0xFFFF, 0xFFFF, 0xFFFF, 0xFFFF, 0x6B2D, 0xD63A, 0xFFFF, 0xFFDF,
  0xFFDF, 0xFFFF, 0xFFFF, 0xEE37, 0x7A27, 0x3965, 0x5207, 0x49A6, 0x3124, 0x3104, 0x5A28, 0xFFDE, 0x8453, 0x18E5, 0x2926, 0x3146,
  0x3986, 0x41A6, 0x49E7, 0x49C7, 0x41A6, 0x41A6, 0x49C6, 0x49C6, 0x49C6, 0x3944, 0xBD95, 0xFFFF, 0xFFDF, 0xFFFF, 0xFFFF, 0xFFDF,
  0xEF1C, 0xE679, 0xDDF6, 0xE594, 0xC4D1, 0x5266, 0x6B07, 0x7328, 0x6AE7, 0x6AE7, 0x6AE6, 0x8367, 0xA449, 0xAC8A, 0xAC69, 0x93C7,
  0x7B26, 0x5A22, 0x9C4D, 0xFFFF, 0x7BEE, 0x39A3, 0x5A65, 0x6285, 0x62A5, 0x6285, 0x5A85, 0x5A64, 0x72E6, 0x8367, 0x7326, 0x6285,
  0x5A03, 0xBCAE, 0xFFFF, 0xFFFF, 0xFFFF, 0xFFFF, 0x8D26, 0x7D20, 0x8563, 0x7502, 0x7481, 0x6C40, 0x5BC0, 0x5360, 0x5340, 0x42A0,
  0xBE14, 0xFFDE, 0xF7BE, 0xFFFF, 0xADF3, 0x42C0, 0x4AE0, 0x4AE0, 0x52E0, 0x5B20, 0x6341, 0x6B42, 0x6B03, 0x6AE3, 0xCDF4, 0xEEFA,
  0xF79D, 0xFFFF, 0xFFFF, 0x8452, 0x0021, 0x10A1, 0x1081, 0x1081, 0x10A2, 0x18A2, 0x18A2, 0x10A2, 0x18A2, 0x18C3, 0x20C3, 0x2104,
  0x2904, 0x20C3, 0x18A2, 0x1882, 0x51C6, 0xEF3C, 0xFFFF, 0xFFFF, 0x738E, 0x10A3, 0x2125, 0x2125, 0x2925, 0x2924, 0x20E3, 0x18A2,
  0x1082, 0x1061, 0x1082, 0x1061, 0x0841, 0x0841, 0x1082, 0x18C3, 0x20E3, 0x3124, 0x3965, 0x28E4, 0xBDD7, 0xFFFF, 0xFFFF, 0xC5B9,
  0x2087, 0x20C5, 0x28E5, 0x3125, 0x4166, 0x49C7, 0x49A7, 0x3966, 0x3105, 0x28C5, 0x1883, 0x0000, 0x7B2E, 0xEF7D, 0x3126, 0x20A4,
  0x49C8, 0x5A29, 0x5A28, 0x5A08, 0x51E8, 0x51E8, 0x5A28, 0x6269, 0x6A69, 0x6248, 0x5A07, 0x4166, 0x6228, 0x50CF, 0x4852, 0x5092,
  0x58B3, 0x60D5, 0x68D5, 0x70F6, 0x8959, 0xCB1D, 0xFF3F, 0xFFFF, 0xFFFF, 0xFFFF, 0xD6FE, 0x74DC, 0x4C3C, 0x74DC, 0x5C9C, 0x64DC,
  0x0B5A, 0x54BB, 0xFFDF, 0xFFFF, 0xFFFF, 0xFFFF, 0xFFFF, 0xFFFF, 0xFFFF, 0xFFFF, 0xF7BF, 0x8BAE, 0x8982, 0x9A03, 0xBBCC, 0xE679,
  0xF6DA, 0x8BF0, 0xD615, 0xF4E7, 0xFC01, 0xBBC8, 0xDC49, 0xFF9C, 0xFF18, 0xFFBC, 0xFFFF, 0xFFFF, 0xFFFF, 0xFFFF, 0xFFFF, 0xFFFF,
  0xFFFF, 0xFFFF, 0xFFFF, 0xFFFF, 0xFFFF, 0xFFFF, 0xFFFF, 0xFFFF, 0xFFFF, 0xFFFF, 0xBEDF, 0x2C9D, 0x7D1A, 0xE69D, 0xF71D, 0xFF7E,
  0xFF9E, 0xFFBE, 0xFFDE, 0xFFFF, 0xFF1A, 0x5164, 0x4186, 0x5207, 0x1882, 0x20E3, 0xC5D7, 0xFFFF, 0x630D, 0x1883, 0x2104, 0x2904,
  0x3166, 0x39A7, 0x49C7, 0x4A07, 0x51E7, 0x51E7, 0x5207, 0x5207, 0x51E7, 0x49A5, 0x942F, 0xFFFF, 0xFFFF, 0xFFFF, 0xFFFF, 0xFFFF,
  0xFFFF, 0xFFFF, 0xFFDF, 0xF79E, 0xFFBE, 0xB574, 0x5204, 0x5245, 0x5A65, 0x7306, 0x8367, 0x8B87, 0x9C09, 0xAC69, 0xAC69, 0x93A7,
  0x8346, 0x72A4, 0xBD72, 0xFFFF, 0xBDB5, 0x41C4, 0x5224, 0x62A5, 0x6AC6, 0x7B27, 0x8B88, 0x8B88, 0x7B26, 0x6AC5, 0x6A84, 0x5203,
  0x4961, 0xAC4D, 0xFFFF, 0xFFFF, 0xFFFF, 0xE739, 0x74A0, 0x8D83, 0x95C4, 0x95C3, 0x8D81, 0x8500, 0x7C80, 0x7420, 0x63A0, 0x7C43,
  0xFFDD, 0xFFFF, 0xFFFF, 0xFFFF, 0x7CCA, 0x4B20, 0x5B40, 0x5BA0, 0x63C0, 0x63A0, 0x5B60, 0x5360, 0x42C0, 0x6384, 0xFFFF, 0xFFFF,
  0xFFFF, 0xFFDF, 0xFFFF, 0x4229, 0x0000, 0x0840, 0x0020, 0x0000, 0x0000, 0x0020, 0x0840, 0x0820, 0x0020, 0x0820, 0x0841, 0x0841,
  0x0861, 0x1082, 0x1082, 0x1062, 0x3903, 0xB4D2, 0xFFFF, 0xBDD7, 0x0841, 0x20E4, 0x2104, 0x2104, 0x18C3, 0x1082, 0x0841, 0x18A2,
  0x2904, 0x3145, 0x3145, 0x3144, 0x3944, 0x3124, 0x20C3, 0x0820, 0x0841, 0x20C3, 0x3124, 0x20A3, 0x7B8E, 0xFFFF, 0xFFFF, 0x7330,
  0x1843, 0x20C3, 0x1883, 0x1883, 0x20A3, 0x20C3, 0x28E4, 0x28E4, 0x3126, 0x28E4, 0x1042, 0x0822, 0x40E6, 0xF75D, 0xBDD8, 0x1843,
  0x2905, 0x3946, 0x4187, 0x51C8, 0x5A08, 0x6249, 0x6249, 0x51E7, 0x4165, 0x3104, 0x2904, 0x3124, 0x4166, 0x50CF, 0x4051, 0x5071,
  0x5893, 0x60B4, 0x68D5, 0x68F5, 0x8158, 0xAA1B, 0xF63F, 0xFFFF, 0xFFFF, 0xFFFF, 0xFFFF, 0xDF5F, 0x651C, 0x037D, 0x03DF, 0x03DC,
  0x0B79, 0x6CB6, 0xFFFF, 0xFFFF, 0xFFFF, 0xFFFF, 0xFFFF, 0xFFFF, 0xFFFF, 0xFFFF, 0xFFFF, 0xFFFF, 0xD6BB, 0xA472, 0xBD16, 0xC576,
  0x5249, 0x524A, 0xBCD1, 0xE4EC, 0xFDCE, 0xFCA3, 0xFCA3, 0xFD29, 0xFF9C, 0xFE72, 0xFFDE, 0xFFFF, 0xFFFF, 0xFFFF, 0xFFFF, 0xFFFF,
  0xFFFF, 0xFFFF, 0xFFFF, 0xFFFF, 0xFFFF, 0xFFFF, 0xFFFF, 0xFFFF, 0xFFFF, 0xF7DF, 0x345C, 0x2C5C, 0x755C, 0xE67C, 0xEEFD, 0xFF5E,
  0xFF9E, 0xFFBD, 0xFFBD, 0xFF7C, 0xFFFD, 0xB2E8, 0x28C2, 0x5A28, 0x9CB2, 0xDEFB, 0xFFFF, 0xFFFF, 0xB597, 0x3146, 0x2905, 0x2905,
  0x2904, 0x2925, 0x3145, 0x3165, 0x3965, 0x3986, 0x41A6, 0x41A6, 0x49C7, 0x30E3, 0x9451, 0xFFFF, 0xFFDF, 0xFFFF, 0xFFFF, 0xFFFF,
  0xFFFF, 0xFFFF, 0xFFFF, 0xFFFF, 0xFFFF, 0xD69A, 0x39A5, 0x3184, 0x3143, 0x20C1, 0x2901, 0x4982, 0x5A03, 0x6264, 0x72A4, 0x8346,
  0x9BC8, 0x8B45, 0xBD51, 0xFFFF, 0xFFFF, 0xA4F2, 0x41C3, 0x49E3, 0x41C3, 0x3982, 0x4182, 0x4182, 0x3141, 0x3961, 0x3961, 0x41A2,
  0x7349, 0xDEDA, 0xFFFF, 0xFFFF, 0xFFFF, 0xBE72, 0x74C0, 0x95C4, 0x9E04, 0xAE63, 0xB642, 0xAE00, 0xADC0, 0xA560, 0x8C80, 0xB5EB,
  0xFFFF, 0xFFFF, 0xFFFF, 0xEF9D, 0x6424, 0x5380, 0x63C0, 0x6C20, 0x6C40, 0x6C20, 0x6BE0, 0x7400, 0x6BC0, 0xB5AC, 0xFFFF, 0xFFDF,
  0xFFFF, 0xFFFF, 0xFFFF, 0x6B4D, 0x0000, 0x10A3, 0x1082, 0x1082, 0x0861, 0x1082, 0x18C3, 0x20E3, 0x2104, 0x2924, 0x2904, 0x18C3,
  0x10A2, 0x18A2, 0x1082, 0x1061, 0x1881, 0x6289, 0xFFFF, 0x8C71, 0x0841, 0x2104, 0x18C3, 0x1061, 0x0020, 0x0861, 0x20E4, 0x3145,
  0x3145, 0x41C7, 0x5A69, 0x62CB, 0x62CA, 0x49E7, 0x28E3, 0x2904, 0x1882, 0x1061, 0x20C3, 0x1862, 0x62EC, 0xFFFF, 0xFFFF, 0x62AC,
  0x1042, 0x28C4, 0x20C4, 0x20C4, 0x28E4, 0x3125, 0x3946, 0x3966, 0x2905, 0x1062, 0x1042, 0x1043, 0x1803, 0xACB4, 0xC639, 0x2084,
  0x2905, 0x2905, 0x3126, 0x41A7, 0x4187, 0x3945, 0x4165, 0x28E3, 0x20C2, 0x20A2, 0x20A2, 0x2903, 0x4148, 0x402F, 0x4050, 0x4871,
  0x5092, 0x58B3, 0x58B3, 0x68D5, 0x7937, 0xA1BB, 0xEDBE, 0xFFFF, 0xFFFF, 0xFFFF, 0xFFFF, 0xFFFF, 0xF7DF, 0x7413, 0x9BAA, 0xCCC7,
  0xE504, 0xFC80, 0xFF38, 0xFFFF, 0xFFFF, 0xFFFF, 0xFFFF, 0xFFFF, 0xFFFF, 0xFFFF, 0xFFFF, 0xFFFF, 0xFFFF, 0xF73C, 0xA3EF, 0x62AB,
  0x5229, 0xCDB7, 0xD69B, 0xBCD4, 0xDBA4, 0xFC41, 0xFD07, 0xFD4B, 0xFF5B, 0xFED6, 0xFEB4, 0xFFFF, 0xFFFF, 0xFFFF, 0xFFFF, 0xFFFF,
  0xFFFF, 0xFFFF, 0xFFFF, 0xFFFF, 0xFFFF, 0xFFFF, 0xFFFF, 0xFFFF, 0xFFFF, 0xD73F, 0x1B7A, 0x9DDC, 0xA55A, 0xDE7B, 0xF73D, 0xFF9E,
  0xFFFF, 0xFFBD, 0xFFBD, 0xFFFE, 0xC639, 0x5B70, 0x0021, 0x7B6C, 0xFFFF, 0xFFFF, 0xFFFF, 0xFFDF, 0xFFFF, 0x8C52, 0x1062, 0x18A3,
  0x18A3, 0x18A3, 0x18A2, 0x20C2, 0x28E3, 0x28E3, 0x20C2, 0x20C2, 0x20C3, 0x5AAA, 0xE73C, 0xFFFF, 0xFFFF, 0xFFFF, 0xFFFF, 0xFFFF,
  0xFFFF, 0xFFFF, 0xFFFF, 0xFFDF, 0xFFFF, 0xB5B5, 0x6225, 0xA305, 0xB324, 0xA303, 0x92E3, 0x7A83, 0x51E3, 0x51E3, 0x4161, 0x4161,
  0x5A02, 0x7B06, 0xDED9, 0xFFFF, 0xFFFF, 0xDEDA, 0x39A4, 0x3982, 0x3962, 0x3142, 0x2101, 0x4141, 0x69C1, 0x6960, 0x58C0, 0x7A65,
  0xFFFF, 0xFFFF, 0xFFFF, 0xFFFF, 0xFFFF, 0x9DAB, 0x7D21, 0x9604, 0xAE43, 0xBE82, 0xC682, 0xC681, 0xC640, 0xBE20, 0xA540, 0xE716,
  0xFFFF, 0xFFFF, 0xFFFF, 0xD6F9, 0x53C1, 0x63E0, 0x6C40, 0x7CC0, 0x84E0, 0x8D00, 0x9500, 0x9500, 0x8CE0, 0xE715, 0xFFFF, 0xFFFF,
  0xFFFF, 0xFFFF, 0xFFFF, 0xDEFB, 0x31A7, 0x1061, 0x18C2, 0x2103, 0x2904, 0x20E3, 0x2904, 0x2904, 0x20E3, 0x2104, 0x2104, 0x20E4,
  0x20E3, 0x18A3, 0x1062, 0x1082, 0x0000, 0x5A69, 0xFFFF, 0x8C51, 0x1082, 0x20E4, 0x1061, 0x0000, 0x0841, 0x18C4, 0x18C3, 0x3165,
  0x9CB3, 0xDEDB, 0xFF9D, 0xFFFF, 0xFFFF, 0xE71C, 0xAD55, 0x4A07, 0x2903, 0x0000, 0x1062, 0x1842, 0x9452, 0xFFFF, 0xFFFF, 0xCE39,
  0x49CA, 0x3106, 0x3126, 0x3947, 0x4167, 0x49A8, 0x49A7, 0x3946, 0x28C4, 0x20A4, 0x2084, 0x1864, 0x0802, 0xACF5, 0x9CD4, 0x1864,
  0x3947, 0x3946, 0x3125, 0x20C3, 0x1882, 0x28E4, 0x49A6, 0x51E7, 0x5A08, 0x6249, 0x6249, 0x6229, 0x72AA, 0x512D, 0x3830, 0x4871,
  0x5092, 0x5893, 0x60B4, 0x60B4, 0x70F6, 0x8938, 0xE59E, 0xFFFF, 0xFFFF, 0xFFFF, 0xFFFF, 0xFFFF, 0xFFBE, 0xEC04, 0xFBE0, 0xFDA1,
  0xFE03, 0xFD00, 0xFE2E, 0xFFFF, 0xFFFF, 0xFFFF, 0xFFFF, 0xFFFF, 0xFFFF, 0xFFFF, 0xFFFF, 0xFFFF, 0xFFFF, 0xFFFF, 0xEF1C, 0xAC51,
  0x72CC, 0x9473, 0xC4B0, 0xD240, 0xDAA1, 0xEDB2, 0xFFBE, 0xFFFF, 0xFFBE, 0xFF7C, 0xFDAD, 0xFFFF, 0xFFFF, 0xFFFF, 0xFFFF, 0xFFFF,
  0xFFFF, 0xFFFF, 0xFFFF, 0xFFFF, 0xFFFF, 0xFFFF, 0xFFFF, 0xFFFF, 0xFFFF, 0xC6DE, 0x0B1B, 0x549D, 0xA59B, 0xEF3D, 0xEEBC, 0xD63A,
  0xE6DC, 0xFF9D, 0xE6BA, 0xEF1B, 0x9EBE, 0x1D7F, 0x3C36, 0xEF3B, 0xFFDF, 0xFFDF, 0xFFFF, 0xFFFF, 0xFFFF, 0x7390, 0x1083, 0x2105,
  0x2945, 0x20E4, 0x3986, 0x62AA, 0x7B8D, 0x7B6D, 0x62CA, 0x3103, 0x8C30, 0xFFDF, 0xFFFF, 0xFFFF, 0xFFFF, 0xFFFF, 0xFFFF, 0xFFFF,
  0xFFFF, 0xFFFF, 0xFFFF, 0xFFFF, 0x9CD4, 0x5A28, 0xEAC2, 0xFBA3, 0xFC43, 0xFCE5, 0xFD66, 0xFD67, 0xD403, 0x8AE4, 0x8305, 0x6264,
  0xA4B0, 0xE6FA, 0xFFFF, 0xFFDF, 0xEF3D, 0x8430, 0x2943, 0x4A04, 0x6AC5, 0x5285, 0x79E2, 0xE383, 0xFCA6, 0xFB82, 0xEA60, 0xCA41,
  0xD616, 0xFFFF, 0xFFFF, 0xFFFF, 0xFFDE, 0x8505, 0x8562, 0x9E23, 0xB683, 0xBEA2, 0xC6A2, 0xC681, 0xC660, 0xBE20, 0xBE04, 0xFFDE,
  0xFFFF, 0xFFFF, 0xFFFF, 0xBE74, 0x53A0, 0x6400, 0x7CA0, 0x8D40, 0x9D80, 0xADC0, 0xB5C0, 0xA540, 0x9D22, 0xFFDD, 0xFFFF, 0xFFFF,
  0xFFFF, 0xFFFF, 0xFFFF, 0xFFFF, 0xEF7D, 0x9471, 0x0840, 0x6B0D, 0xA493, 0xACD3, 0xACD3, 0xA492, 0x83CF, 0x18C3, 0x0000, 0x0841,
  0x1061, 0x0841, 0x0841, 0x1061, 0x41C7, 0xCE59, 0xFFFF, 0xAD55, 0x1062, 0x18A2, 0x0840, 0x1082, 0x1082, 0x10A3, 0x18A3, 0x62CB,
  0xF71D, 0xFF7E, 0xFF9E, 0xFFDE, 0xFFDE, 0xFFDE, 0xFFFF, 0xBD95, 0x20A2, 0x1081, 0x0000, 0x3946, 0xEF3D, 0xFFFF, 0xFFDF, 0xFFFF,
  0xE6DC, 0x2064, 0x1042, 0x1862, 0x1882, 0x1882, 0x1882, 0x20A3, 0x28C4, 0x20A3, 0x1863, 0x0802, 0x49C9, 0xFFDF, 0x9CB4, 0x1863,
  0x3146, 0x20A3, 0x1042, 0x28C4, 0x4187, 0x5A29, 0x5A29, 0x5A08, 0x49C7, 0x3144, 0x3124, 0x3944, 0x3924, 0x4949, 0x382F, 0x4050,
  0x5092, 0x5071, 0x5893, 0x60B5, 0x70D5, 0x8938, 0xE61E, 0xFFFF, 0xFFFF, 0xFFFF, 0xFFFF, 0xFFFF, 0xFFFF, 0xED2D, 0xE360, 0xFD20,
  0xFE02, 0xFDA2, 0xFD63, 0xFE2F, 0xFFFF, 0xFFFF, 0xFFFF, 0xFFFF, 0xFFFF, 0xFFFF, 0xFFFF, 0xFFFF, 0xFFFF, 0xFFDF, 0xFFFF, 0xE658,
  0x8B6E, 0xB40F, 0xCA00, 0xEB43, 0xFE77, 0xFFDF, 0xFFBE, 0xFFDE, 0xFF9D, 0xFFDE, 0xFDAD, 0xFF9B, 0xFFFF, 0xFFFF, 0xFFFF, 0xFFFF,
  0xFFFF, 0xFFFF, 0xFFFF, 0xFFFF, 0xFFFF, 0xFFFF, 0xFFFF, 0xFFFF, 0xFFFF, 0xB63E, 0x3C3C, 0xBE3C, 0xE6DC, 0xFF9E, 0xFF9E, 0xFF7D,
  0xF77D, 0xF75D, 0xFF9D, 0x64D9, 0x9E1B, 0x6D5A, 0x355E, 0xFFFF, 0xFFFF, 0xFFFF, 0xFFFF, 0xFFFF, 0xFFFF, 0x7C34, 0x28E5, 0x2904,
  0x3104, 0xA492, 0xEF1C, 0xFFBE, 0xFFDE, 0xFFDE, 0xFFBD, 0xC574, 0xE6B9, 0xFFFF, 0xFFDF, 0xFFFF, 0xFFFF, 0xFFFF, 0xFFFF, 0xFFFF,
  0xFFFF, 0xFFFF, 0xFFFF, 0xE6FC, 0x18C5, 0x3104, 0xE2A2, 0xFB00, 0xFBA1, 0xFC42, 0xFC82, 0xFC41, 0xF3C0, 0x61C3, 0x49E4, 0x93CA,
  0xFFFF, 0xFFFF, 0xFFFF, 0xFFFF, 0x4A2A, 0x0000, 0x79C3, 0x79E3, 0x3964, 0x3165, 0x7161, 0xFB00, 0xFB60, 0xFB20, 0xF260, 0xB180,
  0xA470, 0xFFFF, 0xFFDF, 0xFFFF, 0xE75A, 0x7D01, 0x8D83, 0x9E23, 0xB683, 0xBEA2, 0xC6A2, 0xCE81, 0xC660, 0xB5C0, 0xD6AF, 0xFFFF,
  0xFFFF, 0xFFFF, 0xFFFF, 0x958E, 0x53C0, 0x6C60, 0x8500, 0x9D80, 0xADE0, 0xB600, 0xB5E0, 0x9D20, 0xBDEA, 0xFFFF, 0xFFFF, 0xFFFF,
  0xFFFF, 0xFFFF, 0xFFFF, 0xFFDF, 0xFFFF, 0xDEFC, 0x0841, 0x62CC, 0xBD97, 0xD619, 0xDE59, 0xEE9A, 0xA4B3, 0x0841, 0x18C3, 0x1082,
  0x0841, 0x0000, 0x0000, 0x1041, 0xE6DB, 0xFFFF, 0xFFFF, 0xEF5D, 0x2965, 0x0000, 0x0841, 0x18C3, 0x18C3, 0x2125, 0x2925, 0x3124,
  0xBD55, 0xFFDF, 0xFFDE, 0xFFBE, 0xFFDE, 0xFF9D, 0xFFDE, 0xBD54, 0x3124, 0x2904, 0x20C3, 0xBDD7, 0xFFFF, 0xFFFF, 0xFFFF, 0xFFFF,
  0xF79E, 0x5A6B, 0x1043, 0x288A, 0x308A, 0x2068, 0x1864, 0x1883, 0x20A4, 0x1863, 0x1042, 0x0801, 0x6AAC, 0xFFFF, 0xDEDC, 0x3127,
  0x1021, 0x20C4, 0x3106, 0x4188, 0x49C8, 0x41A8, 0x3125, 0x1861, 0x30A5, 0x594B, 0x616C, 0x38C8, 0x1041, 0x3049, 0x300E, 0x4050,
  0x4870, 0x5091, 0x5072, 0x60B4, 0x68B5, 0xA27A, 0xF75F, 0xFFFF, 0xFFFF, 0xFFFF, 0xFFFF, 0xFFFF, 0xADB8, 0x630E, 0x51A7, 0x5A07,
  0xA385, 0xFDC3, 0xFD60, 0xFCC0, 0xEEF9, 0xFFDF, 0xFFFF, 0xFFFF, 0xFFFF, 0xFFFF, 0xFFFF, 0xFFFF, 0xFFFF, 0xFFFF, 0xFFDF, 0xFFFF,
  0xB515, 0x9161, 0xC262, 0xDDB5, 0xF73D, 0xFF5C, 0xFF9D, 0xFFDE, 0xFF9D, 0xFFFF, 0xFD8E, 0xFF19, 0xFFFF, 0xFFFF, 0xFFFF, 0xFFFF,
  0xFFFF, 0xFFFF, 0xFFFF, 0xFFFF, 0xFFFF, 0xFFFF, 0xFFFF, 0xFFFF, 0xEF9F, 0x7D1C, 0xD6BD, 0xFF9E, 0xF75D, 0xF71C, 0xEEFC, 0xEEDB,
  0xEF1C, 0xF77D, 0xB65C, 0xAE7C, 0x149B, 0x03FA, 0x2C9B, 0xFFFF, 0xFFFF, 0xFFFF, 0xFFFF, 0xCF5F, 0x3315, 0x39CA, 0x93D2, 0x1315,
  0x1355, 0xDE7C, 0xFF9E, 0xFF9D, 0xFF9D, 0xFF9D, 0xFFBD, 0xDE59, 0x7D9B, 0xFFFF, 0xFFFF, 0xFFFF, 0xFFFF, 0xFFFF, 0xFFFF, 0xFFFF,
  0xFFFF, 0xFFFF, 0xFFFF, 0xB597, 0x4A09, 0xC596, 0xE575, 0xF5F6, 0xFDF2, 0xFDEF, 0xFE0F, 0xFE70, 0xCC8E, 0x6A07, 0x38C1, 0x7B6C,
  0xFFFF, 0xFFDF, 0xFFFF, 0xEF7D, 0x3189, 0x18C5, 0x5144, 0x28C3, 0x20C3, 0x3104, 0x7B0C, 0xF591, 0xFD90, 0xF551, 0xE4F1, 0xCD54,
  0xC533, 0xFFDF, 0xFFFF, 0xFFFF, 0xCEB3, 0x7D20, 0x95E3, 0xA623, 0xB663, 0xBE82, 0xC6A1, 0xC680, 0xBE20, 0xADA0, 0xEF79, 0xFFFF,
  0xFFFF, 0xFFFF, 0xF7DF, 0x74A7, 0x5C00, 0x7CC0, 0x9560, 0xA5C0, 0xB600, 0xB600, 0xB5C0, 0x9D40, 0xDF14, 0xFFFF, 0xFFFF, 0xFFFF,
  0xFFFF, 0xFFFF, 0xFFFF, 0xFFFF, 0xFFFF, 0xE73C, 0x7BD1, 0x9C94, 0xCE3A, 0xDE7A, 0xDE39, 0xE659, 0xCDF8, 0x9492, 0x49E7, 0x1082,
  0x1062, 0x1882, 0x3103, 0x51C5, 0xE6BA, 0xFFFF, 0xFFDF, 0xFFFF, 0xCE59, 0x2924, 0x0000, 0x1082, 0x2104, 0x2104, 0x5AAB, 0xCE59,
  0xBD96, 0xC5B6, 0xE6FB, 0xFFFF, 0xFFDF, 0xFFFF, 0xF71B, 0xBD96, 0xCE38, 0x5A69, 0xBDB7, 0xFFFF, 0xFFDF, 0xFFFF, 0xFFFF, 0xFFFF,
  0xFFFF, 0xD69A, 0x48B3, 0x70DF, 0x919F, 0xA9FF, 0xA1FC, 0x38AB, 0x2085, 0x2085, 0x1863, 0x0822, 0x3906, 0xCDD9, 0xFFFF, 0xDEBB,
  0x5A8B, 0x28C6, 0x3948, 0x3967, 0x18A3, 0x1061, 0x28A6, 0x8996, 0xCABE, 0xF3FF, 0xEB7F, 0xDA9F, 0x7994, 0x388D, 0x302D, 0x404F,
  0x4870, 0x5092, 0x5893, 0x5892, 0x70F6, 0xD57D, 0xFFFF, 0xFFDF, 0xFFFF, 0xFFFF, 0xFFFF, 0xDE17, 0x18A5, 0x08E9, 0x218B, 0x29AC,
  0x2969, 0xE3E1, 0xE443, 0xDCC5, 0x8284, 0x5AAD, 0xFF9E, 0xFFFF, 0xFFFF, 0xFFFF, 0xFFFF, 0xFFFF, 0xFFFF, 0xFFFF, 0xFFFF, 0xFFFF,
  0xF71B, 0x9961, 0xB430, 0xDE7B, 0xEEBB, 0xFF3C, 0xFF7D, 0xFFBD, 0xFF7D, 0xFFFF, 0xFCEB, 0xFF19, 0xFFFF, 0xFFFF, 0xFFFF, 0xFFFF,
  0xFFFF, 0xFFFF, 0xFFFF, 0xFFFF, 0xFFFF, 0xFFFF, 0xFFFF, 0xFFFF, 0xE71F, 0xF71E, 0xFF7E, 0xFFBE, 0xFFBE, 0xFFBE, 0xFFBE, 0xFF9D,
  0xEEDA, 0xCE18, 0xD6DC, 0x551B, 0x14DD, 0x3CDA, 0x553B, 0xFFFF, 0xFFFF, 0xFFFF, 0xFFFF, 0x5D1E, 0x01D3, 0x11AC, 0x239B, 0x0BFC,
  0x0C7E, 0x8DBC, 0xFF7D, 0xFFBE, 0xFF9D, 0xFF9D, 0xFFBD, 0xCE59, 0x85DA, 0xFFDF, 0xFFFF, 0xFFFF, 0xFFFF, 0xFFFF, 0xFFFF, 0xFFFF,
  0xFFFF, 0xFFFF, 0xFFFF, 0xCDB7, 0x2947, 0x7B2C, 0xED74, 0xE619, 0xEDD6, 0xF75D, 0xFF7D, 0xD4D0, 0xB534, 0xAC0E, 0x2881, 0x3985,
  0xEF7D, 0xFFFF, 0xFFFF, 0xFFDF, 0x4A4C, 0x18A4, 0x0883, 0x0883, 0x0862, 0x3924, 0xB42F, 0x9BEE, 0xCC6E, 0xDE9B, 0xCD13, 0xA36C,
  0xA430, 0xFF9E, 0xFFFF, 0xFFFF, 0xA5EC, 0x7D20, 0x9E03, 0xA642, 0xB662, 0xBE81, 0xC680, 0xC660, 0xBE00, 0xBE27, 0xFFFF, 0xFFFF,
  0xFFFF, 0xFFFF, 0xDF3A, 0x5C02, 0x6C60, 0x8500, 0x9DA0, 0xADE0, 0xB600, 0xB5E0, 0xADA0, 0xB5C2, 0xFFBC, 0xFFFF, 0xFFFF, 0xFFFF,
  0xFFFF, 0xFFFF, 0xFFFF, 0xFFFF, 0xFFFF, 0xEF5D, 0x5AED, 0x9473, 0x9CB4, 0xA4B4, 0xDE5A, 0xACF4, 0x4A08, 0x7B8E, 0x3145, 0x1082,
  0x1061, 0x18A2, 0x3924, 0x7AA9, 0xF77D, 0xFFFF, 0xFFFF, 0xFFFF, 0xFFFF, 0xE73C, 0x2945, 0x10A3, 0x18E4, 0x2104, 0x31A7, 0x39A7,
  0x3986, 0xCDD7, 0xF75D, 0xE6BA, 0xC596, 0xCDF7, 0xD618, 0x9C91, 0x730C, 0x41A6, 0xCE38, 0xFFFF, 0xFFDF, 0xFFFF, 0xFFFF, 0xFFDF,
  0xFFFF, 0xB539, 0x3812, 0x689E, 0x891E, 0xA99F, 0x915C, 0x408E, 0x48CE, 0x284A, 0x1005, 0x1863, 0x0001, 0x598E, 0xFFBF, 0xFFFF,
  0xC5D9, 0x2066, 0x3106, 0x18A3, 0x1063, 0x2887, 0x388D, 0x995D, 0xCA5F, 0xD2DF, 0xCA7E, 0xCA1F, 0x91B7, 0x69EF, 0x402F, 0x380F,
  0x4051, 0x4852, 0x5853, 0x60B3, 0xB3BA, 0xFFDF, 0xFFFF, 0xFFFF, 0xFFFF, 0xFFFF, 0xFFFF, 0xD595, 0x3926, 0x08C6, 0x298A, 0x426E,
  0x8B29, 0xFCA5, 0xF423, 0x7267, 0x5208, 0x41E9, 0xB576, 0xFFFF, 0xFFDF, 0xFFFF, 0xFFFF, 0xFFFF, 0xFFFF, 0xFFFF, 0xFFFF, 0xFFFF,
  0xFFFF, 0xBC6F, 0xBCD5, 0xD5F9, 0xE67A, 0xEEDB, 0xFF3C, 0xFF7D, 0xFF7D, 0xFF5C, 0xFC28, 0xFFBD, 0xFFFF, 0xFFFF, 0xFFFF, 0xFFFF,
  0xFFFF, 0xFFFF, 0xFFFF, 0xFFFF, 0xFFFF, 0xFFFF, 0xFFDF, 0xDEBE, 0xEEFE, 0xFF5E, 0xFF7E, 0xFFBE, 0xFFDE, 0xFFFE, 0xFFFF, 0xFFFE,
  0xFFDE, 0xFF7C, 0xFF1A, 0x75FC, 0x255E, 0xCEDC, 0xAE9D, 0xFFFF, 0xFFFF, 0xFFFF, 0xFFFF, 0x4C9C, 0x033C, 0x035B, 0x02D9, 0x02F9,
  0x5CFB, 0xCEDC, 0xD67A, 0xEEBA, 0xFFBD, 0xFF5C, 0xF73B, 0xEF1B, 0xB63A, 0xFFDF, 0xFFFF, 0xFFFF, 0xFFFF, 0xFFFF, 0xFFFF, 0xFFFF,
  0xFFFF, 0xFFDF, 0xFFFF, 0xA411, 0x4A6B, 0xD575, 0xF6FC, 0xEE57, 0xF550, 0xF5B3, 0xFEDA, 0xE636, 0x5A06, 0x4164, 0x3902, 0x41E7,
  0xFFDF, 0xFFFF, 0xFFFF, 0xFFBE, 0x8248, 0x0841, 0x1082, 0x4901, 0x81A1, 0x18C3, 0x18A3, 0x6248, 0xFED9, 0xEDD5, 0xDC8F, 0xBC50,
  0xA452, 0xBD13, 0xFFFF, 0xFFFF, 0x8545, 0x8582, 0x9E23, 0xB683, 0xBEA2, 0xC681, 0xC660, 0xC660, 0xBE00, 0xDECF, 0xFFFF, 0xFFFF,
  0xFFFF, 0xFFFF, 0xAE12, 0x5400, 0x74A0, 0x8D20, 0xA5A0, 0xB600, 0xBE40, 0xBE20, 0xADA0, 0xC625, 0xFFFF, 0xFFFF, 0xFFFF, 0xFFFF,
  0xFFFF, 0xFFFF, 0xFFFF, 0xFFDF, 0xFFFF, 0xA536, 0x8C33, 0xC5B8, 0xAD15, 0xB515, 0xC5B7, 0xDE9A, 0x9451, 0x1861, 0x20E3, 0x20C3,
  0x18A2, 0x18A2, 0x28E3, 0x7288, 0xEF5C, 0xFFFF, 0xFFFF, 0xFFFF, 0xFFFF, 0xF7BE, 0x4208, 0x18C3, 0x18C3, 0x20E4, 0x18C3, 0x4A4A,
  0xCE7A, 0xBDB7, 0xBD75, 0xEF1C, 0xFFBE, 0xEF1B, 0xF75D, 0xE6FB, 0xAD13, 0x41A6, 0xCE38, 0xFFFF, 0xFFFF, 0xFFFF, 0xFFFF, 0xFFDF,
  0xFFFF, 0xC53C, 0x689B, 0x917F, 0xA1DF, 0xA1DD, 0x91D9, 0x9A38, 0x510E, 0x304B, 0x2009, 0x2047, 0x2049, 0x40EB, 0xF75D, 0xFFFF,
  0xE6FC, 0x626C, 0x1863, 0x0821, 0x2068, 0x30AB, 0x69B2, 0xAA7B, 0xD31F, 0xD37E, 0xE3BF, 0xE39F, 0xC37B, 0x8AB4, 0x8294, 0x7A54,
  0x6993, 0x79F5, 0x9B38, 0xD59C, 0xFFBF, 0xFFFF, 0xFFFF, 0xFFFF, 0xFFFF, 0xFFDF, 0xFFFF, 0xD65A, 0xACF6, 0xA4F6, 0xC5D9, 0xCE39,
  0xD5B5, 0xEE77, 0xFC23, 0x59A4, 0x2169, 0x3147, 0x9493, 0xFFFF, 0xFFFF, 0xFFFF, 0xFFFF, 0xFFFF, 0xFFFF, 0xFFFF, 0xFFFF, 0xFFFF,
  0xFFFF, 0xEF3D, 0xB4B5, 0xC537, 0xD5D8, 0xE67A, 0xF6FB, 0xF6FB, 0xFF9D, 0xFD91, 0xFC8C, 0xFFFF, 0xFFFF, 0xFFFF, 0xFFFF, 0xFFFF,
  0xFFFF, 0xFFFF, 0xFFFF, 0xFFFF, 0xFFFF, 0xFFFF, 0xE6DE, 0xD63C, 0xEEFD, 0xFF5D, 0xFF7D, 0xFF9D, 0xFFBE, 0xFFDE, 0xFFDE, 0xFFDE,
  0xFFDE, 0xFFBD, 0xFF7C, 0xD6DB, 0xD6FC, 0xFF7C, 0xFFDF, 0xFFFF, 0xFFFF, 0xFFFF, 0xFFFF, 0x6D1C, 0x0298, 0x02B7, 0x2358, 0x23BA,
  0x0BDC, 0x143C, 0x8D9A, 0xFF9C, 0xFF9D, 0xF6DA, 0xE678, 0xDE9A, 0xC67B, 0xF79E, 0xFFFF, 0xFFFF, 0xFFFF, 0xFFFF, 0xFFFF, 0xFFFF,
  0xFFFF, 0xFFFF, 0xFF7D, 0x49A8, 0x7B6E, 0xD491, 0xF6BA, 0xF658, 0xFEB8, 0xFF9C, 0xE511, 0x8BCE, 0x8BEE, 0x4163, 0xB240, 0xACB2,
  0xFFFF, 0xFFBF, 0xFFFF, 0xBE19, 0x7983, 0xB1C0, 0xA9A0, 0xEA80, 0xFB01, 0x7182, 0x1083, 0x62CB, 0x5A69, 0x9A88, 0xFF1B, 0xDDF7,
  0xB492, 0x938E, 0xBD55, 0xCEB4, 0x8D81, 0x9E03, 0xAE63, 0xC6A3, 0xD704, 0xDF05, 0xD6E3, 0xCE81, 0xBE20, 0xEF55, 0xFFFF, 0xFFFF,
  0xFFFF, 0xF7BE, 0x74E8, 0x6460, 0x84E0, 0x9D80, 0xADE0, 0xC681, 0xD6C2, 0xCE80, 0xC620, 0xDEA7, 0xFFDE, 0xFFFF, 0xFFFF, 0xFFFF,
  0xFFFF, 0xFFFF, 0xFFFF, 0xFFFF, 0xF79E, 0x83F1, 0x9452, 0xCE19, 0xE6BB, 0xFFBF, 0xDEBA, 0x4A08, 0x4A28, 0x2904, 0x20C3, 0x20E3,
  0x2904, 0x3124, 0x4164, 0x61E6, 0xDE58, 0xFFFF, 0xFFFF, 0xFFFF, 0xFFFF, 0xFFDF, 0x4A28, 0x18A2, 0x2104, 0x18E4, 0x18E4, 0x31A7,
  0x3187, 0x732D, 0xEF3C, 0xFF9E, 0xF75D, 0xEF3C, 0xFFDE, 0xDEDA, 0xBDB6, 0x732C, 0xD659, 0xFFFF, 0xFFDF, 0xFFFF, 0xFFFF, 0xFFDF,
  0xFFFF, 0xA43A, 0x5037, 0x58B5, 0x91BB, 0xB2BD, 0x6972, 0x38CA, 0x2068, 0x1827, 0x1807, 0x1007, 0x1006, 0x492A, 0xFF9E, 0xFFFF,
  0xFFFF, 0xFFFF, 0x9C94, 0x0805, 0x2068, 0x2089, 0x7A14, 0x79F3, 0x9A18, 0xD37E, 0xBAFB, 0xA1F9, 0xA279, 0x71F2, 0xDE3C, 0xFFFF,
  0xF75E, 0xF79F, 0xFFFF, 0xFFFF, 0xFFFF, 0xFFFF, 0xFFFF, 0xFFFF, 0xFFFF, 0xFFDF, 0xFFFF, 0xC5B8, 0xA4B6, 0x8BF1, 0xACF5, 0xCDD8,
  0xD48B, 0xFC84, 0xFC63, 0xC321, 0x5184, 0x3904, 0xCD0F, 0xFFFF, 0xFFFF, 0xFFFF, 0xFFFF, 0xFFFF, 0xFFFF, 0xFFFF, 0xFFFF, 0xFFFF,
  0xFFFF, 0xFFFF, 0xD63A, 0xAC74, 0xC556, 0xCDD8, 0xDE38, 0xE67A, 0xEE99, 0xEB46, 0xFF1A, 0xFFFF, 0xFFFF, 0xFFFF, 0xFFFF, 0xFFFF,
  0xFFFF, 0xFFFF, 0xFFFF, 0xFFFF, 0xFFFF, 0xF79F, 0xD65D, 0xE6BC, 0xF73D, 0xFF9E, 0xFFBE, 0xFFDE, 0xFFDE, 0xFFDE, 0xFFDE, 0xFFBD,
  0xFFBD, 0xFFBD, 0xFF9D, 0xFF7C, 0xC6DC, 0xF75C, 0xFFFF, 0xFFFF, 0xFFFF, 0xFFFF, 0xF7DF, 0x9D5C, 0x3B98, 0x5C38, 0xD65C, 0xB5FC,
  0x035C, 0x0C1C, 0xAE5C, 0x9DFC, 0xEEDA, 0xFFBD, 0xFF9D, 0xFF7C, 0xC618, 0xD6DD, 0xFFFF, 0xFFFF, 0xFFFF, 0xFFFF, 0xFFFF, 0xFFFF,
  0xFFDF, 0xFFFF, 0xBCB2, 0x62CD, 0xCD76, 0xEDD6, 0xF71C, 0xF73D, 0xFFBE, 0xFF1A, 0xB4D1, 0x8BCE, 0x28E2, 0x71E3, 0xFB40, 0xFED8,
  0xFFFF, 0xFFBE, 0xFFFF, 0x9494, 0x1063, 0x99C2, 0xEA60, 0xE260, 0xF2C1, 0xF2C1, 0x81A1, 0x1082, 0x1041, 0x9451, 0xACD2, 0xBB07,
  0x99A1, 0x68E0, 0x4901, 0x7CC3, 0xAE63, 0xB683, 0xBE82, 0xC6C2, 0xD6E3, 0xD6E3, 0xDEE2, 0xDEE1, 0xD680, 0xF776, 0xFFFF, 0xFFFF,
  0xFFFF, 0xBE96, 0x5C42, 0x7CC0, 0x8D40, 0xA5C0, 0xB620, 0xC660, 0xC660, 0xC660, 0xC640, 0xE6A5, 0xF755, 0xFFFF, 0xFFFF, 0xFFFF,
  0xFFFF, 0xFFDF, 0xFFFF, 0xD69A, 0x4A4A, 0x39C7, 0x39C7, 0x3186, 0x41E8, 0x4A29, 0x9472, 0x9430, 0x28C3, 0x2924, 0x2904, 0x2904,
  0x3124, 0x3944, 0x3944, 0x4164, 0xBD54, 0xFFFF, 0xFFFF, 0xFFFF, 0xFFFF, 0xE73C, 0x2945, 0x20E3, 0x2104, 0x18E4, 0x2125, 0x1083,
  0x6B4E, 0xCE59, 0x7BAF, 0x5A8A, 0x5248, 0x62AA, 0x62AA, 0x6AEB, 0x83EF, 0x83CF, 0x9CB2, 0xFFFF, 0xFFFF, 0xFFFF, 0xFFDF, 0xFFFF,
  0xE67F, 0x713A, 0x813D, 0x915C, 0xA19D, 0x89D7, 0x7A14, 0x3089, 0x2868, 0x2047, 0x1826, 0x1826, 0x0804, 0x596D, 0xFF3F, 0xFFFF,
  0xFFDF, 0xFFFF, 0xC5FA, 0x1808, 0x2048, 0x286A, 0x1829, 0x40ED, 0xC37C, 0xB25B, 0xB1FC, 0xCADD, 0xE3DE, 0xCB7B, 0xA377, 0xFFFF,
  0xFFFF, 0xFFFF, 0xFFFF, 0xFFDF, 0xFFFF, 0xFFFF, 0xFFFF, 0xFFFF, 0xFFFF, 0xFFFF, 0xFFFF, 0xAD17, 0xC5B9, 0xD618, 0xCD96, 0xC513,
  0xCD33, 0xD406, 0xFCA1, 0xFCA2, 0xFC01, 0xEB80, 0xFD49, 0xFFFF, 0xFFFF, 0xFFFF, 0xFFFF, 0xFFFF, 0xFFFF, 0xFFFF, 0xFFFF, 0xFFFF,
  0xFFFF, 0xFFFF, 0xFFFF, 0xD5D8, 0xB493, 0xB4D4, 0xBD35, 0xCD35, 0xD369, 0xF5F5, 0xFFFF, 0xFFFF, 0xFFFF, 0xFFFF, 0xFFFF, 0xFFFF,
  0xFFFF, 0xFFFF, 0xFFFF, 0xFFFF, 0xFFFF, 0xDE9D, 0xD67D, 0xEF1E, 0xF75D, 0xFF5D, 0xFF5C, 0xFFBE, 0xFFFF, 0xFFFF, 0xFFFF, 0xFFFE,
  0xFFBD, 0xFF9C, 0xFF7C, 0xFF7C, 0xAE7C, 0xCEBC, 0xF7DF, 0xFFFF, 0xFFFF, 0xFFFF, 0xBEFF, 0x33BB, 0xD5FB, 0xE67C, 0xDE9C, 0xEEBD,
  0xADBB, 0x3C7B, 0x451D, 0xA61C, 0xE6FC, 0xF75C, 0xF75C, 0xF71A, 0xEED9, 0xCDF7, 0xCE7B, 0xFFFF, 0xFFFF, 0xFFFF, 0xFFFF, 0xFFDF,
  0xFFFF, 0xF71B, 0x4967, 0x734D, 0xCBA9, 0xE3A8, 0xE386, 0xE365, 0xDB46, 0xC3EC, 0xA4D2, 0x5A27, 0x51A3, 0xEBA1, 0xFB60, 0xE677,
  0xFFFF, 0xFFFF, 0xFFFF, 0x7350, 0x1883, 0x0862, 0x7941, 0xDA41, 0x8980, 0xC367, 0xFC27, 0xA9E0, 0x2924, 0x3966, 0x0800, 0x6921,
  0xBBCC, 0xC4F5, 0xA4EF, 0x8D82, 0xB663, 0xBEA3, 0xC6A2, 0xCEE2, 0xD6E2, 0xD6C2, 0xD6C2, 0xDEE1, 0xE6E2, 0xEF52, 0xFFFF, 0xFFFF,
  0xFFFF, 0x7D2C, 0x5C41, 0x7CE0, 0x8D40, 0xA5C0, 0xB620, 0xBE40, 0xC660, 0xC660, 0xC660, 0xDEC4, 0xEEEA, 0xF778, 0xFFFF, 0xFFFF,
  0xFFFF, 0xFFFF, 0xF79E, 0x9CD4, 0xA4F4, 0xC5F7, 0xC5D7, 0xB535, 0x8BEF, 0x41C7, 0x1021, 0x3124, 0x3965, 0x3144, 0x2904, 0x3124,
  0x3944, 0x3124, 0x28E3, 0x28C2, 0xA490, 0xFFFF, 0xFFFF, 0xFFFF, 0xFFFF, 0xC639, 0x20E4, 0x2124, 0x2104, 0x20E4, 0x18E4, 0x18E4,
  0x2945, 0x2905, 0x4A28, 0x8C30, 0xB555, 0xD638, 0xD679, 0xCE18, 0xAD13, 0x7B8E, 0x49E8, 0xBDD7, 0xFFFF, 0xFFDF, 0xFFFF, 0xC5DA,
  0x5912, 0x58D3, 0x7977, 0x99FB, 0xA1FA, 0x71B1, 0x30AA, 0x3089, 0x3069, 0x2048, 0x1825, 0x1826, 0x280B, 0x5072, 0xE61C, 0xFFFF,
  0xFFDF, 0xFFFF, 0xEF1E, 0x28AA, 0x1827, 0x2049, 0x2049, 0x492D, 0x38EB, 0x79B5, 0xFBFF, 0xDB9D, 0xCB7C, 0xC33A, 0xAAD7, 0xE59D,
  0xFFFF, 0xFFFF, 0xFFFF, 0xFFFF, 0xFFFF, 0xFFFF, 0xFFFF, 0xFFFF, 0xFFFF, 0xF75D, 0xBCD4, 0xBC51, 0xBC91, 0xCE18, 0xD595, 0xE50E,
  0x82C9, 0x49E8, 0xCBE3, 0xFCC2, 0xFC62, 0xEBA1, 0xAB45, 0xFF5A, 0xFFFF, 0xFFFF, 0xFFFF, 0xFFFF, 0xFFFF, 0xFFFF, 0xFFFF, 0xFFFF,
  0xFFFF, 0xFFFF, 0xFFFF, 0xFFFF, 0xE6FB, 0xCDB7, 0xC534, 0xD4B1, 0xF6B9, 0xFFFF, 0xFFFF, 0xFFFF, 0xFFFF, 0xFFFF, 0xFFFF, 0xFFFF,
  0xFFFF, 0xFFFF, 0xFFFF, 0xFFFF, 0xF7BF, 0xD63C, 0xCDD9, 0xC554, 0xB4B1, 0xAC50, 0xAC70, 0xB4B1, 0xC513, 0xD5B5, 0xEEFA, 0xFFDE,
  0xFFFE, 0xFFBD, 0xFF7C, 0xFF3A, 0xCE9A, 0x8DFC, 0xF7DF, 0xFFFF, 0xFFFF, 0xFFFF, 0x8DFE, 0x02DB, 0x441B, 0xCDFB, 0xD65C, 0xE69C,
  0xCE3C, 0xE6FD, 0xFF3D, 0xB65C, 0xC6BD, 0xF71B, 0xF71C, 0xF71C, 0xF71C, 0xEEBA, 0xC5F9, 0xF75D, 0xFFDF, 0xFFDF, 0xFFDF, 0xFFFF,
  0xFFDF, 0x72ED, 0x524B, 0xAC30, 0xF5B4, 0xFEB8, 0xFF3A, 0xFEF8, 0xFE12, 0xAB49, 0x49C6, 0x49E7, 0x8285, 0xC3C6, 0x9AC5, 0x9494,
  0xB5B9, 0xA557, 0xAD78, 0x4A6D, 0x2927, 0x2106, 0x28C3, 0xDA41, 0xB1A0, 0xD42C, 0xFC4B, 0x9180, 0x2105, 0x20C3, 0x5249, 0xC5D9,
  0xDE7C, 0xCE1A, 0x9D87, 0xAE42, 0xBE83, 0xBE83, 0xBE83, 0xC6A2, 0xCEE2, 0xD6E3, 0xD6E3, 0xDEE1, 0xDEE2, 0xEF0C, 0xFFDE, 0xFFFF,
  0xD719, 0x6486, 0x6C81, 0x74C0, 0x7D00, 0x9D80, 0xADE0, 0xB620, 0xC680, 0xCE81, 0xBE20, 0xBE21, 0xD685, 0xD665, 0xD68C, 0xF79C,
  0xFFFF, 0xF7BE, 0xCE5A, 0xDE9B, 0xFF3D, 0xFF9E, 0xFFBE, 0xFFBE, 0xFFBE, 0xFF9D, 0xAD34, 0x3965, 0x3104, 0x4185, 0x49A6, 0x4165,
  0x28E3, 0x1881, 0x2924, 0x6ACA, 0xD5D6, 0xFFDF, 0xFFFF, 0xFFDF, 0xFFFF, 0xA535, 0x20C4, 0x3145, 0x2924, 0x2104, 0x18E4, 0x10A3,
  0x39A7, 0xB555, 0xFF9E, 0xFFFF, 0xFFDF, 0xFFDF, 0xFFFF, 0xFFFF, 0xFFFF, 0xFFFF, 0xEF3C, 0xBD96, 0xEF5D, 0xFFFF, 0xEEDF, 0x79F5,
  0x5931, 0x48EF, 0x308B, 0x2067, 0x7191, 0x38CA, 0x38AA, 0x2888, 0x4890, 0x5875, 0x202B, 0x4032, 0x3832, 0x4013, 0xBC79, 0xFFFF,
  0xFFDF, 0xFFFF, 0xE6BE, 0x284B, 0x1848, 0x3890, 0x2048, 0x1827, 0x308B, 0x9A57, 0x616F, 0x510D, 0x592F, 0x512E, 0x514E, 0x592D,
  0xAC96, 0xF7DE, 0xFFDF, 0xFFFF, 0xFFFF, 0xFFFF, 0xFFFF, 0xFFFF, 0xF79E, 0xBC92, 0xC42D, 0xE42A, 0xEB44, 0xCA20, 0xDC6A, 0xF4EA,
  0xA2E4, 0x31CA, 0x5207, 0xEC62, 0xFC61, 0xE362, 0xE3A1, 0xFE71, 0xFFFF, 0xFFFF, 0xFFFF, 0xFFFF, 0xFFFF, 0xFFFF, 0xFFFF, 0xFFFF,
  0xFFFF, 0xFFFF, 0xFFFF, 0xFFFF, 0xFFFF, 0xFFFF, 0xFFFF, 0xFFFF, 0xFFFF, 0xFFFF, 0xFFFF, 0xFFFF, 0xFFFF, 0xFFFF, 0xFFFF, 0xFFFF,
  0xFFFF, 0xFFFF, 0xFFFF, 0xFFFF, 0xF79F, 0xBD35, 0xA3EE, 0x9BAD, 0x9BCD, 0xA3EE, 0xA40E, 0xA40E, 0xA3EE, 0x9BAD, 0xA3EE, 0xC512,
  0xEED9, 0xFFDE, 0xFFBD, 0xFF3B, 0xFED9, 0xC69B, 0xFFDF, 0xFFDF, 0xFFDF, 0xFFFF, 0x6D5D, 0x02DB, 0x02FB, 0x747A, 0xD5DA, 0xC5FB,
  0x1BDC, 0xB65D, 0xEEDC, 0xEF5E, 0xFF7E, 0xF73D, 0xF73D, 0xFF5D, 0xFF9E, 0xFFDE, 0xFFDE, 0xFF7D, 0xFF7C, 0xFF9E, 0xF7BF, 0xFFDF,
  0x9CB3, 0xACF6, 0xFFBF, 0xFFFF, 0xFFFF, 0xF79F, 0xDEFD, 0xB5FA, 0x8CF7, 0x6BD3, 0x31CB, 0x1949, 0x110A, 0x090A, 0x00EB, 0x00A9,
  0x0067, 0x0046, 0x0046, 0x00C8, 0x090A, 0x114B, 0x196B, 0x5A2B, 0xBAA7, 0xEA60, 0xD220, 0x28C3, 0x20C4, 0x49E8, 0xE6BC, 0xF6FD,
  0xE65C, 0xAD8E, 0xAE40, 0xCEE1, 0xD6E2, 0xAE42, 0xAE21, 0xC681, 0xD6E1, 0xDF03, 0xDF24, 0xCEC1, 0xCEA1, 0xE6C6, 0xF77A, 0xFFFF,
  0xA612, 0x5C41, 0x6C80, 0x6CA0, 0x7502, 0x8D40, 0xA5A0, 0xB620, 0xCE80, 0xCE81, 0x9D60, 0xADE0, 0xBE40, 0xD6A3, 0xC641, 0xD647,
  0xF7BD, 0xC618, 0xBDB4, 0xE6DB, 0xF71C, 0xFF5D, 0xFF9E, 0xFFBE, 0xFFBE, 0xFFBD, 0xFFFF, 0xBD75, 0x3124, 0x3985, 0x51E6, 0x30E3,
  0x3985, 0x836D, 0xAC93, 0xC535, 0xDDF7, 0xFFBE, 0xFFDF, 0xF7BE, 0xFFFF, 0x9472, 0x1083, 0x2124, 0x3145, 0x2104, 0x18E4, 0x39C8,
  0xD65A, 0xFF7F, 0xF75E, 0xFF7E, 0xFFBE, 0xFFDE, 0xFFDF, 0xFFFE, 0xFFDE, 0xFFDE, 0xFFFF, 0xFFDE, 0xEEFB, 0xBC3E, 0x893E, 0xA9FF,
  0xC29F, 0xC23F, 0xB1BE, 0x6953, 0x38CA, 0x40EB, 0x38CA, 0x2888, 0x2868, 0x6057, 0x5819, 0x4819, 0x3814, 0x3012, 0xA356, 0xFFFF,
  0xF7BF, 0xFFFF, 0xCDFC, 0x3813, 0x6079, 0x60B9, 0x2069, 0x2069, 0x2889, 0x1827, 0x308A, 0x8196, 0xAA3C, 0xBA7E, 0xCAFE, 0xC39C,
  0xB338, 0xDDFC, 0xFFFF, 0xFFFF, 0xFFFF, 0xFFDF, 0xFFFF, 0xEEFE, 0xE65C, 0xF6DC, 0xFFBF, 0xFFDF, 0xFF7C, 0xFE14, 0xF3C3, 0xFC00,
  0xD405, 0x5229, 0x2989, 0x82A4, 0xFC62, 0xFBE2, 0xFC00, 0xFD4B, 0xFFFF, 0xFFDF, 0xFFFF, 0xFFFF, 0xFFFF, 0xFFFF, 0xFFFF, 0xFFFF,
  0xFFFF, 0xFFFF, 0xFFFF, 0xFFFF, 0xFFFF, 0xFFFF, 0xFFFF, 0xFFFF, 0xFFDF, 0xFFFF, 0xFFFF, 0xFFFF, 0xFFFF, 0xFFFF, 0xFFFF, 0xFFFF,
  0xFFFF, 0xFFFF, 0xFFFF, 0xFFFF, 0xEF1C, 0x9BEE, 0x9BEE, 0xA40F, 0xA40F, 0xA40F, 0xA40F, 0xA42F, 0xA42F, 0xAC2F, 0xA44F, 0xA40F,
  0xA40F, 0xCD53, 0xFF1A, 0xFF7B, 0xFF1A, 0xFF3B, 0xFFDF, 0xFFDF, 0xF7BF, 0xF7BF, 0xB5DC, 0x541A, 0x12B8, 0x2317, 0xD5FB, 0xA57B,
  0x345B, 0xD69D, 0xF75E, 0xF75E, 0xF73D, 0xFF5E, 0xFF7E, 0xFFBE, 0xFFDE, 0xFFFE, 0xFFDE, 0xFFDE, 0xFF9D, 0xFF3B, 0xF79E, 0xEF3D,
  0xC599, 0xF71F, 0xCE1A, 0x94B5, 0x5B51, 0x29CC, 0x08E8, 0x0026, 0x0005, 0x0005, 0x0005, 0x0005, 0x0025, 0x0046, 0x0046, 0x0066,
  0x0067, 0x0066, 0x0046, 0x0025, 0x0005, 0x0026, 0x0088, 0x00A8, 0x116B, 0x92AA, 0xBAA5, 0x20E4, 0x0821, 0x9411, 0xF71E, 0xE6BD,
  0xBDF5, 0x8D62, 0xC6A2, 0xDF24, 0xCEC2, 0x95A1, 0xB682, 0xD6E3, 0xDF03, 0xDF00, 0xBE60, 0xC6A0, 0xD6C2, 0xD6A0, 0xE70F, 0xFFDF,
  0x958C, 0x6420, 0x6C40, 0x6C80, 0x6CC4, 0x7D01, 0x9DA0, 0xBE60, 0xCEC2, 0xDF01, 0x9560, 0xAE00, 0xD6C3, 0xDEE4, 0xD682, 0xCE41,
  0xCE6B, 0xA533, 0xC5D5, 0xE6BA, 0xEEFB, 0xF73C, 0xFF7D, 0xFFBD, 0xFFBE, 0xFF9D, 0xFF3C, 0xFF7D, 0x62AA, 0x1882, 0x4185, 0x8B8D,
  0xBCD3, 0xAC74, 0x9C33, 0x9BF2, 0xCD55, 0xF75D, 0xF79E, 0xF7BE, 0xF77E, 0xBD77, 0x9473, 0x528B, 0x2924, 0x2945, 0x18E4, 0xAD16,
  0xEF1E, 0xE6BC, 0xF73D, 0xFF7E, 0xFF9E, 0xFFBE, 0xFFDE, 0xFFDE, 0xFFDE, 0xFFDE, 0xFFBE, 0xFF7D, 0xFF7C, 0x81FA, 0x787E, 0xB21F,
  0xC2BF, 0xDB5F, 0xDB1F, 0xD2BF, 0x9A38, 0x40EB, 0x38CB, 0x3089, 0x2047, 0x0803, 0x200A, 0x5039, 0x4075, 0x58B7, 0xAA9B, 0xF73F,
  0xF7DF, 0xFFFF, 0xC59A, 0x3815, 0x5878, 0x386E, 0x206A, 0x288A, 0x206A, 0x6114, 0xAA1F, 0xC25F, 0xCABF, 0xD31F, 0xE39F, 0xEBFF,
  0xE35F, 0xD33F, 0xE4BF, 0xFFBF, 0xFFDF, 0xFFFF, 0xE69D, 0xC51A, 0xEE9C, 0xFF3D, 0xFF7D, 0xFFBD, 0xFFDE, 0xFFFF, 0xF73B, 0xF485,
  0xFCE2, 0xBB85, 0x2988, 0x3965, 0xEB60, 0xFBC1, 0xFC86, 0xFE33, 0xFFDE, 0xFFDF, 0xFFDF, 0xFFDF, 0xFFDF, 0xFFDF, 0xFFDF, 0xFFDF,
  0xFFDF, 0xFFFF, 0xFFFF, 0xFFFF, 0xFFFF, 0xFFFF, 0xFFFF, 0xFFFF, 0xFFFF, 0xFFFF, 0xFFFF, 0xFFFF, 0xFFFF, 0xFFFF, 0xFFFF, 0xFFFF,
  0xFFFF, 0xFFFF, 0xFFFF, 0xFFFF, 0xFFDF, 0xAC91, 0x832B, 0x9BCE, 0xA3EF, 0x9BEF, 0x9BCE, 0x9BCE, 0x9BEE, 0x9BEE, 0xA42F, 0xAC50,
  0xA42F, 0x9BAD, 0xBC70, 0xF6D9, 0xFF5B, 0xF73B, 0xFFBF, 0xF7BF, 0xF7BF, 0xE6FE, 0xC59B, 0xD61B, 0xB539, 0x6BF6, 0xB57A, 0xCE1B,
  0xDE5C, 0xE69C, 0xEEBC, 0xEEDC, 0xEF1D, 0xF75E, 0xFF7E, 0xFF9E, 0xFFBE, 0xFFDE, 0xFFBD, 0xFF9C, 0xFFBD, 0xFFBC, 0xFF7D, 0xBDB9,
  0x6B72, 0x31CC, 0x00A7, 0x0006, 0x0006, 0x0006, 0x0067, 0x10E8, 0x31CA, 0x4AAD, 0x6B90, 0x8C53, 0x9CF5, 0xAD77, 0xB5B8, 0xBDF8,
  0xBE19, 0xBDF9, 0xB5F8, 0xAD97, 0x94D5, 0x530F, 0x0086, 0x00A7, 0x0066, 0x196B, 0x9C76, 0xCD98, 0xA494, 0xCD98, 0xDE5A, 0xDE3B,
  0x958A, 0x9E03, 0xCEE5, 0xEF88, 0xADE1, 0x8DC2, 0xC6E5, 0xDF25, 0xE766, 0xDF02, 0x9540, 0xC682, 0xDF26, 0xE725, 0xDEE1, 0xFFDD,
  0xA5AD, 0x5BC0, 0x6C40, 0x6C60, 0x6CA2, 0x7CC0, 0x9580, 0xB641, 0xD6E6, 0xEF66, 0xADE0, 0x9DC0, 0xDF03, 0xDEE5, 0xC600, 0xBDE1,
  0xB5C0, 0x9CAD, 0xD637, 0xE6BA, 0xEEFC, 0xF73C, 0xFF5D, 0xFF7D, 0xFF9D, 0xFF7D, 0xFF3C, 0xFF5C, 0xCDD6, 0xACD2, 0xDE17, 0xE658,
  0xA452, 0x9413, 0x9C33, 0xA432, 0xCD14, 0xEEFB, 0xEF5D, 0xF77E, 0xE71C, 0xB577, 0xCDF9, 0xC5DA, 0x9432, 0x2104, 0x2946, 0xCE1B,
  0xDE7C, 0xE6BC, 0xEEFD, 0xF73D, 0xFF7D, 0xFF9E, 0xFF9E, 0xFFBE, 0xFFBE, 0xFFBE, 0xFFBD, 0xFF7D, 0xFFBC, 0xABB9, 0x809D, 0xB21F,
  0xC23F, 0xD2DF, 0xD2FF, 0xCA5F, 0xCA3F, 0x590F, 0x2066, 0x2067, 0x388A, 0x50D1, 0x70D9, 0x78BD, 0x70BD, 0x605D, 0x78FC, 0xF6BF,
  0xFFDF, 0xFFFF, 0xA3BC, 0x4857, 0x3871, 0x1827, 0x2049, 0x1848, 0x40D0, 0x99DF, 0xA21F, 0xB25F, 0xCADF, 0xDB1F, 0xEBBF, 0xF41F,
  0xE33F, 0xD2DF, 0xB9BF, 0xDCDF, 0xFFFE, 0xFFDF, 0xC55A, 0xBCF9, 0xE69B, 0xF6FC, 0xFF5D, 0xFF9D, 0xFFDE, 0xFFBD, 0xFFFF, 0xF5F1,
  0xFBC0, 0xFBE0, 0x4984, 0x5AAA, 0xF52E, 0xFE55, 0xFF3B, 0xFF5C, 0xFF7D, 0xFFDF, 0xFFBE, 0xFFDE, 0xFFDF, 0xFFDF, 0xFFDF, 0xFFDF,
  0xFFDF, 0xFFDF, 0xFFDF, 0xFFDF, 0xFFDF, 0xFFFF, 0xFFFF, 0xFFFF, 0xFFFF, 0xFFFF, 0xFFFF, 0xFFFF, 0xFFFF, 0xFFFF, 0xFFFF, 0xFFFF,
  0xFFFF, 0xFFFF, 0xFFFF, 0xFFDF, 0xFFFF, 0xF79E, 0xBD34, 0x93CE, 0x8B6D, 0x8B8D, 0x93AE, 0x93AE, 0x93AE, 0x9BCE, 0xA40F, 0x9BEE,
  0x9BEE, 0x9BEE, 0x9BCE, 0xC4F1, 0xFF5B, 0xFF1A, 0xF77E, 0xEF7E, 0xF79F, 0xD69D, 0xBD7A, 0xCDDA, 0xD5FA, 0xD5FA, 0xCDDA, 0xCDFA,
  0xC5DA, 0xCDFB, 0xDE5B, 0xE69C, 0xEEDC, 0xF71D, 0xFF5D, 0xFF7D, 0xFF7D, 0xFF7D, 0xFFDE, 0xFFFF, 0xE71C, 0x94B5, 0x3A4E, 0x00A8,
  0x0004, 0x0004, 0x0065, 0x29AA, 0x6330, 0x9CD5, 0xCE3A, 0xE73D, 0xEFBF, 0xEFFF, 0xEFFF, 0xDFFF, 0xD7FF, 0xCFFF, 0xC7FF, 0xBFFF,
  0xBFFF, 0xBFFF, 0xCFFF, 0xE7FF, 0xF7FF, 0xFFFF, 0x6C95, 0x0067, 0x00C9, 0x00A7, 0x29AC, 0xC599, 0xEE7C, 0xE65B, 0xE69C, 0xCE3A,
  0x8DA6, 0xAE43, 0xCEA4, 0xE746, 0x8D20, 0x95E3, 0xC6E5, 0xDF27, 0xEF68, 0xDEE2, 0x8D00, 0xBE61, 0xDF27, 0xEF47, 0xD6C0, 0xE735,
  0xC637, 0x4B20, 0x5B80, 0x6C40, 0x7CE0, 0x7CC0, 0x8D40, 0xAE00, 0xC682, 0xD6C2, 0xAD80, 0x8D40, 0xCEA0, 0xCE80, 0xBE00, 0xB5C0,
  0xA580, 0x9CAC, 0xE6DA, 0xF75D, 0xFF9E, 0xFFBF, 0xFFDF, 0xFFBE, 0xFFBE, 0xFF9D, 0xFF7D, 0xFF7D, 0xFF7D, 0xFF3C, 0xF6BA, 0xCD75,
  0x93D0, 0x8BB0, 0x836F, 0x8B8F, 0xC554, 0xF73C, 0xEF3C, 0xF75C, 0xE6BA, 0xB537, 0xC5B9, 0xB557, 0xC5B9, 0xAD16, 0xA4D5, 0xDE7C,
  0xDEBC, 0xE6DD, 0xEEFD, 0xF73D, 0xFF5D, 0xFF9E, 0xFFDF, 0xFFFF, 0xFFFF, 0xFFFF, 0xFFFF, 0xFFBD, 0xFF7C, 0xE61A, 0x997D, 0xB21F,
  0xC29F, 0xCADF, 0xCA9F, 0xC25F, 0xC23F, 0x91B8, 0x6952, 0x89B7, 0xA1FE, 0x997F, 0x913F, 0x80DF, 0x707E, 0x581C, 0x683C, 0xE5FE,
  0xF7BE, 0xFFBE, 0x8A7E, 0x687F, 0x70FD, 0x58F6, 0x2069, 0x1046, 0x60D8, 0x913F, 0xA1DF, 0xB25F, 0xBA9E, 0xBADC, 0xB2DA, 0xAAB9,
  0xAAD9, 0xB31A, 0xAA7C, 0xB29E, 0xFF7F, 0xFFBF, 0xC53B, 0xD5DA, 0xE65B, 0xEEDC, 0xF73C, 0xFF5C, 0xFF7D, 0xFF7C, 0xFF9D, 0xFEB8,
  0xF487, 0xFD2B, 0xD573, 0xFF5C, 0xFF9D, 0xFF9D, 0xFF3B, 0xFDD2, 0xFE96, 0xFFBF, 0xFF9D, 0xFF9E, 0xFFBE, 0xFFBE, 0xFFBE, 0xFFBE,
  0xFFDE, 0xFFDF, 0xFFDF, 0xFFDF, 0xFFDF, 0xFFDF, 0xFFDF, 0xFFDF, 0xFFFF, 0xFFFF, 0xFFFF, 0xFFFF, 0xFFFF, 0xFFFF, 0xFFFF, 0xFFFF,
  0xFFFF, 0xFFDF, 0xFFDF, 0xFFDF, 0xFFDF, 0xFFDF, 0xFFFF, 0xF79E, 0xDEBA, 0xC5B6, 0x832C, 0x7AEB, 0x7B2C, 0x834C, 0x8B8D, 0x9BCE,
  0x9BCE, 0xA40F, 0xA40F, 0xB44F, 0xF697, 0xFF5B, 0xE73D, 0xE73E, 0xE75E, 0xCE5C, 0xBD59, 0xCDDA, 0xD5FA, 0xCDD9, 0xCDFB, 0xCDFB,
  0xCE1B, 0xD63B, 0xDE7B, 0xE6BC, 0xEEDC, 0xF71C, 0xFF5D, 0xFFBE, 0xFFDE, 0xFFFF, 0xDEDC, 0x73D2, 0x194A, 0x0006, 0x0005, 0x0087,
  0x3A0C, 0x8C53, 0xCE5A, 0xE7BE, 0xE7FF, 0xD7FF, 0xBFFF, 0xA79F, 0x977F, 0x8F5F, 0x873F, 0x7F1F, 0x771F, 0x771F, 0x771F, 0x6F1F,
  0x6F1F, 0x771F, 0x7F1F, 0x873F, 0x973F, 0x9F7F, 0x46DF, 0x024F, 0x0087, 0x00C8, 0x0087, 0x526D, 0xD5D8, 0xCDB7, 0xCD76, 0x9C4F,
  0x7D02, 0x9DC1, 0xB641, 0xBE61, 0x6C60, 0x8DA1, 0xB683, 0xD703, 0xDF03, 0xD6A1, 0x84C0, 0xB621, 0xD6C2, 0xDEC2, 0xC640, 0xCE51,
  0xCE5B, 0x73EC, 0x3A63, 0x3A61, 0x5360, 0x7480, 0x8500, 0x9DA0, 0xADE0, 0xC620, 0x7C20, 0x6C20, 0xAE00, 0xB600, 0xA560, 0x8460,
  0x7C02, 0x5268, 0x734C, 0x83CF, 0x9451, 0xB555, 0xCE38, 0xE6DA, 0xF77D, 0xFFBE, 0xFF9D, 0xFF7D, 0xFF1B, 0xEE99, 0xE638, 0xC575,
  0x9CB3, 0xAD14, 0xBD76, 0xCE17, 0xDEDB, 0xE6FB, 0xE6BB, 0xE6BB, 0xCE19, 0xAD17, 0xC5FA, 0xC5B9, 0xBD98, 0xD65B, 0xDE9C, 0xDE9C,
  0xE6BC, 0xEEFD, 0xF77F, 0xFFBF, 0xFFBF, 0xFF9E, 0xEF3C, 0xE6FB, 0xE6FB, 0xE71B, 0xF75C, 0xFFBE, 0xFFFE, 0xFF7C, 0xA21C, 0xB1BF,
  0xCA5F, 0xDABF, 0xDADF, 0xD2BF, 0xCA9F, 0xCA5F, 0xC1FF, 0xB1BF, 0x913E, 0x60B9, 0x78BD, 0x709C, 0x609B, 0x50B8, 0x6196, 0xDE3C,
  0xEF1D, 0xEF3D, 0x79FC, 0x683F, 0x78DF, 0x813F, 0x797C, 0x6959, 0x817D, 0x79F9, 0x6213, 0x49CE, 0x31AB, 0x2969, 0x1927, 0x1107,
  0x10E6, 0x10E7, 0x1108, 0x18C9, 0x3A0D, 0x6331, 0x7B74, 0xB518, 0xE65B, 0xFF3D, 0xFFBE, 0xFFDF, 0xFFDE, 0xFF9D, 0xFF7C, 0xFF7C,
  0xFF9D, 0xFF9D, 0xFF9D, 0xFF3A, 0xFDD1, 0xFCCA, 0xFBC3, 0xFAC0, 0xFE33, 0xFFDF, 0xFF7D, 0xFF9E, 0xFF9E, 0xFF9E, 0xFF9E, 0xFF9E,
  0xFF9E, 0xFFBE, 0xFFBE, 0xFFDE, 0xFFDE, 0xFFDF, 0xFFDF, 0xFFDF, 0xFFDF, 0xFFDF, 0xFFDF, 0xFFFF, 0xFFFF, 0xFFFF, 0xFFFF, 0xFFFF,
  0xFFFF, 0xFFDF, 0xFFDF, 0xFFDF, 0xFFDF, 0xF7BF, 0xF7BE, 0xFFDF, 0xFFFF, 0xFFFF, 0xD67A, 0x9430, 0x6ACB, 0x6269, 0x6A89, 0x6AAA,
  0x72CA, 0x832C, 0x938D, 0x938C, 0x9B6B, 0xDDF6, 0xEF7E, 0xE73D, 0xE73D, 0xD6BC, 0xB536, 0xB536, 0xB557, 0xB536, 0xACD6, 0xB518,
  0xCDDB, 0xD63B, 0xE6BC, 0xEEFD, 0xFF3E, 0xFF3D, 0xFF5D, 0xFF5C, 0xDEBA, 0x73D2, 0x08C8, 0x0004, 0x0005, 0x2169, 0x8412, 0xCE7A,
  0xE7DF, 0xD7FF, 0xAFDF, 0x8F7F, 0x773F, 0x6F1F, 0x6F1F, 0x66FF, 0x66FF, 0x66FF, 0x5EFF, 0x5EFF, 0x56FF, 0x56FF, 0x56FF, 0x56DF,
  0x56DF, 0x56FF, 0x5EFF, 0x5EFF, 0x5EFF, 0x673F, 0x0CBF, 0x02D7, 0x0087, 0x00A8, 0x00A7, 0x08A6, 0xA4F4, 0xCDD6, 0xA491, 0x83AF,
  0x7444, 0x74E0, 0xA5E0, 0xA5C0, 0x4B20, 0x7CE0, 0x9DC1, 0xC6A0, 0xD6C0, 0xBE20, 0x6400, 0x9DC0, 0xB620, 0xC660, 0xCE62, 0xEF38,
  0xEF3B, 0xE71B, 0xDEBA, 0xC617, 0xAD74, 0x94ED, 0x84C7, 0x8D05, 0x8CE4, 0x9D25, 0x7C0A, 0x7408, 0x9528, 0xA589, 0xB5CD, 0xAD71,
  0xC616, 0xA4F3, 0x8C70, 0x8C2F, 0x73AD, 0x738D, 0x7B8D, 0x83EF, 0x9CB2, 0xAD55, 0xC5D7, 0xCE38, 0xDE99, 0xE69A, 0xE6DB, 0xF77D,
  0xF79D, 0xEF5D, 0xEF3D, 0xE71C, 0xDEDC, 0xD69B, 0xCE7B, 0xCE5A, 0xBE19, 0xA4F5, 0xA515, 0xA4F5, 0xAD36, 0xD67B, 0xDE9C, 0xE6DD,
  0xE6DD, 0xD67B, 0xBD96, 0x8C31, 0x6B0C, 0x5249, 0x41C7, 0x41A6, 0x3986, 0x3965, 0x3985, 0x5248, 0x8BEF, 0xDE78, 0x622E, 0x490C,
  0x6951, 0x91D5, 0xB27A, 0xBA5C, 0xBA1D, 0xB1FD, 0xA9DD, 0xAA9D, 0xBC9B, 0xAD37, 0xBD3A, 0xC57A, 0xC5DA, 0xCE3B, 0xD67B, 0xD67C,
  0xD63C, 0xD65C, 0x82DA, 0x5059, 0x507A, 0x5099, 0x819F, 0x7A18, 0x49EE, 0x2168, 0x10E6, 0x10A6, 0x10A7, 0x1087, 0x1067, 0x0846,
  0x0846, 0x0846, 0x0866, 0x0886, 0x0066, 0x0066, 0x0086, 0x10C7, 0x422C, 0x93F1, 0xD554, 0xF677, 0xF6DA, 0xF71A, 0xFF7C, 0xFF9D,
  0xFF7C, 0xFF3B, 0xEE77, 0xCBAA, 0xDB66, 0xE408, 0xECAC, 0xEDD3, 0xFF9D, 0xFFDE, 0xFFDE, 0xFFDE, 0xFFDE, 0xFFDE, 0xFFDE, 0xFFDE,
  0xFFDE, 0xFFDE, 0xFFDE, 0xFFDF, 0xFFDF, 0xFFDF, 0xFFDF, 0xFFDF, 0xFFDF, 0xFFFF, 0xFFFF, 0xFFFF, 0xFFFF, 0xFFFF, 0xFFFF, 0xFFFF,
  0xFFDF, 0xFFDF, 0xFFDF, 0xF7BF, 0xF7BF, 0xF7BF, 0xF79E, 0xF79E, 0xF77E, 0xEF5E, 0xEF7E, 0xEF7E, 0xD69B, 0xAD55, 0x83AF, 0x5249,
  0x49E7, 0x49E7, 0x5207, 0x6A89, 0x8B8D, 0xDE58, 0xFFBF, 0xF79E, 0xF79E, 0xF7BE, 0xF7BE, 0xEF7E, 0xEF3D, 0xE6FC, 0xCE7A, 0xBDD9,
  0xBDB9, 0xC5B8, 0xCDD8, 0xC596, 0xB514, 0x9C30, 0x838D, 0x526B, 0x192A, 0x0005, 0x0004, 0x31AA, 0x9CF5, 0xE77E, 0xCFFF, 0x9FBF,
  0x773F, 0x66FF, 0x5EFF, 0x5EFF, 0x56DF, 0x4EDF, 0x4EDF, 0x46DF, 0x46BF, 0x46BF, 0x3EBF, 0x3EBF, 0x3EBF, 0x3EBF, 0x3EBF, 0x3EBF,
  0x369F, 0x3E9F, 0x3EBF, 0x3EBF, 0x3EBF, 0x2E7F, 0x031D, 0x01F4, 0x0065, 0x00A7, 0x00A7, 0x0045, 0x7BF1, 0xFFFF, 0xF7BE, 0xEF7E,
  0xB5F6, 0x7C89, 0x84C6, 0x84A6, 0x4A86, 0x5B84, 0x7462, 0x8D02, 0xADE3, 0xA565, 0x4286, 0x6BA8, 0x6B69, 0x73C8, 0xA50E, 0xE71C,
  0xFFFE, 0xFFFE, 0xFFBD, 0xFFDE, 0xFFFF, 0xFFFF, 0xF79F, 0xEF5D, 0xEF5D, 0xEF5D, 0xFFBF, 0xFF9E, 0xF79F, 0xFFBF, 0xFFDF, 0xFFDF,
  0xFFFE, 0xFFFF, 0xE71D, 0xC63B, 0xB5D9, 0xBDDA, 0xC63B, 0xD6BC, 0xE73D, 0xF7BE, 0xFFFF, 0xF7BE, 0xF79E, 0xF79E, 0xF7BE, 0xF79E,
  0xF77D, 0xF77D, 0xF77D, 0xEF5D, 0xEF7D, 0xF79E, 0xF77E, 0xDEFC, 0xBDD9, 0x9CF7, 0x8434, 0x5B10, 0x52AF, 0x73B3, 0x73B3, 0x8414,
  0x5AAB, 0x2904, 0x1062, 0x0841, 0x0840, 0x0841, 0x1082, 0x18C2, 0x18A2, 0x18C3, 0x20E4, 0x2926, 0x2927, 0x5ACD, 0x9CF6, 0x8433,
  0x73F1, 0x8453, 0xA516, 0xBDB9, 0xD63B, 0xEEFD, 0xF75E, 0xFFFF, 0xFFFE, 0xF79E, 0xF79E, 0xF79E, 0xF79E, 0xF77E, 0xEF3E, 0xEF1E,
  0xEF3E, 0xE71E, 0xDEBD, 0xBDDB, 0xB579, 0x6B33, 0x41ED, 0x1946, 0x10A6, 0x18C7, 0x18A7, 0x1045, 0x1045, 0x20C6, 0x3168, 0x39C8,
  0x41E8, 0x39C8, 0x3167, 0x20E6, 0x0866, 0x0025, 0x0026, 0x0046, 0x0066, 0x0067, 0x18C7, 0x4105, 0x830C, 0xBCD1, 0xC554, 0xD658,
  0xE6FB, 0xEEFA, 0xEEDA, 0xEF1C, 0xF7BF, 0xFFFF, 0xFFFF, 0xFFFF, 0xFFBE, 0xFFBE, 0xFFBE, 0xFFBE, 0xFFBE, 0xFFDE, 0xFFDE, 0xFFDE,
  0xFFDE, 0xFFDF, 0xFFDF, 0xFFDF, 0xFFDF, 0xFFDF, 0xFFDF, 0xFFDF, 0xFFDF, 0xFFDF, 0xFFDF, 0xFFFF, 0xFFFF, 0xFFFF, 0xFFFF, 0xFFFF,
  0xFFDF, 0xFFDF, 0xF7DF, 0xF7BF, 0xF79E, 0xF79E, 0xEF7E, 0xEF5D, 0xE71D, 0xDEFC, 0xD69B, 0xD67A, 0xD67A, 0xD679, 0xD638, 0xCE18,
  0xCE38, 0xD658, 0xD658, 0xDE99, 0xF75C, 0xFFDE, 0xF79E, 0xFFBE, 0xFFBE, 0xFFBE, 0xFFBE, 0xFFBE, 0xFFDE, 0xFFDF, 0xFFFF, 0xFFDF,
  0xF79E, 0xEF7D, 0xEF5D, 0xE71C, 0xE73C, 0xDEFB, 0x52EF, 0x0067, 0x0006, 0x196A, 0x9CF5, 0xDFBF, 0xB7FF, 0x7F5F, 0x5EFF, 0x56DF,
  0x4EDF, 0x46BF, 0x3EBF, 0x369F, 0x369F, 0x369F, 0x2E9F, 0x2E9F, 0x2E9F, 0x2E7F, 0x2E7F, 0x267F, 0x267F, 0x267F, 0x267F, 0x267F,
  0x267F, 0x267F, 0x267F, 0x267F, 0x26BF, 0x0D3E, 0x025D, 0x0190, 0x0044, 0x0087, 0x0086, 0x0022, 0x31AA, 0x8C95, 0x5B0F, 0x6B70,
  0xAD36, 0xEF3E, 0xFFDF, 0xEF3D, 0xF77D, 0xE71C, 0xD6BA, 0xE75C, 0xD69A, 0x6B50, 0x39AB, 0x294A, 0x2929, 0x2929, 0x318A, 0x526C,
  0x8C33, 0xD69B, 0xFFFF, 0xFFBE, 0xF79D, 0xF7BE, 0xF7BE, 0xF7BE, 0xFFBE, 0xFFBE, 0xF7BE, 0xF7BE, 0xF7BE, 0xF7BE, 0xF79D, 0xFFFF,
  0xD69B, 0x52CF, 0x194B, 0x192B, 0x192A, 0x194B, 0x29AC, 0x3A0E, 0x4A6F, 0x6B92, 0xA537, 0xD6BC, 0xFFDF, 0xFFFF, 0xF79E, 0xF79E,
  0xF79E, 0xF7BE, 0xF79E, 0xFFFF, 0xF79E, 0xBDD9, 0x7C14, 0x52D0, 0x39CD, 0x296C, 0x296C, 0x212B, 0x192B, 0x08EA, 0x00A9, 0x0088,
  0x00C9, 0x10C6, 0x3165, 0x3186, 0x2124, 0x2944, 0x2945, 0x2127, 0x29AB, 0x29AC, 0x21AD, 0x19AE, 0x19AE, 0x116C, 0x090B, 0x090B,
  0x090B, 0x092C, 0x116D, 0x19AD, 0x322E, 0x5311, 0x7C14, 0xB5B9, 0xE71D, 0xFFBF, 0xFFDF, 0xF79E, 0xEF7E, 0xF79E, 0xF79E, 0xF79E,
  0xF79E, 0xF79E, 0xFFBF, 0xFFFF, 0x9CF6, 0x31AA, 0x10A6, 0x18C8, 0x18C7, 0x1065, 0x3167, 0x736D, 0xAD52, 0xDEB7, 0xF778, 0xFFB8,
  0xFFD7, 0xFFB7, 0xF776, 0xE6F4, 0xCE32, 0x9CCF, 0x632B, 0x3188, 0x0887, 0x0047, 0x0087, 0x00A7, 0x218A, 0x9D16, 0xFFFF, 0xFFFF,
  0xFFDF, 0xFFDF, 0xFFDF, 0xFFDF, 0xFFBE, 0xFFBE, 0xFFBE, 0xFFBE, 0xFFBE, 0xFFDF, 0xFFDE, 0xFFDF, 0xFFDF, 0xFFDF, 0xFFDF, 0xFFDF,
  0xFFDF, 0xFFDF, 0xFFDF, 0xFFDF, 0xFFDF, 0xFFDF, 0xFFDF, 0xFFFF, 0xFFFF, 0xFFFF, 0xFFFF, 0xFFFF, 0xFFFF, 0xFFFF, 0xFFFF, 0xFFFF,
  0xFFFF, 0xFFFF, 0xFFFF, 0xFFFF, 0xFFDF, 0xFFDF, 0xFFDF, 0xFFBE, 0xF7BE, 0xF7BE, 0xF7BE, 0xFFBE, 0xFFBE, 0xFFBE, 0xFFBE, 0xFFDE,
  0xFFDF, 0xFFDF, 0xFFDF, 0xFFDF, 0xFFDE, 0xF7BE, 0xFFBE, 0xF7BE, 0xF7BE, 0xF7BE, 0xF7BE, 0xF7BE, 0xF7BE, 0xF7BE, 0xF7BE, 0xF7BE,
  0xF7BE, 0xFFBF, 0xF7BE, 0xFFFF, 0xEF7E, 0x428F, 0x0006, 0x0004, 0x632F, 0xDF5D, 0xBFFF, 0x673F, 0x4EDF, 0x4EDF, 0x3EBF, 0x369F,
  0x2E7F, 0x2E7F, 0x267F, 0x267F, 0x267F, 0x265F, 0x1E5F, 0x1E5F, 0x1E5F, 0x1E5F, 0x1E5F, 0x165F, 0x165F, 0x165F, 0x163F, 0x163F,
  0x163F, 0x163F, 0x163F, 0x163F, 0x167F, 0x039D, 0x023C, 0x00EA, 0x0065, 0x0086, 0x0065, 0x0885, 0x00A8, 0x0026, 0x0045, 0x0866,
  0x10A7, 0x420B, 0xB597, 0xFFFF, 0xF79E, 0xFFBE, 0xFFFF, 0xDEFC, 0x31EB, 0x18C7, 0x2128, 0x2107, 0x20E7, 0x2928, 0x2948, 0x2108,
  0x2108, 0x41EB, 0x8C33, 0xE73D, 0xFFFF, 0xF7BE, 0xF7BE, 0xF7BE, 0xF7BE, 0xF7BE, 0xF7BE, 0xF7BE, 0xF7BE, 0xF7BE, 0xFFFF, 0xD6BC,
  0x218B, 0x0067, 0x08E9, 0x08E9, 0x08C9, 0x10E9, 0x112A, 0x194B, 0x192A, 0x192A, 0x214B, 0x31CD, 0x5B31, 0xBDD9, 0xFFFF, 0xF7BE,
  0xF7BE, 0xF7BE, 0xFFFF, 0xCE5A, 0x62F0, 0x296C, 0x214B, 0x214B, 0x212B, 0x212B, 0x18EA, 0x0889, 0x0088, 0x0089, 0x0068, 0x00C9,
  0x00EA, 0x00A9, 0x426E, 0xE71C, 0xF7BE, 0xCE5A, 0x52F1, 0x116C, 0x092B, 0x012B, 0x010B, 0x010B, 0x00EB, 0x00CA, 0x00CA, 0x00CA,
  0x00CA, 0x00C9, 0x00C9, 0x00A9, 0x00A9, 0x0089, 0x0048, 0x0088, 0x194B, 0x52F0, 0xAD78, 0xF79E, 0xFFFF, 0xFFDF, 0xF79E, 0xF7BF,
  0xF79E, 0xFFBE, 0xF7BF, 0x8434, 0x18E8, 0x10A7, 0x2108, 0x1086, 0x3146, 0x9CB1, 0xEF7A, 0xFFFA, 0xFFF7, 0xFFD3, 0xFF70, 0xFF4E,
  0xFF2D, 0xFF0C, 0xFF2D, 0xFF4D, 0xFF6E, 0xFFB0, 0xFFD1, 0xF751, 0xC5F0, 0x738B, 0x2126, 0x0004, 0x0026, 0x0047, 0x5B10, 0xF79E,
  0xFFDE, 0xF7BE, 0xFFDF, 0xFFDF, 0xFFDF, 0xFFDF, 0xFFDF, 0xFFDF, 0xFFDF, 0xFFDF, 0xFFDF, 0xFFDF, 0xFFDF, 0xFFDF, 0xFFDF, 0xFFDF,
  0xFFDF, 0xFFDF, 0xFFDF, 0xFFFF, 0xFFFF, 0xFFFF, 0xFFFF, 0xFFFF, 0xFFFF, 0xFFFF, 0xFFFF, 0xFFFF, 0xFFFF, 0xFFFF, 0xFFFF, 0xFFFF,
  0xFFFF, 0xFFFF, 0xFFFF, 0xFFFF, 0xFFFF, 0xFFFF, 0xFFFF, 0xFFFF, 0xFFDF, 0xFFFF, 0xFFDF, 0xFFDF, 0xFFDF, 0xFFDF, 0xFFDF, 0xFFDF,
  0xFFDF, 0xFFDE, 0xFFBE, 0xFFBE, 0xFFBE, 0xFFBE, 0xFFDE, 0xFFDF, 0xFFDF, 0xFFDF, 0xFFDF, 0xFFDF, 0xFFDF, 0xFFDF, 0xFFDF, 0xFFDF,
  0xFFDF, 0xF7BE, 0xFFDF, 0xD6DC, 0x218A, 0x0005, 0x08A7, 0x9CF5, 0xCFFF, 0x773F, 0x4EBF, 0x46BF, 0x369F, 0x2E7F, 0x267F, 0x265F,
  0x1E5F, 0x1E5F, 0x1E5F, 0x163F, 0x163F, 0x163F, 0x163F, 0x163F, 0x163F, 0x163F, 0x163F, 0x163F, 0x161F, 0x161F, 0x0E1F, 0x0E1F,
  0x0E1F, 0x0E1F, 0x0E1F, 0x0E3F, 0x059F, 0x025D, 0x0239, 0x0065, 0x0067, 0x0086, 0x0086, 0x0086, 0x08A6, 0x0886, 0x0886, 0x18E7,
  0x1908, 0x08A6, 0x18E7, 0xB597, 0xFFFF, 0xFFDF, 0xF79E, 0x31CA, 0x0866, 0x2928, 0x20E7, 0x4A09, 0x6B0C, 0x41E8, 0x18A6, 0x20E8,
  0x2949, 0x2108, 0x18E7, 0x422C, 0xB5B8, 0xFFFF, 0xFFDF, 0xFFDF, 0xFFFF, 0xFFFF, 0xFFFF, 0xFFFF, 0xF7BE, 0xF7BE, 0xFFDF, 0x426E,
  0x0068, 0x0909, 0x0087, 0x194A, 0x3A2D, 0x298B, 0x10E9, 0x00A8, 0x00A9, 0x08C9, 0x110A, 0x1109, 0x08C9, 0x10EA, 0x73F3, 0xFFDF,
  0xF7BE, 0xFFFF, 0xB5B8, 0x29AC, 0x18EA, 0x214B, 0x210B, 0x18AA, 0x20EA, 0x294C, 0x39CC, 0x422D, 0x52CF, 0x5B10, 0x4A6D, 0x110A,
  0x00A9, 0x00E9, 0x0006, 0x6371, 0xD6BB, 0x29CE, 0x00CA, 0x010A, 0x00EA, 0x00A9, 0x00EB, 0x012C, 0x098D, 0x19AC, 0x21CC, 0x2A0D,
  0x29ED, 0x21AC, 0x114A, 0x00E9, 0x00A9, 0x0068, 0x0088, 0x00A9, 0x00A9, 0x0068, 0x0088, 0x21AC, 0x8454, 0xE71D, 0xFFFF, 0xFFDF,
  0xF7BF, 0xF7BF, 0x73B3, 0x1908, 0x10C7, 0x2128, 0x1885, 0x62CA, 0xE719, 0xFFFA, 0xFFB3, 0xFF4F, 0xFF0D, 0xFF0C, 0xFEEB, 0xFECA,
  0xFECA, 0xFECA, 0xFEA9, 0xFEA9, 0xFEA8, 0xFE88, 0xFE88, 0xFEA9, 0xFF2B, 0xFF6D, 0xEECF, 0x9CAD, 0x2988, 0x0088, 0x0026, 0x4A6D,
  0xF7BE, 0xFFDF, 0xFFDF, 0xFFDF, 0xFFDF, 0xFFDF, 0xFFDF, 0xFFDF, 0xFFDF, 0xFFDF, 0xFFFF, 0xFFFF, 0xFFFF, 0xFFFF, 0xFFFF, 0xFFFF,
  0xFFFF, 0xFFFF, 0xFFFF, 0xFFFF, 0xFFFF, 0xFFFF, 0xFFFF, 0xFFFF, 0xFFFF, 0xFFFF, 0xFFFF, 0xFFFF, 0xFFFF, 0xFFFF, 0xFFFF, 0xFFFF,
  0xFFFF, 0xFFFF, 0xFFFF, 0xFFFF, 0xFFFF, 0xFFFF, 0xFFFF, 0xFFFF, 0xFFFF, 0xFFFF, 0xFFFF, 0xFFFF, 0xFFDF, 0xFFDF, 0xFFDF, 0xFFDF,
  0xFFDF, 0xFFDF, 0xFFDF, 0xFFDF, 0xFFFF, 0xFFFF, 0xFFFF, 0xFFDF, 0xFFDF, 0xFFDF, 0xFFDF, 0xFFDF, 0xFFDF, 0xFFDF, 0xFFDF, 0xFFDF,
  0xFFDF, 0xFFFF, 0xE73D, 0x218B, 0x0004, 0x08C7, 0xAE19, 0xAFFF, 0x46BF, 0x369F, 0x367F, 0x267F, 0x1E5F, 0x1E3F, 0x1E3F, 0x161F,
  0x161F, 0x161F, 0x161F, 0x0E1F, 0x0E1F, 0x0E1F, 0x0E1F, 0x0E1F, 0x0E1F, 0x0DFF, 0x0DFF, 0x0DFF, 0x0DFF, 0x0DFF, 0x0DFF, 0x0DFF,
  0x0DFF, 0x0DFF, 0x0DDF, 0x063F, 0x041D, 0x023D, 0x01B1, 0x0045, 0x0087, 0x0086, 0x08A6, 0x0066, 0x0003, 0x2906, 0x526B, 0x3148,
  0x18C7, 0x18E7, 0x08A6, 0x2969, 0xDEDB, 0xFFFF, 0x6BB1, 0x0045, 0x2128, 0x10A6, 0x62EB, 0xF79D, 0xFFFE, 0xF779, 0xB550, 0x4A28,
  0x18A7, 0x18E8, 0x2128, 0x10C7, 0x2129, 0x8C54, 0xFFFF, 0xFFBF, 0xD6DC, 0xBDF9, 0xBDF9, 0xE6FD, 0xFFFF, 0xFFFF, 0xBE19, 0x0067,
  0x00E9, 0x0088, 0x3A2C, 0xE71C, 0xFFDF, 0xF79E, 0xDEDC, 0xB5B8, 0x7C13, 0x424D, 0x10E9, 0x0068, 0x08E9, 0x08EA, 0x0027, 0x7C13,
  0xFFFF, 0xCE7B, 0x190A, 0x10EA, 0x214B, 0x18EA, 0x524F, 0x9CB6, 0xCE1A, 0xE71D, 0xF75E, 0xFF5F, 0xFF5F, 0xFEFF, 0xFEDF, 0xDDDC,
  0x294B, 0x0088, 0x00C9, 0x00A8, 0x1129, 0x00A9, 0x010B, 0x010B, 0x096B, 0x6BF3, 0xA598, 0xCE9B, 0xDF3D, 0xEF7E, 0xEFBE, 0xEFBF,
  0xEFBF, 0xEF9E, 0xE75D, 0xD6BB, 0xBDD8, 0x8C94, 0x5B30, 0x218B, 0x0088, 0x0068, 0x00C9, 0x00A9, 0x0047, 0x1909, 0x8453, 0xF7BF,
  0xFFFF, 0x6BB4, 0x2129, 0x10C7, 0x2108, 0x18A6, 0x7B8C, 0xFFFC, 0xFFD5, 0xFF0D, 0xFF0C, 0xFF0C, 0xFEEB, 0xFECA, 0xFEA9, 0xFE89,
  0xFE88, 0xFE68, 0xFE68, 0xFE68, 0xFE68, 0xFE68, 0xFE68, 0xFE47, 0xFE27, 0xFE26, 0xFE67, 0xFF0B, 0xF70F, 0x5289, 0x0066, 0x0004,
  0x8432, 0xFFFF, 0xFFDF, 0xFFFF, 0xFFFF, 0xFFFF, 0xFFFF, 0xFFFF, 0xFFFF, 0xFFFF, 0xFFFF, 0xFFFF, 0xFFFF, 0xFFFF, 0xFFFF, 0xFFFF,
  0xFFFF, 0xFFFF, 0xFFFF, 0xFFFF, 0xFFFF, 0xFFFF, 0xFFFF, 0xFFFF, 0xFFFF, 0xFFFF, 0xFFFF, 0xFFFF, 0xFFFF, 0xFFFF, 0xFFFF, 0xFFFF,
  0xFFFF, 0xFFFF, 0xFFFF, 0xFFFF, 0xFFFF, 0xFFFF, 0xFFFF, 0xFFFF, 0xFFFF, 0xFFFF, 0xFFFF, 0xFFFF, 0xFFFF, 0xFFFF, 0xFFFF, 0xFFFF,
  0xFFFF, 0xFFFF, 0xFFFF, 0xFFFF, 0xFF37, 0xFE90, 0xFF58, 0xFFFF, 0xFFFF, 0xFFFF, 0xFFFF, 0xFFFF, 0xFFFF, 0xFFFF, 0xFFFF, 0xFFDF,
  0xFFDF, 0xFFDF, 0x3A6E, 0x0026, 0x0086, 0x95F8, 0x97DF, 0x369F, 0x367F, 0x265F, 0x263F, 0x1E3F, 0x161F, 0x161F, 0x0E1F, 0x0DFF,
  0x0DFF, 0x0DFF, 0x0DFF, 0x0DFF, 0x0DFF, 0x0DFF, 0x05FF, 0x05FF, 0x05DF, 0x05DF, 0x05DF, 0x05DF, 0x0DDF, 0x05DF, 0x05DF, 0x05DF,
  0x05DF, 0x05DF, 0x05FF, 0x05BF, 0x0ABC, 0x02BC, 0x00C8, 0x0046, 0x0087, 0x0066, 0x0004, 0x2926, 0x946F, 0xEF37, 0xFFFC, 0xDEB7,
  0x3145, 0x18A6, 0x18E7, 0x0887, 0x5ACD, 0xBDF8, 0x08A7, 0x18E7, 0x18C7, 0x3166, 0xEF38, 0xFFFB, 0xFFB7, 0xFFD7, 0xFFF9, 0xFFB7,
  0xAD0E, 0x3187, 0x0887, 0x1908, 0x10C7, 0x08A7, 0x4A8E, 0x3A2D, 0x112B, 0x00A8, 0x08C8, 0x218B, 0x52F0, 0xDEFD, 0x8C73, 0x0005,
  0x08E8, 0x0067, 0xB598, 0xFFFF, 0xFFDF, 0xFFFF, 0xFFFF, 0xFFFF, 0xFFFF, 0xFFFF, 0xDEFC, 0x8C94, 0x10E9, 0x00A8, 0x00C9, 0x090A,
  0xD6BB, 0x426E, 0x0088, 0x192A, 0x10AA, 0x7372, 0xFFFF, 0xFFFF, 0xFFDF, 0xFF1F, 0xFE5F, 0xFDBF, 0xFD3F, 0xFCBF, 0xFC5F, 0xFCFF,
  0xC379, 0x0067, 0x00C9, 0x00A9, 0x00A8, 0x00EA, 0x010B, 0x096C, 0xBE7B, 0xFFFF, 0xFFFF, 0xEFFF, 0xD7FF, 0xC7DF, 0xBFDF, 0xB7BF,
  0xB7BF, 0xB7BF, 0xB7DF, 0xBFDF, 0xC7FF, 0xDFFF, 0xEFFF, 0xE79E, 0xBDF9, 0x73B1, 0x216A, 0x0047, 0x00A8, 0x00A8, 0x0005, 0x426E,
  0x7414, 0x194C, 0x1908, 0x18E7, 0x18A6, 0x62C9, 0xFFFA, 0xFF72, 0xFF0B, 0xFEEB, 0xFECA, 0xFEA9, 0xFE88, 0xFE68, 0xFE68, 0xFE47,
  0xFE47, 0xFE27, 0xFE27, 0xFE27, 0xFE27, 0xFE26, 0xFE26, 0xFE06, 0xFE06, 0xFE06, 0xFE06, 0xFDC5, 0xFE25, 0xDD46, 0x10A6, 0x0086,
  0x2149, 0xF79E, 0xFFFF, 0xFFFF, 0xFFFF, 0xFFFF, 0xFFFF, 0xFFFF, 0xFFFF, 0xFFFF, 0xFFFF, 0xFFFF, 0xFFFF, 0xFFFF, 0xFFFF, 0xFFFF,
  0xFFFF, 0xFFFF, 0xFFFF, 0xFFFF, 0xFFFF, 0xFFFF, 0xFFFF, 0xFFFF, 0xFFFF, 0xFFFF, 0xFFFF, 0xFFFF, 0xFFFF, 0xFFFF, 0xFFFF, 0xFFFF,
  0xFFFF, 0xFFFF, 0xFFFF, 0xFFFF, 0xFFFF, 0xFFFF, 0xFFFF, 0xFFFF, 0xFFFF, 0xFFFF, 0xFFFF, 0xFFFF, 0xFFFF, 0xFFFF, 0xFFFF, 0xFFFF,
  0xFFFF, 0xFFFF, 0xFFFF, 0xFF17, 0xFCE4, 0xFD25, 0xFD86, 0xFEF3, 0xFFFF, 0xFFFF, 0xFFFF, 0xFFFF, 0xFFFF, 0xFFFF, 0xFFFF, 0xFFDF,
  0xFFFF, 0x7C34, 0x0026, 0x0046, 0x7CB5, 0x97DF, 0x265F, 0x2E5F, 0x1E3F, 0x1E1F, 0x161F, 0x15FF, 0x0DFF, 0x0DFF, 0x0DDF, 0x0DDF,
  0x0DDF, 0x05DF, 0x05DF, 0x05DF, 0x05DF, 0x05BF, 0x05BF, 0x05BF, 0x05DF, 0x05DF, 0x05DF, 0x05FF, 0x05FF, 0x05FF, 0x05FF, 0x05FF,
  0x05FF, 0x05FF, 0x063F, 0x143D, 0x225B, 0x0A36, 0x0045, 0x0087, 0x0005, 0x1085, 0x7BED, 0xEF36, 0xFFF4, 0xFF8F, 0xFF50, 0xFFF5,
  0xA4AB, 0x1044, 0x18E7, 0x18E7, 0x08A6, 0x10E7, 0x10E8, 0x2108, 0x1065, 0xA4EF, 0xFFF9, 0xFF94, 0xFFB4, 0xFF93, 0xFF72, 0xFF93,
  0xFFF5, 0xEF53, 0x738A, 0x0886, 0x10C7, 0x08C7, 0x0066, 0x0087, 0x00E9, 0x00C8, 0x00C8, 0x00C8, 0x0047, 0x216B, 0x31CA, 0x0067,
  0x00C8, 0x0087, 0xCE5A, 0xFFFF, 0xFFDF, 0xFFDF, 0xFFDF, 0xFFDF, 0xFFDF, 0xFFDF, 0xFFFF, 0xFFFF, 0x9CD5, 0x0047, 0x08EA, 0x00C9,
  0x2989, 0x08C9, 0x10EA, 0x10CA, 0x314C, 0xF77E, 0xFFFF, 0xFF5F, 0xFF1F, 0xFE9F, 0xFE1F, 0xFD9F, 0xFD3F, 0xFCDF, 0xFC9F, 0xFC1F,
  0xFC1F, 0x516E, 0x0067, 0x00C9, 0x00C9, 0x00EA, 0x00EA, 0x1BB4, 0xCFFF, 0xEFDF, 0xC79F, 0xB79F, 0xA79F, 0x9F7F, 0x977F, 0x977F,
  0x8F7F, 0x8F5F, 0x875F, 0x875F, 0x875F, 0x875F, 0x8F5F, 0x9F9F, 0xB7FF, 0xDFFF, 0xDF5E, 0x94B5, 0x216A, 0x0026, 0x00E9, 0x0088,
  0x00A8, 0x214A, 0x10C8, 0x18E7, 0x3945, 0xEF13, 0xFF93, 0xFECA, 0xFECA, 0xFEA9, 0xFE68, 0xFE68, 0xFE47, 0xFE47, 0xFE27, 0xFE27,
  0xFE06, 0xFE06, 0xFE06, 0xFDE6, 0xFDE6, 0xFDE6, 0xFDE6, 0xFDE5, 0xFDE5, 0xFDC5, 0xFDC5, 0xFDC5, 0xFDE5, 0xE4C2, 0x18C6, 0x08C7,
  0x0066, 0xC639, 0xFFFF, 0xFFDF, 0xFFFF, 0xFFFF, 0xFFFF, 0xFFFF, 0xFFFF, 0xFFFF, 0xFFFF, 0xFFFF, 0xFFFF, 0xFFFF, 0xFFFF, 0xFFFF,
  0xFFFF, 0xFFFF, 0xFFFF, 0xFFFF, 0xFFFF, 0xFFFF, 0xFFFF, 0xFFFF, 0xFFFF, 0xFFFF, 0xFFFF, 0xFFFF, 0xFFFF, 0xFFFF, 0xFFFF, 0xFFFF,
  0xFFFF, 0xFFFF, 0xFFFF, 0xFFFF, 0xFFFF, 0xFFFF, 0xFFFF, 0xFFFF, 0xFFFF, 0xFFFF, 0xFFFF, 0xFFFF, 0xFFFF, 0xFFFF, 0xFFFF, 0xFFFF,
  0xFFFF, 0xFFFF, 0xFFFF, 0xFDAD, 0xFCC4, 0xFD47, 0xFD67, 0xFDA7, 0xFF56, 0xFFFF, 0xFFFF, 0xFFFF, 0xFFFF, 0xFFFF, 0xFFFF, 0xFFFF,
  0xCE9B, 0x00A8, 0x0026, 0x32AE, 0xA7DF, 0x2E5F, 0x263F, 0x161F, 0x161F, 0x0DFF, 0x0DFF, 0x05DF, 0x05DF, 0x05BF, 0x05BF, 0x05BF,
  0x05BF, 0x05BF, 0x05BF, 0x05BF, 0x059F, 0x05DF, 0x05FF, 0x05DF, 0x05BF, 0x057F, 0x053F, 0x051F, 0x04FF, 0x04FF, 0x04FF, 0x04FF,
  0x051F, 0x04FF, 0x03BD, 0x225A, 0x32BC, 0x090A, 0x0025, 0x0005, 0x5269, 0xD692, 0xFFD1, 0xFF0B, 0xFECA, 0xFEEC, 0xFF0C, 0xFF2D,
  0xF74F, 0x49A5, 0x18A6, 0x18C6, 0x10C7, 0x10C7, 0x18E7, 0x10A7, 0x4A07, 0xFFB6, 0xFF93, 0xFF92, 0xFF71, 0xFF50, 0xFF50, 0xFF2F,
  0xFF0E, 0xFF4F, 0xFFF3, 0x948C, 0x0887, 0x10E8, 0x00A8, 0x0046, 0x0025, 0x0067, 0x0087, 0x0088, 0x00E9, 0x0067, 0x0067, 0x00C8,
  0x00A8, 0x0087, 0xCE7A, 0xFFFF, 0xFFDF, 0xFFDF, 0xFFDF, 0xFFDF, 0xFFDF, 0xFFDF, 0xF7BE, 0xFFFF, 0xCE5A, 0x0068, 0x00C9, 0x00A9,
  0x0067, 0x08C9, 0x18EB, 0x1049, 0xA476, 0xFFFF, 0xFF9F, 0xFF7F, 0xFEFF, 0xFE7F, 0xFDFF, 0xFD7F, 0xFD1F, 0xFCBF, 0xFC5F, 0xFBFF,
  0xFBFF, 0xCAFA, 0x0067, 0x00A9, 0x00A9, 0x00E9, 0x014B, 0x045A, 0x76FF, 0xC7DF, 0x9F7F, 0x977F, 0x875F, 0x7F5F, 0x7F5F, 0x775F,
  0x775F, 0x6F5F, 0x6F5F, 0x6F5F, 0x6F5F, 0x6F5F, 0x6F5F, 0x773F, 0x773F, 0x7F3F, 0x977F, 0xC7FF, 0xD77E, 0x7413, 0x00A9, 0x0088,
  0x08E9, 0x08C8, 0x1908, 0x18A6, 0xAC88, 0xFFF5, 0xFEAA, 0xFE89, 0xFE68, 0xFE48, 0xFE47, 0xFE27, 0xFE27, 0xFE07, 0xFE06, 0xFDE6,
  0xFDE6, 0xFDE6, 0xFDE6, 0xFDE6, 0xFDC5, 0xFDC5, 0xFDC5, 0xFDC5, 0xFDC5, 0xFDA5, 0xFDA5, 0xFDA4, 0xFDE5, 0xC3A3, 0x0067, 0x10C8,
  0x0025, 0xAD76, 0xFFFF, 0xFFDF, 0xFFFF, 0xFFFF, 0xFFFF, 0xFFFF, 0xFFFF, 0xFFFF, 0xC75F, 0x661F, 0x559F, 0xD73F, 0xFFFF, 0xFFFF,
  0xFFFF, 0xFFFF, 0xFFFF, 0xFFFF, 0xFFFF, 0xFFFF, 0xFFFF, 0xFFFF, 0xFFFF, 0xFFFF, 0xFFFF, 0xFFFF, 0xFFFF, 0xFFFF, 0xFFFF, 0xFFFF,
  0xFFFF, 0xFFFF, 0xFFFF, 0xFFFF, 0xFFFF, 0xFFFF, 0xFFFF, 0xFFFF, 0xFFFF, 0xFFFF, 0xFFFF, 0xFFFF, 0xFFFF, 0xFFFF, 0xFFFF, 0xFFFF,
  0xFFFF, 0xFFFF, 0xFFFF, 0xFDCE, 0xFCC4, 0xFD26, 0xFD66, 0xFD87, 0xFE2A, 0xFFBB, 0xFFFF, 0xFFFF, 0xFFFF, 0xFFFF, 0xFFFF, 0xFFFF,
  0x4ACE, 0x0025, 0x00A7, 0x7E7B, 0x4EDF, 0x1E1F, 0x161F, 0x0DFF, 0x0DFF, 0x05DF, 0x05DF, 0x05BF, 0x05BF, 0x059F, 0x059F, 0x059F,
  0x059F, 0x059F, 0x059F, 0x05BF, 0x05BF, 0x04BF, 0x03BE, 0x02DC, 0x025C, 0x021C, 0x01DC, 0x01DC, 0x01BC, 0x01BC, 0x01BC, 0x01BC,
  0x01BC, 0x017B, 0x015A, 0x0A5D, 0x2A35, 0x0002, 0x10A6, 0x9CCE, 0xFF90, 0xFF0B, 0xFE88, 0xFE89, 0xFEA9, 0xFEAA, 0xFECA, 0xFEAA,
  0xFFAF, 0xA489, 0x1865, 0x20E6, 0x18C7, 0x18C7, 0x18E7, 0x1065, 0xC5B0, 0xFFF4, 0xFF50, 0xFF50, 0xFF4F, 0xFF2E, 0xFF0D, 0xFF0D,
  0xFF0C, 0xFECB, 0xFEEB, 0xFECA, 0x28E3, 0x0046, 0x218A, 0x52CE, 0x8C73, 0xBE19, 0xBE19, 0x31EC, 0x0046, 0x00A8, 0x00A8, 0x00A8,
  0x00A8, 0x00A7, 0xDEDB, 0xFFFF, 0xFFDF, 0xFFDF, 0xFFDF, 0xFFDF, 0xFFDF, 0xFFDF, 0xF7BF, 0xFFFF, 0xCDFA, 0x0068, 0x00A9, 0x00A8,
  0x08A9, 0x10CA, 0x108A, 0x394D, 0xF73E, 0xFF7F, 0xFF5F, 0xFF3F, 0xFEDF, 0xFE5F, 0xFDFF, 0xFD7F, 0xFCFF, 0xFC9F, 0xFC3F, 0xFBDF,
  0xFB9F, 0xFB9F, 0x492E, 0x0087, 0x00C9, 0x00EA, 0x012A, 0x02F9, 0x3DFF, 0x97BF, 0x7F5F, 0x775F, 0x6F5F, 0x675F, 0x673F, 0x5F3F,
  0x5F3F, 0x5F3F, 0x573F, 0x573F, 0x573F, 0x573F, 0x573F, 0x573F, 0x5F3F, 0x673F, 0x6F3F, 0x773F, 0x8F7F, 0xC7FF, 0xAE5A, 0x218B,
  0x0046, 0x10E8, 0x18C8, 0x49C6, 0xF6AD, 0xFF30, 0xFE68, 0xFE48, 0xFE27, 0xFE27, 0xFE07, 0xFE07, 0xFE06, 0xFDE6, 0xFDE6, 0xFDE6,
  0xFDC6, 0xFDC5, 0xFDC5, 0xFDC5, 0xFDA5, 0xFDA5, 0xFDA5, 0xFDA5, 0xFDA5, 0xFDA4, 0xFD84, 0xFD84, 0xFDA4, 0x7A43, 0x0046, 0x10E7,
  0x0045, 0xB5B7, 0xFFFF, 0xFFDF, 0xFFFF, 0xFFFF, 0xFFFF, 0xFFFF, 0xFFFF, 0x9EBF, 0x251F, 0x047F, 0x03FF, 0x1C5F, 0xEF9F, 0xFFFF,
  0xFFFF, 0xFFFF, 0xFFFF, 0xFFFF, 0xFFFF, 0xFFFF, 0xFFFF, 0xFFFF, 0xFFFF, 0xFFFF, 0xFFFF, 0xFFFF, 0xFFFF, 0xFFFF, 0xFFFF, 0xFFFF,
  0xFFFF, 0xFFFF, 0xFFFF, 0xFFFF, 0xFFFF, 0xFFFF, 0xFFFF, 0xFFFF, 0xFFFF, 0xFFFF, 0xFFFF, 0xFFFF, 0xFFFF, 0xFFFF, 0xFFFF, 0xFFFF,
  0xFFFF, 0xFFFF, 0xFFFF, 0xFEF7, 0xFCC4, 0xFD26, 0xFD26, 0xFD87, 0xFDA7, 0xFEF1, 0xFFFF, 0xFFFF, 0xFFFF, 0xFFFF, 0xFFFF, 0xD69B,
  0x00A7, 0x0026, 0x22AD, 0x6F7F, 0x1DFF, 0x161F, 0x0DFF, 0x05DF, 0x05BF, 0x05BF, 0x059F, 0x059F, 0x059F, 0x059F, 0x057F, 0x057F,
  0x057F, 0x057F, 0x059F, 0x053F, 0x02BC, 0x011A, 0x011B, 0x015D, 0x01BF, 0x01FF, 0x021F, 0x023E, 0x023E, 0x023D, 0x023D, 0x021E,
  0x021E, 0x01FD, 0x01BB, 0x0173, 0x0024, 0x39C7, 0xDE91, 0xFF4D, 0xFE47, 0xFE48, 0xFE68, 0xFE68, 0xFE68, 0xFE68, 0xFE88, 0xFE89,
  0xFEEB, 0xF6ED, 0x3964, 0x20A7, 0x18C6, 0x18E7, 0x1066, 0x62C9, 0xFFF4, 0xFF2F, 0xFF4E, 0xFF2D, 0xFF0C, 0xFEEC, 0xFECB, 0xFECB,
  0xFECA, 0xFEAA, 0xFECA, 0xFD43, 0x934A, 0xB5D8, 0xF79E, 0xFFFF, 0xFFFF, 0xFFFF, 0xFFFF, 0xE6FC, 0x10C6, 0x0087, 0x00A8, 0x00A8,
  0x0087, 0x08E7, 0xE71C, 0xFFFF, 0xFFDF, 0xFFDF, 0xFFDF, 0xFFDF, 0xFFDF, 0xFFDF, 0xF7BE, 0xFFFF, 0xC539, 0x0027, 0x00A9, 0x0089,
  0x08A9, 0x18CA, 0x0828, 0xA416, 0xFF9F, 0xFEFF, 0xFF1F, 0xFEFF, 0xFEBF, 0xFE5F, 0xFDDF, 0xFD5F, 0xFCFF, 0xFC7F, 0xFC1F, 0xFBDF,
  0xFB7F, 0xFB7F, 0xBA78, 0x0067, 0x00C9, 0x010A, 0x00C9, 0x01D3, 0x253F, 0x7FBF, 0x6F3F, 0x675F, 0x5F3F, 0x573F, 0x573F, 0x4F3F,
  0x4F3F, 0x4F1F, 0x471F, 0x471F, 0x471F, 0x471F, 0x471F, 0x471F, 0x471F, 0x4F1F, 0x571F, 0x673F, 0x6F3F, 0x771F, 0x97BF, 0xAF7E,
  0x320C, 0x0846, 0x20E8, 0x8B26, 0xFECE, 0xFECC, 0xFE27, 0xFE27, 0xFE07, 0xFE07, 0xFE07, 0xFDE6, 0xFDE6, 0xFDC6, 0xFDC6, 0xFDC5,
  0xFDC5, 0xFDA5, 0xFDC5, 0xFDA5, 0xFDA5, 0xFD85, 0xFD85, 0xFD85, 0xFD84, 0xFD84, 0xFD84, 0xFD84, 0xFD03, 0x3903, 0x0066, 0x08C7,
  0x0086, 0xCE7A, 0xFFFF, 0xFFDF, 0xFFFF, 0xFFFF, 0xFFFF, 0xFFFF, 0x8EBF, 0x251F, 0x14DF, 0x0C7F, 0x043F, 0x039E, 0xAE9F, 0xFFFF,
  0xFFFF, 0xFFFF, 0xFFFF, 0xFFFF, 0xFFFF, 0xFFFF, 0xFFFF, 0xFFFF, 0xFFFF, 0xFFFF, 0xFFFF, 0xFFFF, 0xFFFF, 0xFFFF, 0xFFFF, 0xFFFF,
  0xFFFF, 0xFFFF, 0xFFFF, 0xFFFF, 0xFFFF, 0xFFFF, 0xFFFF, 0xFFFF, 0xFFFF, 0xFFFF, 0xFFFF, 0xFFFF, 0xFFFF, 0xFFFF, 0xFFFF, 0xFFFF,
  0xFFFF, 0xFFFF, 0xFFFF, 0xFFFF, 0xFDAE, 0xFCC4, 0xFD47, 0xFD67, 0xFDA7, 0xFE09, 0xFFBB, 0xFFFF, 0xFFFF, 0xFFDF, 0xFFFF, 0x73F2,
  0x0046, 0x0026, 0x3CF5, 0x36BF, 0x0DBF, 0x0DDF, 0x05BF, 0x05BF, 0x059F, 0x059F, 0x057F, 0x057F, 0x057F, 0x057F, 0x057F, 0x057F,
  0x057F, 0x057F, 0x059F, 0x029D, 0x00B9, 0x017D, 0x01DC, 0x01B8, 0x0173, 0x012E, 0x00EC, 0x00CA, 0x00C9, 0x00C9, 0x00C9, 0x00C9,
  0x00C9, 0x00A9, 0x0087, 0x0024, 0x0864, 0xDE91, 0xFF09, 0xFE27, 0xFE48, 0xFE47, 0xFE47, 0xFE47, 0xFE47, 0xFE47, 0xFE48, 0xFE68,
  0xFE68, 0xFF4D, 0x9C07, 0x1865, 0x20E6, 0x18C6, 0x18A5, 0xD671, 0xFF8F, 0xFF0D, 0xFF0D, 0xFEEC, 0xFECB, 0xFEAA, 0xFEAA, 0xFE89,
  0xFE89, 0xFE89, 0xFE26, 0xEC27, 0xFFFF, 0xFFFF, 0xFFFF, 0xFFDF, 0xFFDF, 0xFFDF, 0xF7BE, 0xFFFF, 0x9D15, 0x0026, 0x00C8, 0x00A7,
  0x0067, 0x10E8, 0xEF5D, 0xFFFF, 0xF7BF, 0xFFBF, 0xFFBF, 0xFFBF, 0xFFBF, 0xFFBF, 0xF79E, 0xFFFF, 0xAC76, 0x0006, 0x08A9, 0x0089,
  0x08A9, 0x1089, 0x30EC, 0xF65E, 0xFEBF, 0xFEDF, 0xFEDF, 0xFEDF, 0xFE9F, 0xFE3F, 0xFDDF, 0xFD5F, 0xFCFF, 0xFC7F, 0xFC1F, 0xFBBF,
  0xFB7F, 0xFB1F, 0xFB3F, 0x390C, 0x0088, 0x00EA, 0x00A8, 0x014F, 0x0C3F, 0x6F7F, 0x673F, 0x5F3F, 0x573F, 0x4F1F, 0x4F1F, 0x471F,
  0x471F, 0x471F, 0x471F, 0x3F1F, 0x3EFF, 0x3F1F, 0x3F1F, 0x3F1F, 0x3F1F, 0x3F1F, 0x471F, 0x471F, 0x4F1F, 0x5F1F, 0x66FF, 0x6F5F,
  0x875E, 0x320B, 0x2087, 0xBBA5, 0xFE4D, 0xFEAA, 0xFE06, 0xFE07, 0xFDE6, 0xFDE6, 0xFDE6, 0xFDC6, 0xFDC6, 0xFDC6, 0xFDC6, 0xFDA5,
  0xFDC5, 0xFDC5, 0xFD84, 0xFD64, 0xFDA4, 0xFDC5, 0xFDC4, 0xFD84, 0xFD84, 0xFD84, 0xFD64, 0xFDA4, 0xC3C2, 0x0844, 0x10A6, 0x0087,
  0x2149, 0xF79E, 0xFFFF, 0xFFFF, 0xFFFF, 0xFFFF, 0xFFFF, 0xA71F, 0x255F, 0x1D1F, 0x0CBF, 0x045F, 0x041F, 0x039F, 0xC6FF, 0xFFFF,
  0xFFFF, 0xFFFF, 0xFFFF, 0xFFFF, 0xFFFF, 0xFFFF, 0xFFFF, 0xFFFF, 0xFFFF, 0xFFFF, 0xFFFF, 0xFFFF, 0xFFFF, 0xFFFF, 0xFFFF, 0xFFFF,
  0xFFFF, 0xFFFF, 0xFFFF, 0xFFFF, 0xFFFF, 0xFFFF, 0xFFFF, 0xFFFF, 0xFFFF, 0xFFFF, 0xFFFF, 0xFFFF, 0xFFFF, 0xFFFF, 0xFFFF, 0xFFFF,
  0xFFFF, 0xFFFF, 0xFFFF, 0xFFFF, 0xFF9D, 0xFD09, 0xFD05, 0xFD67, 0xFD87, 0xFDA7, 0xFED2, 0xFFFF, 0xFFFF, 0xFFFF, 0xFFDF, 0x31EC,
  0x0067, 0x00A7, 0x361B, 0x1E3F, 0x0DBF, 0x0DBF, 0x059F, 0x059F, 0x057F, 0x057F, 0x057F, 0x055F, 0x055F, 0x055F, 0x055F, 0x055F,
  0x055F, 0x055F, 0x05BF, 0x023B, 0x00DA, 0x0153, 0x0087, 0x0045, 0x0046, 0x0047, 0x0068, 0x0068, 0x0089, 0x008A, 0x00AA, 0x00AB,
  0x00CB, 0x00AA, 0x0067, 0x0046, 0x2946, 0xFEAA, 0xFE67, 0xFE48, 0xFE47, 0xFE27, 0xFE27, 0xFE27, 0xFE27, 0xFE27, 0xFE27, 0xFE47,
  0xFE48, 0xFEAA, 0xF66B, 0x3103, 0x20C6, 0x0824, 0x736A, 0xFFD2, 0xFEEB, 0xFEEC, 0xFECB, 0xFEAA, 0xFE89, 0xFE89, 0xFE68, 0xFE48,
  0xFE48, 0xFEA9, 0xE3E2, 0xC471, 0xFFFF, 0xF7BE, 0xFFDF, 0xFFDF, 0xFFDF, 0xFFDF, 0xFFDF, 0xFFDF, 0xFFFF, 0x4A8D, 0x0026, 0x00A8,
  0x0067, 0x1928, 0xEF7D, 0xFFDF, 0xF7BE, 0xF7BF, 0xF7BF, 0xF7BF, 0xF7BF, 0xF7BE, 0xF79E, 0xFFFF, 0x93D4, 0x0006, 0x08A9, 0x0889,
  0x10AA, 0x0028, 0x9335, 0xFE9F, 0xFDFF, 0xFE7F, 0xFE9F, 0xFE9F, 0xFE5F, 0xFE1F, 0xFDBF, 0xFD5F, 0xFCFF, 0xFC7F, 0xFC1F, 0xFBBF,
  0xFB7F, 0xFB1F, 0xFB3F, 0xA216, 0x0066, 0x00CA, 0x00A9, 0x00EB, 0x033D, 0x5F1F, 0x675F, 0x571F, 0x4F1F, 0x4F1F, 0x471F, 0x3F1F,
  0x3F1F, 0x3F1F, 0x3EFF, 0x3EFF, 0x3EFF, 0x36FF, 0x36FF, 0x36FF, 0x36FF, 0x36FF, 0x3EFF, 0x3EFF, 0x3EFF, 0x46FF, 0x56FF, 0x56FF,
  0x5F5F, 0x76BC, 0x2147, 0xCAC2, 0xFD6A, 0xFE88, 0xFDC6, 0xFDE6, 0xFDE6, 0xFDC6, 0xFDC6, 0xFDC6, 0xFDC6, 0xFDA5, 0xFDA5, 0xFDA5,
  0xFD84, 0xE301, 0xC9C0, 0xD1E0, 0xD240, 0xE321, 0xF422, 0xFD23, 0xFDA4, 0xFDA4, 0xFD84, 0xFDC4, 0x7221, 0x0024, 0x10C6, 0x0025,
  0x5AEE, 0xFFFF, 0xFFFF, 0xFFFF, 0xFFFF, 0xFFFF, 0xCF9F, 0x35BF, 0x1D1F, 0x14DF, 0x047F, 0x045F, 0x03BF, 0x44BE, 0xFFFF, 0xFFFF,
  0xFFFF, 0xFFFF, 0xFFFF, 0xFFFF, 0xFFFF, 0xFFFF, 0xFFFF, 0xFFFF, 0xFFFF, 0xFFFF, 0xFFFF, 0xFFFF, 0xFFFF, 0xFFFF, 0xFFFF, 0xFFFF,
  0xFFFF, 0xFFFF, 0xFFFF, 0xFFFF, 0xFFFF, 0xFFFF, 0xFFFF, 0xFFFF, 0xFFFF, 0xFFFF, 0xFFFF, 0xFFFF, 0xFFFF, 0xFFFF, 0xFFFF, 0xFFFF,
  0xFFFF, 0xFFFF, 0xFFFF, 0xFFFF, 0xFFFF, 0xFF3A, 0xFCC6, 0xFD46, 0xFD87, 0xFD87, 0xFE0A, 0xFFDD, 0xFFFF, 0xFFFF, 0xDEFC, 0x08C8,
  0x0088, 0x0129, 0x265D, 0x15FF, 0x0DBF, 0x059F, 0x057F, 0x057F, 0x055F, 0x055F, 0x055F, 0x055F, 0x055F, 0x055F, 0x055F, 0x055F,
  0x055F, 0x055F, 0x05DF, 0x3DFF, 0x11D3, 0x0000, 0x0006, 0x006A, 0x00AA, 0x00A9, 0x0088, 0x0067, 0x0067, 0x0067, 0x0046, 0x0045,
  0x0045, 0x0066, 0x0067, 0x0886, 0x1044, 0xCCC5, 0xFEA8, 0xFE27, 0xFE27, 0xFE07, 0xFE07, 0xFE07, 0xFE07, 0xFE07, 0xFE07, 0xFE27,
  0xFE27, 0xFE27, 0xFF2C, 0x8325, 0x0845, 0x2905, 0xE6B1, 0xFF0C, 0xFECA, 0xFECA, 0xFEA9, 0xFE89, 0xFE68, 0xFE48, 0xFE27, 0xFE07,
  0xFE27, 0xFDE6, 0xA960, 0xD5F8, 0xFFFF, 0xFFBE, 0xFFDF, 0xFFDF, 0xFFDF, 0xFFDF, 0xFFDF, 0xF7BE, 0xFFFF, 0xD6BB, 0x0886, 0x0088,
  0x0067, 0x2169, 0xF79E, 0xFFDF, 0xF7BE, 0xF7BF, 0xF7BE, 0xF7BE, 0xF7BE, 0xF7BE, 0xF79E, 0xFFFF, 0x82F2, 0x0006, 0x08A9, 0x0889,
  0x0889, 0x208B, 0xED3D, 0xFD9F, 0xFDBF, 0xFE3F, 0xFE5F, 0xFE5F, 0xFE3F, 0xFE1F, 0xFDBF, 0xFD5F, 0xFCDF, 0xFC7F, 0xFC1F, 0xFBBF,
  0xFB5F, 0xFB1F, 0xFAFF, 0xF2DE, 0x18AA, 0x00A9, 0x00CA, 0x0087, 0x027A, 0x4E9F, 0x5F5F, 0x4F1F, 0x471F, 0x471F, 0x3F1F, 0x3EFF,
  0x3EFF, 0x36FF, 0x36FF, 0x371F, 0x371F, 0x371F, 0x373F, 0x371F, 0x36DF, 0x36DF, 0x36FF, 0x36DF, 0x3EFF, 0x3EDF, 0x3EFF, 0x46FF,
  0x46DF, 0x577F, 0x5D36, 0xC160, 0xEBE7, 0xFE88, 0xFDC6, 0xFDC6, 0xFDC6, 0xFDC6, 0xFDC6, 0xFDA6, 0xFDA5, 0xFDA5, 0xFD85, 0xFDC5,
  0xF442, 0xD100, 0xE9E1, 0xE9C0, 0xE9A0, 0xE180, 0xD960, 0xD1C0, 0xDAC1, 0xEC02, 0xFCE4, 0xE422, 0x1882, 0x0865, 0x08A6, 0x0004,
  0xAD56, 0xFFFF, 0xFFDF, 0xFFFF, 0xFFFF, 0xF7FF, 0x5E5F, 0x151F, 0x14FF, 0x049F, 0x047F, 0x041F, 0x13FE, 0xDF5F, 0xFFFF, 0xFFFF,
  0xFFFF, 0xFFFF, 0xFFFF, 0xFFFF, 0xFFFF, 0xFFFF, 0xFFFF, 0xFFFF, 0xFFFF, 0xFFFF, 0xFFFF, 0xFFFF, 0xFFFF, 0xFFFF, 0xFFFF, 0xFFFF,
  0xFFFF, 0xFFFF, 0xFFFF, 0xFFFF, 0xFFFF, 0xFFFF, 0xFFFF, 0xFFFF, 0xFFFF, 0xFFFF, 0xFFFF, 0xFFFF, 0xFFFF, 0xFFFF, 0xFFFF, 0xFFFF,
  0xFFFF, 0xFFFF, 0xFFFF, 0xFFFF, 0xFFFF, 0xFFFF, 0xFE96, 0xFCC5, 0xFD67, 0xFD88, 0xFD87, 0xFF57, 0xFFFF, 0xFFFF, 0xBDF8, 0x0066,
  0x00A8, 0x014A, 0x1E3D, 0x0DBF, 0x059F, 0x057F, 0x055F, 0x055F, 0x055F, 0x053F, 0x053F, 0x053F, 0x053F, 0x053F, 0x053F, 0x055F,
  0x055F, 0x055F, 0x055F, 0x2E5F, 0x7EDD, 0x6CF6, 0x3ACF, 0x1129, 0x0005, 0x0005, 0x0006, 0x0067, 0x0087, 0x0087, 0x0066, 0x0045,
  0x0023, 0x0022, 0x0066, 0x1086, 0x1045, 0x69A3, 0xFE67, 0xFE27, 0xFE06, 0xFE06, 0xFE06, 0xFE06, 0xFDE6, 0xFE06, 0xFE06, 0xFE06,
  0xFE07, 0xFE07, 0xFEAA, 0xE5CA, 0x1001, 0x8C2C, 0xFF90, 0xFE89, 0xFE89, 0xFE89, 0xFE68, 0xFE48, 0xFE27, 0xFE27, 0xFE07, 0xFDE7,
  0xFE27, 0xE362, 0x9123, 0xF79E, 0xFFFF, 0xFFBF, 0xFFBF, 0xFFBF, 0xFFBF, 0xFFBF, 0xFFBE, 0xFFBF, 0xF79E, 0xFFFF, 0x8C73, 0x0026,
  0x0068, 0x2989, 0xF7BE, 0xF7BF, 0xF7BE, 0xF7BE, 0xF7BE, 0xF7BE, 0xF79E, 0xF79E, 0xF79E, 0xFFBF, 0x6A50, 0x0006, 0x0889, 0x108A,
  0x0028, 0x7232, 0xFDDF, 0xFCBF, 0xFD7F, 0xFDFF, 0xFE1F, 0xFE3F, 0xFE1F, 0xFE3F, 0xC2FC, 0xE43E, 0xFD3F, 0xFC7F, 0xFC1F, 0xFBBF,
  0xFB5F, 0xFB1F, 0xFADF, 0xFB1F, 0x79B2, 0x0066, 0x00CA, 0x0067, 0x01D7, 0x35FF, 0x5F7F, 0x46FF, 0x46FF, 0x3EFF, 0x3EFF, 0x36FF,
  0x36FF, 0x36DF, 0x2F1F, 0x0C3D, 0x033D, 0x03FD, 0x0CDE, 0x1E3F, 0x371F, 0x36DF, 0x36DF, 0x36DF, 0x36DF, 0x36DF, 0x36DF, 0x36DF,
  0x3EDF, 0x3EBF, 0x3F3F, 0x8A48, 0xB9C4, 0xFE48, 0xFDC6, 0xFDC6, 0xFDA6, 0xFDA5, 0xFDA5, 0xFDA5, 0xFDA5, 0xFDA5, 0xFD85, 0xFDA5,
  0xF504, 0x7120, 0x58C0, 0x8161, 0xA1E0, 0xDA61, 0xFA81, 0xFA21, 0xE1A0, 0xE1A0, 0xF261, 0x48E1, 0x0865, 0x10A6, 0x0065, 0x1907,
  0xEF7E, 0xFFFF, 0xFFFF, 0xFFFF, 0xFFFF, 0x9F1F, 0x0D5F, 0x0CFF, 0x04BF, 0x049F, 0x041F, 0x13FE, 0xCF1F, 0xFFFF, 0xFFFF, 0xFFFF,
  0xFFFF, 0xFFFF, 0xFFFF, 0xFFFF, 0xFFFF, 0xFFFF, 0xFFFF, 0xFFFF, 0xFFFF, 0xFFFF, 0xFFFF, 0xFFFF, 0xFFFF, 0xFFFF, 0xFFFF, 0xFFFF,
  0xFFFF, 0xFFFF, 0xFFFF, 0xFFFF, 0xFFFF, 0xFFFF, 0xFFFF, 0xFFFF, 0xFFFF, 0xFFFF, 0xFFFF, 0xFFFF, 0xFFFF, 0xFFFF, 0xFFFF, 0xFFFF,
  0xFFFF, 0xFFFF, 0xFFFF, 0xFFFF, 0xFFFF, 0xFFFF, 0xFFFF, 0xFE52, 0xFCE5, 0xFD88, 0xFD66, 0xFE91, 0xFFFF, 0xFFFF, 0xAD77, 0x0066,
  0x00C9, 0x00E9, 0x0D9B, 0x0DBF, 0x055F, 0x055F, 0x055F, 0x053F, 0x053F, 0x053F, 0x053F, 0x051F, 0x053F, 0x053F, 0x053F, 0x053F,
  0x053F, 0x055F, 0x055F, 0x055F, 0x159F, 0x569F, 0x873F, 0x96FD, 0x7D98, 0x53B1, 0x21CB, 0x0087, 0x0005, 0x0006, 0x0047, 0x0088,
  0x0087, 0x0066, 0x0087, 0x1087, 0x18A6, 0x1823, 0xC404, 0xFE88, 0xFDE6, 0xFE06, 0xFDE6, 0xFDE6, 0xFDE6, 0xFDE6, 0xFDE6, 0xFDE6,
  0xFDE6, 0xFE07, 0xFE07, 0xFEEB, 0x9387, 0xE6D2, 0xFECA, 0xFE69, 0xFE68, 0xFE48, 0xFE27, 0xFE27, 0xFE07, 0xFE06, 0xFDE6, 0xFE06,
  0xFCE5, 0xB8E0, 0xA2A9, 0xFFFF, 0xF7BE, 0xF7BE, 0xF7BF, 0xF7BE, 0xF7BE, 0xF7BE, 0xF7BE, 0xF7BE, 0xF7BE, 0xF7BE, 0xFFDF, 0x3A2B,
  0x0005, 0x31CA, 0xFFDF, 0xF7BE, 0xF7BE, 0xF7BE, 0xF79E, 0xF79E, 0xF79E, 0xF79E, 0xF79E, 0xFF7F, 0x51AD, 0x0007, 0x0889, 0x088A,
  0x0809, 0xD41A, 0xFCDF, 0xFC9F, 0xFD3F, 0xFD9F, 0xFDDF, 0xFE1F, 0xFE1F, 0xFDDF, 0x5870, 0xAA79, 0xFD7F, 0xFC7F, 0xFC1F, 0xFB9F,
  0xFB5F, 0xFB1F, 0xFADF, 0xFADF, 0xD27B, 0x0867, 0x00AA, 0x0087, 0x0152, 0x1D1F, 0x577F, 0x46DF, 0x3EFF, 0x3EFF, 0x36FF, 0x36DF,
  0x36DF, 0x2EDF, 0x271F, 0x03BD, 0x01FD, 0x029F, 0x025E, 0x025D, 0x0C5E, 0x2EDF, 0x36DF, 0x36DF, 0x36DF, 0x36DF, 0x36BF, 0x36BF,
  0x36BF, 0x369F, 0x2F1F, 0x4474, 0x8042, 0xED07, 0xFE06, 0xFD85, 0xFDA5, 0xFD85, 0xFD85, 0xFD85, 0xFD85, 0xFD85, 0xFD85, 0xFD65,
  0xFDA5, 0xBD07, 0x3124, 0x1001, 0x2003, 0x30A3, 0x48E1, 0x8980, 0xD261, 0xDA80, 0x5921, 0x0844, 0x18A6, 0x10C7, 0x0004, 0x73B0,
  0xFFFF, 0xFFDF, 0xFFFF, 0xFFFF, 0xEFDF, 0x2DDF, 0x04FF, 0x04DF, 0x0CBF, 0x041F, 0x1C1E, 0xCF1F, 0xFFFF, 0xFFFF, 0xFFFF, 0xFFFF,
  0xFFFF, 0xFFFF, 0xFFFF, 0xFFFF, 0xFFFF, 0xFFFF, 0xFFFF, 0xFFFF, 0xFFFF, 0xFFFF, 0xFFFF, 0xFFFF, 0xFFFF, 0xFFFF, 0xFFFF, 0xFFFF,
  0xFFFF, 0xFFFF, 0xFFFF, 0xFFFF, 0xFFFF, 0xFFFF, 0xFFFF, 0xFFFF, 0xFFFF, 0xFFFF, 0xFFFF, 0xFFFF, 0xFFFF, 0xFFFF, 0xFFFF, 0xFFFF,
  0xFFFF, 0xFFFF, 0xFFFF, 0xFFFF, 0xFFFF, 0xFFFF, 0xFFFF, 0xFFFF, 0xFDEF, 0xFD26, 0xFDA8, 0xFDCB, 0xFFBE, 0xFFFF, 0xB597, 0x0067,
  0x0109, 0x0067, 0x0435, 0x05FF, 0x053F, 0x055F, 0x053F, 0x053F, 0x051F, 0x051F, 0x051F, 0x051F, 0x051F, 0x051F, 0x053F, 0x053F,
  0x053F, 0x053F, 0x055F, 0x055F, 0x0D7F, 0x0D5F, 0x157F, 0x2DDF, 0x567F, 0x871F, 0x9F3F, 0x9E7B, 0x7CF5, 0x3AAD, 0x08C7, 0x0004,
  0x0006, 0x0088, 0x00A8, 0x0887, 0x10A7, 0x1065, 0x40E1, 0xFDE6, 0xFE26, 0xFDE6, 0xFDE6, 0xFDE6, 0xFDE6, 0xFDC6, 0xFDC6, 0xFDC6,
  0xFDC6, 0xFDE6, 0xFDE6, 0xFE69, 0xFFB7, 0xFECD, 0xFE47, 0xFE48, 0xFE27, 0xFE07, 0xFE07, 0xFDE6, 0xFDE6, 0xFDC6, 0xFDC6, 0xFDA5,
  0xE2A2, 0xA060, 0x8C0F, 0xFFFF, 0xF79E, 0xF7BE, 0xF7BE, 0xF7BE, 0xF7BE, 0xF7BE, 0xF7BE, 0xF7BE, 0xF7BE, 0xF79E, 0xFFFF, 0xCE79,
  0x0024, 0x31EB, 0xFFDF, 0xF79E, 0xF79E, 0xF79E, 0xF79E, 0xF79E, 0xF79E, 0xF79E, 0xF7BE, 0xFF1F, 0x412B, 0x0028, 0x108A, 0x0029,
  0x492E, 0xFCBF, 0xFBDF, 0xFC7F, 0xFCFF, 0xFD5F, 0xFDBF, 0xFDDF, 0xFE5F, 0xEC7E, 0x1005, 0x70B4, 0xFCFF, 0xFC9F, 0xFC1F, 0xFB9F,
  0xFB3F, 0xFAFF, 0xFADF, 0xFA9F, 0xFA9F, 0x48ED, 0x0088, 0x0088, 0x00CD, 0x0BFE, 0x575F, 0x46DF, 0x3EFF, 0x3EDF, 0x36DF, 0x36DF,
  0x2EDF, 0x2EBF, 0x271F, 0x0C77, 0x00EB, 0x0212, 0x02FA, 0x02DF, 0x01BC, 0x047E, 0x371F, 0x36BF, 0x36BF, 0x36BF, 0x36BF, 0x2E9F,
  0x2E9F, 0x2E7F, 0x2E9F, 0x2DFC, 0x6084, 0xC226, 0xFE27, 0xFD85, 0xFD85, 0xFD85, 0xFD85, 0xFD65, 0xFD65, 0xFD85, 0xFD85, 0xFD65,
  0xFD44, 0xFDE6, 0xF68B, 0x9429, 0x3925, 0x1003, 0x1824, 0x2065, 0x28A4, 0x2084, 0x1064, 0x10A6, 0x10A6, 0x08A7, 0x10E7, 0xE71C,
  0xFFFF, 0xFFFF, 0xFFFF, 0xFFFF, 0x971F, 0x051F, 0x04DF, 0x04BF, 0x041F, 0x345E, 0xDF5F, 0xFFFF, 0xFFFF, 0xFFFF, 0xFFFF, 0xFFFF,
  0xFFFF, 0xFFFF, 0xFFFF, 0xFFFF, 0xFFFF, 0xFFFF, 0xFFFF, 0xFFFF, 0xFFFF, 0xFFFF, 0xFFFF, 0xFFFF, 0xFFFF, 0xFFFF, 0xFFFF, 0xFFFF,
  0xFFFF, 0xFFFF, 0xFFFF, 0xFFFF, 0xFFFF, 0xFFFF, 0xFFFF, 0xFFFF, 0xFFFF, 0xFFFF, 0xFFFF, 0xFFFF, 0xE7BF, 0x8E7F, 0x867F, 0xB71F,
  0xE7DF, 0xFFFF, 0xFFFF, 0xFFFF, 0xFFFF, 0xFFFF, 0xFFFF, 0xFFFF, 0xFFDE, 0xFD6C, 0xFCA4, 0xFD4A, 0xFFDE, 0xFFFF, 0xC659, 0x00A8,
  0x00E9, 0x0087, 0x01AB, 0x05DF, 0x053F, 0x053F, 0x051F, 0x051F, 0x051F, 0x04FF, 0x04FF, 0x04FF, 0x051F, 0x051F, 0x051F, 0x051F,
  0x053F, 0x053F, 0x053F, 0x055F, 0x055F, 0x0D7F, 0x0D7F, 0x157F, 0x155F, 0x1D5F, 0x2D9F, 0x4E3F, 0x7EFF, 0x9F5F, 0x9EBC, 0x74D4,
  0x2A4C, 0x0046, 0x0026, 0x08A8, 0x0887, 0x18A6, 0x0003, 0x9AC3, 0xFEA7, 0xFDE6, 0xFDE6, 0xFDC6, 0xFDC6, 0xFDC6, 0xFDC6, 0xFDC6,
  0xFDC6, 0xFDC6, 0xFDE6, 0xFE06, 0xFE27, 0xFE27, 0xFE27, 0xFE07, 0xFDE6, 0xFDE6, 0xFDE6, 0xFDC6, 0xFDC6, 0xFDA6, 0xFDE6, 0xEBE3,
  0xE980, 0x4880, 0xA576, 0xFFFF, 0xF79E, 0xF7BE, 0xF79E, 0xF7BE, 0xF7BE, 0xF7BE, 0xF79E, 0xF79E, 0xF79E, 0xF79E, 0xF77E, 0xFFFF,
  0x6B6F, 0x2967, 0xFFFF, 0xF79E, 0xF79E, 0xF79E, 0xF79E, 0xF79E, 0xF79E, 0xF79E, 0xF7BF, 0xF69E, 0x28A9, 0x0028, 0x108A, 0x0008,
  0xAAF7, 0xFC3F, 0xFB9F, 0xFC1F, 0xFCBF, 0xFD1F, 0xFD7F, 0xFD9F, 0xFE1F, 0x99F6, 0x0004, 0x380F, 0xE31F, 0xFD3F, 0xFBFF, 0xFB9F,
  0xFB3F, 0xFAFF, 0xFABF, 0xF27F, 0xFA7F, 0xA1B6, 0x0067, 0x0089, 0x0069, 0x02FC, 0x4F1F, 0x46DF, 0x3EDF, 0x36DF, 0x36BF, 0x2EBF,
  0x2EBF, 0x269F, 0x26FF, 0x0D39, 0x0005, 0x0048, 0x0066, 0x016D, 0x027C, 0x031D, 0x36FF, 0x3EBF, 0x36BF, 0x369F, 0x2E9F, 0x2E7F,
  0x267F, 0x265F, 0x265F, 0x1E5F, 0x59A8, 0x9823, 0xE3A6, 0xFE06, 0xFD65, 0xFD65, 0xFD65, 0xFD65, 0xFD65, 0xFD65, 0xFD65, 0xFD64,
  0xFD65, 0xFD44, 0xFD64, 0xFE89, 0xEE8D, 0x8C2A, 0x2945, 0x1005, 0x1866, 0x18A6, 0x18A6, 0x10A6, 0x10A6, 0x0005, 0x8C74, 0xFFFF,
  0xFFFF, 0xFFFF, 0xFFFF, 0xF7FF, 0x35DF, 0x04DF, 0x0CDF, 0x03FE, 0x54FE, 0xEFBF, 0xFFFF, 0xFFFF, 0xFFFF, 0xFFFF, 0xFFFF, 0xFFFF,
  0xFFFF, 0xFFFF, 0xFFFF, 0xFFFF, 0xFFFF, 0xFFFF, 0xFFFF, 0xFFFF, 0xFFFF, 0xFFFF, 0xFFFF, 0xFFFF, 0xFFFF, 0xFFFF, 0xFFFF, 0xFFFF,
  0xFFFF, 0xFFFF, 0xFFFF, 0xFFFF, 0xFFFF, 0xFFFF, 0xFFFF, 0xFFFF, 0xFFFF, 0xFFFF, 0xFFFF, 0xEF9F, 0x2C7F, 0x03BF, 0x03FF, 0x045F,
  0x2D1F, 0x763F, 0xCF7F, 0xFFFF, 0xFFFF, 0xFFFF, 0xFFFF, 0xFFFF, 0xFFFF, 0xFFBE, 0xFE33, 0xFF1A, 0xFFFF, 0xFFFF, 0xEF7D, 0x1129,
  0x00A8, 0x00E9, 0x0066, 0x0313, 0x05BF, 0x04FF, 0x04FF, 0x04FF, 0x04FF, 0x04FF, 0x04FF, 0x04FF, 0x04FF, 0x04FF, 0x04FF, 0x051F,
  0x051F, 0x051F, 0x053F, 0x053F, 0x053F, 0x055F, 0x055F, 0x0D5F, 0x155F, 0x157F, 0x1D7F, 0x1D7F, 0x1D7F, 0x2D9F, 0x4E1F, 0x7EFF,
  0x9F5F, 0x85D9, 0x2A6D, 0x0025, 0x0867, 0x10A7, 0x1066, 0x1821, 0xED05, 0xFE46, 0xFDA5, 0xFDC5, 0xFDA5, 0xFDA5, 0xFDA5, 0xFDA5,
  0xFDA5, 0xFDA5, 0xFDC6, 0xFDC6, 0xFDC6, 0xFDE6, 0xFDE6, 0xFDC6, 0xFDC6, 0xFDC6, 0xFDA5, 0xFDA5, 0xFDA5, 0xFDC6, 0xFD24, 0xE1E1,
  0xA920, 0x0861, 0xDEFB, 0xFFDF, 0xF79E, 0xF79E, 0xF79E, 0xF79E, 0xF79E, 0xF79E, 0xF79E, 0xF79E, 0xF79E, 0xF79E, 0xF79E, 0xF7BF,
  0xE73D, 0x6B4D, 0xF7BE, 0xF79E, 0xF79E, 0xF79E, 0xF79E, 0xF79E, 0xF79E, 0xF77E, 0xFFDF, 0xE5FC, 0x1848, 0x0049, 0x0049, 0x206B,
  0xF3FE, 0xFB3F, 0xFB7F, 0xFBDF, 0xFC7F, 0xFCDF, 0xFD7F, 0xFDFF, 0xEB3F, 0x2008, 0x0047, 0x0827, 0xA07B, 0xF41F, 0xFC7F, 0xFB9F,
  0xFB1F, 0xFAFF, 0xFA9F, 0xFA7F, 0xFA3F, 0xEA5E, 0x1889, 0x0088, 0x0046, 0x0218, 0x46BF, 0x46FF, 0x3EBF, 0x36BF, 0x2EBF, 0x2E9F,
  0x2E9F, 0x269F, 0x26BF, 0x161D, 0x00A7, 0x0047, 0x00AB, 0x0066, 0x010E, 0x13DF, 0x875F, 0x46BF, 0x3EBF, 0x2E9F, 0x2E7F, 0x265F,
  0x265F, 0x265F, 0x263F, 0x169F, 0x3A6B, 0xB061, 0xB0C5, 0xEBE4, 0xFDC5, 0xFD44, 0xFD64, 0xFD64, 0xFD64, 0xFD65, 0xFD64, 0xFD44,
  0xFD44, 0xFD64, 0xFD64, 0xFD23, 0xFD84, 0xFE69, 0xF68C, 0x944A, 0x3146, 0x0005, 0x1066, 0x18C6, 0x0044, 0x31C9, 0xFFFF, 0xFFFF,
  0xFFFF, 0xFFFF, 0xFFFF, 0xE79F, 0x04BE, 0x047F, 0x041E, 0x7DBE, 0xFFFF, 0xFFFF, 0xFFFF, 0xFFFF, 0xFFFF, 0xFFFF, 0xFFFF, 0xFFFF,
  0xFFFF, 0xFFFF, 0xFFFF, 0xFFFF, 0xFFFF, 0xFFFF, 0xFFFF, 0xFFFF, 0xFFFF, 0xFFFF, 0xFFFF, 0xFFFF, 0xFFFF, 0xFFFF, 0xFFFF, 0xFFFF,
  0xFFFF, 0xFFFF, 0xFFFF, 0xFFFF, 0xFFFF, 0xFFFF, 0xFFFF, 0xFFFF, 0xFFFF, 0xFFFF, 0xFFFF, 0x961F, 0x033F, 0x03DF, 0x03FF, 0x041F,
  0x043F, 0x047F, 0x1CDF, 0x6E1F, 0xD79F, 0xFFFF, 0xFFFF, 0xFFFF, 0xFFFF, 0xFFFF, 0xFFFF, 0xFFFF, 0xFFFF, 0xFFFF, 0xFFFF, 0x52CE,
  0x0046, 0x00E9, 0x00C9, 0x0067, 0x0356, 0x055F, 0x051F, 0x04DF, 0x04DF, 0x04DF, 0x04DF, 0x04DF, 0x04DF, 0x04FF, 0x04FF, 0x04FF,
  0x04FF, 0x04FF, 0x051F, 0x051F, 0x053F, 0x053F, 0x053F, 0x053F, 0x055F, 0x0D5F, 0x0D5F, 0x0D7F, 0x157F, 0x1D7F, 0x1D7F, 0x1D5F,
  0x357F, 0x665F, 0x8F1F, 0x5D37, 0x1129, 0x0846, 0x10C7, 0x0004, 0x6181, 0xFE46, 0xFDC5, 0xFDA5, 0xFDA5, 0xFDA5, 0xFD85, 0xFD85,
  0xFD85, 0xFD85, 0xFDA5, 0xFDA5, 0xFDA6, 0xFDA5, 0xFDA5, 0xFDA5, 0xFDA5, 0xFDA5, 0xFD85, 0xFD85, 0xFD85, 0xFDA5, 0xE2E2, 0xD980,
  0x2040, 0x2967, 0xFFDE, 0xF79E, 0xF79E, 0xF79E, 0xF79E, 0xF79E, 0xF79E, 0xF79E, 0xF79E, 0xF79E, 0xF79E, 0xF79E, 0xF79E, 0xF79E,
  0xF7BF, 0xEF7D, 0xF79E, 0xF79E, 0xF79E, 0xF79E, 0xF79E, 0xF79E, 0xF79E, 0xF77E, 0xFFFF, 0xD55A, 0x0807, 0x0849, 0x0007, 0x71B1,
  0xFBBF, 0xFABF, 0xFB5F, 0xFBBF, 0xFC5F, 0xFD1F, 0xFC5F, 0xE21F, 0x6011, 0x0024, 0x0069, 0x0045, 0x400B, 0xA05E, 0xD25F, 0xFB7F,
  0xFB7F, 0xFADF, 0xFA9F, 0xFA5F, 0xF21F, 0xFA5F, 0x6930, 0x0047, 0x0046, 0x0174, 0x361F, 0x4F1F, 0x369F, 0x36BF, 0x2E9F, 0x2E9F,
  0x269F, 0x267F, 0x267F, 0x1E9F, 0x01AB, 0x0027, 0x00A9, 0x0069, 0x0027, 0x961D, 0xAF9F, 0x46BF, 0x3E9F, 0x2E7F, 0x2E5F, 0x265F,
  0x263F, 0x1E3F, 0x1E1F, 0x1E7F, 0x028E, 0x8881, 0xE145, 0xB8C4, 0xEB84, 0xFDA4, 0xFD64, 0xFD44, 0xFD44, 0xFD44, 0xFD44, 0xFD44,
  0xFD44, 0xFD44, 0xFD44, 0xFD44, 0xFD44, 0xFD23, 0xFD64, 0xFE68, 0xF66B, 0x8C29, 0x2106, 0x0026, 0x10A7, 0x2129, 0x9494, 0xFFFF,
  0xFFFF, 0xFFDF, 0xFFFF, 0xFFFF, 0x7DDE, 0x44BE, 0xB6BE, 0xFFFF, 0xFFFF, 0xFFFF, 0xFFFF, 0xFFFF, 0xFFFF, 0xFFFF, 0xFFFF, 0xFF9A,
  0xFEF4, 0xFE2F, 0xFDED, 0xFEF7, 0xFFFF, 0xFFFF, 0xFFFF, 0xFFFF, 0xFFFF, 0xFFFF, 0xFFFF, 0xFFFF, 0xFFFF, 0xFFFF, 0xFFFF, 0xFFFF,
  0xFFFF, 0xFFFF, 0xFFFF, 0xFFFF, 0xFFFF, 0xFFFF, 0xFFFF, 0xFFFF, 0xFFFF, 0xFFFF, 0xFFFF, 0x859F, 0x031F, 0x03BF, 0x03BF, 0x03FF,
  0x043F, 0x045F, 0x047F, 0x049F, 0x2D3F, 0x8EBF, 0xF7FF, 0xFFFF, 0xFFFF, 0xFFFF, 0xFFFF, 0xFFFF, 0xFFFF, 0xFFDF, 0xFFFF, 0xBDF9,
  0x0067, 0x00EA, 0x00E9, 0x00C9, 0x0047, 0x02B7, 0x047F, 0x04FF, 0x051F, 0x04FF, 0x04DF, 0x04BF, 0x04DF, 0x04DF, 0x04DF, 0x04DF,
  0x04FF, 0x04FF, 0x04FF, 0x051F, 0x051F, 0x051F, 0x051F, 0x051F, 0x053F, 0x053F, 0x053F, 0x055F, 0x055F, 0x0D5F, 0x0D5F, 0x155F,
  0x155F, 0x153F, 0x253F, 0x567F, 0x663D, 0x21EC, 0x0825, 0x0886, 0x0002, 0xBB63, 0xFE47, 0xFD85, 0xFDA5, 0xFD85, 0xFD85, 0xFD85,
  0xFD85, 0xFD85, 0xFD85, 0xFD85, 0xFD85, 0xFD85, 0xFD85, 0xFD85, 0xFD85, 0xFD85, 0xFD85, 0xFD65, 0xFDA5, 0xF443, 0xE9A1, 0x8121,
  0x0001, 0x6B2E, 0xFFFF, 0xEF7E, 0xF79E, 0xF79E, 0xF79E, 0xF79E, 0xF79E, 0xF79E, 0xF79E, 0xF79E, 0xF79E, 0xF79E, 0xF79E, 0xF79E,
  0xF77E, 0xFFDF, 0xF7BF, 0xF77E, 0xF79E, 0xF79E, 0xF79E, 0xF79E, 0xF79E, 0xEF7E, 0xFFFF, 0xB498, 0x0006, 0x0849, 0x0007, 0xC2FA,
  0xFABF, 0xFA9F, 0xFAFF, 0xFB7F, 0xF37F, 0xC95D, 0xA01A, 0x5010, 0x0026, 0x006A, 0x08AA, 0x0068, 0x0003, 0x300A, 0x7017, 0x883B,
  0xC97E, 0xFABF, 0xFA7F, 0xF23F, 0xF21F, 0xFA3F, 0xB9D9, 0x0047, 0x0046, 0x00D0, 0x1CFF, 0x4F3F, 0x367F, 0x2E9F, 0x2E9F, 0x2E7F,
  0x267F, 0x265F, 0x1E3F, 0x1EDF, 0x026E, 0x0005, 0x0088, 0x31AA, 0xA556, 0xDFDF, 0x6EFF, 0x4EBF, 0x367F, 0x2E5F, 0x265F, 0x263F,
  0x1E3F, 0x1E1F, 0x1DFF, 0x165F, 0x0A2E, 0x1003, 0xA143, 0xF164, 0xC8C3, 0xDAA3, 0xFD04, 0xFD84, 0xFD44, 0xFD24, 0xFD24, 0xFD44,
  0xFD44, 0xFD44, 0xFD44, 0xFD44, 0xFD44, 0xFD44, 0xFD44, 0xFD23, 0xFD44, 0xFE27, 0xEE4A, 0x7BA9, 0x10C7, 0x0047, 0x0045, 0x52CE,
  0xEF5D, 0xFFFF, 0xFFDF, 0xFFFF, 0xFFFF, 0xFFFF, 0xFFFF, 0xFFFF, 0xFFFF, 0xFFFF, 0xFFFF, 0xFFFF, 0xFFFE, 0xFF36, 0xFE2D, 0xFD47,
  0xFCA4, 0xFC63, 0xFC43, 0xFC23, 0xFED7, 0xFFFF, 0xFFFF, 0xFFFF, 0xFFFF, 0xFFFF, 0xFFFF, 0xFFFF, 0xFFFF, 0xFFFF, 0xFFFF, 0xFFFF,
  0xFFFF, 0xFFFF, 0xFFFF, 0xFFFF, 0xFFFF, 0xFFFF, 0xFFFF, 0xFFFF, 0xFFFF, 0xFFFF, 0xFFFF, 0xC6FF, 0x031E, 0x035F, 0x03BF, 0x03DF,
  0x03FF, 0x041F, 0x045F, 0x0C9F, 0x0CBF, 0x0CDF, 0x45DF, 0xCF7F, 0xFFFF, 0xFFFF, 0xFFFF, 0xFFFF, 0xFFFF, 0xFFFF, 0xFFDF, 0xFFFF,
  0x5311, 0x0069, 0x010A, 0x00C9, 0x00A8, 0x0046, 0x01B4, 0x031F, 0x03DF, 0x045E, 0x04BF, 0x04FF, 0x04DF, 0x04DF, 0x04BF, 0x04BF,
  0x04DF, 0x04DF, 0x04FF, 0x04FF, 0x04FF, 0x04FF, 0x051F, 0x051F, 0x051F, 0x051F, 0x051F, 0x053F, 0x053F, 0x053F, 0x053F, 0x053F,
  0x053F, 0x0D3F, 0x0D3F, 0x0CFF, 0x259F, 0x463E, 0x21CC, 0x0825, 0x0045, 0x2841, 0xF525, 0xFDE5, 0xFD85, 0xFD85, 0xFD85, 0xFD85,
  0xFD65, 0xFD65, 0xFD65, 0xFD65, 0xFD65, 0xFD65, 0xFD65, 0xFD65, 0xFD65, 0xFD64, 0xFD64, 0xFD64, 0xFD24, 0xEA21, 0xC980, 0x1042,
  0x0003, 0x9CD4, 0xFFFF, 0xEF7E, 0xF79E, 0xF79E, 0xF79E, 0xF79E, 0xF79E, 0xF79E, 0xF79E, 0xF79E, 0xF79E, 0xF77E, 0xF77E, 0xF77E,
  0xF77E, 0xEF7E, 0xF77E, 0xF77E, 0xF77E, 0xF77E, 0xF77E, 0xF77E, 0xF77E, 0xEF7E, 0xFFDF, 0x9BB5, 0x0006, 0x0028, 0x38CC, 0xFB3F,
  0xF9FF, 0xFA7F, 0xFADF, 0xFB3F, 0xF41F, 0x8A76, 0x1067, 0x0005, 0x008A, 0x00AA, 0x00AB, 0x008A, 0x0069, 0x0006, 0x0003, 0x392C,
  0xAB5B, 0xFB3F, 0xF23F, 0xF23F, 0xF21F, 0xE9FF, 0xE9FF, 0x288B, 0x0046, 0x006C, 0x0BDF, 0x473F, 0x367F, 0x2E9F, 0x2E7F, 0x267F,
  0x265F, 0x265F, 0x263F, 0x167F, 0x3D58, 0x8CB3, 0xAE5A, 0xC79F, 0xAFBF, 0x6EFF, 0x56BF, 0x3E7F, 0x2E5F, 0x265F, 0x263F, 0x1E1F,
  0x1E1F, 0x15FF, 0x15FF, 0x0DDF, 0x016B, 0x1846, 0x1843, 0x9141, 0xFA03, 0xD923, 0xC962, 0xEB83, 0xFD24, 0xFD64, 0xFD44, 0xFD24,
  0xFD24, 0xFD24, 0xFD24, 0xFD24, 0xFD24, 0xFD24, 0xFD24, 0xFD44, 0xFD24, 0xFD03, 0xFD44, 0xFE68, 0xCDA9, 0x41E7, 0x0046, 0x0024,
  0x318A, 0xDEFC, 0xFFFF, 0xFFFF, 0xFFFF, 0xFFFF, 0xFFFF, 0xFFFF, 0xFFFF, 0xFFFF, 0xFFFF, 0xFF35, 0xFDEB, 0xFD25, 0xFCE4, 0xFCC5,
  0xFCA5, 0xFC85, 0xFC85, 0xFC02, 0xFD4D, 0xFFFF, 0xFFFF, 0xFFFF, 0xFFFF, 0xFFFF, 0xFFFF, 0xFFFF, 0xFFFF, 0xFFFF, 0xFFFF, 0xFFFF,
  0xFFFF, 0xFFFF, 0xFFFF, 0xFFFF, 0xFFFF, 0xFFFF, 0xFFFF, 0xFFFF, 0xFFFF, 0xFFFF, 0xFFFF, 0xFFFF, 0x95DE, 0x0B3E, 0x031E, 0x035E,
  0x039F, 0x03DF, 0x043F, 0x047F, 0x0C9F, 0x0CDF, 0x04DF, 0x155F, 0xB73F, 0xFFFF, 0xFFFF, 0xFFFF, 0xFFFF, 0xFFFF, 0xFFFF, 0xFFFF,
  0xDF1D, 0x092C, 0x00A9, 0x00E9, 0x00C9, 0x00A8, 0x0066, 0x00EB, 0x01F7, 0x029E, 0x02DF, 0x033F, 0x03FE, 0x049F, 0x04DF, 0x04FF,
  0x04FF, 0x04DF, 0x04DF, 0x04DF, 0x04FF, 0x04FF, 0x04FF, 0x04FF, 0x051F, 0x051F, 0x051F, 0x051F, 0x051F, 0x04FF, 0x04FF, 0x04FF,
  0x04FF, 0x04FF, 0x04FF, 0x051F, 0x04DF, 0x0D3F, 0x357D, 0x1109, 0x0845, 0x0003, 0x79A2, 0xFE06, 0xFD85, 0xFD85, 0xFD65, 0xFD65,
  0xFD65, 0xFD65, 0xFD64, 0xFD44, 0xFD44, 0xFD44, 0xFD44, 0xFD44, 0xFD44, 0xFD44, 0xFD24, 0xFD64, 0xEB42, 0xE980, 0x50C1, 0x0024,
  0x0824, 0xCE59, 0xFFDF, 0xEF7E, 0xF79E, 0xF79E, 0xF79E, 0xF77E, 0xF77E, 0xF77E, 0xF77E, 0xF77E, 0xF77E, 0xF77E, 0xF77E, 0xEF7E,
  0xF77E, 0xF77E, 0xF77E, 0xEF7E, 0xEF7E, 0xEF7E, 0xEF7E, 0xEF7E, 0xEF7E, 0xEF7E, 0xFFBF, 0x7AD1, 0x0006, 0x0006, 0x81F3, 0xFABF,
  0xF1DF, 0xF25F, 0xFA9F, 0xFB1F, 0xFBFF, 0xFDDF, 0xDE1B, 0x6B72, 0x0069, 0x00AA, 0x08CB, 0x00CB, 0x0028, 0x214B, 0xA536, 0xEDDD,
  0xFC1F, 0xFA7F, 0xF23F, 0xF21F, 0xF1FF, 0xE9DF, 0xF9FF, 0x7111, 0x0025, 0x0049, 0x02DC, 0x3EFF, 0x367F, 0x2E7F, 0x265F, 0x265F,
  0x265F, 0x1E3F, 0x1E3F, 0x163F, 0x36BF, 0x5F3F, 0x56FF, 0x4EBF, 0x4E9F, 0x4E9F, 0x3E7F, 0x2E5F, 0x263F, 0x261F, 0x1E1F, 0x15FF,
  0x15FF, 0x15DF, 0x15FF, 0x0D1D, 0x00A7, 0x10A7, 0x20C7, 0x1044, 0x6121, 0xE242, 0xF9C3, 0xD102, 0xD1C2, 0xEB82, 0xFD03, 0xFD64,
  0xFD24, 0xFD03, 0xFD23, 0xFD23, 0xFD23, 0xFD23, 0xFD23, 0xFD23, 0xFD23, 0xFD24, 0xFD03, 0xFCE3, 0xFD84, 0xFE27, 0x7346, 0x0866,
  0x0046, 0x298B, 0xE71D, 0xFFFF, 0xFFFF, 0xFFFF, 0xFFFF, 0xFFFF, 0xFFFF, 0xFF79, 0xFE2C, 0xFD25, 0xFD05, 0xFD06, 0xFCE5, 0xFCA5,
  0xFC85, 0xFC64, 0xFC65, 0xFBA1, 0xFD6F, 0xFFFF, 0xFFFF, 0xFFFF, 0xFFFF, 0xFFFF, 0xFFFF, 0xFFFF, 0xFFFF, 0xFFFF, 0xFFFF, 0xFFFF,
  0xFFFF, 0xFFFF, 0xFFFF, 0xFFFF, 0xFFFF, 0xFFFF, 0xFFFF, 0xFFFF, 0xFFFF, 0xFFFF, 0xFFFF, 0xFFFF, 0xFFFF, 0xDF5F, 0x8DFE, 0x551E,
  0x2C5E, 0x0BDE, 0x03BE, 0x03BE, 0x03FE, 0x043F, 0x049F, 0x04BF, 0x251F, 0xFFFF, 0xFFFF, 0xFFFF, 0xFFFF, 0xFFFF, 0xFFFF, 0xFFDF,
  0xFFFF, 0xB5FA, 0x0088, 0x00A7, 0x00C9, 0x00C9, 0x00EA, 0x0088, 0x0066, 0x00EA, 0x01B2, 0x0219, 0x023E, 0x029F, 0x02DF, 0x037E,
  0x043E, 0x04BF, 0x04FF, 0x04FF, 0x04DF, 0x04DF, 0x04FF, 0x04FF, 0x04FF, 0x04FF, 0x04FF, 0x04FF, 0x04FF, 0x04DF, 0x04DF, 0x04DF,
  0x04DF, 0x04DF, 0x04DF, 0x04DF, 0x04DF, 0x04BF, 0x0D7F, 0x1BB7, 0x1046, 0x0066, 0x0802, 0xD3A3, 0xFE05, 0xFD64, 0xFD64, 0xFD64,
  0xFD64, 0xFD44, 0xFD44, 0xFD44, 0xFD44, 0xFD44, 0xFD24, 0xFD24, 0xFD24, 0xFD24, 0xFD44, 0xFC83, 0xE9C1, 0xA160, 0x0023, 0x0825,
  0x1907, 0xEF5D, 0xF79E, 0xF77E, 0xF77E, 0xF77E, 0xEF7E, 0xEF7E, 0xEF7E, 0xEF7E, 0xEF7E, 0xEF7E, 0xF77E, 0xEF7E, 0xEF7E, 0xEF7E,
  0xEF7E, 0xEF7E, 0xEF7E, 0xEF7E, 0xEF7E, 0xEF7E, 0xEF7E, 0xEF7E, 0xEF7E, 0xEF7E, 0xFF7F, 0x620F, 0x0006, 0x0827, 0xD27B, 0xF9FF,
  0xF1DF, 0xF21F, 0xF25F, 0xFABF, 0xFB5F, 0xFBDF, 0xFCDF, 0xFEFF, 0x9CD6, 0x0089, 0x08EB, 0x0069, 0x31CC, 0xEEBD, 0xFD5F, 0xFB3F,
  0xFA9F, 0xFA7F, 0xF21F, 0xF1FF, 0xE9DF, 0xE1BF, 0xF1BF, 0xB979, 0x0026, 0x0027, 0x01F9, 0x367F, 0x369F, 0x265F, 0x265F, 0x263F,
  0x1E3F, 0x1E3F, 0x1E3F, 0x1E3F, 0x161F, 0x161F, 0x263F, 0x2E5F, 0x2E5F, 0x2E3F, 0x263F, 0x261F, 0x1E1F, 0x1DFF, 0x15DF, 0x15DF,
  0x15BF, 0x159F, 0x0DFF, 0x0375, 0x0825, 0x18C8, 0x18C7, 0x28C8, 0x1866, 0x2882, 0x8981, 0xEA42, 0xF1A2, 0xD0E1, 0xC9A2, 0xEB63,
  0xFCE3, 0xFD43, 0xFD23, 0xFD03, 0xFD03, 0xFD03, 0xFD03, 0xFD03, 0xFD03, 0xFD03, 0xFD03, 0xFD03, 0xFCE3, 0xFCE3, 0xFE05, 0x93C6,
  0x0887, 0x0866, 0x39EC, 0xF79E, 0xFFFF, 0xFFFF, 0xFFFF, 0xFFFF, 0xFF16, 0xFD87, 0xFD46, 0xFD47, 0xFD26, 0xFCE6, 0xFCA5, 0xFC84,
  0xFC44, 0xFC03, 0xFBA2, 0xFC06, 0xFF5B, 0xFFFF, 0xFFFF, 0xFFFF, 0xFFFF, 0xFFFF, 0xFFFF, 0xFFFF, 0xFFFF, 0xFFFF, 0xFFFF, 0xFFFF,
  0xFFFF, 0xFFFF, 0xFFFF, 0xFFFF, 0xFFFF, 0xFFFF, 0xFFFF, 0xFFFF, 0xFFFF, 0xFFFF, 0xFFFF, 0xFFFF, 0xFFFF, 0xFFFF, 0xFFFF, 0xFFFF,
  0xFFFF, 0xDF7F, 0xBEFF, 0x963E, 0x6D9E, 0x4D1E, 0x2CBE, 0x1C7E, 0x7DDF, 0xFFFF, 0xFFFF, 0xFFFF, 0xFFFF, 0xFFFF, 0xFFFF, 0xFFFF,
  0xD6DC, 0x9D17, 0x198C, 0x00A7, 0x00EA, 0x00E9, 0x00E9, 0x00EA, 0x00CA, 0x0089, 0x0046, 0x0086, 0x00EA, 0x0190, 0x01D7, 0x01FC,
  0x021E, 0x027E, 0x031E, 0x03DE, 0x04BF, 0x04FF, 0x04DF, 0x04FF, 0x04FF, 0x04DF, 0x04DF, 0x04DF, 0x04DF, 0x04DF, 0x04BF, 0x04BF,
  0x04BF, 0x04BF, 0x049F, 0x04BF, 0x04BF, 0x049F, 0x04BF, 0x045F, 0x112C, 0x0866, 0x0025, 0x4081, 0xFD04, 0xFD84, 0xFD44, 0xFD44,
  0xFD44, 0xFD44, 0xFD44, 0xFD24, 0xFD24, 0xFD24, 0xFD24, 0xFD24, 0xFD24, 0xFD04, 0xFD04, 0xEA82, 0xD9A0, 0x2861, 0x0846, 0x0005,
  0x424C, 0xFFFF, 0xEF7E, 0xF77E, 0xEF7E, 0xEF7E, 0xEF7E, 0xEF7E, 0xEF7E, 0xEF7E, 0xEF7E, 0xEF7E, 0xEF7E, 0xEF7E, 0xEF7E, 0xEF7E,
  0xEF7E, 0xEF7E, 0xEF7E, 0xEF7E, 0xEF7E, 0xEF7E, 0xEF5E, 0xEF7E, 0xEF5E, 0xEF7E, 0xF71F, 0x496C, 0x0005, 0x38CC, 0xFA9F, 0xE99F,
  0xE9DF, 0xF1FF, 0xF23F, 0xFA7F, 0xFAFF, 0xFB9F, 0xFC3F, 0xFCDF, 0xFE5F, 0x5A51, 0x008B, 0x10AB, 0xDD9B, 0xFCFF, 0xF39F, 0xFB3F,
  0xFA9F, 0xF23F, 0xF1FF, 0xE9DF, 0xE9DF, 0xE1BF, 0xE19F, 0xE9BF, 0x288B, 0x0004, 0x0156, 0x25DF, 0x36BF, 0x263F, 0x263F, 0x1E3F,
  0x1E1F, 0x1E1F, 0x1E1F, 0x1E1F, 0x1E1F, 0x1E1F, 0x1E1F, 0x1E1F, 0x1E1F, 0x1DFF, 0x1DFF, 0x1DFF, 0x15DF, 0x15DF, 0x15BF, 0x15BF,
  0x159F, 0x0D9F, 0x0D7F, 0x0928, 0x0865, 0x18C8, 0x18E8, 0x18C7, 0x20E8, 0x20A7, 0x1044, 0x3082, 0x9982, 0xEA02, 0xF1A2, 0xD101,
  0xC9A1, 0xEB82, 0xFD03, 0xFD23, 0xFD03, 0xFD03, 0xFD03, 0xFD03, 0xFD03, 0xFD03, 0xFD03, 0xFCE3, 0xFCE3, 0xFCE3, 0xFCA2, 0xFDA4,
  0x9386, 0x0887, 0x0045, 0x5B0F, 0xFFFF, 0xFFDF, 0xFFFF, 0xFFFF, 0xFDCE, 0xFCA3, 0xFCC5, 0xFC84, 0xFC44, 0xFC24, 0xFC04, 0xFC26,
  0xFC68, 0xFCEB, 0xFDB1, 0xFF7D, 0xFFFF, 0xFFFF, 0xFFFF, 0xFFFF, 0xFFFF, 0xFFFF, 0xFFFF, 0xFFFF, 0xFFFF, 0xFFFF, 0xFFFF, 0xFFFF,
  0xFFFF, 0xFFFF, 0xFFFF, 0xFFFF, 0xFFFF, 0xFFFF, 0xFFFF, 0xFFFF, 0xFFFF, 0xFFFF, 0xFFFF, 0xFFFF, 0xFFFF, 0xFFFF, 0xFFFF, 0xFFFF,
  0xFFFF, 0xFFFF, 0xFFFF, 0xFFFF, 0xFFFF, 0xFFFF, 0xFFDF, 0xEFBF, 0xFFFF, 0xFFFF, 0xFFFF, 0xFFFF, 0xFFFF, 0xFFFF, 0xEF5E, 0x6392,
  0x092B, 0x00A9, 0x014C, 0x016C, 0x012B, 0x010B, 0x00EA, 0x00E9, 0x00C9, 0x00C9, 0x00CA, 0x00A9, 0x0068, 0x0046, 0x0045, 0x0087,
  0x00EC, 0x0151, 0x0198, 0x01DD, 0x027F, 0x045F, 0x051F, 0x04FF, 0x04FF, 0x04DF, 0x04DF, 0x04DF, 0x04DF, 0x04BF, 0x04BF, 0x04BF,
  0x049F, 0x049F, 0x049F, 0x049F, 0x049F, 0x047F, 0x049F, 0x03FF, 0x01B3, 0x1086, 0x0887, 0x0003, 0x91E1, 0xFDA5, 0xFD44, 0xFD44,
  0xFD44, 0xFD44, 0xFD24, 0xFD24, 0xFD04, 0xFD04, 0xFD04, 0xFD04, 0xFCE4, 0xFD24, 0xF3A3, 0xE981, 0x7100, 0x0024, 0x1087, 0x0004,
  0x7BF0, 0xFFFF, 0xEF5E, 0xF77E, 0xEF7E, 0xEF7E, 0xEF7E, 0xEF7E, 0xEF7E, 0xEF7E, 0xF79E, 0xEF7E, 0xEF7E, 0xEF7E, 0xEF7E, 0xEF7E,
  0xEF7E, 0xEF7E, 0xEF7E, 0xEF7E, 0xEF7E, 0xEF7E, 0xEF7E, 0xEF5E, 0xEF5E, 0xEF7E, 0xEEBF, 0x38EA, 0x0004, 0x89B3, 0xFA5F, 0xE17F,
  0xE9BF, 0xE9DF, 0xF1FF, 0xF23F, 0xFA9F, 0xFB1F, 0xFBBF, 0xFC5F, 0xFCBF, 0xCB9B, 0x0008, 0x6A71, 0xFCFF, 0xF35F, 0xFB5F, 0xFABF,
  0xF25F, 0xF21F, 0xE9DF, 0xE9BF, 0xE1BF, 0xE19F, 0xD97F, 0xE99F, 0x70F2, 0x0003, 0x00D2, 0x151F, 0x36BF, 0x261F, 0x263F, 0x1E1F,
  0x1DFF, 0x1DFF, 0x15FF, 0x15FF, 0x15FF, 0x15FF, 0x15FF, 0x15FF, 0x15DF, 0x15DF, 0x15DF, 0x15BF, 0x15BF, 0x0D9F, 0x0D9F, 0x0D9F,
  0x0D7F, 0x0DDF, 0x2312, 0x0803, 0x18C8, 0x20C7, 0x20E8, 0x2908, 0x20E7, 0x20E7, 0x20C7, 0x2086, 0x1044, 0x3082, 0x8981, 0xEA41,
  0xF1C1, 0xC921, 0xD201, 0xFC42, 0xFD43, 0xFD03, 0xFD03, 0xFCE3, 0xFCE3, 0xFCE3, 0xFCE3, 0xFCE3, 0xFCC3, 0xFCC3, 0xFCC3, 0xFCA2,
  0xFD83, 0x6285, 0x0067, 0x0045, 0xAD57, 0xFFFF, 0xFFDF, 0xFFFF, 0xFF7C, 0xFDD1, 0xFDB1, 0xFDF3, 0xFE55, 0xFEB8, 0xFF1A, 0xFF7C,
  0xFFDE, 0xFFFF, 0xFFFF, 0xFFFF, 0xFFFF, 0xFFFF, 0xFFFF, 0xFFFF, 0xFFFF, 0xFFFF, 0xFFFF, 0xFFFF, 0xFFFF, 0xFFFF, 0xFFFF, 0xFFFF,
  0xFFFF, 0xFFFF, 0xFFFF, 0xFFFF, 0xFFFF, 0xFFFF, 0xFFFF, 0xFFFF, 0xFFFF, 0xFFFF, 0xFFFF, 0xFFFF, 0xFFFF, 0xFFFF, 0xFFFF, 0xFFFF,
  0xFFFF, 0xFFFF, 0xFFFF, 0xFFFF, 0xFFFF, 0xFFFF, 0xFFFF, 0xFFFF, 0xFFFF, 0xFFFF, 0xFFFF, 0xFFFF, 0xFFFF, 0xE71D, 0x29CC, 0x0089,
  0x014B, 0x012B, 0x00CA, 0x00CA, 0x010B, 0x012C, 0x012B, 0x012B, 0x010A, 0x00EA, 0x00C9, 0x00C9, 0x00C9, 0x00A9, 0x0089, 0x0068,
  0x0046, 0x0024, 0x0045, 0x00A8, 0x00EF, 0x01F8, 0x051F, 0x051F, 0x04FF, 0x04DF, 0x04DF, 0x04BF, 0x04BF, 0x04BF, 0x049F, 0x049F,
  0x049F, 0x047F, 0x047F, 0x047F, 0x047F, 0x045F, 0x049F, 0x039F, 0x01B7, 0x10A8, 0x0887, 0x0045, 0x1001, 0xE383, 0xFD84, 0xFD44,
  0xFD44, 0xFD24, 0xFD04, 0xFD04, 0xFCE4, 0xFCE4, 0xFCE3, 0xFCE3, 0xFCE4, 0xFC83, 0xE1C2, 0xC160, 0x0822, 0x1066, 0x0887, 0x0004,
  0xAD56, 0xFFFF, 0xEF5E, 0xF77E, 0xEF7E, 0xEF7E, 0xEF7E, 0xEF7E, 0xF77E, 0xE71D, 0xD67C, 0xF79E, 0xEF5E, 0xEF5E, 0xEF5E, 0xEF5E,
  0xEF7E, 0xEF7E, 0xEF5E, 0xEF5E, 0xEF5E, 0xEF5E, 0xEF5E, 0xEF5E, 0xEF5E, 0xEF9E, 0xE61D, 0x2068, 0x0006, 0xD25B, 0xE99F, 0xE17F,
  0xE19F, 0xE9BF, 0xE9DF, 0xF1FF, 0xF23F, 0xFABF, 0xFB1F, 0xFB7F, 0xFB9F, 0xFB7F, 0x410C, 0xB3B7, 0xFB3F, 0xF2DF, 0xF2BF, 0xF25F,
  0xF21F, 0xE9DF, 0xE9BF, 0xE1BF, 0xE19F, 0xD97F, 0xD97F, 0xE15F, 0xB139, 0x0024, 0x006D, 0x0BFE, 0x2EBF, 0x25FF, 0x1E1F, 0x1DFF,
  0x15FF, 0x15DF, 0x15DF, 0x15DF, 0x15DF, 0x15DF, 0x15BF, 0x15BF, 0x15BF, 0x15BF, 0x159F, 0x159F, 0x159F, 0x0D7F, 0x0D7F, 0x0D7F,
  0x059F, 0x4478, 0x2084, 0x1088, 0x1866, 0x28E7, 0x20C6, 0x1846, 0x18A7, 0x28E8, 0x20E7, 0x20C7, 0x20C7, 0x2086, 0x1044, 0x3082,
  0x99A1, 0xF241, 0xD961, 0xC940, 0xF3C2, 0xFD23, 0xFCE3, 0xFCE3, 0xFCE3, 0xFCE3, 0xFCE3, 0xFCC3, 0xFCC3, 0xFCC2, 0xFCA2, 0xFCA2,
  0xFCA2, 0xECE3, 0x2126, 0x0046, 0x31AA, 0xF7BE, 0xFFFF, 0xFFFF, 0xFFFF, 0xFFFF, 0xFFFF, 0xFFFF, 0xFFFF, 0xFFFF, 0xFFFF, 0xFFFF,
  0xFFFF, 0xFFFF, 0xFFFF, 0xFFFF, 0xFFFF, 0xFFFF, 0xFFFF, 0xFFFF, 0xFFFF, 0xFFFF, 0xFFFF, 0xFFFF, 0xFFFF, 0xFFFF, 0xFFFF, 0xFFFF,
  0xFFFF, 0xFFFF, 0xFFFF, 0xFFFF, 0xFFFF, 0xFFFF, 0xFFFF, 0xFFFF, 0xFFFF, 0xFFFF, 0xFFFF, 0xFFFF, 0xFFFF, 0xFFFF, 0xFFFF, 0xFFFF,
  0xFFFF, 0xFFFF, 0xFFFF, 0xFFFF, 0xFFFF, 0xFFFF, 0xFFFF, 0xFFFF, 0xFFFF, 0xFFFF, 0xFFFF, 0xFFFF, 0xF7BE, 0x320D, 0x0088, 0x014B,
  0x00EA, 0x222E, 0x63F3, 0x53D2, 0x22AF, 0x01AC, 0x010B, 0x00A9, 0x00A9, 0x00CA, 0x00CA, 0x00EA, 0x00EA, 0x00C9, 0x00C9, 0x00A8,
  0x00A9, 0x00A9, 0x0089, 0x0068, 0x0004, 0x0023, 0x2D9C, 0x0D5F, 0x04FF, 0x04DF, 0x04BF, 0x04BF, 0x049F, 0x049F, 0x049F, 0x047F,
  0x047F, 0x045F, 0x045F, 0x045F, 0x045F, 0x045F, 0x047F, 0x033F, 0x0178, 0x10A8, 0x10A8, 0x0866, 0x0004, 0x5102, 0xFDC8, 0xFD44,
  0xFD24, 0xFD04, 0xFD03, 0xFCE3, 0xFCE3, 0xFCE3, 0xFCE3, 0xFCC3, 0xFD03, 0xEB43, 0xD940, 0x40A1, 0x0045, 0x1087, 0x0887, 0x0886,
  0xD6BA, 0xFFBF, 0xEF7E, 0xEF7E, 0xEF7E, 0xEF7E, 0xEF7E, 0xEF5E, 0xF79E, 0xDEDC, 0x7354, 0xEF3E, 0xEF5E, 0xEF5E, 0xEF5E, 0xEF5E,
  0xEF5E, 0xEF5E, 0xEF5E, 0xEF5E, 0xEF5E, 0xEF5E, 0xEF5E, 0xEF5E, 0xEF3E, 0xF79F, 0xD57B, 0x0005, 0x308B, 0xF25F, 0xD93F, 0xE17F,
  0xE17F, 0xE19F, 0xE19F, 0xE9DF, 0xE9FF, 0xF23F, 0xF27F, 0xF2BF, 0xF2BF, 0xF25F, 0xD37C, 0xEB9E, 0xF23F, 0xF27F, 0xF23F, 0xF21F,
  0xE9DF, 0xE9BF, 0xE19F, 0xE19F, 0xD97F, 0xD97F, 0xD15F, 0xD13F, 0xD95F, 0x2048, 0x0008, 0x02DC, 0x269F, 0x1DFF, 0x1DFF, 0x15DF,
  0x15DF, 0x15BF, 0x15BF, 0x15BF, 0x15BF, 0x0DBF, 0x0D9F, 0x0D9F, 0x0D9F, 0x0D7F, 0x0D7F, 0x0D7F, 0x0D5F, 0x155F, 0x057F, 0x055F,
  0x5C78, 0x4925, 0x0025, 0x2907, 0xAD13, 0xE719, 0xD675, 0x946C, 0x4A08, 0x20A6, 0x1867, 0x20A7, 0x20E7, 0x28E7, 0x28E7, 0x2086,
  0x1044, 0x3881, 0xC9E1, 0xE9C1, 0xD9A1, 0xFCC2, 0xFD23, 0xFCE3, 0xFCE3, 0xFCE3, 0xFCC3, 0xFCC3, 0xFCA2, 0xFCA2, 0xFCA2, 0xFCA2,
  0xFC82, 0xFCE2, 0x9304, 0x0087, 0x0066, 0xA557, 0xFFFF, 0xFFDF, 0xFFFF, 0xFFFF, 0xFFFF, 0xFFFF, 0xFFFF, 0xFFFF, 0xFFFF, 0xFFFF,
  0xFFFF, 0xFFFF, 0xFFFF, 0xFFFF, 0xFFFF, 0xFFFF, 0xFFFF, 0xFFFF, 0xFFFF, 0xFFFF, 0xFFFF, 0xFFFF, 0xFFFF, 0xFFFF, 0xFFFF, 0xFFFF,
  0xFFFF, 0xFFFF, 0xFFFF, 0xFFFF, 0xFFFF, 0xFFFF, 0xFFFF, 0xFFFF, 0xFFFF, 0xFFFF, 0xFFFF, 0xFFFF, 0xFFFF, 0xFFFF, 0xFFFF, 0xFFFF,
  0xFFFF, 0xFFFF, 0xFFFF, 0xFFFF, 0xFFFF, 0xFFFF, 0xFFFF, 0xFFFF, 0xFFFF, 0xFFFF, 0xFFDF, 0xFFFF, 0x73D2, 0x0068, 0x014B, 0x0088,
  0x4351, 0xEFBE, 0xF7FF, 0xCFFF, 0xAFBF, 0x971D, 0x7E1A, 0x54B5, 0x2B30, 0x11EC, 0x012A, 0x00A8, 0x0048, 0x0028, 0x0027, 0x0027,
  0x0027, 0x0006, 0x0006, 0x0007, 0x0888, 0x8473, 0x76BF, 0x0CFF, 0x0D1F, 0x04DF, 0x04BF, 0x049F, 0x049F, 0x049F, 0x047F, 0x047F,
  0x045F, 0x045F, 0x043F, 0x043F, 0x043F, 0x043F, 0x045F, 0x02BD, 0x0156, 0x0887, 0x10A8, 0x1087, 0x0005, 0x4A88, 0xFEAC, 0xFD23,
  0xFD24, 0xFD03, 0xFCE3, 0xFCC3, 0xFCC3, 0xFCC3, 0xFCC3, 0xFCA3, 0xFCC3, 0xFAA2, 0x98E0, 0x0023, 0x1066, 0x0887, 0x0046, 0x2989,
  0xF79E, 0xF77E, 0xEF7E, 0xEF7E, 0xEF7E, 0xEF5E, 0xEF5E, 0xEF5E, 0xEF7E, 0xDEDD, 0x41AE, 0xB57B, 0xFFBF, 0xEF5E, 0xEF5E, 0xEF5E,
  0xEF5E, 0xEF5E, 0xEF5E, 0xEF5E, 0xEF5E, 0xEF5E, 0xEF5E, 0xEF3E, 0xEF3E, 0xF7BF, 0xC4BA, 0x0002, 0x7952, 0xF1DF, 0xD11F, 0xD95F,
  0xD95F, 0xD97F, 0xE19F, 0xE1BF, 0xE1DF, 0xE9FF, 0xEA1F, 0xEA1F, 0xEA1F, 0xE9FF, 0xF21F, 0xE9FF, 0xE9FF, 0xE9FF, 0xE9DF, 0xE9DF,
  0xE1BF, 0xE19F, 0xD97F, 0xD97F, 0xD95F, 0xD15F, 0xD13F, 0xC93F, 0xD95F, 0x58B0, 0x0004, 0x01DA, 0x1E5F, 0x1DFF, 0x15DF, 0x15BF,
  0x15BF, 0x159F, 0x0D9F, 0x0D9F, 0x0D7F, 0x0D7F, 0x0D7F, 0x0D7F, 0x0D5F, 0x0D5F, 0x0D5F, 0x0D7F, 0x059F, 0x055F, 0x1CDE, 0x8C16,
  0x6166, 0x0025, 0x1866, 0xC591, 0xFFF8, 0xFEAE, 0xFEAD, 0xFF0D, 0xFEED, 0xCDAC, 0x7B8A, 0x3987, 0x1886, 0x1846, 0x1866, 0x20A7,
  0x28C7, 0x1865, 0x1862, 0xC9C0, 0xF1C0, 0xFD67, 0xFD44, 0xFCE3, 0xFCE3, 0xFCC3, 0xFCC3, 0xFCC3, 0xFCA2, 0xFCA2, 0xFC82, 0xFC82,
  0xFC62, 0xFC62, 0xE422, 0x18E6, 0x0866, 0x4A6D, 0xFFFF, 0xFFFF, 0xFFFF, 0xFFFF, 0xFFFF, 0xFFFF, 0xFFFF, 0xFFFF, 0xFFFF, 0xFFFF,
  0xFFFF, 0xFFFF, 0xFFFF, 0xFFFF, 0xFFFF, 0xFFFF, 0xFFFF, 0xFFFF, 0xFFFF, 0xFFFF, 0xFFFF, 0xFFFF, 0xFFFF, 0xFFFF, 0xFFFF, 0xFFFF,
  0xFFFF, 0xFFFF, 0xFFFF, 0xFFFF, 0xFFFF, 0xFFFF, 0xFFFF, 0xFFFF, 0xFFFF, 0xFFFF, 0xFFFF, 0xFFFF, 0xFFFF, 0xFFFF, 0xFFFF, 0xFFFF,
  0xFFFF, 0xFFFF, 0xFFFF, 0xE7BF, 0xB75F, 0x8EFF, 0x76BF, 0xAF3F, 0xFFFF, 0xFFFF, 0xFFFF, 0xC63A, 0x0088, 0x012A, 0x00C9, 0x2A6E,
  0xCFDF, 0x977F, 0x6EFF, 0x5EBF, 0x4EBF, 0x46BF, 0x56FF, 0x6F7F, 0x777F, 0x7F3F, 0x76DD, 0x65F9, 0x5536, 0x4454, 0x3BB1, 0x3350,
  0x332F, 0x3350, 0x43F2, 0x7516, 0xAEBC, 0x9F1F, 0x2D7F, 0x151F, 0x04FF, 0x04BF, 0x049F, 0x049F, 0x047F, 0x047F, 0x047F, 0x045F,
  0x043F, 0x043F, 0x043F, 0x041F, 0x041F, 0x041F, 0x041F, 0x01FC, 0x0114, 0x0866, 0x10A8, 0x10A7, 0x0025, 0xBD2D, 0xFE28, 0xFD03,
  0xFD04, 0xFCE3, 0xFCC3, 0xFCC3, 0xFCA3, 0xFCA3, 0xFCA3, 0xFCA3, 0xFC43, 0xF201, 0x48A1, 0x0045, 0x1086, 0x08A7, 0x0025, 0x52AD,
  0xFFFF, 0xEF5E, 0xEF7E, 0xEF5E, 0xEF5E, 0xEF5E, 0xEF5E, 0xEF5E, 0xEF7E, 0xDE9E, 0x2108, 0x5AB0, 0xF79F, 0xEF5E, 0xEF5E, 0xEF3E,
  0xEF3E, 0xEF3E, 0xEF5E, 0xEF3E, 0xEF3E, 0xEF3E, 0xEF3E, 0xEF3E, 0xE73E, 0xF79F, 0xA3D7, 0x0002, 0xB9F9, 0xE15F, 0xD11F, 0xD13F,
  0xD15F, 0xD95F, 0xD97F, 0xD99F, 0xD99F, 0xE1BF, 0xE1BF, 0xE1DF, 0xE1DF, 0xE1BF, 0xE19F, 0xE19F, 0xE19F, 0xE19F, 0xE19F, 0xE19F,
  0xD99F, 0xD97F, 0xD95F, 0xD15F, 0xD15F, 0xD13F, 0xC93F, 0xC11F, 0xD13F, 0x9918, 0x0002, 0x0116, 0x15DF, 0x1E1F, 0x15BF, 0x159F,
  0x0D9F, 0x0D7F, 0x0D7F, 0x0D7F, 0x0D5F, 0x0D5F, 0x0D5F, 0x057F, 0x057F, 0x057F, 0x055F, 0x04FF, 0x0C1E, 0x437B, 0x9312, 0x4926,
  0x0067, 0x1068, 0xABEB, 0xFFB6, 0xFDC8, 0xFDA6, 0xFDA6, 0xFD65, 0xFD85, 0xFE27, 0xFECB, 0xF6AC, 0xC56B, 0x83A9, 0x5228, 0x3146,
  0x20A6, 0x2886, 0x0844, 0x7101, 0xFCED, 0xFEF1, 0xFD03, 0xFCE3, 0xFCC3, 0xFCC3, 0xFCA3, 0xFCA2, 0xFCA2, 0xFC82, 0xFC82, 0xFC62,
  0xFC62, 0xFC42, 0xFC62, 0x51A5, 0x0887, 0x10C7, 0xDEDB, 0xFFFF, 0xFFFF, 0xDFBF, 0xD79F, 0xEFDF, 0xFFFF, 0xFFFF, 0xFFFF, 0xFFFF,
  0xFFFF, 0xFFFF, 0xFFFF, 0xFFFF, 0xFFFF, 0xFFFF, 0xFFFF, 0xFFFF, 0xFFFF, 0xFFFF, 0xFFFF, 0xFFFF, 0xFFFF, 0xFFFF, 0xFFFF, 0xFFFF,
  0xFFFF, 0xFFFF, 0xFFFF, 0xFFFF, 0xFFFF, 0xFFFF, 0xFFFF, 0xFFFF, 0xFFFF, 0xFFFF, 0xFFFF, 0xFFFF, 0xFFFF, 0xFFFF, 0xFFFF, 0xFFFF,
  0xFFFF, 0xE7BF, 0x669F, 0x2E1F, 0x15DF, 0x15FF, 0x057F, 0x45BF, 0xFFFF, 0xFFFF, 0xFFFF, 0x428E, 0x0088, 0x010A, 0x00C9, 0x967B,
  0x8F7F, 0x4EBF, 0x469F, 0x367F, 0x265F, 0x1E1F, 0x0DFF, 0x05DF, 0x05DF, 0x0E1F, 0x1E5F, 0x369F, 0x46FF, 0x4F3F, 0x5F3F, 0x673F,
  0x673F, 0x671F, 0x671F, 0x66BF, 0x3DFF, 0x1D3F, 0x153F, 0x0CFF, 0x04DF, 0x049F, 0x049F, 0x047F, 0x047F, 0x045F, 0x045F, 0x043F,
  0x043F, 0x041F, 0x041F, 0x03FF, 0x03FF, 0x041F, 0x037E, 0x015C, 0x00F1, 0x0886, 0x10A8, 0x0846, 0x3166, 0xF6AD, 0xFD44, 0xFD24,
  0xFCE3, 0xFCC3, 0xFCA3, 0xFCA3, 0xFC83, 0xFC83, 0xFC83, 0xFCA3, 0xFB62, 0xC961, 0x1842, 0x1066, 0x0887, 0x08A7, 0x0005, 0x7BD1,
  0xFFFF, 0xEF3D, 0xEF7E, 0xEF5E, 0xEF5E, 0xEF5E, 0xEF5E, 0xEF5E, 0xEF7E, 0xD67D, 0x2929, 0x0845, 0xB57C, 0xF79E, 0xE73E, 0xEF3E,
  0xEF3E, 0xEF3E, 0xEF3E, 0xEF3E, 0xEF3E, 0xEF3E, 0xE73E, 0xEF3E, 0xE71E, 0xFF9F, 0x82F3, 0x1805, 0xEA3F, 0xD0FF, 0xD13F, 0xD13F,
  0xD13F, 0xD15F, 0xD15F, 0xD17F, 0xD17F, 0xD97F, 0xD97F, 0xD99F, 0xD99F, 0xD97F, 0xD97F, 0xD97F, 0xD97F, 0xD97F, 0xD97F, 0xD97F,
  0xD97F, 0xD97F, 0xD15F, 0xD13F, 0xC93F, 0xC93F, 0xC91F, 0xC11F, 0xC11F, 0xC13E, 0x1825, 0x0050, 0x14FF, 0x1E3F, 0x159F, 0x0D9F,
  0x0D7F, 0x0D5F, 0x0D5F, 0x0D5F, 0x0D3F, 0x0D3F, 0x04FF, 0x043E, 0x03DD, 0x037D, 0x031E, 0x12DE, 0x429A, 0x59EE, 0x1085, 0x0046,
  0x1089, 0x71A5, 0xFEF3, 0xFDEA, 0xFD65, 0xFD65, 0xFD44, 0xFD44, 0xFD44, 0xFD24, 0xFD03, 0xFD65, 0xFE07, 0xFE89, 0xFECB, 0xEE8C,
  0xD60D, 0xCDAF, 0xCDF1, 0xEEB2, 0xFF53, 0xFDA7, 0xFD03, 0xFCE3, 0xFCC3, 0xFCA2, 0xFCA2, 0xFC82, 0xFC82, 0xFC82, 0xFC62, 0xFC42,
  0xFC42, 0xFC22, 0xFC61, 0x7A23, 0x0887, 0x0865, 0xA536, 0xFFFF, 0xE79F, 0x15FE, 0x0E1F, 0x263F, 0x569F, 0x9F3F, 0xF7FF, 0xFFFF,
  0xFFFF, 0xFFFF, 0xFFFF, 0xFFFF, 0xFFFF, 0xFFFF, 0xFFFF, 0xFFFF, 0xFFFF, 0xFFFF, 0xFFFF, 0xFFFF, 0xFFFF, 0xFFFF, 0xFFFF, 0xFFFF,
  0xFFFF, 0xFFFF, 0xFFFF, 0xFFFF, 0xFFFF, 0xFFFF, 0xFFFF, 0xFFFF, 0xFFFF, 0xFFFF, 0xFFFF, 0xFFFF, 0xFFFF, 0xFFFF, 0xFFFF, 0xFFFF,
  0xFFFF, 0x561E, 0x055F, 0x159F, 0x1DDF, 0x053F, 0x353F, 0xD75F, 0xFFFF, 0xFFFF, 0xC61A, 0x00A9, 0x012A, 0x0068, 0x3B71, 0x879F,
  0x365F, 0x2E7F, 0x1E3F, 0x161F, 0x15FF, 0x0DFF, 0x0DDF, 0x0DDF, 0x05BF, 0x05BF, 0x059F, 0x059F, 0x057F, 0x057F, 0x057F, 0x055F,
  0x055F, 0x055F, 0x053F, 0x051F, 0x0D1F, 0x151F, 0x0CFF, 0x04BF, 0x049F, 0x049F, 0x047F, 0x045F, 0x045F, 0x043F, 0x043F, 0x041F,
  0x041F, 0x03FF, 0x03FF, 0x03DF, 0x03DF, 0x03FF, 0x025C, 0x111B, 0x00AA, 0x08A7, 0x18C8, 0x0005, 0x83CA, 0xFE6A, 0xFD03, 0xFD04,
  0xFCE3, 0xFCC3, 0xFCA3, 0xFC83, 0xFC83, 0xFC63, 0xFC63, 0xFC83, 0xFA82, 0x9101, 0x0024, 0x1087, 0x0887, 0x08A8, 0x0005, 0x9D15,
  0xFFFF, 0xEF3D, 0xEF5E, 0xEF5E, 0xEF5E, 0xEF5E, 0xEF5E, 0xEF3E, 0xEF7E, 0xCE1C, 0x210A, 0x0003, 0x5250, 0xEF3F, 0xEF5E, 0xEF3E,
  0xEF3E, 0xEF3E, 0xE73E, 0xE73E, 0xE73E, 0xE71E, 0xE73E, 0xE73E, 0xE71D, 0xFF5F, 0x61EF, 0x50AB, 0xF1FF, 0xC8DF, 0xC91F, 0xC91F,
  0xC93F, 0xC93F, 0xC93F, 0xC93F, 0xD13F, 0xD15F, 0xD15F, 0xD13F, 0xC91F, 0xC91F, 0xC91F, 0xC11F, 0xC0FE, 0xC0FF, 0xC91F, 0xD13F,
  0xD15F, 0xD15F, 0xD15F, 0xC93F, 0xC93F, 0xC91F, 0xC11F, 0xC11F, 0xB8FF, 0xC93F, 0x488C, 0x000A, 0x0BFE, 0x1E3F, 0x157F, 0x0D7F,
  0x0D5F, 0x0D3F, 0x0D3F, 0x0D1F, 0x051F, 0x053F, 0x03FD, 0x015B, 0x01FE, 0x023C, 0x0A18, 0x19B0, 0x10C8, 0x0026, 0x0068, 0x18EA,
  0x30A5, 0xEC8A, 0xFEAF, 0xFCE3, 0xFD24, 0xFD04, 0xFD04, 0xFD03, 0xFD03, 0xFD04, 0xFD04, 0xFD03, 0xFCE3, 0xFCE3, 0xFD03, 0xFD65,
  0xFDA6, 0xFDE7, 0xFE09, 0xFDC7, 0xFD44, 0xFD23, 0xFCE3, 0xFCC2, 0xFCA2, 0xFCA2, 0xFC82, 0xFC82, 0xFC62, 0xFC62, 0xFC42, 0xFC42,
  0xFC21, 0xFC01, 0xFC41, 0x9243, 0x08A7, 0x0866, 0x7C12, 0xFFFF, 0xF7DF, 0x5DBD, 0x053E, 0x05DF, 0x059F, 0x053F, 0x3DDF, 0xEFDF,
  0xFFFF, 0xFFFF, 0xFFFF, 0xFFFF, 0xFFFF, 0xFFFF, 0xFFFF, 0xFFFF, 0xFFFF, 0xFFFF, 0xFFFF, 0xFFFF, 0xFFFF, 0xFFFF, 0xFFFF, 0xFFFF,
  0xFFFF, 0xFFFF, 0xFFFF, 0xFFFF, 0xFFFF, 0xFFFF, 0xFFFF, 0xFFFF, 0xFFFF, 0xFFFF, 0xFFFF, 0xFFFF, 0xFFFF, 0xFFFF, 0xFFFF, 0xFFFF,
  0xFFFF, 0x3D7E, 0x053E, 0x053E, 0x049E, 0x6DBE, 0xF7BF, 0xFFFF, 0xFFDF, 0xFFFF, 0x6371, 0x0088, 0x012A, 0x010A, 0x767C, 0x369F,
  0x161F, 0x161F, 0x0DFF, 0x0DDF, 0x05BF, 0x05BF, 0x059F, 0x059F, 0x057F, 0x057F, 0x057F, 0x057F, 0x055F, 0x055F, 0x055F, 0x053F,
  0x053F, 0x053F, 0x051F, 0x051F, 0x04FF, 0x04DF, 0x04BF, 0x049F, 0x047F, 0x047F, 0x045F, 0x043F, 0x043F, 0x041F, 0x041F, 0x03FF,
  0x03FF, 0x03DF, 0x03DF, 0x03BF, 0x03DF, 0x035E, 0x093B, 0x1115, 0x0045, 0x08A8, 0x18A7, 0x18A6, 0xDE2D, 0xFDA6, 0xFD04, 0xFCE3,
  0xFCC3, 0xFCA3, 0xFC83, 0xFC63, 0xFC63, 0xFC63, 0xFC63, 0xFC03, 0xE9C2, 0x50A2, 0x0045, 0x1087, 0x0887, 0x0887, 0x0045, 0xC639,
  0xFFBF, 0xEF3D, 0xEF5E, 0xEF5E, 0xEF5E, 0xEF5E, 0xEF5E, 0xEF3E, 0xEF7E, 0xB57B, 0x10C8, 0x0048, 0x0867, 0xACFB, 0xF79E, 0xE71E,
  0xE73E, 0xE73E, 0xE71E, 0xE71E, 0xE71E, 0xE71E, 0xE71E, 0xE71E, 0xE73E, 0xF6FF, 0x492C, 0x8973, 0xE19F, 0xC0DF, 0xC91F, 0xC91F,
  0xC91F, 0xC11F, 0xC11F, 0xC13F, 0xC13F, 0xC93F, 0x98DD, 0x703C, 0x781D, 0x801F, 0x801F, 0x781F, 0x701E, 0x681E, 0x501B, 0x98BD,
  0xD95F, 0xC95F, 0xC93F, 0xC93F, 0xC11F, 0xC11F, 0xB8FF, 0xB8FF, 0xB0DF, 0xC0FF, 0x78D4, 0x0007, 0x02DC, 0x163F, 0x0D5F, 0x0D5F,
  0x0D3F, 0x0D3F, 0x0D1F, 0x04FF, 0x04FF, 0x04FF, 0x049F, 0x0171, 0x010C, 0x00A8, 0x0045, 0x0025, 0x0068, 0x00A9, 0x18C9, 0x18EA,
  0xA205, 0xFE50, 0xFD67, 0xFCC3, 0xFCE3, 0xFCE3, 0xFCE3, 0xFCC3, 0xFCC3, 0xFCC3, 0xFCC3, 0xFCC3, 0xFCE3, 0xFCE3, 0xFCE3, 0xFCE3,
  0xFCE3, 0xFCE2, 0xFCE2, 0xFCE3, 0xFD03, 0xFCE3, 0xFCC3, 0xFCA2, 0xFC82, 0xFC82, 0xFC62, 0xFC62, 0xFC42, 0xFC42, 0xFC42, 0xFC22,
  0xFC22, 0xFC01, 0xFC21, 0x9A43, 0x10C8, 0x0866, 0x634F, 0xFFFF, 0xFFFF, 0xFFDF, 0x6DBE, 0x04DE, 0x057F, 0x0D7F, 0x04BE, 0xB6FF,
  0xFFFF, 0xFFFF, 0xFFFF, 0xFFFF, 0xFFFF, 0xFFFF, 0xFFFF, 0xFFFF, 0xFFFF, 0xFFFF, 0xFFFF, 0xFFFF, 0xFFFF, 0xFFFF, 0xFFFF, 0xFFFF,
  0xFFFF, 0xFFFF, 0xFFFF, 0xFFFF, 0xFFFF, 0xFFFF, 0xFFFF, 0xFFFF, 0xFFFF, 0xFFFF, 0xFFFF, 0xFFFF, 0xFFFF, 0xFFFF, 0xFFFF, 0xFFFF,
  0xFFFF, 0xC71F, 0x351E, 0x3D1D, 0xB69F, 0xFFFF, 0xFFFF, 0xFFFF, 0xFFFF, 0xF79E, 0x198B, 0x00EA, 0x0088, 0x2B30, 0x5F5F, 0x05FF,
  0x0DFF, 0x05DF, 0x05BF, 0x05BF, 0x059F, 0x057F, 0x055F, 0x055F, 0x055F, 0x053F, 0x053F, 0x051F, 0x051F, 0x051F, 0x051F, 0x04FF,
  0x04FF, 0x04DF, 0x04DF, 0x04DF, 0x04BF, 0x049F, 0x049F, 0x047F, 0x045F, 0x045F, 0x043F, 0x041F, 0x041F, 0x03FF, 0x03FF, 0x03DF,
  0x03DF, 0x03BF, 0x03BF, 0x03BF, 0x03BF, 0x09BB, 0x113C, 0x008A, 0x0066, 0x10C8, 0x0846, 0x5AA8, 0xFECB, 0xFD03, 0xFD04, 0xFCC3,
  0xFCA3, 0xFC83, 0xFC63, 0xFC63, 0xFC42, 0xFC42, 0xFC63, 0xF322, 0xD162, 0x2063, 0x1066, 0x0887, 0x0887, 0x0067, 0x10E7, 0xE71C,
  0xF77E, 0xEF5E, 0xEF5E, 0xEF5E, 0xEF3E, 0xEF3E, 0xEF3E, 0xE73E, 0xEF7E, 0xAD1A, 0x0867, 0x0089, 0x0026, 0x49F0, 0xE6DF, 0xEF3D,
  0xE71E, 0xE73E, 0xE71E, 0xE71E, 0xE71E, 0xE71E, 0xE71E, 0xE71E, 0xE73E, 0xE67F, 0x38A9, 0xC1F9, 0xD13F, 0xC0FF, 0xC0FF, 0xC0FF,
  0xC0FF, 0xC0FF, 0xC11F, 0xC11F, 0xC11F, 0xC11F, 0x703B, 0x781B, 0x883B, 0x803A, 0x8018, 0x8018, 0x7818, 0x6817, 0x4016, 0x789B,
  0xE17F, 0xC93F, 0xC93F, 0xC11F, 0xC0FF, 0xB8FF, 0xB8FF, 0xB0FF, 0xB0DF, 0xB0DF, 0xA0DB, 0x0006, 0x01D9, 0x161F, 0x153F, 0x0D3F,
  0x0D1F, 0x0D1F, 0x04FF, 0x04DF, 0x04DF, 0x04DF, 0x04FF, 0x014A, 0x0005, 0x0048, 0x0069, 0x0089, 0x0089, 0x08A8, 0x18EB, 0x4107,
  0xF3E8, 0xFE4E, 0xFCC3, 0xFCC3, 0xFCC3, 0xFCA3, 0xFCA3, 0xFCA3, 0xFCA2, 0xFCA2, 0xFCA2, 0xFCA2, 0xFCA2, 0xFCA2, 0xFCA2, 0xFCC2,
  0xFCC2, 0xFCC2, 0xFCC3, 0xFCA3, 0xFCA2, 0xFCA2, 0xFC82, 0xFC82, 0xFC62, 0xFC62, 0xFC42, 0xFC42, 0xFC22, 0xFC22, 0xFC22, 0xFC02,
  0xFC01, 0xFBE1, 0xFC01, 0x8A04, 0x10C8, 0x0886, 0x634F, 0xFFFF, 0xFFDF, 0xFFFF, 0xFFFF, 0xA65E, 0x14BD, 0x04BE, 0x0CBE, 0xD77F,
  0xFFFF, 0xFFFF, 0xFFFF, 0xFFFF, 0xFFFF, 0xFFFF, 0xFFFF, 0xFFFF, 0xFFFF, 0xFFFF, 0xFFFF, 0xFFFF, 0xFFFF, 0xFFFF, 0xFFFF, 0xFFFF,
  0xFFFF, 0xFFFF, 0xFFFF, 0xFFFF, 0xFFFF, 0xFFFF, 0xFFFF, 0xFFFF, 0xFFFF, 0xFFFF, 0xFFFF, 0xFFFF, 0xFFFF, 0xFFFF, 0xFFFF, 0xFFFF,
  0xFFFF, 0xFFFF, 0xFFDF, 0xFFFF, 0xFFFF, 0xFFFF, 0xFFFF, 0xFFFF, 0xFFFF, 0xC63A, 0x00A9, 0x012A, 0x00A8, 0x4D98, 0x2EBF, 0x05DF,
  0x0DDF, 0x05BF, 0x059F, 0x057F, 0x055F, 0x055F, 0x053F, 0x053F, 0x051F, 0x051F, 0x04FF, 0x04FF, 0x04FF, 0x04DF, 0x04DF, 0x04BF,
  0x04BF, 0x04BF, 0x049F, 0x049F, 0x049F, 0x047F, 0x047F, 0x045F, 0x043F, 0x043F, 0x041F, 0x03FF, 0x03FF, 0x03DF, 0x03DF, 0x03BF,
  0x03BF, 0x039F, 0x039F, 0x03BF, 0x01FC, 0x195D, 0x1132, 0x0024, 0x08A9, 0x10C8, 0x0846, 0xACEB, 0xFE07, 0xFCE3, 0xFCE3, 0xFCA3,
  0xFC83, 0xFC63, 0xFC43, 0xFC42, 0xFC42, 0xFC22, 0xFC42, 0xF262, 0xA101, 0x0044, 0x1087, 0x0887, 0x08A8, 0x0046, 0x31CA, 0xF7BE,
  0xEF3E, 0xEF3E, 0xEF3E, 0xEF3E, 0xEF3E, 0xEF3E, 0xE73E, 0xE73E, 0xEF5F, 0x9CB8, 0x0067, 0x00AA, 0x0089, 0x0846, 0xA4BA, 0xEF7F,
  0xE71E, 0xE71E, 0xE71E, 0xE71E, 0xE71E, 0xE71E, 0xE71E, 0xE6FE, 0xEF5E, 0xD5DD, 0x408A, 0xD9DE, 0xC0FF, 0xC0FF, 0xC0FF, 0xC0FF,
  0xB8FF, 0xB8FF, 0xB8FF, 0xB8FF, 0xB91F, 0xB0DF, 0x300C, 0x1005, 0x1007, 0x0806, 0x0004, 0x0004, 0x0005, 0x0024, 0x0805, 0x605A,
  0xD19F, 0xC93F, 0xC11F, 0xC0FF, 0xB8FF, 0xB8DF, 0xB0DF, 0xB0DF, 0xA8DF, 0xA8DF, 0xB0FF, 0x2007, 0x00F4, 0x15BF, 0x0D5F, 0x0D1F,
  0x0CFF, 0x04DF, 0x04DF, 0x04DF, 0x04BF, 0x049F, 0x04FF, 0x0272, 0x0027, 0x0089, 0x0088, 0x0089, 0x00A8, 0x10C9, 0x190B, 0x89C6,
  0xFC6B, 0xFD67, 0xFC82, 0xFCA3, 0xFCA3, 0xFCA3, 0xFC83, 0xFC82, 0xFC82, 0xFC82, 0xFC82, 0xFC82, 0xFC82, 0xFC82, 0xFC82, 0xFC82,
  0xFC82, 0xFC82, 0xFC82, 0xFC82, 0xFC82, 0xFC62, 0xFC62, 0xFC42, 0xFC42, 0xFC42, 0xFC42, 0xFC22, 0xFC22, 0xFC01, 0xFC01, 0xFBE1,
  0xFBE1, 0xFBE1, 0xFBC1, 0x5965, 0x10E8, 0x0886, 0x73B1, 0xFFFF, 0xFFDF, 0xFFFF, 0xFFFF, 0xFFFF, 0xDF7F, 0x9E3E, 0xCF3F, 0xFFFF,
  0xFFFF, 0xFFFF, 0xFFFF, 0xFFFF, 0xFFFF, 0xFFFF, 0xFFFF, 0xFFFF, 0xFFFF, 0xFFFF, 0xFFFF, 0xFFFF, 0xFFFF, 0xFFFF, 0xFFFF, 0xFFFF,
  0xFFFF, 0xFFFF, 0xFFFF, 0xFFFF, 0xFFFF, 0xFFFF, 0xFFFF, 0xFFFF, 0xFFFF, 0xFFFF, 0xFFFF, 0xFFFF, 0xFFFF, 0xFFFF, 0xFFFF, 0xFFFF,
  0xFFFF, 0xFFFF, 0xFFFF, 0xFFFF, 0xFFFF, 0xFFFF, 0xFFFF, 0xFFDF, 0xFFFF, 0x9CF6, 0x0068, 0x00EA, 0x01AB, 0x4EDE, 0x0DDF, 0x05BF,
  0x059F, 0x059F, 0x057F, 0x055F, 0x053F, 0x051F, 0x051F, 0x051F, 0x04FF, 0x04FF, 0x04DF, 0x04DF, 0x04BF, 0x04BF, 0x04BF, 0x049F,
  0x049F, 0x047F, 0x047F, 0x047F, 0x045F, 0x045F, 0x043F, 0x043F, 0x041F, 0x041F, 0x03FF, 0x03DF, 0x03DF, 0x03BF, 0x03BF, 0x039F,
  0x039F, 0x03BF, 0x039F, 0x01FC, 0x095D, 0x1997, 0x0044, 0x0088, 0x10A8, 0x1087, 0x2947, 0xF64C, 0xFD44, 0xFCE3, 0xFCA3, 0xFC83,
  0xFC63, 0xFC43, 0xFC42, 0xFC22, 0xFC22, 0xFC22, 0xFBE2, 0xF1C2, 0x60C2, 0x0045, 0x1087, 0x0887, 0x08A8, 0x0026, 0x52CD, 0xFFFF,
  0xE71D, 0xEF3E, 0xEF3E, 0xE73E, 0xE73E, 0xE73E, 0xE73E, 0xE71D, 0xEF3F, 0x9437, 0x0047, 0x00AA, 0x00AA, 0x0026, 0x420F, 0xDEBF,
  0xE73D, 0xE71E, 0xE71E, 0xE71E, 0xE71E, 0xE6FE, 0xE6FE, 0xDEDE, 0xEF5F, 0xBD1A, 0x60ED, 0xD9BF, 0xB8BF, 0xB8FF, 0xB8FF, 0xB8FF,
  0xB8FF, 0xB0DF, 0xB0FF, 0xB0DF, 0xB8FF, 0x907C, 0x0005, 0x0007, 0x0009, 0x0028, 0x0028, 0x0028, 0x0028, 0x0049, 0x0025, 0x4015,
  0xC17F, 0xC93F, 0xC0FF, 0xB8FF, 0xB8DF, 0xB0DF, 0xB0DF, 0xA8DF, 0xA8DF, 0xA0DF, 0xB91F, 0x404C, 0x004F, 0x0D1F, 0x157F, 0x0CFF,
  0x0CDF, 0x04DF, 0x04BF, 0x04BF, 0x049F, 0x047F, 0x04BF, 0x0336, 0x0027, 0x0089, 0x0088, 0x0023, 0x00A8, 0x10C9, 0x190A, 0xB1E7,
  0xF2A8, 0xFCE3, 0xFC83, 0xFC82, 0xFC82, 0xFC83, 0xFC82, 0xFC62, 0xFC62, 0xFC62, 0xFC62, 0xFC62, 0xFC62, 0xFC62, 0xFC62, 0xFC62,
  0xFC62, 0xFC62, 0xFC62, 0xFC42, 0xFC42, 0xFC42, 0xFC42, 0xFC22, 0xFC22, 0xFC22, 0xFC22, 0xFC02, 0xFC01, 0xFBE1, 0xFBE1, 0xFBE1,
  0xFBC1, 0xFBE1, 0xE302, 0x20C6, 0x1908, 0x0066, 0x94D5, 0xFFFF, 0xFFDF, 0xFFFF, 0xFFFF, 0xFFDF, 0xFFFF, 0xFFFF, 0xFFFF, 0xFFFF,
  0xFFFF, 0xFFFF, 0xFFFF, 0xFFFF, 0xFFFF, 0xFFFF, 0xFFFF, 0xFFFF, 0xFFFF, 0xFFFF, 0xFFFF, 0xFFFF, 0xFFFF, 0xFFFF, 0xFFFF, 0xFFFF,
  0xFFFF, 0xFFFF, 0xFFFF, 0xFFFF, 0xFFFF, 0xFFFF, 0xFFFF, 0xFFFF, 0xFFFF, 0xFFFF, 0xFFFF, 0xFFFF, 0xFFFF, 0xFFFF, 0xFFFF, 0xFFFF,
  0xFFFF, 0xFFFF, 0xFFFF, 0xFFFF, 0xFFFF, 0xFFFF, 0xFFFF, 0xFFDF, 0xFFFF, 0x8454, 0x0088, 0x00C9, 0x12CF, 0x36DF, 0x057F, 0x059F,
  0x057F, 0x055F, 0x053F, 0x053F, 0x051F, 0x04FF, 0x04FF, 0x04FF, 0x04DF, 0x04DF, 0x04BF, 0x04BF, 0x049F, 0x049F, 0x047F, 0x047F,
  0x047F, 0x045F, 0x045F, 0x045F, 0x043F, 0x041F, 0x041F, 0x03FF, 0x03FF, 0x03DF, 0x03DF, 0x03BF, 0x03BF, 0x03BF, 0x039F, 0x039F,
  0x03DF, 0x033F, 0x01BB, 0x017E, 0x0998, 0x0045, 0x0067, 0x08A8, 0x10C7, 0x0026, 0x7329, 0xFE49, 0xFCC3, 0xFCC3, 0xFC83, 0xFC63,
  0xFC43, 0xFC22, 0xFC22, 0xFC22, 0xFC02, 0xFC22, 0xF302, 0xE162, 0x2882, 0x0866, 0x0887, 0x0887, 0x08A8, 0x0006, 0x73D1, 0xFFFF,
  0xE71D, 0xEF3E, 0xE73E, 0xE73E, 0xE73E, 0xE71E, 0xE73E, 0xE73D, 0xE73F, 0x83B5, 0x0047, 0x08AA, 0x00AA, 0x008A, 0x0067, 0x9C9B,
  0xEF3F, 0xE6FE, 0xE6FE, 0xE6FE, 0xE6FE, 0xDEFE, 0xDEFE, 0xDEDE, 0xF77F, 0x9BD7, 0x78F1, 0xD95F, 0xB0BF, 0xB8DF, 0xB8DF, 0xB0DF,
  0xB0DF, 0xB0DF, 0xB0DF, 0xA8DF, 0xB0BF, 0x6837, 0x0005, 0x0048, 0x0047, 0x0047, 0x0048, 0x0068, 0x0068, 0x0048, 0x0046, 0x280F,
  0xA91F, 0xC97F, 0xB8FF, 0xB8FF, 0xB0DF, 0xB0DF, 0xA8DF, 0xA8DF, 0xA0DF, 0xA0BF, 0xB0FF, 0x6091, 0x000C, 0x0C3E, 0x0D9F, 0x04DF,
  0x04DF, 0x04BF, 0x049F, 0x047F, 0x047F, 0x045F, 0x047F, 0x03BA, 0x0067, 0x0089, 0x0088, 0x0001, 0x00A9, 0x18EA, 0x190A, 0xA126,
  0xC0A8, 0xD2A5, 0xFC62, 0xFC62, 0xFC42, 0xFC62, 0xFC42, 0xFC62, 0xFC42, 0xFC42, 0xFC42, 0xFC22, 0xFC22, 0xFC22, 0xFC22, 0xFC42,
  0xFC42, 0xFC42, 0xFC22, 0xFC22, 0xFC22, 0xFC22, 0xFC01, 0xFC01, 0xFC02, 0xFC01, 0xFBE1, 0xFBE1, 0xFBE1, 0xFBC1, 0xFBC1, 0xFBC1,
  0xFBC1, 0xFBC1, 0x81A3, 0x10A7, 0x20E7, 0x0886, 0xC659, 0xFFFF, 0xFFDF, 0xFFFF, 0xFFFF, 0xFFFF, 0xFFFF, 0xFFDF, 0xFFFF, 0xFFFF,
  0xFFFF, 0xFFFF, 0xFFFF, 0xFFFF, 0xFFFF, 0xFFFF, 0xFFFF, 0xFFFF, 0xFFFF, 0xFFFF, 0xFFFF, 0xFFFF, 0xFFFF, 0xFFFF, 0xFFFF, 0xFFFF,
  0xFFFF, 0xFFFF, 0xFFFF, 0xFFFF, 0xFFFF, 0xFFFF, 0xFFFF, 0xFFFF, 0xFFFF, 0xFFFF, 0xFFFF, 0xFFFF, 0xFFFF, 0xFFFF, 0xFFFF, 0xFFFF,
  0xFFFF, 0xFFFF, 0xFFFF, 0xFFFF, 0xFFFF, 0xFFFF, 0xFFFF, 0xF7DF, 0xFFFF, 0x8C74, 0x0088, 0x00EA, 0x028F, 0x0E9F, 0x057F, 0x057F,
  0x055F, 0x053F, 0x051F, 0x051F, 0x04FF, 0x04DF, 0x04DF, 0x04DF, 0x04BF, 0x04BF, 0x049F, 0x047F, 0x047F, 0x045F, 0x045F, 0x045F,
  0x045F, 0x043F, 0x043F, 0x043F, 0x041F, 0x041F, 0x03FF, 0x03FF, 0x03DF, 0x03BF, 0x03BF, 0x039F, 0x039F, 0x039F, 0x03BF, 0x037F,
  0x027D, 0x015C, 0x01FF, 0x01B5, 0x0024, 0x0046, 0x0088, 0x08A8, 0x10A8, 0x0866, 0xC52A, 0xFD85, 0xFCA3, 0xFCA3, 0xFC63, 0xFC42,
  0xFC22, 0xFC22, 0xFC02, 0xFC02, 0xFBE2, 0xFC02, 0xF243, 0xB121, 0x0044, 0x1087, 0x0887, 0x0887, 0x08A8, 0x0006, 0x94B4, 0xFFDF,
  0xE71D, 0xE73E, 0xE71E, 0xE71E, 0xE71E, 0xE71E, 0xE71E, 0xE71D, 0xE71F, 0x6B33, 0x0048, 0x08CA, 0x00AA, 0x00CB, 0x0048, 0x39CE,
  0xD63F, 0xE73E, 0xE73E, 0xE71E, 0xE71E, 0xE73E, 0xE73E, 0xDEDD, 0xCDDF, 0x5193, 0x606E, 0xD0FF, 0xB0DF, 0xB0DF, 0xB0BF, 0xB0BF,
  0xA8DF, 0xA8BF, 0xA8BF, 0xA8BF, 0xB0BF, 0x4831, 0x0025, 0x0048, 0x0047, 0x0027, 0x0029, 0x0028, 0x0048, 0x0069, 0x0067, 0x1809,
  0x909D, 0xC99F, 0xB8DF, 0xB0FF, 0xB0DF, 0xA8DF, 0xA8DF, 0xA8DF, 0xA8DF, 0xA09F, 0xA09F, 0x484F, 0x000B, 0x0B9E, 0x0D9F, 0x049F,
  0x04BF, 0x049F, 0x047F, 0x047F, 0x045F, 0x045F, 0x043F, 0x043E, 0x00EA, 0x0068, 0x00A9, 0x0023, 0x0088, 0x10EA, 0x110B, 0x40A6,
  0xD0C9, 0xA04B, 0xB967, 0xF3A4, 0xFC82, 0xFC62, 0xFC42, 0xFC22, 0xFC22, 0xFC22, 0xFC22, 0xFC22, 0xFC02, 0xFC02, 0xFC01, 0xFC01,
  0xFC01, 0xFC01, 0xFC02, 0xFC02, 0xFC02, 0xFC02, 0xFBE2, 0xFBE2, 0xFBE1, 0xFBE1, 0xFBC1, 0xFBC1, 0xFBC1, 0xFBC1, 0xFBA1, 0xFBA1,
  0xFBE2, 0xC261, 0x18A5, 0x20E7, 0x08A7, 0x2989, 0xF7BE, 0xFFFF, 0xFFDF, 0xFFFF, 0xFFFF, 0xFFFF, 0xFFFF, 0xFFFF, 0xFFFF, 0xFFFF,
  0xFFFF, 0xFFFF, 0xFFFF, 0xFFFF, 0xFFFF, 0xFFFF, 0xFFFF, 0xFFFF, 0xFFFF, 0xFFFF, 0xFFFF, 0xFFFF, 0xFFFF, 0xFFFF, 0xFFFF, 0xFFFF,
  0xFFFF, 0xFFFF, 0xFFFF, 0xFFFF, 0xFFFF, 0xFFFF, 0xFFFF, 0xFFFF, 0xFFFF, 0xFFFF, 0xFFFF, 0xFFFF, 0xFFFF, 0xFFFF, 0xFFFF, 0xFFFF,
  0xFFFF, 0xFFFF, 0xFFFF, 0xFFFF, 0xFFFF, 0xFFFF, 0xFFDF, 0xF7DF, 0xFFFF, 0x9D16, 0x00A9, 0x014C, 0x012B, 0x051B, 0x05DF, 0x053F,
  0x053F, 0x051F, 0x04FF, 0x04FF, 0x04DF, 0x04BF, 0x04BF, 0x04BF, 0x049F, 0x049F, 0x047F, 0x045F, 0x045F, 0x045F, 0x043F, 0x043F,
  0x043F, 0x041F, 0x041F, 0x041F, 0x03FF, 0x03FF, 0x03DF, 0x03DF, 0x03BF, 0x03BF, 0x03BF, 0x03BF, 0x039F, 0x033F, 0x025D, 0x019C,
  0x019E, 0x09FC, 0x092E, 0x0023, 0x0047, 0x0087, 0x00A8, 0x08A8, 0x0867, 0x3187, 0xF609, 0xFCA3, 0xFCA3, 0xFC63, 0xFC42, 0xFC22,
  0xFC22, 0xFC02, 0xFC02, 0xFBE2, 0xFC02, 0xFBA2, 0xF1C3, 0x70C1, 0x0045, 0x1087, 0x0066, 0x0086, 0x08C9, 0x0027, 0x7391, 0xFFBF,
  0xE73D, 0xEF5E, 0xEF5E, 0xEF5E, 0xEF5E, 0xEF3E, 0xEF3E, 0xEF5D, 0xD67F, 0x5271, 0x0069, 0x08CB, 0x00AA, 0x00AA, 0x00AA, 0x0046,
  0xA4B9, 0xDE9F, 0xCE3D, 0xC5FD, 0xBD9D, 0xB55D, 0xACFE, 0xA47F, 0xA3BF, 0x20CA, 0x2809, 0xA89F, 0xA0DE, 0xB0DF, 0xB0BF, 0xA8BF,
  0xA8BF, 0xA8BF, 0xA89F, 0xA8BF, 0x987F, 0x200B, 0x0046, 0x0069, 0x0047, 0x0003, 0x0005, 0x0001, 0x0024, 0x0069, 0x0068, 0x0026,
  0x801A, 0xB91F, 0xB8FF, 0xB0FF, 0xB0DF, 0xA8BF, 0x98BF, 0x889E, 0x807E, 0x703E, 0x601B, 0x0805, 0x004C, 0x031F, 0x0D9F, 0x047F,
  0x049F, 0x047F, 0x045F, 0x045F, 0x043F, 0x043F, 0x041F, 0x045F, 0x018E, 0x0047, 0x00AA, 0x0044, 0x0067, 0x08EC, 0x10CA, 0x0087,
  0x5864, 0xC90A, 0xC8AD, 0xB88C, 0xC9C8, 0xEB44, 0xFC22, 0xFC42, 0xFC22, 0xFC02, 0xFC02, 0xFBE2, 0xFBE2, 0xFBE2, 0xFBE2, 0xFBE2,
  0xFBE1, 0xFBE2, 0xFBE2, 0xFBE2, 0xFBE2, 0xFBE2, 0xFBE2, 0xFBC2, 0xFBC1, 0xFBC1, 0xFBA1, 0xFBA1, 0xFBA1, 0xFBA1, 0xFBC1, 0xFBC2,
  0xD282, 0x28A3, 0x18C6, 0x2108, 0x0025, 0x7BF1, 0xFFFF, 0xFFBE, 0xFFDF, 0xFFDF, 0xFFDF, 0xFFFF, 0xFFFF, 0xFFFF, 0xFFFF, 0xFFFF,
  0xFFFF, 0xFFFF, 0xFFFF, 0xFFFF, 0xFFFF, 0xFFFF, 0xFFFF, 0xFFFF, 0xFFFF, 0xFFFF, 0xFFFF, 0xFFFF, 0xFFFF, 0xFFFF, 0xFFFF, 0xFFFF,
  0xFFFF, 0xFFFF, 0xFFFF, 0xFFFF, 0xFFFF, 0xFFFF, 0xFFFF, 0xFFFF, 0xFFFF, 0xFFFF, 0xFFFF, 0xFFFF, 0xFFFF, 0xFFFF, 0xFFFF, 0xFFFF,
  0xFFFF, 0xFFDF, 0xFFDF, 0xFFDF, 0xFFDF, 0xFFDF, 0xF7DF, 0xF7DF, 0xFFFF, 0xCE9B, 0x010A, 0x014C, 0x010A, 0x014B, 0x041A, 0x053F,
  0x053F, 0x051F, 0x04FF, 0x04DF, 0x04BF, 0x049F, 0x049F, 0x047F, 0x047F, 0x045F, 0x045F, 0x043F, 0x043F, 0x043F, 0x043F, 0x041F,
  0x041F, 0x03FF, 0x03FF, 0x03DF, 0x03DF, 0x03DF, 0x03DF, 0x03DF, 0x03DF, 0x039F, 0x033F, 0x029E, 0x01FD, 0x019D, 0x01BF, 0x01FD,
  0x0192, 0x0066, 0x0004, 0x0067, 0x0087, 0x0088, 0x0887, 0x10C8, 0x0026, 0x7368, 0xFDA7, 0xFC42, 0xFC62, 0xFC42, 0xFC22, 0xFC22,
  0xFC02, 0xFBE2, 0xFBE2, 0xFBE2, 0xFC02, 0xF302, 0xE183, 0x3082, 0x0866, 0x08A7, 0x0044, 0x0066, 0x08A9, 0x0088, 0x2949, 0xC55B,
  0xBD7C, 0xBDBC, 0xC5FD, 0xC5FD, 0xC61D, 0xC61D, 0xC61D, 0xBD9D, 0xB4FF, 0x420E, 0x0069, 0x08CB, 0x0089, 0x008A, 0x00CA, 0x006A,
  0x422D, 0xCDFF, 0x9C5F, 0x9C3F, 0x9C5F, 0x9C3F, 0x9C1E, 0x93DA, 0x524F, 0x0025, 0x1006, 0x881C, 0x903F, 0x803E, 0x803E, 0x885E,
  0x885E, 0x885E, 0x885E, 0x885F, 0x801C, 0x0847, 0x0068, 0x0069, 0x0047, 0x0005, 0x0004, 0x0001, 0x0003, 0x0069, 0x0069, 0x0066,
  0x6815, 0xB05F, 0x805D, 0x805E, 0x783E, 0x703F, 0x701F, 0x701F, 0x701F, 0x681B, 0x200A, 0x0024, 0x004A, 0x029E, 0x0D7F, 0x047F,
  0x047F, 0x045F, 0x043F, 0x041F, 0x041F, 0x03FF, 0x03FF, 0x045F, 0x0232, 0x0027, 0x00AA, 0x0066, 0x0001, 0x00CB, 0x08A9, 0x08A9,
  0x0066, 0x2043, 0x9107, 0xD92C, 0xD0AE, 0xB8AC, 0xB948, 0xD246, 0xF343, 0xFBE2, 0xFC02, 0xFC02, 0xFBE2, 0xFBE2, 0xFBC2, 0xFBC2,
  0xFBC2, 0xFBC2, 0xFBC2, 0xFBC2, 0xFBC2, 0xFBC2, 0xFBC2, 0xFBC2, 0xFBA2, 0xFBA1, 0xFBA1, 0xFBA1, 0xFBA1, 0xFB81, 0xFB22, 0xC1C1,
  0x2863, 0x20C6, 0x20E7, 0x10C7, 0x10C6, 0xE6FB, 0xFFFF, 0xFFDE, 0xFFDE, 0xFFDE, 0xFFDE, 0xFFDF, 0xFFDF, 0xFFFF, 0xFFFF, 0xFFFF,
  0xFFFF, 0xFFFF, 0xFFFF, 0xFFFF, 0xFFFF, 0xFFFF, 0xFFFF, 0xFFFF, 0xFFFF, 0xFFFF, 0xFFFF, 0xFFFF, 0xFFFF, 0xFFFF, 0xFFFF, 0xFFFF,
  0xFFFF, 0xFFFF, 0xFFFF, 0xFFFF, 0xFFFF, 0xFFFF, 0xFFFF, 0xFFFF, 0xFFFF, 0xFFFF, 0xFFFF, 0xFFFF, 0xFFFF, 0xFFFF, 0xFFFF, 0xFFDF,
  0xFFDF, 0xFFDF, 0xF7DF, 0xF7DF, 0xF7DF, 0xF7DF, 0xF7BF, 0xF7BF, 0xEFBF, 0xFFDF, 0x426E, 0x00CA, 0x014B, 0x00E9, 0x00A9, 0x0297,
  0x03DF, 0x043F, 0x049F, 0x04BF, 0x04DF, 0x04BF, 0x04BF, 0x049F, 0x047F, 0x047F, 0x045F, 0x043F, 0x043F, 0x043F, 0x043F, 0x043F,
  0x041F, 0x041F, 0x03FF, 0x03FF, 0x03DF, 0x039F, 0x033E, 0x02DE, 0x025D, 0x01FD, 0x01BE, 0x01BE, 0x01DD, 0x01F8, 0x0170, 0x0087,
  0x0024, 0x0047, 0x0067, 0x0067, 0x00A9, 0x0044, 0x0086, 0x10C8, 0x0047, 0xA426, 0xFD04, 0xFC42, 0xFC22, 0xFC22, 0xFC02, 0xFC02,
  0xFBE2, 0xFBE2, 0xFBE2, 0xFBE2, 0xFBE2, 0xF203, 0xB982, 0x0844, 0x1087, 0x08A8, 0x0022, 0x0044, 0x08A9, 0x08A8, 0x0066, 0x628E,
  0xB4DA, 0xB4FC, 0xB51E, 0xB51F, 0xB51F, 0xACFF, 0xACDF, 0xB4FF, 0xB53B, 0x1909, 0x008A, 0x00CB, 0x0045, 0x0067, 0x00CC, 0x00CC,
  0x008A, 0x3A0D, 0x7353, 0x6B13, 0x5290, 0x39AC, 0x18E8, 0x0046, 0x0028, 0x004B, 0x0027, 0x280B, 0x8837, 0xA03C, 0xA83F, 0xA01F,
  0xA01F, 0x981F, 0x981F, 0xB01F, 0x500E, 0x0067, 0x0069, 0x0068, 0x0002, 0x0002, 0x0001, 0x0001, 0x0004, 0x006A, 0x008A, 0x008A,
  0x286C, 0xB07B, 0x801D, 0x781C, 0x801B, 0x7819, 0x6815, 0x5031, 0x300B, 0x1026, 0x0067, 0x0069, 0x0067, 0x027B, 0x04FF, 0x04BF,
  0x047F, 0x045F, 0x045F, 0x043F, 0x041F, 0x03FF, 0x03BF, 0x03BF, 0x018F, 0x0047, 0x00AA, 0x0087, 0x0000, 0x0024, 0x00CB, 0x08A9,
  0x10A9, 0x0869, 0x0026, 0x2865, 0x78E7, 0xC12A, 0xD90B, 0xC0AC, 0xB88B, 0xB908, 0xC1A6, 0xDA84, 0xF323, 0xFB82, 0xFBA2, 0xFBE2,
  0xFBE2, 0xFBE2, 0xFBE2, 0xFBE2, 0xFBE2, 0xFBE2, 0xFBE2, 0xFBE2, 0xFBC2, 0xFBA1, 0xFB61, 0xF302, 0xF2A2, 0xEA22, 0x8901, 0x1842,
  0x20C6, 0x28E7, 0x2108, 0x0004, 0x9493, 0xFFFF, 0xFF9D, 0xFFBE, 0xFFBE, 0xFFDE, 0xFFDE, 0xFFDE, 0xFFDE, 0xFFDF, 0xFFDF, 0xFFDF,
  0xFFDF, 0xFFDF, 0xFFFF, 0xFFDF, 0xFFFF, 0xFFFF, 0xFFFF, 0xFFFF, 0xFFFF, 0xFFFF, 0xFFFF, 0xFFFF, 0xFFFF, 0xFFFF, 0xFFFF, 0xFFFF,
  0xFFFF, 0xFFFF, 0xFFFF, 0xFFFF, 0xFFFF, 0xFFFF, 0xFFFF, 0xFFFF, 0xFFFF, 0xFFFF, 0xFFFF, 0xFFFF, 0xFFFF, 0xFFDF, 0xFFDF, 0xFFDF,
  0xF7DF, 0xF7DF, 0xF7DF, 0xF7BF, 0xF7BF, 0xEFBF, 0xEF9F, 0xEF9F, 0xE77F, 0xF7FF, 0xAD98, 0x0067, 0x014B, 0x012B, 0x00EA, 0x0088,
  0x014F, 0x0239, 0x02BE, 0x02FF, 0x033F, 0x035E, 0x039E, 0x03BE, 0x03BE, 0x03BE, 0x03DE, 0x03BE, 0x03BE, 0x039E, 0x039E, 0x037E,
  0x033E, 0x02FE, 0x02BE, 0x027E, 0x021E, 0x01FF, 0x01DF, 0x01DF, 0x01DE, 0x01DB, 0x01B7, 0x0150, 0x00A9, 0x0045, 0x0025, 0x0047,
  0x0068, 0x0067, 0x0088, 0x0088, 0x0023, 0x0000, 0x00A8, 0x10C8, 0x0068, 0x8284, 0xFCA3, 0xFC42, 0xFC42, 0xFC22, 0xFC02, 0xFC02,
  0xFBE2, 0xFBC2, 0xFBA2, 0xF342, 0xE223, 0xF9A4, 0x7942, 0x0026, 0x1087, 0x0088, 0x0001, 0x0000, 0x08A8, 0x08A8, 0x08A8, 0x0066,
  0x1908, 0x318A, 0x41EB, 0x4A4D, 0x526D, 0x526E, 0x526E, 0x4A4D, 0x1909, 0x0089, 0x00CA, 0x00CC, 0x0003, 0x0002, 0x00CC, 0x00CB,
  0x00CC, 0x008A, 0x0049, 0x0049, 0x0029, 0x0029, 0x004A, 0x006B, 0x008B, 0x0069, 0x0029, 0x0028, 0x0006, 0x1827, 0x302A, 0x482C,
  0x580E, 0x582F, 0x582E, 0x3009, 0x0045, 0x0069, 0x0069, 0x0067, 0x5A0D, 0x626F, 0x6AB0, 0x6270, 0x0009, 0x004B, 0x00AA, 0x008A,
  0x008A, 0x1049, 0x2809, 0x1807, 0x1025, 0x0024, 0x0024, 0x0044, 0x0066, 0x0068, 0x0069, 0x00AA, 0x0067, 0x02F8, 0x03DF, 0x03BE,
  0x037E, 0x037E, 0x033E, 0x02FE, 0x02BF, 0x029F, 0x027F, 0x01D8, 0x008A, 0x0089, 0x00AA, 0x0046, 0x0000, 0x0001, 0x0025, 0x00CB,
  0x08CA, 0x08A9, 0x1089, 0x0868, 0x0045, 0x1044, 0x4084, 0x80C6, 0xB8E9, 0xC8EA, 0xC8AB, 0xC8AA, 0xC0C8, 0xC107, 0xC946, 0xC985,
  0xD1C4, 0xDA24, 0xE243, 0xE263, 0xEA83, 0xE283, 0xE283, 0xE263, 0xE223, 0xE203, 0xE1C3, 0xD1A3, 0xA942, 0x48A2, 0x0863, 0x20C6,
  0x28E7, 0x2928, 0x0025, 0x52AC, 0xFFDE, 0xFF9C, 0xFF9D, 0xFFBD, 0xFFBD, 0xFFBE, 0xFFBE, 0xFFDE, 0xFFDE, 0xFFDE, 0xFFDE, 0xFFDF,
  0xFFDF, 0xFFDF, 0xFFFF, 0xFFDF, 0xFFFF, 0xFFFF, 0xFFFF, 0xFFFF, 0xFFFF, 0xFFFF, 0xFFFF, 0xFFFF, 0xFFFF, 0xFFFF, 0xFFFF, 0xFFFF,
  0xFFFF, 0xFFFF, 0xFFFF, 0xFFFF, 0xFFFF, 0xFFFF, 0xFFFF, 0xFFFF, 0xFFFF, 0xFFFF, 0xFFDF, 0xFFDF, 0xFFDF, 0xFFDF, 0xF7DF, 0xF7DF,
  0xF7BF, 0xF7BF, 0xEFBF, 0xEFBF, 0xEF9F, 0xEF9F, 0xE77F, 0xE77F, 0xE77F, 0xDF5F, 0xEFDF, 0x6372, 0x0068, 0x016C, 0x012B, 0x010B,
  0x00A9, 0x00A7, 0x012C, 0x01B2, 0x0217, 0x025B, 0x025E, 0x025F, 0x023F, 0x023F, 0x023F, 0x023F, 0x023F, 0x023F, 0x023F, 0x021F,
  0x021F, 0x021E, 0x01FE, 0x021D, 0x01FB, 0x01D8, 0x01B4, 0x014F, 0x00CA, 0x0087, 0x0025, 0x0026, 0x0047, 0x0048, 0x0068, 0x0067,
  0x0088, 0x00A9, 0x0867, 0x0822, 0x0000, 0x0000, 0x0067, 0x08C8, 0x10A8, 0x1886, 0xCA02, 0xFA62, 0xEA62, 0xEA63, 0xEA42, 0xE222,
  0xE202, 0xE1E2, 0xE1A3, 0xD963, 0xE963, 0xEA22, 0x2083, 0x0867, 0x08A8, 0x0066, 0x0000, 0x4A07, 0x10C7, 0x00AA, 0x08A9, 0x08A9,
  0x0069, 0x0048, 0x0027, 0x0006, 0x0006, 0x0006, 0x0027, 0x0027, 0x0069, 0x00AA, 0x00CA, 0x0069, 0x0844, 0x1084, 0x0029, 0x00CC,
  0x00CC, 0x00EC, 0x00ED, 0x00CD, 0x00CC, 0x00AC, 0x00AB, 0x00AB, 0x008A, 0x006B, 0x006A, 0x0048, 0x0028, 0x0028, 0x0027, 0x0006,
  0x0026, 0x0026, 0x0026, 0x0026, 0x0068, 0x0089, 0x0048, 0x396D, 0xE55F, 0xDCFF, 0xE53F, 0xDD3F, 0x20EC, 0x0009, 0x008B, 0x0088,
  0x0089, 0x006A, 0x0048, 0x0047, 0x0048, 0x0068, 0x0068, 0x0068, 0x0089, 0x0089, 0x0089, 0x00AA, 0x0089, 0x022F, 0x03DF, 0x021F,
  0x025F, 0x027F, 0x029F, 0x027F, 0x027D, 0x027B, 0x0215, 0x00CB, 0x00AB, 0x00A9, 0x0068, 0x3188, 0x1082, 0x0003, 0x0025, 0x0026,
  0x0069, 0x08AA, 0x08C9, 0x08A8, 0x1088, 0x0888, 0x0067, 0x0046, 0x0844, 0x2863, 0x58A4, 0x80E5, 0xA125, 0xB926, 0xC946, 0xD126,
  0xD126, 0xD945, 0xD945, 0xD945, 0xD945, 0xD964, 0xD164, 0xD164, 0xC163, 0xA963, 0x7102, 0x38A1, 0x1043, 0x1885, 0x28E7, 0x28E7,
  0x2928, 0x0025, 0x420A, 0xF77B, 0xFF9C, 0xFF7C, 0xFF9C, 0xFF9D, 0xFF9D, 0xFFBD, 0xFFBD, 0xFFBE, 0xFFBE, 0xFFDE, 0xFFDE, 0xFFDE,
  0xFFDE, 0xFFDF, 0xFFDF, 0xFFFF, 0xFFDF, 0xFFFF, 0xFFFF, 0xFFFF, 0xFFFF, 0xFFFF, 0xFFFF, 0xFFFF, 0xFFFF, 0xFFFF, 0xFFFF, 0xFFFF,
  0xFFFF, 0xFFFF, 0xFFFF, 0xFFFF, 0xFFFF, 0xFFFF, 0xFFFF, 0xFFFF, 0xFFDF, 0xFFDF, 0xFFDF, 0xFFDF, 0xF7DF, 0xF7DF, 0xF7BF, 0xF7BF,
  0xEFBF, 0xEF9F, 0xEF9F, 0xE79F, 0xE77F, 0xE77F, 0xDF5F, 0xDF5F, 0xD75F, 0xD73F, 0xCF3F, 0xD75F, 0x4AF1, 0x0069, 0x012C, 0x012C,
  0x010C, 0x00EB, 0x00A9, 0x0087, 0x0086, 0x00C8, 0x010A, 0x012C, 0x014E, 0x016F, 0x0190, 0x0191, 0x0191, 0x0191, 0x0190, 0x0170,
  0x014E, 0x010C, 0x00EB, 0x00A8, 0x0086, 0x0045, 0x0025, 0x0026, 0x0047, 0x0048, 0x0068, 0x0068, 0x0088, 0x0088, 0x00A9, 0x00A9,
  0x0088, 0x0845, 0x0823, 0x0001, 0x0000, 0x2924, 0x2149, 0x0888, 0x10C8, 0x10A9, 0x48C5, 0xC1E1, 0xE221, 0xE221, 0xE202, 0xE202,
  0xE202, 0xD9E2, 0xC9E2, 0xB9C1, 0x9161, 0x3082, 0x0046, 0x1087, 0x08A9, 0x0046, 0x0022, 0xDDD5, 0x7B0B, 0x0005, 0x00CB, 0x00AA,
  0x00A9, 0x00A9, 0x00A9, 0x0089, 0x0088, 0x0088, 0x0089, 0x00A9, 0x00A9, 0x00A9, 0x008B, 0x0008, 0x39EE, 0x841A, 0x004E, 0x006F,
  0x008C, 0x00AB, 0x00CC, 0x00CC, 0x00AC, 0x00AC, 0x00AC, 0x008C, 0x0029, 0x0005, 0x004E, 0x004B, 0x0047, 0x0046, 0x0047, 0x0048,
  0x0048, 0x0048, 0x0047, 0x0047, 0x0067, 0x0069, 0x0008, 0x9339, 0xCC5F, 0xBBFE, 0xBBFE, 0xD45F, 0x6A33, 0x0007, 0x082C, 0x006B,
  0x0089, 0x0089, 0x0089, 0x0089, 0x0069, 0x0069, 0x0069, 0x0069, 0x008A, 0x0068, 0x0068, 0x00CB, 0x00EC, 0x008A, 0x010B, 0x0190,
  0x01D0, 0x01AF, 0x016D, 0x010B, 0x00C9, 0x0087, 0x0046, 0x00AA, 0x00AA, 0x00CA, 0x0006, 0xA450, 0xCD54, 0x18E6, 0x0005, 0x0047,
  0x0046, 0x0047, 0x0068, 0x08A9, 0x08C9, 0x08C9, 0x10C9, 0x10A8, 0x0888, 0x0087, 0x0067, 0x0046, 0x0045, 0x1064, 0x2884, 0x38A3,
  0x50E3, 0x5903, 0x6103, 0x6922, 0x6922, 0x6102, 0x50E2, 0x38A2, 0x2883, 0x1863, 0x1064, 0x18A5, 0x20C6, 0x2907, 0x2928, 0x18C7,
  0x0024, 0x5ACB, 0xF739, 0xFF7A, 0xFF5A, 0xFF7B, 0xFF7B, 0xFF7C, 0xFF9C, 0xFF9C, 0xFF9D, 0xFF9D, 0xFFBD, 0xFFBE, 0xFFBE, 0xFFDE,
  0xFFDE, 0xFFDE, 0xFFDF, 0xFFDF, 0xFFDF, 0xFFFF, 0xFFFF, 0xFFFF, 0xFFFF, 0xFFFF, 0xFFFF, 0xFFFF, 0xFFFF, 0xFFFF, 0xFFFF, 0xFFFF,
  0xFFFF, 0xFFFF, 0xFFFF, 0xFFFF, 0xFFFF, 0xFFFF, 0xFFFF, 0xFFDF, 0xFFDF, 0xFFDF, 0xF7DF, 0xF7DF, 0xF7BF, 0xF7BF, 0xEFBF, 0xEF9F,
  0xEF9F, 0xE79F, 0xE77F, 0xDF7F, 0xDF5F, 0xD73F, 0xD73F, 0xCF1F, 0xCF1F, 0xC71F, 0xBEFF, 0xBEDF, 0xBF1F, 0x63F5, 0x00CA, 0x00A9,
  0x010B, 0x010A, 0x010A, 0x010B, 0x00EA, 0x00CA, 0x0088, 0x0067, 0x0067, 0x0046, 0x0046, 0x0046, 0x0046, 0x0046, 0x0046, 0x0046,
  0x0046, 0x0047, 0x0047, 0x0068, 0x0088, 0x0089, 0x0089, 0x0088, 0x0088, 0x0088, 0x0089, 0x00AA, 0x00AA, 0x00A9, 0x0088, 0x0066,
  0x0025, 0x0003, 0x0002, 0x20C4, 0x7B2C, 0xF657, 0x8BAE, 0x0047, 0x10E9, 0x18C8, 0x10A8, 0x1864, 0x30A2, 0x38C2, 0x38C2, 0x38C2,
  0x2882, 0x2063, 0x1043, 0x0824, 0x0025, 0x0046, 0x1086, 0x08A8, 0x00A9, 0x0007, 0x3989, 0xF5D5, 0xE554, 0x6165, 0x2065, 0x08AA,
  0x08AB, 0x00AB, 0x00AB, 0x00AB, 0x00AC, 0x00AC, 0x00AC, 0x00AD, 0x008C, 0x006C, 0x004E, 0x006D, 0x6B5A, 0x8C7F, 0x4277, 0x0050,
  0x0070, 0x006F, 0x006F, 0x006F, 0x006F, 0x0070, 0x0050, 0x000D, 0x0006, 0x0825, 0x000D, 0x082F, 0x182E, 0x182E, 0x184D, 0x184D,
  0x104D, 0x104C, 0x184C, 0x184D, 0x104D, 0x000A, 0x4172, 0xC39F, 0xB35F, 0xB35F, 0xBB7F, 0xBB7F, 0xB33E, 0x188B, 0x000A, 0x082C,
  0x086D, 0x008C, 0x008C, 0x008C, 0x008C, 0x00AC, 0x00AC, 0x00AC, 0x0028, 0x0000, 0x0025, 0x00CC, 0x00CA, 0x00AB, 0x0048, 0x0026,
  0x0026, 0x0026, 0x0027, 0x0047, 0x0068, 0x0089, 0x00A9, 0x00AA, 0x00CA, 0x0027, 0x39A8, 0xE5D5, 0xEE36, 0xDD94, 0x628B, 0x0866,
  0x0006, 0x0047, 0x0867, 0x0867, 0x0887, 0x08A9, 0x08CA, 0x08C9, 0x08C9, 0x10C9, 0x10C9, 0x10A8, 0x10A8, 0x10A8, 0x0887, 0x0887,
  0x0066, 0x0066, 0x0046, 0x0046, 0x0866, 0x0866, 0x0886, 0x1086, 0x18A6, 0x20C7, 0x20E7, 0x2107, 0x2108, 0x18E8, 0x0046, 0x2106,
  0xA4AF, 0xFF78, 0xFF38, 0xFF18, 0xFF39, 0xFF5A, 0xFF5A, 0xFF5B, 0xFF7B, 0xFF7C, 0xFF9C, 0xFF9C, 0xFF9D, 0xFFBD, 0xFFBD, 0xFFBE,
  0xFFDE, 0xFFDE, 0xFFDE, 0xFFDE, 0xFFDF, 0xFFDF, 0xFFFF, 0xFFFF, 0xFFFF, 0xFFFF, 0xFFFF, 0xFFFF, 0xFFFF, 0xFFFF, 0xFFFF, 0xFFFF,
  0xFFFF, 0xFFFF, 0xFFFF, 0xFFFF, 0xFFFF, 0xFFFF, 0xFFFF, 0xFFDF, 0xFFDF, 0xF7DF, 0xF7DF, 0xF7BF, 0xF7BF, 0xEFBF, 0xEF9F, 0xE79F,
  0xE77F, 0xE77F, 0xDF5F, 0xD73F, 0xD71F, 0xCF1F, 0xC6FF, 0xBEFF, 0xBEDF, 0xB6BF, 0xB6BF, 0xAE9F, 0xA69F, 0xB71F, 0x8DBB, 0x2A71,
  0x00AA, 0x00CA, 0x010B, 0x010A, 0x00EA, 0x00EA, 0x00EA, 0x00EA, 0x00EA, 0x00CA, 0x00CA, 0x00CA, 0x00CA, 0x00C9, 0x00C9, 0x00A9,
  0x00A9, 0x00A9, 0x00A9, 0x00A9, 0x00A9, 0x00A9, 0x00AA, 0x00CB, 0x00CB, 0x00AB, 0x00AA, 0x00A9, 0x0088, 0x0046, 0x0005, 0x0004,
  0x0024, 0x2968, 0x7BB0, 0xCD96, 0xEE18, 0xE5F6, 0xDD74, 0x2128, 0x00AA, 0x1109, 0x18C8, 0x1887, 0x1067, 0x0846, 0x0846, 0x0846,
  0x0846, 0x0866, 0x1066, 0x1087, 0x1087, 0x10A7, 0x08A8, 0x00A8, 0x0847, 0x0006, 0xA3EF, 0xED53, 0xDCF3, 0xD4B3, 0x7208, 0x2085,
  0x1067, 0x1089, 0x088A, 0x00AB, 0x00CC, 0x00CD, 0x00CD, 0x00AD, 0x008C, 0x004C, 0x086E, 0x5299, 0x73BF, 0x635F, 0x739F, 0x3A38,
  0x08AF, 0x004E, 0x004E, 0x004E, 0x002E, 0x004E, 0x006E, 0x10AE, 0x3976, 0x623D, 0x20F3, 0x002B, 0x000B, 0x100F, 0x2010, 0x2811,
  0x2811, 0x2811, 0x2811, 0x2010, 0x082D, 0x3912, 0xAA9E, 0xAADF, 0xAADF, 0xAADF, 0xAAFF, 0xAAFF, 0xAAFF, 0x927B, 0x208D, 0x0008,
  0x0049, 0x00AB, 0x00AC, 0x00AC, 0x00AB, 0x008B, 0x008B, 0x00AA, 0x298D, 0x1085, 0x0007, 0x008C, 0x00CB, 0x00AA, 0x00A9, 0x0089,
  0x0089, 0x0089, 0x0089, 0x0089, 0x0089, 0x0089, 0x0089, 0x0089, 0x0048, 0x31AA, 0xCD54, 0xDDB6, 0xD574, 0xDD94, 0xF5F4, 0xC4F0,
  0x6A8A, 0x10A7, 0x0006, 0x0026, 0x1066, 0x18A6, 0x20A6, 0x18A7, 0x10C7, 0x10C8, 0x08C9, 0x08C9, 0x08C9, 0x08C9, 0x10C8, 0x10C7,
  0x10C7, 0x18C7, 0x18C7, 0x18C7, 0x18C7, 0x18E7, 0x18E7, 0x18E8, 0x18E8, 0x18E8, 0x10C8, 0x10C7, 0x1086, 0x30E4, 0x8B89, 0xEEB4,
  0xFF77, 0xFED6, 0xFEF6, 0xFF17, 0xFF18, 0xFF39, 0xFF39, 0xFF3A, 0xFF5B, 0xFF7B, 0xFF7B, 0xFF7C, 0xFF9C, 0xFF9D, 0xFF9D, 0xFFBD,
  0xFFBE, 0xFFBE, 0xFFDE, 0xFFDE, 0xFFDF, 0xFFDF, 0xFFDF, 0xFFDF, 0xFFFF, 0xFFFF, 0xFFFF, 0xFFFF, 0xFFFF, 0xFFFF, 0xFFFF, 0xFFFF,
  0xFFFF, 0xFFFF, 0xFFFF, 0xFFFF, 0xFFFF, 0xFFFF, 0xFFDF, 0xFFDF, 0xF7DF, 0xF7DF, 0xF7BF, 0xF7BF, 0xEFBF, 0xEF9F, 0xE79F, 0xE77F,
  0xDF5F, 0xDF5F, 0xD73F, 0xCF1F, 0xC6FF, 0xC6DF, 0xBEDF, 0xB6BF, 0xAEBF, 0xAE9F, 0xA69F, 0x9E9F, 0x9E9F, 0x969F, 0x96DF, 0x96FF,
  0x551B, 0x0A11, 0x00CC, 0x00EC, 0x010C, 0x010C, 0x00EC, 0x00EB, 0x00EB, 0x00EA, 0x00CA, 0x00CA, 0x00CA, 0x00CA, 0x00CA, 0x00CB,
  0x00CB, 0x00CB, 0x00EC, 0x00EC, 0x00ED, 0x010D, 0x00ED, 0x00EC, 0x00AA, 0x0089, 0x0047, 0x0006, 0x0005, 0x0066, 0x216A, 0x52F0,
  0x8C96, 0xBDBA, 0xCE1B, 0xC598, 0xCD77, 0xCD76, 0xDDB5, 0xC4D2, 0x2108, 0x0068, 0x08C8, 0x10A8, 0x10A8, 0x10A8, 0x08A8, 0x08A8,
  0x08A8, 0x08A7, 0x0887, 0x0088, 0x0088, 0x0888, 0x10A6, 0x20A5, 0x0004, 0x5A09, 0xED32, 0xDCD2, 0xD492, 0xD494, 0xD4B6, 0x9331,
  0x51CC, 0x314B, 0x210A, 0x18EA, 0x10EA, 0x10EB, 0x10EB, 0x10EC, 0x190E, 0x39B3, 0x62BC, 0x6B3F, 0x62FE, 0x631F, 0x5AFF, 0x531F,
  0x4ADE, 0x323A, 0x29B7, 0x2197, 0x2198, 0x31DA, 0x39FC, 0x4A1F, 0x521F, 0x5A1F, 0x69FF, 0x515A, 0x30D3, 0x2090, 0x184E, 0x102C,
  0x102C, 0x184D, 0x286F, 0x40D2, 0x7199, 0xA25F, 0xA25F, 0xA27F, 0xA27E, 0xA27E, 0x9A7E, 0x9A9E, 0x9A9E, 0xA2BF, 0x9ADE, 0x59B5,
  0x310E, 0x212E, 0x294F, 0x316F, 0x39D0, 0x4A32, 0x5AD4, 0x7B96, 0xA4BC, 0x62F3, 0x0008, 0x006C, 0x008C, 0x00AC, 0x00AB, 0x00AB,
  0x00AA, 0x008A, 0x00AA, 0x00CB, 0x00CC, 0x00EC, 0x00CC, 0x010D, 0x4312, 0xCD76, 0xD575, 0xCD54, 0xD554, 0xD553, 0xD552, 0xE593,
  0xF5D2, 0xDD10, 0x938C, 0x49C8, 0x18A6, 0x1045, 0x1864, 0x28A4, 0x38E3, 0x4103, 0x4124, 0x3925, 0x3126, 0x2907, 0x20E7, 0x18C7,
  0x10C7, 0x10C7, 0x10C7, 0x10C7, 0x10C7, 0x10C7, 0x18C6, 0x20E6, 0x20E6, 0x30E4, 0x38C2, 0x5941, 0xAB45, 0xF62E, 0xFF75, 0xFF15,
  0xFED4, 0xFEF5, 0xFEF6, 0xFEF7, 0xFF17, 0xFF18, 0xFF18, 0xFF39, 0xFF3A, 0xFF5A, 0xFF5B, 0xFF7B, 0xFF7C, 0xFF9C, 0xFF9D, 0xFF9D,
  0xFFBD, 0xFFBE, 0xFFBE, 0xFFDE, 0xFFDE, 0xFFDE, 0xFFDF, 0xFFDF, 0xFFDF, 0xFFFF, 0xFFFF, 0xFFFF, 0xFFFF, 0xFFFF, 0xFFFF, 0xFFFF,
  0xFFFF, 0xFFFF, 0xFFFF, 0xFFFF, 0xFFFF, 0xFFDF, 0xFFDF, 0xFFDF, 0xF7DF, 0xF7BF, 0xF7BF, 0xEFBF, 0xEF9F, 0xE79F, 0xE77F, 0xDF5F,
  0xDF5F, 0xD73F, 0xD71F, 0xCEFF, 0xC6FF, 0xBEDF, 0xB6BF, 0xAEBF, 0xAEBF, 0xA6BF, 0x9E9F, 0x969F, 0x96BF, 0x96BF, 0x8EBF, 0x8EBF,
  0x971F, 0x869E, 0x4C57, 0x1A30, 0x012C, 0x00EC, 0x010D, 0x012E, 0x014E, 0x014E, 0x014E, 0x014F, 0x014F, 0x014F, 0x014F, 0x014F,
  0x012F, 0x012E, 0x010E, 0x00ED, 0x00CC, 0x00AA, 0x0069, 0x0069, 0x0089, 0x08EA, 0x19AC, 0x3AB0, 0x5BF5, 0x7D3A, 0x9DDD, 0xA5FE,
  0xA5BC, 0xA57A, 0xAD59, 0xB559, 0xC578, 0xC577, 0xCD55, 0xDDB5, 0xD532, 0x5185, 0x1022, 0x18A5, 0x18C7, 0x18A7, 0x18A6, 0x18A6,
  0x18C6, 0x20C5, 0x28C4, 0x30E4, 0x4103, 0x4902, 0x40A1, 0x2042, 0x6228, 0xE4D0, 0xDCB0, 0xD491, 0xCC73, 0xC434, 0xC415, 0xC417,
  0xBBF8, 0xB3D8, 0xA398, 0x9B58, 0x9359, 0x8B39, 0x831A, 0x7B1C, 0x7B3D, 0x7B3E, 0x6B1E, 0x62DD, 0x5ADE, 0x5ADE, 0x52DF, 0x4ABF,
  0x42BF, 0x42BF, 0x3A9F, 0x327F, 0x325F, 0x3A3F, 0x3A1F, 0x41FF, 0x49DE, 0x51DE, 0x59BE, 0x69BF, 0x79FF, 0x79FF, 0x79DE, 0x71BC,
  0x79BC, 0x81BD, 0x91FE, 0xA23F, 0xA25F, 0x9A3F, 0xA25F, 0xA25F, 0xA25F, 0x9A7E, 0x9A7E, 0x9A7E, 0x929E, 0x929D, 0x92BD, 0x92FF,
  0x8AFE, 0x8B5D, 0x8B7D, 0x8B9D, 0x8BBD, 0x8BFC, 0x8C1C, 0x843B, 0x843A, 0x8C7B, 0x4252, 0x0028, 0x0048, 0x008B, 0x00ED, 0x010E,
  0x010F, 0x010E, 0x010E, 0x010F, 0x012E, 0x014E, 0x1210, 0x6C16, 0xC578, 0xBD16, 0xC536, 0xC535, 0xCD34, 0xCD34, 0xD533, 0xD532,
  0xD532, 0xE571, 0xF5B1, 0xF5B0, 0xDD0E, 0xA3EB, 0x7288, 0x4985, 0x3904, 0x38C2, 0x40A1, 0x50E0, 0x5920, 0x6141, 0x6141, 0x6161,
  0x6962, 0x6162, 0x6162, 0x6162, 0x6162, 0x6162, 0x5941, 0x5940, 0x6960, 0x8201, 0xB3A6, 0xEDAD, 0xFF33, 0xFF54, 0xFEF4, 0xFEF4,
  0xFEF5, 0xFEF5, 0xFEF6, 0xFEF6, 0xFEF7, 0xFF17, 0xFF18, 0xFF19, 0xFF39, 0xFF3A, 0xFF5B, 0xFF7B, 0xFF7B, 0xFF7C, 0xFF9C, 0xFF9D,
  0xFFBD, 0xFFBD, 0xFFBE, 0xFFBE, 0xFFDE, 0xFFDE, 0xFFDF, 0xFFDF, 0xFFFF, 0xFFDF, 0xFFFF, 0xFFFF, 0xFFFF, 0xFFFF, 0xFFFF, 0xFFFF,
  0xFFFF, 0xFFFF, 0xFFFF, 0xFFFF, 0xFFFF, 0xFFDF, 0xFFDF, 0xF7DF, 0xF7DF, 0xF7BF, 0xF7BF, 0xEF9F, 0xEF9F, 0xE79F, 0xE77F, 0xDF5F,
  0xDF5F, 0xD73F, 0xD73F, 0xCF1F, 0xC6FF, 0xBEDF, 0xB6DF, 0xAEBF, 0xA6BF, 0x9E9F, 0x969F, 0x8E9F, 0x867F, 0x867F, 0x7E5F, 0x7E5F,
  0x763F, 0x763F, 0x765F, 0x65DE, 0x4479, 0x22B3, 0x09AF, 0x012D, 0x010C, 0x010B, 0x010C, 0x012C, 0x012D, 0x014D, 0x016D, 0x016D,
  0x098D, 0x11AD, 0x19CD, 0x222E, 0x2A90, 0x4332, 0x53D4, 0x6477, 0x753A, 0x85DD, 0x8E5F, 0x967F, 0x965F, 0x961E, 0x95BD, 0x957C,
  0x9D5B, 0x9D5A, 0xA53A, 0xAD39, 0xBD58, 0xBD57, 0xC556, 0xCD55, 0xDD95, 0xE572, 0x9308, 0x5121, 0x48E0, 0x5100, 0x5920, 0x5940,
  0x6140, 0x6140, 0x5920, 0x5100, 0x5100, 0x5120, 0x61C4, 0xABAA, 0xED30, 0xDCB0, 0xD491, 0xCC72, 0xCC33, 0xC434, 0xBBF5, 0xB3B6,
  0xAB97, 0xA398, 0x9B79, 0x935A, 0x935B, 0x8B3B, 0x833C, 0x7B3C, 0x731D, 0x6B1D, 0x6AFE, 0x62FE, 0x62FE, 0x5AFE, 0x5AFF, 0x52FF,
  0x4ABF, 0x429F, 0x3A7F, 0x3A5F, 0x3A3F, 0x3A1F, 0x421F, 0x4A1F, 0x51FF, 0x59DF, 0x61DF, 0x69DF, 0x69DF, 0x71DF, 0x71DF, 0x71DF,
  0x79FF, 0x821F, 0x8A3F, 0x925F, 0x927F, 0x9A9F, 0xA29F, 0xA29F, 0xA2BF, 0xA2BF, 0x9ABF, 0x9A9E, 0x92BE, 0x92DE, 0x8ADD, 0x82DD,
  0x82FD, 0x831C, 0x7B3C, 0x733C, 0x735B, 0x737B, 0x6B9B, 0x6BDB, 0x6C1B, 0x6C1B, 0x7C9D, 0x5356, 0x21AD, 0x110B, 0x08EB, 0x090C,
  0x092C, 0x116D, 0x21CE, 0x322F, 0x4AD1, 0x73D4, 0xA518, 0xBD59, 0xAD18, 0xB538, 0xB517, 0xBD16, 0xBD16, 0xC515, 0xC514, 0xCD13,
  0xD513, 0xD532, 0xDD31, 0xE551, 0xEDB1, 0xFE11, 0xFE31, 0xFE10, 0xE5B0, 0xC50E, 0xA44D, 0x938B, 0x82E8, 0x7246, 0x61C4, 0x6182,
  0x5961, 0x5120, 0x5100, 0x5100, 0x5100, 0x5121, 0x6161, 0x8243, 0xB386, 0xE50A, 0xFE0C, 0xFE4D, 0xFE2D, 0xFE4E, 0xFE90, 0xFEB2,
  0xFEB3, 0xFEB4, 0xFED5, 0xFED5, 0xFEF6, 0xFEF7, 0xFF18, 0xFF18, 0xFF39, 0xFF5A, 0xFF5B, 0xFF7B, 0xFF7C, 0xFF7C, 0xFF9C, 0xFF9D,
  0xFF9D, 0xFFBD, 0xFFBE, 0xFFBE, 0xFFDE, 0xFFDE, 0xFFDF, 0xFFDF, 0xFFDF, 0xFFDF, 0xFFFF, 0xFFFF, 0xFFFF, 0xFFFF, 0xFFFF, 0xFFFF,
  0xFFFF, 0xFFFF, 0xFFFF, 0xFFFF, 0xFFFF, 0xFFDF, 0xFFDF, 0xFFDF, 0xF7DF, 0xF7DF, 0xF7BF, 0xF7BF, 0xEFBF, 0xEF9F, 0xEF9F, 0xE77F,
  0xE77F, 0xDF7F, 0xDF5F, 0xD73F, 0xD73F, 0xCF1F, 0xC71F, 0xBEFF, 0xB6DF, 0xAEDF, 0xA6BF, 0x9E9F, 0x8E5F, 0x863F, 0x7E1F, 0x75DF,
  0x659F, 0x553F, 0x44BE, 0x347E, 0x347E, 0x2C5E, 0x23DC, 0x1B7A, 0x1B18, 0x12F7, 0x12D6, 0x12D6, 0x12F6, 0x1336, 0x2397, 0x33F8,
  0x4479, 0x5CFA, 0x655C, 0x75BD, 0x75DE, 0x75FE, 0x75DF, 0x6D9F, 0x655E, 0x653E, 0x64FD, 0x64FC, 0x6CFC, 0x74FC, 0x7CFC, 0x7CDB,
  0x84FB, 0x8CFA, 0x9CF9, 0xA519, 0xAD18, 0xB517, 0xBD36, 0xC536, 0xC515, 0xC4F4, 0xD554, 0xB471, 0x72AA, 0x4964, 0x38E2, 0x4102,
  0x4902, 0x5963, 0x61A4, 0x7A45, 0x9B08, 0xBC0C, 0xE4EF, 0xECF0, 0xD470, 0xD492, 0xCC73, 0xC454, 0xC434, 0xBC16, 0xB3F7, 0xABB8,
  0xA399, 0x937A, 0x8B5A, 0x833B, 0x7B1B, 0x7B3C, 0x733C, 0x733D, 0x6B3D, 0x6B3E, 0x6B3E, 0x6B5E, 0x6B5F, 0x6B5F, 0x6B5F, 0x633F,
  0x631F, 0x5ADF, 0x529F, 0x527F, 0x527F, 0x525F, 0x5A5F, 0x625F, 0x625F, 0x6A5F, 0x6A3F, 0x723F, 0x721F, 0x69DF, 0x69DE, 0x71DE,
  0x71DE, 0x7A1E, 0x823F, 0x8A7F, 0x929F, 0xA2DF, 0xAAFF, 0xAB3F, 0xAB5F, 0xAB3F, 0xA33F, 0xA31F, 0x9AFF, 0x9AFF, 0x92FE, 0x8AFE,
  0x82FD, 0x7AFD, 0x72FD, 0x731D, 0x733C, 0x6B5C, 0x639B, 0x63DC, 0x5BFC, 0x5BFC, 0x53FB, 0x4BFC, 0x4BFC, 0x439A, 0x3B59, 0x3339,
  0x3B59, 0x4BB9, 0x5C1A, 0x6C5A, 0x749A, 0x84DA, 0x8CD9, 0x8CD9, 0x9CF9, 0xA518, 0xAD18, 0xB538, 0xB517, 0xB4F6, 0xB4D6, 0xB4D5,
  0xB4B4, 0xB494, 0xB493, 0xBC92, 0xBC92, 0xBC91, 0xC490, 0xC4B0, 0xCCD0, 0xD510, 0xDD31, 0xDD51, 0xD530, 0xC4AF, 0xBC2D, 0xB3AB,
  0xA349, 0x9AE8, 0x92A7, 0x9AC7, 0xA2E7, 0xB327, 0xC3A8, 0xDC08, 0xE428, 0xE448, 0xEC67, 0xF4C8, 0xFD29, 0xFD6B, 0xFDCD, 0xFE0F,
  0xFE51, 0xFE93, 0xFEB5, 0xFED6, 0xFEF7, 0xFF18, 0xFF39, 0xFF39, 0xFF5A, 0xFF7B, 0xFF7B, 0xFF7C, 0xFF9C, 0xFF9C, 0xFF9D, 0xFFBD,
  0xFFBD, 0xFFBE, 0xFFBE, 0xFFDE, 0xFFDE, 0xFFDE, 0xFFDF, 0xFFDF, 0xFFDF, 0xFFFF, 0xFFFF, 0xFFFF, 0xFFFF, 0xFFFF, 0xFFFF, 0xFFFF,
  0xFFFF, 0xFFFF, 0xFFFF, 0xFFFF, 0xFFFF, 0xFFFF, 0xFFDF, 0xFFDF, 0xFFDF, 0xF7DF, 0xF7DF, 0xF7BF, 0xF7BF, 0xEFBF, 0xEF9F, 0xEF9F,
  0xEF9F, 0xE79F, 0xE77F, 0xE77F, 0xDF7F, 0xDF5F, 0xDF5F, 0xD75F, 0xD75F, 0xCF3F, 0xCF1F, 0xC71F, 0xBEFF, 0xAEBF, 0xA69F, 0x965F,
  0x861F, 0x7DFF, 0x75DF, 0x6D9F, 0x6D9F, 0x659F, 0x5D7F, 0x557F, 0x557F, 0x559F, 0x559F, 0x559F, 0x557F, 0x4D5F, 0x4D3F, 0x4D1F,
  0x4D1E, 0x4D1E, 0x4CFE, 0x4CDE, 0x4CBE, 0x4CBD, 0x4C9D, 0x54BD, 0x5CBD, 0x64DD, 0x6CFD, 0x74FD, 0x7D1D, 0x851C, 0x8D3C, 0x953B,
  0x9D5B, 0xAD7A, 0xB59A, 0xBDB9, 0xC5B9, 0xC598, 0xC598, 0xC597, 0xC535, 0xBCF3, 0xC4B1, 0xC46F, 0xCC4C, 0xC3EB, 0xBBCA, 0xBBAA,
  0xC3CA, 0xCBEA, 0xCC0B, 0xD42B, 0xD44C, 0xD46E, 0xCC4F, 0xCC70, 0xCCD3, 0xD514, 0xD515, 0xD4F6, 0xCCF7, 0xC4D8, 0xBC79, 0xAC19,
  0x9BDA, 0x93BB, 0x8B9B, 0x837C, 0x7B7C, 0x7B7D, 0x7B9D, 0x739E, 0x739E, 0x73BE, 0x7BFF, 0x843F, 0x8C5F, 0x8C5F, 0x843F, 0x83FF,
  0x7BBF, 0x739F, 0x737F, 0x735F, 0x735F, 0x733F, 0x7B3F, 0x835F, 0x835F, 0x8B5F, 0x8B3F, 0x92FF, 0x92BF, 0x929F, 0x929F, 0x929F,
  0x9A9E, 0x9ABF, 0xA2DF, 0xA2FF, 0xAB1F, 0xB39F, 0xBBFF, 0xBC3F, 0xC45F, 0xBC5F, 0xBC5F, 0xBC3F, 0xB43F, 0xB41F, 0xA3DF, 0x939E,
  0x8B7E, 0x837E, 0x7B7E, 0x739D, 0x73BD, 0x73DD, 0x73FD, 0x743D, 0x747D, 0x6C7D, 0x645D, 0x543D, 0x441D, 0x3C1D, 0x3C3E, 0x3C1D,
  0x3C3D, 0x3C3D, 0x3C3D, 0x443C, 0x4C5C, 0x5C9C, 0x74BB, 0x84FB, 0x953B, 0xA55A, 0xAD9A, 0xBDBA, 0xC5DA, 0xC5B9, 0xC5B9, 0xC598,
  0xCD98, 0xC557, 0xC556, 0xCD55, 0xCD34, 0xD533, 0xD532, 0xD511, 0xD4F0, 0xD4CF, 0xDCCE, 0xDCED, 0xE4EC, 0xE4EC, 0xED2C, 0xED4C,
  0xF54C, 0xF56C, 0xFD6C, 0xFD8C, 0xFD8C, 0xFD8C, 0xFD8C, 0xFDAC, 0xFDAC, 0xFDCD, 0xFDEE, 0xFE2F, 0xFE30, 0xFE51, 0xFE72, 0xFE94,
  0xFED5, 0xFEF7, 0xFF38, 0xFF59, 0xFF5A, 0xFF7A, 0xFF7B, 0xFF7B, 0xFF7C, 0xFF9C, 0xFF9C, 0xFF9C, 0xFF9D, 0xFFBD, 0xFFBD, 0xFFBD,
  0xFFBE, 0xFFBE, 0xFFBE, 0xFFDE, 0xFFDE, 0xFFDF, 0xFFDF, 0xFFDF, 0xFFFF, 0xFFFF, 0xFFFF, 0xFFFF, 0xFFFF, 0xFFFF, 0xFFFF, 0xFFFF,
  0xFFFF, 0xFFFF, 0xFFFF, 0xFFFF, 0xFFFF, 0xFFDF, 0xFFDF, 0xFFDF, 0xFFDF, 0xFFDF, 0xF7DF, 0xF7DF, 0xF7BF, 0xF7BF, 0xEFBF, 0xEFBF,
  0xEFBF, 0xEF9F, 0xE79F, 0xE79F, 0xE77F, 0xE77F, 0xDF7F, 0xDF5F, 0xD75F, 0xD73F, 0xCF1F, 0xC71F, 0xBEDF, 0xAEBF, 0xA6BF, 0x9E9F,
  0x9E9F, 0x969F, 0x969F, 0x969F, 0x96BF, 0x96BF, 0x96BF, 0x8EBF, 0x8EBF, 0x96BF, 0x96BF, 0x96BF, 0x96BF, 0x96BF, 0x96BF, 0x96BF,
  0x8EBF, 0x8E9F, 0x8E9F, 0x8E7F, 0x8E7F, 0x8E5F, 0x8E5F, 0x963F, 0x963F, 0x9E3F, 0x9E1F, 0xA61F, 0xAE1E, 0xAE3E, 0xB63E, 0xBE5D,
  0xC65D, 0xCE5C, 0xD67B, 0xDE7B, 0xE69A, 0xE69A, 0xEE99, 0xEE77, 0xF634, 0xF5F1, 0xFE10, 0xFE0F, 0xFDEE, 0xFE0E, 0xFE2E, 0xFE0E,
  0xFE0E, 0xFE0E, 0xFE0E, 0xFE0F, 0xFDEF, 0xFE10, 0xFE11, 0xFDF3, 0xF635, 0xF657, 0xF658, 0xEE58, 0xEE39, 0xE61A, 0xD5BB, 0xCD7C,
  0xC55D, 0xBD5D, 0xB53E, 0xB53E, 0xAD3E, 0xAD3E, 0xA53F, 0xA51F, 0xA51F, 0x9D1F, 0xA51F, 0xA53F, 0xAD5F, 0xA55F, 0xA53F, 0xA53F,
  0xA51F, 0xA51F, 0xA53F, 0xA51F, 0xA51F, 0xACFF, 0xACDF, 0xACDF, 0xB4DF, 0xBCBF, 0xBC7F, 0xC45F, 0xCC7F, 0xD47F, 0xD47F, 0xD47F,
  0xD47F, 0xD49F, 0xD49F, 0xD49F, 0xD49F, 0xCCDF, 0xD51F, 0xD53F, 0xD55F, 0xD55F, 0xD55F, 0xD55F, 0xD55F, 0xCD3F, 0xC51F, 0xB4FF,
  0xACFF, 0xA4FF, 0x9CFF, 0x9CFF, 0x9D1F, 0x953F, 0x953F, 0x953F, 0x9D5F, 0x955F, 0x8D5F, 0x857F, 0x859F, 0x7D9F, 0x7DBF, 0x7DDF,
  0x7DDF, 0x7DDF, 0x85FF, 0x85FF, 0x85FF, 0x8DFF, 0x95FF, 0x9DFE, 0xA5FE, 0xB61D, 0xC65D, 0xCE7C, 0xD67C, 0xD67C, 0xD67B, 0xDE5B,
  0xE65A, 0xE659, 0xEE58, 0xEE58, 0xF657, 0xF656, 0xF655, 0xFE54, 0xFE74, 0xFE74, 0xFE94, 0xFEB4, 0xFED4, 0xFED4, 0xFED4, 0xFED3,
  0xFED3, 0xFED3, 0xFED3, 0xFED3, 0xFED3, 0xFED3, 0xFEF4, 0xFEF4, 0xFEF4, 0xFEF4, 0xFEF4, 0xFEF5, 0xFEF5, 0xFEF6, 0xFF16, 0xFF17,
  0xFF18, 0xFF39, 0xFF39, 0xFF5A, 0xFF5A, 0xFF5B, 0xFF7B, 0xFF7C, 0xFF9C, 0xFF9C, 0xFF9C, 0xFF9D, 0xFFBD, 0xFFBD, 0xFFBD, 0xFFBE,
  0xFFBE, 0xFFDE, 0xFFDE, 0xFFDE, 0xFFDE, 0xFFDF, 0xFFDF, 0xFFFF, 0xFFFF, 0xFFFF, 0xFFFF, 0xFFFF, 0xFFFF, 0xFFFF, 0xFFFF, 0xFFFF,
  0xFFFF, 0xFFFF, 0xFFFF, 0xFFFF, 0xFFFF, 0xFFFF, 0xFFDF, 0xFFDF, 0xFFDF, 0xFFDF, 0xF7DF, 0xF7DF, 0xF7BF, 0xF7BF, 0xF7BF, 0xF7BF,
  0xEFBF, 0xEF9F, 0xEF9F, 0xEF9F, 0xE79F, 0xE77F, 0xDF7F, 0xDF5F, 0xD75F, 0xD73F, 0xCF1F, 0xC71F, 0xBEFF, 0xBEDF, 0xB6DF, 0xAEDF,
  0xAEDF, 0xA6DF, 0xA6DF, 0xA6FF, 0xA6FF, 0xA6FF, 0xA6FF, 0xA71F, 0xA71F, 0xAF3F, 0xAF3F, 0xAF3F, 0xAF3F, 0xAF3F, 0xAF3F, 0xAF3F,
  0xAF1F, 0xA71F, 0xAEFF, 0xAEFF, 0xAEDF, 0xA6DF, 0xA6BF, 0xAEBF, 0xAE9F, 0xAE9F, 0xAE7F, 0xB67F, 0xB67F, 0xB67F, 0xBE7E, 0xC67E,
  0xCE9E, 0xD69D, 0xDE9C, 0xE6BB, 0xE6BB, 0xEEBA, 0xF698, 0xF676, 0xFE74, 0xFE93, 0xFEB4, 0xFED4, 0xFED4, 0xFEF4, 0xFF14, 0xFF15,
  0xFF14, 0xFF15, 0xFF15, 0xFEF4, 0xFEF4, 0xFED4, 0xFEB5, 0xFE95, 0xFE76, 0xF678, 0xF699, 0xF69A, 0xEE7B, 0xE63B, 0xDE1C, 0xD5FD,
  0xD5FE, 0xCE1E, 0xCE1F, 0xCE1F, 0xC61F, 0xC61F, 0xC61F, 0xBDFF, 0xBDDF, 0xB5BF, 0xB5BF, 0xB5BF, 0xB5BF, 0xB5BF, 0xB5BF, 0xB5BF,
  0xBDDF, 0xC5FF, 0xC61F, 0xC61F, 0xC5FF, 0xC5DF, 0xC5DF, 0xC59F, 0xC57F, 0xCD3F, 0xD53F, 0xDD3F, 0xE53F, 0xE55F, 0xED7F, 0xED7F,
  0xED9F, 0xED9F, 0xED9F, 0xE57F, 0xE55F, 0xE55F, 0xDD7F, 0xDD9F, 0xDDBF, 0xDDBF, 0xDDBF, 0xDDBF, 0xDDBF, 0xD59F, 0xCD7F, 0xC57F,
  0xC59F, 0xBD9F, 0xB5BF, 0xB5BF, 0xB5DF, 0xB5DF, 0xADDF, 0xADBF, 0xADDF, 0xA5DF, 0x9DDF, 0x9DFF, 0xA63F, 0x9E5F, 0xA67F, 0xA69F,
  0xA6BF, 0xA6BF, 0xA6BF, 0xA6BF, 0xA6BF, 0xA69F, 0xAE7F, 0xAE7F, 0xAE5F, 0xB65F, 0xC67E, 0xCE9E, 0xCE7D, 0xD69D, 0xD69C, 0xDE7C,
  0xDE7C, 0xE67B, 0xEE9A, 0xEE99, 0xF699, 0xF698, 0xF697, 0xFEB7, 0xFEB7, 0xFED7, 0xFED7, 0xFEF7, 0xFF17, 0xFF37, 0xFF37, 0xFF38,
  0xFF58, 0xFF58, 0xFF58, 0xFF58, 0xFF58, 0xFF57, 0xFF57, 0xFF37, 0xFF37, 0xFF37, 0xFF37, 0xFF37, 0xFF38, 0xFF38, 0xFF39, 0xFF39,
  0xFF59, 0xFF5A, 0xFF5A, 0xFF5B, 0xFF5B, 0xFF7B, 0xFF7C, 0xFF7C, 0xFF9C, 0xFF9C, 0xFF9D, 0xFF9D, 0xFFBD, 0xFFBD, 0xFFBE, 0xFFBE,
  0xFFDE, 0xFFDE, 0xFFDE, 0xFFDE, 0xFFDF, 0xFFDF, 0xFFDF, 0xFFFF, 0xFFFF, 0xFFFF, 0xFFFF, 0xFFFF, 0xFFFF, 0xFFFF, 0xFFFF, 0xFFFF,
  0xFFFF, 0xFFFF, 0xFFFF, 0xFFFF, 0xFFFF, 0xFFFF, 0xFFFF, 0xFFFF, 0xFFDF, 0xFFDF, 0xFFDF, 0xF7DF, 0xF7DF, 0xF7BF, 0xF7BF, 0xF7BF,
  0xEFBF, 0xEFBF, 0xEF9F, 0xEF9F, 0xE79F, 0xE77F, 0xE77F, 0xDF5F, 0xDF5F, 0xD73F, 0xD73F, 0xCF3F, 0xCF1F, 0xC71F, 0xBEFF, 0xBEFF,
  0xBEFF, 0xB6FF, 0xB71F, 0xB71F, 0xB71F, 0xB71F, 0xB73F, 0xB73F, 0xB75F, 0xBF5F, 0xBF5F, 0xBF5F, 0xBF5F, 0xBF5F, 0xBF5F, 0xBF3F,
  0xBF3F, 0xB73F, 0xBF1F, 0xBF1F, 0xB71F, 0xB6FF, 0xBEFF, 0xBEDF, 0xBEDF, 0xBEDF, 0xBEBF, 0xBEBF, 0xC6BF, 0xC6BF, 0xCEBE, 0xCEBE,
  0xD6BE, 0xDEBD, 0xDEBC, 0xE6BB, 0xEEBB, 0xEEBA, 0xF6B8, 0xF6B7, 0xFEB6, 0xFED6, 0xFEF6, 0xFF16, 0xFF37, 0xFF37, 0xFF57, 0xFF57,
  0xFF57, 0xFF57, 0xFF37, 0xFF37, 0xFF17, 0xFEF6, 0xFED7, 0xFED7, 0xFEB8, 0xF699, 0xF6BA, 0xF69B, 0xEE9B, 0xE65C, 0xE65D, 0xDE5E,
  0xDE5E, 0xD67F, 0xD67F, 0xD67F, 0xD67F, 0xCE7F, 0xCE7F, 0xCE7F, 0xCE5F, 0xC63F, 0xC61F, 0xC61F, 0xC61F, 0xC61F, 0xC61F, 0xC63F,
  0xCE5F, 0xD67F, 0xD67F, 0xD67F, 0xD67F, 0xD65F, 0xD65F, 0xD63F, 0xD5FF, 0xDDBF, 0xE5BF, 0xE5BF, 0xEDBF, 0xEDDF, 0xF5FF, 0xF5FF,
  0xF61F, 0xF61F, 0xF5FF, 0xF5FF, 0xEDDF, 0xEDDF, 0xE5BF, 0xE5DF, 0xE5FF, 0xE61F, 0xE61F, 0xE5FF, 0xDDFF, 0xDDDF, 0xD5DF, 0xD5DF,
  0xCDFF, 0xCDFF, 0xC61F, 0xC61F, 0xC63F, 0xC63F, 0xBE3F, 0xBE3F, 0xBE3F, 0xB61F, 0xAE3F, 0xAE5F, 0xB67F, 0xB69F, 0xB6BF, 0xB6DF,
  0xB6FF, 0xB71F, 0xB71F, 0xBF1F, 0xBF1F, 0xB6FF, 0xB6DF, 0xB6BF, 0xB69F, 0xBE9F, 0xC69F, 0xC69E, 0xCE9E, 0xD69D, 0xD69D, 0xDE9D,
  0xDE9C, 0xE69C, 0xEEBB, 0xEEBB, 0xF6BA, 0xF6B9, 0xF6D9, 0xFED9, 0xFEF9, 0xFEF9, 0xFF19, 0xFF19, 0xFF39, 0xFF59, 0xFF59, 0xFF59,
  0xFF59, 0xFF59, 0xFF79, 0xFF79, 0xFF59, 0xFF59, 0xFF59, 0xFF59, 0xFF59, 0xFF59, 0xFF59, 0xFF59, 0xFF5A, 0xFF5A, 0xFF5A, 0xFF5A,
  0xFF5B, 0xFF5B, 0xFF7B, 0xFF7B, 0xFF7C, 0xFF7C, 0xFF9C, 0xFF9D, 0xFF9D, 0xFF9D, 0xFF9D, 0xFFBD, 0xFFBD, 0xFFBE, 0xFFBE, 0xFFDE,
  0xFFDE, 0xFFDE, 0xFFDE, 0xFFDF, 0xFFDF, 0xFFDF, 0xFFDF, 0xFFFF, 0xFFFF, 0xFFFF, 0xFFFF, 0xFFFF, 0xFFFF, 0xFFFF, 0xFFFF, 0xFFFF,
  0xFFFF, 0xFFFF, 0xFFFF, 0xFFFF, 0xFFFF, 0xFFFF, 0xFFFF, 0xFFFF, 0xFFDF, 0xFFDF, 0xFFDF, 0xFFDF, 0xF7DF, 0xF7DF, 0xF7BF, 0xF7BF,
  0xF7BF, 0xF7BF, 0xEFBF, 0xEF9F, 0xEF9F, 0xEF9F, 0xE77F, 0xE77F, 0xDF7F, 0xDF5F, 0xDF5F, 0xD75F, 0xD73F, 0xCF3F, 0xCF3F, 0xCF3F,
  0xC73F, 0xC73F, 0xC73F, 0xC73F, 0xC73F, 0xC73F, 0xC73F, 0xC75F, 0xC75F, 0xC75F, 0xC75F, 0xC75F, 0xC75F, 0xC75F, 0xC75F, 0xC73F,
  0xC73F, 0xC73F, 0xC73F, 0xC71F, 0xC71F, 0xC71F, 0xC71F, 0xC6FF, 0xC6FF, 0xC6FF, 0xC6DF, 0xCEDF, 0xCEDF, 0xCEDF, 0xD6DE, 0xD6DE,
  0xDEDE, 0xDEDD, 0xE6DD, 0xE6DC, 0xEEDB, 0xF6DA, 0xF6D9, 0xFED8, 0xFEF8, 0xFEF8, 0xFF18, 0xFF38, 0xFF58, 0xFF59, 0xFF79, 0xFF79,
  0xFF79, 0xFF79, 0xFF59, 0xFF58, 0xFF38, 0xFF18, 0xFF18, 0xFEF9, 0xFED9, 0xFEDA, 0xF6BB, 0xF6BB, 0xEEBC, 0xEE9D, 0xE69D, 0xE6BE,
  0xDEBE, 0xDEBF, 0xDEBF, 0xDEBF, 0xDEBF, 0xDEBF, 0xD6BF, 0xD6BF, 0xD69F, 0xD67F, 0xCE7F, 0xCE7F, 0xCE7F, 0xCE7F, 0xD67F, 0xD69F,
  0xD6BF, 0xDEBF, 0xDEDF, 0xDEDF, 0xDEBF, 0xDEBF, 0xDE9F, 0xDE7F, 0xE65F, 0xE61F, 0xE61F, 0xEE1F, 0xEE1F, 0xF63F, 0xF65F, 0xF65F,
  0xF65F, 0xF65F, 0xF65F, 0xF63F, 0xF63F, 0xEE3F, 0xEE3F, 0xEE3F, 0xEE3F, 0xEE5F, 0xEE5F, 0xE65F, 0xE63F, 0xDE3F, 0xDE3F, 0xDE3F,
  0xD63F, 0xD65F, 0xD65F, 0xD67F, 0xCE7F, 0xCE7F, 0xCE7F, 0xCE7F, 0xC67F, 0xC67F, 0xC69F, 0xBE9F, 0xBEBF, 0xBEDF, 0xBEFF, 0xC71F,
  0xC71F, 0xC71F, 0xC73F, 0xC73F, 0xC71F, 0xC71F, 0xC6FF, 0xC6FF, 0xC6DF, 0xC6DF, 0xCEDF, 0xCEDF, 0xD6DE, 0xD6BE, 0xD6BE, 0xDEBE,
  0xDEDD, 0xE6DD, 0xE6DD, 0xEEDC, 0xEEDB, 0xF6FB, 0xF6FB, 0xFF1A, 0xFF1A, 0xFF1A, 0xFF3A, 0xFF3A, 0xFF5A, 0xFF5A, 0xFF5A, 0xFF5A,
  0xFF7A, 0xFF7A, 0xFF7A, 0xFF7A, 0xFF7A, 0xFF5A, 0xFF5A, 0xFF7A, 0xFF7A, 0xFF7A, 0xFF7A, 0xFF7B, 0xFF7B, 0xFF7B, 0xFF7B, 0xFF7B,
  0xFF7B, 0xFF7C, 0xFF7C, 0xFF7C, 0xFF9C, 0xFF9C, 0xFF9D, 0xFF9D, 0xFF9D, 0xFFBD, 0xFFBD, 0xFFBE, 0xFFBE, 0xFFBE, 0xFFDE, 0xFFDE,
  0xFFDE, 0xFFDE, 0xFFDF, 0xFFDF, 0xFFDF, 0xFFDF, 0xFFFF, 0xFFFF, 0xFFFF, 0xFFFF, 0xFFFF, 0xFFFF, 0xFFFF, 0xFFFF, 0xFFFF, 0xFFFF,
  0xFFFF, 0xFFFF, 0xFFFF, 0xFFFF, 0xFFFF, 0xFFFF, 0xFFFF, 0xFFFF, 0xFFFF, 0xFFFF, 0xFFDF, 0xFFDF, 0xFFDF, 0xF7DF, 0xF7DF, 0xF7DF,
  0xF7BF, 0xF7BF, 0xF7BF, 0xF7BF, 0xEFBF, 0xEF9F, 0xEF9F, 0xE79F, 0xE77F, 0xE77F, 0xDF7F, 0xDF5F, 0xDF5F, 0xDF5F, 0xD75F, 0xD75F,
  0xD75F, 0xD75F, 0xCF5F, 0xCF5F, 0xCF5F, 0xCF5F, 0xCF5F, 0xCF5F, 0xCF5F, 0xCF5F, 0xCF5F, 0xCF5F, 0xCF5F, 0xCF5F, 0xCF5F, 0xCF5F,
  0xCF3F, 0xCF3F, 0xCF3F, 0xCF3F, 0xCF3F, 0xCF3F, 0xCF1F, 0xCF1F, 0xCF1F, 0xCF1F, 0xD6FF, 0xD6FF, 0xD71F, 0xD6FF, 0xDEFE, 0xDEFE,
  0xDEFE, 0xE6FD, 0xE6FD, 0xEEFC, 0xEEFB, 0xF6FB, 0xF6FA, 0xFF1A, 0xFF19, 0xFF39, 0xFF39, 0xFF59, 0xFF5A, 0xFF7A, 0xFF7A, 0xFF7A,
  0xFF7A, 0xFF7A, 0xFF79, 0xFF59, 0xFF59, 0xFF39, 0xFF3A, 0xFF1A, 0xFEFA, 0xFEFB, 0xF6FB, 0xF6DC, 0xF6DD, 0xEEDD, 0xEEDE, 0xE6DE,
  0xE6DE, 0xE6FF, 0xE6FF, 0xE6FF, 0xDEFF, 0xDEFF, 0xDEFF, 0xDEDF, 0xDEDF, 0xD6BF, 0xD6BF, 0xD6BF, 0xD6BF, 0xD6BF, 0xDEDF, 0xDEDF,
  0xDEFF, 0xE6FF, 0xE6FF, 0xE6FF, 0xE6FF, 0xE6FF, 0xE6DF, 0xE6BF, 0xE69F, 0xEE7F, 0xEE7F, 0xEE5F, 0xF67F, 0xF67F, 0xF69F, 0xF69F,
  0xF69F, 0xF69F, 0xF69F, 0xF67F, 0xF67F, 0xF67F, 0xEE7F, 0xEE7F, 0xEE7F, 0xEE9F, 0xEE9F, 0xEE9F, 0xE67F, 0xE67F, 0xE67F, 0xE67F,
  0xDE7F, 0xDE9F, 0xDE9F, 0xDEBF, 0xD6BF, 0xD6BF, 0xD6BF, 0xD6BF, 0xCEBF, 0xCEBF, 0xCEDF, 0xCEDF, 0xCEFF, 0xCEFF, 0xCF1F, 0xCF1F,
  0xCF3F, 0xCF3F, 0xCF3F, 0xCF3F, 0xCF3F, 0xCF3F, 0xCF1F, 0xCF1F, 0xCF1F, 0xCEFF, 0xCEFF, 0xD6FF, 0xD6FF, 0xDEFE, 0xDEFE, 0xDEFE,
  0xE6FE, 0xE6FD, 0xE6FD, 0xEEFD, 0xEF1D, 0xF71C, 0xF71C, 0xF73C, 0xFF3C, 0xFF3B, 0xFF5B, 0xFF5B, 0xFF5B, 0xFF5B, 0xFF7B, 0xFF7B,
  0xFF7B, 0xFF7B, 0xFF7B, 0xFF7B, 0xFF7B, 0xFF7B, 0xFF7B, 0xFF7B, 0xFF7B, 0xFF7B, 0xFF7B, 0xFF7C, 0xFF9C, 0xFF7C, 0xFF7C, 0xFF9C,
  0xFF9C, 0xFF9C, 0xFF9C, 0xFF9D, 0xFF9D, 0xFF9D, 0xFFBD, 0xFFBD, 0xFFBD, 0xFFBE, 0xFFBE, 0xFFBE, 0xFFDE, 0xFFDE, 0xFFDE, 0xFFDE,
  0xFFDE, 0xFFDF, 0xFFDF, 0xFFDF, 0xFFFF, 0xFFFF, 0xFFFF, 0xFFFF, 0xFFFF, 0xFFFF, 0xFFFF, 0xFFFF, 0xFFFF, 0xFFFF, 0xFFFF, 0xFFFF,
  0xFFFF, 0xFFFF, 0xFFFF, 0xFFFF, 0xFFFF, 0xFFFF, 0xFFFF, 0xFFFF, 0xFFFF, 0xFFFF, 0xFFFF, 0xFFFF, 0xFFDF, 0xFFDF, 0xFFDF, 0xF7DF,
  0xF7DF, 0xF7DF, 0xF7BF, 0xF7BF, 0xF7BF, 0xEFBF, 0xEFBF, 0xEF9F, 0xEF9F, 0xEF9F, 0xE79F, 0xE77F, 0xE77F, 0xE77F, 0xDF7F, 0xDF7F,
  0xDF7F, 0xDF7F, 0xDF7F, 0xDF5F, 0xD77F, 0xD77F, 0xD75F, 0xD77F, 0xD77F, 0xD77F, 0xD77F, 0xD77F, 0xD77F, 0xD77F, 0xD75F, 0xD75F,
  0xD75F, 0xD75F, 0xD75F, 0xD75F, 0xD75F, 0xD73F, 0xD73F, 0xD73F, 0xD73F, 0xD73F, 0xDF3F, 0xDF3F, 0xDF3F, 0xDF3F, 0xE71E, 0xE71E,
  0xE71E, 0xEF1D, 0xEF1D, 0xEF1D, 0xF71C, 0xF71C, 0xF73B, 0xFF3B, 0xFF3B, 0xFF5A, 0xFF5A, 0xFF5A, 0xFF7A, 0xFF7A, 0xFF7B, 0xFF7B,
  0xFF7B, 0xFF7A, 0xFF7A, 0xFF7A, 0xFF5A, 0xFF5B, 0xFF5B, 0xFF3B, 0xFF3B, 0xFF1C, 0xF71C, 0xF71D, 0xF71D, 0xEF1E, 0xEF1E, 0xEF1E,
  0xEF1E, 0xEF1F, 0xE71F, 0xE71F, 0xE71F, 0xE71F, 0xE71F, 0xE6FF, 0xDEFF, 0xDEFF, 0xDEFF, 0xDEFF, 0xDEFF, 0xE6FF, 0xE6FF, 0xE71F,
  0xE71F, 0xE71F, 0xEF1F, 0xEF1F, 0xEF1F, 0xEF1F, 0xEEFF, 0xEEFF, 0xEEDF, 0xEEBF, 0xF6BF, 0xF6BF, 0xF6BF, 0xF6BF, 0xF6BF, 0xFEDF,
  0xFEBF, 0xF6BF, 0xF6BF, 0xF6BF, 0xF6BF, 0xF6BF, 0xF6BF, 0xF6BF, 0xEEBF, 0xEEBF, 0xEEBF, 0xEEBF, 0xEEBF, 0xEEBF, 0xEEBF, 0xE6BF,
  0xE6BF, 0xE6DF, 0xE6DF, 0xE6DF, 0xDEFF, 0xDEFF, 0xDEFF, 0xDEFF, 0xD6FF, 0xD6FF, 0xD6FF, 0xD6FF, 0xD71F, 0xD73F, 0xD73F, 0xD73F,
  0xD75F, 0xD75F, 0xD75F, 0xD75F, 0xD75F, 0xD75F, 0xD73F, 0xD73F, 0xD73F, 0xD73F, 0xDF1F, 0xDF1F, 0xDF1F, 0xDF1F, 0xDF1F, 0xE71E,
  0xE71E, 0xE71E, 0xEF1E, 0xEF3E, 0xF73D, 0xF73D, 0xF73D, 0xF75D, 0xFF5C, 0xFF5C, 0xFF7C, 0xFF7C, 0xFF7C, 0xFF7C, 0xFF7C, 0xFF7C,
  0xFF7C, 0xFF7C, 0xFF9C, 0xFF9C, 0xFF9C, 0xFF9C, 0xFF9C, 0xFF9C, 0xFF9C, 0xFF9C, 0xFF9C, 0xFF9C, 0xFF9C, 0xFF9D, 0xFF9D, 0xFF9D,
  0xFF9D, 0xFF9D, 0xFF9D, 0xFFBD, 0xFFBD, 0xFFBD, 0xFFBE, 0xFFBE, 0xFFBE, 0xFFBE, 0xFFDE, 0xFFDE, 0xFFDE, 0xFFDE, 0xFFDE, 0xFFDF,
  0xFFDF, 0xFFDF, 0xFFFF, 0xFFFF, 0xFFFF, 0xFFFF, 0xFFFF, 0xFFFF, 0xFFFF, 0xFFFF, 0xFFFF, 0xFFFF, 0xFFFF, 0xFFFF, 0xFFFF, 0xFFFF,
  0xFFFF, 0xFFFF, 0xFFFF, 0xFFFF, 0xFFFF, 0xFFFF, 0xFFFF, 0xFFFF, 0xFFFF, 0xFFFF, 0xFFFF, 0xFFFF, 0xFFDF, 0xFFDF, 0xFFDF, 0xFFDF,
  0xFFDF, 0xF7DF, 0xF7DF, 0xF7DF, 0xF7BF, 0xF7BF, 0xF7BF, 0xF7BF, 0xEFBF, 0xEFBF, 0xEF9F, 0xEF9F, 0xEF9F, 0xE79F, 0xE79F, 0xE79F,
  0xE79F, 0xE79F, 0xE79F, 0xE79F, 0xDF7F, 0xDF7F, 0xDF7F, 0xDF7F, 0xDF7F, 0xDF7F, 0xDF7F, 0xDF7F, 0xDF7F, 0xDF7F, 0xDF7F, 0xDF7F,
  0xDF7F, 0xDF7F, 0xDF7F, 0xDF7F, 0xDF7F, 0xDF5F, 0xDF5F, 0xDF5F, 0xDF5F, 0xDF5F, 0xE75F, 0xE75F, 0xE75F, 0xE75F, 0xEF5F, 0xEF3E,
  0xEF3E, 0xEF5E, 0xF75E, 0xF75D, 0xF75D, 0xF75C, 0xFF5C, 0xFF5C, 0xFF5C, 0xFF7B, 0xFF7B, 0xFF7B, 0xFF7B, 0xFF7B, 0xFF9B, 0xFF9B,
  0xFF9B, 0xFF9B, 0xFF7B, 0xFF7B, 0xFF7B, 0xFF7C, 0xFF5C, 0xFF5C, 0xFF5C, 0xFF5C, 0xFF5D, 0xF73D, 0xF73E, 0xF73E, 0xF73E, 0xF73E,
  0xEF3F, 0xEF3F, 0xEF5F, 0xEF5F, 0xEF3F, 0xEF3F, 0xEF3F, 0xE73F, 0xE73F, 0xE71F, 0xE71F, 0xE73F, 0xE71F, 0xE73F, 0xEF3F, 0xEF3F,
  0xEF3F, 0xEF5F, 0xEF5F, 0xEF3F, 0xEF3F, 0xEF3F, 0xEF3F, 0xEF1F, 0xF71F, 0xF6FF, 0xF6FF, 0xF6FF, 0xF6FF, 0xF6FF, 0xFEFF, 0xFEFF,
  0xFEFF, 0xFEFF, 0xFEFF, 0xF6FF, 0xF6FF, 0xF6FF, 0xF6FF, 0xF6FF, 0xF6FF, 0xF6FF, 0xF6FF, 0xF6FF, 0xEEFF, 0xEEFF, 0xEEFF, 0xEEFF,
  0xEEFF, 0xEF1F, 0xEF1F, 0xE71F, 0xE71F, 0xE71F, 0xE71F, 0xE71F, 0xDF1F, 0xDF1F, 0xDF1F, 0xDF3F, 0xDF3F, 0xDF5F, 0xDF5F, 0xDF5F,
  0xDF5F, 0xDF5F, 0xDF5F, 0xDF7F, 0xDF5F, 0xDF5F, 0xDF5F, 0xDF5F, 0xDF5F, 0xDF5F, 0xDF3F, 0xE73F, 0xE73F, 0xE73F, 0xE73F, 0xE73E,
  0xEF5E, 0xEF5E, 0xEF5E, 0xEF5E, 0xF75E, 0xF75E, 0xF77D, 0xF77D, 0xFF7D, 0xFF7D, 0xFF9D, 0xFF9D, 0xFF9D, 0xFF9D, 0xFF9D, 0xFF9D,
  0xFF9D, 0xFF9D, 0xFF9D, 0xFF9D, 0xFF9D, 0xFF9D, 0xFF9D, 0xFF9D, 0xFF9D, 0xFF9D, 0xFF9D, 0xFFBD, 0xFFBD, 0xFFBD, 0xFFBD, 0xFFBD,
  0xFFBD, 0xFFBD, 0xFFBE, 0xFFBE, 0xFFBE, 0xFFBE, 0xFFBE, 0xFFBE, 0xFFDE, 0xFFDE, 0xFFDE, 0xFFDE, 0xFFDE, 0xFFDF, 0xFFDF, 0xFFDF,
  0xFFDF, 0xFFFF, 0xFFFF, 0xFFFF, 0xFFFF, 0xFFFF, 0xFFFF, 0xFFFF, 0xFFFF, 0xFFFF, 0xFFFF, 0xFFFF, 0xFFFF, 0xFFFF, 0xFFFF, 0xFFFF,
  0xFFFF, 0xFFFF, 0xFFFF, 0xFFFF, 0xFFFF, 0xFFFF, 0xFFFF, 0xFFFF, 0xFFFF, 0xFFFF, 0xFFFF, 0xFFFF, 0xFFFF, 0xFFDF, 0xFFDF, 0xFFDF,
  0xFFDF, 0xFFDF, 0xFFDF, 0xFFDF, 0xF7DF, 0xF7DF, 0xF7DF, 0xF7DF, 0xF7BF, 0xF7BF, 0xF7BF, 0xEFBF, 0xEFBF, 0xEFBF, 0xEFBF, 0xEF9F,
  0xEF9F, 0xEF9F, 0xEF9F, 0xE79F, 0xE79F, 0xE79F, 0xE79F, 0xE79F, 0xE79F, 0xE79F, 0xE79F, 0xE79F, 0xE79F, 0xE79F, 0xE79F, 0xE79F,
  0xE79F, 0xE79F, 0xE79F, 0xE79F, 0xE77F, 0xE77F, 0xE77F, 0xE77F, 0xE77F, 0xE77F, 0xEF7F, 0xEF7F, 0xEF7F, 0xEF7F, 0xEF7F, 0xEF7E,
  0xF77E, 0xF77E, 0xF77E, 0xF77E, 0xF77D, 0xFF7D, 0xFF7D, 0xFF7D, 0xFF7C, 0xFF7C, 0xFF9C, 0xFF9C, 0xFF9C, 0xFF9C, 0xFF9C, 0xFF9C,
  0xFF9C, 0xFF9C, 0xFF9C, 0xFF9C, 0xFF9C, 0xFF7C, 0xFF7C, 0xFF7D, 0xFF7D, 0xFF7D, 0xFF7D, 0xFF7E, 0xF77E, 0xF77E, 0xF75E, 0xF75F,
  0xF75F, 0xF77F, 0xEF7F, 0xEF7F, 0xEF5F, 0xEF7F, 0xEF5F, 0xEF5F, 0xEF5F, 0xEF5F, 0xEF5F, 0xEF5F, 0xEF5F, 0xEF5F, 0xEF5F, 0xEF7F,
  0xF77F, 0xF77F, 0xF77F, 0xF77F, 0xF77F, 0xF75F, 0xF75F, 0xF75F, 0xF73F, 0xF73F, 0xF73F, 0xF73F, 0xFF3F, 0xFF3F, 0xFF3F, 0xFF3F,
  0xFF3F, 0xFF3F, 0xFF1F, 0xFF1F, 0xFF1F, 0xF71F, 0xF71F, 0xF71F, 0xF71F, 0xF73F, 0xF73F, 0xF73F, 0xF71F, 0xF73F, 0xF73F, 0xEF3F,
  0xEF3F, 0xEF3F, 0xEF3F, 0xEF5F, 0xEF3F, 0xEF3F, 0xEF5F, 0xEF5F, 0xE75F, 0xE75F, 0xE75F, 0xE75F, 0xE77F, 0xE77F, 0xE77F, 0xE77F,
  0xE77F, 0xE77F, 0xE77F, 0xE77F, 0xE77F, 0xE77F, 0xE77F, 0xE77F, 0xE77F, 0xE77F, 0xE77F, 0xE75F, 0xEF7F, 0xEF5F, 0xEF5F, 0xEF7F,
  0xEF7F, 0xEF7E, 0xF77E, 0xF77E, 0xF77E, 0xF77E, 0xF77E, 0xF79E, 0xFF9E, 0xFF9E, 0xFF9E, 0xFF9E, 0xFF9D, 0xFF9D, 0xFF9D, 0xFF9D,
  0xFFBD, 0xFFBD, 0xFF9D, 0xFFBD, 0xFFBD, 0xFFBD, 0xFFBD, 0xFFBD, 0xFFBD, 0xFFBD, 0xFFBD, 0xFFBD, 0xFFBE, 0xFFBE, 0xFFBE, 0xFFBE,
  0xFFBE, 0xFFDE, 0xFFDE, 0xFFDE, 0xFFDE, 0xFFDE, 0xFFDE, 0xFFDE, 0xFFDE, 0xFFDF, 0xFFDF, 0xFFDF, 0xFFDF, 0xFFDF, 0xFFFF, 0xFFFF,
  0xFFDF, 0xFFFF, 0xFFFF, 0xFFFF, 0xFFFF, 0xFFFF, 0xFFFF, 0xFFFF, 0xFFFF, 0xFFFF, 0xFFFF, 0xFFFF, 0xFFFF, 0xFFFF, 0xFFFF, 0xFFFF,
  0xFFFF, 0xFFFF, 0xFFFF, 0xFFFF, 0xFFFF, 0xFFFF, 0xFFFF, 0xFFFF, 0xFFFF, 0xFFFF, 0xFFFF, 0xFFFF, 0xFFFF, 0xFFFF, 0xFFFF, 0xFFFF,
  0xFFDF, 0xFFDF, 0xFFDF, 0xFFDF, 0xFFDF, 0xFFDF, 0xF7DF, 0xF7DF, 0xF7DF, 0xF7DF, 0xF7DF, 0xF7BF, 0xF7BF, 0xF7BF, 0xF7BF, 0xF7BF,
  0xF7BF, 0xEFBF, 0xEFBF, 0xEFBF, 0xEFBF, 0xEFBF, 0xEFBF, 0xEFBF, 0xEFBF, 0xEFBF, 0xEFBF, 0xEFBF, 0xEFBF, 0xEF9F, 0xEFBF, 0xEF9F,
  0xEF9F, 0xEF9F, 0xEFBF, 0xEF9F, 0xEF9F, 0xEF9F, 0xEF9F, 0xEF9F, 0xEF9F, 0xEF9F, 0xEF9F, 0xEF9F, 0xF79F, 0xF79F, 0xF79F, 0xF79F,
  0xF79E, 0xF79E, 0xF79E, 0xFF9E, 0xFF9E, 0xFF9E, 0xFF9E, 0xFF9D, 0xFF9D, 0xFF9D, 0xFF9D, 0xFFBD, 0xFFBD, 0xFFBD, 0xFFBD, 0xFFBD,
  0xFFBD, 0xFFBD, 0xFF9D, 0xFF9D, 0xFF9D, 0xFF9D, 0xFF9D, 0xFF9D, 0xFF9D, 0xFF9E, 0xFF9E, 0xFF9E, 0xFF9E, 0xF79E, 0xF79F, 0xF77F,
  0xF77F, 0xF79F, 0xF79F, 0xF79F, 0xF79F, 0xF79F, 0xF79F, 0xF77F, 0xF77F, 0xF77F, 0xF77F, 0xF77F, 0xF77F, 0xF77F, 0xF79F, 0xF79F,
  0xF79F, 0xF79F, 0xF79F, 0xF79F, 0xF79F, 0xF79F, 0xF77F, 0xF77F, 0xF77F, 0xFF7F, 0xFF5F, 0xFF5F, 0xFF5F, 0xFF5F, 0xFF5F, 0xFF5F,
  0xFF5F, 0xFF5F, 0xFF5F, 0xFF5F, 0xFF5F, 0xFF5F, 0xFF5F, 0xF75F, 0xF75F, 0xF75F, 0xF75F, 0xF75F, 0xF75F, 0xF75F, 0xF75F, 0xF75F,
  0xF75F, 0xF77F, 0xF77F, 0xF77F, 0xF77F, 0xEF7F, 0xEF7F, 0xEF7F, 0xEF7F, 0xEF7F, 0xEF7F, 0xEF7F, 0xEF7F, 0xEF7F, 0xEF9F, 0xEF9F,
  0xEF9F, 0xEF9F, 0xEF9F, 0xEF9F, 0xEF9F, 0xEF9F, 0xEF9F, 0xEF9F, 0xEF9F, 0xEF9F, 0xEF9F, 0xEF9F, 0xEF9F, 0xEF9F, 0xEF9F, 0xF79F,
  0xF79F, 0xF79F, 0xF79E, 0xF79E, 0xF79E, 0xF79E, 0xFF9E, 0xFF9E, 0xFF9E, 0xFF9E, 0xFFBE, 0xFFBE, 0xFFBE, 0xFFBE, 0xFFBE, 0xFFBE,
  0xFFBE, 0xFFBE, 0xFFBE, 0xFFBE, 0xFFBE, 0xFFBE, 0xFFBE, 0xFFBE, 0xFFDE, 0xFFDE, 0xFFDE, 0xFFBE, 0xFFDE, 0xFFDE, 0xFFDE, 0xFFDE,
  0xFFDE, 0xFFDE, 0xFFDE, 0xFFDE, 0xFFDF, 0xFFDF, 0xFFDF, 0xFFDF, 0xFFDF, 0xFFDF, 0xFFDF, 0xFFDF, 0xFFDF, 0xFFDF, 0xFFDF, 0xFFFF,
  0xFFFF, 0xFFFF, 0xFFFF, 0xFFFF, 0xFFFF, 0xFFFF, 0xFFFF, 0xFFFF, 0xFFFF, 0xFFFF, 0xFFFF, 0xFFFF, 0xFFFF, 0xFFFF, 0xFFFF, 0xFFFF,
  0xFFFF, 0xFFFF, 0xFFFF, 0xFFFF, 0xFFFF, 0xFFFF, 0xFFFF, 0xFFFF, 0xFFFF, 0xFFFF, 0xFFFF, 0xFFFF, 0xFFFF, 0xFFFF, 0xFFFF, 0xFFFF,
  0xFFFF, 0xFFFF, 0xFFFF, 0xFFFF, 0xFFFF, 0xFFDF, 0xFFDF, 0xFFDF, 0xFFDF, 0xFFDF, 0xF7DF, 0xF7DF, 0xF7DF, 0xF7DF, 0xF7DF, 0xF7DF,
  0xF7DF, 0xF7DF, 0xF7DF, 0xF7DF, 0xF7DF, 0xF7DF, 0xF7DF, 0xF7BF, 0xF7BF, 0xF7BF, 0xF7BF, 0xF7BF, 0xF7BF, 0xF7BF, 0xEFBF, 0xEFBF,
  0xEFBF, 0xEFBF, 0xF7BF, 0xF7BF, 0xF7BF, 0xF7BF, 0xF7BF, 0xF7BF, 0xF7BF, 0xF7BF, 0xF7BF, 0xF7BF, 0xF7BF, 0xF7BF, 0xF7BF, 0xF7BF,
  0xF79F, 0xFFBF, 0xFFBE, 0xFFBE, 0xFFBE, 0xFFBE, 0xFFBE, 0xFFBE, 0xFFBE, 0xFFBE, 0xFFBE, 0xFFBE, 0xFFBD, 0xFFBD, 0xFFBD, 0xFFBD,
  0xFFBD, 0xFFBD, 0xFFBD, 0xFFBD, 0xFFBE, 0xFFBE, 0xFFBE, 0xFFBE, 0xFFBE, 0xFFBE, 0xFFBE, 0xFF9E, 0xFFBF, 0xFFBF, 0xFFBF, 0xF79F,
  0xF79F, 0xF79F, 0xF7BF, 0xF7BF, 0xF7BF, 0xF7BF, 0xF79F, 0xF79F, 0xF79F, 0xF79F, 0xF79F, 0xF79F, 0xF79F, 0xF79F, 0xF7BF, 0xF7BF,
  0xF7BF, 0xF7BF, 0xF7BF, 0xF7BF, 0xF79F, 0xFF9F, 0xFF9F, 0xF79F, 0xFF9F, 0xFF7F, 0xFF7F, 0xFF7F, 0xFF7F, 0xFF7F, 0xFF7F, 0xFF7F,
  0xFF7F, 0xFF7F, 0xFF7F, 0xFF7F, 0xFF7F, 0xFF7F, 0xFF7F, 0xFF7F, 0xFF7F, 0xFF9F, 0xFF9F, 0xFF9F, 0xFF9F, 0xF79F, 0xF77F, 0xF79F,
  0xF77F, 0xF79F, 0xF79F, 0xF79F, 0xF79F, 0xF79F, 0xF79F, 0xF79F, 0xF79F, 0xF79F, 0xF79F, 0xEF9F, 0xEF9F, 0xEF9F, 0xEF9F, 0xEFBF,
  0xEFBF, 0xEFBF, 0xEFBF, 0xEFBF, 0xEFBF, 0xEFBF, 0xEF9F, 0xEFBF, 0xEFBF, 0xF7BF, 0xF7BF, 0xF79F, 0xF79F, 0xF7BF, 0xF7BF, 0xF79F,
  0xF7BF, 0xF79F, 0xF7BF, 0xF79F, 0xF7BF, 0xFFBF, 0xFFBF, 0xFFBF, 0xFFBE, 0xFFBE, 0xFFBE, 0xFFBE, 0xFFBE, 0xFFBE, 0xFFDE, 0xFFBE,
  0xFFDE, 0xFFDE, 0xFFDE, 0xFFDE, 0xFFDE, 0xFFDE, 0xFFDE, 0xFFDE, 0xFFDE, 0xFFDE, 0xFFDE, 0xFFDE, 0xFFDE, 0xFFDE, 0xFFDE, 0xFFDE,
  0xFFDE, 0xFFDF, 0xFFDF, 0xFFDF, 0xFFDF, 0xFFDF, 0xFFDF, 0xFFFF, 0xFFFF, 0xFFDF, 0xFFFF, 0xFFFF, 0xFFFF, 0xFFFF, 0xFFFF, 0xFFFF,
  0xFFFF, 0xFFFF, 0xFFFF, 0xFFFF, 0xFFFF, 0xFFFF, 0xFFFF, 0xFFFF, 0xFFFF, 0xFFFF, 0xFFFF, 0xFFFF, 0xFFFF, 0xFFFF, 0xFFFF, 0xFFFF,
  0xFFFF, 0xFFFF, 0xFFFF, 0xFFFF, 0xFFFF, 0xFFFF, 0xFFFF, 0xFFFF, 0xFFFF, 0xFFFF, 0xFFFF, 0xFFFF, 0xFFFF, 0xFFFF, 0xFFFF, 0xFFFF,
  0xFFFF, 0xFFFF, 0xFFFF, 0xFFFF, 0xFFFF, 0xFFFF, 0xFFFF, 0xFFFF, 0xFFDF, 0xFFDF, 0xFFDF, 0xFFDF, 0xFFDF, 0xFFDF, 0xFFDF, 0xF7DF,
  0xF7DF, 0xF7DF, 0xF7DF, 0xF7DF, 0xF7DF, 0xF7DF, 0xF7DF, 0xF7DF, 0xF7DF, 0xF7DF, 0xF7DF, 0xF7DF, 0xF7DF, 0xF7DF, 0xF7DF, 0xF7DF,
  0xF7DF, 0xF7DF, 0xF7DF, 0xF7DF, 0xF7DF, 0xF7DF, 0xF7DF, 0xF7BF, 0xF7BF, 0xF7DF, 0xF7BF, 0xF7BF, 0xF7BF, 0xF7BF, 0xFFBF, 0xF7BF,
  0xFFBF, 0xFFDF, 0xFFDF, 0xFFDF, 0xFFDF, 0xFFDE, 0xFFDE, 0xFFBE, 0xFFBE, 0xFFBE, 0xFFDE, 0xFFDE, 0xFFDE, 0xFFBE, 0xFFBE, 0xFFBE,
  0xFFBE, 0xFFDE, 0xFFBE, 0xFFDE, 0xFFBE, 0xFFBE, 0xFFBE, 0xFFBE, 0xFFBE, 0xFFBE, 0xFFBF, 0xFFBF, 0xFFBF, 0xFFBF, 0xFFBF, 0xFFBF,
  0xFFBF, 0xFFBF, 0xFFBF, 0xFFBF, 0xFFBF, 0xF7BF, 0xF7BF, 0xF7BF, 0xF7BF, 0xF7BF, 0xF7BF, 0xF7BF, 0xF7BF, 0xF7BF, 0xF7BF, 0xFFBF,
  0xFFBF, 0xFFBF, 0xFFBF, 0xFFBF, 0xFFBF, 0xFFBF, 0xFFBF, 0xFFBF, 0xFFBF, 0xFF9F, 0xFF9F, 0xFF9F, 0xFF9F, 0xFF9F, 0xFF9F, 0xFF9F,
  0xFF9F, 0xFF9F, 0xFF9F, 0xFF9F, 0xFF9F, 0xFF9F, 0xFF9F, 0xFF9F, 0xFF9F, 0xFFBF, 0xFFBF, 0xFFBF, 0xFFBF, 0xFFBF, 0xFFBF, 0xFFBF,
  0xFFBF, 0xFFBF, 0xF7BF, 0xF7BF, 0xF7BF, 0xF7BF, 0xF7BF, 0xF7BF, 0xF7BF, 0xF7BF, 0xF7BF, 0xF7BF, 0xF7BF, 0xF7BF, 0xF7BF, 0xF7BF,
  0xF7BF, 0xF7BF, 0xF7BF, 0xF7BF, 0xF7BF, 0xF7BF, 0xF7BF, 0xF7BF, 0xF7BF, 0xF7BF, 0xF7BF, 0xF7BF, 0xF7BF, 0xF7BF, 0xF7BF, 0xF7BF,
  0xF7BF, 0xFFBF, 0xF7BF, 0xFFBF, 0xFFBF, 0xFFBF, 0xFFDF, 0xFFDF, 0xFFDF, 0xFFDF, 0xFFDF, 0xFFDE, 0xFFDE, 0xFFDF, 0xFFDE, 0xFFDE,
  0xFFDE, 0xFFDE, 0xFFDE, 0xFFDF, 0xFFDF, 0xFFDF, 0xFFDF, 0xFFDF, 0xFFDF, 0xFFDF, 0xFFDF, 0xFFDF, 0xFFDF, 0xFFDF, 0xFFDF, 0xFFDF,
  0xFFDF, 0xFFDF, 0xFFDF, 0xFFDF, 0xFFFF, 0xFFFF, 0xFFDF, 0xFFFF, 0xFFFF, 0xFFFF, 0xFFFF, 0xFFFF, 0xFFFF, 0xFFFF, 0xFFFF, 0xFFFF,
  0xFFFF, 0xFFFF, 0xFFFF, 0xFFFF, 0xFFFF, 0xFFFF, 0xFFFF, 0xFFFF, 0xFFFF, 0xFFFF, 0xFFFF, 0xFFFF, 0xFFFF, 0xFFFF, 0xFFFF, 0xFFFF,
  0xFFFF, 0xFFFF, 0xFFFF, 0xFFFF, 0xFFFF, 0xFFFF, 0xFFFF, 0xFFFF, 0xFFFF, 0xFFFF, 0xFFFF, 0xFFFF, 0xFFFF, 0xFFFF, 0xFFFF, 0xFFFF,
  0xFFFF, 0xFFFF, 0xFFFF, 0xFFFF, 0xFFFF, 0xFFFF, 0xFFFF, 0xFFFF, 0xFFFF, 0xFFFF, 0xFFFF, 0xFFFF, 0xFFFF, 0xFFFF, 0xFFFF, 0xFFFF,
  0xFFFF, 0xFFFF, 0xFFDF, 0xFFDF, 0xFFDF, 0xFFDF, 0xFFDF, 0xFFDF, 0xF7DF, 0xF7DF, 0xF7DF, 0xF7DF, 0xF7DF, 0xF7DF, 0xF7DF, 0xF7DF,
  0xF7DF, 0xF7DF, 0xF7DF, 0xF7DF, 0xF7DF, 0xF7DF, 0xFFDF, 0xFFDF, 0xFFDF, 0xFFDF, 0xFFDF, 0xFFDF, 0xFFDF, 0xFFDF, 0xFFDF, 0xFFDF,
  0xFFDF, 0xFFDF, 0xFFDF, 0xFFDF, 0xFFDF, 0xFFDF, 0xFFDF, 0xFFDF, 0xFFDE, 0xFFDE, 0xFFDE, 0xFFDE, 0xFFDE, 0xFFDE, 0xFFDE, 0xFFDE,
  0xFFDE, 0xFFDE, 0xFFDE, 0xFFDE, 0xFFDE, 0xFFDE, 0xFFDE, 0xFFDF, 0xFFDF, 0xFFDF, 0xFFDF, 0xFFDF, 0xFFDF, 0xFFDF, 0xFFDF, 0xFFDF,
  0xFFDF, 0xFFDF, 0xFFDF, 0xFFDF, 0xFFDF, 0xFFDF, 0xFFDF, 0xFFDF, 0xFFDF, 0xFFDF, 0xFFDF, 0xFFDF, 0xFFDF, 0xFFDF, 0xFFDF, 0xFFDF,
  0xFFDF, 0xFFDF, 0xFFDF, 0xFFDF, 0xFFDF, 0xFFDF, 0xFFDF, 0xFFDF, 0xFFBF, 0xFFBF, 0xFFBF, 0xFFBF, 0xFFBF, 0xFFBF, 0xFFBF, 0xFFBF,
  0xFFBF, 0xFFBF, 0xFFBF, 0xFFBF, 0xFFBF, 0xFFBF, 0xFFBF, 0xFFBF, 0xFFBF, 0xFFBF, 0xFFBF, 0xFFBF, 0xFFBF, 0xFFBF, 0xFFDF, 0xFFBF,
  0xFFBF, 0xFFDF, 0xFFDF, 0xFFDF, 0xFFDF, 0xFFDF, 0xFFDF, 0xFFDF, 0xFFDF, 0xFFDF, 0xF7DF, 0xF7DF, 0xF7DF, 0xF7DF, 0xF7DF, 0xF7DF,
  0xF7DF, 0xF7DF, 0xF7DF, 0xF7DF, 0xF7DF, 0xF7DF, 0xF7DF, 0xF7DF, 0xF7DF, 0xF7DF, 0xF7DF, 0xFFDF, 0xFFDF, 0xFFDF, 0xFFDF, 0xFFDF,
  0xFFDF, 0xFFDF, 0xFFDF, 0xFFDF, 0xFFDF, 0xFFDF, 0xFFDF, 0xFFDF, 0xFFDF, 0xFFDF, 0xFFDF, 0xFFDF, 0xFFDF, 0xFFDF, 0xFFDF, 0xFFDF,
  0xFFDF, 0xFFDF, 0xFFDF, 0xFFDF, 0xFFDF, 0xFFDF, 0xFFDF, 0xFFFF, 0xFFDF, 0xFFFF, 0xFFFF, 0xFFFF, 0xFFFF, 0xFFFF, 0xFFFF, 0xFFFF,
  0xFFFF, 0xFFFF, 0xFFFF, 0xFFFF, 0xFFFF, 0xFFFF, 0xFFFF, 0xFFFF, 0xFFFF, 0xFFFF, 0xFFFF, 0xFFFF, 0xFFFF, 0xFFFF, 0xFFFF, 0xFFFF,
  0xFFFF, 0xFFFF, 0xFFFF, 0xFFFF, 0xFFFF, 0xFFFF, 0xFFFF, 0xFFFF, 0xFFFF, 0xFFFF, 0xFFFF, 0xFFFF, 0xFFFF, 0xFFFF, 0xFFFF, 0xFFFF,
  0xFFFF, 0xFFFF, 0xFFFF, 0xFFFF, 0xFFFF, 0xFFFF, 0xFFFF, 0xFFFF, 0xFFFF, 0xFFFF, 0xFFFF, 0xFFFF, 0xFFFF, 0xFFFF, 0xFFFF, 0xFFFF,
  0xFFFF, 0xFFFF, 0xFFFF, 0xFFFF, 0xFFFF, 0xFFFF, 0xFFFF, 0xFFFF, 0xFFFF, 0xFFFF, 0xFFFF, 0xFFFF, 0xFFFF, 0xFFFF, 0xFFFF, 0xFFFF,
  0xFFFF, 0xFFFF, 0xFFFF, 0xFFFF, 0xFFFF, 0xFFFF, 0xFFFF, 0xFFFF, 0xFFFF, 0xFFFF, 0xFFFF, 0xFFFF, 0xFFDF, 0xFFDF, 0xFFDF, 0xFFFF,
  0xFFDF, 0xFFDF, 0xFFFF, 0xFFFF, 0xFFDF, 0xFFDF, 0xFFDF, 0xFFDF, 0xFFDF, 0xFFDF, 0xFFDF, 0xFFDF, 0xFFDF, 0xFFDF, 0xFFDF, 0xFFDF,
  0xFFDF, 0xFFDF, 0xFFDF, 0xFFDF, 0xFFDF, 0xFFDF, 0xFFDF, 0xFFDF, 0xFFDF, 0xFFDF, 0xFFDF, 0xFFDF, 0xFFDF, 0xFFDF, 0xFFDF, 0xFFDF,
  0xFFDF, 0xFFDF, 0xFFDF, 0xFFDF, 0xFFDF, 0xFFDF, 0xFFDF, 0xFFDF, 0xFFDF, 0xFFDF, 0xFFDF, 0xFFDF, 0xFFDF, 0xFFDF, 0xFFDF, 0xFFDF,
  0xFFDF, 0xFFDF, 0xFFDF, 0xFFDF, 0xFFDF, 0xFFDF, 0xFFDF, 0xFFDF, 0xFFDF, 0xFFDF, 0xFFDF, 0xFFDF, 0xFFDF, 0xFFDF, 0xFFDF, 0xFFDF,
  0xFFDF, 0xFFDF, 0xFFDF, 0xFFDF, 0xFFDF, 0xFFDF, 0xFFDF, 0xFFDF, 0xFFDF, 0xFFDF, 0xFFDF, 0xFFDF, 0xFFDF, 0xFFDF, 0xFFDF, 0xFFDF,
  0xFFDF, 0xFFDF, 0xFFDF, 0xFFDF, 0xFFDF, 0xFFDF, 0xFFDF, 0xFFDF, 0xFFDF, 0xFFDF, 0xFFDF, 0xFFDF, 0xFFDF, 0xFFDF, 0xFFDF, 0xFFDF,
  0xFFDF, 0xFFDF, 0xFFDF, 0xFFDF, 0xFFDF, 0xFFDF, 0xFFDF, 0xFFDF, 0xFFDF, 0xFFDF, 0xFFDF, 0xFFDF, 0xFFDF, 0xFFDF, 0xFFDF, 0xFFDF,
  0xFFDF, 0xFFDF, 0xFFDF, 0xFFDF, 0xFFDF, 0xFFDF, 0xFFDF, 0xFFDF, 0xFFDF, 0xFFDF, 0xFFDF, 0xFFDF, 0xFFDF, 0xFFDF, 0xFFDF, 0xFFDF,
  0xFFDF, 0xFFDF, 0xFFDF, 0xFFFF, 0xFFDF, 0xFFDF, 0xFFDF, 0xFFDF, 0xFFDF, 0xFFDF, 0xFFDF, 0xFFDF, 0xFFDF, 0xFFDF, 0xFFDF, 0xFFFF,
  0xFFDF, 0xFFFF, 0xFFFF, 0xFFFF, 0xFFFF, 0xFFFF, 0xFFFF, 0xFFFF, 0xFFFF, 0xFFFF, 0xFFFF, 0xFFFF, 0xFFFF, 0xFFFF, 0xFFFF, 0xFFFF,
  0xFFFF, 0xFFFF, 0xFFFF, 0xFFFF, 0xFFFF, 0xFFFF, 0xFFFF, 0xFFFF, 0xFFFF, 0xFFFF, 0xFFFF, 0xFFFF, 0xFFFF, 0xFFFF, 0xFFFF, 0xFFFF,
  0xFFFF, 0xFFFF, 0xFFFF, 0xFFFF, 0xFFFF, 0xFFFF, 0xFFFF, 0xFFFF, 0xFFFF, 0xFFFF, 0xFFFF, 0xFFFF, 0xFFFF, 0xFFFF, 0xFFFF, 0xFFFF,
  0xFFFF, 0xFFFF, 0xFFFF, 0xFFFF, 0xFFFF, 0xFFFF, 0xFFFF, 0xFFFF, 0xFFFF, 0xFFFF, 0xFFFF, 0xFFFF, 0xFFFF, 0xFFFF, 0xFFFF, 0xFFFF,
  0xFFFF, 0xFFFF, 0xFFFF, 0xFFFF, 0xFFFF, 0xFFFF, 0xFFFF, 0xFFFF, 0xFFFF, 0xFFFF, 0xFFFF, 0xFFFF, 0xFFFF, 0xFFFF, 0xFFFF, 0xFFFF,
  0xFFFF, 0xFFFF, 0xFFFF, 0xFFFF, 0xFFFF, 0xFFFF, 0xFFFF, 0xFFFF, 0xFFFF, 0xFFFF, 0xFFFF, 0xFFFF, 0xFFFF, 0xFFFF, 0xFFFF, 0xFFFF,
  0xFFFF, 0xFFFF, 0xFFFF, 0xFFFF, 0xFFFF, 0xFFFF, 0xFFFF, 0xFFFF, 0xFFFF, 0xFFFF, 0xFFFF, 0xFFFF, 0xFFFF, 0xFFFF, 0xFFFF, 0xFFFF,
  0xFFFF, 0xFFFF, 0xFFFF, 0xFFFF, 0xFFDF, 0xFFDF, 0xFFFF, 0xFFFF, 0xFFFF, 0xFFFF, 0xFFFF, 0xFFFF, 0xFFFF, 0xFFFF, 0xFFFF, 0xFFFF,
  0xFFFF, 0xFFFF, 0xFFFF, 0xFFFF, 0xFFFF, 0xFFFF, 0xFFFF, 0xFFDF, 0xFFFF, 0xFFDF, 0xFFDF, 0xFFFF, 0xFFDF, 0xFFFF, 0xFFFF, 0xFFDF,
  0xFFFF, 0xFFFF, 0xFFFF, 0xFFFF, 0xFFFF, 0xFFFF, 0xFFFF, 0xFFFF, 0xFFFF, 0xFFFF, 0xFFFF, 0xFFDF, 0xFFFF, 0xFFFF, 0xFFFF, 0xFFFF,
  0xFFFF, 0xFFFF, 0xFFFF, 0xFFFF, 0xFFFF, 0xFFFF, 0xFFFF, 0xFFFF, 0xFFDF, 0xFFDF, 0xFFDF, 0xFFDF, 0xFFDF, 0xFFDF, 0xFFDF, 0xFFDF,
  0xFFDF, 0xFFDF, 0xFFDF, 0xFFDF, 0xFFDF, 0xFFDF, 0xFFDF, 0xFFDF, 0xFFDF, 0xFFDF, 0xFFDF, 0xFFDF, 0xFFDF, 0xFFDF, 0xFFDF, 0xFFDF,
  0xFFDF, 0xFFFF, 0xFFFF, 0xFFFF, 0xFFFF, 0xFFFF, 0xFFFF, 0xFFFF, 0xFFFF, 0xFFDF, 0xFFDF, 0xFFFF, 0xFFFF, 0xFFFF, 0xFFFF, 0xFFFF,
  0xFFFF, 0xFFDF, 0xFFFF, 0xFFFF, 0xFFFF, 0xFFFF, 0xFFFF, 0xFFFF, 0xFFFF, 0xFFDF, 0xFFFF, 0xFFFF, 0xFFFF, 0xFFFF, 0xFFFF, 0xFFFF,
  0xFFFF, 0xFFFF, 0xFFFF, 0xFFFF, 0xFFFF, 0xFFFF, 0xFFFF, 0xFFFF, 0xFFFF, 0xFFFF, 0xFFFF, 0xFFFF, 0xFFFF, 0xFFFF, 0xFFFF, 0xFFFF,
  0xFFFF, 0xFFFF, 0xFFFF, 0xFFFF, 0xFFFF, 0xFFFF, 0xFFFF, 0xFFFF, 0xFFFF, 0xFFFF, 0xFFFF, 0xFFFF, 0xFFFF, 0xFFFF, 0xFFFF, 0xFFFF,
  0xFFFF, 0xFFFF, 0xFFFF, 0xFFFF, 0xFFFF, 0xFFFF, 0xFFFF, 0xFFFF, 0xFFFF, 0xFFFF, 0xFFFF, 0xFFFF, 0xFFFF, 0xFFFF, 0xFFFF, 0xFFFF,
  0xFFFF, 0xFFFF, 0xFFFF, 0xFFFF, 0xFFFF, 0xFFFF, 0xFFFF, 0xFFFF, 0xFFFF, 0xFFFF, 0xFFFF, 0xFFFF, 0xFFFF, 0xFFFF, 0xFFFF, 0xFFFF,
  0xFFFF, 0xFFFF, 0xFFFF, 0xFFFF, 0xFFFF, 0xFFFF, 0xFFFF, 0xFFFF, 0xFFFF, 0xFFFF, 0xFFFF, 0xFFFF, 0xFFFF, 0xFFFF, 0xFFFF, 0xFFFF,
  0xFFFF, 0xFFFF, 0xFFFF, 0xFFFF, 0xFFFF, 0xFFFF, 0xFFFF, 0xFFFF, 0xFFFF, 0xFFFF, 0xFFFF, 0xFFFF, 0xFFFF, 0xFFFF, 0xFFFF, 0xFFFF,
  0xFFFF, 0xFFFF, 0xFFFF, 0xFFFF, 0xFFFF, 0xFFFF, 0xFFFF, 0xFFFF, 0xFFFF, 0xFFFF, 0xFFFF, 0xFFFF, 0xFFFF, 0xFFFF, 0xFFFF, 0xFFFF,
  0xFFFF, 0xFFFF, 0xFFFF, 0xFFFF, 0xFFFF, 0xFFFF, 0xFFFF, 0xFFFF, 0xFFFF, 0xFFFF, 0xFFFF, 0xFFFF, 0xFFFF, 0xFFFF, 0xFFFF, 0xFFFF,
  0xFFFF, 0xFFFF, 0xFFFF, 0xFFFF, 0xFFFF, 0xFFFF, 0xFFFF, 0xFFFF, 0xFFFF, 0xFFFF, 0xFFFF, 0xFFFF, 0xFFFF, 0xFFFF, 0xFFFF, 0xFFFF,
  0xFFFF, 0xFFFF, 0xFFFF, 0xFFFF, 0xFFFF, 0xFFFF, 0xFFFF, 0xFFFF, 0xFFFF, 0xFFFF, 0xFFFF, 0xFFFF, 0xFFFF, 0xFFFF, 0xFFFF, 0xFFFF,
  0xFFFF, 0xFFFF, 0xFFFF, 0xFFFF, 0xFFFF, 0xFFFF, 0xFFFF, 0xFFFF, 0xFFFF, 0xFFFF, 0xFFFF, 0xFFFF, 0xFFFF, 0xFFFF, 0xFFFF, 0xFFFF,
  0xFFFF, 0xFFFF, 0xFFFF, 0xFFFF, 0xFFFF, 0xFFFF, 0xFFFF, 0xFFFF, 0xFFFF, 0xFFFF, 0xFFFF, 0xFFFF, 0xFFFF, 0xFFFF, 0xFFFF, 0xFFFF,
  0xFFFF, 0xFFFF, 0xFFFF, 0xFFFF, 0xFFFF, 0xFFFF, 0xFFFF, 0xFFFF, 0xFFFF, 0xFFFF, 0xFFFF, 0xFFFF, 0xFFFF, 0xFFFF, 0xFFFF, 0xFFFF,
  0xFFFF, 0xFFFF, 0xFFFF, 0xFFFF, 0xFFFF, 0xFFFF, 0xFFFF, 0xFFFF, 0xFFFF, 0xFFFF, 0xFFFF, 0xFFFF, 0xFFFF, 0xFFFF, 0xFFFF, 0xFFFF,
  0xFFFF, 0xFFFF, 0xFFFF, 0xFFFF, 0xFFFF, 0xFFFF, 0xFFFF, 0xFFFF, 0xFFFF, 0xFFFF, 0xFFFF, 0xFFFF, 0xFFFF, 0xFFFF, 0xFFFF, 0xFFFF,
  0xFFFF, 0xFFFF, 0xFFFF, 0xFFFF, 0xFFFF, 0xFFFF, 0xFFFF, 0xFFFF, 0xFFFF, 0xFFFF, 0xFFFF, 0xFFFF, 0xFFFF, 0xFFFF, 0xFFFF, 0xFFFF,
  0xFFFF, 0xFFFF, 0xFFFF, 0xFFFF, 0xFFFF, 0xFFFF, 0xFFFF, 0xFFFF, 0xFFFF, 0xFFFF, 0xFFFF, 0xFFFF, 0xFFFF, 0xFFFF, 0xFFFF, 0xFFFF,
  0xFFFF, 0xFFFF, 0xFFFF, 0xFFFF, 0xFFFF, 0xFFFF, 0xFFFF, 0xFFFF, 0xFFFF, 0xFFFF, 0xFFFF, 0xFFFF, 0xFFFF, 0xFFFF, 0xFFFF, 0xFFFF,
  0xFFFF, 0xFFFF, 0xFFFF, 0xFFFF, 0xFFFF, 0xFFFF, 0xFFFF, 0xFFFF, 0xFFFF, 0xFFFF, 0xFFFF, 0xFFFF, 0xFFFF, 0xFFFF, 0xFFFF, 0xFFFF,
  0xFFFF, 0xFFFF, 0xFFFF, 0xFFFF, 0xFFFF, 0xFFFF, 0xFFFF, 0xFFFF, 0xFFFF, 0xFFFF, 0xFFFF, 0xFFFF, 0xFFFF, 0xFFFF, 0xFFFF, 0xFFFF,
  0xFFFF, 0xFFFF, 0xFFFF, 0xFFFF, 0xFFFF, 0xFFFF, 0xFFFF, 0xFFFF, 0xFFFF, 0xFFFF, 0xFFFF, 0xFFFF, 0xFFFF, 0xFFFF, 0xFFFF, 0xFFFF,
  0xFFFF, 0xFFFF, 0xFFFF, 0xFFFF, 0xFFFF, 0xFFFF, 0xFFFF, 0xFFFF, 0xFFFF, 0xFFFF, 0xFFFF, 0xFFFF, 0xFFFF, 0xFFFF, 0xFFFF, 0xFFFF,
  0xFFFF, 0xFFFF, 0xFFFF, 0xFFFF, 0xFFFF, 0xFFFF, 0xFFFF, 0xFFFF, 0xFFFF, 0xFFFF, 0xFFFF, 0xFFFF, 0xFFFF, 0xFFFF, 0xFFFF, 0xFFFF,
  0xFFFF, 0xFFFF, 0xFFFF, 0xFFFF, 0xFFFF, 0xFFFF, 0xFFFF, 0xFFFF, 0xFFFF, 0xFFFF, 0xFFFF, 0xFFFF, 0xFFFF, 0xFFFF, 0xFFFF, 0xFFFF,
  0xFFFF, 0xFFFF, 0xFFFF, 0xFFFF, 0xFFFF, 0xFFFF, 0xFFFF, 0xFFFF, 0xFFFF, 0xFFFF, 0xFFFF, 0xFFFF, 0xFFFF, 0xFFFF, 0xFFFF, 0xFFFF,
  0xFFFF, 0xFFFF, 0xFFFF, 0xFFFF, 0xFFFF, 0xFFFF, 0xFFFF, 0xFFFF, 0xFFFF, 0xFFFF, 0xFFFF, 0xFFFF, 0xFFFF, 0xFFFF, 0xFFFF, 0xFFFF,
  0xFFFF, 0xFFFF, 0xFFFF, 0xFFFF, 0xFFFF, 0xFFFF, 0xFFFF, 0xFFFF, 0xFFFF, 0xFFFF, 0xFFFF, 0xFFFF, 0xFFFF, 0xFFFF, 0xFFFF, 0xFFFF,
  0xFFFF, 0xFFFF, 0xFFFF, 0xFFFF, 0xFFFF, 0xFFFF, 0xFFFF, 0xFFFF, 0xFFFF, 0xFFFF, 0xFFFF, 0xFFFF, 0xFFFF, 0xFFFF, 0xFFFF, 0xFFFF,
  0xFFFF, 0xFFFF, 0xFFFF, 0xFFFF, 0xFFFF, 0xFFFF, 0xFFFF, 0xFFFF, 0xFFFF, 0xFFFF, 0xFFFF, 0xFFFF, 0xFFFF, 0xFFFF, 0xFFFF, 0xFFFF,
  0xFFFF, 0xFFFF, 0xFFFF, 0xFFFF, 0xFFFF, 0xFFFF, 0xFFFF, 0xFFFF, 0xFFFF, 0xFFFF, 0xFFFF, 0xFFFF, 0xFFFF, 0xFFFF, 0xFFFF, 0xFFFF,
  0xFFFF, 0xFFFF, 0xFFFF, 0xFFFF, 0xFFFF, 0xFFFF, 0xFFFF, 0xFFFF, 0xFFFF, 0xFFFF, 0xFFFF, 0xFFFF, 0xFFFF, 0xFFFF, 0xFFFF, 0xFFFF,
  0xFFFF, 0xFFFF, 0xFFFF, 0xFFFF, 0xFFFF, 0xFFFF, 0xFFFF, 0xFFFF, 0xFFFF, 0xFFFF, 0xFFFF, 0xFFFF, 0xFFFF, 0xFFFF, 0xFFFF, 0xFFFF,
  0xFFFF, 0xFFFF, 0xFFFF, 0xFFFF, 0xFFFF, 0xFFFF, 0xFFFF, 0xFFFF, 0xFFFF, 0xFFFF, 0xFFFF, 0xFFFF, 0xFFFF, 0xFFFF, 0xFFFF, 0xFFFF,
  0xFFFF, 0xFFFF, 0xFFFF, 0xFFFF, 0xFFFF, 0xFFFF, 0xFFFF, 0xFFFF, 0xFFFF, 0xFFFF, 0xFFFF, 0xFFFF, 0xFFFF, 0xFFFF, 0xFFFF, 0xFFFF,
  0xFFFF, 0xFFFF, 0xFFFF, 0xFFFF, 0xFFFF, 0xFFFF, 0xFFFF, 0xFFFF, 0xFFFF, 0xFFFF, 0xFFFF, 0xFFFF, 0xFFFF, 0xFFFF, 0xFFFF, 0xFFFF,
  0xFFFF, 0xFFFF, 0xFFFF, 0xFFFF, 0xFFFF, 0xFFFF, 0xFFFF, 0xFFFF, 0xFFFF, 0xFFFF, 0xFFFF, 0xFFFF, 0xFFFF, 0xFFFF, 0xFFFF, 0xFFFF,
  0xFFFF, 0xFFFF, 0xFFFF, 0xFFFF, 0xFFFF, 0xFFFF, 0xFFFF, 0xFFFF, 0xFFFF, 0xFFFF, 0xFFFF, 0xFFFF, 0xFFFF, 0xFFFF, 0xFFFF, 0xFFFF,
  0xFFFF, 0xFFFF, 0xFFFF, 0xFFFF, 0xFFFF, 0xFFFF, 0xFFFF, 0xFFFF, 0xFFFF, 0xFFFF, 0xFFFF, 0xFFFF, 0xFFFF, 0xFFFF, 0xFFFF, 0xFFFF,
  0xFFFF, 0xFFFF, 0xFFFF, 0xFFFF, 0xFFFF, 0xFFFF, 0xFFFF, 0xFFFF, 0xFFFF, 0xFFFF, 0xFFFF, 0xFFFF, 0xFFFF, 0xFFFF, 0xFFFF, 0xFFFF,
  0xFFFF, 0xFFFF, 0xFFFF, 0xFFFF, 0xFFFF, 0xFFFF, 0xFFFF, 0xFFFF, 0xFFFF, 0xFFFF, 0xFFFF, 0xFFFF, 0xFFFF, 0xFFFF, 0xFFFF, 0xFFFF,
  0xFFFF, 0xFFFF, 0xFFFF, 0xFFFF, 0xFFFF, 0xFFFF, 0xFFFF, 0xFFFF, 0xFFFF, 0xFFFF, 0xFFFF, 0xFFFF, 0xFFFF, 0xFFFF, 0xFFFF, 0xFFFF,
  0xFFFF, 0xFFFF, 0xFFFF, 0xFFFF, 0xFFFF, 0xFFFF, 0xFFFF, 0xFFFF, 0xFFFF, 0xFFFF, 0xFFFF, 0xFFFF, 0xFFFF, 0xFFFF, 0xFFFF, 0xFFFF,
  0xFFFF, 0xFFFF, 0xFFFF, 0xFFFF, 0xFFFF, 0xFFFF, 0xFFFF, 0xFFFF, 0xFFFF, 0xFFFF, 0xFFFF, 0xFFFF, 0xFFFF, 0xFFFF, 0xFFFF, 0xFFFF,
  0xFFFF, 0xFFFF, 0xFFFF, 0xFFFF, 0xFFFF, 0xFFFF, 0xFFFF, 0xFFFF, 0xFFFF, 0xFFFF, 0xFFFF, 0xFFFF, 0xFFFF, 0xFFFF, 0xFFFF, 0xFFFF,
  0xFFFF, 0xFFFF, 0xFFFF, 0xFFFF, 0xFFFF, 0xFFFF, 0xFFFF, 0xFFFF, 0xFFFF, 0xFFFF, 0xFFFF, 0xFFFF, 0xFFFF, 0xFFFF, 0xFFFF, 0xFFFF,
  0xFFFF, 0xFFFF, 0xFFFF, 0xFFFF, 0xFFFF, 0xFFFF, 0xFFFF, 0xFFFF, 0xFFFF, 0xFFFF, 0xFFFF, 0xFFFF, 0xFFFF, 0xFFFF, 0xFFFF, 0xFFFF,
  0xFFFF, 0xFFFF, 0xFFFF, 0xFFFF, 0xFFFF, 0xFFFF, 0xFFFF, 0xFFFF, 0xFFFF, 0xFFFF, 0xFFFF, 0xFFFF, 0xFFFF, 0xFFFF, 0xFFFF, 0xFFFF,
  0xFFFF, 0xFFFF, 0xFFFF, 0xFFFF, 0xFFFF, 0xFFFF, 0xFFFF, 0xFFFF, 0xFFFF, 0xFFFF, 0xFFFF, 0xFFFF, 0xFFFF, 0xFFFF, 0xFFFF, 0xFFFF,
  0xFFFF, 0xFFFF, 0xFFFF, 0xFFFF, 0xFFFF, 0xFFFF, 0xFFFF, 0xFFFF, 0xFFFF, 0xFFFF, 0xFFFF, 0xFFFF, 0xFFFF, 0xFFFF, 0xFFFF, 0xFFFF,
  0xFFFF, 0xFFFF, 0xFFFF, 0xFFFF, 0xFFFF, 0xFFFF, 0xFFFF, 0xFFFF, 0xFFFF, 0xFFFF, 0xFFFF, 0xFFFF, 0xFFFF, 0xFFFF, 0xFFFF, 0xFFFF,
  0xFFFF, 0xFFFF, 0xFFFF, 0xFFFF, 0xFFFF, 0xFFFF, 0xFFFF, 0xFFFF, 0xFFFF, 0xFFFF, 0xFFFF, 0xFFFF, 0xFFFF, 0xFFFF, 0xFFFF, 0xFFFF,
  0xFFFF, 0xFFFF, 0xFFFF, 0xFFFF, 0xFFFF, 0xFFFF, 0xFFFF, 0xFFFF, 0xFFFF, 0xFFFF, 0xFFFF, 0xFFFF, 0xFFFF, 0xFFFF, 0xFFFF, 0xFFFF,
  0xFFFF, 0xFFFF, 0xFFFF, 0xFFFF, 0xFFFF, 0xFFFF, 0xFFFF, 0xFFFF, 0xFFFF, 0xFFFF, 0xFFFF, 0xFFFF, 0xFFFF, 0xFFFF, 0xFFFF, 0xFFFF,
  0xFFFF, 0xFFFF, 0xFFFF, 0xFFFF, 0xFFFF, 0xFFFF, 0xFFFF, 0xFFFF, 0xFFFF, 0xFFFF, 0xFFFF, 0xFFFF, 0xFFFF, 0xFFFF, 0xFFFF, 0xFFFF,
  0xFFFF, 0xFFFF, 0xFFFF, 0xFFFF, 0xFFFF, 0xFFFF, 0xFFFF, 0xFFFF, 0xFFFF, 0xFFFF, 0xFFFF, 0xFFFF, 0xFFFF, 0xFFFF, 0xFFFF, 0xFFFF,
  0xFFFF, 0xFFFF, 0xFFFF, 0xFFFF, 0xFFFF, 0xFFFF, 0xFFFF, 0xFFFF, 0xFFFF, 0xFFFF, 0xFFFF, 0xFFFF, 0xFFFF, 0xFFFF, 0xFFFF, 0xFFFF,
  0xFFFF, 0xFFFF, 0xFFFF, 0xFFFF, 0xFFFF, 0xFFFF, 0xFFFF, 0xFFFF, 0xFFFF, 0xFFFF, 0xFFFF, 0xFFFF, 0xFFFF, 0xFFFF, 0xFFFF, 0xFFFF,
  0xFFFF, 0xFFFF, 0xFFFF, 0xFFFF, 0xFFFF, 0xFFFF, 0xFFFF, 0xFFFF, 0xFFFF, 0xFFFF, 0xFFFF, 0xFFFF, 0xFFFF, 0xFFFF, 0xFFFF, 0xFFFF,
  0xFFFF, 0xFFFF, 0xFFFF, 0xFFFF, 0xFFFF, 0xFFFF, 0xFFFF, 0xFFFF, 0xFFFF, 0xFFFF, 0xFFFF, 0xFFFF, 0xFFFF, 0xFFFF, 0xFFFF, 0xFFFF,
  0xFFFF, 0xFFFF, 0xFFFF, 0xFFFF, 0xFFFF, 0xFFFF, 0xFFFF, 0xFFFF, 0xFFFF, 0xFFFF, 0xFFFF, 0xFFFF, 0xFFFF, 0xFFFF, 0xFFFF, 0xFFFF,
  0xFFFF, 0xFFFF, 0xFFFF, 0xFFFF, 0xFFFF, 0xFFFF, 0xFFFF, 0xFFFF, 0xFFFF, 0xFFFF, 0xFFFF, 0xFFFF, 0xFFFF, 0xFFFF, 0xFFFF, 0xFFFF,
  0xFFFF, 0xFFFF, 0xFFFF, 0xFFFF, 0xFFFF, 0xFFFF, 0xFFFF, 0xFFFF, 0xFFFF, 0xFFFF, 0xFFFF, 0xFFFF, 0xFFFF, 0xFFFF, 0xFFFF, 0xFFFF,
  0xFFFF, 0xFFFF, 0xFFFF, 0xFFFF, 0xFFFF, 0xFFFF, 0xFFFF, 0xFFFF, 0xFFFF, 0xFFFF, 0xFFFF, 0xFFFF, 0xFFFF, 0xFFFF, 0xFFFF, 0xFFFF,
  0xFFFF, 0xFFFF, 0xFFFF, 0xFFFF, 0xFFFF, 0xFFFF, 0xFFFF, 0xFFFF, 0xFFFF, 0xFFFF, 0xFFFF, 0xFFFF, 0xFFFF, 0xFFFF, 0xFFFF, 0xFFFF,
  0xFFFF, 0xFFFF, 0xFFFF, 0xFFFF, 0xFFFF, 0xFFFF, 0xFFFF, 0xFFFF, 0xFFFF, 0xFFFF, 0xFFFF, 0xFFFF, 0xFFFF, 0xFFFF, 0xFFFF, 0xFFFF,
  0xFFFF, 0xFFFF, 0xFFFF, 0xFFFF, 0xFFFF, 0xFFFF, 0xFFFF, 0xFFFF, 0xFFFF, 0xFFFF, 0xFFFF, 0xFFFF, 0xFFFF, 0xFFFF, 0xFFFF, 0xFFFF,
  0xFFFF, 0xFFFF, 0xFFFF, 0xFFFF, 0xFFFF, 0xFFFF, 0xFFFF, 0xFFFF, 0xFFFF, 0xFFFF, 0xFFFF, 0xFFFF, 0xFFFF, 0xFFFF, 0xFFFF, 0xFFFF,
  0xFFFF, 0xFFFF, 0xFFFF, 0xFFFF, 0xFFFF, 0xFFFF, 0xFFFF, 0xFFFF, 0xFFFF, 0xFFFF, 0xFFFF, 0xFFFF, 0xFFFF, 0xFFFF, 0xFFFF, 0xFFFF,
  0xFFFF, 0xFFFF, 0xFFFF, 0xFFFF, 0xFFFF, 0xFFFF, 0xFFFF, 0xFFFF, 0xFFFF, 0xFFFF, 0xFFFF, 0xFFFF, 0xFFFF, 0xFFFF, 0xFFFF, 0xFFFF,
  0xFFFF, 0xFFFF, 0xFFFF, 0xFFFF, 0xFFFF, 0xFFFF, 0xFFFF, 0xFFFF, 0xFFFF, 0xFFFF, 0xFFFF, 0xFFFF, 0xFFFF, 0xFFFF, 0xFFFF, 0xFFFF,
  0xFFFF, 0xFFFF, 0xFFFF, 0xFFFF, 0xFFFF, 0xFFFF, 0xFFFF, 0xFFFF, 0xFFFF, 0xFFFF, 0xFFFF, 0xFFFF, 0xFFFF, 0xFFFF, 0xFFFF, 0xFFFF,
  0xFFFF, 0xFFFF, 0xFFFF, 0xFFFF, 0xFFFF, 0xFFFF, 0xFFFF, 0xFFFF, 0xFFFF, 0xFFFF, 0xFFFF, 0xFFFF, 0xFFFF, 0xFFFF, 0xFFFF, 0xFFFF,
  0xFFFF, 0xFFFF, 0xFFFF, 0xFFFF, 0xFFFF, 0xFFFF, 0xFFFF, 0xFFFF, 0xFFFF, 0xFFFF, 0xFFFF, 0xFFFF, 0xFFFF, 0xFFFF, 0xFFFF, 0xFFFF,
  0xFFFF, 0xFFFF, 0xFFFF, 0xFFFF, 0xFFFF, 0xFFFF, 0xFFFF, 0xFFFF, 0xFFFF, 0xFFFF, 0xFFFF, 0xFFFF, 0xFFFF, 0xFFFF, 0xFFFF, 0xFFFF,
  0xFFFF, 0xFFFF, 0xFFFF, 0xFFFF, 0xFFFF, 0xFFFF, 0xFFFF, 0xFFFF, 0xFFFF, 0xFFFF, 0xFFFF, 0xFFFF, 0xFFFF, 0xFFFF, 0xFFFF, 0xFFFF,
  0xFFFF, 0xFFFF, 0xFFFF, 0xFFFF, 0xFFFF, 0xFFFF, 0xFFFF, 0xFFFF, 0xFFFF, 0xFFFF, 0xFFFF, 0xFFFF, 0xFFFF, 0xFFFF, 0xFFFF, 0xFFFF,
  0xFFFF, 0xFFFF, 0xFFFF, 0xFFFF, 0xFFFF, 0xFFFF, 0xFFFF, 0xFFFF, 0xFFFF, 0xFFFF, 0xFFFF, 0xFFFF, 0xFFFF, 0xFFFF, 0xFFFF, 0xFFFF,
  0xFFFF, 0xFFFF, 0xFFFF, 0xFFFF, 0xFFFF, 0xFFFF, 0xFFFF, 0xFFFF, 0xFFFF, 0xFFFF, 0xFFFF, 0xFFFF, 0xFFFF, 0xFFFF, 0xFFFF, 0xFFFF,
  0xFFFF, 0xFFFF, 0xFFFF, 0xFFFF, 0xFFFF, 0xFFFF, 0xFFFF, 0xFFFF, 0xFFFF, 0xFFFF, 0xFFFF, 0xFFFF, 0xFFFF, 0xFFFF, 0xFFFF, 0xFFFF,
  0xFFFF, 0xFFFF, 0xFFFF, 0xFFFF, 0xFFFF, 0xFFFF, 0xFFFF, 0xFFFF, 0xFFFF, 0xFFFF, 0xFFFF, 0xFFFF, 0xFFFF, 0xFFFF, 0xFFFF, 0xFFFF,
  0xFFFF, 0xFFFF, 0xFFFF, 0xFFFF, 0xFFFF, 0xFFFF, 0xFFFF, 0xFFFF, 0xFFFF, 0xFFFF, 0xFFFF, 0xFFFF, 0xFFFF, 0xFFFF, 0xFFFF, 0xFFFF,
  0xFFFF, 0xFFFF, 0xFFFF, 0xFFFF, 0xFFFF, 0xFFFF, 0xFFFF, 0xFFFF, 0xFFFF, 0xFFFF, 0xFFFF, 0xFFFF, 0xFFFF, 0xFFFF, 0xFFFF, 0xFFFF,
  0xFFFF, 0xFFFF, 0xFFFF, 0xFFFF, 0xFFFF, 0xFFFF, 0xFFFF, 0xFFFF, 0xFFFF, 0xFFFF, 0xFFFF, 0xFFFF, 0xFFFF, 0xFFFF, 0xFFFF, 0xFFFF,
  0xFFFF, 0xFFFF, 0xFFFF, 0xFFFF, 0xFFFF, 0xFFFF, 0xFFFF, 0xFFFF, 0xFFFF, 0xFFFF, 0xFFFF, 0xFFFF, 0xFFFF, 0xFFFF, 0xFFFF, 0xFFFF,
  0xFFFF, 0xFFFF, 0xFFFF, 0xFFFF, 0xFFFF, 0xFFFF, 0xFFFF, 0xFFFF, 0xFFFF, 0xFFFF, 0xFFFF, 0xFFFF, 0xFFFF, 0xFFFF, 0xFFFF, 0xFFFF,
  0xFFFF, 0xFFFF, 0xFFFF, 0xFFFF, 0xFFFF, 0xFFFF, 0xFFFF, 0xFFFF, 0xFFFF, 0xFFFF, 0xFFFF, 0xFFFF, 0xFFFF, 0xFFFF, 0xFFFF, 0xFFFF,
  0xFFFF, 0xFFFF, 0xFFFF, 0xFFFF, 0xFFFF, 0xFFFF, 0xFFFF, 0xFFFF, 0xFFFF, 0xFFFF, 0xFFFF, 0xFFFF, 0xFFFF, 0xFFFF, 0xFFFF, 0xFFFF,
  0xFFFF, 0xFFFF, 0xFFFF, 0xFFFF, 0xFFFF, 0xFFFF, 0xFFFF, 0xFFFF, 0xFFFF, 0xFFFF, 0xFFFF, 0xFFFF, 0xFFFF, 0xFFFF, 0xFFFF, 0xFFFF,
  0xFFFF, 0xFFFF, 0xFFFF, 0xFFFF, 0xFFFF, 0xFFFF, 0xFFFF, 0xFFFF, 0xFFFF, 0xFFFF, 0xFFFF, 0xFFFF, 0xFFFF, 0xFFFF, 0xFFFF, 0xFFFF,
  0xFFFF, 0xFFFF, 0xFFFF, 0xFFFF, 0xFFFF, 0xFFFF, 0xFFFF, 0xFFFF, 0xFFFF, 0xFFFF, 0xFFFF, 0xFFFF, 0xFFFF, 0xFFFF, 0xFFFF, 0xFFFF,
  0xFFFF, 0xFFFF, 0xFFFF, 0xFFFF, 0xFFFF, 0xFFFF, 0xFFFF, 0xFFFF, 0xFFFF, 0xFFFF, 0xFFFF, 0xFFFF, 0xFFFF, 0xFFFF, 0xFFFF, 0xFFFF,
  0xFFFF, 0xFFFF, 0xFFFF, 0xFFFF, 0xFFFF, 0xFFFF, 0xFFFF, 0xFFFF, 0xFFFF, 0xFFFF, 0xFFFF, 0xFFFF, 0xFFFF, 0xFFFF, 0xFFFF, 0xFFFF,
  0xFFFF, 0xFFFF, 0xFFFF, 0xFFFF, 0xFFFF, 0xFFFF, 0xFFFF, 0xFFFF, 0xFFFF, 0xFFFF, 0xFFFF, 0xFFFF, 0xFFFF, 0xFFFF, 0xFFFF, 0xFFFF,
  0xFFFF, 0xFFFF, 0xFFFF, 0xFFFF, 0xFFFF, 0xFFFF, 0xFFFF, 0xFFFF, 0xFFFF, 0xFFFF, 0xFFFF, 0xFFFF, 0xFFFF, 0xFFFF, 0xFFFF, 0xFFFF,
  0xFFFF, 0xFFFF, 0xFFFF, 0xFFFF, 0xFFFF, 0xFFFF, 0xFFFF, 0xFFFF, 0xFFFF, 0xFFFF, 0xFFFF, 0xFFFF, 0xFFFF, 0xFFFF, 0xFFFF, 0xFFFF,
  0xFFFF, 0xFFFF, 0xFFFF, 0xFFFF, 0xFFFF, 0xFFFF, 0xFFFF, 0xFFFF, 0xFFFF, 0xFFFF, 0xFFFF, 0xFFFF, 0xFFFF, 0xFFFF, 0xFFFF, 0xFFFF,
  0xFFFF, 0xFFFF, 0xFFFF, 0xFFFF, 0xFFFF, 0xFFFF, 0xFFFF, 0xFFFF, 0xFFFF, 0xFFFF, 0xFFFF, 0xFFFF, 0xFFFF, 0xFFFF, 0xFFFF, 0xFFFF,
  0xFFFF, 0xFFFF, 0xFFFF, 0xFFFF, 0xFFFF, 0xFFFF, 0xFFFF, 0xFFFF, 0xFFFF, 0xFFFF, 0xFFFF, 0xFFFF, 0xFFFF, 0xFFFF, 0xFFFF, 0xFFFF,
  0xFFFF, 0xFFFF, 0xFFFF, 0xFFFF, 0xFFFF, 0xFFFF, 0xFFFF, 0xFFFF, 0xFFFF, 0xFFFF, 0xFFFF, 0xFFFF, 0xFFFF, 0xFFFF, 0xFFFF, 0xFFFF,
  0xFFFF, 0xFFFF, 0xFFFF, 0xFFFF, 0xFFFF, 0xFFFF, 0xFFFF, 0xFFFF, 0xFFFF, 0xFFFF, 0xFFFF, 0xFFFF, 0xFFFF, 0xFFFF, 0xFFFF, 0xFFFF,
  0xFFFF, 0xFFFF, 0xFFFF, 0xFFFF, 0xFFFF, 0xFFFF, 0xFFFF, 0xFFFF, 0xFFFF, 0xFFFF, 0xFFFF, 0xFFFF, 0xFFFF, 0xFFFF, 0xFFFF, 0xFFFF,
  0xFFFF, 0xFFFF, 0xFFFF, 0xFFFF, 0xFFFF, 0xFFFF, 0xFFFF, 0xFFFF, 0xFFFF, 0xFFFF, 0xFFFF, 0xFFFF, 0xFFFF, 0xFFFF, 0xFFFF, 0xFFFF,
  0xFFFF, 0xFFFF, 0xFFFF, 0xFFFF, 0xFFFF, 0xFFFF, 0xFFFF, 0xFFFF, 0xFFFF, 0xFFFF, 0xFFFF, 0xFFFF, 0xFFFF, 0xFFFF, 0xFFFF, 0xFFFF,
  0xFFFF, 0xFFFF, 0xFFFF, 0xFFFF, 0xFFFF, 0xFFFF, 0xFFFF, 0xFFFF, 0xFFFF, 0xFFFF, 0xFFFF, 0xFFFF, 0xFFFF, 0xFFFF, 0xFFFF, 0xFFFF,
  0xFFFF, 0xFFFF, 0xFFFF, 0xFFFF, 0xFFFF, 0xFFFF, 0xFFFF, 0xFFFF, 0xFFFF, 0xFFFF, 0xFFFF, 0xFFFF, 0xFFFF, 0xFFFF, 0xFFFF, 0xFFFF,
  0xFFFF, 0xFFFF, 0xFFFF, 0xFFFF, 0xFFFF, 0xFFFF, 0xFFFF, 0xFFFF, 0xFFFF, 0xFFFF, 0xFFFF, 0xFFFF, 0xFFFF, 0xFFFF, 0xFFFF, 0xFFFF,
  0xFFFF, 0xFFFF, 0xFFFF, 0xFFFF, 0xFFFF, 0xFFFF, 0xFFFF, 0xFFFF, 0xFFFF, 0xFFFF, 0xFFFF, 0xFFFF, 0xFFFF, 0xFFFF, 0xFFFF, 0xFFFF,
  0xFFFF, 0xFFFF, 0xFFFF, 0xFFFF, 0xFFFF, 0xFFFF, 0xFFFF, 0xFFFF, 0xFFFF, 0xFFFF, 0xFFFF, 0xFFFF, 0xFFFF, 0xFFFF, 0xFFFF, 0xFFFF,
  0xFFFF, 0xFFFF, 0xFFFF, 0xFFFF, 0xFFFF, 0xFFFF, 0xFFFF, 0xFFFF, 0xFFFF, 0xFFFF, 0xFFFF, 0xFFFF, 0xFFFF, 0xFFFF, 0xFFFF, 0xFFFF,
  0xFFFF, 0xFFFF, 0xFFFF, 0xFFFF, 0xFFFF, 0xFFFF, 0xFFFF, 0xFFFF, 0xFFFF, 0xFFFF, 0xFFFF, 0xFFFF, 0xFFFF, 0xFFFF, 0xFFFF, 0xFFFF,
  0xFFFF, 0xFFFF, 0xFFFF, 0xFFFF, 0xFFFF, 0xFFFF, 0xFFFF, 0xFFFF, 0xFFFF, 0xFFFF, 0xFFFF, 0xFFFF, 0xFFFF, 0xFFFF, 0xFFFF, 0xFFFF,
  0xFFFF, 0xFFFF, 0xFFFF, 0xFFFF, 0xFFFF, 0xFFFF, 0xFFFF, 0xFFFF, 0xFFFF, 0xFFFF, 0xFFFF, 0xFFFF, 0xFFFF, 0xFFFF, 0xFFFF, 0xFFFF,
  0xFFFF, 0xFFFF, 0xFFFF, 0xFFFF, 0xFFFF, 0xFFFF, 0xFFFF, 0xFFFF, 0xFFFF, 0xFFFF, 0xFFFF, 0xFFFF, 0xFFFF, 0xFFFF, 0xFFFF, 0xFFFF,
  0xFFFF, 0xFFFF, 0xFFFF, 0xFFFF, 0xFFFF, 0xFFFF, 0xFFFF, 0xFFFF, 0xFFFF, 0xFFFF, 0xFFFF, 0xFFFF, 0xFFFF, 0xFFFF, 0xFFFF, 0xFFFF,
  0xFFFF, 0xFFFF, 0xFFFF, 0xFFFF, 0xFFFF, 0xFFFF, 0xFFFF, 0xFFFF, 0xFFFF, 0xFFFF, 0xFFFF, 0xFFFF, 0xFFFF, 0xFFFF, 0xFFFF, 0xFFFF,
  0xFFFF, 0xFFFF, 0xFFFF, 0xFFFF, 0xFFFF, 0xFFFF, 0xFFFF, 0xFFFF, 0xFFFF, 0xFFFF, 0xFFFF, 0xFFFF, 0xFFFF, 0xFFFF, 0xFFFF, 0xFFFF,
  0xFFFF, 0xFFFF, 0xFFFF, 0xFFFF, 0xFFFF, 0xFFFF, 0xFFFF, 0xFFFF, 0xFFFF, 0xFFFF, 0xFFFF, 0xFFFF, 0xFFFF, 0xFFFF, 0xFFFF, 0xFFFF,
  0xFFFF, 0xFFFF, 0xFFFF, 0xFFFF, 0xFFFF, 0xFFFF, 0xFFFF, 0xFFFF, 0xFFFF, 0xFFFF, 0xFFFF, 0xFFFF, 0xFFFF, 0xFFFF, 0xFFFF, 0xFFFF,
  0xFFFF, 0xFFFF, 0xFFFF, 0xFFFF, 0xFFFF, 0xFFFF, 0xFFFF, 0xFFFF, 0xFFFF, 0xFFFF, 0xFFFF, 0xFFFF, 0xFFFF, 0xFFFF, 0xFFFF, 0xFFFF,
  0xFFFF, 0xFFFF, 0xFFFF, 0xFFFF, 0xFFFF, 0xFFFF, 0xFFFF, 0xFFFF, 0xFFFF, 0xFFFF, 0xFFFF, 0xFFFF, 0xFFFF, 0xFFFF, 0xFFFF, 0xFFFF,
  0xFFFF, 0xFFFF, 0xFFFF, 0xFFFF, 0xFFFF, 0xFFFF, 0xFFFF, 0xFFFF, 0xFFFF, 0xFFFF, 0xFFFF, 0xFFFF, 0xFFFF, 0xFFFF, 0xFFFF, 0xFFFF,
  0xFFFF, 0xFFFF, 0xFFFF, 0xFFFF, 0xFFFF, 0xFFFF, 0xFFFF, 0xFFFF, 0xFFFF, 0xFFFF, 0xFFFF, 0xFFFF, 0xFFFF, 0xFFFF, 0xFFFF, 0xFFFF,
  0xFFFF, 0xFFFF, 0xFFFF, 0xFFFF, 0xFFFF, 0xFFFF, 0xFFFF, 0xFFFF, 0xFFFF, 0xFFFF, 0xFFFF, 0xFFFF, 0xFFFF, 0xFFFF, 0xFFFF, 0xFFFF,
  0xFFFF, 0xFFFF, 0xFFFF, 0xFFFF, 0xFFFF, 0xFFFF, 0xFFFF, 0xFFFF, 0xFFFF, 0xFFFF, 0xFFFF, 0xFFFF, 0xFFFF, 0xFFFF, 0xFFFF, 0xFFFF,
  0xFFFF, 0xFFFF, 0xFFFF, 0xFFFF, 0xFFFF, 0xFFFF, 0xFFFF, 0xFFFF, 0xFFFF, 0xFFFF, 0xFFFF, 0xFFFF, 0xFFFF, 0xFFFF, 0xFFFF, 0xFFFF,
  0xFFFF, 0xFFFF, 0xFFFF, 0xFFFF, 0xFFFF, 0xFFFF, 0xFFFF, 0xFFFF, 0xFFFF, 0xFFFF, 0xFFFF, 0xFFFF, 0xFFFF, 0xFFFF, 0xFFFF, 0xFFFF,
  0xFFFF, 0xFFFF, 0xFFFF, 0xFFFF, 0xFFFF, 0xFFFF, 0xFFFF, 0xFFFF, 0xFFFF, 0xFFFF, 0xFFFF, 0xFFFF, 0xFFFF, 0xFFFF, 0xFFFF, 0xFFFF,
  0xFFFF, 0xFFFF, 0xFFFF, 0xFFFF, 0xFFFF, 0xFFFF, 0xFFFF, 0xFFFF, 0xFFFF, 0xFFFF, 0xFFFF, 0xFFFF, 0xFFFF, 0xFFFF, 0xFFFF, 0xFFFF,
  0xFFFF, 0xFFFF, 0xFFFF, 0xFFFF, 0xFFFF, 0xFFFF, 0xFFFF, 0xFFFF, 0xFFFF, 0xFFFF, 0xFFFF, 0xFFFF, 0xFFFF, 0xFFFF, 0xFFFF, 0xFFFF,
  0xFFFF, 0xFFFF, 0xFFFF, 0xFFFF, 0xFFFF, 0xFFFF, 0xFFFF, 0xFFFF, 0xFFFF, 0xFFFF, 0xFFFF, 0xFFFF, 0xFFFF, 0xFFFF, 0xFFFF, 0xFFFF,
  0xFFFF, 0xFFFF, 0xFFFF, 0xFFFF, 0xFFFF, 0xFFFF, 0xFFFF, 0xFFFF, 0xFFFF, 0xFFFF, 0xFFFF, 0xFFFF, 0xFFFF, 0xFFFF, 0xFFFF, 0xFFFF,
  0xFFFF, 0xFFFF, 0xFFFF, 0xFFFF, 0xFFFF, 0xFFFF, 0xFFFF, 0xFFFF, 0xFFFF, 0xFFFF, 0xFFFF, 0xFFFF, 0xFFFF, 0xFFFF, 0xFFFF, 0xFFFF,
  0xFFFF, 0xFFFF, 0xFFFF, 0xFFFF, 0xFFFF, 0xFFFF, 0xFFFF, 0xFFFF, 0xFFFF, 0xFFFF, 0xFFFF, 0xFFFF, 0xFFFF, 0xFFFF, 0xFFFF, 0xFFFF,
  0xFFFF, 0xFFFF, 0xFFFF, 0xFFFF, 0xFFFF, 0xFFFF, 0xFFFF, 0xFFFF, 0xFFFF, 0xFFFF, 0xFFFF, 0xFFFF, 0xFFFF, 0xFFFF, 0xFFFF, 0xFFFF,
  0xFFFF, 0xFFFF, 0xFFFF, 0xFFFF, 0xFFFF, 0xFFFF, 0xFFFF, 0xFFFF, 0xFFFF, 0xFFFF, 0xFFFF, 0xFFFF, 0xFFFF, 0xFFFF, 0xFFFF, 0xFFFF,
  0xFFFF, 0xFFFF, 0xFFFF, 0xFFFF, 0xFFFF, 0xFFFF, 0xFFFF, 0xFFFF, 0xFFFF, 0xFFFF, 0xFFFF, 0xFFFF, 0xFFFF, 0xFFFF, 0xFFFF, 0xFFFF,
  0xFFFF, 0xFFFF, 0xFFFF, 0xFFFF, 0xFFFF, 0xFFFF, 0xFFFF, 0xFFFF, 0xFFFF, 0xFFFF, 0xFFFF, 0xFFFF, 0xFFFF, 0xFFFF, 0xFFFF, 0xFFFF,
  0xFFFF, 0xFFFF, 0xFFFF, 0xFFFF, 0xFFFF, 0xFFFF, 0xFFFF, 0xFFFF, 0xFFFF, 0xFFFF, 0xFFFF, 0xFFFF, 0xFFFF, 0xFFFF, 0xFFFF, 0xFFFF,
  0xFFFF, 0xFFFF, 0xFFFF, 0xFFFF, 0xFFFF, 0xFFFF, 0xFFFF, 0xFFFF, 0xFFFF, 0xFFFF, 0xFFFF, 0xFFFF, 0xFFFF, 0xFFFF, 0xFFFF, 0xFFFF,
  0xFFFF, 0xFFFF, 0xFFFF, 0xFFFF, 0xFFFF, 0xFFFF, 0xFFFF, 0xFFFF, 0xFFFF, 0xFFFF, 0xFFFF, 0xFFFF, 0xFFFF, 0xFFFF, 0xFFFF, 0xFFFF,
  0xFFFF, 0xFFFF, 0xFFFF, 0xFFFF, 0xFFFF, 0xFFFF, 0xFFFF, 0xFFFF, 0xFFFF, 0xFFFF, 0xFFFF, 0xFFFF, 0xFFFF, 0xFFFF, 0xFFFF, 0xFFFF,
  0xFFFF, 0xFFFF, 0xFFFF, 0xFFFF, 0xFFFF, 0xFFFF, 0xFFFF, 0xFFFF, 0xFFFF, 0xFFFF, 0xFFFF, 0xFFFF, 0xFFFF, 0xFFFF, 0xFFFF, 0xFFFF,
  0xFFFF, 0xFFFF, 0xFFFF, 0xFFFF, 0xFFFF, 0xFFFF, 0xFFFF, 0xFFFF, 0xFFFF, 0xFFFF, 0xFFFF, 0xFFFF, 0xFFFF, 0xFFFF, 0xFFFF, 0xFFFF,
  0xFFFF, 0xFFFF, 0xFFFF, 0xFFFF, 0xFFFF, 0xFFFF, 0xFFFF, 0xFFFF, 0xFFFF, 0xFFFF, 0xFFFF, 0xFFFF, 0xFFFF, 0xFFFF, 0xFFFF, 0xFFFF,
  0xFFFF, 0xFFFF, 0xFFFF, 0xFFFF, 0xFFFF, 0xFFFF, 0xFFFF, 0xFFFF, 0xFFFF, 0xFFFF, 0xFFFF, 0xFFFF, 0xFFFF, 0xFFFF, 0xFFFF, 0xFFFF,
  0xFFFF, 0xFFFF, 0xFFFF, 0xFFFF, 0xFFFF, 0xFFFF, 0xFFFF, 0xFFFF, 0xFFFF, 0xFFFF, 0xFFFF, 0xFFFF, 0xFFFF, 0xFFFF, 0xFFFF, 0xFFFF,
  0xFFFF, 0xFFFF, 0xFFFF, 0xFFFF, 0xFFFF, 0xFFFF, 0xFFFF, 0xFFFF, 0xFFFF, 0xFFFF, 0xFFFF, 0xFFFF, 0xFFFF, 0xFFFF, 0xFFFF, 0xFFFF,
  0xFFFF, 0xFFFF, 0xFFFF, 0xFFFF, 0xFFFF, 0xFFFF, 0xFFFF, 0xFFFF, 0xFFFF, 0xFFFF, 0xFFFF, 0xFFFF, 0xFFFF, 0xFFFF, 0xFFFF, 0xFFFF,
  0xFFFF, 0xFFFF, 0xFFFF, 0xFFFF, 0xFFFF, 0xFFFF, 0xFFFF, 0xFFFF, 0xFFFF, 0xFFFF, 0xFFFF, 0xFFFF, 0xFFFF, 0xFFFF, 0xFFFF, 0xFFFF,
  0xFFFF, 0xFFFF, 0xFFFF, 0xFFFF, 0xFFFF, 0xFFFF, 0xFFFF, 0xFFFF, 0xFFFF, 0xFFFF, 0xFFFF, 0xFFFF, 0xFFFF, 0xFFFF, 0xFFFF, 0xFFFF,
  0xFFFF, 0xFFFF, 0xFFFF, 0xFFFF, 0xFFFF, 0xFFFF, 0xFFFF, 0xFFFF, 0xFFFF, 0xFFFF, 0xFFFF, 0xFFFF, 0xFFFF, 0xFFFF, 0xFFFF, 0xFFFF,
  0xFFFF, 0xFFFF, 0xFFFF, 0xFFFF, 0xFFFF, 0xFFFF, 0xFFFF, 0xFFFF, 0xFFFF, 0xFFFF, 0xFFFF, 0xFFFF, 0xFFFF, 0xFFFF, 0xFFFF, 0xFFFF,
  0xFFFF, 0xFFFF, 0xFFFF, 0xFFFF, 0xFFFF, 0xFFFF, 0xFFFF, 0xFFFF, 0xFFFF, 0xFFFF, 0xFFFF, 0xFFFF, 0xFFFF, 0xFFFF, 0xFFFF, 0xFFFF,
  0xFFFF, 0xFFFF, 0xFFFF, 0xFFFF, 0xFFFF, 0xFFFF, 0xFFFF, 0xFFFF, 0xFFFF, 0xFFFF, 0xFFFF, 0xFFFF, 0xFFFF, 0xFFFF, 0xFFFF, 0xFFFF,
  0xFFFF, 0xFFFF, 0xFFFF, 0xFFFF, 0xFFFF, 0xFFFF, 0xFFFF, 0xFFFF, 0xFFFF, 0xFFFF, 0xFFFF, 0xFFFF, 0xFFFF, 0xFFFF, 0xFFFF, 0xFFFF,
  0xFFFF, 0xFFFF, 0xFFFF, 0xFFFF, 0xFFFF, 0xFFFF, 0xFFFF, 0xFFFF, 0xFFFF, 0xFFFF, 0xFFFF, 0xFFFF, 0xFFFF, 0xFFFF, 0xFFFF, 0xFFFF,
  0xFFFF, 0xFFFF, 0xFFFF, 0xFFFF, 0xFFFF, 0xFFFF, 0xFFFF, 0xFFFF, 0xFFFF, 0xFFFF, 0xFFFF, 0xFFFF, 0xFFFF, 0xFFFF, 0xFFFF, 0xFFFF,
  0xFFFF, 0xFFFF, 0xFFFF, 0xFFFF, 0xFFFF, 0xFFFF, 0xFFFF, 0xFFFF, 0xFFFF, 0xFFFF, 0xFFFF, 0xFFFF, 0xFFFF, 0xFFFF, 0xFFFF, 0xFFFF,
  0xFFFF, 0xFFFF, 0xFFFF, 0xFFFF, 0xFFFF, 0xFFFF, 0xFFFF, 0xFFFF, 0xFFFF, 0xFFFF, 0xFFFF, 0xFFFF, 0xFFFF, 0xFFFF, 0xFFFF, 0xFFFF,
  0xFFFF, 0xFFFF, 0xFFFF, 0xFFFF, 0xFFFF, 0xFFFF, 0xFFFF, 0xFFFF, 0xFFFF, 0xFFFF, 0xFFFF, 0xFFFF, 0xFFFF, 0xFFFF, 0xFFFF, 0xFFFF,
  0xFFFF, 0xFFFF, 0xFFFF, 0xFFFF, 0xFFFF, 0xFFFF, 0xFFFF, 0xFFFF, 0xFFFF, 0xFFFF, 0xFFFF, 0xFFFF, 0xFFFF, 0xFFFF, 0xFFFF, 0xFFFF,
  0xFFFF, 0xFFFF, 0xFFFF, 0xFFFF, 0xFFFF, 0xFFFF, 0xFFFF, 0xFFFF, 0xFFFF, 0xFFFF, 0xFFFF, 0xFFFF, 0xFFFF, 0xFFFF, 0xFFFF, 0xFFFF,
  0xFFFF, 0xFFFF, 0xFFFF, 0xFFFF, 0xFFFF, 0xFFFF, 0xFFFF, 0xFFFF, 0xFFFF, 0xFFFF, 0xFFFF, 0xFFFF, 0xFFFF, 0xFFFF, 0xFFFF, 0xFFFF,
  0xFFFF, 0xFFFF, 0xFFFF, 0xFFFF, 0xFFFF, 0xFFFF, 0xFFFF, 0xFFFF, 0xFFFF, 0xFFFF, 0xFFFF, 0xFFFF, 0xFFFF, 0xFFFF, 0xFFFF, 0xFFFF,
  0xFFFF, 0xFFFF, 0xFFFF, 0xFFFF, 0xFFFF, 0xFFFF, 0xFFFF, 0xFFFF, 0xFFFF, 0xFFFF, 0xFFFF, 0xFFFF, 0xFFFF, 0xFFFF, 0xFFFF, 0xFFFF,
  0xFFFF, 0xFFFF, 0xFFFF, 0xFFFF, 0xFFFF, 0xFFFF, 0xFFFF, 0xFFFF, 0xFFFF, 0xFFFF, 0xFFFF, 0xFFFF, 0xFFFF, 0xFFFF, 0xFFFF, 0xFFFF,
  0xFFFF, 0xFFFF, 0xFFFF, 0xFFFF, 0xFFFF, 0xFFFF, 0xFFFF, 0xFFFF, 0xFFFF, 0xFFFF, 0xFFFF, 0xFFFF, 0xFFFF, 0xFFFF, 0xFFFF, 0xFFFF,
  0xFFFF, 0xFFFF, 0xFFFF, 0xFFFF, 0xFFFF, 0xFFFF, 0xFFFF, 0xFFFF, 0xFFFF, 0xFFFF, 0xFFFF, 0xFFFF, 0xFFFF, 0xFFFF, 0xFFFF, 0xFFFF,
  0xFFFF, 0xFFFF, 0xFFFF, 0xFFFF, 0xFFFF, 0xFFFF, 0xFFFF, 0xFFFF, 0xFFFF, 0xFFFF, 0xFFFF, 0xFFFF, 0xFFFF, 0xFFFF, 0xFFFF, 0xFFFF,
  0xFFFF, 0xFFFF, 0xFFFF, 0xFFFF, 0xFFFF, 0xFFFF, 0xFFFF, 0xFFFF, 0xFFFF, 0xFFFF, 0xFFFF, 0xFFFF, 0xFFFF, 0xFFFF, 0xFFFF, 0xFFFF,
  0xFFFF, 0xFFFF, 0xFFFF, 0xFFFF, 0xFFFF, 0xFFFF, 0xFFFF, 0xFFFF, 0xFFFF, 0xFFFF, 0xFFFF, 0xFFFF, 0xFFFF, 0xFFFF, 0xFFFF, 0xFFFF,
  0xFFFF, 0xFFFF, 0xFFFF, 0xFFFF, 0xFFFF, 0xFFFF, 0xFFFF, 0xFFFF, 0xFFFF, 0xFFFF, 0xFFFF, 0xFFFF, 0xFFFF, 0xFFFF, 0xFFFF, 0xFFFF,
  0xFFFF, 0xFFFF, 0xFFFF, 0xFFFF, 0xFFFF, 0xFFFF, 0xFFFF, 0xFFFF, 0xFFFF, 0xFFFF, 0xFFFF, 0xFFFF, 0xFFFF, 0xFFFF, 0xFFFF, 0xFFFF,
  0xFFFF, 0xFFFF, 0xFFFF, 0xFFFF, 0xFFFF, 0xFFFF, 0xFFFF, 0xFFFF, 0xFFFF, 0xFFFF, 0xFFFF, 0xFFFF, 0xFFFF, 0xFFFF, 0xFFFF, 0xFFFF,
  0xFFFF, 0xFFFF, 0xFFFF, 0xFFFF, 0xFFFF, 0xFFFF, 0xFFFF, 0xFFFF, 0xFFFF, 0xFFFF, 0xFFFF, 0xFFFF, 0xFFFF, 0xFFFF, 0xFFFF, 0xFFFF,
  0xFFFF, 0xFFFF, 0xFFFF, 0xFFFF, 0xFFFF, 0xFFFF, 0xFFFF, 0xFFFF, 0xFFFF, 0xFFFF, 0xFFFF, 0xFFFF, 0xFFFF, 0xFFFF, 0xFFFF, 0xFFFF,
  0xFFFF, 0xFFFF, 0xFFFF, 0xFFFF, 0xFFFF, 0xFFFF, 0xFFFF, 0xFFFF, 0xFFFF, 0xFFFF, 0xFFFF, 0xFFFF, 0xFFFF, 0xFFFF, 0xFFFF, 0xFFFF,
  0xFFFF, 0xFFFF, 0xFFFF, 0xFFFF, 0xFFFF, 0xFFFF, 0xFFFF, 0xFFFF, 0xFFFF, 0xFFFF, 0xFFFF, 0xFFFF, 0xFFFF, 0xFFFF, 0xFFFF, 0xFFFF,
  0xFFFF, 0xFFFF, 0xFFFF, 0xFFFF, 0xFFFF, 0xFFFF, 0xFFFF, 0xFFFF, 0xFFFF, 0xFFFF, 0xFFFF, 0xFFFF, 0xFFFF, 0xFFFF, 0xFFFF, 0xFFFF,
  0xFFFF, 0xFFFF, 0xFFFF, 0xFFFF, 0xFFFF, 0xFFFF, 0xFFFF, 0xFFFF, 0xFFFF, 0xFFFF, 0xFFFF, 0xFFFF, 0xFFFF, 0xFFFF, 0xFFFF, 0xFFFF,
  0xFFFF, 0xFFFF, 0xFFFF, 0xFFFF, 0xFFFF, 0xFFFF, 0xFFFF, 0xFFFF, 0xFFFF, 0xFFFF, 0xFFFF, 0xFFFF, 0xFFFF, 0xFFFF, 0xFFFF, 0xFFFF,
  0xFFFF, 0xFFFF, 0xFFFF, 0xFFFF, 0xFFFF, 0xFFFF, 0xFFFF, 0xFFFF, 0xFFFF, 0xFFFF, 0xFFFF, 0xFFFF, 0xFFFF, 0xFFFF, 0xFFFF, 0xFFFF,
  0xFFFF, 0xFFFF, 0xFFFF, 0xFFFF, 0xFFFF, 0xFFFF, 0xFFFF, 0xFFFF, 0xFFFF, 0xFFFF, 0xFFFF, 0xFFFF, 0xFFFF, 0xFFFF, 0xFFFF, 0xFFFF,
  0xFFFF, 0xFFFF, 0xFFFF, 0xFFFF, 0xFFFF, 0xFFFF, 0xFFFF, 0xFFFF, 0xFFFF, 0xFFFF, 0xFFFF, 0xFFFF, 0xFFFF, 0xFFFF, 0xFFFF, 0xFFFF,
  0xFFFF, 0xFFFF, 0xFFFF, 0xFFFF, 0xFFFF, 0xFFFF, 0xFFFF, 0xFFFF, 0xFFFF, 0xFFFF, 0xFFFF, 0xFFFF, 0xFFFF, 0xFFFF, 0xFFFF, 0xFFFF,
  0xFFFF, 0xFFFF, 0xFFFF, 0xFFFF, 0xFFFF, 0xFFFF, 0xFFFF, 0xFFFF, 0xFFFF, 0xFFFF, 0xFFFF, 0xFFFF, 0xFFFF, 0xFFFF, 0xFFFF, 0xFFFF,
  0xFFFF, 0xFFFF, 0xFFFF, 0xFFFF, 0xFFFF, 0xFFFF, 0xFFFF, 0xFFFF, 0xFFFF, 0xFFFF, 0xFFFF, 0xFFFF, 0xFFFF, 0xFFFF, 0xFFFF, 0xFFFF,
  0xFFFF, 0xFFFF, 0xFFFF, 0xFFFF, 0xFFFF, 0xFFFF, 0xFFFF, 0xFFFF, 0xFFFF, 0xFFFF, 0xFFFF, 0xFFFF, 0xFFFF, 0xFFFF, 0xFFFF, 0xFFFF,
  0xFFFF, 0xFFFF, 0xFFFF, 0xFFFF, 0xFFFF, 0xFFFF, 0xFFFF, 0xFFFF, 0xFFFF, 0xFFFF, 0xFFFF, 0xFFFF, 0xFFFF, 0xFFFF, 0xFFFF, 0xFFFF,
  0xFFFF, 0xFFFF, 0xFFFF, 0xFFFF, 0xFFFF, 0xFFFF, 0xFFFF, 0xFFFF, 0xFFFF, 0xFFFF, 0xFFFF, 0xFFFF, 0xFFFF, 0xFFFF, 0xFFFF, 0xFFFF,
  0xFFFF, 0xFFFF, 0xFFFF, 0xFFFF, 0xFFFF, 0xFFFF, 0xFFFF, 0xFFFF, 0xFFFF, 0xFFFF, 0xFFFF, 0xFFFF, 0xFFFF, 0xFFFF, 0xFFFF, 0xFFFF,
  0xFFFF, 0xFFFF, 0xFFFF, 0xFFFF, 0xFFFF, 0xFFFF, 0xFFFF, 0xFFFF, 0xFFFF, 0xFFFF, 0xFFFF, 0xFFFF, 0xFFFF, 0xFFFF, 0xFFFF, 0xFFFF,
  0xFFFF, 0xFFFF, 0xFFFF, 0xFFFF, 0xFFFF, 0xFFFF, 0xFFFF, 0xFFFF, 0xFFFF, 0xFFFF, 0xFFFF, 0xFFFF, 0xFFFF, 0xFFFF, 0xFFFF, 0xFFFF,
  0xFFFF, 0xFFFF, 0xFFFF, 0xFFFF, 0xFFFF, 0xFFFF, 0xFFFF, 0xFFFF, 0xFFFF, 0xFFFF, 0xFFFF, 0xFFFF, 0xFFFF, 0xFFFF, 0xFFFF, 0xFFFF,
  0xFFFF, 0xFFFF, 0xFFFF, 0xFFFF, 0xFFFF, 0xFFFF, 0xFFFF, 0xFFFF, 0xFFFF, 0xFFFF, 0xFFFF, 0xFFFF, 0xFFFF, 0xFFFF, 0xFFFF, 0xFFFF,
  0xFFFF, 0xFFFF, 0xFFFF, 0xFFFF, 0xFFFF, 0xFFFF, 0xFFFF, 0xFFFF, 0xFFFF, 0xFFFF, 0xFFFF, 0xFFFF, 0xFFFF, 0xFFFF, 0xFFFF, 0xFFFF,
  0xFFFF, 0xFFFF, 0xFFFF, 0xFFFF, 0xFFFF, 0xFFFF, 0xFFFF, 0xFFFF, 0xFFFF, 0xFFFF, 0xFFFF, 0xFFFF, 0xFFFF, 0xFFFF, 0xFFFF, 0xFFFF,
  0xFFFF, 0xFFFF, 0xFFFF, 0xFFFF, 0xFFFF, 0xFFFF, 0xFFFF, 0xFFFF, 0xFFFF, 0xFFFF, 0xFFFF, 0xFFFF, 0xFFFF, 0xFFFF, 0xFFFF, 0xFFFF,
  0xFFFF, 0xFFFF, 0xFFFF, 0xFFFF, 0xFFFF, 0xFFFF, 0xFFFF, 0xFFFF, 0xFFFF, 0xFFFF, 0xFFFF, 0xFFFF, 0xFFFF, 0xFFFF, 0xFFFF, 0xFFFF,
  0xFFFF, 0xFFFF, 0xFFFF, 0xFFFF, 0xFFFF, 0xFFFF, 0xFFFF, 0xFFFF, 0xFFFF, 0xFFFF, 0xFFFF, 0xFFFF, 0xFFFF, 0xFFFF, 0xFFFF, 0xFFFF,
  0xFFFF, 0xFFFF, 0xFFFF, 0xFFFF, 0xFFFF, 0xFFFF, 0xFFFF, 0xFFFF, 0xFFFF, 0xFFFF, 0xFFFF, 0xFFFF, 0xFFFF, 0xFFFF, 0xFFFF, 0xFFFF,
  0xFFFF, 0xFFFF, 0xFFFF, 0xFFFF, 0xFFFF, 0xFFFF, 0xFFFF, 0xFFFF, 0xFFFF, 0xFFFF, 0xFFFF, 0xFFFF, 0xFFFF, 0xFFFF, 0xFFFF, 0xFFFF,
  0xFFFF, 0xFFFF, 0xFFFF, 0xFFFF, 0xFFFF, 0xFFFF, 0xFFFF, 0xFFFF, 0xFFFF, 0xFFFF, 0xFFFF, 0xFFFF, 0xFFFF, 0xFFFF, 0xFFFF, 0xFFFF,
  0xFFFF, 0xFFFF, 0xFFFF, 0xFFFF, 0xFFFF, 0xFFFF, 0xFFFF, 0xFFFF, 0xFFFF, 0xFFFF, 0xFFFF, 0xFFFF, 0xFFFF, 0xFFFF, 0xFFFF, 0xFFFF,
  0xFFFF, 0xFFFF, 0xFFFF, 0xFFFF, 0xFFFF, 0xFFFF, 0xFFFF, 0xFFFF, 0xFFFF, 0xFFFF, 0xFFFF, 0xFFFF, 0xFFFF, 0xFFFF, 0xFFFF, 0xFFFF,
  0xFFFF, 0xFFFF, 0xFFFF, 0xFFFF, 0xFFFF, 0xFFFF, 0xFFFF, 0xFFFF, 0xFFFF, 0xFFFF, 0xFFFF, 0xFFFF, 0xFFFF, 0xFFFF, 0xFFFF, 0xFFFF,
  0xFFFF, 0xFFFF, 0xFFFF, 0xFFFF, 0xFFFF, 0xFFFF, 0xFFFF, 0xFFFF, 0xFFFF, 0xFFFF, 0xFFFF, 0xFFFF, 0xFFFF, 0xFFFF, 0xFFFF, 0xFFFF,
  0xFFFF, 0xFFFF, 0xFFFF, 0xFFFF, 0xFFFF, 0xFFFF, 0xFFFF, 0xFFFF, 0xFFFF, 0xFFFF, 0xFFFF, 0xFFFF, 0xFFFF, 0xFFFF, 0xFFFF, 0xFFFF,
  0xFFFF, 0xFFFF, 0xFFFF, 0xFFFF, 0xFFFF, 0xFFFF, 0xFFFF, 0xFFFF, 0xFFFF, 0xFFFF, 0xFFFF, 0xFFFF, 0xFFFF, 0xFFFF, 0xFFFF, 0xFFFF,
  0xFFFF, 0xFFFF, 0xFFFF, 0xFFFF, 0xFFFF, 0xFFFF, 0xFFFF, 0xFFFF, 0xFFFF, 0xFFFF, 0xFFFF, 0xFFFF, 0xFFFF, 0xFFFF, 0xFFFF, 0xFFFF,
  0xFFFF, 0xFFFF, 0xFFFF, 0xFFFF, 0xFFFF, 0xFFFF, 0xFFFF, 0xFFFF, 0xFFFF, 0xFFFF, 0xFFFF, 0xFFFF, 0xFFFF, 0xFFFF, 0xFFFF, 0xFFFF,
  0xFFFF, 0xFFFF, 0xFFFF, 0xFFFF, 0xFFFF, 0xFFFF, 0xFFFF, 0xFFFF, 0xFFFF, 0xFFFF, 0xFFFF, 0xFFFF, 0xFFFF, 0xFFFF, 0xFFFF, 0xFFFF,
  0xFFFF, 0xFFFF, 0xFFFF, 0xFFFF, 0xFFFF, 0xFFFF, 0xFFFF, 0xFFFF, 0xFFFF, 0xFFFF, 0xFFFF, 0xFFFF, 0xFFFF, 0xFFFF, 0xFFFF, 0xFFFF,
  0xFFFF, 0xFFFF, 0xFFFF, 0xFFFF, 0xFFFF, 0xFFFF, 0xFFFF, 0xFFFF, 0xFFFF, 0xFFFF, 0xFFFF, 0xFFFF, 0xFFFF, 0xFFFF, 0xFFFF, 0xFFFF,
  0xFFFF, 0xFFFF, 0xFFFF, 0xFFFF, 0xFFFF, 0xFFFF, 0xFFFF, 0xFFFF, 0xFFFF, 0xFFFF, 0xFFFF, 0xFFFF, 0xFFFF, 0xFFFF, 0xFFFF, 0xFFFF,
  0xFFFF, 0xFFFF, 0xFFFF, 0xFFFF, 0xFFFF, 0xFFFF, 0xFFFF, 0xFFFF, 0xFFFF, 0xFFFF, 0xFFFF, 0xFFFF, 0xFFFF, 0xFFFF, 0xFFFF, 0xFFFF,
  0xFFFF, 0xFFFF, 0xFFFF, 0xFFFF, 0xFFFF, 0xFFFF, 0xFFFF, 0xFFFF, 0xFFFF, 0xFFFF, 0xFFFF, 0xFFFF, 0xFFFF, 0xFFFF, 0xFFFF, 0xFFFF,
  0xFFFF, 0xFFFF, 0xFFFF, 0xFFFF, 0xFFFF, 0xFFFF, 0xFFFF, 0xFFFF, 0xFFFF, 0xFFFF, 0xFFFF, 0xFFFF, 0xFFFF, 0xFFFF, 0xFFFF, 0xFFFF,
  0xFFFF, 0xFFFF, 0xFFFF, 0xFFFF, 0xFFFF, 0xFFFF, 0xFFFF, 0xFFFF, 0xFFFF, 0xFFFF, 0xFFFF, 0xFFFF, 0xFFFF, 0xFFFF, 0xFFFF, 0xFFFF,
  0xFFFF, 0xFFFF, 0xFFFF, 0xFFFF, 0xFFFF, 0xFFFF, 0xFFFF, 0xFFFF, 0xFFFF, 0xFFFF, 0xFFFF, 0xFFFF, 0xFFFF, 0xFFFF, 0xFFFF, 0xFFFF,
  0xFFFF, 0xFFFF, 0xFFFF, 0xFFFF, 0xFFFF, 0xFFFF, 0xFFFF, 0xFFFF, 0xFFFF, 0xFFFF, 0xFFFF, 0xFFFF, 0xFFFF, 0xFFFF, 0xFFFF, 0xFFFF,
  0xFFFF, 0xFFFF, 0xFFFF, 0xFFFF, 0xFFFF, 0xFFFF, 0xFFFF, 0xFFFF, 0xFFFF, 0xFFFF, 0xFFFF, 0xFFFF, 0xFFFF, 0xFFFF, 0xFFFF, 0xFFFF,
  0xFFFF, 0xFFFF, 0xFFFF, 0xFFFF, 0xFFFF, 0xFFFF, 0xFFFF, 0xFFFF, 0xFFFF, 0xFFFF, 0xFFFF, 0xFFFF, 0xFFFF, 0xFFFF, 0xFFFF, 0xFFFF,
  0xFFFF, 0xFFFF, 0xFFFF, 0xFFFF, 0xFFFF, 0xFFFF, 0xFFFF, 0xFFFF, 0xFFFF, 0xFFFF, 0xFFFF, 0xFFFF, 0xFFFF, 0xFFFF, 0xFFFF, 0xFFFF,
  0xFFFF, 0xFFFF, 0xFFFF, 0xFFFF, 0xFFFF, 0xFFFF, 0xFFFF, 0xFFFF, 0xFFFF, 0xFFFF, 0xFFFF, 0xFFFF, 0xFFFF, 0xFFFF, 0xFFFF, 0xFFFF,
  0xFFFF, 0xFFFF, 0xFFFF, 0xFFFF, 0xFFFF, 0xFFFF, 0xFFFF, 0xFFFF, 0xFFFF, 0xFFFF, 0xFFFF, 0xFFFF, 0xFFFF, 0xFFFF, 0xFFFF, 0xFFFF,
  0xFFFF, 0xFFFF, 0xFFFF, 0xFFFF, 0xFFFF, 0xFFFF, 0xFFFF, 0xFFFF, 0xFFFF, 0xFFFF, 0xFFFF, 0xFFFF, 0xFFFF, 0xFFFF, 0xFFFF, 0xFFFF,
  0xFFFF, 0xFFFF, 0xFFFF, 0xFFFF, 0xFFFF, 0xFFFF, 0xFFFF, 0xFFFF, 0xFFFF, 0xFFFF, 0xFFFF, 0xFFFF, 0xFFFF, 0xFFFF, 0xFFFF, 0xFFFF,
  0xFFFF, 0xFFFF, 0xFFFF, 0xFFFF, 0xFFFF, 0xFFFF, 0xFFFF, 0xFFFF, 0xFFFF, 0xFFFF, 0xFFFF, 0xFFFF, 0xFFFF, 0xFFFF, 0xFFFF, 0xFFFF,
  0xFFFF, 0xFFFF, 0xFFFF, 0xFFFF, 0xFFFF, 0xFFFF, 0xFFFF, 0xFFFF, 0xFFFF, 0xFFFF, 0xFFFF, 0xFFFF, 0xFFFF, 0xFFFF, 0xFFFF, 0xFFFF,
  0xFFFF, 0xFFFF, 0xFFFF, 0xFFFF, 0xFFFF, 0xFFFF, 0xFFFF, 0xFFFF, 0xFFFF, 0xFFFF, 0xFFFF, 0xFFFF, 0xFFFF, 0xFFFF, 0xFFFF, 0xFFFF,
  0xFFFF, 0xFFFF, 0xFFFF, 0xFFFF, 0xFFFF, 0xFFFF, 0xFFFF, 0xFFFF, 0xFFFF, 0xFFFF, 0xFFFF, 0xFFFF, 0xFFFF, 0xFFFF, 0xFFFF, 0xFFFF,
  0xFFFF, 0xFFFF, 0xFFFF, 0xFFFF, 0xFFFF, 0xFFFF, 0xFFFF, 0xFFFF, 0xFFFF, 0xFFFF, 0xFFFF, 0xFFFF, 0xFFFF, 0xFFFF, 0xFFFF, 0xFFFF,
  0xFFFF, 0xFFFF, 0xFFFF, 0xFFFF, 0xFFFF, 0xFFFF, 0xFFFF, 0xFFFF, 0xFFFF, 0xFFFF, 0xFFFF, 0xFFFF, 0xFFFF, 0xFFFF, 0xFFFF, 0xFFFF,
  0xFFFF, 0xFFFF, 0xFFFF, 0xFFFF, 0xFFFF, 0xFFFF, 0xFFFF, 0xFFFF, 0xFFFF, 0xFFFF, 0xFFFF, 0xFFFF, 0xFFFF, 0xFFFF, 0xFFFF, 0xFFFF,
  0xFFFF, 0xFFFF, 0xFFFF, 0xFFFF, 0xFFFF, 0xFFFF, 0xFFFF, 0xFFFF, 0xFFFF, 0xFFFF, 0xFFFF, 0xFFFF, 0xFFFF, 0xFFFF, 0xFFFF, 0xFFFF,
  0xFFFF, 0xFFFF, 0xFFFF, 0xFFFF, 0xFFFF, 0xFFFF, 0xFFFF, 0xFFFF, 0xFFFF, 0xFFFF, 0xFFFF, 0xFFFF, 0xFFFF, 0xFFFF, 0xFFFF, 0xFFFF,
  0xFFFF, 0xFFFF, 0xFFFF, 0xFFFF, 0xFFFF, 0xFFFF, 0xFFFF, 0xFFFF, 0xFFFF, 0xFFFF, 0xFFFF, 0xFFFF, 0xFFFF, 0xFFFF, 0xFFFF, 0xFFFF,
  0xFFFF, 0xFFFF, 0xFFFF, 0xFFFF, 0xFFFF, 0xFFFF, 0xFFFF, 0xFFFF, 0xFFFF, 0xFFFF, 0xFFFF, 0xFFFF, 0xFFFF, 0xFFFF, 0xFFFF, 0xFFFF,
  0xFFFF, 0xFFFF, 0xFFFF, 0xFFFF, 0xFFFF, 0xFFFF, 0xFFFF, 0xFFFF, 0xFFFF, 0xFFFF, 0xFFFF, 0xFFFF, 0xFFFF, 0xFFFF, 0xFFFF, 0xFFFF,
  0xFFFF, 0xFFFF, 0xFFFF, 0xFFFF, 0xFFFF, 0xFFFF, 0xFFFF, 0xFFFF, 0xFFFF, 0xFFFF, 0xFFFF, 0xFFFF, 0xFFFF, 0xFFFF, 0xFFFF, 0xFFFF,
  0xFFFF, 0xFFFF, 0xFFFF, 0xFFFF, 0xFFFF, 0xFFFF, 0xFFFF, 0xFFFF, 0xFFFF, 0xFFFF, 0xFFFF, 0xFFFF, 0xFFFF, 0xFFFF, 0xFFFF, 0xFFFF,
  0xFFFF, 0xFFFF, 0xFFFF, 0xFFFF, 0xFFFF, 0xFFFF, 0xFFFF, 0xFFFF, 0xFFFF, 0xFFFF, 0xFFFF, 0xFFFF, 0xFFFF, 0xFFFF, 0xFFFF, 0xFFFF,
  0xFFFF, 0xFFFF, 0xFFFF, 0xFFFF, 0xFFFF, 0xFFFF, 0xFFFF, 0xFFFF, 0xFFFF, 0xFFFF, 0xFFFF, 0xFFFF, 0xFFFF, 0xFFFF, 0xFFFF, 0xFFFF,
  0xFFFF, 0xFFFF, 0xFFFF, 0xFFFF, 0xFFFF, 0xFFFF, 0xFFFF, 0xFFFF, 0xFFFF, 0xFFFF, 0xFFFF, 0xFFFF, 0xFFFF, 0xFFFF, 0xFFFF, 0xFFFF,
  0xFFFF, 0xFFFF, 0xFFFF, 0xFFFF, 0xFFFF, 0xFFFF, 0xFFFF, 0xFFFF, 0xFFFF, 0xFFFF, 0xFFFF, 0xFFFF, 0xFFFF, 0xFFFF, 0xFFFF, 0xFFFF,
  0xFFFF, 0xFFFF, 0xFFFF, 0xFFFF, 0xFFFF, 0xFFFF, 0xFFFF, 0xFFFF, 0xFFFF, 0xFFFF, 0xFFFF, 0xFFFF, 0xFFFF, 0xFFFF, 0xFFFF, 0xFFFF,
  0xFFFF, 0xFFFF, 0xFFFF, 0xFFFF, 0xFFFF, 0xFFFF, 0xFFFF, 0xFFFF, 0xFFFF, 0xFFFF, 0xFFFF, 0xFFFF, 0xFFFF, 0xFFFF, 0xFFFF, 0xFFFF,
  0xFFFF, 0xFFFF, 0xFFFF, 0xFFFF, 0xFFFF, 0xFFFF, 0xFFFF, 0xFFFF, 0xFFFF, 0xFFFF, 0xFFFF, 0xFFFF, 0xFFFF, 0xFFFF, 0xFFFF, 0xFFFF,
  0xFFFF, 0xFFFF, 0xFFFF, 0xFFFF, 0xFFFF, 0xFFFF, 0xFFFF, 0xFFFF, 0xFFFF, 0xFFFF, 0xFFFF, 0xFFFF, 0xFFFF, 0xFFFF, 0xFFFF, 0xFFFF,
  0xFFFF, 0xFFFF, 0xFFFF, 0xFFFF, 0xFFFF, 0xFFFF, 0xFFFF, 0xFFFF, 0xFFFF, 0xFFFF, 0xFFFF, 0xFFFF, 0xFFFF, 0xFFFF, 0xFFFF, 0xFFFF,
  0xFFFF, 0xFFFF, 0xFFFF, 0xFFFF, 0xFFFF, 0xFFFF, 0xFFFF, 0xFFFF, 0xFFFF, 0xFFFF, 0xFFFF, 0xFFFF, 0xFFFF, 0xFFFF, 0xFFFF, 0xFFFF,
  0xFFFF, 0xFFFF, 0xFFFF, 0xFFFF, 0xFFFF, 0xFFFF, 0xFFFF, 0xFFFF, 0xFFFF, 0xFFFF, 0xFFFF, 0xFFFF, 0xFFFF, 0xFFFF, 0xFFFF, 0xFFFF,
  0xFFFF, 0xFFFF, 0xFFFF, 0xFFFF, 0xFFFF, 0xFFFF, 0xFFFF, 0xFFFF, 0xFFFF, 0xFFFF, 0xFFFF, 0xFFFF, 0xFFFF, 0xFFFF, 0xFFFF, 0xFFFF,
  0xFFFF, 0xFFFF, 0xFFFF, 0xFFFF, 0xFFFF, 0xFFFF, 0xFFFF, 0xFFFF, 0xFFFF, 0xFFFF, 0xFFFF, 0xFFFF, 0xFFFF, 0xFFFF, 0xFFFF, 0xFFFF,
  0xFFFF, 0xFFFF, 0xFFFF, 0xFFFF, 0xFFFF, 0xFFFF, 0xFFFF, 0xFFFF, 0xFFFF, 0xFFFF, 0xFFFF, 0xFFFF, 0xFFFF, 0xFFFF, 0xFFFF, 0xFFFF,
  0xFFFF, 0xFFFF, 0xFFFF, 0xFFFF, 0xFFFF, 0xFFFF, 0xFFFF, 0xFFFF, 0xFFFF, 0xFFFF, 0xFFFF, 0xFFFF, 0xFFFF, 0xFFFF, 0xFFFF, 0xFFFF,
  0xFFFF, 0xFFFF, 0xFFFF, 0xFFFF, 0xFFFF, 0xFFFF, 0xFFFF, 0xFFFF, 0xFFFF, 0xFFFF, 0xFFFF, 0xFFFF, 0xFFFF, 0xFFFF, 0xFFFF, 0xFFFF,
  0xFFFF, 0xFFFF, 0xFFFF, 0xFFFF, 0xFFFF, 0xFFFF, 0xFFFF, 0xFFFF, 0xFFFF, 0xFFFF, 0xFFFF, 0xFFFF, 0xFFFF, 0xFFFF, 0xFFFF, 0xFFFF,
};

#endif // IMAGE_LOGO_H
