// Autogenerated 240x280 RGB565 Night Mountain Lake Wallpaper
#ifndef CLOCK_WALLPAPER_H
#define CLOCK_WALLPAPER_H

#include <Arduino.h>

const uint16_t clock_night_bg[67200] PROGMEM = {
  0x0044, 0x0044, 0x0044, 0x0044, 0x0064, 0x0064, 0x0064, 0x0064, 0x0064, 0x0064, 0x0064, 0x0064, 0x0064, 0x0064, 0x0064, 0x0064,
  0x0064, 0x0064, 0x0064, 0x0064, 0x0064, 0x0064, 0x0064, 0x0064, 0x0064, 0x0064, 0x0064, 0x0064, 0x0064, 0x0064, 0x0064, 0x0064,
  0x0064, 0x0064, 0x0064, 0x0064, 0x0064, 0x0064, 0x08C6, 0x0065, 0x0065, 0x0064, 0x0085, 0x0085, 0x0064, 0x0065, 0x0065, 0x0065,
  0x0065, 0x0064, 0x0064, 0x0064, 0x0065, 0x0064, 0x0065, 0x0065, 0x0064, 0x0064, 0x0065, 0x0065, 0x0065, 0x0064, 0x0065, 0x0065,
  0x0065, 0x0065, 0x0065, 0x0065, 0x0065, 0x0065, 0x0065, 0x0065, 0x0065, 0x0065, 0x0065, 0x0085, 0x0065, 0x0065, 0x0065, 0x0065,
  0x0065, 0x0065, 0x0065, 0x0065, 0x0065, 0x0065, 0x0065, 0x0065, 0x0065, 0x0065, 0x0065, 0x0085, 0x0085, 0x0065, 0x0085, 0x0065,
  0x0085, 0x0085, 0x0085, 0x0085, 0x0085, 0x0085, 0x0085, 0x0085, 0x0085, 0x0085, 0x0085, 0x0085, 0x0085, 0x00A6, 0x0085, 0x0085,
  0x0085, 0x0085, 0x0085, 0x0085, 0x0085, 0x0085, 0x0085, 0x0085, 0x0085, 0x0085, 0x00A6, 0x0085, 0x0085, 0x0085, 0x0085, 0x0085,
  0x0085, 0x0085, 0x0085, 0x0085, 0x0085, 0x0085, 0x0085, 0x0085, 0x0085, 0x0085, 0x0085, 0x0085, 0x0085, 0x0085, 0x0085, 0x0085,
  0x0085, 0x0085, 0x0085, 0x0085, 0x0085, 0x0085, 0x0085, 0x0085, 0x0085, 0x0085, 0x0085, 0x0085, 0x0085, 0x0085, 0x0085, 0x0085,
  0x0085, 0x0085, 0x0085, 0x0085, 0x0085, 0x0085, 0x0085, 0x0085, 0x0085, 0x0085, 0x0085, 0x0085, 0x0085, 0x0085, 0x0085, 0x0085,
  0x0085, 0x0085, 0x0085, 0x0085, 0x0085, 0x0085, 0x0085, 0x0085, 0x0085, 0x0085, 0x0085, 0x0085, 0x0085, 0x0085, 0x0085, 0x0085,
  0x0085, 0x0085, 0x0085, 0x0085, 0x0085, 0x0085, 0x0085, 0x0085, 0x0085, 0x0085, 0x00A6, 0x00A6, 0x0085, 0x08C6, 0x0085, 0x00A6,
  0x0086, 0x00A6, 0x0086, 0x0085, 0x0086, 0x0086, 0x0085, 0x0086, 0x0086, 0x0086, 0x0086, 0x0085, 0x0085, 0x0086, 0x0086, 0x0086,
  0x0085, 0x0085, 0x0085, 0x0086, 0x0086, 0x0086, 0x0085, 0x0085, 0x0085, 0x0085, 0x0085, 0x0085, 0x0085, 0x0085, 0x0085, 0x0085,
  0x0044, 0x0044, 0x0044, 0x0044, 0x0064, 0x0064, 0x0064, 0x0064, 0x0064, 0x0064, 0x0064, 0x0064, 0x0064, 0x0064, 0x0064, 0x0064,
  0x0064, 0x0064, 0x0064, 0x0064, 0x0064, 0x0064, 0x0064, 0x0064, 0x0064, 0x0064, 0x0064, 0x0065, 0x0064, 0x0064, 0x0064, 0x0064,
  0x0064, 0x0065, 0x0064, 0x0064, 0x0064, 0x0085, 0x1948, 0x0064, 0x0065, 0x0065, 0x0064, 0x0064, 0x0065, 0x0065, 0x0065, 0x0065,
  0x0065, 0x0064, 0x0064, 0x0085, 0x0085, 0x0064, 0x0065, 0x0064, 0x0065, 0x0065, 0x0064, 0x0065, 0x0065, 0x0065, 0x0065, 0x0065,
  0x0065, 0x0065, 0x0065, 0x0065, 0x0065, 0x0065, 0x0065, 0x0065, 0x0065, 0x0065, 0x0065, 0x0065, 0x0065, 0x0065, 0x0065, 0x0065,
  0x0065, 0x0065, 0x0065, 0x0065, 0x0065, 0x0085, 0x00A5, 0x00A5, 0x0065, 0x0085, 0x0085, 0x0085, 0x0065, 0x0065, 0x0085, 0x0085,
  0x0085, 0x0085, 0x0085, 0x0085, 0x0085, 0x0085, 0x0085, 0x0085, 0x0085, 0x0085, 0x0085, 0x0085, 0x08C6, 0x00A6, 0x0085, 0x0085,
  0x0085, 0x0085, 0x0085, 0x0085, 0x0085, 0x0085, 0x0085, 0x0085, 0x0085, 0x08C6, 0x2189, 0x0065, 0x0085, 0x0085, 0x0085, 0x0085,
  0x0085, 0x0085, 0x0085, 0x0085, 0x0085, 0x0085, 0x0085, 0x0085, 0x0085, 0x0085, 0x0085, 0x0085, 0x0085, 0x0085, 0x0085, 0x0085,
  0x0085, 0x0085, 0x0085, 0x0085, 0x0085, 0x0085, 0x0085, 0x0085, 0x0085, 0x0085, 0x0085, 0x0085, 0x0085, 0x0085, 0x0085, 0x0085,
  0x0085, 0x0085, 0x0085, 0x0085, 0x0085, 0x0085, 0x0085, 0x0085, 0x0085, 0x0085, 0x0085, 0x0085, 0x0085, 0x0085, 0x0085, 0x0086,
  0x0085, 0x0085, 0x0085, 0x0085, 0x0085, 0x0085, 0x0085, 0x0085, 0x0085, 0x0085, 0x00A6, 0x00A6, 0x0085, 0x0085, 0x0085, 0x0085,
  0x0085, 0x0085, 0x0085, 0x00A6, 0x00A6, 0x0085, 0x0086, 0x0085, 0x0085, 0x0086, 0x0086, 0x0085, 0x0085, 0x0085, 0x0086, 0x0085,
  0x0085, 0x0085, 0x0086, 0x0086, 0x0086, 0x0085, 0x0085, 0x0086, 0x00A6, 0x0086, 0x0086, 0x0086, 0x0085, 0x0086, 0x0086, 0x0086,
  0x0086, 0x0086, 0x0086, 0x0086, 0x0085, 0x0086, 0x0085, 0x0085, 0x0085, 0x0085, 0x0085, 0x0085, 0x0085, 0x0085, 0x0085, 0x0085,
  0x0044, 0x0044, 0x0064, 0x0044, 0x0064, 0x0064, 0x0064, 0x0064, 0x0064, 0x0064, 0x0064, 0x0064, 0x0064, 0x0064, 0x0064, 0x0064,
  0x0064, 0x0064, 0x0065, 0x0064, 0x0064, 0x0064, 0x0064, 0x0064, 0x0064, 0x0064, 0x0064, 0x0064, 0x0064, 0x0065, 0x0065, 0x0064,
  0x0064, 0x0065, 0x0065, 0x0064, 0x0065, 0x0064, 0x0044, 0x0065, 0x0065, 0x0065, 0x0064, 0x0065, 0x0065, 0x0065, 0x0065, 0x0065,
  0x0065, 0x0064, 0x0064, 0x0085, 0x0085, 0x0065, 0x0065, 0x0065, 0x0065, 0x0065, 0x0065, 0x0065, 0x0065, 0x0065, 0x0065, 0x0065,
  0x0065, 0x0064, 0x08C6, 0x00A5, 0x0065, 0x0085, 0x0065, 0x0065, 0x0065, 0x0065, 0x0065, 0x0065, 0x0065, 0x0065, 0x0065, 0x0085,
  0x0085, 0x0085, 0x0085, 0x0065, 0x0065, 0x0085, 0x08A6, 0x08C6, 0x0085, 0x0085, 0x0085, 0x0085, 0x0065, 0x0065, 0x0085, 0x0085,
  0x0085, 0x0085, 0x0085, 0x0085, 0x0085, 0x0085, 0x0085, 0x0085, 0x0085, 0x0085, 0x0085, 0x0085, 0x0085, 0x0085, 0x0085, 0x0085,
  0x0085, 0x0085, 0x0085, 0x0085, 0x0085, 0x0085, 0x0085, 0x0085, 0x0085, 0x0085, 0x0085, 0x0085, 0x0085, 0x00A6, 0x00A6, 0x0085,
  0x0085, 0x0085, 0x0085, 0x0085, 0x0085, 0x0085, 0x0085, 0x0085, 0x0085, 0x0085, 0x0085, 0x0085, 0x0085, 0x0085, 0x0085, 0x0085,
  0x0085, 0x0085, 0x0085, 0x0085, 0x0085, 0x0085, 0x0085, 0x0085, 0x0085, 0x0085, 0x0065, 0x1107, 0x1128, 0x0065, 0x0085, 0x0085,
  0x00A5, 0x0085, 0x0085, 0x0085, 0x0085, 0x0085, 0x0085, 0x0085, 0x0085, 0x0085, 0x0085, 0x0085, 0x0086, 0x0085, 0x0085, 0x0086,
  0x00A6, 0x1969, 0x0085, 0x0085, 0x0085, 0x0085, 0x0085, 0x0085, 0x0085, 0x0085, 0x00A6, 0x08C6, 0x0085, 0x0085, 0x0085, 0x0085,
  0x0085, 0x0085, 0x0085, 0x0085, 0x00A6, 0x0085, 0x0086, 0x0086, 0x0085, 0x0086, 0x0085, 0x0086, 0x0086, 0x0086, 0x0086, 0x0086,
  0x0086, 0x0085, 0x0086, 0x0086, 0x0086, 0x0086, 0x0086, 0x0086, 0x00A6, 0x0086, 0x0086, 0x0086, 0x0086, 0x0086, 0x0086, 0x0086,
  0x0086, 0x0086, 0x0086, 0x0085, 0x0086, 0x0086, 0x0085, 0x0086, 0x0085, 0x0085, 0x0085, 0x0085, 0x0085, 0x0085, 0x0085, 0x0085,
  0x0064, 0x0044, 0x0064, 0x0064, 0x0064, 0x0064, 0x0064, 0x0064, 0x0064, 0x0064, 0x0064, 0x0064, 0x0064, 0x0064, 0x0064, 0x0085,
  0x0064, 0x0064, 0x0064, 0x0064, 0x0064, 0x0065, 0x0065, 0x0065, 0x0064, 0x0064, 0x0064, 0x0064, 0x0065, 0x0064, 0x0064, 0x08A6,
  0x00A5, 0x0064, 0x0065, 0x0065, 0x0065, 0x0065, 0x0065, 0x0065, 0x0065, 0x0065, 0x0065, 0x0065, 0x0065, 0x0085, 0x0085, 0x0064,
  0x0065, 0x0065, 0x0064, 0x0064, 0x0065, 0x0065, 0x0065, 0x0065, 0x0065, 0x0065, 0x0065, 0x0065, 0x0065, 0x0065, 0x0064, 0x0065,
  0x0065, 0x0065, 0x0085, 0x0065, 0x0065, 0x0065, 0x0065, 0x0065, 0x0085, 0x0065, 0x0065, 0x0065, 0x0085, 0x0085, 0x0085, 0x0085,
  0x0065, 0x0085, 0x0085, 0x0085, 0x00A6, 0x0085, 0x0085, 0x0065, 0x0065, 0x0065, 0x0085, 0x0085, 0x0085, 0x0085, 0x0085, 0x0085,
  0x0085, 0x0085, 0x0085, 0x0085, 0x0085, 0x0085, 0x0085, 0x08C6, 0x0085, 0x0085, 0x00A5, 0x00A5, 0x0085, 0x0085, 0x0085, 0x0085,
  0x0085, 0x00A5, 0x00A5, 0x0085, 0x0085, 0x0085, 0x0085, 0x0085, 0x0085, 0x0085, 0x0085, 0x0085, 0x0085, 0x0085, 0x0085, 0x0085,
  0x0085, 0x0085, 0x0085, 0x0085, 0x0085, 0x0085, 0x0085, 0x0085, 0x0085, 0x0085, 0x0085, 0x0085, 0x00A6, 0x0085, 0x0085, 0x0085,
  0x0085, 0x0085, 0x0085, 0x0085, 0x0085, 0x0085, 0x0085, 0x0085, 0x00A6, 0x0086, 0x0085, 0x00A6, 0x00A6, 0x0085, 0x0085, 0x0085,
  0x0085, 0x0085, 0x0085, 0x0085, 0x00A6, 0x0085, 0x0085, 0x0085, 0x08C6, 0x0085, 0x0085, 0x0085, 0x0085, 0x0085, 0x0085, 0x00A6,
  0x00A6, 0x00A6, 0x0085, 0x0085, 0x00A6, 0x0085, 0x0086, 0x0086, 0x0085, 0x0086, 0x0085, 0x0085, 0x00A5, 0x0085, 0x0085, 0x0085,
  0x0085, 0x0085, 0x0085, 0x0085, 0x0085, 0x0085, 0x0085, 0x0085, 0x0085, 0x0085, 0x0085, 0x0085, 0x0086, 0x0086, 0x0086, 0x0086,
  0x0086, 0x0085, 0x00A6, 0x0086, 0x0086, 0x00A6, 0x00A6, 0x0086, 0x00A6, 0x00A6, 0x00A6, 0x0086, 0x0086, 0x0086, 0x00A6, 0x0086,
  0x0086, 0x0086, 0x0086, 0x0086, 0x0086, 0x0085, 0x0086, 0x0085, 0x00A6, 0x08C7, 0x0085, 0x00A6, 0x0086, 0x0085, 0x0085, 0x0085,
  0x0044, 0x0044, 0x0064, 0x0064, 0x0064, 0x0064, 0x0064, 0x0044, 0x2189, 0x08A6, 0x0044, 0x0064, 0x0064, 0x0064, 0x0064, 0x0065,
  0x0064, 0x0064, 0x0064, 0x0064, 0x0064, 0x0065, 0x0064, 0x0065, 0x0064, 0x0064, 0x0064, 0x0064, 0x0064, 0x0064, 0x0065, 0x0085,
  0x0085, 0x0064, 0x0064, 0x0065, 0x0065, 0x0064, 0x08C6, 0x08C6, 0x0064, 0x0065, 0x0065, 0x0065, 0x0065, 0x0085, 0x0085, 0x0064,
  0x0065, 0x0065, 0x0065, 0x0065, 0x0065, 0x0065, 0x0065, 0x0065, 0x0065, 0x0085, 0x0085, 0x0085, 0x0065, 0x0065, 0x0065, 0x0065,
  0x0085, 0x0085, 0x0065, 0x0065, 0x0065, 0x0065, 0x0065, 0x0065, 0x0085, 0x0085, 0x0065, 0x0065, 0x0065, 0x0085, 0x0085, 0x0065,
  0x0085, 0x0085, 0x0065, 0x08E6, 0x1127, 0x0064, 0x0085, 0x0065, 0x08C6, 0x08C6, 0x0065, 0x0085, 0x0085, 0x0085, 0x0085, 0x0085,
  0x0085, 0x0085, 0x0085, 0x0085, 0x0085, 0x0085, 0x0085, 0x1107, 0x0085, 0x0085, 0x0085, 0x0085, 0x0085, 0x0085, 0x0085, 0x0085,
  0x0085, 0x00A5, 0x0085, 0x0085, 0x0085, 0x0085, 0x0085, 0x0085, 0x00A5, 0x0085, 0x0085, 0x0085, 0x0085, 0x0085, 0x0085, 0x0085,
  0x0085, 0x0085, 0x0085, 0x0085, 0x0085, 0x0085, 0x0085, 0x0085, 0x0085, 0x0085, 0x0085, 0x0085, 0x08C6, 0x00A6, 0x0085, 0x0085,
  0x0085, 0x0085, 0x0085, 0x0085, 0x0085, 0x0085, 0x0085, 0x0085, 0x08E7, 0x00A6, 0x00A5, 0x0085, 0x0085, 0x0085, 0x0085, 0x0085,
  0x00A6, 0x00A5, 0x0085, 0x0085, 0x0085, 0x0085, 0x0085, 0x0085, 0x00A6, 0x00A6, 0x0085, 0x00A5, 0x0085, 0x0085, 0x00A6, 0x00A6,
  0x0086, 0x0085, 0x0086, 0x0086, 0x0086, 0x0085, 0x0085, 0x0086, 0x0086, 0x0086, 0x0086, 0x0086, 0x0085, 0x0085, 0x0085, 0x0085,
  0x0085, 0x00A5, 0x0086, 0x0086, 0x0085, 0x0085, 0x0086, 0x0085, 0x0085, 0x00C6, 0x08C7, 0x0086, 0x0086, 0x0086, 0x0086, 0x00A6,
  0x00A6, 0x00A6, 0x00A6, 0x00A6, 0x0086, 0x00A6, 0x00A6, 0x00A6, 0x00A6, 0x00A6, 0x00A6, 0x00A6, 0x00A6, 0x0086, 0x0086, 0x0086,
  0x0086, 0x0086, 0x0086, 0x0086, 0x0086, 0x0086, 0x0086, 0x0086, 0x0086, 0x0086, 0x0085, 0x0086, 0x0085, 0x0085, 0x0085, 0x0085,
  0x0064, 0x0064, 0x0064, 0x0064, 0x0064, 0x0064, 0x0064, 0x0064, 0x0064, 0x0064, 0x0064, 0x0064, 0x0064, 0x0064, 0x0064, 0x0064,
  0x0064, 0x0064, 0x0064, 0x0064, 0x0064, 0x0064, 0x0064, 0x0065, 0x0065, 0x0064, 0x0064, 0x0065, 0x0065, 0x0065, 0x0065, 0x0064,
  0x0064, 0x0065, 0x0065, 0x0065, 0x0065, 0x0064, 0x0085, 0x0085, 0x0065, 0x0065, 0x0085, 0x0065, 0x0065, 0x0064, 0x0064, 0x0065,
  0x0065, 0x0065, 0x0065, 0x0064, 0x0065, 0x0065, 0x0065, 0x0065, 0x0065, 0x0085, 0x0065, 0x0085, 0x0065, 0x0065, 0x0065, 0x0065,
  0x08A6, 0x08E6, 0x0064, 0x0085, 0x0065, 0x0065, 0x0065, 0x0065, 0x0065, 0x0065, 0x0085, 0x0065, 0x0085, 0x0085, 0x0085, 0x0085,
  0x00A6, 0x0085, 0x0085, 0x0065, 0x0065, 0x0085, 0x0085, 0x0065, 0x1107, 0x1127, 0x0065, 0x0085, 0x0085, 0x0085, 0x0085, 0x0085,
  0x0085, 0x0085, 0x0085, 0x0085, 0x0085, 0x0085, 0x0085, 0x00A6, 0x0085, 0x0085, 0x0085, 0x0085, 0x0085, 0x0085, 0x0085, 0x0085,
  0x0085, 0x0085, 0x0085, 0x0085, 0x0085, 0x0085, 0x0085, 0x0085, 0x0085, 0x0085, 0x0085, 0x0085, 0x0085, 0x0085, 0x0085, 0x00A5,
  0x00A5, 0x0085, 0x0085, 0x0085, 0x0085, 0x0085, 0x0085, 0x0085, 0x0085, 0x0085, 0x0085, 0x0085, 0x0085, 0x0085, 0x0085, 0x0086,
  0x0085, 0x0085, 0x0085, 0x0085, 0x0085, 0x0085, 0x0085, 0x0085, 0x0085, 0x0085, 0x0085, 0x0085, 0x0085, 0x0085, 0x0085, 0x00A5,
  0x0085, 0x0085, 0x0085, 0x0085, 0x0085, 0x0085, 0x0085, 0x0085, 0x0085, 0x0085, 0x00A6, 0x00A6, 0x0086, 0x00A6, 0x0086, 0x0086,
  0x00A6, 0x00A6, 0x00A6, 0x0086, 0x00A6, 0x0086, 0x08C6, 0x00A6, 0x0086, 0x0086, 0x0086, 0x0085, 0x00A6, 0x00A6, 0x00A5, 0x00A5,
  0x0085, 0x00A6, 0x0086, 0x0086, 0x00A5, 0x00A6, 0x00A6, 0x00A6, 0x0085, 0x00A6, 0x00A6, 0x0086, 0x0086, 0x0085, 0x00A6, 0x00A6,
  0x00A6, 0x00A6, 0x00A6, 0x00A6, 0x00A6, 0x00A6, 0x00C6, 0x00A6, 0x00A6, 0x00A6, 0x00A6, 0x00A6, 0x00A6, 0x00A6, 0x00A6, 0x0086,
  0x0086, 0x0086, 0x0086, 0x0086, 0x00A6, 0x00A6, 0x0086, 0x0086, 0x0086, 0x0086, 0x00A6, 0x0086, 0x0085, 0x0085, 0x0085, 0x0085,
  0x0064, 0x0064, 0x0064, 0x0064, 0x0064, 0x0064, 0x0064, 0x0064, 0x0064, 0x0064, 0x0064, 0x0064, 0x0064, 0x0064, 0x0064, 0x0064,
  0x0064, 0x0064, 0x0064, 0x0064, 0x0064, 0x0064, 0x0065, 0x0065, 0x0065, 0x0064, 0x0065, 0x0065, 0x0065, 0x0065, 0x0065, 0x0065,
  0x0065, 0x0065, 0x0065, 0x0065, 0x0064, 0x0065, 0x0064, 0x0064, 0x0065, 0x0065, 0x0065, 0x0065, 0x0065, 0x0065, 0x0065, 0x0065,
  0x0065, 0x0065, 0x0064, 0x08A6, 0x08A6, 0x0065, 0x0065, 0x0065, 0x0065, 0x0065, 0x0065, 0x0065, 0x0065, 0x0065, 0x0065, 0x0065,
  0x0065, 0x0065, 0x0065, 0x0085, 0x0085, 0x0065, 0x0065, 0x0065, 0x0085, 0x08A6, 0x0065, 0x0065, 0x0065, 0x0085, 0x0085, 0x0085,
  0x0085, 0x0085, 0x0085, 0x0085, 0x0085, 0x0085, 0x0085, 0x0085, 0x0065, 0x0065, 0x0085, 0x0085, 0x0085, 0x0085, 0x0085, 0x0085,
  0x0085, 0x0085, 0x0085, 0x00A6, 0x00A6, 0x0085, 0x0085, 0x00A6, 0x0085, 0x0085, 0x0085, 0x0085, 0x0085, 0x0085, 0x0085, 0x0085,
  0x0085, 0x0085, 0x0085, 0x0085, 0x0085, 0x0085, 0x00A6, 0x00A6, 0x0085, 0x0085, 0x0085, 0x0085, 0x0085, 0x0085, 0x0085, 0x0085,
  0x0085, 0x0085, 0x0085, 0x0085, 0x0085, 0x0085, 0x0085, 0x0085, 0x0085, 0x00A5, 0x0085, 0x0085, 0x0085, 0x0085, 0x0085, 0x0085,
  0x0085, 0x0086, 0x0085, 0x0085, 0x0085, 0x0085, 0x0085, 0x0085, 0x0085, 0x0085, 0x0085, 0x0085, 0x0085, 0x0085, 0x0086, 0x0085,
  0x00A6, 0x00A6, 0x0085, 0x0085, 0x0085, 0x0086, 0x0085, 0x0085, 0x0085, 0x00A5, 0x0085, 0x00A6, 0x00A6, 0x0085, 0x198A, 0x1969,
  0x0086, 0x00A6, 0x00A6, 0x0086, 0x00A6, 0x0086, 0x08C6, 0x00A6, 0x00A5, 0x00A6, 0x00A6, 0x0085, 0x00A6, 0x00A6, 0x00A6, 0x00A5,
  0x00A6, 0x0086, 0x0086, 0x0086, 0x0085, 0x0086, 0x0086, 0x0086, 0x0086, 0x0086, 0x0085, 0x00A6, 0x00A6, 0x0085, 0x00A5, 0x00A6,
  0x00A6, 0x00A5, 0x00A6, 0x0086, 0x00A6, 0x00A6, 0x0086, 0x0086, 0x00A6, 0x00A6, 0x00A6, 0x00A6, 0x0086, 0x00A6, 0x0086, 0x0086,
  0x00A6, 0x0086, 0x0085, 0x0086, 0x0086, 0x00A6, 0x00A6, 0x00A6, 0x00A6, 0x00A6, 0x00A6, 0x00A6, 0x0086, 0x00A6, 0x00A5, 0x0085,
  0x0064, 0x0064, 0x0064, 0x0064, 0x0064, 0x0044, 0x0064, 0x0064, 0x0064, 0x0064, 0x0064, 0x0064, 0x0064, 0x0064, 0x0064, 0x0064,
  0x0065, 0x0064, 0x0064, 0x0064, 0x0064, 0x0064, 0x0065, 0x0065, 0x0064, 0x0064, 0x0065, 0x0064, 0x0065, 0x0065, 0x0065, 0x0065,
  0x0065, 0x0065, 0x0065, 0x0065, 0x0064, 0x0065, 0x0065, 0x0065, 0x0065, 0x0065, 0x0085, 0x0065, 0x0065, 0x0065, 0x0065, 0x0065,
  0x0065, 0x0065, 0x0065, 0x0085, 0x0085, 0x0065, 0x0065, 0x0065, 0x0065, 0x0065, 0x0065, 0x0065, 0x0065, 0x0065, 0x0065, 0x0085,
  0x0065, 0x0085, 0x0085, 0x0065, 0x0064, 0x08C6, 0x1107, 0x0044, 0x00A5, 0x10E7, 0x0065, 0x0085, 0x0085, 0x0085, 0x0085, 0x0085,
  0x0085, 0x0085, 0x00A5, 0x08C6, 0x0085, 0x0085, 0x0085, 0x0085, 0x0085, 0x0085, 0x0085, 0x0085, 0x0085, 0x0085, 0x0085, 0x0085,
  0x00A5, 0x0085, 0x0085, 0x0085, 0x0085, 0x0085, 0x0085, 0x0085, 0x0085, 0x0085, 0x0085, 0x0085, 0x0085, 0x0085, 0x0085, 0x00A6,
  0x0085, 0x0085, 0x0085, 0x0085, 0x0085, 0x0085, 0x0085, 0x0085, 0x0085, 0x0085, 0x0085, 0x0085, 0x0085, 0x0085, 0x0085, 0x00A5,
  0x0085, 0x0085, 0x0085, 0x0085, 0x0085, 0x0085, 0x0085, 0x0085, 0x00A6, 0x00A5, 0x0085, 0x0085, 0x0085, 0x0085, 0x00A5, 0x0085,
  0x0085, 0x0085, 0x0085, 0x0086, 0x00A5, 0x08A6, 0x0085, 0x0085, 0x00A6, 0x00A6, 0x0085, 0x0086, 0x0085, 0x0086, 0x00A6, 0x0085,
  0x00A5, 0x00A6, 0x0086, 0x0085, 0x0085, 0x0086, 0x0086, 0x00A5, 0x00A5, 0x00A6, 0x00A6, 0x00A6, 0x00A6, 0x0086, 0x1108, 0x0908,
  0x00A6, 0x00A6, 0x00A6, 0x0086, 0x00A6, 0x00A6, 0x0085, 0x00A6, 0x00A6, 0x00A6, 0x00A6, 0x00A6, 0x00A6, 0x00A6, 0x00A6, 0x00A6,
  0x00A6, 0x00A6, 0x00A6, 0x00A6, 0x00A6, 0x00A6, 0x00A6, 0x00A6, 0x00A6, 0x00A6, 0x00A6, 0x00A6, 0x0086, 0x00A6, 0x00C6, 0x0085,
  0x00A5, 0x00A6, 0x00A6, 0x08C7, 0x00A6, 0x00A6, 0x00A6, 0x00A6, 0x00A6, 0x00A6, 0x00A6, 0x00A6, 0x00A6, 0x0085, 0x00A6, 0x00A6,
  0x0086, 0x0085, 0x0085, 0x00A6, 0x00A6, 0x00A6, 0x00A6, 0x00A6, 0x00A6, 0x0086, 0x00A5, 0x0085, 0x00A6, 0x00A6, 0x00A6, 0x00A6,
  0x0064, 0x0064, 0x0064, 0x0064, 0x0064, 0x10E7, 0x0064, 0x0064, 0x0064, 0x0064, 0x0064, 0x0065, 0x0065, 0x0065, 0x0064, 0x0064,
  0x0065, 0x0065, 0x0065, 0x0064, 0x0064, 0x0064, 0x0065, 0x0064, 0x0085, 0x0064, 0x00A5, 0x08A6, 0x0064, 0x0065, 0x0065, 0x0064,
  0x0065, 0x0065, 0x0065, 0x0065, 0x0065, 0x0065, 0x0065, 0x0065, 0x0065, 0x0065, 0x0065, 0x0065, 0x0065, 0x0065, 0x0065, 0x0065,
  0x0065, 0x0065, 0x0065, 0x0065, 0x0065, 0x0065, 0x0065, 0x0085, 0x0065, 0x0065, 0x0065, 0x0065, 0x0065, 0x0065, 0x00A6, 0x0085,
  0x0085, 0x0065, 0x0085, 0x0085, 0x0065, 0x0085, 0x0085, 0x0085, 0x0085, 0x0065, 0x0085, 0x0085, 0x0085, 0x0085, 0x0085, 0x0085,
  0x0065, 0x0085, 0x0085, 0x0085, 0x00A6, 0x0085, 0x0085, 0x0085, 0x0085, 0x0085, 0x0085, 0x0085, 0x0085, 0x0085, 0x0085, 0x0085,
  0x0085, 0x0085, 0x0085, 0x0085, 0x0085, 0x00A5, 0x0085, 0x00A5, 0x0085, 0x00A5, 0x00C6, 0x0085, 0x00A5, 0x0085, 0x00A6, 0x00A6,
  0x0085, 0x0085, 0x00A6, 0x00A6, 0x0065, 0x1969, 0x1127, 0x0085, 0x0086, 0x0086, 0x0086, 0x0085, 0x00A5, 0x00A6, 0x0085, 0x00A6,
  0x00A6, 0x0085, 0x0085, 0x0085, 0x00A5, 0x00A5, 0x00A5, 0x0086, 0x08E7, 0x00A6, 0x00A6, 0x0085, 0x0085, 0x0085, 0x0085, 0x1108,
  0x08C6, 0x0085, 0x0085, 0x0085, 0x0085, 0x0085, 0x00A5, 0x00A6, 0x00A6, 0x00A6, 0x0086, 0x00A6, 0x00A6, 0x00A6, 0x00A6, 0x0085,
  0x00C6, 0x08C6, 0x0085, 0x00A6, 0x00A6, 0x00A5, 0x00A6, 0x00A6, 0x00A6, 0x00A6, 0x00A6, 0x00A5, 0x00A6, 0x00A6, 0x0086, 0x0086,
  0x00A6, 0x00A6, 0x00A6, 0x00A6, 0x00A6, 0x00A6, 0x00A6, 0x00A6, 0x00A6, 0x00A6, 0x00A6, 0x00C6, 0x00A6, 0x00A6, 0x00A6, 0x00A6,
  0x00A6, 0x00A6, 0x00A6, 0x00A6, 0x00A6, 0x00A6, 0x00A6, 0x0086, 0x00A6, 0x00A6, 0x00A6, 0x00A6, 0x00A6, 0x00C6, 0x08C7, 0x00A6,
  0x00A6, 0x00A6, 0x08C6, 0x1949, 0x0086, 0x00A6, 0x00A6, 0x00A6, 0x00A6, 0x00A6, 0x00A6, 0x00A6, 0x00A6, 0x00A6, 0x00A6, 0x00A6,
  0x00A6, 0x00A6, 0x00A6, 0x00A6, 0x00A6, 0x00A6, 0x00A6, 0x00A6, 0x0086, 0x00A6, 0x08C7, 0x0086, 0x00A6, 0x00A6, 0x0086, 0x0085,
  0x0064, 0x0064, 0x0064, 0x0064, 0x0065, 0x0085, 0x0064, 0x0064, 0x0064, 0x0064, 0x0044, 0x0065, 0x0065, 0x0065, 0x0085, 0x0065,
  0x0065, 0x0064, 0x0064, 0x0064, 0x0065, 0x0064, 0x0064, 0x0064, 0x0085, 0x0065, 0x0065, 0x0085, 0x0065, 0x0064, 0x0085, 0x00A5,
  0x0065, 0x0065, 0x0065, 0x0064, 0x0065, 0x0065, 0x0065, 0x0085, 0x0065, 0x0065, 0x0065, 0x0065, 0x0065, 0x0065, 0x0085, 0x0065,
  0x0065, 0x0065, 0x0085, 0x0065, 0x0065, 0x0065, 0x0065, 0x0065, 0x0085, 0x0085, 0x0065, 0x0085, 0x0065, 0x08A6, 0x08A6, 0x0085,
  0x0085, 0x0065, 0x0085, 0x0085, 0x0085, 0x0065, 0x0065, 0x0065, 0x0085, 0x0085, 0x0085, 0x00A5, 0x0085, 0x0085, 0x0085, 0x0085,
  0x0085, 0x0085, 0x0085, 0x0085, 0x0085, 0x0085, 0x0085, 0x0085, 0x0085, 0x0085, 0x0085, 0x0085, 0x0085, 0x0085, 0x0085, 0x0085,
  0x0085, 0x0085, 0x0085, 0x00A6, 0x0085, 0x00A5, 0x00A5, 0x0085, 0x0085, 0x00A6, 0x00C6, 0x0086, 0x0085, 0x00A6, 0x0085, 0x0085,
  0x0085, 0x0085, 0x00A5, 0x0085, 0x0085, 0x00A6, 0x00A6, 0x0085, 0x00A5, 0x0085, 0x0086, 0x0086, 0x0085, 0x0086, 0x0085, 0x0085,
  0x0085, 0x0085, 0x0085, 0x00A5, 0x0085, 0x0085, 0x00A5, 0x00A5, 0x0085, 0x00A5, 0x00A5, 0x00A5, 0x0085, 0x0085, 0x0085, 0x00A6,
  0x00A6, 0x0085, 0x0085, 0x00A5, 0x00A5, 0x0085, 0x00A5, 0x00A5, 0x00A5, 0x00A5, 0x0085, 0x00A5, 0x0086, 0x00A6, 0x00A6, 0x0086,
  0x0085, 0x0085, 0x0086, 0x00A6, 0x00A6, 0x00A6, 0x00A6, 0x00A6, 0x00A6, 0x00A6, 0x00A6, 0x00A6, 0x00A6, 0x08E7, 0x08E7, 0x0086,
  0x00A6, 0x00A6, 0x00A6, 0x00A6, 0x00A6, 0x00A6, 0x00A6, 0x00A6, 0x00A6, 0x00A6, 0x00A6, 0x00A6, 0x00A6, 0x00A6, 0x00A6, 0x00A6,
  0x00A6, 0x00A6, 0x00A6, 0x00A6, 0x00A6, 0x00A6, 0x00A6, 0x00A6, 0x00A6, 0x00A6, 0x00A6, 0x00A6, 0x00A6, 0x00A6, 0x00A6, 0x00A6,
  0x00A6, 0x00A6, 0x00A6, 0x0086, 0x00A6, 0x00A6, 0x00A6, 0x00A6, 0x00A6, 0x00A6, 0x00A6, 0x00A6, 0x00A6, 0x00A6, 0x00A6, 0x00A6,
  0x00A6, 0x00A6, 0x00A6, 0x00A6, 0x00A6, 0x00A6, 0x00A6, 0x00A6, 0x00A6, 0x00A6, 0x00A6, 0x00A6, 0x0086, 0x00A6, 0x00A6, 0x00A6,
  0x0064, 0x0064, 0x0064, 0x0064, 0x0064, 0x0064, 0x0064, 0x0065, 0x0064, 0x0085, 0x1107, 0x0064, 0x0065, 0x0065, 0x0065, 0x0065,
  0x0065, 0x0064, 0x0065, 0x0065, 0x0065, 0x0065, 0x0065, 0x0065, 0x0064, 0x0065, 0x0065, 0x0065, 0x0065, 0x0065, 0x0085, 0x08A6,
  0x0065, 0x0065, 0x0064, 0x00A6, 0x08E7, 0x0064, 0x0065, 0x0065, 0x0065, 0x0065, 0x0065, 0x00A5, 0x0085, 0x0065, 0x0085, 0x0085,
  0x0085, 0x0065, 0x0065, 0x0085, 0x0085, 0x0065, 0x0065, 0x0065, 0x0085, 0x0085, 0x0085, 0x0085, 0x0085, 0x0085, 0x0085, 0x0085,
  0x0085, 0x0085, 0x0085, 0x0085, 0x0085, 0x0085, 0x0085, 0x0085, 0x0085, 0x0085, 0x08C6, 0x08C6, 0x0085, 0x0085, 0x0085, 0x0085,
  0x0085, 0x0085, 0x0085, 0x1128, 0x00A5, 0x0085, 0x0085, 0x0085, 0x0085, 0x0085, 0x0085, 0x0085, 0x00A5, 0x08C6, 0x0085, 0x0085,
  0x0085, 0x0085, 0x0085, 0x0085, 0x0085, 0x0085, 0x0085, 0x00A5, 0x00A5, 0x00A5, 0x0085, 0x0086, 0x00A5, 0x00A5, 0x00A6, 0x0085,
  0x0085, 0x0085, 0x00A6, 0x00A6, 0x00A6, 0x0085, 0x0086, 0x0086, 0x0086, 0x0086, 0x0086, 0x00A6, 0x0085, 0x0085, 0x00A5, 0x0085,
  0x0086, 0x00A6, 0x00A5, 0x0085, 0x00A5, 0x00A5, 0x00A5, 0x00A5, 0x00A5, 0x00A5, 0x00A5, 0x00C6, 0x00A6, 0x00A5, 0x00A5, 0x0085,
  0x0085, 0x0085, 0x0085, 0x0085, 0x0085, 0x00A5, 0x0085, 0x00A6, 0x00A5, 0x00A6, 0x00A6, 0x00A6, 0x00A6, 0x00A6, 0x00A6, 0x00A6,
  0x00A6, 0x00A6, 0x00A6, 0x00A6, 0x00A5, 0x00A6, 0x00A6, 0x00A6, 0x00A6, 0x00A6, 0x00A6, 0x00A6, 0x00A6, 0x00A6, 0x00A6, 0x00A6,
  0x00C6, 0x00A6, 0x00A6, 0x00A6, 0x00A6, 0x00A6, 0x00A6, 0x00A6, 0x00A6, 0x00A6, 0x00A6, 0x00A6, 0x00A6, 0x00A6, 0x00A6, 0x00A6,
  0x00A6, 0x00A6, 0x00A6, 0x00A6, 0x00A6, 0x00A6, 0x00A6, 0x00A6, 0x00C6, 0x00A6, 0x00A6, 0x00C7, 0x00C6, 0x00A6, 0x00A6, 0x00A6,
  0x00A6, 0x00A6, 0x00A6, 0x00A6, 0x00A6, 0x00A6, 0x00A6, 0x00A6, 0x00A6, 0x00A6, 0x00A6, 0x00A6, 0x00A6, 0x00A6, 0x00A6, 0x00A6,
  0x00A6, 0x00A6, 0x00A6, 0x00A6, 0x00A6, 0x00A6, 0x00A6, 0x0086, 0x00A6, 0x00A6, 0x00A6, 0x00A6, 0x00A6, 0x00A6, 0x00A6, 0x00A6,
  0x0064, 0x0064, 0x0065, 0x0044, 0x0064, 0x0065, 0x0064, 0x0064, 0x0064, 0x0065, 0x10E7, 0x0065, 0x0064, 0x0065, 0x0065, 0x0065,
  0x0065, 0x0065, 0x0064, 0x0064, 0x0065, 0x0085, 0x0065, 0x0065, 0x0065, 0x0065, 0x0065, 0x0065, 0x0065, 0x0065, 0x0065, 0x0065,
  0x0085, 0x0065, 0x0065, 0x0085, 0x0085, 0x0065, 0x0065, 0x0065, 0x0065, 0x0065, 0x08C6, 0x2169, 0x0044, 0x0085, 0x0065, 0x0085,
  0x0085, 0x0065, 0x0085, 0x0065, 0x0065, 0x0085, 0x0065, 0x0065, 0x0085, 0x0064, 0x0065, 0x0085, 0x0085, 0x0085, 0x0085, 0x0085,
  0x0085, 0x0085, 0x0085, 0x0085, 0x0085, 0x0085, 0x0085, 0x0085, 0x0085, 0x0085, 0x00A6, 0x0065, 0x0085, 0x0085, 0x0085, 0x0085,
  0x0085, 0x0085, 0x0085, 0x00A5, 0x0085, 0x0085, 0x0085, 0x0085, 0x08C6, 0x08C6, 0x0085, 0x0085, 0x00A6, 0x0085, 0x0085, 0x0085,
  0x0085, 0x0085, 0x0085, 0x00A5, 0x0085, 0x00A5, 0x0085, 0x0085, 0x00A6, 0x0085, 0x00A6, 0x00A6, 0x0085, 0x00A6, 0x00C6, 0x0085,
  0x00A6, 0x0086, 0x00A6, 0x00C6, 0x0086, 0x0085, 0x0086, 0x0085, 0x0086, 0x00A6, 0x0086, 0x0085, 0x00A6, 0x08A6, 0x0086, 0x00A5,
  0x00A6, 0x00A6, 0x00A6, 0x0085, 0x00A5, 0x00A5, 0x00A5, 0x00A5, 0x0085, 0x0085, 0x00A5, 0x00A6, 0x00A5, 0x0085, 0x0085, 0x00A5,
  0x00A5, 0x0086, 0x00A6, 0x00A6, 0x00A6, 0x00A5, 0x00A5, 0x00A6, 0x00A6, 0x00A6, 0x00A6, 0x08C7, 0x08C7, 0x0086, 0x00A6, 0x00A6,
  0x00A6, 0x00A6, 0x00A6, 0x00A6, 0x00A6, 0x00A6, 0x00A6, 0x00A6, 0x00C6, 0x00A6, 0x00A6, 0x00C6, 0x00C6, 0x00A6, 0x00A6, 0x00A6,
  0x1108, 0x00A6, 0x00A6, 0x00A6, 0x00A6, 0x00A6, 0x00A6, 0x00A6, 0x00A6, 0x00A6, 0x00A6, 0x00A6, 0x00A6, 0x00A6, 0x00A6, 0x08C7,
  0x00A6, 0x00A6, 0x00A6, 0x00A6, 0x00A6, 0x00A6, 0x00A6, 0x00A6, 0x00A6, 0x00A6, 0x00A6, 0x00A6, 0x00A6, 0x00A6, 0x00A6, 0x00A6,
  0x00A6, 0x00A6, 0x00A6, 0x00A6, 0x00A6, 0x00A6, 0x00A6, 0x00A6, 0x00A6, 0x00A6, 0x00A6, 0x00A6, 0x00A6, 0x00A6, 0x00A6, 0x00A6,
  0x00A6, 0x00A6, 0x00A6, 0x00A6, 0x00A6, 0x00A6, 0x00A6, 0x00A6, 0x00A6, 0x00A6, 0x00A6, 0x00A6, 0x00A6, 0x00A6, 0x00A6, 0x00A6,
  0x0064, 0x0064, 0x0064, 0x08A6, 0x0065, 0x0064, 0x0065, 0x0065, 0x0065, 0x0064, 0x0044, 0x0065, 0x0065, 0x0065, 0x0065, 0x0065,
  0x0065, 0x0065, 0x0065, 0x0064, 0x0065, 0x0065, 0x0065, 0x0065, 0x0065, 0x0064, 0x0064, 0x0065, 0x0065, 0x0065, 0x0065, 0x0065,
  0x0065, 0x0085, 0x0065, 0x0065, 0x0065, 0x0065, 0x0085, 0x0085, 0x0065, 0x0065, 0x0085, 0x0085, 0x0065, 0x0085, 0x0065, 0x0065,
  0x0085, 0x0085, 0x0085, 0x0065, 0x0065, 0x0065, 0x0085, 0x0085, 0x0085, 0x1107, 0x0085, 0x0085, 0x0085, 0x0085, 0x0085, 0x00A6,
  0x00A5, 0x0085, 0x0085, 0x0085, 0x0085, 0x0085, 0x0085, 0x0085, 0x0085, 0x0085, 0x0085, 0x0085, 0x0085, 0x0085, 0x08C7, 0x00A6,
  0x0085, 0x0085, 0x0085, 0x0085, 0x0085, 0x0085, 0x0085, 0x0085, 0x0085, 0x00A6, 0x00A5, 0x00A6, 0x0085, 0x0085, 0x0085, 0x0085,
  0x0085, 0x00A6, 0x08C6, 0x0085, 0x0085, 0x00A5, 0x00A6, 0x00A5, 0x0085, 0x0085, 0x00C6, 0x00A6, 0x0085, 0x08C6, 0x0085, 0x00A6,
  0x00A5, 0x00A6, 0x0085, 0x0085, 0x0085, 0x0086, 0x0086, 0x00A6, 0x00A6, 0x00A6, 0x0085, 0x0085, 0x00A6, 0x00A6, 0x0085, 0x0086,
  0x00A6, 0x00A6, 0x00A6, 0x00A6, 0x00A5, 0x00A5, 0x00A5, 0x00A6, 0x00A5, 0x0086, 0x00A6, 0x00A6, 0x00A6, 0x00A6, 0x00A6, 0x00A5,
  0x00A6, 0x00A6, 0x00A6, 0x00A6, 0x00A6, 0x00A6, 0x00A6, 0x00A6, 0x00A6, 0x00A6, 0x00A6, 0x00A6, 0x00A6, 0x00A6, 0x00A6, 0x00A6,
  0x00A6, 0x00A6, 0x00A6, 0x00A6, 0x00A6, 0x00A6, 0x00A6, 0x08E7, 0x1148, 0x0086, 0x00A6, 0x00C6, 0x00C6, 0x00A6, 0x00A6, 0x00A6,
  0x00A6, 0x00A6, 0x00A6, 0x00A6, 0x00A6, 0x00A6, 0x00A6, 0x00A6, 0x08C7, 0x00A6, 0x00A6, 0x00A6, 0x00A6, 0x00A6, 0x00A6, 0x08C7,
  0x00A6, 0x00A6, 0x00A6, 0x00A6, 0x00A6, 0x00A6, 0x00A6, 0x00A6, 0x00A6, 0x00A6, 0x00A6, 0x00A6, 0x00A6, 0x00A6, 0x00A6, 0x00A6,
  0x00A6, 0x00A6, 0x00A6, 0x00A6, 0x00A6, 0x00A6, 0x00A6, 0x00A6, 0x00A6, 0x00A6, 0x00A6, 0x00A7, 0x00A6, 0x00A6, 0x00A6, 0x00A6,
  0x00A6, 0x00A6, 0x00A6, 0x00A6, 0x00A6, 0x00A6, 0x00A6, 0x00A6, 0x00A6, 0x00A6, 0x00A6, 0x00A6, 0x00A6, 0x00A6, 0x00A6, 0x00A6,
  0x0064, 0x0064, 0x0064, 0x08C6, 0x0065, 0x0065, 0x0065, 0x0065, 0x0065, 0x0065, 0x0065, 0x0065, 0x0065, 0x0065, 0x0065, 0x0065,
  0x0065, 0x0065, 0x0065, 0x0065, 0x0065, 0x0065, 0x0065, 0x0065, 0x0065, 0x0085, 0x00A5, 0x0065, 0x0065, 0x0065, 0x0065, 0x0085,
  0x0085, 0x0065, 0x0065, 0x0065, 0x0065, 0x0065, 0x0085, 0x0085, 0x0065, 0x0085, 0x0065, 0x0065, 0x0085, 0x0065, 0x0065, 0x0085,
  0x0085, 0x0085, 0x0085, 0x0085, 0x0065, 0x0065, 0x0085, 0x0085, 0x0085, 0x08C6, 0x0085, 0x0085, 0x0085, 0x0085, 0x0085, 0x0085,
  0x0085, 0x0085, 0x0085, 0x0085, 0x0085, 0x0085, 0x0085, 0x0085, 0x0085, 0x0085, 0x0085, 0x0085, 0x0085, 0x0085, 0x0085, 0x0085,
  0x0085, 0x0085, 0x0085, 0x0085, 0x0085, 0x0085, 0x0085, 0x0085, 0x0085, 0x08C6, 0x08E7, 0x0085, 0x0085, 0x0085, 0x00A5, 0x00A5,
  0x0085, 0x00A6, 0x00A6, 0x00C6, 0x00C6, 0x0085, 0x00A6, 0x0085, 0x00A5, 0x0085, 0x0085, 0x0086, 0x08E7, 0x00A6, 0x0085, 0x0085,
  0x0085, 0x0085, 0x00A5, 0x0085, 0x00A5, 0x00A6, 0x00A6, 0x00A6, 0x00A6, 0x00A6, 0x0086, 0x00A6, 0x0086, 0x0085, 0x00A6, 0x0086,
  0x1128, 0x00A6, 0x00A6, 0x00A6, 0x00A6, 0x00A6, 0x00A6, 0x00A6, 0x00A6, 0x00A6, 0x00A6, 0x00A6, 0x00A6, 0x0086, 0x00A6, 0x00A6,
  0x00A6, 0x00A6, 0x00A6, 0x00A6, 0x00A6, 0x00A6, 0x0086, 0x00A6, 0x00A6, 0x00A6, 0x00A6, 0x00A6, 0x00A6, 0x08C7, 0x00A6, 0x00A6,
  0x00A6, 0x00A6, 0x00A6, 0x00A6, 0x00A6, 0x00A6, 0x00A6, 0x00A6, 0x00A6, 0x00A6, 0x00A6, 0x00A6, 0x00A6, 0x00A6, 0x00A6, 0x08E7,
  0x08E7, 0x00A6, 0x00A6, 0x00A6, 0x00A6, 0x00A6, 0x00A6, 0x00A6, 0x1949, 0x00C6, 0x00A6, 0x00A6, 0x00A6, 0x00A6, 0x00A6, 0x00A6,
  0x00A6, 0x00A6, 0x00A6, 0x00A6, 0x00A6, 0x00A6, 0x00A6, 0x00A6, 0x00A6, 0x00A6, 0x00A6, 0x00A6, 0x00A6, 0x00C6, 0x00A6, 0x00A6,
  0x00A6, 0x00A6, 0x00A6, 0x00A6, 0x00A6, 0x00A6, 0x00A6, 0x00A6, 0x00A6, 0x00A6, 0x00A6, 0x00A6, 0x00A6, 0x00A6, 0x00A6, 0x00A6,
  0x00A6, 0x00A6, 0x00A6, 0x00A6, 0x00A6, 0x00A6, 0x00A6, 0x00A6, 0x00A6, 0x00A6, 0x00A6, 0x00A6, 0x00A6, 0x00A6, 0x00A6, 0x00A6,
  0x0064, 0x0065, 0x0065, 0x0044, 0x0065, 0x0065, 0x0064, 0x0064, 0x0064, 0x0065, 0x0065, 0x0065, 0x0064, 0x0065, 0x0065, 0x0065,
  0x0065, 0x0065, 0x0065, 0x0065, 0x0065, 0x0065, 0x0065, 0x08A6, 0x0065, 0x00A6, 0x08C7, 0x0065, 0x0065, 0x0065, 0x0065, 0x08E6,
  0x00A6, 0x0065, 0x0065, 0x0065, 0x0065, 0x0065, 0x0065, 0x0065, 0x0065, 0x0085, 0x0065, 0x0085, 0x0085, 0x0085, 0x0085, 0x0085,
  0x0085, 0x0085, 0x0085, 0x0085, 0x0085, 0x0085, 0x0085, 0x0085, 0x0085, 0x0065, 0x0085, 0x0085, 0x0085, 0x0085, 0x0085, 0x0085,
  0x0085, 0x0085, 0x0085, 0x0085, 0x0085, 0x0085, 0x0085, 0x0085, 0x0085, 0x0085, 0x00A6, 0x0085, 0x0085, 0x0085, 0x0085, 0x0085,
  0x0085, 0x0085, 0x0085, 0x0085, 0x0085, 0x0085, 0x0085, 0x0085, 0x0085, 0x0085, 0x0085, 0x0085, 0x0085, 0x0085, 0x0085, 0x0085,
  0x0085, 0x00A5, 0x0085, 0x00C6, 0x08C6, 0x00C6, 0x0085, 0x00A6, 0x00A6, 0x08A6, 0x08C6, 0x0085, 0x08C6, 0x00A6, 0x0085, 0x00A6,
  0x0086, 0x00A6, 0x00A6, 0x00A6, 0x00A6, 0x00A6, 0x00A6, 0x00A6, 0x00A6, 0x00A6, 0x0086, 0x0086, 0x00A6, 0x00A6, 0x00A5, 0x00A6,
  0x00A6, 0x00A6, 0x00A6, 0x00A6, 0x00A6, 0x00A6, 0x00A6, 0x00A6, 0x00A6, 0x00A6, 0x0086, 0x00A6, 0x0086, 0x00A6, 0x00A6, 0x00A6,
  0x00A6, 0x00A6, 0x00A6, 0x00A6, 0x00A6, 0x00C6, 0x08C7, 0x00A6, 0x00A6, 0x00A6, 0x00A6, 0x00A6, 0x00A6, 0x00A6, 0x00A6, 0x00A6,
  0x00A6, 0x00A6, 0x00A6, 0x00A6, 0x00A6, 0x00A6, 0x00A6, 0x00A6, 0x00A6, 0x00A6, 0x00A6, 0x00A6, 0x00A6, 0x00A6, 0x00A6, 0x08C7,
  0x00C6, 0x00A6, 0x00A6, 0x00A6, 0x00A6, 0x00A6, 0x00A6, 0x00A6, 0x00A6, 0x00A6, 0x00A6, 0x00A6, 0x00A6, 0x00A6, 0x00A6, 0x00A6,
  0x00A6, 0x00A6, 0x00A6, 0x00A6, 0x00A6, 0x00A6, 0x00A6, 0x00A6, 0x00A6, 0x00A6, 0x00A6, 0x00A6, 0x00A6, 0x08C7, 0x00C7, 0x00A6,
  0x00A6, 0x00A6, 0x00A6, 0x00A6, 0x00A6, 0x00A6, 0x00A6, 0x00A6, 0x00A6, 0x00A6, 0x00A6, 0x00A6, 0x00A6, 0x00A6, 0x00A6, 0x00A6,
  0x00A6, 0x00A6, 0x0908, 0x1108, 0x0086, 0x00A6, 0x00A6, 0x00A6, 0x00A6, 0x00A6, 0x00A6, 0x00A6, 0x00A6, 0x00A6, 0x00A6, 0x00A6,
  0x0064, 0x0065, 0x0065, 0x0065, 0x0065, 0x0064, 0x0064, 0x0065, 0x0065, 0x0065, 0x0065, 0x0065, 0x0065, 0x0065, 0x0065, 0x0064,
  0x0065, 0x0065, 0x0065, 0x0085, 0x0065, 0x0065, 0x0065, 0x0085, 0x0085, 0x0065, 0x0085, 0x0065, 0x0065, 0x0065, 0x0065, 0x0065,
  0x0065, 0x0065, 0x0065, 0x0065, 0x08C7, 0x0085, 0x0065, 0x0085, 0x0085, 0x0065, 0x0085, 0x0085, 0x0085, 0x0085, 0x0085, 0x0085,
  0x0085, 0x0085, 0x0085, 0x0085, 0x0085, 0x0085, 0x0085, 0x0085, 0x0085, 0x0085, 0x0085, 0x0085, 0x00A5, 0x0085, 0x0085, 0x0085,
  0x0085, 0x0085, 0x0085, 0x0085, 0x0085, 0x0085, 0x0085, 0x0085, 0x0085, 0x0085, 0x0085, 0x0085, 0x0085, 0x0085, 0x0085, 0x00A5,
  0x0085, 0x0085, 0x0085, 0x0085, 0x0085, 0x0085, 0x0085, 0x00A6, 0x0085, 0x0085, 0x0085, 0x0085, 0x0085, 0x0085, 0x00A5, 0x00A5,
  0x00A6, 0x00A5, 0x00A5, 0x0085, 0x0085, 0x00A6, 0x00A6, 0x00A5, 0x0085, 0x00A6, 0x00A6, 0x00A5, 0x0085, 0x0086, 0x00A6, 0x00A6,
  0x00A6, 0x0085, 0x00A6, 0x00A6, 0x00A6, 0x00A6, 0x00A6, 0x00A6, 0x0086, 0x00A5, 0x00A6, 0x00A6, 0x00A6, 0x00A6, 0x00A6, 0x00A6,
  0x00A6, 0x00A6, 0x00A6, 0x00A6, 0x00A6, 0x00A6, 0x00A6, 0x00A6, 0x00A6, 0x00A6, 0x08C7, 0x0086, 0x00A6, 0x00A6, 0x00A6, 0x00A6,
  0x00A6, 0x00A6, 0x00A6, 0x00A6, 0x00A6, 0x00C6, 0x00C7, 0x00A6, 0x00C6, 0x00A6, 0x00A6, 0x00A6, 0x00A6, 0x00A6, 0x00A6, 0x00A6,
  0x00A6, 0x00A6, 0x00A6, 0x00A6, 0x00A6, 0x00A6, 0x00A6, 0x00A6, 0x00A6, 0x00A6, 0x00A6, 0x00A7, 0x00A6, 0x00A6, 0x00A6, 0x00A6,
  0x00A6, 0x00A6, 0x00A6, 0x00A6, 0x00A6, 0x00A6, 0x00A6, 0x00A6, 0x00A6, 0x00A6, 0x00C6, 0x00A6, 0x00A6, 0x00C6, 0x08C7, 0x00A6,
  0x00A6, 0x00A6, 0x00A6, 0x00C6, 0x00C6, 0x00A6, 0x00A6, 0x00C7, 0x00A6, 0x00A6, 0x00A6, 0x00A6, 0x00A6, 0x00A6, 0x00A6, 0x00A6,
  0x00A6, 0x00A6, 0x00A6, 0x00A6, 0x00A6, 0x00A6, 0x00A6, 0x1129, 0x08C7, 0x00A6, 0x00A6, 0x00A6, 0x00A6, 0x00A6, 0x00A6, 0x00A6,
  0x00A6, 0x00A6, 0x00A6, 0x00A6, 0x00A6, 0x00A6, 0x00A6, 0x00A6, 0x00A6, 0x00A6, 0x00A6, 0x00A6, 0x00A6, 0x00A6, 0x00A6, 0x00A6,
  0x0064, 0x0065, 0x0065, 0x0065, 0x0065, 0x0065, 0x0064, 0x0065, 0x0065, 0x0065, 0x0065, 0x0065, 0x0085, 0x0085, 0x0065, 0x08A6,
  0x0065, 0x0065, 0x0065, 0x0064, 0x0065, 0x0065, 0x0065, 0x0085, 0x0085, 0x0065, 0x0065, 0x0085, 0x0065, 0x0065, 0x0065, 0x0065,
  0x0085, 0x0065, 0x0085, 0x0085, 0x0086, 0x0085, 0x0065, 0x00A6, 0x08A6, 0x0065, 0x0065, 0x0085, 0x0065, 0x0085, 0x0085, 0x0085,
  0x0085, 0x0065, 0x08C6, 0x08C6, 0x0065, 0x0085, 0x0085, 0x08E7, 0x0085, 0x0085, 0x00A6, 0x00A6, 0x0085, 0x0085, 0x0085, 0x0085,
  0x0085, 0x0085, 0x0085, 0x0085, 0x0085, 0x0085, 0x0085, 0x0085, 0x0085, 0x0085, 0x0085, 0x0085, 0x0085, 0x0085, 0x0085, 0x0085,
  0x0085, 0x00A6, 0x00A5, 0x0085, 0x0085, 0x0085, 0x0085, 0x08C6, 0x0085, 0x0085, 0x0085, 0x0085, 0x0085, 0x00A5, 0x0085, 0x00A6,
  0x00A6, 0x00A5, 0x00A6, 0x0085, 0x08C6, 0x00A6, 0x0085, 0x0085, 0x0085, 0x0086, 0x00A6, 0x00A6, 0x00A6, 0x00A6, 0x08C7, 0x00A6,
  0x00A6, 0x0907, 0x00A6, 0x00A6, 0x00A6, 0x00A6, 0x00A6, 0x00A6, 0x00A6, 0x00A6, 0x00A6, 0x00A6, 0x00A6, 0x00A6, 0x00A6, 0x00A6,
  0x00A6, 0x00A6, 0x00A6, 0x00A6, 0x00A6, 0x00A6, 0x00A6, 0x00A6, 0x00A6, 0x08C7, 0x1128, 0x0086, 0x00A6, 0x00C6, 0x00A6, 0x00A6,
  0x00A6, 0x00A6, 0x00A6, 0x00A6, 0x00A6, 0x00A6, 0x00A6, 0x00A6, 0x00A6, 0x00A6, 0x00A6, 0x00A6, 0x00A6, 0x00A6, 0x00A6, 0x00A6,
  0x00A6, 0x00A6, 0x00A6, 0x00A6, 0x00A6, 0x00A6, 0x00A6, 0x00A6, 0x00A6, 0x00A7, 0x00A6, 0x00A6, 0x00A6, 0x00A6, 0x00A6, 0x00A7,
  0x00A6, 0x00A6, 0x00A6, 0x00A6, 0x00A6, 0x00A6, 0x00A6, 0x00A6, 0x00C7, 0x00C7, 0x00A6, 0x00A6, 0x00A6, 0x00A7, 0x00C7, 0x00A6,
  0x00A6, 0x00A6, 0x00A6, 0x00A6, 0x00A6, 0x0908, 0x1128, 0x00A6, 0x00C6, 0x00A6, 0x00A7, 0x00A6, 0x00C6, 0x00A6, 0x00A7, 0x00A6,
  0x00A6, 0x00A6, 0x00A6, 0x00A6, 0x00A6, 0x00A6, 0x00A6, 0x00A6, 0x00A6, 0x00A6, 0x00A6, 0x00A6, 0x00A6, 0x00A6, 0x00A6, 0x00C6,
  0x00C6, 0x00A6, 0x00A6, 0x00A6, 0x00A6, 0x00A6, 0x00A6, 0x00A6, 0x00A6, 0x00A6, 0x00A6, 0x00A6, 0x00A6, 0x00A6, 0x00A6, 0x00A6,
  0x0064, 0x0065, 0x0064, 0x0065, 0x0065, 0x0065, 0x0064, 0x0065, 0x0065, 0x0065, 0x0065, 0x0065, 0x0065, 0x0065, 0x0085, 0x1968,
  0x0065, 0x0065, 0x0085, 0x08A6, 0x0065, 0x0085, 0x0065, 0x0085, 0x0085, 0x0085, 0x0085, 0x0085, 0x0065, 0x0085, 0x0085, 0x0065,
  0x0085, 0x0085, 0x0065, 0x0065, 0x0065, 0x0085, 0x0085, 0x0085, 0x0085, 0x0085, 0x0065, 0x0086, 0x0086, 0x0085, 0x0085, 0x0085,
  0x0085, 0x0085, 0x0085, 0x0085, 0x0085, 0x0085, 0x0085, 0x0085, 0x0085, 0x0085, 0x00A5, 0x00A5, 0x0085, 0x0085, 0x0085, 0x0085,
  0x0085, 0x00A5, 0x00A5, 0x0085, 0x0085, 0x0085, 0x0085, 0x0085, 0x0085, 0x0085, 0x0085, 0x0085, 0x0085, 0x0085, 0x00A5, 0x0085,
  0x0085, 0x0085, 0x0085, 0x0085, 0x0085, 0x0086, 0x0085, 0x0085, 0x0086, 0x00A6, 0x00A5, 0x0085, 0x0085, 0x0085, 0x08E7, 0x00A6,
  0x00A5, 0x00A6, 0x00A6, 0x00C6, 0x00A6, 0x00A6, 0x00A6, 0x0085, 0x00A6, 0x00A6, 0x00A6, 0x00A6, 0x00A6, 0x00A6, 0x00A6, 0x00A6,
  0x00A6, 0x08C7, 0x00A6, 0x00A6, 0x00A6, 0x08E7, 0x00A6, 0x00A6, 0x00A6, 0x00A6, 0x00A6, 0x00A6, 0x00A6, 0x00A6, 0x00A6, 0x00A6,
  0x00A6, 0x00A6, 0x00A6, 0x00A6, 0x00A6, 0x00A6, 0x00A6, 0x00A6, 0x00A6, 0x00A6, 0x0086, 0x0086, 0x0907, 0x1949, 0x00C6, 0x08C7,
  0x00A6, 0x00A6, 0x00A6, 0x00A6, 0x00A6, 0x00A6, 0x00A6, 0x08C7, 0x08C6, 0x00A6, 0x00A6, 0x00A6, 0x00A6, 0x00A6, 0x00A6, 0x00A6,
  0x00A6, 0x00A6, 0x00A6, 0x00A6, 0x00A6, 0x00A6, 0x00A6, 0x00A6, 0x00C6, 0x00A6, 0x1108, 0x08E7, 0x00A6, 0x00A6, 0x00A7, 0x00A6,
  0x00A6, 0x00C6, 0x00C6, 0x00C7, 0x00C7, 0x00C7, 0x00A6, 0x00A6, 0x00A6, 0x08E7, 0x00C7, 0x00C7, 0x00C7, 0x00C6, 0x00A6, 0x00A6,
  0x00A7, 0x00A6, 0x00A6, 0x00C6, 0x00A6, 0x08E7, 0x08E7, 0x00A6, 0x00A6, 0x00C6, 0x00C7, 0x00A6, 0x00A7, 0x00C7, 0x00C7, 0x00A6,
  0x00A7, 0x00A6, 0x00A6, 0x00A6, 0x00A6, 0x00C7, 0x00A6, 0x00A6, 0x00A6, 0x00A7, 0x00A6, 0x00A6, 0x00A7, 0x00A6, 0x00A6, 0x00C7,
  0x00C7, 0x00A6, 0x00A7, 0x00A6, 0x00A6, 0x00A6, 0x00A6, 0x00A6, 0x00A6, 0x00A6, 0x00A6, 0x00A6, 0x00A6, 0x00A6, 0x00A6, 0x00A6,
  0x0085, 0x0065, 0x0065, 0x0065, 0x0065, 0x0065, 0x0064, 0x0065, 0x0065, 0x0065, 0x0065, 0x0065, 0x0065, 0x0065, 0x0065, 0x0064,
  0x0065, 0x0065, 0x0085, 0x0085, 0x0065, 0x0085, 0x0065, 0x0065, 0x0065, 0x0085, 0x0085, 0x0065, 0x0085, 0x0085, 0x0085, 0x0085,
  0x0085, 0x0085, 0x0085, 0x0085, 0x0085, 0x0085, 0x0085, 0x0085, 0x0085, 0x0065, 0x0086, 0x08C7, 0x0085, 0x0065, 0x0085, 0x0085,
  0x0085, 0x0085, 0x0085, 0x00A5, 0x0085, 0x0085, 0x0085, 0x0085, 0x0085, 0x0085, 0x0085, 0x0085, 0x0085, 0x0085, 0x0085, 0x0085,
  0x0085, 0x0085, 0x0085, 0x0085, 0x0085, 0x0085, 0x0085, 0x00A6, 0x0085, 0x0085, 0x0085, 0x0085, 0x0085, 0x0085, 0x0085, 0x00A5,
  0x0085, 0x0085, 0x00A6, 0x0085, 0x0085, 0x0085, 0x00A6, 0x00A6, 0x0085, 0x00A6, 0x00A6, 0x0085, 0x00A6, 0x00A6, 0x00A6, 0x00A6,
  0x00A6, 0x00A6, 0x00A6, 0x00A6, 0x00A6, 0x00A6, 0x00A6, 0x00A6, 0x1108, 0x00A6, 0x00A6, 0x00A6, 0x00A6, 0x00A6, 0x00A6, 0x00A6,
  0x00A6, 0x00A6, 0x00A6, 0x00A6, 0x00A6, 0x00A6, 0x00A6, 0x00A6, 0x00A6, 0x00A6, 0x08C7, 0x00A6, 0x00A6, 0x00A6, 0x00A6, 0x00A6,
  0x00A6, 0x00A6, 0x00A6, 0x00A6, 0x00A6, 0x00A6, 0x00A6, 0x00A6, 0x00A6, 0x00A6, 0x00A6, 0x00A6, 0x00A6, 0x00A6, 0x00A6, 0x00A6,
  0x00A6, 0x00A6, 0x00A6, 0x00A6, 0x00A6, 0x00A6, 0x00A6, 0x00A6, 0x00A6, 0x00A6, 0x00A6, 0x00A6, 0x00A6, 0x00A6, 0x00A7, 0x00A6,
  0x00A6, 0x00A6, 0x00C6, 0x00A6, 0x00A6, 0x00C6, 0x00A6, 0x00C6, 0x00C7, 0x00A6, 0x08E7, 0x08E7, 0x00A6, 0x00C7, 0x00A7, 0x00A7,
  0x00C7, 0x00A7, 0x00C7, 0x00C7, 0x00C7, 0x00C6, 0x00C6, 0x00A6, 0x00C6, 0x00C7, 0x00C7, 0x00C7, 0x00C7, 0x00C7, 0x00A7, 0x00A6,
  0x00A6, 0x00C7, 0x00C7, 0x00C7, 0x00C7, 0x00A6, 0x00A6, 0x00C7, 0x00C7, 0x00A6, 0x00A7, 0x00C7, 0x00C7, 0x00C7, 0x00C7, 0x00C7,
  0x00C7, 0x00C7, 0x00C7, 0x00C7, 0x00C6, 0x00A6, 0x00C7, 0x00C7, 0x00C6, 0x00A6, 0x00A6, 0x00C7, 0x00C7, 0x00C6, 0x00C6, 0x00C7,
  0x00C7, 0x00C6, 0x00A6, 0x00A6, 0x00A6, 0x00A6, 0x00A6, 0x00A6, 0x00A6, 0x00A6, 0x00A6, 0x00A6, 0x00A6, 0x00A6, 0x00A6, 0x00A6,
  0x0065, 0x0065, 0x0065, 0x0065, 0x0085, 0x0065, 0x0065, 0x0065, 0x0065, 0x0065, 0x0065, 0x0065, 0x0065, 0x0065, 0x0065, 0x0065,
  0x0065, 0x0065, 0x0065, 0x0065, 0x0065, 0x0065, 0x0065, 0x0065, 0x0085, 0x0085, 0x0085, 0x0085, 0x0085, 0x0085, 0x0085, 0x0085,
  0x0065, 0x0065, 0x0085, 0x0085, 0x0085, 0x0085, 0x0085, 0x0085, 0x0085, 0x0085, 0x0085, 0x0085, 0x0085, 0x0085, 0x0085, 0x0085,
  0x0085, 0x0085, 0x0085, 0x08C6, 0x0065, 0x0085, 0x0085, 0x0085, 0x0085, 0x0085, 0x0085, 0x0085, 0x0085, 0x0085, 0x0085, 0x0085,
  0x0085, 0x0085, 0x0085, 0x0085, 0x0085, 0x0085, 0x0085, 0x08C7, 0x00A5, 0x00A5, 0x00A6, 0x0085, 0x0085, 0x0085, 0x0085, 0x00A5,
  0x0085, 0x00A6, 0x00A5, 0x00A5, 0x00A6, 0x00A6, 0x0085, 0x0085, 0x00A6, 0x00A6, 0x00A6, 0x0085, 0x08E7, 0x08E7, 0x0085, 0x0086,
  0x08C7, 0x0908, 0x0086, 0x00A6, 0x00A6, 0x00A6, 0x00A6, 0x00A6, 0x00A6, 0x00A6, 0x00A6, 0x00A6, 0x00A6, 0x00A6, 0x00A6, 0x00A6,
  0x00A6, 0x00A6, 0x00A6, 0x00A6, 0x00A6, 0x00A6, 0x00A6, 0x00A6, 0x00A6, 0x00A6, 0x00C6, 0x00A6, 0x00A6, 0x00A6, 0x00A6, 0x00A6,
  0x00A6, 0x00A6, 0x00A6, 0x00C6, 0x00A6, 0x00A6, 0x00A6, 0x00A6, 0x00A6, 0x00A6, 0x00A6, 0x00A6, 0x00A6, 0x08C7, 0x08C7, 0x00A6,
  0x00C6, 0x00A6, 0x00C6, 0x00C6, 0x00A6, 0x00C6, 0x00A6, 0x00A6, 0x00A6, 0x00A6, 0x00A6, 0x00A7, 0x00A6, 0x00A6, 0x00A7, 0x00A6,
  0x00C6, 0x00C6, 0x00C6, 0x00C7, 0x08E7, 0x00C6, 0x00A6, 0x0908, 0x08E7, 0x00A6, 0x00A6, 0x00A6, 0x00C7, 0x00C7, 0x00A6, 0x08C7,
  0x00C7, 0x00C7, 0x00C7, 0x00C7, 0x00C7, 0x00C6, 0x00C7, 0x00C7, 0x00C7, 0x0908, 0x00C7, 0x00C7, 0x00C7, 0x00C7, 0x00C7, 0x00C7,
  0x00A6, 0x00C7, 0x00C7, 0x00C6, 0x00C6, 0x00C6, 0x00C7, 0x00C7, 0x00C7, 0x00C7, 0x00C7, 0x00C7, 0x00C7, 0x00C7, 0x00C7, 0x00C7,
  0x00C7, 0x00C7, 0x00C7, 0x00A6, 0x00C6, 0x00C6, 0x00C7, 0x00C7, 0x00C6, 0x00C7, 0x1149, 0x00A6, 0x00A7, 0x00C7, 0x00C6, 0x00C6,
  0x00A6, 0x00C6, 0x00A6, 0x00A6, 0x00A6, 0x00C6, 0x00A6, 0x00A6, 0x00A6, 0x00A6, 0x00A6, 0x00A6, 0x00A6, 0x00A6, 0x00A6, 0x00A6,
  0x0065, 0x0065, 0x0065, 0x0065, 0x0065, 0x0065, 0x0065, 0x0064, 0x0065, 0x0065, 0x0065, 0x0065, 0x0065, 0x0065, 0x0065, 0x0085,
  0x0065, 0x0065, 0x0065, 0x0065, 0x0065, 0x0065, 0x0085, 0x0065, 0x0065, 0x0085, 0x0085, 0x0085, 0x0065, 0x0085, 0x0085, 0x0085,
  0x0065, 0x0085, 0x0085, 0x0085, 0x0085, 0x0085, 0x0085, 0x0085, 0x0085, 0x0085, 0x0085, 0x0085, 0x0085, 0x0085, 0x0085, 0x0085,
  0x0085, 0x0085, 0x0085, 0x0085, 0x0085, 0x00A6, 0x00A6, 0x0085, 0x0085, 0x0085, 0x0085, 0x0085, 0x00A5, 0x0085, 0x0085, 0x0085,
  0x0085, 0x0085, 0x0085, 0x0085, 0x0085, 0x0085, 0x0085, 0x0085, 0x0085, 0x1128, 0x08C6, 0x0085, 0x00A6, 0x00A6, 0x0086, 0x0085,
  0x0085, 0x0085, 0x00A6, 0x00A5, 0x00A6, 0x00A6, 0x00A6, 0x08E7, 0x0086, 0x0086, 0x00A6, 0x00A6, 0x0085, 0x0085, 0x0085, 0x00A6,
  0x00A6, 0x00A6, 0x00A6, 0x00A6, 0x00A6, 0x00A6, 0x0086, 0x00A6, 0x00A6, 0x00A6, 0x00A6, 0x00A6, 0x00A6, 0x00A6, 0x00A6, 0x00A6,
  0x00A6, 0x00A6, 0x00A6, 0x00A6, 0x00A6, 0x00A6, 0x00A6, 0x00A6, 0x00A6, 0x00A6, 0x00A6, 0x00A6, 0x00A6, 0x00A6, 0x00A6, 0x00A6,
  0x00A6, 0x08E7, 0x00A6, 0x00A6, 0x00A6, 0x00A6, 0x00A6, 0x00A6, 0x00A6, 0x00A6, 0x00A6, 0x00A6, 0x00A6, 0x08C7, 0x00C7, 0x00A6,
  0x00C7, 0x1149, 0x00A6, 0x00C6, 0x00C7, 0x00A6, 0x00A6, 0x00A7, 0x00A6, 0x00A6, 0x00C6, 0x00C6, 0x00A6, 0x00C6, 0x00A6, 0x00A6,
  0x00C6, 0x00C7, 0x00C6, 0x08E7, 0x08E7, 0x00A6, 0x00C7, 0x00C6, 0x00C6, 0x00C7, 0x00C7, 0x00A6, 0x00C7, 0x00C6, 0x00C6, 0x08C7,
  0x00C7, 0x00C7, 0x00C7, 0x00C7, 0x00C7, 0x00C7, 0x00C7, 0x00C7, 0x00C7, 0x08E7, 0x00C7, 0x00C7, 0x00C7, 0x00C7, 0x00C7, 0x00C7,
  0x00C7, 0x00C7, 0x00C6, 0x00C6, 0x00C7, 0x00C7, 0x00C7, 0x00C7, 0x00C7, 0x00C7, 0x00C7, 0x00C7, 0x00C7, 0x00C7, 0x00C7, 0x00C6,
  0x00A6, 0x00C7, 0x00C7, 0x00C6, 0x00C7, 0x00C7, 0x00C7, 0x00C7, 0x00C7, 0x00C7, 0x00C7, 0x00C7, 0x00C6, 0x00C7, 0x00C7, 0x00C7,
  0x00C6, 0x00C6, 0x00C6, 0x00A6, 0x00C6, 0x00A6, 0x00C6, 0x00C7, 0x00A6, 0x00A6, 0x00A6, 0x00A6, 0x00C6, 0x00A6, 0x00A6, 0x00A6,
  0x0065, 0x0065, 0x0065, 0x0065, 0x0065, 0x0065, 0x0065, 0x0065, 0x0065, 0x0065, 0x0065, 0x0065, 0x0065, 0x0065, 0x0065, 0x0065,
  0x0065, 0x0085, 0x0065, 0x0065, 0x0085, 0x0085, 0x0065, 0x0085, 0x0085, 0x0085, 0x0065, 0x0085, 0x0085, 0x0065, 0x0085, 0x0086,
  0x0086, 0x0086, 0x0085, 0x0065, 0x0085, 0x0085, 0x0085, 0x0085, 0x0085, 0x0085, 0x0086, 0x0085, 0x0085, 0x0085, 0x0085, 0x0085,
  0x0085, 0x0085, 0x0085, 0x0085, 0x0085, 0x0085, 0x0085, 0x0085, 0x0085, 0x0085, 0x0085, 0x0085, 0x0085, 0x0085, 0x0085, 0x0085,
  0x0085, 0x0085, 0x00A5, 0x00A5, 0x0085, 0x0085, 0x0085, 0x0085, 0x0085, 0x0085, 0x0085, 0x0085, 0x0085, 0x00A6, 0x00A6, 0x00A6,
  0x00A5, 0x0085, 0x00A6, 0x00A6, 0x00A6, 0x0086, 0x08C6, 0x1128, 0x0086, 0x00A6, 0x00A6, 0x00A6, 0x00A6, 0x00A6, 0x1128, 0x00A6,
  0x00A6, 0x00A6, 0x00A6, 0x00A6, 0x00A6, 0x00A6, 0x00A6, 0x00A6, 0x00A6, 0x00A6, 0x00A6, 0x00A6, 0x00A6, 0x00A6, 0x08C7, 0x00A6,
  0x00A6, 0x00A6, 0x00A6, 0x00A6, 0x00A6, 0x00A6, 0x00A6, 0x00A6, 0x00A6, 0x00A6, 0x00A6, 0x00A6, 0x00A6, 0x0908, 0x00C7, 0x00A6,
  0x00A6, 0x08E7, 0x00A6, 0x00C6, 0x00A6, 0x00A6, 0x00A6, 0x00A6, 0x00C6, 0x08C7, 0x00A6, 0x00A6, 0x00C6, 0x00A6, 0x00C6, 0x00C6,
  0x00C6, 0x08C7, 0x00A6, 0x00C7, 0x08E7, 0x00A6, 0x00A7, 0x00C7, 0x00C7, 0x00C7, 0x00C6, 0x00C7, 0x00C7, 0x00A6, 0x00C7, 0x00C7,
  0x00C6, 0x00C6, 0x00C6, 0x00C6, 0x00A6, 0x00C7, 0x00C7, 0x00C6, 0x00C7, 0x00C7, 0x00C7, 0x00C7, 0x00C6, 0x00C7, 0x00C7, 0x00C7,
  0x00C7, 0x00C7, 0x00C7, 0x00C7, 0x00C7, 0x00C7, 0x00C7, 0x00C7, 0x00C7, 0x00C7, 0x00C7, 0x00C7, 0x00C7, 0x00C7, 0x00C7, 0x00C7,
  0x00C7, 0x00C7, 0x00C7, 0x00C7, 0x00C7, 0x00C7, 0x00C7, 0x00C7, 0x00C7, 0x00C7, 0x00C7, 0x00C7, 0x00C7, 0x00C7, 0x00C7, 0x00C7,
  0x0928, 0x00C7, 0x00C7, 0x00C7, 0x00C7, 0x00C6, 0x00C7, 0x00C7, 0x00C7, 0x00C7, 0x00C7, 0x00C7, 0x00C7, 0x00C6, 0x00C7, 0x00C7,
  0x00C7, 0x00C7, 0x00A6, 0x00C6, 0x00C7, 0x00C6, 0x00C7, 0x00C7, 0x00C6, 0x00C6, 0x00C6, 0x00C6, 0x00A6, 0x00C6, 0x00A6, 0x00A6,
  0x0065, 0x0065, 0x0065, 0x0065, 0x0065, 0x0065, 0x0065, 0x0065, 0x0065, 0x08C6, 0x10E7, 0x0065, 0x0085, 0x0085, 0x0065, 0x0085,
  0x0065, 0x0065, 0x0065, 0x0085, 0x0085, 0x0085, 0x0085, 0x0085, 0x0085, 0x0065, 0x00A6, 0x0086, 0x0065, 0x0085, 0x0085, 0x0086,
  0x0086, 0x0086, 0x00A6, 0x08C6, 0x0065, 0x0085, 0x0085, 0x0085, 0x0085, 0x0085, 0x0085, 0x0085, 0x0085, 0x0085, 0x0085, 0x0085,
  0x0085, 0x0085, 0x0085, 0x0085, 0x0065, 0x08E7, 0x08E7, 0x0085, 0x0085, 0x0085, 0x0085, 0x0085, 0x0085, 0x0085, 0x0085, 0x0085,
  0x00A6, 0x0086, 0x0085, 0x0085, 0x0086, 0x0086, 0x00A6, 0x00A5, 0x00A5, 0x00A6, 0x00A6, 0x00A6, 0x00A5, 0x00A6, 0x00A6, 0x00A6,
  0x00A6, 0x00A6, 0x00A6, 0x00A5, 0x00A6, 0x08E7, 0x00A5, 0x0085, 0x00A6, 0x00A6, 0x00A6, 0x00A6, 0x00A6, 0x00A6, 0x08E7, 0x00A6,
  0x00A6, 0x00A6, 0x00A6, 0x00A6, 0x00A6, 0x00A6, 0x00A6, 0x00C7, 0x00C6, 0x00A6, 0x00A6, 0x00A6, 0x00A6, 0x00A6, 0x00A6, 0x00A6,
  0x00A6, 0x00A6, 0x00A6, 0x00A6, 0x00A6, 0x00A6, 0x00A6, 0x00A6, 0x00A6, 0x00A6, 0x00A6, 0x00A6, 0x00A6, 0x0908, 0x00C7, 0x00A6,
  0x00A6, 0x00A6, 0x00C7, 0x1128, 0x00A6, 0x00C6, 0x00A6, 0x00A6, 0x00A6, 0x00A6, 0x00C6, 0x08E8, 0x00A6, 0x00A6, 0x00A6, 0x00A6,
  0x00A6, 0x00A6, 0x00C6, 0x00C6, 0x00A6, 0x00C7, 0x00C7, 0x00C6, 0x00C7, 0x00C7, 0x00C6, 0x00C6, 0x00C7, 0x08E7, 0x08E7, 0x00C6,
  0x00C7, 0x00C7, 0x00C7, 0x00C7, 0x00C7, 0x00C7, 0x00C7, 0x00C7, 0x00C7, 0x00C7, 0x00C7, 0x00C7, 0x00C7, 0x00C7, 0x00C7, 0x00C7,
  0x00C7, 0x00C7, 0x00C7, 0x00C7, 0x00C7, 0x00C7, 0x00C7, 0x00C7, 0x00C7, 0x00C7, 0x00C7, 0x00C7, 0x00C7, 0x00C7, 0x00C7, 0x00C7,
  0x00C7, 0x00C7, 0x00C7, 0x00C7, 0x00C7, 0x00C7, 0x00C7, 0x00A6, 0x00C7, 0x00C7, 0x00C7, 0x00C7, 0x00C7, 0x00C7, 0x00C7, 0x00C7,
  0x0908, 0x00C7, 0x00C7, 0x00C7, 0x00C7, 0x00C6, 0x00C7, 0x00C7, 0x00C7, 0x00C7, 0x00C6, 0x00C7, 0x00C7, 0x00C7, 0x00C7, 0x00C7,
  0x00C7, 0x00C7, 0x00C7, 0x00C7, 0x00C7, 0x00C6, 0x00C7, 0x00C7, 0x00C7, 0x00C7, 0x00A7, 0x00C7, 0x00C6, 0x00C6, 0x00C7, 0x00A6,
  0x0065, 0x0065, 0x0065, 0x0065, 0x0065, 0x0065, 0x0065, 0x0065, 0x0065, 0x0085, 0x08A6, 0x0065, 0x0065, 0x0065, 0x0065, 0x0085,
  0x0065, 0x0085, 0x0065, 0x0085, 0x0085, 0x0085, 0x0085, 0x0085, 0x0085, 0x0065, 0x08A6, 0x0086, 0x0065, 0x0065, 0x0085, 0x0086,
  0x0086, 0x0085, 0x00A6, 0x08E7, 0x0065, 0x0085, 0x0085, 0x0085, 0x0085, 0x0085, 0x0085, 0x0085, 0x08A6, 0x0085, 0x0085, 0x0085,
  0x0085, 0x0085, 0x0085, 0x0085, 0x0085, 0x0085, 0x00A6, 0x0086, 0x0085, 0x00A5, 0x0085, 0x0085, 0x0085, 0x0085, 0x0085, 0x0085,
  0x00A6, 0x00A6, 0x0085, 0x0085, 0x00A5, 0x00A6, 0x00A6, 0x00A5, 0x00A5, 0x00A5, 0x00A5, 0x00A6, 0x00A6, 0x00A6, 0x00A6, 0x00A5,
  0x00A6, 0x00A6, 0x00A6, 0x00A6, 0x1107, 0x00C6, 0x00A6, 0x00A6, 0x00A6, 0x00A6, 0x00A6, 0x00A6, 0x00A6, 0x00A6, 0x0086, 0x00A6,
  0x00A6, 0x00A6, 0x00A6, 0x00A6, 0x00A6, 0x00A6, 0x00A6, 0x00A6, 0x00A6, 0x00A6, 0x00C6, 0x00A6, 0x00A6, 0x00A6, 0x00A6, 0x00A6,
  0x00A6, 0x00A6, 0x00A6, 0x00A6, 0x00A6, 0x00A6, 0x00A6, 0x00A6, 0x00A6, 0x00A6, 0x00C6, 0x00A6, 0x00A6, 0x00A6, 0x00A6, 0x00A6,
  0x00A6, 0x00A6, 0x00A6, 0x00A6, 0x00A6, 0x00A6, 0x00C7, 0x0908, 0x00A6, 0x00A6, 0x00C6, 0x00C7, 0x00A6, 0x00C6, 0x00C7, 0x00C6,
  0x00C6, 0x00C6, 0x00C7, 0x00C6, 0x00C7, 0x00A6, 0x00C7, 0x08E7, 0x00C7, 0x00C7, 0x00C6, 0x00C7, 0x00C6, 0x0908, 0x08E7, 0x00C6,
  0x00C7, 0x00C7, 0x00C7, 0x00C7, 0x00C7, 0x00C7, 0x00C7, 0x00C7, 0x00C7, 0x08E7, 0x00C7, 0x0908, 0x00E7, 0x00C7, 0x00C7, 0x00C7,
  0x00C7, 0x00C7, 0x00C7, 0x00E7, 0x00C7, 0x00C7, 0x00C7, 0x00C7, 0x00C7, 0x00C7, 0x00C7, 0x00C7, 0x00C7, 0x00E7, 0x00C7, 0x00E7,
  0x00C7, 0x00C7, 0x00C7, 0x00C7, 0x00C7, 0x00C7, 0x00C7, 0x1149, 0x00C7, 0x00C7, 0x00C7, 0x00C7, 0x00C7, 0x00C7, 0x00C7, 0x00C7,
  0x00C6, 0x00C7, 0x00C7, 0x00C7, 0x00C7, 0x00C7, 0x00C7, 0x00C7, 0x00C7, 0x00C7, 0x0908, 0x00C7, 0x00C7, 0x00C7, 0x00C7, 0x00C7,
  0x00C7, 0x00C7, 0x00C7, 0x00C7, 0x00C7, 0x00C7, 0x00C7, 0x00C7, 0x00C7, 0x00C7, 0x00C7, 0x00C7, 0x00C7, 0x00C7, 0x00C7, 0x00A6,
  0x0065, 0x0065, 0x0065, 0x0065, 0x0065, 0x0065, 0x0065, 0x0065, 0x0065, 0x0065, 0x0065, 0x0065, 0x0065, 0x0085, 0x0065, 0x0065,
  0x0085, 0x0085, 0x0085, 0x0085, 0x0085, 0x0085, 0x0085, 0x0085, 0x0085, 0x0085, 0x0085, 0x0085, 0x0065, 0x0085, 0x0086, 0x0086,
  0x0086, 0x0086, 0x0065, 0x0065, 0x0085, 0x0085, 0x0085, 0x0085, 0x0085, 0x0085, 0x0085, 0x0085, 0x0085, 0x0085, 0x0085, 0x0085,
  0x0085, 0x0085, 0x0085, 0x0085, 0x0085, 0x0085, 0x0085, 0x0085, 0x08C6, 0x08C6, 0x0085, 0x0085, 0x0085, 0x0085, 0x00A5, 0x00A5,
  0x0086, 0x00A6, 0x0086, 0x00A6, 0x0085, 0x00A6, 0x00A6, 0x00A6, 0x00A6, 0x00A6, 0x00A6, 0x00A6, 0x00A6, 0x00A6, 0x00A6, 0x00A6,
  0x00A6, 0x00A6, 0x00A6, 0x00A6, 0x00A6, 0x00A6, 0x00A6, 0x00A6, 0x00A6, 0x00A6, 0x00A6, 0x00A6, 0x00A6, 0x00C6, 0x00A6, 0x00A6,
  0x00A6, 0x00A6, 0x00A6, 0x00A6, 0x00A6, 0x00A6, 0x00A6, 0x00A6, 0x00A6, 0x00A6, 0x00A6, 0x08C7, 0x00A6, 0x00A6, 0x00A6, 0x00A6,
  0x00A6, 0x00A6, 0x00A6, 0x00A6, 0x00A6, 0x00A6, 0x00A6, 0x00A6, 0x00A6, 0x00C6, 0x00A6, 0x00A6, 0x00A6, 0x00A6, 0x00A6, 0x00A6,
  0x00A6, 0x00A6, 0x00C7, 0x00C6, 0x00A6, 0x00C6, 0x00C6, 0x08E7, 0x00A6, 0x00C6, 0x00A6, 0x00A6, 0x00A6, 0x00C7, 0x00C6, 0x00C7,
  0x00C7, 0x00C6, 0x00C7, 0x00C7, 0x00C6, 0x00C7, 0x00C7, 0x00C7, 0x00C7, 0x00C7, 0x00C7, 0x00C7, 0x00C7, 0x00C6, 0x00C7, 0x00C7,
  0x00C7, 0x00C7, 0x00C7, 0x00C7, 0x00C7, 0x00C7, 0x00C7, 0x00C7, 0x00C7, 0x00E7, 0x00C7, 0x08E7, 0x00C7, 0x00C7, 0x00C7, 0x00C7,
  0x00C7, 0x00C7, 0x00C7, 0x00C7, 0x00C7, 0x00C7, 0x00C7, 0x00C7, 0x00C7, 0x00C7, 0x00E7, 0x00C7, 0x00C7, 0x00C7, 0x00C7, 0x00A6,
  0x00C7, 0x00C7, 0x00C7, 0x00C7, 0x00C7, 0x00C7, 0x00C7, 0x08E8, 0x00C7, 0x00C7, 0x00C7, 0x00C7, 0x00C7, 0x00C7, 0x00C7, 0x00C7,
  0x00C7, 0x00C7, 0x00C7, 0x00C7, 0x08E7, 0x00C7, 0x00C7, 0x00C7, 0x00C7, 0x00C7, 0x08E7, 0x00C7, 0x00C7, 0x00C7, 0x00C7, 0x00C7,
  0x00C7, 0x00C7, 0x00C7, 0x00C7, 0x00C7, 0x00C7, 0x00C7, 0x00C7, 0x00C6, 0x00C7, 0x00C6, 0x00C7, 0x00C7, 0x00C7, 0x00C6, 0x00A6,
  0x0065, 0x0065, 0x0065, 0x0065, 0x0065, 0x0065, 0x0065, 0x0085, 0x0065, 0x0065, 0x0085, 0x0085, 0x0065, 0x0085, 0x0085, 0x0085,
  0x0085, 0x0085, 0x0085, 0x0085, 0x0085, 0x0085, 0x0085, 0x0085, 0x0085, 0x0085, 0x0085, 0x0085, 0x0085, 0x0085, 0x0085, 0x0085,
  0x0085, 0x0085, 0x0085, 0x0085, 0x0085, 0x0085, 0x0085, 0x0085, 0x0085, 0x0085, 0x0085, 0x0085, 0x0085, 0x0085, 0x0085, 0x0085,
  0x0085, 0x0085, 0x0085, 0x0085, 0x0085, 0x0086, 0x00A5, 0x00A5, 0x00A5, 0x00A6, 0x0086, 0x00A6, 0x0085, 0x00A5, 0x00A5, 0x00A5,
  0x00A6, 0x0085, 0x0085, 0x00A6, 0x00A5, 0x00A6, 0x00A6, 0x00A6, 0x00A5, 0x00A6, 0x00A6, 0x00A6, 0x00A6, 0x00A6, 0x00A6, 0x00A6,
  0x00A6, 0x00A6, 0x00A6, 0x00A6, 0x00A6, 0x00A6, 0x00A6, 0x00A6, 0x00A6, 0x00A6, 0x00A6, 0x00A6, 0x00A6, 0x00A6, 0x00A6, 0x00A6,
  0x00A6, 0x00A6, 0x00A6, 0x00A6, 0x00A6, 0x00A6, 0x00A6, 0x00A6, 0x00A6, 0x00A6, 0x00A6, 0x00C7, 0x00A6, 0x00A6, 0x00A6, 0x00A6,
  0x00A6, 0x00A6, 0x00A6, 0x00A6, 0x00A6, 0x00A6, 0x00A6, 0x0908, 0x00C6, 0x00A6, 0x00A6, 0x00C6, 0x00A6, 0x00A6, 0x00A6, 0x00A6,
  0x00C6, 0x00C6, 0x00A6, 0x00A6, 0x00A6, 0x00C6, 0x00C6, 0x00A6, 0x00C7, 0x00C6, 0x00C6, 0x00C7, 0x00C6, 0x00C7, 0x00C7, 0x00C7,
  0x00C7, 0x00C7, 0x00C7, 0x00C7, 0x00C6, 0x00C7, 0x00C7, 0x00C7, 0x00C7, 0x00C7, 0x00C7, 0x00C7, 0x00C7, 0x00C7, 0x00C7, 0x00C7,
  0x00C7, 0x00C7, 0x00C7, 0x00C7, 0x00C7, 0x00C7, 0x00C7, 0x00C7, 0x00C7, 0x00C7, 0x00C7, 0x00C7, 0x00C7, 0x00E7, 0x00E7, 0x00C7,
  0x00C7, 0x00C7, 0x00C7, 0x00C7, 0x08E7, 0x08E7, 0x00C7, 0x00C7, 0x00E7, 0x00C7, 0x00E7, 0x00C7, 0x00C6, 0x00E7, 0x00C7, 0x1169,
  0x00E7, 0x00C7, 0x00C7, 0x00C7, 0x00C7, 0x00C7, 0x00C7, 0x00C7, 0x00C7, 0x00C7, 0x00C7, 0x00C7, 0x00C7, 0x00C7, 0x00C7, 0x00C7,
  0x00C7, 0x00C7, 0x00C7, 0x00C7, 0x00C7, 0x00C7, 0x00C7, 0x00C7, 0x08E7, 0x0908, 0x00A6, 0x00C7, 0x00C7, 0x00C7, 0x00C7, 0x00C7,
  0x00C7, 0x00C7, 0x00C7, 0x00C7, 0x00C7, 0x00C7, 0x00C7, 0x00C6, 0x00C6, 0x00C7, 0x00C7, 0x00C6, 0x00C7, 0x00C7, 0x00C7, 0x00C7,
  0x0065, 0x0065, 0x0065, 0x0065, 0x0065, 0x0065, 0x0085, 0x0065, 0x0065, 0x0065, 0x0085, 0x0085, 0x0085, 0x0085, 0x0085, 0x0085,
  0x0085, 0x0085, 0x0085, 0x0085, 0x0085, 0x0085, 0x0085, 0x0085, 0x0085, 0x0085, 0x0085, 0x0085, 0x0085, 0x0085, 0x0085, 0x0085,
  0x0085, 0x0085, 0x0085, 0x0085, 0x0085, 0x0085, 0x0085, 0x0085, 0x0085, 0x0085, 0x0085, 0x0085, 0x0085, 0x0085, 0x0085, 0x0085,
  0x0085, 0x0085, 0x0085, 0x0085, 0x0086, 0x0086, 0x00A6, 0x0086, 0x00A5, 0x00A6, 0x00A6, 0x00A6, 0x0085, 0x00A6, 0x00A5, 0x0085,
  0x00A6, 0x00A6, 0x00A6, 0x00A6, 0x00A6, 0x00A6, 0x00A6, 0x00A5, 0x00A6, 0x00A6, 0x00A6, 0x00A6, 0x00A6, 0x00A6, 0x00A6, 0x00A6,
  0x00A6, 0x00A6, 0x00A6, 0x00A6, 0x00A6, 0x00A6, 0x00A6, 0x00A6, 0x00A6, 0x00A6, 0x00A6, 0x00A6, 0x00A6, 0x00A6, 0x00A6, 0x00A6,
  0x00A6, 0x00A6, 0x00A6, 0x00A6, 0x00A6, 0x00A6, 0x00A6, 0x00A6, 0x00A6, 0x00A6, 0x00A6, 0x00A6, 0x00A6, 0x00A6, 0x00A6, 0x00A6,
  0x00A6, 0x00A6, 0x00A6, 0x00A6, 0x00A6, 0x00A6, 0x00A6, 0x08C7, 0x00A6, 0x00A6, 0x00C6, 0x00C6, 0x00A6, 0x00C6, 0x00C6, 0x00A6,
  0x00A6, 0x00C6, 0x00C6, 0x00C7, 0x00C7, 0x00C6, 0x00C7, 0x00C6, 0x00C7, 0x00C7, 0x00C7, 0x00C7, 0x00C7, 0x00C7, 0x00C7, 0x00C7,
  0x00C7, 0x00C7, 0x00C7, 0x00C7, 0x00C6, 0x00C7, 0x00C7, 0x00C7, 0x00C7, 0x00C7, 0x00E7, 0x00C7, 0x00C7, 0x00C7, 0x00C7, 0x00C7,
  0x00C7, 0x00C7, 0x00C7, 0x00C7, 0x00C7, 0x00C7, 0x00C7, 0x00C7, 0x00C7, 0x00C7, 0x00C7, 0x00C7, 0x00C7, 0x00C7, 0x00E7, 0x00E7,
  0x00E7, 0x00E7, 0x00C7, 0x00C7, 0x00E7, 0x00C7, 0x00C7, 0x00E7, 0x00E7, 0x00E7, 0x00C7, 0x0928, 0x1989, 0x00C7, 0x00C7, 0x1149,
  0x00E7, 0x00C7, 0x00C7, 0x00C7, 0x00C7, 0x00C7, 0x00C7, 0x00C7, 0x00C7, 0x00C7, 0x00C7, 0x00C7, 0x00C7, 0x00C7, 0x0908, 0x08E8,
  0x00C7, 0x00C7, 0x00C7, 0x00C7, 0x00C7, 0x00C7, 0x00C7, 0x00C7, 0x00C7, 0x00C7, 0x00C7, 0x00C7, 0x00C7, 0x00C7, 0x00C7, 0x00C7,
  0x00C7, 0x00C7, 0x00C7, 0x00C7, 0x00C7, 0x00C7, 0x00C7, 0x00C7, 0x00C7, 0x00C7, 0x00C7, 0x00C7, 0x00C7, 0x00C7, 0x00C7, 0x00C6,
  0x0065, 0x0065, 0x0065, 0x0065, 0x0065, 0x0065, 0x0065, 0x0065, 0x0065, 0x0065, 0x0085, 0x0085, 0x0085, 0x0085, 0x0085, 0x0085,
  0x0085, 0x0085, 0x0085, 0x0085, 0x0085, 0x0085, 0x0085, 0x0085, 0x0085, 0x0085, 0x0085, 0x0085, 0x0085, 0x0085, 0x0085, 0x0085,
  0x0085, 0x0085, 0x0085, 0x0085, 0x0085, 0x0085, 0x0085, 0x0085, 0x0085, 0x0085, 0x0085, 0x0085, 0x0085, 0x0085, 0x0085, 0x0086,
  0x00A6, 0x00A5, 0x0085, 0x00A5, 0x00A6, 0x0085, 0x00C6, 0x1128, 0x0085, 0x00A6, 0x00A6, 0x00A6, 0x00A5, 0x00A6, 0x00A6, 0x00A6,
  0x00A6, 0x00A6, 0x1107, 0x0086, 0x00A6, 0x00A6, 0x00A6, 0x00A6, 0x00A6, 0x00A6, 0x00A6, 0x00A6, 0x00A6, 0x00A6, 0x00A6, 0x00A6,
  0x00A6, 0x00A6, 0x00A6, 0x00A6, 0x00A6, 0x00A6, 0x00A6, 0x00A6, 0x00A6, 0x00A6, 0x08C7, 0x1108, 0x00A6, 0x00A6, 0x00A6, 0x00A6,
  0x00A6, 0x00A6, 0x00A6, 0x00A6, 0x00A6, 0x00A6, 0x00A6, 0x00A6, 0x00A6, 0x00A6, 0x00A6, 0x00A6, 0x00A6, 0x00A6, 0x00A6, 0x00C6,
  0x00A6, 0x00A6, 0x0907, 0x00C6, 0x00A6, 0x00A6, 0x00C6, 0x00A6, 0x00A6, 0x00C6, 0x00C6, 0x00C6, 0x00C6, 0x00C6, 0x00C7, 0x00C7,
  0x08E7, 0x00C6, 0x00C6, 0x00C7, 0x00C6, 0x00C7, 0x00C7, 0x00C7, 0x00C7, 0x00C7, 0x00C7, 0x00C7, 0x00C7, 0x00C7, 0x00C7, 0x00C7,
  0x00C7, 0x00C7, 0x00C7, 0x00C7, 0x00C7, 0x00C7, 0x00C7, 0x00C7, 0x00C7, 0x00E7, 0x00E7, 0x00C7, 0x00E7, 0x00E7, 0x00C7, 0x00C7,
  0x00C7, 0x00E7, 0x00E7, 0x00C7, 0x00C7, 0x00C7, 0x00E7, 0x0908, 0x00C7, 0x00E7, 0x00C7, 0x00C7, 0x00C7, 0x00C7, 0x00C7, 0x00C7,
  0x00E7, 0x00E7, 0x00E7, 0x00C7, 0x00E7, 0x00C7, 0x00E7, 0x00E7, 0x00E7, 0x00E7, 0x00C7, 0x08E7, 0x0908, 0x00C7, 0x00E7, 0x00C7,
  0x00E7, 0x00C7, 0x00C7, 0x00C7, 0x00C7, 0x00C7, 0x00E7, 0x00E7, 0x00C7, 0x00C7, 0x00E7, 0x00C7, 0x00C7, 0x00C7, 0x00C7, 0x00C7,
  0x00C7, 0x00C7, 0x00E7, 0x00C7, 0x00C7, 0x00C7, 0x00C7, 0x00C7, 0x00C7, 0x00C7, 0x00C7, 0x00C7, 0x00C7, 0x0908, 0x0908, 0x00C7,
  0x00C7, 0x00C7, 0x00C7, 0x00C7, 0x00C7, 0x00C7, 0x00C7, 0x00C7, 0x00C7, 0x00C7, 0x00C7, 0x00C7, 0x00C6, 0x00C7, 0x00C7, 0x00C7,
  0x0065, 0x0065, 0x0065, 0x0065, 0x0065, 0x0065, 0x0065, 0x0065, 0x0085, 0x0085, 0x0085, 0x0085, 0x0085, 0x0085, 0x0085, 0x0085,
  0x0085, 0x0085, 0x0085, 0x0085, 0x0085, 0x0085, 0x0085, 0x0085, 0x0085, 0x0085, 0x0085, 0x0085, 0x0085, 0x0085, 0x0085, 0x0085,
  0x0085, 0x0085, 0x0085, 0x0085, 0x0085, 0x0085, 0x0085, 0x0085, 0x0085, 0x0085, 0x00A5, 0x0085, 0x0085, 0x08C6, 0x08E7, 0x0086,
  0x00A6, 0x00A6, 0x00A6, 0x00A6, 0x00A6, 0x00A6, 0x00A6, 0x00A6, 0x00A6, 0x00A6, 0x00A6, 0x00A6, 0x00A6, 0x00A6, 0x00A6, 0x00A6,
  0x00A6, 0x00A6, 0x0085, 0x00A6, 0x00A6, 0x00A6, 0x00A6, 0x00A6, 0x00C6, 0x00A6, 0x00A6, 0x00A6, 0x00A6, 0x00A6, 0x00A6, 0x00A6,
  0x00A6, 0x00A6, 0x00A6, 0x00A6, 0x00A6, 0x00A6, 0x00A6, 0x00A6, 0x00A6, 0x00A6, 0x00A6, 0x00A6, 0x00A6, 0x00A6, 0x0908, 0x00A6,
  0x00A6, 0x00A6, 0x00A6, 0x00A6, 0x00A6, 0x00A6, 0x00A6, 0x00A6, 0x00A6, 0x00C7, 0x00C6, 0x00A6, 0x00A6, 0x00A6, 0x00A6, 0x00A6,
  0x00A6, 0x00C6, 0x00A6, 0x00A6, 0x00A6, 0x00C7, 0x00C6, 0x00C6, 0x00C7, 0x00C7, 0x00C7, 0x00C6, 0x00C6, 0x00C7, 0x00A7, 0x08E7,
  0x1989, 0x00A6, 0x00C7, 0x00C7, 0x00C7, 0x00C7, 0x00C7, 0x00C7, 0x00C7, 0x00C7, 0x00C7, 0x00C7, 0x00C7, 0x00C7, 0x00C7, 0x00C7,
  0x00C7, 0x00C7, 0x00C7, 0x00C7, 0x00E7, 0x00C7, 0x00C7, 0x00E7, 0x00E7, 0x00C7, 0x00C7, 0x00C7, 0x00C7, 0x00C7, 0x00C7, 0x00E7,
  0x0928, 0x00C7, 0x00E7, 0x00E7, 0x00E7, 0x00C7, 0x08E7, 0x1149, 0x00C7, 0x00E7, 0x00E7, 0x00E7, 0x00E7, 0x00E7, 0x00E7, 0x00E7,
  0x00C7, 0x00C7, 0x00C7, 0x00E7, 0x00E7, 0x00C7, 0x00E7, 0x00E7, 0x08E7, 0x00E7, 0x00E7, 0x00E7, 0x00C7, 0x00E7, 0x00E7, 0x00E7,
  0x00E7, 0x00E7, 0x00E7, 0x00E7, 0x00C7, 0x00C7, 0x00C7, 0x00C7, 0x00E7, 0x00C7, 0x00E7, 0x00E7, 0x00C7, 0x00E7, 0x00C7, 0x00E7,
  0x00E7, 0x00E7, 0x00C7, 0x00E7, 0x00C7, 0x00C7, 0x00C7, 0x00E7, 0x00C7, 0x00C7, 0x00C7, 0x00C7, 0x00E7, 0x00C7, 0x00C7, 0x00C7,
  0x00C7, 0x00C7, 0x00C7, 0x00C7, 0x00C7, 0x00C7, 0x00C7, 0x00C7, 0x00C7, 0x00C7, 0x00C7, 0x08E7, 0x0908, 0x00C6, 0x00C7, 0x00C7,
  0x0065, 0x0065, 0x0085, 0x0085, 0x0085, 0x0065, 0x0085, 0x0065, 0x0065, 0x0085, 0x0085, 0x0085, 0x0085, 0x0085, 0x0085, 0x0085,
  0x0085, 0x0085, 0x0085, 0x0085, 0x0085, 0x0085, 0x0085, 0x0085, 0x0085, 0x0085, 0x0085, 0x0085, 0x0085, 0x0085, 0x0085, 0x0085,
  0x0085, 0x0085, 0x0085, 0x0085, 0x0085, 0x0085, 0x0085, 0x0085, 0x0085, 0x0085, 0x0085, 0x0085, 0x0085, 0x0086, 0x0086, 0x00A6,
  0x00A6, 0x00A6, 0x00A6, 0x00A6, 0x00A6, 0x00A6, 0x00A6, 0x00C6, 0x00C6, 0x00A6, 0x00A6, 0x00A6, 0x00A6, 0x0086, 0x00A5, 0x00A6,
  0x00A6, 0x00A6, 0x00A6, 0x00A6, 0x00A6, 0x00A6, 0x00A6, 0x00A6, 0x00A6, 0x00A6, 0x00A6, 0x00A6, 0x00A6, 0x00A6, 0x0086, 0x00A6,
  0x00A6, 0x00A6, 0x00A6, 0x00A6, 0x00A6, 0x00A6, 0x00C6, 0x00A6, 0x00A6, 0x00A6, 0x00A6, 0x00A6, 0x00A6, 0x00A6, 0x00A6, 0x00A6,
  0x00A6, 0x00A6, 0x00A6, 0x08E7, 0x00C7, 0x00A6, 0x00C6, 0x00C6, 0x00C6, 0x00A6, 0x00A6, 0x00C6, 0x00A6, 0x00A6, 0x00A6, 0x00A6,
  0x00A6, 0x00A6, 0x00C6, 0x00C6, 0x00C7, 0x00C7, 0x00C6, 0x00C6, 0x00C7, 0x00C7, 0x00C6, 0x00C6, 0x00C7, 0x00C7, 0x00C7, 0x00C7,
  0x00A6, 0x00C6, 0x00C7, 0x00C7, 0x00C7, 0x00C7, 0x00C7, 0x00C7, 0x00C7, 0x00C7, 0x00E7, 0x08E7, 0x00C7, 0x00C7, 0x00E7, 0x00C7,
  0x00C7, 0x00C7, 0x00C7, 0x00C7, 0x00E7, 0x00E7, 0x00E7, 0x00E7, 0x00E7, 0x00E7, 0x00E7, 0x00C7, 0x00C7, 0x00E7, 0x00E7, 0x00E7,
  0x00C7, 0x00E7, 0x00E7, 0x00E7, 0x00E7, 0x00E7, 0x00E7, 0x00C7, 0x00E7, 0x00C7, 0x00E7, 0x00E7, 0x00E7, 0x00E7, 0x00E7, 0x00E7,
  0x00E7, 0x00E7, 0x00E7, 0x00E7, 0x00E7, 0x00E7, 0x00E7, 0x00E7, 0x00E7, 0x00E7, 0x00E7, 0x00E7, 0x00E7, 0x00E7, 0x00E7, 0x00E7,
  0x00E7, 0x00E7, 0x00E7, 0x00E7, 0x00E7, 0x00E7, 0x0908, 0x00E7, 0x00E7, 0x00E7, 0x00E7, 0x00E7, 0x00E7, 0x00E7, 0x00E7, 0x00C7,
  0x00E7, 0x00E7, 0x00C7, 0x00C7, 0x00C7, 0x00C7, 0x00C7, 0x00E7, 0x00E7, 0x00C7, 0x00C7, 0x00C7, 0x00C7, 0x00C7, 0x00C7, 0x00C7,
  0x00C7, 0x00C7, 0x00C7, 0x08E7, 0x00C7, 0x00C7, 0x00C7, 0x00C7, 0x00C7, 0x00C7, 0x00C7, 0x00E7, 0x00E7, 0x00C7, 0x00C7, 0x00C7,
  0x0065, 0x0065, 0x0085, 0x0085, 0x0065, 0x0065, 0x0065, 0x0065, 0x0085, 0x0085, 0x0085, 0x0085, 0x0085, 0x0085, 0x0085, 0x0085,
  0x0085, 0x0085, 0x0085, 0x0086, 0x0085, 0x0085, 0x0085, 0x0085, 0x0085, 0x0085, 0x00A6, 0x00C6, 0x0085, 0x0085, 0x0085, 0x0085,
  0x0085, 0x0085, 0x0085, 0x1948, 0x00A6, 0x0085, 0x0085, 0x0085, 0x00A6, 0x0085, 0x0085, 0x0086, 0x00A6, 0x0085, 0x0085, 0x0086,
  0x00A6, 0x00A6, 0x00A6, 0x00A6, 0x00A6, 0x00A6, 0x0085, 0x1148, 0x0908, 0x0086, 0x00A6, 0x00A6, 0x00A6, 0x00A6, 0x00A6, 0x00A6,
  0x00A6, 0x00A6, 0x00A6, 0x00A6, 0x00A6, 0x00A6, 0x00A6, 0x00A6, 0x00A6, 0x00A6, 0x00A6, 0x00A6, 0x00A6, 0x00A6, 0x0907, 0x00A6,
  0x00A6, 0x00A6, 0x00A6, 0x00A6, 0x00A6, 0x00A6, 0x00A6, 0x00A6, 0x00A6, 0x00A6, 0x00A6, 0x00A6, 0x00A6, 0x00A6, 0x00A6, 0x00A6,
  0x00C6, 0x00A6, 0x00A6, 0x00C7, 0x00C6, 0x00A6, 0x00C6, 0x00C6, 0x00C6, 0x00A6, 0x00A6, 0x00A6, 0x00C6, 0x00C6, 0x00C7, 0x00C6,
  0x00C6, 0x00A6, 0x00C6, 0x00C6, 0x00C6, 0x00C6, 0x00C6, 0x00C6, 0x00C6, 0x00C7, 0x00C6, 0x08C7, 0x00C7, 0x00C7, 0x00C6, 0x00C7,
  0x00C7, 0x00C7, 0x00C7, 0x00C7, 0x00C7, 0x00C7, 0x00C7, 0x00C7, 0x00C7, 0x00C7, 0x00C7, 0x00E7, 0x00E7, 0x00C7, 0x00C7, 0x00C7,
  0x00C7, 0x08E7, 0x1149, 0x00C7, 0x00C7, 0x1149, 0x1149, 0x00C7, 0x00E7, 0x00E7, 0x00E7, 0x00C7, 0x00C7, 0x00E7, 0x00E7, 0x00E7,
  0x00E7, 0x00E7, 0x00E7, 0x00E7, 0x00E7, 0x00E7, 0x00C7, 0x00E7, 0x00C7, 0x00E7, 0x00E7, 0x00E7, 0x00E7, 0x00E7, 0x00E7, 0x00E7,
  0x00E7, 0x00E7, 0x00E7, 0x00E7, 0x00E7, 0x00E7, 0x00E7, 0x00E7, 0x00E7, 0x00E7, 0x00E7, 0x00E7, 0x00E7, 0x00E7, 0x00E7, 0x00E7,
  0x00E7, 0x00E7, 0x00E7, 0x00E7, 0x00E7, 0x00E7, 0x0928, 0x00E7, 0x00E7, 0x00E7, 0x00E7, 0x00E7, 0x00E7, 0x00E7, 0x00E7, 0x00C7,
  0x0928, 0x1149, 0x00C7, 0x00E7, 0x00E7, 0x00E7, 0x00E7, 0x00E7, 0x00E7, 0x00C7, 0x00E7, 0x00E7, 0x00C7, 0x00C7, 0x00C7, 0x00C7,
  0x00C7, 0x00C7, 0x00C7, 0x0928, 0x00E7, 0x00C7, 0x00C7, 0x00C7, 0x00C7, 0x00C7, 0x00C7, 0x00C7, 0x00C7, 0x00C7, 0x00C7, 0x00C7,
  0x0065, 0x0085, 0x0085, 0x0085, 0x0085, 0x0085, 0x0085, 0x0085, 0x0085, 0x0085, 0x0085, 0x0065, 0x0085, 0x0085, 0x0085, 0x0085,
  0x0085, 0x0085, 0x0085, 0x0085, 0x0085, 0x0085, 0x0085, 0x0085, 0x0085, 0x0085, 0x0086, 0x00A6, 0x0085, 0x0085, 0x0085, 0x0085,
  0x0085, 0x0086, 0x0085, 0x08E7, 0x00A6, 0x0086, 0x00A5, 0x0086, 0x0086, 0x0085, 0x0085, 0x00A6, 0x00A6, 0x00A6, 0x00A6, 0x00A6,
  0x00A6, 0x00A6, 0x00A6, 0x00A6, 0x00A6, 0x00A6, 0x00A6, 0x00A6, 0x00A6, 0x00A6, 0x00A6, 0x00A6, 0x00A6, 0x00A6, 0x00A6, 0x00A6,
  0x00A6, 0x00A6, 0x00A6, 0x00A6, 0x00A6, 0x00A6, 0x00A6, 0x00A6, 0x00A6, 0x00A6, 0x00C6, 0x00C7, 0x00A6, 0x00A6, 0x08E7, 0x00A6,
  0x00A6, 0x00A6, 0x00A6, 0x00A6, 0x00A6, 0x00A6, 0x00A6, 0x00A6, 0x00A6, 0x00C6, 0x00A6, 0x00A6, 0x00A6, 0x00A6, 0x00A6, 0x00A6,
  0x00A6, 0x00A6, 0x00A6, 0x00C6, 0x00C6, 0x00C6, 0x00C6, 0x00C7, 0x00C7, 0x00C6, 0x00C6, 0x00C7, 0x00C7, 0x08C7, 0x08E7, 0x00A6,
  0x00C6, 0x00C6, 0x00C6, 0x00C6, 0x00C7, 0x00C7, 0x00C7, 0x00C7, 0x00C7, 0x00C7, 0x00C6, 0x00C6, 0x00C7, 0x00C7, 0x00C7, 0x00C7,
  0x00C7, 0x00C7, 0x00C7, 0x00C7, 0x00C7, 0x00C7, 0x00C7, 0x00C7, 0x00C7, 0x00E7, 0x00E7, 0x00E7, 0x00C7, 0x00C7, 0x00C7, 0x00C7,
  0x00C7, 0x00C7, 0x00E7, 0x00C7, 0x00E7, 0x00E7, 0x00E7, 0x00E7, 0x00E7, 0x00E7, 0x00E7, 0x00E7, 0x00E7, 0x00E7, 0x00E7, 0x00E7,
  0x00E7, 0x00E7, 0x00E7, 0x00E7, 0x00E7, 0x00E7, 0x0908, 0x00E7, 0x0908, 0x00E7, 0x00E7, 0x00E7, 0x00E7, 0x00E7, 0x00E7, 0x00E7,
  0x00E7, 0x00E7, 0x00E7, 0x00E7, 0x00E7, 0x00E8, 0x00E8, 0x00E8, 0x00E7, 0x00E8, 0x00E7, 0x00E7, 0x00E7, 0x00E7, 0x00E7, 0x00E7,
  0x00E7, 0x00E7, 0x00E7, 0x00E7, 0x00E7, 0x00E7, 0x00E7, 0x00E7, 0x00E7, 0x00E7, 0x00E7, 0x00E7, 0x00E7, 0x00E7, 0x00E7, 0x00E7,
  0x00E7, 0x00E7, 0x00E7, 0x00E7, 0x00E7, 0x00E7, 0x00E7, 0x00E7, 0x00E7, 0x00E7, 0x00E7, 0x00E7, 0x00E7, 0x00C7, 0x00C7, 0x00E7,
  0x00E7, 0x00E7, 0x00C7, 0x00C7, 0x00C7, 0x00C7, 0x00C7, 0x00C7, 0x00E7, 0x00E7, 0x00C7, 0x00C7, 0x00C7, 0x00C7, 0x00C7, 0x00C7,
  0x0085, 0x0085, 0x0085, 0x0085, 0x0085, 0x0086, 0x0085, 0x0085, 0x0085, 0x0085, 0x0065, 0x08C6, 0x08C6, 0x0085, 0x0085, 0x0085,
  0x0085, 0x0085, 0x0085, 0x0085, 0x0085, 0x0085, 0x0085, 0x0086, 0x0085, 0x0085, 0x0085, 0x0085, 0x0085, 0x0085, 0x0085, 0x0085,
  0x0085, 0x0085, 0x0085, 0x0085, 0x0085, 0x0085, 0x0086, 0x0086, 0x00A6, 0x00A6, 0x00A6, 0x00A6, 0x0086, 0x00A6, 0x00A6, 0x08C7,
  0x00A6, 0x00A6, 0x00A6, 0x00A6, 0x00A6, 0x00A6, 0x00A6, 0x00A6, 0x00A6, 0x00A6, 0x00A6, 0x00A6, 0x00A6, 0x0086, 0x00A6, 0x00A6,
  0x00A6, 0x00A6, 0x00A6, 0x00A6, 0x00C6, 0x00A6, 0x00A6, 0x00A6, 0x00A6, 0x00A6, 0x00A6, 0x00A6, 0x00A6, 0x00A6, 0x00A6, 0x00A6,
  0x00A6, 0x00A6, 0x00A6, 0x00A6, 0x00A6, 0x00A6, 0x00C6, 0x00A6, 0x00A6, 0x00A6, 0x00A6, 0x00A6, 0x00A6, 0x00C6, 0x00C6, 0x00C7,
  0x00C6, 0x00A6, 0x08C7, 0x08E7, 0x00C6, 0x00C6, 0x00C7, 0x00C7, 0x00C7, 0x00C6, 0x00A6, 0x00C6, 0x00C7, 0x00C6, 0x00C6, 0x00C7,
  0x00C6, 0x00A6, 0x00C6, 0x00C7, 0x00C7, 0x00C7, 0x00C7, 0x00C7, 0x00C7, 0x00C7, 0x00C6, 0x00C7, 0x00C7, 0x00C7, 0x00C7, 0x00C7,
  0x00C7, 0x00C7, 0x00C7, 0x00C7, 0x00C7, 0x00C7, 0x00C7, 0x00C7, 0x00C7, 0x00C7, 0x00C7, 0x00E7, 0x00C7, 0x00C7, 0x00C7, 0x00E7,
  0x00C7, 0x00E7, 0x00C7, 0x00E7, 0x00E7, 0x00C7, 0x08E7, 0x00E7, 0x00E7, 0x00E7, 0x00E7, 0x00E7, 0x00E7, 0x00E7, 0x00E7, 0x00E7,
  0x00E7, 0x00E7, 0x00E7, 0x00E7, 0x00E7, 0x0928, 0x00E7, 0x08E7, 0x1149, 0x00E7, 0x00E7, 0x00E7, 0x00E7, 0x00E7, 0x00E7, 0x00E7,
  0x00E7, 0x00E7, 0x00E7, 0x00E7, 0x00E7, 0x00E8, 0x00E7, 0x00E7, 0x00E7, 0x00E8, 0x00E7, 0x00E7, 0x00E7, 0x00E7, 0x00E7, 0x00E7,
  0x00E7, 0x00E7, 0x00E7, 0x00E7, 0x00E7, 0x00E7, 0x00E7, 0x00E7, 0x00E7, 0x00E7, 0x00E7, 0x00E7, 0x00E7, 0x00E7, 0x00E7, 0x00E7,
  0x00E7, 0x00E7, 0x00E7, 0x00E7, 0x00E7, 0x00E7, 0x00E7, 0x00E7, 0x00E7, 0x00E7, 0x00E7, 0x00E7, 0x00E7, 0x0928, 0x00E7, 0x00E7,
  0x00E7, 0x00E7, 0x00C7, 0x00C7, 0x00C7, 0x00C7, 0x00E7, 0x00C7, 0x00C7, 0x00C7, 0x00C7, 0x00C7, 0x00C7, 0x00C7, 0x00C7, 0x00C7,
  0x0085, 0x0085, 0x0085, 0x0085, 0x0085, 0x0085, 0x0085, 0x0085, 0x0085, 0x0085, 0x0085, 0x0086, 0x0085, 0x0085, 0x0085, 0x0085,
  0x0085, 0x0085, 0x0085, 0x0085, 0x0085, 0x0085, 0x0085, 0x0085, 0x0085, 0x0085, 0x0085, 0x0085, 0x00A5, 0x0085, 0x00A5, 0x00A5,
  0x0086, 0x0085, 0x0085, 0x0086, 0x0085, 0x00A6, 0x00A6, 0x00A6, 0x0086, 0x0086, 0x00A6, 0x00A6, 0x00A6, 0x00A6, 0x00A6, 0x00A6,
  0x00C6, 0x00A6, 0x00A6, 0x00A6, 0x00A6, 0x00A6, 0x00A6, 0x00A6, 0x00A6, 0x00A6, 0x00A6, 0x00A6, 0x00A6, 0x0908, 0x00A6, 0x00A6,
  0x00A6, 0x00A6, 0x00A6, 0x00A6, 0x00C6, 0x00A6, 0x00A6, 0x00A6, 0x00A6, 0x00A6, 0x00A6, 0x00A6, 0x00A6, 0x00A6, 0x00A6, 0x00A6,
  0x00A6, 0x00A6, 0x00A6, 0x00A6, 0x00A6, 0x00A6, 0x00A6, 0x00A6, 0x00A6, 0x00C7, 0x00C7, 0x00A6, 0x00A6, 0x00C7, 0x00C6, 0x00A6,
  0x00A6, 0x00A6, 0x00C7, 0x00C7, 0x00A6, 0x00C6, 0x00C6, 0x00C7, 0x00C6, 0x00C7, 0x00C7, 0x08E7, 0x00C7, 0x00C6, 0x00C7, 0x00C7,
  0x00C7, 0x00C7, 0x00C7, 0x00C7, 0x00C7, 0x00C6, 0x00C6, 0x00C7, 0x00C7, 0x00C7, 0x00C7, 0x00C7, 0x00C7, 0x00C7, 0x00C7, 0x00C7,
  0x00C7, 0x00C7, 0x00C7, 0x00E7, 0x00E7, 0x00C7, 0x00E7, 0x00E7, 0x00C7, 0x00C7, 0x08E7, 0x00C7, 0x00C7, 0x00E7, 0x00E7, 0x00E7,
  0x00C7, 0x00E7, 0x08E7, 0x00C7, 0x00E7, 0x00E7, 0x00E7, 0x00E7, 0x08E7, 0x0108, 0x00E7, 0x00E7, 0x00E7, 0x00E7, 0x00E7, 0x00E7,
  0x00E7, 0x00E7, 0x00E7, 0x00E7, 0x00E7, 0x00E7, 0x00E7, 0x00E7, 0x00E7, 0x00E7, 0x00E7, 0x00E7, 0x00E7, 0x00E7, 0x00E8, 0x00E8,
  0x00E7, 0x00E7, 0x00E8, 0x00E8, 0x00E8, 0x00E7, 0x0908, 0x0908, 0x00E7, 0x00E8, 0x00E7, 0x0908, 0x0908, 0x00E7, 0x00E7, 0x00E7,
  0x00E7, 0x08E8, 0x00E7, 0x00E7, 0x00E7, 0x00E7, 0x00E7, 0x00E7, 0x00E7, 0x00E7, 0x00E7, 0x00E7, 0x00E7, 0x00E7, 0x00E7, 0x00E7,
  0x00E7, 0x00E7, 0x00E7, 0x00E7, 0x00E7, 0x00E7, 0x00E7, 0x00E7, 0x00E7, 0x00E7, 0x00E7, 0x00E7, 0x00E7, 0x08E7, 0x00E7, 0x00E7,
  0x00E7, 0x00E7, 0x00E7, 0x00E7, 0x00E7, 0x00E7, 0x00C7, 0x1129, 0x0908, 0x00C7, 0x00E7, 0x00C7, 0x00E7, 0x00C7, 0x00C7, 0x00C7,
  0x0085, 0x0085, 0x0085, 0x0085, 0x0085, 0x0085, 0x0065, 0x1107, 0x08C7, 0x0065, 0x0085, 0x0085, 0x0085, 0x0085, 0x0085, 0x0085,
  0x0085, 0x0086, 0x0085, 0x0085, 0x0085, 0x0085, 0x00A6, 0x1108, 0x0085, 0x0085, 0x0085, 0x0085, 0x00A6, 0x0085, 0x0085, 0x0086,
  0x0086, 0x0085, 0x00A6, 0x00A6, 0x00A6, 0x00A6, 0x00A6, 0x0086, 0x0086, 0x00A5, 0x0086, 0x00A6, 0x00A6, 0x00A6, 0x00A6, 0x00A6,
  0x00A6, 0x00A6, 0x00A6, 0x00A6, 0x00A6, 0x00A6, 0x00A6, 0x00A6, 0x00A6, 0x00A6, 0x00A6, 0x00A6, 0x00A6, 0x0907, 0x00A6, 0x00A6,
  0x00A6, 0x00A6, 0x00A6, 0x00A6, 0x00A6, 0x00A6, 0x00A6, 0x08C7, 0x08E7, 0x00A6, 0x00A6, 0x00A6, 0x00A6, 0x00A6, 0x08E7, 0x08E7,
  0x00A6, 0x00C6, 0x00A6, 0x00C6, 0x00C6, 0x00A6, 0x00C7, 0x00C6, 0x00C6, 0x08E7, 0x00C7, 0x00C6, 0x00A6, 0x00A6, 0x00C7, 0x00C6,
  0x00C6, 0x00C6, 0x00C6, 0x00A6, 0x00C6, 0x00C6, 0x00C6, 0x00C6, 0x00C7, 0x00C7, 0x08E7, 0x0908, 0x00A6, 0x00C7, 0x00C7, 0x00C7,
  0x00C7, 0x00C7, 0x00C7, 0x00C7, 0x00C6, 0x0908, 0x1128, 0x00C7, 0x00C7, 0x00C7, 0x00C7, 0x00C7, 0x00C7, 0x00C7, 0x00C7, 0x00C7,
  0x00E7, 0x00E7, 0x00C7, 0x08E7, 0x08E7, 0x00C7, 0x00C7, 0x00E7, 0x00C7, 0x00C7, 0x0908, 0x00E7, 0x00E7, 0x00E7, 0x00E7, 0x00E7,
  0x00E7, 0x00E7, 0x00E7, 0x00E7, 0x00E7, 0x00E7, 0x00E7, 0x00E7, 0x0908, 0x00E7, 0x00E7, 0x00E7, 0x00E7, 0x00E7, 0x00E7, 0x00E7,
  0x00E7, 0x00E7, 0x00E7, 0x00E8, 0x08E8, 0x00E7, 0x00E7, 0x00E8, 0x00E8, 0x00E8, 0x00E8, 0x00E8, 0x00E8, 0x00E7, 0x00E7, 0x00E7,
  0x00E7, 0x0908, 0x0908, 0x00E8, 0x00E8, 0x00E7, 0x1149, 0x0928, 0x00E7, 0x00E8, 0x00E7, 0x0928, 0x0908, 0x00E7, 0x00E8, 0x00E8,
  0x00E7, 0x08E8, 0x00E8, 0x00E7, 0x198A, 0x0908, 0x00E7, 0x0908, 0x0908, 0x00E8, 0x00E7, 0x00E7, 0x00E7, 0x00E7, 0x00E7, 0x00E7,
  0x0928, 0x00E8, 0x00E7, 0x00E7, 0x00E7, 0x00E7, 0x00E7, 0x00E7, 0x00E7, 0x00E7, 0x00E7, 0x00E7, 0x00E7, 0x00E7, 0x00E7, 0x00E7,
  0x00E7, 0x00E7, 0x00E7, 0x00E7, 0x00E7, 0x00E7, 0x00E7, 0x0908, 0x0107, 0x00E7, 0x00C7, 0x00E7, 0x00E7, 0x00E7, 0x00E7, 0x00E7,
  0x0085, 0x0085, 0x0085, 0x0085, 0x0085, 0x0085, 0x0085, 0x0085, 0x0085, 0x0085, 0x0085, 0x0085, 0x0085, 0x0085, 0x0085, 0x0085,
  0x0085, 0x00A5, 0x0085, 0x0085, 0x0085, 0x0085, 0x0085, 0x00A6, 0x0085, 0x0086, 0x0085, 0x0085, 0x0085, 0x0085, 0x00A6, 0x00A6,
  0x00A6, 0x00A6, 0x00A6, 0x00A6, 0x00A6, 0x00A6, 0x00A6, 0x00A6, 0x00A6, 0x00A6, 0x00A6, 0x00A6, 0x00A6, 0x00A6, 0x00A6, 0x00A6,
  0x00A6, 0x00A6, 0x00A6, 0x00A6, 0x00A6, 0x00A6, 0x00A6, 0x08E7, 0x08E7, 0x00A6, 0x00A6, 0x00A6, 0x00A6, 0x00A6, 0x00A6, 0x00A6,
  0x00A6, 0x00A6, 0x00A6, 0x00A6, 0x00A6, 0x00A6, 0x00A6, 0x00A6, 0x00C6, 0x00A6, 0x00A6, 0x00A6, 0x00A6, 0x00A6, 0x00C7, 0x00C7,
  0x00A6, 0x00A6, 0x00A6, 0x00C6, 0x00A6, 0x00C6, 0x00A6, 0x00A6, 0x00C7, 0x00A6, 0x00A6, 0x00A6, 0x00C6, 0x00A6, 0x00C6, 0x00C7,
  0x00C7, 0x00C7, 0x00C7, 0x00C6, 0x00C7, 0x00C7, 0x00C6, 0x00E7, 0x08E7, 0x00C7, 0x00C6, 0x08E7, 0x00C7, 0x00C7, 0x00C7, 0x00C7,
  0x00C6, 0x00C7, 0x00C7, 0x00C7, 0x00C7, 0x08E7, 0x08E7, 0x00C7, 0x00C7, 0x00C7, 0x00E7, 0x00C7, 0x08E7, 0x00C7, 0x00E7, 0x00C7,
  0x00E7, 0x00E7, 0x00E7, 0x00E7, 0x00E7, 0x00E7, 0x00E7, 0x00E7, 0x00C7, 0x00E7, 0x00C7, 0x00E7, 0x00E7, 0x00C7, 0x00E7, 0x00E7,
  0x00E7, 0x00E7, 0x00E7, 0x00E7, 0x00E7, 0x00E7, 0x00E8, 0x00E7, 0x00E7, 0x00E7, 0x00E7, 0x00E7, 0x00E7, 0x00E7, 0x00E7, 0x00E8,
  0x00E7, 0x00E7, 0x00E7, 0x00E8, 0x00E8, 0x08E8, 0x00E8, 0x00E8, 0x00E8, 0x00E8, 0x00E8, 0x00E8, 0x00E8, 0x00E8, 0x08E8, 0x00E8,
  0x00E8, 0x00E8, 0x0908, 0x00E8, 0x00E8, 0x00E7, 0x00E7, 0x00E8, 0x00E8, 0x0108, 0x08E8, 0x00E7, 0x00E7, 0x00E7, 0x00E8, 0x00E8,
  0x00E7, 0x08E8, 0x0908, 0x00E8, 0x0928, 0x0908, 0x00E7, 0x0908, 0x0908, 0x00E7, 0x0107, 0x0107, 0x00E7, 0x00E7, 0x0108, 0x00E7,
  0x1169, 0x00E8, 0x00E7, 0x00E8, 0x0108, 0x00E7, 0x00E7, 0x00E7, 0x00E7, 0x00E7, 0x00E7, 0x00E7, 0x00E7, 0x00E7, 0x00E7, 0x0908,
  0x0908, 0x00E7, 0x00E7, 0x00E7, 0x00E7, 0x00E7, 0x00E7, 0x00E7, 0x00E7, 0x00E7, 0x0908, 0x00E7, 0x00E7, 0x00E7, 0x00E7, 0x00E7,
  0x0085, 0x0085, 0x0085, 0x0085, 0x0085, 0x0085, 0x0085, 0x0085, 0x0086, 0x0085, 0x0085, 0x0085, 0x0085, 0x0085, 0x0085, 0x0085,
  0x0085, 0x0085, 0x0085, 0x0086, 0x0085, 0x00A6, 0x0086, 0x0085, 0x0086, 0x0086, 0x0086, 0x00A6, 0x00A6, 0x00A6, 0x00A6, 0x00A6,
  0x0086, 0x00A6, 0x00A6, 0x00A6, 0x00A6, 0x00A6, 0x00A6, 0x0086, 0x1108, 0x08C7, 0x0086, 0x00C6, 0x00A6, 0x00A6, 0x00A6, 0x00A6,
  0x00A6, 0x00A6, 0x00A6, 0x00A6, 0x00A6, 0x00A6, 0x00A6, 0x08C7, 0x08C7, 0x00A6, 0x00A6, 0x00A6, 0x00A6, 0x00A6, 0x00A6, 0x00A6,
  0x00A6, 0x00A6, 0x00A6, 0x00A6, 0x00A6, 0x00A6, 0x00A6, 0x00A6, 0x00A7, 0x00C7, 0x00C7, 0x00C6, 0x00A6, 0x00A6, 0x00C6, 0x00A6,
  0x00A6, 0x00A6, 0x00A6, 0x00A6, 0x00A7, 0x00A6, 0x08E7, 0x08E7, 0x00A6, 0x00C7, 0x08E7, 0x08E7, 0x00C6, 0x00C7, 0x00C7, 0x00C7,
  0x00C7, 0x00C7, 0x00C7, 0x00C7, 0x00C6, 0x00C7, 0x00C7, 0x00C7, 0x00C7, 0x00C7, 0x00C7, 0x00C7, 0x00C7, 0x00C7, 0x00C7, 0x00C7,
  0x00C7, 0x00C7, 0x00C7, 0x00C7, 0x00C7, 0x00C7, 0x00C7, 0x00C7, 0x00C7, 0x00C7, 0x08E7, 0x00E7, 0x08E7, 0x00C7, 0x00C7, 0x00C7,
  0x00C7, 0x00E7, 0x00E7, 0x00E7, 0x00E7, 0x00E7, 0x00E7, 0x00E7, 0x00E7, 0x00E7, 0x00E7, 0x00E7, 0x00E7, 0x00E7, 0x00E7, 0x00E7,
  0x00E7, 0x0908, 0x1128, 0x00E7, 0x00E7, 0x00E7, 0x00E7, 0x00E7, 0x00E7, 0x00E7, 0x00E7, 0x00E7, 0x00E7, 0x00E7, 0x00E7, 0x00E8,
  0x00E7, 0x08E8, 0x08E8, 0x08E8, 0x00E8, 0x00E8, 0x00E8, 0x00E8, 0x0908, 0x00E8, 0x0908, 0x00E8, 0x00E8, 0x08E8, 0x0929, 0x08E8,
  0x08E8, 0x08E8, 0x08E8, 0x08E8, 0x0908, 0x08E8, 0x0908, 0x08E8, 0x0908, 0x0908, 0x0908, 0x0908, 0x0908, 0x0908, 0x0908, 0x08E8,
  0x00E8, 0x00E8, 0x0908, 0x0908, 0x0108, 0x0108, 0x0908, 0x0908, 0x00E7, 0x0908, 0x00E8, 0x00E7, 0x00E7, 0x0108, 0x00E8, 0x0108,
  0x00E7, 0x00E7, 0x00E7, 0x08E8, 0x08E8, 0x00E7, 0x00E7, 0x00E7, 0x08E8, 0x00E8, 0x00E7, 0x0908, 0x00E7, 0x00E7, 0x00E7, 0x00E7,
  0x00E7, 0x00E7, 0x00E7, 0x00E7, 0x00E7, 0x00E7, 0x00E7, 0x00E7, 0x00E7, 0x00E7, 0x0908, 0x00E7, 0x00E7, 0x00E7, 0x00E7, 0x00E7,
  0x0085, 0x0085, 0x0085, 0x0085, 0x0086, 0x0085, 0x0086, 0x0085, 0x0085, 0x0085, 0x0085, 0x0085, 0x0085, 0x00A6, 0x0085, 0x0085,
  0x0085, 0x0085, 0x0085, 0x0085, 0x0086, 0x00A6, 0x0086, 0x0085, 0x0085, 0x0085, 0x00A6, 0x0085, 0x0086, 0x00A6, 0x0086, 0x00A6,
  0x00A6, 0x00A6, 0x00A6, 0x00A6, 0x08C7, 0x00A6, 0x00A6, 0x00A6, 0x00A6, 0x00A6, 0x00A6, 0x00A6, 0x00A6, 0x00A6, 0x00A6, 0x00A6,
  0x00A6, 0x00A6, 0x00A6, 0x00A6, 0x00A6, 0x00A6, 0x00A6, 0x00A6, 0x00A6, 0x00A6, 0x00A6, 0x00A6, 0x00A6, 0x00A6, 0x00A6, 0x00A6,
  0x00A6, 0x00A6, 0x00A6, 0x00A6, 0x00A6, 0x00A6, 0x00A6, 0x00A6, 0x00A6, 0x00A6, 0x00C7, 0x00A6, 0x00A6, 0x00A6, 0x00A6, 0x00A6,
  0x00C6, 0x00C6, 0x00A6, 0x00A6, 0x00A6, 0x00A6, 0x08E7, 0x08C7, 0x00C6, 0x00A6, 0x1108, 0x1128, 0x00A6, 0x00C7, 0x00C7, 0x00C7,
  0x00C7, 0x00C7, 0x00E7, 0x00C7, 0x00C7, 0x00C7, 0x00C7, 0x00C7, 0x00C7, 0x00C7, 0x00C7, 0x00C7, 0x00C7, 0x00C7, 0x00C7, 0x00C7,
  0x00C7, 0x00C7, 0x00C7, 0x00C7, 0x00C7, 0x00C7, 0x00C7, 0x00C7, 0x00C7, 0x00C7, 0x00C7, 0x00C7, 0x00C7, 0x00C7, 0x00C7, 0x00E7,
  0x00C7, 0x00E7, 0x00C7, 0x00E7, 0x00E7, 0x00E7, 0x00E7, 0x00E7, 0x00E7, 0x00E7, 0x00E7, 0x00E7, 0x00E7, 0x00E7, 0x00E7, 0x00E7,
  0x00E7, 0x00E7, 0x00E7, 0x00E7, 0x00E8, 0x00E7, 0x0107, 0x00E7, 0x00E7, 0x00E7, 0x0908, 0x1149, 0x00E7, 0x00E8, 0x08E8, 0x08E8,
  0x00E7, 0x00E8, 0x00E8, 0x0908, 0x0908, 0x0908, 0x0908, 0x0908, 0x116A, 0x00E8, 0x08E8, 0x0908, 0x08E8, 0x08E7, 0x00E7, 0x08E8,
  0x08E8, 0x08E8, 0x08E8, 0x00E8, 0x08E8, 0x0908, 0x0908, 0x0908, 0x0908, 0x0908, 0x0908, 0x00E8, 0x0908, 0x1149, 0x00E8, 0x08E8,
  0x00E8, 0x08E8, 0x08E8, 0x08E8, 0x0908, 0x0908, 0x0107, 0x0908, 0x0908, 0x0908, 0x0908, 0x0908, 0x0908, 0x0908, 0x08E8, 0x0908,
  0x0908, 0x0908, 0x0908, 0x00E7, 0x00E7, 0x00E8, 0x0108, 0x0907, 0x0908, 0x0907, 0x00E7, 0x0928, 0x00E7, 0x00E7, 0x00E7, 0x00E7,
  0x00E7, 0x00E7, 0x00E7, 0x08E7, 0x00E7, 0x00E7, 0x00E7, 0x00E7, 0x00E7, 0x00E7, 0x00E7, 0x00E7, 0x00E7, 0x00E7, 0x00E7, 0x00E7,
  0x0085, 0x0085, 0x0085, 0x0085, 0x0085, 0x0086, 0x0086, 0x0085, 0x00A6, 0x00A6, 0x0085, 0x0085, 0x0085, 0x0085, 0x0085, 0x0085,
  0x0085, 0x0085, 0x0085, 0x0085, 0x0085, 0x0085, 0x0085, 0x0085, 0x0086, 0x00A6, 0x0085, 0x08E7, 0x1108, 0x0086, 0x00A6, 0x00A6,
  0x00A6, 0x00A6, 0x00A6, 0x00A6, 0x00A6, 0x00A6, 0x00A6, 0x00A6, 0x00A6, 0x00A6, 0x00A6, 0x00A6, 0x00A6, 0x00A6, 0x00A6, 0x00A6,
  0x00A6, 0x00A6, 0x00A6, 0x00A6, 0x00A6, 0x00A6, 0x00A6, 0x00A6, 0x00A6, 0x00A6, 0x00A6, 0x00A6, 0x00A6, 0x00A6, 0x00A6, 0x00A6,
  0x00A6, 0x00A6, 0x00A6, 0x00A6, 0x00A6, 0x00A6, 0x00A6, 0x00A6, 0x00A6, 0x00C6, 0x00A6, 0x00A6, 0x00C7, 0x00C7, 0x00A6, 0x00A6,
  0x00A6, 0x00C6, 0x00A6, 0x00C7, 0x00C6, 0x00C6, 0x00A6, 0x00C7, 0x00C7, 0x00C7, 0x00A6, 0x00A6, 0x00C7, 0x00C7, 0x00C7, 0x00C7,
  0x00C7, 0x00C7, 0x00E7, 0x00C7, 0x00C7, 0x00C7, 0x00C7, 0x00C7, 0x00C7, 0x00C7, 0x00C7, 0x00C7, 0x00C7, 0x00C7, 0x00C7, 0x00C7,
  0x00C7, 0x00C7, 0x00C7, 0x00C7, 0x00C7, 0x00C7, 0x00C7, 0x00C7, 0x00C7, 0x00E7, 0x1128, 0x00C7, 0x00C7, 0x00E7, 0x00E7, 0x00E7,
  0x00E7, 0x00E7, 0x0908, 0x00E7, 0x00E7, 0x00E7, 0x00E7, 0x00E7, 0x00E7, 0x08E7, 0x00E7, 0x00E7, 0x00E7, 0x00E7, 0x00E7, 0x00E7,
  0x00E7, 0x00E7, 0x00E7, 0x00E7, 0x00E7, 0x00E7, 0x00E7, 0x00E7, 0x00E8, 0x00E7, 0x0908, 0x198A, 0x00E8, 0x00E8, 0x0929, 0x0908,
  0x0107, 0x08E8, 0x0108, 0x0108, 0x0908, 0x0908, 0x0908, 0x0908, 0x00E8, 0x0908, 0x0908, 0x1149, 0x0908, 0x0908, 0x0908, 0x0908,
  0x0908, 0x08E8, 0x0908, 0x0908, 0x0908, 0x0908, 0x0908, 0x0908, 0x0908, 0x0908, 0x0908, 0x0908, 0x0908, 0x08E8, 0x0908, 0x0908,
  0x0908, 0x0908, 0x0908, 0x0908, 0x0908, 0x0908, 0x0908, 0x0908, 0x0908, 0x0908, 0x0908, 0x0908, 0x0908, 0x0908, 0x0908, 0x0908,
  0x00E7, 0x0928, 0x1149, 0x00E7, 0x0908, 0x0108, 0x0908, 0x0908, 0x08E7, 0x00E7, 0x0908, 0x00E7, 0x0107, 0x0107, 0x00E7, 0x00E7,
  0x00E7, 0x00E7, 0x00E7, 0x08E7, 0x08E7, 0x00E7, 0x00E7, 0x00E7, 0x00E7, 0x00E7, 0x00E7, 0x00E7, 0x00E7, 0x00E7, 0x00E7, 0x00E7,
  0x0085, 0x0085, 0x0086, 0x0086, 0x0085, 0x0086, 0x0086, 0x0085, 0x0085, 0x0085, 0x0085, 0x0085, 0x0085, 0x0085, 0x0085, 0x0085,
  0x0085, 0x0086, 0x0085, 0x0086, 0x0086, 0x0086, 0x0086, 0x0085, 0x0086, 0x0086, 0x0086, 0x00A6, 0x08C7, 0x0086, 0x00A6, 0x00A6,
  0x00A6, 0x00A6, 0x00A6, 0x00A6, 0x00A6, 0x00A6, 0x00A6, 0x00A6, 0x00A6, 0x00A6, 0x00A6, 0x00A6, 0x00A6, 0x00A6, 0x00A6, 0x00A6,
  0x00A6, 0x00A6, 0x00A6, 0x00A6, 0x00C6, 0x00A6, 0x00A6, 0x00A6, 0x00A6, 0x00A6, 0x00A6, 0x00A6, 0x00A6, 0x00A6, 0x00C6, 0x00A6,
  0x00A6, 0x08C7, 0x00C7, 0x00A6, 0x00A6, 0x00A6, 0x00C7, 0x00A6, 0x00A6, 0x00C6, 0x00C7, 0x00C6, 0x00A6, 0x00C7, 0x00C7, 0x00C7,
  0x00C7, 0x00C6, 0x00C6, 0x00C7, 0x00C6, 0x00C7, 0x00C7, 0x00C7, 0x08E7, 0x0908, 0x00C7, 0x00C7, 0x00C7, 0x00C7, 0x00C7, 0x00C7,
  0x00C7, 0x00C7, 0x00C7, 0x00C7, 0x00C7, 0x00C7, 0x00C7, 0x00C7, 0x00C7, 0x00E7, 0x00C7, 0x00C7, 0x00C7, 0x00C7, 0x00C7, 0x08E7,
  0x00E7, 0x00C7, 0x00C7, 0x00C7, 0x00E7, 0x00E7, 0x00C7, 0x00C7, 0x00C7, 0x00E7, 0x0908, 0x00C7, 0x00E7, 0x00E7, 0x00E7, 0x00C7,
  0x08E7, 0x00E7, 0x0908, 0x00E7, 0x00E7, 0x00E7, 0x00E7, 0x00E7, 0x00E7, 0x00E7, 0x00E7, 0x00E7, 0x00E7, 0x00E7, 0x00E7, 0x00E7,
  0x00E7, 0x00E7, 0x00E7, 0x00E7, 0x00E7, 0x00E7, 0x00E7, 0x08E8, 0x00E8, 0x00E8, 0x00E8, 0x00E7, 0x08E8, 0x08E8, 0x08E8, 0x0908,
  0x0908, 0x0908, 0x0908, 0x0908, 0x0908, 0x0908, 0x0908, 0x0908, 0x0908, 0x0908, 0x0908, 0x00E8, 0x0908, 0x0908, 0x0908, 0x0908,
  0x0908, 0x0908, 0x0908, 0x0908, 0x0908, 0x0928, 0x0908, 0x0908, 0x0908, 0x0908, 0x0908, 0x0908, 0x0908, 0x0908, 0x0908, 0x0908,
  0x0908, 0x0908, 0x0908, 0x0908, 0x0908, 0x0908, 0x0908, 0x0908, 0x0908, 0x0908, 0x0908, 0x0908, 0x0908, 0x0908, 0x0908, 0x0908,
  0x0908, 0x0907, 0x00E7, 0x0908, 0x0908, 0x0908, 0x0908, 0x0108, 0x0908, 0x1149, 0x00E7, 0x0908, 0x0107, 0x0107, 0x0908, 0x0928,
  0x00E7, 0x00E7, 0x00E7, 0x08E7, 0x08E7, 0x00E7, 0x00E7, 0x00E7, 0x0107, 0x0107, 0x00E7, 0x00E7, 0x00E7, 0x00E7, 0x00E7, 0x0107,
  0x0085, 0x0085, 0x0085, 0x0086, 0x0085, 0x0086, 0x0086, 0x0085, 0x0086, 0x0086, 0x0085, 0x0085, 0x0086, 0x0086, 0x0085, 0x0085,
  0x0085, 0x0086, 0x00A6, 0x0085, 0x08E7, 0x08C6, 0x0085, 0x00A6, 0x00A6, 0x0086, 0x00A6, 0x0086, 0x00A6, 0x00A6, 0x00A6, 0x00A6,
  0x0086, 0x00A6, 0x00A6, 0x00A6, 0x00A6, 0x00A6, 0x00A6, 0x00A6, 0x00A6, 0x00A6, 0x00A6, 0x00A6, 0x00A6, 0x00A6, 0x00A6, 0x00A6,
  0x00A6, 0x08C7, 0x00A6, 0x00A6, 0x00A6, 0x00A6, 0x00A6, 0x00C7, 0x00C6, 0x00A6, 0x00A6, 0x00A6, 0x00A6, 0x00A6, 0x00A6, 0x00A6,
  0x00A6, 0x08E7, 0x08E7, 0x00A6, 0x00A7, 0x00A6, 0x00A6, 0x00A6, 0x00A6, 0x00C7, 0x00A6, 0x08E7, 0x1128, 0x00A6, 0x00C7, 0x00C7,
  0x00C7, 0x00A6, 0x00C7, 0x00C7, 0x00C7, 0x00C7, 0x00C7, 0x00C7, 0x00E7, 0x08E7, 0x00C7, 0x00C7, 0x00C7, 0x00C7, 0x00C7, 0x00C7,
  0x00C7, 0x00C7, 0x00C7, 0x00E7, 0x00E7, 0x00C7, 0x00C7, 0x00C7, 0x00C7, 0x00C7, 0x00C7, 0x00C7, 0x08E8, 0x0908, 0x00C7, 0x1149,
  0x0908, 0x00C7, 0x00E7, 0x00C7, 0x00C7, 0x00C7, 0x00E7, 0x00C7, 0x00C7, 0x00C7, 0x00C7, 0x00E7, 0x00C7, 0x00E7, 0x00E7, 0x00E7,
  0x00E7, 0x00E7, 0x00E7, 0x00E7, 0x00E7, 0x00E7, 0x00E7, 0x00E7, 0x08E7, 0x00E7, 0x00E7, 0x00E7, 0x00E7, 0x00E7, 0x08E8, 0x00E7,
  0x00E8, 0x00E7, 0x00E7, 0x00E8, 0x00E8, 0x00E7, 0x00E8, 0x0908, 0x08E8, 0x00E8, 0x0908, 0x0908, 0x0908, 0x0908, 0x0908, 0x0908,
  0x0908, 0x0908, 0x0908, 0x0908, 0x0908, 0x0908, 0x0908, 0x0908, 0x0908, 0x0908, 0x0908, 0x0908, 0x0908, 0x0908, 0x0908, 0x0908,
  0x0908, 0x0908, 0x0908, 0x0908, 0x0908, 0x0908, 0x0908, 0x0908, 0x0908, 0x0908, 0x0908, 0x0908, 0x0908, 0x0908, 0x0908, 0x0908,
  0x0908, 0x0908, 0x0908, 0x0908, 0x0908, 0x0908, 0x0908, 0x0908, 0x0908, 0x0908, 0x0908, 0x0908, 0x0908, 0x0908, 0x0908, 0x0908,
  0x0908, 0x0908, 0x0908, 0x0908, 0x0908, 0x0908, 0x0908, 0x0908, 0x0908, 0x0908, 0x08E8, 0x0908, 0x08E8, 0x0108, 0x0908, 0x0908,
  0x00E7, 0x00E8, 0x00E7, 0x08E7, 0x08E8, 0x00E8, 0x00E7, 0x00E7, 0x0107, 0x00E7, 0x00E7, 0x00E7, 0x00E7, 0x00E7, 0x00E7, 0x00E7,
  0x0085, 0x0085, 0x0086, 0x0085, 0x0086, 0x0086, 0x0086, 0x0086, 0x0086, 0x0085, 0x00A6, 0x0085, 0x0086, 0x0086, 0x0086, 0x0085,
  0x0086, 0x0086, 0x0086, 0x0086, 0x0086, 0x00A6, 0x0086, 0x00A6, 0x00A6, 0x00A6, 0x00A6, 0x00A6, 0x00A6, 0x00A6, 0x00A6, 0x00C6,
  0x08E7, 0x0086, 0x00A6, 0x00A6, 0x00A6, 0x00A6, 0x00A6, 0x00A6, 0x00A6, 0x00A6, 0x00A6, 0x08C7, 0x00A6, 0x00A6, 0x00A6, 0x00A6,
  0x00A6, 0x00A6, 0x00A6, 0x00A6, 0x00A6, 0x00A6, 0x00A6, 0x00C6, 0x00A6, 0x00A6, 0x00C6, 0x00A6, 0x00C6, 0x00A6, 0x00A6, 0x00A6,
  0x00C6, 0x00A6, 0x00A6, 0x00C7, 0x00A6, 0x00A6, 0x00C7, 0x00C7, 0x00C7, 0x00C7, 0x00C7, 0x00C7, 0x08E7, 0x00A7, 0x00C7, 0x00C7,
  0x00C7, 0x08E7, 0x00C7, 0x00C7, 0x00C7, 0x00C7, 0x00C7, 0x00C7, 0x00C7, 0x00C7, 0x00C7, 0x00C7, 0x00C7, 0x00C7, 0x00C7, 0x00C7,
  0x00C7, 0x00C7, 0x00C7, 0x00C7, 0x00C7, 0x00C7, 0x00E7, 0x00C7, 0x00C7, 0x00C7, 0x00C7, 0x00C7, 0x08E7, 0x0908, 0x00C7, 0x00C7,
  0x00C7, 0x00E7, 0x00C7, 0x0908, 0x0908, 0x00C7, 0x00E7, 0x00C7, 0x00E7, 0x00E7, 0x00E7, 0x00E7, 0x00C7, 0x00E7, 0x00E7, 0x00E7,
  0x00E7, 0x00E7, 0x08E8, 0x00E7, 0x00E7, 0x00E7, 0x00E7, 0x00E7, 0x0908, 0x00E7, 0x00E7, 0x00E8, 0x00E8, 0x00E8, 0x00E8, 0x00E8,
  0x00E8, 0x00E7, 0x0908, 0x0108, 0x00E8, 0x00E8, 0x0929, 0x0908, 0x0908, 0x0908, 0x0908, 0x0908, 0x0908, 0x0908, 0x0908, 0x0908,
  0x0908, 0x0908, 0x0908, 0x0908, 0x0908, 0x0908, 0x0908, 0x0908, 0x0908, 0x0908, 0x0908, 0x0908, 0x0908, 0x0908, 0x0908, 0x0908,
  0x0928, 0x0928, 0x0928, 0x0908, 0x0908, 0x0908, 0x0908, 0x0908, 0x0908, 0x0908, 0x0908, 0x0908, 0x0908, 0x0908, 0x0908, 0x0908,
  0x0908, 0x0908, 0x0908, 0x0908, 0x0908, 0x0908, 0x0908, 0x0929, 0x0929, 0x0908, 0x0908, 0x0908, 0x0908, 0x0908, 0x0908, 0x0908,
  0x0908, 0x0908, 0x0908, 0x0908, 0x0908, 0x0908, 0x0908, 0x0908, 0x0908, 0x0908, 0x0908, 0x0108, 0x0908, 0x0908, 0x0908, 0x00E8,
  0x0908, 0x0908, 0x0107, 0x0107, 0x0107, 0x0908, 0x00E7, 0x0107, 0x00E7, 0x00E8, 0x0107, 0x00E7, 0x0107, 0x0107, 0x0107, 0x0107,
  0x0085, 0x0086, 0x0086, 0x0086, 0x0086, 0x0086, 0x0086, 0x0086, 0x00A6, 0x0085, 0x0085, 0x0085, 0x0086, 0x0086, 0x0086, 0x0086,
  0x0086, 0x00A6, 0x0086, 0x0086, 0x00A6, 0x00A6, 0x00A6, 0x00A6, 0x0086, 0x08E7, 0x00C6, 0x00A6, 0x00A6, 0x00A6, 0x00A6, 0x00A6,
  0x00C7, 0x0086, 0x00A6, 0x00A6, 0x00A6, 0x00A6, 0x00A6, 0x00A6, 0x00A6, 0x00A6, 0x00A6, 0x08E7, 0x00A6, 0x00A6, 0x00A6, 0x00A6,
  0x00A6, 0x00A6, 0x00A6, 0x00A6, 0x00A6, 0x00A6, 0x00A6, 0x00A6, 0x00A6, 0x00A6, 0x00C6, 0x00A6, 0x00A6, 0x00A6, 0x00A6, 0x00A6,
  0x00A6, 0x00A6, 0x00A6, 0x00A6, 0x00A6, 0x00C6, 0x00C6, 0x00C7, 0x00C7, 0x00C7, 0x00C7, 0x00C7, 0x00C7, 0x00C7, 0x00C7, 0x00C7,
  0x00C7, 0x08E7, 0x00C7, 0x00C7, 0x00C7, 0x00C7, 0x00C7, 0x00C7, 0x0908, 0x00E7, 0x00C7, 0x00C7, 0x00C7, 0x00E7, 0x00E7, 0x00C7,
  0x00C7, 0x00C7, 0x00C7, 0x00E7, 0x00C7, 0x00C7, 0x00C7, 0x00E7, 0x00C7, 0x0908, 0x00E7, 0x00E7, 0x00E7, 0x00C7, 0x00E7, 0x00E7,
  0x00E7, 0x00E7, 0x00E7, 0x00E7, 0x00E7, 0x00E7, 0x00E7, 0x00E7, 0x00E7, 0x0908, 0x00E7, 0x0928, 0x0928, 0x00E7, 0x00E7, 0x00E7,
  0x00E7, 0x00E7, 0x0908, 0x0908, 0x0908, 0x00E7, 0x00E7, 0x08E7, 0x00E7, 0x00E7, 0x00E7, 0x00E7, 0x00E7, 0x0108, 0x0108, 0x0908,
  0x0908, 0x0108, 0x0908, 0x00E8, 0x0908, 0x00E8, 0x116A, 0x0908, 0x0908, 0x0908, 0x0908, 0x0908, 0x0908, 0x0908, 0x0908, 0x0908,
  0x0908, 0x0908, 0x0908, 0x0908, 0x0908, 0x0928, 0x0908, 0x0908, 0x0929, 0x0928, 0x0908, 0x116A, 0x0929, 0x0929, 0x0928, 0x0928,
  0x0908, 0x0928, 0x0928, 0x0928, 0x0908, 0x0908, 0x0928, 0x0908, 0x0928, 0x0928, 0x0908, 0x0908, 0x0908, 0x0908, 0x0908, 0x0908,
  0x0928, 0x0928, 0x0908, 0x0908, 0x0908, 0x0928, 0x0928, 0x0928, 0x0908, 0x0908, 0x0908, 0x0908, 0x0908, 0x0908, 0x0908, 0x0908,
  0x0908, 0x0908, 0x0908, 0x0908, 0x0908, 0x0908, 0x0908, 0x0908, 0x0908, 0x0908, 0x0908, 0x0908, 0x0908, 0x0908, 0x0908, 0x0908,
  0x0908, 0x0908, 0x0108, 0x0908, 0x0908, 0x0107, 0x0108, 0x0108, 0x00E8, 0x0108, 0x00E8, 0x0108, 0x0907, 0x0108, 0x0107, 0x0107,
  0x0085, 0x0085, 0x0085, 0x0086, 0x0086, 0x0086, 0x0086, 0x0086, 0x0086, 0x0086, 0x0086, 0x0086, 0x0086, 0x0085, 0x0086, 0x0086,
  0x0086, 0x00A6, 0x0086, 0x00A6, 0x00A6, 0x00A6, 0x00A6, 0x00A6, 0x00A6, 0x00C6, 0x00C6, 0x00A6, 0x00A6, 0x00A6, 0x00A6, 0x00A6,
  0x0086, 0x0908, 0x08C7, 0x00A6, 0x00A6, 0x00A6, 0x00A6, 0x00A6, 0x00A6, 0x00A6, 0x00A6, 0x00A6, 0x00A6, 0x00A6, 0x00A6, 0x00A6,
  0x00A6, 0x00A6, 0x00A6, 0x00A6, 0x00A6, 0x00A6, 0x00A6, 0x00A6, 0x00A6, 0x00C6, 0x00C6, 0x00A6, 0x00C6, 0x00A6, 0x00C6, 0x00A6,
  0x00A6, 0x00A6, 0x00A6, 0x00C6, 0x00A6, 0x00C7, 0x00C7, 0x00C6, 0x00C7, 0x00C7, 0x00C7, 0x00C7, 0x00C7, 0x00C7, 0x00C7, 0x00C7,
  0x00C7, 0x00C7, 0x00C7, 0x00C7, 0x00C7, 0x00C7, 0x00C7, 0x00C7, 0x00E7, 0x00C7, 0x00C7, 0x00C7, 0x00E7, 0x00E7, 0x00C7, 0x00C7,
  0x00C7, 0x00C7, 0x00E7, 0x00C7, 0x0908, 0x0928, 0x00C7, 0x00E7, 0x00C7, 0x00E7, 0x00C7, 0x00C7, 0x00E7, 0x00E7, 0x00E7, 0x00E7,
  0x00E7, 0x00E7, 0x00E7, 0x00E7, 0x00E7, 0x00E7, 0x00E7, 0x00E7, 0x00E7, 0x0907, 0x00E7, 0x0908, 0x0908, 0x00E7, 0x00E7, 0x00E7,
  0x00E7, 0x00E7, 0x00E7, 0x08E7, 0x00E7, 0x0908, 0x0908, 0x00E7, 0x00E7, 0x08E8, 0x00E8, 0x00E8, 0x08E7, 0x0908, 0x0908, 0x0908,
  0x0908, 0x0908, 0x0108, 0x0908, 0x0908, 0x0908, 0x0108, 0x0908, 0x0908, 0x0908, 0x0908, 0x0908, 0x0908, 0x0908, 0x0928, 0x0908,
  0x0928, 0x0928, 0x0928, 0x1149, 0x116A, 0x0908, 0x0929, 0x0929, 0x0929, 0x0929, 0x0928, 0x1149, 0x0929, 0x0929, 0x0929, 0x0929,
  0x1149, 0x0929, 0x0929, 0x0929, 0x0929, 0x0929, 0x0929, 0x1149, 0x0929, 0x0929, 0x0929, 0x0928, 0x0928, 0x0928, 0x0928, 0x0928,
  0x0928, 0x0928, 0x0928, 0x0928, 0x0929, 0x0928, 0x0928, 0x0928, 0x0908, 0x0908, 0x0908, 0x0908, 0x0908, 0x0908, 0x0908, 0x0908,
  0x0908, 0x0908, 0x0908, 0x0908, 0x0908, 0x0908, 0x0928, 0x0908, 0x0908, 0x0908, 0x0908, 0x0908, 0x0908, 0x0908, 0x0908, 0x0908,
  0x0908, 0x0908, 0x0908, 0x0908, 0x0907, 0x0908, 0x0107, 0x0108, 0x0908, 0x0108, 0x0908, 0x0108, 0x0108, 0x0108, 0x0108, 0x0108,
  0x0086, 0x0085, 0x0086, 0x0086, 0x0086, 0x0086, 0x0086, 0x0086, 0x0086, 0x0086, 0x0086, 0x0086, 0x00A6, 0x00A6, 0x0086, 0x00A6,
  0x0086, 0x00A6, 0x00A6, 0x00A6, 0x0086, 0x00A6, 0x00A6, 0x00A6, 0x00A6, 0x00A6, 0x00A6, 0x00A6, 0x00A6, 0x00A6, 0x00A6, 0x00A6,
  0x00A6, 0x08E7, 0x08C7, 0x00A6, 0x00A6, 0x00A6, 0x00A6, 0x00A6, 0x00A6, 0x00A6, 0x00A6, 0x00A6, 0x00A6, 0x00A6, 0x00A6, 0x00A6,
  0x00A6, 0x00A6, 0x00A6, 0x00A6, 0x00A6, 0x08E7, 0x00A6, 0x00A6, 0x00C7, 0x00A6, 0x00C6, 0x00C7, 0x00A6, 0x00A6, 0x00A7, 0x00C6,
  0x00A6, 0x00C7, 0x00C7, 0x00C6, 0x00C7, 0x00C7, 0x00C6, 0x00C7, 0x00C7, 0x00C7, 0x00C7, 0x00C7, 0x00C7, 0x00C7, 0x00C7, 0x00C7,
  0x00C7, 0x00C7, 0x00C7, 0x00C7, 0x00C7, 0x00C7, 0x00C7, 0x00C7, 0x00E7, 0x00C7, 0x00C7, 0x00C7, 0x00C7, 0x08E7, 0x00C7, 0x00C7,
  0x00C7, 0x00C7, 0x00E7, 0x00C7, 0x00E7, 0x00E7, 0x00C7, 0x00C7, 0x00E7, 0x00E7, 0x08E7, 0x1149, 0x00E7, 0x00E7, 0x00E7, 0x00E7,
  0x00E7, 0x00E7, 0x00E7, 0x00E7, 0x00E7, 0x00E7, 0x00E7, 0x00E7, 0x00E7, 0x1149, 0x0908, 0x00E7, 0x00E7, 0x00E7, 0x0107, 0x00E7,
  0x00E7, 0x00E7, 0x00E7, 0x08E7, 0x08E7, 0x00E7, 0x00E7, 0x0108, 0x0908, 0x0907, 0x0908, 0x0908, 0x0908, 0x00E7, 0x0929, 0x0929,
  0x0108, 0x0928, 0x1149, 0x0908, 0x0908, 0x0908, 0x0908, 0x0908, 0x0908, 0x0908, 0x0928, 0x0929, 0x0908, 0x0908, 0x0928, 0x0928,
  0x0929, 0x0928, 0x0928, 0x0929, 0x0949, 0x0929, 0x0929, 0x0929, 0x0929, 0x0929, 0x0929, 0x0929, 0x0929, 0x0929, 0x0929, 0x0929,
  0x198A, 0x0929, 0x0929, 0x0929, 0x0929, 0x0929, 0x0929, 0x1149, 0x0929, 0x0929, 0x1149, 0x0929, 0x0929, 0x0929, 0x0929, 0x0928,
  0x0928, 0x0928, 0x0928, 0x0928, 0x0929, 0x0929, 0x0928, 0x0928, 0x0928, 0x0928, 0x0928, 0x0928, 0x0928, 0x0908, 0x0928, 0x0928,
  0x0928, 0x0928, 0x0908, 0x0928, 0x0928, 0x0928, 0x0928, 0x0908, 0x0908, 0x0928, 0x0928, 0x0908, 0x0908, 0x0908, 0x0908, 0x0908,
  0x0108, 0x0908, 0x0928, 0x0108, 0x1189, 0x0928, 0x0908, 0x0108, 0x0108, 0x0908, 0x0908, 0x0908, 0x0908, 0x0908, 0x0908, 0x0908,
  0x0085, 0x0086, 0x0086, 0x0086, 0x0086, 0x0086, 0x0086, 0x0086, 0x00A6, 0x0086, 0x0086, 0x0086, 0x00A6, 0x00A6, 0x0086, 0x0086,
  0x0086, 0x0086, 0x00A6, 0x00A6, 0x00C6, 0x00A6, 0x00A6, 0x00A6, 0x00A6, 0x00A6, 0x00A6, 0x00A6, 0x00A6, 0x00A6, 0x00A6, 0x00A6,
  0x00A6, 0x00A6, 0x00A6, 0x00A6, 0x00A6, 0x00A6, 0x00A6, 0x00A6, 0x00A6, 0x00A6, 0x00A6, 0x00A6, 0x00A6, 0x00A6, 0x00A6, 0x00A6,
  0x00A6, 0x00A6, 0x00A6, 0x00A6, 0x00A6, 0x08C7, 0x00A6, 0x00C6, 0x00C7, 0x00C6, 0x00C7, 0x00C7, 0x00C6, 0x00C7, 0x00C7, 0x00C7,
  0x00A6, 0x00C7, 0x08C7, 0x00C6, 0x00C7, 0x00C7, 0x00C7, 0x00C7, 0x00C7, 0x00C7, 0x00C7, 0x00C7, 0x00C7, 0x00C7, 0x00C7, 0x00C7,
  0x00C7, 0x00C7, 0x00E7, 0x00C7, 0x00C7, 0x00C7, 0x00C7, 0x00E7, 0x0908, 0x00C7, 0x00C7, 0x00C7, 0x00C7, 0x00C7, 0x00C7, 0x00E7,
  0x00E7, 0x00C7, 0x00C7, 0x00C7, 0x00E7, 0x00C7, 0x0908, 0x1149, 0x00C7, 0x00E7, 0x00E7, 0x0908, 0x00E7, 0x00E7, 0x00E7, 0x00E7,
  0x00E7, 0x00E7, 0x00E7, 0x00E7, 0x00E7, 0x00E7, 0x00E7, 0x00E7, 0x00E7, 0x0928, 0x00E7, 0x00E7, 0x00E7, 0x00E7, 0x0107, 0x0107,
  0x00E7, 0x00E7, 0x00E7, 0x08E7, 0x08E8, 0x00E8, 0x0908, 0x0908, 0x00E8, 0x0908, 0x0908, 0x0908, 0x0908, 0x0907, 0x0908, 0x0908,
  0x0908, 0x0908, 0x0928, 0x0908, 0x0908, 0x0908, 0x0908, 0x0908, 0x0908, 0x0928, 0x0908, 0x0929, 0x0928, 0x0928, 0x0929, 0x0929,
  0x0929, 0x0929, 0x0928, 0x0929, 0x0929, 0x0929, 0x0929, 0x0929, 0x0929, 0x0929, 0x0929, 0x0929, 0x0929, 0x0929, 0x0929, 0x0929,
  0x0929, 0x0929, 0x0929, 0x0929, 0x0929, 0x0929, 0x0929, 0x0929, 0x0929, 0x0929, 0x0929, 0x0929, 0x0929, 0x0929, 0x0929, 0x0929,
  0x0929, 0x0929, 0x0928, 0x0929, 0x0929, 0x0929, 0x0929, 0x0929, 0x0928, 0x0929, 0x0928, 0x0928, 0x0928, 0x0949, 0x0929, 0x0928,
  0x0928, 0x0928, 0x0928, 0x0928, 0x0928, 0x0928, 0x0928, 0x0928, 0x0928, 0x0928, 0x0908, 0x0908, 0x0928, 0x0928, 0x0908, 0x0908,
  0x0928, 0x0908, 0x0908, 0x0908, 0x0928, 0x0908, 0x0908, 0x0908, 0x0108, 0x0908, 0x0908, 0x0908, 0x0908, 0x0908, 0x0908, 0x0908,
  0x08C7, 0x0086, 0x0086, 0x0086, 0x0086, 0x0086, 0x0086, 0x00A6, 0x00A6, 0x00A6, 0x0086, 0x00A6, 0x0086, 0x0086, 0x00A6, 0x00A6,
  0x0086, 0x0086, 0x00A6, 0x00A6, 0x00A6, 0x00A6, 0x00A6, 0x00A6, 0x00A6, 0x00A6, 0x00A6, 0x00A6, 0x00A6, 0x00A6, 0x00A6, 0x00A6,
  0x00A6, 0x00A6, 0x00A6, 0x00A6, 0x00A6, 0x00A6, 0x00A6, 0x00A6, 0x00A6, 0x00C7, 0x00C7, 0x00C7, 0x00A7, 0x00A6, 0x08E7, 0x0908,
  0x00A6, 0x00A6, 0x00C7, 0x00A7, 0x00A6, 0x00A6, 0x00C7, 0x00A6, 0x00C6, 0x00C7, 0x00C7, 0x00A6, 0x00C7, 0x00C7, 0x00C7, 0x00C7,
  0x00C7, 0x00C7, 0x00C7, 0x00C7, 0x00C7, 0x00C7, 0x00C7, 0x00C7, 0x00C7, 0x00C7, 0x00C7, 0x00C7, 0x00C7, 0x00C7, 0x00C7, 0x00C7,
  0x00C7, 0x08E7, 0x00C7, 0x00C7, 0x00A6, 0x00C7, 0x00C7, 0x00C7, 0x00C7, 0x00E7, 0x00E7, 0x00E7, 0x00E7, 0x00E7, 0x00E7, 0x00C7,
  0x00E7, 0x00E7, 0x00E7, 0x00C7, 0x00E7, 0x08E8, 0x00E7, 0x08E7, 0x00E7, 0x00E7, 0x00E7, 0x00C7, 0x00E7, 0x00E7, 0x00E7, 0x00E7,
  0x00E7, 0x00E7, 0x00E7, 0x00E7, 0x00E7, 0x00E7, 0x00E7, 0x00E7, 0x00E7, 0x00E7, 0x00E7, 0x00E7, 0x0107, 0x0907, 0x0107, 0x0107,
  0x0908, 0x0908, 0x0107, 0x0908, 0x0908, 0x0107, 0x0928, 0x0928, 0x0908, 0x0908, 0x0908, 0x0908, 0x0908, 0x0908, 0x0908, 0x0908,
  0x0928, 0x0908, 0x0908, 0x0908, 0x0928, 0x0908, 0x0928, 0x0928, 0x0929, 0x0928, 0x0929, 0x0929, 0x0929, 0x0929, 0x0949, 0x0929,
  0x0929, 0x0929, 0x0929, 0x0949, 0x0929, 0x0929, 0x0949, 0x0949, 0x0929, 0x1149, 0x0929, 0x0929, 0x0929, 0x0949, 0x1149, 0x0949,
  0x0929, 0x0949, 0x0949, 0x0929, 0x0929, 0x0929, 0x0929, 0x0929, 0x0949, 0x0929, 0x116A, 0x1149, 0x0929, 0x0929, 0x0949, 0x0949,
  0x0949, 0x0929, 0x0929, 0x0929, 0x0929, 0x0929, 0x0929, 0x0929, 0x0929, 0x0929, 0x0929, 0x0929, 0x0929, 0x0929, 0x0929, 0x0928,
  0x0928, 0x0928, 0x0928, 0x0929, 0x0949, 0x0929, 0x0928, 0x0928, 0x0928, 0x0928, 0x0928, 0x0928, 0x0928, 0x0928, 0x0928, 0x0908,
  0x0928, 0x0928, 0x0928, 0x0928, 0x0908, 0x0928, 0x0928, 0x0908, 0x0908, 0x0108, 0x0908, 0x0908, 0x0908, 0x0908, 0x0908, 0x0908,
  0x08C7, 0x0085, 0x00A6, 0x0086, 0x0086, 0x00A6, 0x0086, 0x0086, 0x00A6, 0x00A6, 0x00A6, 0x00A6, 0x00A6, 0x00A6, 0x00A6, 0x00A6,
  0x00A6, 0x00A6, 0x00A6, 0x00A6, 0x00A6, 0x0086, 0x1948, 0x08E7, 0x00A6, 0x00A6, 0x00A6, 0x00A6, 0x00A6, 0x00A6, 0x00A6, 0x00A6,
  0x00A6, 0x00A6, 0x00A6, 0x00A6, 0x00A6, 0x00A6, 0x00A6, 0x00A6, 0x00A6, 0x1108, 0x08E7, 0x00A6, 0x00A6, 0x00A6, 0x00C7, 0x08E7,
  0x00A6, 0x00C6, 0x00C6, 0x00C6, 0x00A6, 0x00C6, 0x00C6, 0x00C7, 0x00C6, 0x00C6, 0x00C7, 0x00C7, 0x00C7, 0x00C7, 0x00C7, 0x00C7,
  0x00C7, 0x00C7, 0x00C7, 0x00C7, 0x00C7, 0x00C7, 0x00C7, 0x00C7, 0x00C7, 0x08E7, 0x00C7, 0x00C7, 0x00C7, 0x00C7, 0x00C7, 0x00C7,
  0x00C7, 0x00C7, 0x00C7, 0x00E7, 0x1169, 0x00C7, 0x00E7, 0x00E7, 0x00E7, 0x00C7, 0x00C7, 0x00E7, 0x00E7, 0x00E7, 0x00E7, 0x00E7,
  0x00E7, 0x00C7, 0x00E7, 0x00E7, 0x00E7, 0x00E7, 0x00E7, 0x00E7, 0x00E7, 0x00E7, 0x00E7, 0x00E7, 0x00E7, 0x00E7, 0x00E7, 0x00E7,
  0x00E7, 0x0928, 0x0928, 0x00E7, 0x00E7, 0x00E7, 0x00E7, 0x00E7, 0x00E7, 0x0107, 0x00E7, 0x00E8, 0x0928, 0x0908, 0x0108, 0x0107,
  0x0908, 0x0908, 0x0908, 0x0908, 0x0908, 0x0908, 0x0108, 0x0908, 0x0908, 0x0908, 0x0908, 0x0908, 0x0908, 0x0908, 0x0908, 0x0929,
  0x0908, 0x0928, 0x0908, 0x0928, 0x0928, 0x0928, 0x0929, 0x0928, 0x0929, 0x0929, 0x0908, 0x0929, 0x1169, 0x0929, 0x0929, 0x0929,
  0x0929, 0x0929, 0x0949, 0x0949, 0x0949, 0x0949, 0x0949, 0x0949, 0x0949, 0x0949, 0x0949, 0x0949, 0x0949, 0x0949, 0x114A, 0x0949,
  0x0949, 0x0949, 0x0949, 0x0949, 0x0949, 0x0949, 0x0949, 0x0929, 0x0949, 0x0929, 0x0949, 0x0949, 0x0949, 0x118A, 0x0949, 0x1149,
  0x0949, 0x0949, 0x0949, 0x0929, 0x0929, 0x0929, 0x0929, 0x0929, 0x0949, 0x0929, 0x0929, 0x0949, 0x0949, 0x0949, 0x0928, 0x0949,
  0x0928, 0x0928, 0x0929, 0x0928, 0x19CB, 0x116A, 0x0928, 0x0928, 0x0928, 0x0928, 0x0928, 0x0928, 0x0928, 0x0928, 0x0928, 0x0928,
  0x0928, 0x0928, 0x0928, 0x0928, 0x0128, 0x0928, 0x0928, 0x0928, 0x0908, 0x0908, 0x0908, 0x0908, 0x0908, 0x0908, 0x0908, 0x0908,
  0x0085, 0x00A6, 0x0086, 0x0086, 0x0086, 0x0086, 0x00A6, 0x00A6, 0x00A6, 0x00A6, 0x00A6, 0x00A6, 0x00A6, 0x00A6, 0x00A6, 0x00A6,
  0x00A6, 0x00A6, 0x00A6, 0x00A6, 0x00A6, 0x00A6, 0x08C6, 0x00A6, 0x00A6, 0x00A6, 0x00A6, 0x00A6, 0x00A6, 0x00A6, 0x00A6, 0x08E7,
  0x00C7, 0x00A6, 0x00A6, 0x00A6, 0x00A6, 0x00A6, 0x00A6, 0x00A6, 0x00A6, 0x00A6, 0x00A6, 0x00A6, 0x00A6, 0x00A6, 0x00A6, 0x00A6,
  0x00C7, 0x00C7, 0x00C6, 0x00C7, 0x00C7, 0x00C7, 0x00C7, 0x00C6, 0x00C7, 0x00C7, 0x00C7, 0x00C7, 0x00C7, 0x00C7, 0x00C7, 0x00C7,
  0x08E7, 0x08E7, 0x00C7, 0x00C7, 0x00C7, 0x00C7, 0x00C7, 0x00C7, 0x00C7, 0x00E7, 0x00C7, 0x00C7, 0x00C7, 0x00C7, 0x00C7, 0x00E7,
  0x00C7, 0x00E7, 0x00C7, 0x00E7, 0x1128, 0x00C7, 0x00C7, 0x00E7, 0x00E7, 0x00E7, 0x00E7, 0x00E7, 0x00E7, 0x00E7, 0x00E7, 0x00E7,
  0x00E7, 0x00C7, 0x00C7, 0x00E7, 0x00E7, 0x00C7, 0x00E7, 0x00E7, 0x00E7, 0x00E7, 0x08E7, 0x00E7, 0x00E7, 0x00E7, 0x00E7, 0x00E7,
  0x00E7, 0x00E7, 0x00E7, 0x0908, 0x0908, 0x00E7, 0x00E7, 0x0908, 0x0908, 0x0107, 0x0107, 0x0908, 0x0907, 0x0908, 0x0908, 0x0108,
  0x0908, 0x0108, 0x0108, 0x0908, 0x0908, 0x0908, 0x0908, 0x0908, 0x0908, 0x0908, 0x0908, 0x0908, 0x0908, 0x0908, 0x0929, 0x1149,
  0x0928, 0x0928, 0x0928, 0x0928, 0x0929, 0x0929, 0x0949, 0x0949, 0x0928, 0x0949, 0x19CB, 0x0929, 0x0949, 0x0949, 0x0949, 0x1149,
  0x0949, 0x0949, 0x0949, 0x0949, 0x0949, 0x0949, 0x0949, 0x0949, 0x1149, 0x0949, 0x0949, 0x0949, 0x0949, 0x0949, 0x0949, 0x0949,
  0x0949, 0x0949, 0x1149, 0x0949, 0x0949, 0x0949, 0x0949, 0x0949, 0x0949, 0x116A, 0x1149, 0x0949, 0x0949, 0x116A, 0x0949, 0x0949,
  0x0949, 0x0949, 0x0949, 0x0949, 0x0949, 0x0949, 0x114A, 0x0929, 0x0949, 0x0949, 0x0949, 0x0949, 0x0949, 0x0949, 0x0949, 0x0949,
  0x0949, 0x0929, 0x0949, 0x0949, 0x0928, 0x0929, 0x0949, 0x0928, 0x0929, 0x0929, 0x0928, 0x0929, 0x0929, 0x0928, 0x0928, 0x0928,
  0x0928, 0x0928, 0x0928, 0x0928, 0x0928, 0x0928, 0x0928, 0x0928, 0x0928, 0x0908, 0x0908, 0x0908, 0x0908, 0x0908, 0x0908, 0x0908,
  0x00A6, 0x0086, 0x0086, 0x00A6, 0x00A6, 0x00A6, 0x0086, 0x00A6, 0x00A6, 0x00A6, 0x00C7, 0x094A, 0x0908, 0x00A6, 0x00A6, 0x00A6,
  0x00A6, 0x00C7, 0x08C7, 0x00A6, 0x00A6, 0x00A6, 0x00A6, 0x00A6, 0x00A6, 0x00A6, 0x00A6, 0x00A6, 0x00A6, 0x00A6, 0x00A6, 0x00A6,
  0x00A6, 0x00A6, 0x00A6, 0x00A6, 0x00A6, 0x00C6, 0x00C6, 0x00A6, 0x00A6, 0x00A6, 0x00A6, 0x00A6, 0x00A6, 0x00A6, 0x00C6, 0x00A6,
  0x00C7, 0x00C7, 0x00C6, 0x00C6, 0x00C6, 0x00C7, 0x00C7, 0x00C7, 0x00C7, 0x00C7, 0x00C7, 0x00C7, 0x00C7, 0x00C7, 0x00C7, 0x00C7,
  0x00C7, 0x00C7, 0x00C7, 0x00C7, 0x00C7, 0x00C7, 0x00C7, 0x00E7, 0x00C7, 0x00C7, 0x00C7, 0x00C7, 0x00C7, 0x00C7, 0x00C7, 0x00E7,
  0x00C7, 0x00E7, 0x00C7, 0x00E7, 0x00C7, 0x00E7, 0x00E7, 0x00E7, 0x00E7, 0x00E7, 0x08E7, 0x00E7, 0x00E7, 0x00E7, 0x00E7, 0x00E7,
  0x00E7, 0x00E7, 0x00E7, 0x00E7, 0x00E7, 0x00C7, 0x00E7, 0x00E7, 0x00E7, 0x00E7, 0x08E7, 0x00E7, 0x00E7, 0x00E7, 0x08E7, 0x08E7,
  0x00E7, 0x00E7, 0x00E7, 0x08E8, 0x0908, 0x00E7, 0x0908, 0x0908, 0x0908, 0x0908, 0x0908, 0x0908, 0x1149, 0x0108, 0x0908, 0x0908,
  0x0908, 0x0908, 0x0908, 0x0908, 0x0908, 0x0908, 0x0908, 0x0908, 0x0929, 0x0928, 0x0908, 0x0928, 0x0928, 0x0928, 0x0908, 0x0928,
  0x0929, 0x0929, 0x0929, 0x0929, 0x0929, 0x0929, 0x1149, 0x1149, 0x0929, 0x1169, 0x220C, 0x0929, 0x0949, 0x1149, 0x1149, 0x0949,
  0x116A, 0x116A, 0x0949, 0x0949, 0x0949, 0x1149, 0x0949, 0x0949, 0x0949, 0x0949, 0x1149, 0x0949, 0x094A, 0x0949, 0x1149, 0x0949,
  0x0949, 0x1149, 0x094A, 0x094A, 0x094A, 0x094A, 0x094A, 0x1149, 0x0949, 0x19AB, 0x116A, 0x0949, 0x116A, 0x0949, 0x0949, 0x0949,
  0x1149, 0x1149, 0x114A, 0x0949, 0x0949, 0x0949, 0x0949, 0x0949, 0x0949, 0x0949, 0x0949, 0x0949, 0x0949, 0x0949, 0x0949, 0x0949,
  0x0949, 0x0949, 0x0949, 0x0949, 0x0949, 0x0949, 0x0949, 0x0929, 0x0949, 0x0929, 0x0928, 0x0949, 0x0949, 0x0928, 0x0928, 0x0928,
  0x0929, 0x0928, 0x0928, 0x0928, 0x0928, 0x0928, 0x0928, 0x0928, 0x0928, 0x0908, 0x0908, 0x0908, 0x0908, 0x0908, 0x0908, 0x0908,
  0x00A6, 0x1128, 0x0086, 0x0086, 0x00A6, 0x0086, 0x00A6, 0x00A6, 0x00A6, 0x00A6, 0x00C8, 0x53B3, 0x19EC, 0x00A6, 0x00A6, 0x00A6,
  0x00A6, 0x00A6, 0x00A6, 0x00A6, 0x00A6, 0x00A6, 0x00A6, 0x00A6, 0x00A6, 0x00A6, 0x00A6, 0x00A6, 0x00A6, 0x00A6, 0x00A6, 0x00A6,
  0x00A6, 0x00A6, 0x00A6, 0x00A6, 0x00A6, 0x00A6, 0x00A6, 0x00A6, 0x00A6, 0x00A6, 0x00A6, 0x00A6, 0x00A6, 0x00A6, 0x00C6, 0x00C7,
  0x00C7, 0x00C6, 0x00C6, 0x00C6, 0x00C7, 0x00C7, 0x00C6, 0x00C7, 0x00C7, 0x00C7, 0x00C7, 0x00C7, 0x00C7, 0x00C7, 0x00C7, 0x08E7,
  0x00C7, 0x00C7, 0x00C7, 0x00C7, 0x00C7, 0x00C7, 0x00C7, 0x00C7, 0x00C7, 0x00C7, 0x00C7, 0x00C7, 0x00C7, 0x00C7, 0x00C7, 0x00C7,
  0x00C7, 0x00C7, 0x00E7, 0x00E7, 0x00C7, 0x08E7, 0x08E7, 0x00E7, 0x00E7, 0x00C7, 0x00E7, 0x00E7, 0x00E7, 0x00E7, 0x00E7, 0x00E7,
  0x00E7, 0x00E7, 0x00E7, 0x00E7, 0x00E7, 0x00E7, 0x00E7, 0x00E7, 0x00E7, 0x00E7, 0x00E7, 0x00E7, 0x00E7, 0x00E7, 0x08E7, 0x00E7,
  0x00E7, 0x00E7, 0x00E7, 0x00E7, 0x00E7, 0x0908, 0x0908, 0x00E7, 0x0908, 0x0908, 0x00E7, 0x0908, 0x0908, 0x0908, 0x0908, 0x0908,
  0x0908, 0x0908, 0x0908, 0x0908, 0x0908, 0x0908, 0x0928, 0x0908, 0x0949, 0x0949, 0x0928, 0x0929, 0x0928, 0x0928, 0x0928, 0x0928,
  0x0929, 0x0929, 0x0929, 0x0929, 0x0949, 0x0929, 0x0929, 0x0949, 0x1169, 0x0949, 0x0929, 0x0949, 0x0949, 0x0949, 0x0949, 0x0949,
  0x0949, 0x0949, 0x094A, 0x0949, 0x0949, 0x1149, 0x1149, 0x0949, 0x1149, 0x094A, 0x094A, 0x114A, 0x094A, 0x094A, 0x114A, 0x114A,
  0x114A, 0x114A, 0x116A, 0x096A, 0x114A, 0x114A, 0x114A, 0x1149, 0x114A, 0x0949, 0x0949, 0x114A, 0x116A, 0x0949, 0x0949, 0x0949,
  0x0949, 0x114A, 0x114A, 0x094A, 0x094A, 0x0949, 0x0949, 0x0949, 0x0949, 0x0949, 0x0949, 0x094A, 0x0949, 0x0949, 0x0949, 0x0949,
  0x0949, 0x0949, 0x0949, 0x0949, 0x0929, 0x0949, 0x0949, 0x0949, 0x0949, 0x0949, 0x0949, 0x0929, 0x0929, 0x0929, 0x0929, 0x0949,
  0x0949, 0x0928, 0x0928, 0x0928, 0x0928, 0x0928, 0x0928, 0x0928, 0x0928, 0x0928, 0x0128, 0x0908, 0x0908, 0x0908, 0x0908, 0x0908,
  0x00A6, 0x00A6, 0x00A6, 0x00A6, 0x0086, 0x00A6, 0x00A6, 0x0086, 0x00A6, 0x00A6, 0x00C7, 0x0929, 0x08E8, 0x00A7, 0x00A6, 0x00A6,
  0x00A6, 0x00A6, 0x0086, 0x00A6, 0x00A6, 0x00A6, 0x00A6, 0x00A6, 0x00A6, 0x00A6, 0x00A6, 0x00A6, 0x00A6, 0x00A6, 0x00A6, 0x00A6,
  0x00A6, 0x00A6, 0x00A6, 0x00C6, 0x00C6, 0x00A6, 0x00A6, 0x00A6, 0x00C6, 0x00A6, 0x00A6, 0x00A6, 0x00C6, 0x00A6, 0x00C6, 0x00C7,
  0x00C6, 0x00C7, 0x00C6, 0x00C7, 0x08E7, 0x00C7, 0x00C7, 0x00C7, 0x00C7, 0x00C7, 0x00C7, 0x00C7, 0x00C7, 0x00C7, 0x00C7, 0x00C7,
  0x08E7, 0x08E7, 0x00C7, 0x00C7, 0x00C7, 0x00C7, 0x00E7, 0x00C7, 0x00C7, 0x00C7, 0x00C7, 0x00C7, 0x00C7, 0x00E7, 0x00C7, 0x00C7,
  0x00C7, 0x00C7, 0x08E7, 0x00E7, 0x00E7, 0x00E7, 0x00E7, 0x00E7, 0x00E7, 0x00E7, 0x00E7, 0x00E7, 0x0908, 0x0928, 0x08E8, 0x08E7,
  0x00E7, 0x00E7, 0x00E7, 0x00E7, 0x00E7, 0x00E7, 0x00E7, 0x00E7, 0x00E7, 0x00E7, 0x00E7, 0x00E7, 0x00E7, 0x00E7, 0x00E7, 0x00E7,
  0x00E7, 0x00E7, 0x0107, 0x0107, 0x0108, 0x0907, 0x0107, 0x0928, 0x0908, 0x0908, 0x1149, 0x0908, 0x0908, 0x0908, 0x0908, 0x0908,
  0x0929, 0x0908, 0x0908, 0x0929, 0x0908, 0x0908, 0x0908, 0x0908, 0x0928, 0x0928, 0x0928, 0x0929, 0x0929, 0x0929, 0x0929, 0x0949,
  0x0949, 0x0949, 0x0949, 0x0929, 0x0949, 0x0949, 0x0949, 0x0949, 0x0949, 0x0949, 0x0949, 0x0949, 0x0949, 0x0949, 0x0949, 0x0949,
  0x094A, 0x0949, 0x1169, 0x1169, 0x116A, 0x1149, 0x1169, 0x094A, 0x096A, 0x116A, 0x116A, 0x096A, 0x094A, 0x116A, 0x114A, 0x114A,
  0x114A, 0x116A, 0x116A, 0x114A, 0x114A, 0x114A, 0x096A, 0x096A, 0x116A, 0x114A, 0x094A, 0x0949, 0x0949, 0x096A, 0x096A, 0x094A,
  0x094A, 0x114A, 0x114A, 0x114A, 0x0949, 0x114A, 0x0949, 0x1149, 0x0949, 0x0949, 0x0949, 0x0949, 0x0949, 0x0949, 0x0949, 0x0949,
  0x0949, 0x0949, 0x0949, 0x118A, 0x19CB, 0x0929, 0x0949, 0x0949, 0x0949, 0x0949, 0x0949, 0x0929, 0x0929, 0x0949, 0x0949, 0x0929,
  0x0929, 0x0949, 0x0949, 0x0928, 0x0928, 0x0928, 0x0928, 0x0928, 0x0928, 0x0928, 0x0928, 0x0928, 0x0908, 0x0908, 0x0928, 0x0928,
  0x00A6, 0x0086, 0x00A6, 0x0086, 0x00A6, 0x00A6, 0x00A6, 0x00A6, 0x00A6, 0x00A6, 0x00A6, 0x00A6, 0x00A6, 0x00A6, 0x00A6, 0x00A6,
  0x00A6, 0x00A6, 0x08C7, 0x08E7, 0x00A6, 0x00A6, 0x00A6, 0x00A6, 0x00A6, 0x00A6, 0x00A6, 0x00A6, 0x00A6, 0x00A6, 0x00A6, 0x00C7,
  0x00A6, 0x00A6, 0x00C6, 0x00C6, 0x00C7, 0x00A6, 0x00A6, 0x00C6, 0x00C6, 0x00C6, 0x00C6, 0x00C6, 0x00C7, 0x00C7, 0x00C7, 0x00C7,
  0x00C7, 0x00C7, 0x00C7, 0x00C7, 0x00C7, 0x00C7, 0x00C7, 0x00C7, 0x00C7, 0x00C7, 0x00C7, 0x00C7, 0x00C7, 0x00C7, 0x00C7, 0x00C7,
  0x00E7, 0x00E7, 0x00C7, 0x00C7, 0x00C7, 0x00E7, 0x00E7, 0x00C7, 0x00C7, 0x00E7, 0x00E7, 0x00C7, 0x00E7, 0x00E7, 0x00E7, 0x00E7,
  0x00E7, 0x00E7, 0x00E7, 0x00E7, 0x00E7, 0x00E7, 0x00E7, 0x00E7, 0x00E7, 0x00E7, 0x00E7, 0x00E7, 0x00E7, 0x00E7, 0x0928, 0x0908,
  0x00E7, 0x00E7, 0x00E7, 0x00E8, 0x00E7, 0x00E7, 0x0928, 0x0908, 0x00E7, 0x00E7, 0x00E7, 0x0908, 0x0108, 0x00E7, 0x0907, 0x0107,
  0x0107, 0x00E8, 0x0107, 0x0108, 0x0908, 0x0107, 0x0908, 0x0908, 0x0908, 0x0908, 0x0929, 0x0908, 0x0908, 0x0908, 0x0908, 0x0928,
  0x0908, 0x0908, 0x0908, 0x0908, 0x0928, 0x0908, 0x0929, 0x1149, 0x0929, 0x0929, 0x0929, 0x0929, 0x0929, 0x0928, 0x118A, 0x116A,
  0x0929, 0x0949, 0x0949, 0x0949, 0x0949, 0x0949, 0x0949, 0x0949, 0x0949, 0x094A, 0x094A, 0x116A, 0x096A, 0x096A, 0x094A, 0x094A,
  0x094A, 0x0949, 0x116A, 0x114A, 0x094A, 0x094A, 0x116A, 0x116A, 0x116A, 0x116A, 0x116A, 0x118A, 0x118A, 0x096A, 0x116A, 0x116A,
  0x116A, 0x116A, 0x116A, 0x116A, 0x116A, 0x116A, 0x096A, 0x096A, 0x116A, 0x116A, 0x096A, 0x096A, 0x116A, 0x096A, 0x116A, 0x116A,
  0x096A, 0x096A, 0x094A, 0x094A, 0x094A, 0x116A, 0x094A, 0x118A, 0x116A, 0x0949, 0x094A, 0x094A, 0x0949, 0x0949, 0x0949, 0x0949,
  0x0949, 0x0949, 0x0949, 0x096A, 0x118A, 0x0949, 0x0949, 0x0949, 0x0949, 0x0949, 0x0949, 0x0949, 0x0949, 0x0949, 0x0949, 0x0949,
  0x0929, 0x0949, 0x0949, 0x0929, 0x0929, 0x0929, 0x0928, 0x0928, 0x0928, 0x0928, 0x0928, 0x0928, 0x0928, 0x0908, 0x0908, 0x0949,
  0x00A6, 0x00A6, 0x00A6, 0x00A6, 0x00A6, 0x00A6, 0x00A6, 0x00A6, 0x00A6, 0x00A6, 0x00A6, 0x00A6, 0x00A6, 0x00A6, 0x00A6, 0x00A6,
  0x00A6, 0x00A6, 0x08E7, 0x08E8, 0x00A6, 0x00A6, 0x00C7, 0x00A6, 0x00A6, 0x00A6, 0x00A6, 0x08E7, 0x00A6, 0x00C7, 0x00A6, 0x00C6,
  0x00A6, 0x00A6, 0x00C7, 0x00C6, 0x00A6, 0x00C6, 0x00C7, 0x00C7, 0x00A6, 0x00C7, 0x00C7, 0x00C6, 0x0908, 0x08E7, 0x00C6, 0x00C7,
  0x00C7, 0x00C7, 0x00C7, 0x00C7, 0x00C7, 0x00C7, 0x00C7, 0x00C7, 0x0908, 0x00C7, 0x00C7, 0x08E7, 0x08E7, 0x00E7, 0x00C7, 0x00C7,
  0x00C7, 0x00C7, 0x00C7, 0x00E7, 0x00C7, 0x00C7, 0x00C7, 0x00E7, 0x00C7, 0x00E7, 0x00E7, 0x00E7, 0x00E7, 0x00E7, 0x00C7, 0x00E7,
  0x00E7, 0x00E7, 0x00E7, 0x00E7, 0x00E7, 0x00E7, 0x00E7, 0x00E7, 0x00E7, 0x00E7, 0x00E7, 0x00E7, 0x00E7, 0x00E7, 0x00E7, 0x00E7,
  0x00E7, 0x00E7, 0x00E7, 0x00E7, 0x00E7, 0x00E7, 0x0908, 0x0908, 0x00E7, 0x00E7, 0x0108, 0x0908, 0x0107, 0x0108, 0x0908, 0x0928,
  0x0107, 0x0908, 0x0908, 0x0908, 0x0108, 0x0908, 0x0908, 0x0108, 0x0928, 0x0108, 0x0107, 0x0908, 0x0908, 0x0908, 0x0908, 0x0908,
  0x0928, 0x0928, 0x0908, 0x0928, 0x0928, 0x0908, 0x116A, 0x19AB, 0x0908, 0x116A, 0x0949, 0x0929, 0x0929, 0x0929, 0x0929, 0x0949,
  0x0949, 0x0949, 0x0949, 0x1149, 0x1149, 0x0949, 0x116A, 0x094A, 0x0949, 0x114A, 0x116A, 0x114A, 0x094A, 0x094A, 0x094A, 0x114A,
  0x116A, 0x116A, 0x116A, 0x116A, 0x094A, 0x118A, 0x19AB, 0x116A, 0x116A, 0x116A, 0x094A, 0x19CB, 0x19EB, 0x096A, 0x096A, 0x116A,
  0x116A, 0x116A, 0x116A, 0x116A, 0x116A, 0x116A, 0x116A, 0x116A, 0x116A, 0x116A, 0x116A, 0x116A, 0x096A, 0x096A, 0x116A, 0x116A,
  0x116A, 0x116A, 0x116A, 0x096A, 0x096A, 0x116A, 0x116A, 0x116A, 0x114A, 0x094A, 0x116A, 0x116A, 0x094A, 0x094A, 0x094A, 0x094A,
  0x0949, 0x0949, 0x0949, 0x0949, 0x0949, 0x0949, 0x094A, 0x0949, 0x0949, 0x0949, 0x0949, 0x0949, 0x0949, 0x0949, 0x0949, 0x0949,
  0x0949, 0x0949, 0x0949, 0x0949, 0x0949, 0x0929, 0x0929, 0x0949, 0x0929, 0x0929, 0x0929, 0x0929, 0x116A, 0x0928, 0x0929, 0x0929,
  0x00A6, 0x00A6, 0x00A6, 0x00A6, 0x00A6, 0x00A6, 0x00A6, 0x00A6, 0x00A6, 0x00A6, 0x00A6, 0x00A6, 0x00A6, 0x00A6, 0x00A6, 0x00A6,
  0x00A6, 0x00A6, 0x00A6, 0x0086, 0x00A6, 0x00A6, 0x00C7, 0x00A6, 0x00A6, 0x00A6, 0x00A6, 0x00C7, 0x00A6, 0x00C7, 0x00C6, 0x00C7,
  0x00C6, 0x00C6, 0x00C7, 0x00C6, 0x00C7, 0x00C7, 0x00C7, 0x00C6, 0x00C6, 0x00C6, 0x00C7, 0x00C7, 0x00A6, 0x00C6, 0x00C6, 0x00C7,
  0x00C7, 0x00C7, 0x00C7, 0x00C7, 0x00C7, 0x00C7, 0x00C7, 0x00C7, 0x00C7, 0x00C7, 0x00C7, 0x00C7, 0x00C7, 0x00C7, 0x00C7, 0x00C7,
  0x00C7, 0x0907, 0x0908, 0x00C7, 0x00E7, 0x00E7, 0x00C7, 0x00E7, 0x00E7, 0x00E7, 0x00C7, 0x00E7, 0x00E7, 0x00C7, 0x0908, 0x00E7,
  0x00E7, 0x00E7, 0x00E7, 0x00E7, 0x00E7, 0x00E7, 0x00E7, 0x00E7, 0x00E7, 0x00E7, 0x00E7, 0x00E7, 0x00E7, 0x00E7, 0x00E7, 0x00E7,
  0x00E7, 0x00E7, 0x00E7, 0x00E7, 0x00E7, 0x0907, 0x00E7, 0x0908, 0x0107, 0x00E8, 0x0108, 0x0908, 0x0908, 0x0107, 0x0107, 0x0928,
  0x0908, 0x0107, 0x0908, 0x0908, 0x0908, 0x0928, 0x0928, 0x0928, 0x0908, 0x0908, 0x0928, 0x0928, 0x0928, 0x0908, 0x0928, 0x0908,
  0x0928, 0x0929, 0x0928, 0x0929, 0x0929, 0x0949, 0x0928, 0x0928, 0x0929, 0x0929, 0x0929, 0x0929, 0x0949, 0x1149, 0x116A, 0x0949,
  0x0949, 0x0949, 0x0949, 0x0949, 0x1149, 0x1149, 0x114A, 0x094A, 0x0949, 0x1149, 0x096A, 0x096A, 0x094A, 0x118B, 0x116A, 0x116A,
  0x116A, 0x116A, 0x116A, 0x116A, 0x116A, 0x116A, 0x116A, 0x116A, 0x116A, 0x118A, 0x118A, 0x116A, 0x116A, 0x118A, 0x118A, 0x118A,
  0x118A, 0x118A, 0x096A, 0x118A, 0x118A, 0x118A, 0x118A, 0x118A, 0x118A, 0x118A, 0x118A, 0x118A, 0x118A, 0x116A, 0x116A, 0x116A,
  0x116A, 0x116A, 0x116A, 0x116A, 0x096A, 0x096A, 0x116A, 0x116A, 0x116A, 0x116A, 0x116A, 0x116A, 0x096A, 0x096A, 0x096A, 0x096A,
  0x094A, 0x096A, 0x0949, 0x094A, 0x096A, 0x0969, 0x0969, 0x096A, 0x0949, 0x0949, 0x0949, 0x0949, 0x0949, 0x0949, 0x0949, 0x0949,
  0x0949, 0x0949, 0x0949, 0x0949, 0x0949, 0x0929, 0x0929, 0x0929, 0x0929, 0x0929, 0x0929, 0x0929, 0x0929, 0x0929, 0x0929, 0x0929,
  0x00A6, 0x00A6, 0x00A6, 0x00A6, 0x00A6, 0x00A6, 0x00A6, 0x00A6, 0x00A6, 0x00A6, 0x00A6, 0x00A6, 0x00A7, 0x00A6, 0x00A6, 0x00A6,
  0x00C7, 0x00A6, 0x00A6, 0x00A6, 0x00A6, 0x00A6, 0x00A6, 0x00A6, 0x00A6, 0x00C6, 0x00A6, 0x00A6, 0x00A6, 0x00A6, 0x08C7, 0x1108,
  0x00C6, 0x00C7, 0x00C6, 0x00C6, 0x00C6, 0x00C7, 0x00C6, 0x00C6, 0x00C7, 0x00C6, 0x00C7, 0x00C7, 0x00C7, 0x00C7, 0x0908, 0x00C7,
  0x00C7, 0x00C7, 0x00C7, 0x00C7, 0x00C7, 0x00C7, 0x00C7, 0x00C7, 0x00C7, 0x00C7, 0x00C7, 0x00C7, 0x00C7, 0x00C7, 0x00C7, 0x00C7,
  0x00C7, 0x08E7, 0x0907, 0x00C7, 0x00E7, 0x00E7, 0x00C7, 0x00E7, 0x00C7, 0x00C7, 0x00C7, 0x00E7, 0x00E7, 0x00E7, 0x00E7, 0x00E7,
  0x00E7, 0x00E7, 0x00E7, 0x00E7, 0x00E7, 0x00E7, 0x00E7, 0x00E7, 0x00E7, 0x00E7, 0x00E7, 0x00E7, 0x00E7, 0x00E7, 0x00E7, 0x00E7,
  0x00E7, 0x00E7, 0x0928, 0x0908, 0x0107, 0x0107, 0x0908, 0x0928, 0x0107, 0x0908, 0x0108, 0x0908, 0x0108, 0x0928, 0x0928, 0x0908,
  0x0908, 0x0907, 0x0908, 0x0908, 0x0908, 0x0908, 0x0928, 0x0908, 0x0929, 0x0928, 0x0928, 0x0928, 0x0929, 0x0928, 0x0928, 0x0928,
  0x0928, 0x0929, 0x0929, 0x0929, 0x0929, 0x0929, 0x0929, 0x0949, 0x0949, 0x116A, 0x0949, 0x0949, 0x0949, 0x0949, 0x0949, 0x0949,
  0x0949, 0x0949, 0x0949, 0x0949, 0x114A, 0x094A, 0x096A, 0x094A, 0x116A, 0x116A, 0x116A, 0x116A, 0x116A, 0x118B, 0x116A, 0x116A,
  0x116A, 0x096A, 0x116A, 0x118A, 0x118B, 0x116A, 0x116A, 0x118A, 0x11AB, 0x11AB, 0x118A, 0x118B, 0x118A, 0x118A, 0x118B, 0x118B,
  0x118B, 0x118B, 0x118A, 0x118A, 0x118B, 0x118B, 0x118B, 0x118B, 0x118B, 0x118B, 0x118B, 0x118B, 0x118B, 0x118A, 0x118A, 0x118A,
  0x118B, 0x118B, 0x11AB, 0x118A, 0x118B, 0x116A, 0x118A, 0x116A, 0x116A, 0x116A, 0x096A, 0x116A, 0x096A, 0x116A, 0x116A, 0x116A,
  0x094A, 0x096A, 0x0969, 0x116A, 0x118A, 0x0949, 0x0969, 0x0969, 0x0969, 0x0969, 0x0969, 0x096A, 0x096A, 0x096A, 0x096A, 0x096A,
  0x096A, 0x0949, 0x0949, 0x0949, 0x0949, 0x0949, 0x0929, 0x0949, 0x0949, 0x0949, 0x0949, 0x0949, 0x0929, 0x0929, 0x0929, 0x0929,
  0x00A6, 0x00A6, 0x00A6, 0x00A6, 0x00A6, 0x00A6, 0x00A6, 0x00A6, 0x00A6, 0x00A6, 0x00A6, 0x00A6, 0x00A6, 0x00A6, 0x00A6, 0x00A7,
  0x00C7, 0x00A6, 0x00A6, 0x00A6, 0x00A6, 0x00A6, 0x00A6, 0x00A6, 0x00A6, 0x00A6, 0x00A6, 0x00C7, 0x00C6, 0x00C7, 0x00C6, 0x00A6,
  0x00C7, 0x00A6, 0x0908, 0x0908, 0x00C7, 0x00C6, 0x00C6, 0x00C7, 0x00C7, 0x00C7, 0x00C7, 0x00C7, 0x00C7, 0x00C6, 0x0908, 0x00C7,
  0x00C7, 0x00C7, 0x00C7, 0x00C7, 0x00C7, 0x1128, 0x0908, 0x00C7, 0x00C7, 0x00C7, 0x00C7, 0x08E7, 0x08E7, 0x00C7, 0x00C7, 0x00E7,
  0x00C7, 0x00C7, 0x00C7, 0x00E7, 0x00E7, 0x00E7, 0x00C7, 0x00E7, 0x00E7, 0x00E7, 0x00E7, 0x00E7, 0x00E7, 0x00E7, 0x00E7, 0x00E7,
  0x00E7, 0x00E7, 0x00E7, 0x0908, 0x00E7, 0x00E7, 0x00E7, 0x00E7, 0x00E7, 0x00E7, 0x00E7, 0x00E7, 0x0107, 0x00E7, 0x0107, 0x00E7,
  0x0107, 0x0907, 0x0908, 0x0108, 0x0907, 0x0107, 0x0107, 0x00E7, 0x0108, 0x0908, 0x0908, 0x0908, 0x0108, 0x1149, 0x0928, 0x0108,
  0x0107, 0x0107, 0x0908, 0x0928, 0x0928, 0x0928, 0x0928, 0x0928, 0x0928, 0x0928, 0x0928, 0x0928, 0x0928, 0x0928, 0x0928, 0x0929,
  0x0928, 0x0929, 0x0949, 0x0949, 0x0949, 0x0949, 0x0929, 0x0949, 0x0949, 0x116A, 0x0949, 0x0949, 0x0949, 0x0949, 0x0949, 0x094A,
  0x0949, 0x094A, 0x0949, 0x094A, 0x094A, 0x094A, 0x096A, 0x096A, 0x116A, 0x096A, 0x116A, 0x116A, 0x116A, 0x096A, 0x116A, 0x118A,
  0x118A, 0x118A, 0x118A, 0x118A, 0x118A, 0x118A, 0x118A, 0x118B, 0x11AB, 0x11AB, 0x118B, 0x118B, 0x118B, 0x118B, 0x11AB, 0x118B,
  0x118B, 0x118B, 0x118B, 0x118B, 0x118B, 0x118B, 0x118B, 0x118B, 0x118B, 0x118B, 0x118B, 0x118B, 0x118B, 0x118B, 0x118B, 0x118B,
  0x118B, 0x118B, 0x118B, 0x118B, 0x118B, 0x118A, 0x118A, 0x118B, 0x118B, 0x118A, 0x118A, 0x098A, 0x098A, 0x116A, 0x116A, 0x116A,
  0x116A, 0x116A, 0x096A, 0x116A, 0x096A, 0x096A, 0x096A, 0x0969, 0x0969, 0x096A, 0x096A, 0x096A, 0x096A, 0x118B, 0x19CC, 0x118B,
  0x096A, 0x0949, 0x0949, 0x0949, 0x0949, 0x0949, 0x0929, 0x118A, 0x116A, 0x0929, 0x0949, 0x0949, 0x0929, 0x0929, 0x0929, 0x0949,
  0x00A6, 0x00A6, 0x00A6, 0x00A6, 0x00A6, 0x00A6, 0x00A6, 0x00A6, 0x00A6, 0x00A6, 0x00A6, 0x00A6, 0x00A6, 0x00A6, 0x00A6, 0x00A6,
  0x00A6, 0x00A6, 0x00A6, 0x00A6, 0x0908, 0x00C7, 0x00C7, 0x00C6, 0x00C6, 0x00A6, 0x00C7, 0x00C7, 0x00C7, 0x00C7, 0x00A6, 0x08E7,
  0x00C7, 0x00C7, 0x00C7, 0x00C7, 0x00C7, 0x00C7, 0x00C7, 0x00C7, 0x00C7, 0x00C7, 0x00C7, 0x00C7, 0x00C7, 0x00C7, 0x00C6, 0x00C7,
  0x00C7, 0x00C7, 0x00C7, 0x00C7, 0x00C7, 0x00C7, 0x00C7, 0x00C7, 0x00C7, 0x00C7, 0x00C7, 0x00E7, 0x00E7, 0x00E7, 0x00E7, 0x00E7,
  0x00E7, 0x00E7, 0x00E7, 0x00E7, 0x00E7, 0x00E7, 0x00E7, 0x00E7, 0x00C7, 0x00E7, 0x00E7, 0x00E7, 0x00E7, 0x00E7, 0x00E7, 0x00E7,
  0x00E7, 0x00E7, 0x0908, 0x1169, 0x00E7, 0x00E7, 0x00E7, 0x00E7, 0x00E7, 0x00E7, 0x00E7, 0x00E7, 0x00E7, 0x00E7, 0x0107, 0x0107,
  0x0107, 0x0107, 0x0107, 0x0907, 0x0107, 0x0908, 0x0107, 0x0928, 0x0928, 0x0107, 0x0908, 0x0107, 0x0908, 0x0908, 0x0908, 0x0107,
  0x118A, 0x0949, 0x0108, 0x0928, 0x0928, 0x0928, 0x0128, 0x0928, 0x0928, 0x0928, 0x0928, 0x0928, 0x0928, 0x0928, 0x0929, 0x0929,
  0x0929, 0x0929, 0x0949, 0x0949, 0x0949, 0x0949, 0x0949, 0x0949, 0x0949, 0x0949, 0x0949, 0x0949, 0x0949, 0x0949, 0x094A, 0x094A,
  0x094A, 0x094A, 0x114A, 0x116A, 0x096A, 0x096A, 0x116A, 0x096A, 0x118B, 0x11AB, 0x096A, 0x116A, 0x118A, 0x118A, 0x118B, 0x118A,
  0x118A, 0x118A, 0x118A, 0x118B, 0x118B, 0x118B, 0x118B, 0x118B, 0x11AB, 0x11AB, 0x118B, 0x11AB, 0x118B, 0x11AB, 0x19CB, 0x118B,
  0x11AB, 0x11AB, 0x11AB, 0x11AB, 0x11AB, 0x118B, 0x11AB, 0x11AB, 0x118B, 0x11AB, 0x11AB, 0x11AB, 0x11AB, 0x118B, 0x11AB, 0x118B,
  0x118B, 0x118B, 0x118B, 0x118B, 0x118B, 0x118B, 0x118B, 0x118B, 0x118B, 0x118B, 0x118B, 0x118B, 0x118B, 0x118B, 0x118A, 0x118A,
  0x116A, 0x116A, 0x116A, 0x116A, 0x116A, 0x096A, 0x096A, 0x096A, 0x096A, 0x096A, 0x096A, 0x116A, 0x094A, 0x328E, 0x5BF3, 0x094A,
  0x116A, 0x094A, 0x0949, 0x0949, 0x094A, 0x0949, 0x0949, 0x0949, 0x0949, 0x116A, 0x0949, 0x0949, 0x0949, 0x0949, 0x0949, 0x0949,
  0x00A6, 0x00A6, 0x00A6, 0x00A6, 0x00A6, 0x00A6, 0x00A6, 0x00A6, 0x00A6, 0x00A6, 0x00A6, 0x00A6, 0x00C7, 0x00A6, 0x00A6, 0x00A6,
  0x00A6, 0x00A6, 0x00C6, 0x00A6, 0x0907, 0x00C7, 0x00A6, 0x00C7, 0x00C7, 0x08E7, 0x00A6, 0x00C7, 0x00A6, 0x00C7, 0x00A6, 0x1128,
  0x00C7, 0x00C6, 0x00C7, 0x00C6, 0x00C7, 0x00C7, 0x00C7, 0x00C7, 0x00C7, 0x00C7, 0x00C7, 0x00C7, 0x00C7, 0x00C7, 0x00C7, 0x00C7,
  0x00C7, 0x00C7, 0x00C7, 0x00C7, 0x00C7, 0x00C7, 0x00C7, 0x00C7, 0x00C7, 0x00E7, 0x00C7, 0x00C7, 0x00E7, 0x00E7, 0x00E7, 0x00E7,
  0x00E7, 0x00E7, 0x00E7, 0x00E7, 0x00E7, 0x00E7, 0x00E7, 0x00E7, 0x00E7, 0x00E7, 0x00E7, 0x00E7, 0x00E7, 0x00E7, 0x00E7, 0x00E7,
  0x00E7, 0x00E7, 0x00E7, 0x00E7, 0x00E7, 0x00E7, 0x0928, 0x00E7, 0x00E7, 0x00E7, 0x0107, 0x00E7, 0x0908, 0x0107, 0x00E7, 0x0107,
  0x0107, 0x0107, 0x0108, 0x0908, 0x0908, 0x0908, 0x0908, 0x0908, 0x0908, 0x0908, 0x0108, 0x0928, 0x0928, 0x0908, 0x0908, 0x0908,
  0x0949, 0x0928, 0x0928, 0x0928, 0x0928, 0x0928, 0x0928, 0x0928, 0x0928, 0x0928, 0x0928, 0x0928, 0x0929, 0x0928, 0x0928, 0x0949,
  0x0949, 0x0929, 0x0949, 0x0949, 0x0949, 0x0929, 0x0949, 0x0949, 0x0949, 0x0949, 0x0949, 0x0949, 0x0949, 0x096A, 0x096A, 0x096A,
  0x094A, 0x096A, 0x116A, 0x116A, 0x096A, 0x116A, 0x118A, 0x116A, 0x11AB, 0x19CB, 0x116A, 0x118B, 0x118B, 0x118A, 0x118A, 0x118A,
  0x118A, 0x118B, 0x118B, 0x118B, 0x11AB, 0x11AB, 0x11AB, 0x11AB, 0x11AB, 0x11AB, 0x11AB, 0x118B, 0x11CB, 0x19CC, 0x11AB, 0x11AB,
  0x11AB, 0x11AB, 0x11AB, 0x11AB, 0x11AB, 0x11AB, 0x11AB, 0x11AB, 0x11AB, 0x11AB, 0x11AB, 0x11AB, 0x11AB, 0x11AB, 0x11AB, 0x11AB,
  0x118B, 0x118B, 0x118B, 0x118B, 0x118B, 0x118B, 0x118B, 0x118B, 0x118B, 0x118B, 0x118B, 0x118B, 0x118B, 0x118B, 0x118B, 0x118B,
  0x116A, 0x118A, 0x116A, 0x116A, 0x116A, 0x116A, 0x116A, 0x116A, 0x096A, 0x096A, 0x096A, 0x096A, 0x096A, 0x11AB, 0x19CB, 0x096A,
  0x096A, 0x096A, 0x094A, 0x0949, 0x094A, 0x0949, 0x0949, 0x0949, 0x0949, 0x19AB, 0x0949, 0x0929, 0x0949, 0x0949, 0x0949, 0x0949,
  0x00A6, 0x00A6, 0x00A6, 0x00A6, 0x00A6, 0x00A6, 0x00C7, 0x00A6, 0x00A6, 0x00A6, 0x00A6, 0x00A6, 0x08E7, 0x00C7, 0x00A6, 0x00C6,
  0x00A6, 0x00A6, 0x00A6, 0x00C7, 0x00A6, 0x00C7, 0x00C7, 0x00A7, 0x00C7, 0x00C7, 0x00C7, 0x00C7, 0x08C7, 0x00C7, 0x00C7, 0x00A6,
  0x00C6, 0x00C7, 0x00C7, 0x00C7, 0x00C7, 0x00C7, 0x00C7, 0x00C7, 0x00C7, 0x00C7, 0x00C7, 0x00C7, 0x00C7, 0x00E7, 0x00C7, 0x00C7,
  0x00C7, 0x00C7, 0x00C7, 0x00C7, 0x00C7, 0x08C7, 0x00C7, 0x00C7, 0x00C7, 0x00C7, 0x0908, 0x0908, 0x00C7, 0x00E7, 0x00E7, 0x00E7,
  0x00E7, 0x00E7, 0x00C7, 0x00E7, 0x00E7, 0x08E7, 0x08E7, 0x00E7, 0x00E7, 0x00E7, 0x00E7, 0x00E7, 0x00E7, 0x00E7, 0x00E7, 0x00E7,
  0x00E7, 0x00E7, 0x00E7, 0x00E7, 0x00E7, 0x00E7, 0x0907, 0x0107, 0x00E8, 0x0107, 0x00E7, 0x0107, 0x0908, 0x00E7, 0x1149, 0x0928,
  0x0107, 0x0108, 0x0908, 0x0908, 0x0107, 0x0908, 0x0908, 0x0108, 0x0908, 0x0908, 0x0908, 0x1149, 0x0928, 0x0928, 0x0928, 0x0928,
  0x0128, 0x0928, 0x0928, 0x0928, 0x0928, 0x0928, 0x0928, 0x0928, 0x0948, 0x0928, 0x0928, 0x0949, 0x0949, 0x0929, 0x0949, 0x0949,
  0x0949, 0x0949, 0x0949, 0x0949, 0x0949, 0x0949, 0x0949, 0x0949, 0x0949, 0x094A, 0x0949, 0x0949, 0x096A, 0x096A, 0x096A, 0x096A,
  0x096A, 0x096A, 0x116A, 0x116A, 0x096A, 0x118A, 0x098A, 0x098A, 0x096A, 0x096A, 0x118B, 0x118B, 0x118B, 0x11AB, 0x118B, 0x118B,
  0x118B, 0x118B, 0x118B, 0x11AB, 0x11AB, 0x11AB, 0x11CB, 0x11AB, 0x11AB, 0x11AB, 0x11AB, 0x11AB, 0x11AB, 0x11AB, 0x11AB, 0x11AB,
  0x11CB, 0x11AB, 0x19AB, 0x11AB, 0x11AB, 0x19EC, 0x19CB, 0x11AB, 0x11AC, 0x11AB, 0x11CC, 0x11CC, 0x19AB, 0x19AB, 0x11AB, 0x11AB,
  0x11AB, 0x11AB, 0x11AB, 0x11AB, 0x11AB, 0x11AB, 0x11AB, 0x118B, 0x118B, 0x118B, 0x118B, 0x11CC, 0x11CB, 0x118B, 0x118B, 0x118B,
  0x118B, 0x118B, 0x118B, 0x116A, 0x096A, 0x116A, 0x116A, 0x116A, 0x096A, 0x116A, 0x096A, 0x096A, 0x096A, 0x096A, 0x096A, 0x096A,
  0x096A, 0x096A, 0x094A, 0x0949, 0x0949, 0x094A, 0x0949, 0x0949, 0x0949, 0x0929, 0x0949, 0x0949, 0x0949, 0x0949, 0x0949, 0x0949,
  0x00A6, 0x00A6, 0x00A6, 0x00A6, 0x00A6, 0x00A6, 0x00A6, 0x00A6, 0x00A6, 0x00A6, 0x00A6, 0x00C6, 0x00A6, 0x00A6, 0x00A6, 0x00A6,
  0x00C6, 0x00C6, 0x00A7, 0x00A7, 0x00A7, 0x00A7, 0x00C7, 0x00C7, 0x00C7, 0x00C6, 0x00C7, 0x00C7, 0x0908, 0x00C7, 0x00C7, 0x00C7,
  0x00C7, 0x00C7, 0x00C7, 0x00C7, 0x00C7, 0x00C7, 0x00C7, 0x00C7, 0x00C7, 0x00E7, 0x00C7, 0x00C7, 0x00C7, 0x00C7, 0x00C7, 0x00C7,
  0x00C7, 0x00C7, 0x00C7, 0x00C7, 0x00C7, 0x00C7, 0x00C7, 0x00C7, 0x00E7, 0x00C7, 0x0928, 0x0908, 0x00E7, 0x00E8, 0x00E7, 0x00E7,
  0x00E7, 0x00E7, 0x0908, 0x00E7, 0x00E7, 0x00E7, 0x00E7, 0x00E7, 0x00E8, 0x00E7, 0x00E8, 0x00E8, 0x0908, 0x00E7, 0x00E7, 0x00E7,
  0x00E7, 0x00E7, 0x0107, 0x00E7, 0x00E7, 0x0908, 0x0908, 0x00E7, 0x0108, 0x00E7, 0x198A, 0x0928, 0x00E7, 0x00E7, 0x0948, 0x1169,
  0x0908, 0x0908, 0x0908, 0x0928, 0x1149, 0x0908, 0x0908, 0x0908, 0x0908, 0x0908, 0x0908, 0x0908, 0x0108, 0x1149, 0x0949, 0x0928,
  0x0928, 0x0928, 0x0928, 0x0928, 0x0928, 0x0949, 0x0948, 0x0928, 0x0928, 0x0949, 0x0949, 0x0949, 0x0949, 0x0949, 0x0949, 0x0949,
  0x0949, 0x0949, 0x0949, 0x0949, 0x0949, 0x0949, 0x0949, 0x0949, 0x0949, 0x096A, 0x096A, 0x096A, 0x096A, 0x096A, 0x096A, 0x096A,
  0x116A, 0x118A, 0x116A, 0x116A, 0x098A, 0x118A, 0x118A, 0x118B, 0x118A, 0x118B, 0x118B, 0x118B, 0x118B, 0x118B, 0x11AB, 0x118B,
  0x118B, 0x11AB, 0x11AB, 0x11AB, 0x11AB, 0x11AB, 0x11CC, 0x11AB, 0x11AB, 0x11CB, 0x11CB, 0x11CB, 0x11AB, 0x11CB, 0x19CC, 0x19CC,
  0x19CC, 0x19AC, 0x19CC, 0x11CB, 0x11CC, 0x11CC, 0x11CC, 0x19CC, 0x19CC, 0x11AB, 0x220D, 0x19EC, 0x11AB, 0x19CC, 0x19AC, 0x19AB,
  0x11AB, 0x11AB, 0x11AB, 0x11AB, 0x11AB, 0x11AB, 0x11AB, 0x11AB, 0x11AB, 0x11AB, 0x11AB, 0x118B, 0x11AB, 0x11AB, 0x118B, 0x118B,
  0x118B, 0x118B, 0x118B, 0x118B, 0x118B, 0x118B, 0x118A, 0x118A, 0x116A, 0x116A, 0x116A, 0x096A, 0x116A, 0x096A, 0x096A, 0x096A,
  0x096A, 0x096A, 0x096A, 0x096A, 0x0949, 0x094A, 0x0949, 0x096A, 0x094A, 0x0949, 0x094A, 0x094A, 0x094A, 0x0949, 0x096A, 0x118A,
  0x00A6, 0x00A6, 0x00A6, 0x00A6, 0x00A6, 0x00A6, 0x00A6, 0x00C6, 0x00C7, 0x00C7, 0x00A6, 0x00C6, 0x00C6, 0x00A7, 0x00C7, 0x00C7,
  0x00C7, 0x00C6, 0x00A7, 0x00C7, 0x00C7, 0x00C7, 0x00C7, 0x00C7, 0x00C7, 0x00C7, 0x00C7, 0x00C7, 0x00C6, 0x00C7, 0x00C7, 0x00C7,
  0x00C7, 0x00C7, 0x00C7, 0x00C7, 0x00C7, 0x00C7, 0x00C7, 0x00E7, 0x00E7, 0x08E7, 0x00C7, 0x00E7, 0x08E7, 0x00C7, 0x00E7, 0x00C7,
  0x00E7, 0x00E7, 0x00E7, 0x00E7, 0x00E7, 0x00C7, 0x00E7, 0x00E7, 0x00E7, 0x00E7, 0x00C7, 0x00E7, 0x00E7, 0x00E7, 0x00E7, 0x00E7,
  0x00E7, 0x00E7, 0x0928, 0x0908, 0x00E7, 0x00E7, 0x00E7, 0x00E7, 0x00E7, 0x00E7, 0x00E7, 0x08E7, 0x00E7, 0x00E7, 0x00E7, 0x00E7,
  0x00E7, 0x08E8, 0x00E8, 0x00E7, 0x00E7, 0x0908, 0x0907, 0x0908, 0x0108, 0x0107, 0x0928, 0x0908, 0x0108, 0x0107, 0x0107, 0x0908,
  0x0908, 0x0908, 0x0908, 0x0928, 0x0928, 0x0908, 0x0908, 0x0908, 0x0908, 0x0108, 0x0908, 0x0928, 0x0928, 0x0928, 0x0928, 0x0928,
  0x0928, 0x0928, 0x0928, 0x0928, 0x0928, 0x0929, 0x0929, 0x0929, 0x0929, 0x0949, 0x0949, 0x0929, 0x0949, 0x0949, 0x0949, 0x0929,
  0x118A, 0x118B, 0x0949, 0x094A, 0x0949, 0x094A, 0x094A, 0x094A, 0x096A, 0x096A, 0x096A, 0x116A, 0x096A, 0x096A, 0x116A, 0x118A,
  0x118A, 0x096A, 0x118A, 0x118A, 0x118A, 0x118B, 0x118B, 0x118B, 0x118B, 0x118B, 0x118B, 0x118B, 0x11AB, 0x11AB, 0x11AB, 0x11AB,
  0x11AB, 0x11AB, 0x11AB, 0x11AB, 0x11AB, 0x11CB, 0x11AC, 0x11CB, 0x11CC, 0x11CC, 0x11CC, 0x11CB, 0x11CB, 0x19CB, 0x19CC, 0x19CC,
  0x19CC, 0x19CC, 0x19CC, 0x19CC, 0x19CC, 0x19CC, 0x19CC, 0x19CC, 0x19CC, 0x19CC, 0x19CC, 0x19CC, 0x19CC, 0x19EC, 0x19CC, 0x19CC,
  0x19CC, 0x19CC, 0x11CC, 0x11AC, 0x11AB, 0x11AB, 0x11AB, 0x11AB, 0x11AB, 0x11AB, 0x11AB, 0x11AB, 0x11AB, 0x11AB, 0x11AB, 0x118B,
  0x118B, 0x11AB, 0x118B, 0x11AB, 0x19AC, 0x118B, 0x118A, 0x118A, 0x118A, 0x116A, 0x096A, 0x096A, 0x116A, 0x096A, 0x096A, 0x096A,
  0x096A, 0x096A, 0x116A, 0x096A, 0x096A, 0x094A, 0x094A, 0x096A, 0x096A, 0x094A, 0x094A, 0x094A, 0x094A, 0x094A, 0x0949, 0x0949,
  0x00A6, 0x00A6, 0x00A6, 0x00A6, 0x00A6, 0x00C6, 0x00C6, 0x00C7, 0x00C7, 0x00C7, 0x00C6, 0x00A7, 0x00C6, 0x00C6, 0x00C7, 0x08E7,
  0x00C6, 0x00C6, 0x00C7, 0x00C7, 0x00A7, 0x08E7, 0x00C7, 0x00C7, 0x00C7, 0x00C7, 0x00C7, 0x00C7, 0x00C7, 0x00C7, 0x00C7, 0x00C7,
  0x00C7, 0x00C7, 0x08E7, 0x00C7, 0x00C7, 0x00C7, 0x00C7, 0x00C7, 0x00E7, 0x08E7, 0x00C7, 0x0907, 0x0928, 0x00C7, 0x00E7, 0x00E7,
  0x00E7, 0x00E7, 0x00E7, 0x00C7, 0x00E7, 0x00E7, 0x00E7, 0x00E7, 0x00E7, 0x00E7, 0x00E7, 0x00E7, 0x00C7, 0x00E7, 0x00E7, 0x00E7,
  0x00E7, 0x00E7, 0x00E7, 0x00E7, 0x00E7, 0x00E7, 0x00E7, 0x00E7, 0x00E7, 0x0908, 0x0908, 0x00E7, 0x00E7, 0x00E7, 0x08E7, 0x00E7,
  0x00E7, 0x0107, 0x00E7, 0x0107, 0x00E7, 0x0928, 0x1148, 0x00E7, 0x0108, 0x0108, 0x0107, 0x0907, 0x0108, 0x0108, 0x0107, 0x0907,
  0x0908, 0x0908, 0x0908, 0x0908, 0x0908, 0x0908, 0x0108, 0x0928, 0x0928, 0x1169, 0x0929, 0x0928, 0x0928, 0x0928, 0x0928, 0x0929,
  0x0929, 0x0929, 0x0948, 0x0948, 0x0949, 0x0929, 0x0929, 0x11AA, 0x0949, 0x0949, 0x0949, 0x0949, 0x0949, 0x0949, 0x0949, 0x094A,
  0x116A, 0x118A, 0x0949, 0x096A, 0x096A, 0x096A, 0x096A, 0x116A, 0x096A, 0x096A, 0x116A, 0x116A, 0x116A, 0x116A, 0x118A, 0x118A,
  0x096A, 0x430F, 0x11AB, 0x118A, 0x118B, 0x118B, 0x118B, 0x118B, 0x118B, 0x118B, 0x118B, 0x11AB, 0x118B, 0x11AB, 0x11AB, 0x11AB,
  0x11AB, 0x11CB, 0x11CC, 0x11CB, 0x11CC, 0x11CC, 0x19CC, 0x11CC, 0x19CC, 0x19CC, 0x19CC, 0x19CC, 0x19CC, 0x19CC, 0x19CC, 0x19EC,
  0x19EC, 0x19CC, 0x19EC, 0x19ED, 0x19EC, 0x19EC, 0x19EC, 0x19EC, 0x19EC, 0x19EC, 0x19EC, 0x19CC, 0x19CC, 0x19CC, 0x19CC, 0x19CC,
  0x19CC, 0x19CC, 0x19CC, 0x19CC, 0x19CC, 0x11CB, 0x11CB, 0x11CC, 0x11CB, 0x11AB, 0x11AB, 0x11AB, 0x11AB, 0x11AB, 0x11AB, 0x11AB,
  0x118B, 0x118B, 0x118B, 0x118B, 0x118B, 0x118B, 0x118B, 0x118B, 0x118B, 0x116A, 0x116A, 0x096A, 0x116A, 0x116A, 0x116A, 0x096A,
  0x096A, 0x096A, 0x096A, 0x096A, 0x096A, 0x096A, 0x096A, 0x096A, 0x096A, 0x096A, 0x094A, 0x094A, 0x094A, 0x094A, 0x094A, 0x096A,
  0x08E7, 0x00C7, 0x00A6, 0x00C6, 0x00A7, 0x00A6, 0x00C6, 0x00C6, 0x00A6, 0x00C6, 0x00C6, 0x00C7, 0x00A6, 0x00C6, 0x00C6, 0x00C7,
  0x00C7, 0x00C7, 0x00C7, 0x00C7, 0x00C7, 0x00C7, 0x00C7, 0x00C7, 0x00C7, 0x00C7, 0x00C7, 0x00C7, 0x00C7, 0x00C7, 0x00C7, 0x00C7,
  0x00C7, 0x00C7, 0x00C7, 0x00C7, 0x00C7, 0x00C7, 0x00C7, 0x00E7, 0x00E7, 0x00E7, 0x00E7, 0x00E7, 0x00C7, 0x00E7, 0x00E7, 0x00E7,
  0x00E7, 0x00C7, 0x00C7, 0x00E7, 0x00E7, 0x00E7, 0x00E7, 0x00E7, 0x00E7, 0x00E7, 0x00E7, 0x00E7, 0x1169, 0x0908, 0x0908, 0x00E7,
  0x00E7, 0x00E7, 0x00E7, 0x00E7, 0x0107, 0x00E7, 0x08E7, 0x08E7, 0x0908, 0x00E7, 0x00E7, 0x00E7, 0x00E7, 0x00E7, 0x0907, 0x0107,
  0x0107, 0x0107, 0x0108, 0x0108, 0x0107, 0x0928, 0x0928, 0x0908, 0x0908, 0x0949, 0x198A, 0x00E7, 0x0908, 0x0908, 0x0949, 0x0908,
  0x0908, 0x0908, 0x0908, 0x0908, 0x0908, 0x0908, 0x0108, 0x1149, 0x1149, 0x0929, 0x0929, 0x0928, 0x0928, 0x0928, 0x0929, 0x0928,
  0x0929, 0x0928, 0x0949, 0x0949, 0x0929, 0x0949, 0x0949, 0x0929, 0x0949, 0x0929, 0x0929, 0x0949, 0x0949, 0x0949, 0x0949, 0x0949,
  0x0949, 0x0949, 0x096A, 0x094A, 0x094A, 0x096A, 0x096A, 0x096A, 0x096A, 0x116A, 0x116A, 0x116A, 0x096A, 0x118A, 0x118A, 0x118B,
  0x118A, 0x19EC, 0x118B, 0x118B, 0x118B, 0x118B, 0x118B, 0x11AB, 0x118B, 0x11AB, 0x118B, 0x118B, 0x11AB, 0x11AB, 0x19CC, 0x19CC,
  0x11AB, 0x11AC, 0x11CC, 0x11CC, 0x19CC, 0x19CC, 0x19CC, 0x19CC, 0x19CC, 0x19EC, 0x19EC, 0x19CC, 0x19EC, 0x19EC, 0x19EC, 0x19EC,
  0x19EC, 0x19EC, 0x19EC, 0x19EC, 0x19EC, 0x19ED, 0x19ED, 0x1A0D, 0x19ED, 0x19ED, 0x19ED, 0x19ED, 0x19EC, 0x19EC, 0x19CC, 0x19CC,
  0x19CC, 0x19CC, 0x19CC, 0x19CC, 0x19CC, 0x19CC, 0x19CC, 0x11CC, 0x11AC, 0x11AC, 0x11AC, 0x11AB, 0x11AB, 0x11AB, 0x11AB, 0x11AB,
  0x11AB, 0x118B, 0x11AB, 0x118B, 0x118B, 0x118B, 0x118B, 0x118B, 0x118B, 0x118B, 0x118A, 0x116A, 0x116A, 0x118A, 0x116A, 0x096A,
  0x116B, 0x116A, 0x096A, 0x096A, 0x096A, 0x096A, 0x096A, 0x116A, 0x096A, 0x096A, 0x096A, 0x096A, 0x096A, 0x096A, 0x096A, 0x096A,
  0x00A6, 0x00A6, 0x00A6, 0x00C6, 0x00C7, 0x00C6, 0x00C6, 0x00C7, 0x00C7, 0x00C6, 0x00C6, 0x00C6, 0x00C6, 0x00C7, 0x00C7, 0x00C7,
  0x00C7, 0x00C7, 0x00C7, 0x00C7, 0x00C7, 0x00C7, 0x00C7, 0x00C7, 0x0928, 0x00C7, 0x00C7, 0x00C7, 0x00C7, 0x00C7, 0x00C7, 0x00C7,
  0x00C7, 0x00C7, 0x00C7, 0x00E7, 0x00E7, 0x00E7, 0x00C7, 0x00C7, 0x00E7, 0x00E7, 0x00E7, 0x00E7, 0x00E7, 0x00E7, 0x00E7, 0x00E7,
  0x00C7, 0x1169, 0x1169, 0x00C7, 0x00E7, 0x0107, 0x00E7, 0x00E7, 0x00E7, 0x00E7, 0x00E7, 0x00E7, 0x0908, 0x0107, 0x0107, 0x00E7,
  0x08E7, 0x00E7, 0x0107, 0x00E7, 0x0107, 0x0107, 0x00E7, 0x0907, 0x0908, 0x00E7, 0x00E7, 0x00E7, 0x0108, 0x0108, 0x0908, 0x0108,
  0x0908, 0x0908, 0x0908, 0x0908, 0x0908, 0x0107, 0x0107, 0x0928, 0x0928, 0x0928, 0x0949, 0x0108, 0x0928, 0x0908, 0x1149, 0x0908,
  0x0908, 0x0108, 0x0928, 0x0928, 0x0928, 0x0928, 0x0928, 0x0928, 0x0928, 0x0928, 0x0928, 0x0928, 0x0929, 0x0949, 0x0928, 0x0928,
  0x0949, 0x0929, 0x0949, 0x0949, 0x0929, 0x0949, 0x0949, 0x0949, 0x0949, 0x0949, 0x0949, 0x0949, 0x0949, 0x0949, 0x0949, 0x0949,
  0x0949, 0x096A, 0x094A, 0x118A, 0x19AB, 0x096A, 0x116A, 0x096A, 0x118B, 0x118A, 0x096A, 0x096A, 0x116A, 0x118A, 0x118A, 0x11AB,
  0x11AB, 0x096A, 0x118B, 0x118B, 0x118B, 0x118B, 0x11AB, 0x11AB, 0x11AB, 0x118B, 0x220D, 0x19CC, 0x11AB, 0x19CC, 0x11CB, 0x19CC,
  0x19CC, 0x19CC, 0x19CC, 0x19CC, 0x19EC, 0x19EC, 0x19EC, 0x19EC, 0x19EC, 0x19ED, 0x19ED, 0x19ED, 0x19ED, 0x19ED, 0x19ED, 0x19ED,
  0x1A0D, 0x19EC, 0x19ED, 0x1A0D, 0x1A0D, 0x1A0D, 0x220D, 0x1A0D, 0x1A0D, 0x1A0D, 0x222E, 0x220E, 0x19ED, 0x19ED, 0x19ED, 0x19EC,
  0x19EC, 0x19EC, 0x19EC, 0x19EC, 0x19EC, 0x19CC, 0x19CC, 0x19CC, 0x19CC, 0x19CC, 0x11AC, 0x11AB, 0x11AC, 0x11AB, 0x11AC, 0x11AB,
  0x11AB, 0x11AB, 0x11AB, 0x11AB, 0x11AB, 0x11AB, 0x118B, 0x118B, 0x118B, 0x118B, 0x118B, 0x116A, 0x098A, 0x118B, 0x118B, 0x118B,
  0x118A, 0x098A, 0x118A, 0x116A, 0x096A, 0x096A, 0x096A, 0x096A, 0x096A, 0x096A, 0x096A, 0x096A, 0x096A, 0x096A, 0x096A, 0x096A,
  0x00C6, 0x00C7, 0x00A6, 0x00C6, 0x00C7, 0x00C7, 0x00C7, 0x00C6, 0x00C6, 0x00C6, 0x00C6, 0x00C7, 0x00C7, 0x00C7, 0x00C7, 0x00C7,
  0x00C7, 0x00C7, 0x00C7, 0x00C7, 0x00C7, 0x00C7, 0x00C7, 0x00C7, 0x00C7, 0x00C7, 0x00C7, 0x00C7, 0x00C7, 0x00C7, 0x00C7, 0x00C7,
  0x00C7, 0x00C7, 0x00C7, 0x00E7, 0x00C7, 0x00C7, 0x00E7, 0x08E7, 0x00C7, 0x00E7, 0x00E7, 0x00E7, 0x00E7, 0x00E7, 0x00E7, 0x00E7,
  0x00C7, 0x1169, 0x1969, 0x00C7, 0x00E7, 0x00E7, 0x00E7, 0x00E7, 0x00E7, 0x00E7, 0x00E7, 0x00E7, 0x1149, 0x00E7, 0x0908, 0x00E7,
  0x00E7, 0x0107, 0x00E7, 0x0908, 0x00E7, 0x0107, 0x0908, 0x00E8, 0x0908, 0x0908, 0x0107, 0x0108, 0x0908, 0x0908, 0x0908, 0x0108,
  0x0908, 0x0908, 0x0908, 0x0908, 0x0908, 0x0908, 0x0908, 0x0908, 0x0908, 0x0908, 0x0108, 0x0928, 0x0928, 0x0908, 0x0908, 0x0928,
  0x0928, 0x0928, 0x0928, 0x0128, 0x0928, 0x0928, 0x0928, 0x0928, 0x0928, 0x0928, 0x0928, 0x0928, 0x0929, 0x0929, 0x0949, 0x0929,
  0x0929, 0x0929, 0x0949, 0x0949, 0x0949, 0x0949, 0x0949, 0x0949, 0x0949, 0x0949, 0x0949, 0x0949, 0x0949, 0x094A, 0x094A, 0x094A,
  0x118B, 0x096A, 0x096A, 0x116A, 0x118A, 0x096A, 0x096A, 0x096A, 0x118A, 0x116A, 0x116A, 0x096A, 0x096A, 0x116A, 0x118A, 0x118A,
  0x118B, 0x118B, 0x118B, 0x118B, 0x11AB, 0x11AB, 0x11AB, 0x11AB, 0x11AC, 0x11AB, 0x19EC, 0x19CC, 0x19CC, 0x19CC, 0x19CC, 0x19CC,
  0x19CC, 0x19ED, 0x19EC, 0x19EC, 0x19EC, 0x19ED, 0x1A0D, 0x19ED, 0x19ED, 0x1A0D, 0x1A0D, 0x1A0D, 0x1A0D, 0x220D, 0x220D, 0x1A0D,
  0x220D, 0x222D, 0x222E, 0x220D, 0x220D, 0x220D, 0x220D, 0x220D, 0x220D, 0x220D, 0x220D, 0x1A0D, 0x220D, 0x220D, 0x1A0D, 0x1A0D,
  0x19ED, 0x19ED, 0x19EC, 0x19EC, 0x19EC, 0x19EC, 0x19EC, 0x19CC, 0x19CC, 0x19CC, 0x19CC, 0x19CC, 0x19CC, 0x11CC, 0x19CC, 0x11AC,
  0x11AC, 0x11AB, 0x11AB, 0x11AB, 0x11AB, 0x11AB, 0x11AB, 0x11AB, 0x118B, 0x118B, 0x118B, 0x118B, 0x118B, 0x118A, 0x118A, 0x118B,
  0x118A, 0x118A, 0x118B, 0x096A, 0x098A, 0x096A, 0x096A, 0x096A, 0x096A, 0x096A, 0x096A, 0x096A, 0x096A, 0x096A, 0x096A, 0x096A,
  0x00C6, 0x00C7, 0x00A6, 0x00C7, 0x00C6, 0x00C7, 0x00C7, 0x00C7, 0x00C7, 0x00C6, 0x00C6, 0x00C6, 0x00C6, 0x00C7, 0x00C7, 0x00C7,
  0x00C7, 0x00C6, 0x00C7, 0x00C7, 0x00C7, 0x00C7, 0x00C7, 0x00C7, 0x00C7, 0x00C7, 0x00C7, 0x00C7, 0x08E7, 0x00E7, 0x00E7, 0x00C7,
  0x00C7, 0x00C7, 0x00E7, 0x00C7, 0x00C7, 0x00C7, 0x0908, 0x0907, 0x1149, 0x00E7, 0x00E7, 0x00E7, 0x00E7, 0x00E7, 0x00E7, 0x0908,
  0x1149, 0x00C7, 0x00C7, 0x00E7, 0x00E7, 0x00E7, 0x00E7, 0x00E7, 0x00E7, 0x0107, 0x0907, 0x00E7, 0x0928, 0x1169, 0x0107, 0x0107,
  0x0107, 0x0107, 0x0107, 0x08E8, 0x0108, 0x0108, 0x0908, 0x0908, 0x0907, 0x0908, 0x0908, 0x0908, 0x0908, 0x0908, 0x0908, 0x0928,
  0x0908, 0x0928, 0x0928, 0x0908, 0x0908, 0x0928, 0x0928, 0x0908, 0x0928, 0x0928, 0x0928, 0x0928, 0x0928, 0x0949, 0x0908, 0x0928,
  0x0928, 0x0928, 0x0908, 0x0929, 0x0949, 0x0128, 0x0928, 0x0928, 0x0928, 0x0928, 0x0928, 0x0929, 0x0928, 0x0928, 0x0949, 0x0949,
  0x0929, 0x0949, 0x0949, 0x0929, 0x0949, 0x0949, 0x0949, 0x0949, 0x118A, 0x0949, 0x094A, 0x094A, 0x096A, 0x096A, 0x096A, 0x096A,
  0x116A, 0x096A, 0x096A, 0x096A, 0x094A, 0x096A, 0x096A, 0x096A, 0x096A, 0x098A, 0x116A, 0x19AC, 0x118B, 0x116A, 0x118B, 0x118B,
  0x118B, 0x118B, 0x11AB, 0x11AB, 0x11AB, 0x11AB, 0x11AB, 0x19CC, 0x11AB, 0x19AC, 0x11AC, 0x19AC, 0x19CC, 0x19EC, 0x19CC, 0x19CC,
  0x19EC, 0x19EC, 0x19EC, 0x1A0D, 0x19ED, 0x1A0D, 0x220D, 0x1A0D, 0x1A0D, 0x220D, 0x220D, 0x220D, 0x222D, 0x222D, 0x222E, 0x222D,
  0x222D, 0x224E, 0x224E, 0x222D, 0x222E, 0x222E, 0x222E, 0x222D, 0x222E, 0x222E, 0x220D, 0x220D, 0x220D, 0x220D, 0x220D, 0x220D,
  0x220D, 0x220D, 0x1A0D, 0x1A0D, 0x1A0D, 0x1A0C, 0x19ED, 0x19ED, 0x19EC, 0x19EC, 0x19CC, 0x19CC, 0x19CC, 0x19CC, 0x19CC, 0x19CC,
  0x11CC, 0x11CC, 0x11AC, 0x11AC, 0x11AB, 0x11AB, 0x11AB, 0x11AB, 0x11AB, 0x11AB, 0x11AB, 0x118B, 0x118B, 0x118B, 0x118B, 0x118B,
  0x118B, 0x118A, 0x118B, 0x098A, 0x098A, 0x098A, 0x098A, 0x098A, 0x096A, 0x096A, 0x096A, 0x096A, 0x096A, 0x116A, 0x096A, 0x116A,
  0x00C7, 0x00C7, 0x00C7, 0x00C7, 0x00C7, 0x00C7, 0x00C6, 0x00C7, 0x00C7, 0x00C7, 0x00C7, 0x00C7, 0x00C7, 0x00C7, 0x00C7, 0x00C7,
  0x00C7, 0x08E7, 0x08E7, 0x00C7, 0x00C7, 0x00C7, 0x00C7, 0x00C7, 0x00C7, 0x00C7, 0x00C7, 0x00C7, 0x00C7, 0x00C7, 0x00E7, 0x00C7,
  0x0928, 0x1128, 0x00C7, 0x08E7, 0x00E7, 0x00E7, 0x00E7, 0x00E7, 0x0907, 0x00E7, 0x00E7, 0x00E7, 0x00E7, 0x00E7, 0x00E7, 0x00E7,
  0x00E7, 0x00E7, 0x00E7, 0x00E7, 0x00E7, 0x00E7, 0x00E7, 0x0107, 0x0907, 0x00E7, 0x00E7, 0x0107, 0x00E7, 0x0908, 0x0107, 0x00E7,
  0x0107, 0x0107, 0x0108, 0x00E7, 0x00E7, 0x0908, 0x0107, 0x00E7, 0x0908, 0x0908, 0x0908, 0x0908, 0x0928, 0x0908, 0x0908, 0x0908,
  0x0908, 0x0928, 0x0928, 0x0928, 0x0928, 0x0928, 0x0908, 0x0928, 0x0928, 0x0928, 0x0928, 0x0928, 0x0928, 0x0948, 0x0928, 0x0928,
  0x0928, 0x0928, 0x0908, 0x0928, 0x0928, 0x0928, 0x0928, 0x0928, 0x0928, 0x0929, 0x0929, 0x0949, 0x0948, 0x0929, 0x0949, 0x0949,
  0x0949, 0x0949, 0x0949, 0x0949, 0x0949, 0x0949, 0x0949, 0x0949, 0x0949, 0x0949, 0x0949, 0x096A, 0x096A, 0x096A, 0x096A, 0x096A,
  0x096A, 0x096A, 0x096A, 0x096A, 0x096A, 0x116A, 0x118A, 0x116A, 0x116A, 0x118B, 0x096A, 0x21EC, 0x19AB, 0x116A, 0x118B, 0x11AB,
  0x11AB, 0x11AB, 0x11AB, 0x11AB, 0x11AB, 0x11AB, 0x11AB, 0x11AC, 0x19AC, 0x19CC, 0x19CC, 0x19CC, 0x19CC, 0x19CC, 0x19EC, 0x19ED,
  0x19ED, 0x19ED, 0x1A0D, 0x1A0D, 0x1A0D, 0x220D, 0x220D, 0x220D, 0x222E, 0x222E, 0x222E, 0x222E, 0x224E, 0x222E, 0x222E, 0x224E,
  0x224E, 0x224E, 0x224E, 0x224E, 0x224E, 0x224E, 0x224E, 0x224E, 0x222E, 0x222E, 0x222E, 0x222E, 0x222E, 0x222E, 0x222E, 0x222E,
  0x222E, 0x220D, 0x220D, 0x220D, 0x1A0D, 0x1A0D, 0x1A0D, 0x1A0D, 0x19ED, 0x19ED, 0x19ED, 0x19EC, 0x19EC, 0x19EC, 0x19CC, 0x19CC,
  0x19CC, 0x19CC, 0x11CC, 0x11CC, 0x11CC, 0x11CB, 0x11AB, 0x11AB, 0x11AC, 0x11AB, 0x118B, 0x11AB, 0x118B, 0x118B, 0x118B, 0x118B,
  0x11AB, 0x11AB, 0x118B, 0x118B, 0x118A, 0x118A, 0x118A, 0x098A, 0x118A, 0x118A, 0x118A, 0x118A, 0x118A, 0x116A, 0x096A, 0x096A,
  0x00C6, 0x00C7, 0x08E7, 0x00C7, 0x00C7, 0x00C7, 0x00C6, 0x00C7, 0x00C7, 0x00C7, 0x00C7, 0x00C7, 0x00C7, 0x00C7, 0x00C7, 0x00C7,
  0x00C6, 0x1128, 0x0908, 0x00C7, 0x00C7, 0x00C7, 0x00C7, 0x00C7, 0x00E7, 0x00C7, 0x00C7, 0x00C7, 0x00C7, 0x00C7, 0x00C7, 0x00C7,
  0x00C7, 0x00E7, 0x00E7, 0x00E7, 0x00E7, 0x00E7, 0x00E7, 0x00E7, 0x00E7, 0x00E7, 0x00E7, 0x0908, 0x0908, 0x0107, 0x00E7, 0x00E7,
  0x00E7, 0x00E7, 0x00E7, 0x00E8, 0x00E7, 0x0107, 0x08E7, 0x0908, 0x0107, 0x0107, 0x0908, 0x0107, 0x0907, 0x0107, 0x0908, 0x0907,
  0x0907, 0x0107, 0x00E8, 0x0908, 0x0908, 0x0107, 0x1149, 0x324D, 0x0108, 0x0928, 0x0908, 0x0908, 0x0908, 0x0908, 0x0928, 0x0928,
  0x0928, 0x0928, 0x0928, 0x0928, 0x0928, 0x0928, 0x0928, 0x0928, 0x0928, 0x0928, 0x0928, 0x0928, 0x0928, 0x0928, 0x0928, 0x0928,
  0x0928, 0x0928, 0x0128, 0x0949, 0x1169, 0x0928, 0x0929, 0x0929, 0x0929, 0x0948, 0x0929, 0x0949, 0x0929, 0x0929, 0x0929, 0x0929,
  0x0949, 0x0949, 0x0949, 0x0949, 0x0949, 0x0949, 0x0949, 0x0949, 0x0949, 0x0949, 0x0949, 0x118B, 0x096A, 0x096A, 0x096A, 0x096A,
  0x116A, 0x096A, 0x096A, 0x096A, 0x116A, 0x116A, 0x118A, 0x118A, 0x116B, 0x118A, 0x118B, 0x096A, 0x118B, 0x118B, 0x118B, 0x11AB,
  0x11AB, 0x11AB, 0x11AB, 0x11AB, 0x11AB, 0x11AB, 0x11AC, 0x11AC, 0x19CC, 0x19CC, 0x19CC, 0x19CC, 0x19EC, 0x19EC, 0x19ED, 0x19ED,
  0x1A0D, 0x1A0D, 0x1A0D, 0x220D, 0x222E, 0x222E, 0x222E, 0x222E, 0x222E, 0x222E, 0x222E, 0x224E, 0x2A4F, 0x2A4E, 0x2A4F, 0x2A4E,
  0x2A4F, 0x2A4F, 0x2A4E, 0x2A6F, 0x2A4E, 0x2A4F, 0x2A4E, 0x2A4E, 0x2A4E, 0x2A4E, 0x224E, 0x222E, 0x222E, 0x224E, 0x2A6F, 0x222E,
  0x222E, 0x222E, 0x222E, 0x222D, 0x222D, 0x220D, 0x1A0D, 0x1A0D, 0x1A0D, 0x1A0D, 0x1A0D, 0x19ED, 0x19ED, 0x19ED, 0x19EC, 0x19CC,
  0x19CC, 0x19CC, 0x19CC, 0x19CC, 0x11CC, 0x11CC, 0x19CC, 0x11CC, 0x11AC, 0x19CC, 0x19ED, 0x11AB, 0x11AB, 0x11AB, 0x11AB, 0x11AB,
  0x118B, 0x11AB, 0x11AB, 0x11AB, 0x118B, 0x118B, 0x118B, 0x118B, 0x118B, 0x118B, 0x118B, 0x118B, 0x098A, 0x118A, 0x118A, 0x098A,
  0x00C7, 0x00C6, 0x00C7, 0x00C7, 0x00C7, 0x00C7, 0x00C6, 0x00C7, 0x00C7, 0x00C7, 0x00C7, 0x00C7, 0x00C7, 0x00C7, 0x00C7, 0x00C7,
  0x00C7, 0x00C7, 0x00C6, 0x00C7, 0x00E7, 0x00C7, 0x00C7, 0x00C7, 0x00E7, 0x00E7, 0x00E7, 0x00E7, 0x00E7, 0x00E7, 0x08E7, 0x00C7,
  0x00C7, 0x00E7, 0x00E7, 0x00E7, 0x00E7, 0x00E7, 0x00E7, 0x00E7, 0x00E7, 0x00E7, 0x00E7, 0x0928, 0x0908, 0x00E7, 0x0108, 0x00E7,
  0x00E7, 0x00E7, 0x0107, 0x0107, 0x0107, 0x0107, 0x0908, 0x0107, 0x0107, 0x0908, 0x0928, 0x0907, 0x0908, 0x0908, 0x0108, 0x0908,
  0x0908, 0x0908, 0x0908, 0x0908, 0x0908, 0x0928, 0x1169, 0x21EB, 0x0108, 0x0928, 0x0928, 0x0928, 0x0928, 0x0928, 0x0928, 0x0928,
  0x0908, 0x0928, 0x0928, 0x0928, 0x0928, 0x0928, 0x0928, 0x0928, 0x0928, 0x0928, 0x0928, 0x0928, 0x0928, 0x0928, 0x0928, 0x0928,
  0x0929, 0x0928, 0x0928, 0x0929, 0x0949, 0x0928, 0x0929, 0x0929, 0x0949, 0x0929, 0x0929, 0x0949, 0x0929, 0x0929, 0x0949, 0x0949,
  0x0949, 0x0949, 0x0949, 0x0949, 0x0949, 0x0949, 0x0949, 0x0949, 0x0949, 0x0969, 0x0969, 0x0969, 0x096A, 0x096A, 0x096A, 0x116A,
  0x116A, 0x096A, 0x096A, 0x116A, 0x096A, 0x116A, 0x118A, 0x118B, 0x118B, 0x118B, 0x118B, 0x118B, 0x11AB, 0x11AB, 0x11AB, 0x11AB,
  0x11AB, 0x11AB, 0x11AB, 0x11AB, 0x11AC, 0x11AC, 0x11CC, 0x11CC, 0x19CC, 0x19CC, 0x19EC, 0x19ED, 0x19ED, 0x19ED, 0x1A0D, 0x1A0D,
  0x1A0D, 0x1A0D, 0x224E, 0x32B0, 0x222E, 0x224E, 0x224E, 0x224E, 0x224E, 0x224E, 0x2A4E, 0x2A4F, 0x2A6F, 0x2A6F, 0x2A6F, 0x2A6F,
  0x2A6F, 0x2A6F, 0x32B0, 0x2A6F, 0x2A8F, 0x2A6F, 0x2A6F, 0x2A6F, 0x2A6F, 0x2A6F, 0x2A4F, 0x2A4F, 0x2A4E, 0x2A6F, 0x2A4E, 0x224E,
  0x224E, 0x222E, 0x222E, 0x222E, 0x222E, 0x222E, 0x220D, 0x220D, 0x1A0D, 0x19ED, 0x1A0D, 0x19ED, 0x19ED, 0x19ED, 0x19ED, 0x19EC,
  0x19EC, 0x19EC, 0x19CC, 0x1A0D, 0x19EC, 0x19CC, 0x19CC, 0x19CC, 0x11CC, 0x19EC, 0x222E, 0x118B, 0x11AB, 0x11AB, 0x11AB, 0x11AB,
  0x11AB, 0x11AB, 0x11AB, 0x11AB, 0x11AB, 0x118B, 0x118B, 0x118B, 0x118B, 0x118B, 0x118B, 0x118A, 0x098B, 0x118B, 0x118B, 0x118A,
  0x00C7, 0x00C7, 0x00C7, 0x00C7, 0x00C7, 0x00C7, 0x00C7, 0x00C7, 0x00C7, 0x00C7, 0x00C7, 0x00C7, 0x00C7, 0x00E7, 0x00C7, 0x00C7,
  0x00C7, 0x08E7, 0x0928, 0x00C7, 0x00E7, 0x00C7, 0x00E7, 0x00E7, 0x00E7, 0x00E7, 0x00E7, 0x00E7, 0x00E7, 0x08E7, 0x00E7, 0x0907,
  0x00E7, 0x00E7, 0x00E7, 0x00E7, 0x00E7, 0x00E7, 0x00E7, 0x00E7, 0x00E7, 0x00E7, 0x00E7, 0x00E7, 0x00E7, 0x0107, 0x00E7, 0x00E7,
  0x00E7, 0x0108, 0x00E7, 0x0107, 0x0108, 0x0907, 0x0908, 0x0908, 0x0908, 0x0908, 0x0908, 0x0908, 0x0107, 0x0908, 0x0908, 0x0908,
  0x0908, 0x0908, 0x0908, 0x0908, 0x0908, 0x0928, 0x0108, 0x00E8, 0x0928, 0x0928, 0x0928, 0x0908, 0x0928, 0x0928, 0x0928, 0x0928,
  0x0928, 0x0928, 0x0928, 0x0928, 0x0908, 0x0949, 0x0948, 0x0928, 0x0928, 0x0928, 0x0928, 0x0928, 0x0928, 0x0928, 0x0929, 0x0929,
  0x0929, 0x0929, 0x0929, 0x0928, 0x0928, 0x0929, 0x0929, 0x0949, 0x0949, 0x0949, 0x0929, 0x0929, 0x0949, 0x0949, 0x0949, 0x0949,
  0x0949, 0x0949, 0x0949, 0x0949, 0x0949, 0x0949, 0x0949, 0x0949, 0x0969, 0x096A, 0x096A, 0x096A, 0x096A, 0x096A, 0x096A, 0x116A,
  0x096A, 0x116A, 0x096A, 0x096A, 0x118A, 0x118A, 0x118B, 0x118B, 0x118B, 0x118B, 0x11AB, 0x11AB, 0x11AB, 0x11AB, 0x11AB, 0x11AB,
  0x11AB, 0x11AC, 0x11AC, 0x11AC, 0x11CC, 0x19CC, 0x19CC, 0x19CC, 0x19EC, 0x19ED, 0x19ED, 0x19ED, 0x1A0D, 0x1A0D, 0x1A0D, 0x220D,
  0x222D, 0x222E, 0x222E, 0x224E, 0x224E, 0x2A4E, 0x2A4F, 0x2A6F, 0x2A6F, 0x2A6F, 0x2A6F, 0x2A6F, 0x2A6F, 0x2A8F, 0x2A8F, 0x328F,
  0x3290, 0x32B0, 0x32D0, 0x328F, 0x328F, 0x328F, 0x328F, 0x328F, 0x2A8F, 0x2A6F, 0x2A8F, 0x2A6F, 0x2A6F, 0x2A6F, 0x2A6F, 0x2A4F,
  0x2A4E, 0x224E, 0x224E, 0x222E, 0x222E, 0x222E, 0x222E, 0x220E, 0x222E, 0x220D, 0x1A0D, 0x1A0D, 0x1A0D, 0x1A0D, 0x1A0D, 0x19ED,
  0x19EC, 0x19EC, 0x19EC, 0x19EC, 0x19EC, 0x19CC, 0x19CC, 0x19CC, 0x19CC, 0x11AC, 0x11AB, 0x11AC, 0x11AC, 0x11AB, 0x11AC, 0x11AC,
  0x11AB, 0x11AB, 0x11AB, 0x11AB, 0x098B, 0x118B, 0x11AB, 0x11AB, 0x118B, 0x118B, 0x118B, 0x11AB, 0x118B, 0x118B, 0x118B, 0x118B,
  0x00C7, 0x00C7, 0x00C7, 0x00C7, 0x00C7, 0x00C7, 0x00C7, 0x00C7, 0x00C7, 0x00C7, 0x00C7, 0x00C7, 0x00C7, 0x00C7, 0x00C7, 0x00C7,
  0x00C7, 0x00E7, 0x0907, 0x00E7, 0x00E7, 0x00E7, 0x00E7, 0x00E7, 0x00E7, 0x00E7, 0x00E7, 0x00E7, 0x00E7, 0x00E7, 0x00E7, 0x0908,
  0x00E7, 0x00E7, 0x00E7, 0x00E7, 0x00E7, 0x00E7, 0x00E7, 0x00E7, 0x0907, 0x00E7, 0x00E7, 0x00E7, 0x00E7, 0x0107, 0x0107, 0x0107,
  0x0107, 0x0107, 0x0907, 0x0908, 0x0908, 0x0107, 0x0107, 0x0908, 0x0908, 0x0107, 0x0908, 0x0908, 0x0908, 0x0908, 0x0908, 0x0908,
  0x0908, 0x0908, 0x0928, 0x0928, 0x0908, 0x0928, 0x0928, 0x0928, 0x0928, 0x0928, 0x0928, 0x0928, 0x0928, 0x0928, 0x0928, 0x0928,
  0x0928, 0x0928, 0x0928, 0x0928, 0x0908, 0x118A, 0x1169, 0x0928, 0x0928, 0x0928, 0x0928, 0x0928, 0x0928, 0x0949, 0x0929, 0x0949,
  0x0949, 0x0929, 0x0929, 0x0949, 0x0929, 0x0929, 0x0929, 0x0949, 0x116A, 0x0929, 0x0949, 0x0949, 0x0949, 0x0949, 0x0949, 0x0949,
  0x0949, 0x094A, 0x0949, 0x0949, 0x0949, 0x0949, 0x0949, 0x096A, 0x096A, 0x096A, 0x096A, 0x096A, 0x096A, 0x096A, 0x096A, 0x096A,
  0x118B, 0x118B, 0x096A, 0x118A, 0x118B, 0x118A, 0x11AB, 0x118B, 0x118B, 0x11AB, 0x11AB, 0x11AC, 0x11AB, 0x11AB, 0x11AB, 0x11AC,
  0x11AC, 0x11CC, 0x11CC, 0x11CC, 0x19CC, 0x19CC, 0x19EC, 0x19ED, 0x19ED, 0x19ED, 0x1A0D, 0x1A0D, 0x1A0D, 0x1A2D, 0x222E, 0x222E,
  0x222E, 0x222E, 0x224E, 0x224E, 0x2A4F, 0x2A6F, 0x2A6F, 0x2A6F, 0x2A6F, 0x2A8F, 0x2A8F, 0x3290, 0x2A90, 0x32B0, 0x32B0, 0x32B0,
  0x32B0, 0x32B0, 0x32B0, 0x32B0, 0x32B0, 0x32B0, 0x32B0, 0x32B0, 0x32B0, 0x32B0, 0x32B0, 0x3290, 0x328F, 0x2A8F, 0x2A8F, 0x2A6F,
  0x2A6F, 0x2A6F, 0x2A4F, 0x2A4E, 0x2A4E, 0x224E, 0x222E, 0x222E, 0x222E, 0x222E, 0x220E, 0x220D, 0x220D, 0x220E, 0x1A0D, 0x1A0D,
  0x1A0D, 0x19EC, 0x19ED, 0x19ED, 0x19EC, 0x19EC, 0x19CC, 0x19CC, 0x11CC, 0x11CC, 0x11CC, 0x11AC, 0x11AC, 0x11AC, 0x11AC, 0x11AC,
  0x11AC, 0x11AC, 0x11AC, 0x118B, 0x3ACF, 0x19EC, 0x118B, 0x11AC, 0x11AB, 0x118B, 0x118B, 0x118B, 0x118B, 0x118B, 0x11AB, 0x118B,
  0x00C7, 0x00C7, 0x00C7, 0x00C7, 0x00C7, 0x00C7, 0x00C7, 0x00C7, 0x00C7, 0x00C7, 0x00C7, 0x00C7, 0x00C7, 0x00C7, 0x00C7, 0x00C7,
  0x00E7, 0x00C7, 0x00C7, 0x00E7, 0x00E7, 0x00E7, 0x08E7, 0x00E7, 0x00E7, 0x08E7, 0x08E7, 0x00E7, 0x00E7, 0x00E7, 0x00E7, 0x00E7,
  0x00E7, 0x00E7, 0x00E7, 0x0107, 0x00E7, 0x00E7, 0x0907, 0x0107, 0x00E7, 0x00E7, 0x00E7, 0x0908, 0x1189, 0x0107, 0x0908, 0x0107,
  0x0107, 0x0107, 0x0907, 0x0908, 0x0107, 0x0928, 0x0948, 0x0107, 0x0908, 0x0107, 0x0108, 0x0907, 0x0908, 0x0908, 0x0908, 0x0928,
  0x0928, 0x0908, 0x0928, 0x0928, 0x0928, 0x0928, 0x0128, 0x0949, 0x0948, 0x0928, 0x0928, 0x0928, 0x0928, 0x0928, 0x0928, 0x0928,
  0x0928, 0x0928, 0x0928, 0x0928, 0x0928, 0x0928, 0x0928, 0x0928, 0x0928, 0x0928, 0x19AA, 0x0949, 0x0928, 0x0929, 0x0929, 0x0949,
  0x0929, 0x0929, 0x0929, 0x0929, 0x0929, 0x0949, 0x0949, 0x0949, 0x0949, 0x0949, 0x0949, 0x0949, 0x0949, 0x0949, 0x0949, 0x0949,
  0x0949, 0x0949, 0x094A, 0x094A, 0x0949, 0x0949, 0x094A, 0x094A, 0x094A, 0x096A, 0x096A, 0x096A, 0x096A, 0x096A, 0x096A, 0x116A,
  0x116A, 0x116A, 0x118A, 0x118B, 0x118B, 0x118B, 0x118B, 0x11AB, 0x11AB, 0x11AB, 0x11AB, 0x11AB, 0x11AB, 0x11AB, 0x11AC, 0x11AC,
  0x19CC, 0x19CC, 0x19CC, 0x19CC, 0x19CC, 0x19CC, 0x19EC, 0x19ED, 0x19ED, 0x1A0D, 0x1A0D, 0x222E, 0x222E, 0x222E, 0x222E, 0x222E,
  0x224E, 0x224E, 0x2A4F, 0x2A6F, 0x2A6F, 0x2A6F, 0x2A8F, 0x328F, 0x3290, 0x32B0, 0x32B0, 0x32B0, 0x32B0, 0x32D0, 0x3AD0, 0x3AD0,
  0x3AD1, 0x3AF1, 0x3AF0, 0x3AF1, 0x3AF0, 0x3AD0, 0x3AD0, 0x3AD0, 0x3AD0, 0x32D0, 0x32D0, 0x32D0, 0x32B0, 0x32B0, 0x32AF, 0x2A8F,
  0x2A8F, 0x2A8F, 0x2A6F, 0x2A6F, 0x2A6F, 0x2A4E, 0x2A4F, 0x2A6F, 0x222E, 0x222E, 0x222E, 0x222E, 0x222E, 0x222E, 0x220D, 0x1A0D,
  0x1A0D, 0x19ED, 0x1A0D, 0x19ED, 0x1A0D, 0x1A0D, 0x19EC, 0x19EC, 0x19CC, 0x11CC, 0x11CC, 0x11CC, 0x11CC, 0x11CC, 0x11AC, 0x11AB,
  0x11AB, 0x11AC, 0x11CC, 0x11AC, 0x220C, 0x11CC, 0x11AC, 0x11AC, 0x11AB, 0x11AB, 0x11AB, 0x11AB, 0x118B, 0x118B, 0x11AB, 0x11AB,
  0x00C7, 0x00C7, 0x00C7, 0x00C7, 0x00C7, 0x00C7, 0x00C7, 0x00C7, 0x00C7, 0x00C7, 0x00C7, 0x00C7, 0x00C7, 0x00E7, 0x00E7, 0x00E7,
  0x00E7, 0x00E7, 0x00E7, 0x08C7, 0x00E7, 0x00E7, 0x00E7, 0x00E7, 0x00E7, 0x08E7, 0x08E7, 0x00E7, 0x00E7, 0x00E7, 0x00E7, 0x00E7,
  0x00E7, 0x00E7, 0x00E7, 0x0107, 0x0107, 0x0107, 0x0107, 0x00E7, 0x00E7, 0x0107, 0x0107, 0x0907, 0x0928, 0x0908, 0x0908, 0x0108,
  0x0107, 0x0108, 0x0907, 0x0908, 0x0108, 0x0928, 0x0928, 0x0107, 0x0907, 0x0108, 0x0908, 0x0908, 0x0908, 0x0908, 0x0908, 0x0908,
  0x0928, 0x0928, 0x0928, 0x0928, 0x0928, 0x0928, 0x0928, 0x0928, 0x0928, 0x0928, 0x0928, 0x0928, 0x0928, 0x0928, 0x0928, 0x0928,
  0x0928, 0x0928, 0x0928, 0x0928, 0x0928, 0x0928, 0x0949, 0x0949, 0x0929, 0x0948, 0x0949, 0x0929, 0x0929, 0x0929, 0x0949, 0x0949,
  0x0929, 0x0929, 0x0949, 0x0929, 0x0949, 0x0949, 0x0949, 0x0949, 0x0949, 0x0949, 0x0949, 0x0949, 0x0949, 0x0949, 0x096A, 0x0949,
  0x0949, 0x0949, 0x0949, 0x094A, 0x118A, 0x116A, 0x094A, 0x096A, 0x096A, 0x096A, 0x118A, 0x096A, 0x096A, 0x096A, 0x096A, 0x116A,
  0x116A, 0x118A, 0x118A, 0x11AB, 0x19CC, 0x118B, 0x098B, 0x222D, 0x220D, 0x118B, 0x11AB, 0x11AB, 0x11AB, 0x11AC, 0x11AC, 0x19CC,
  0x19CC, 0x19CC, 0x19CC, 0x19EC, 0x19ED, 0x19ED, 0x19ED, 0x19ED, 0x1A0D, 0x220D, 0x220E, 0x220D, 0x222E, 0x222E, 0x222E, 0x224E,
  0x2A4E, 0x2A6F, 0x2A6F, 0x2A6F, 0x2A8F, 0x328F, 0x32AF, 0x32B0, 0x32B0, 0x32D0, 0x32D0, 0x3AD0, 0x3AF1, 0x3AF1, 0x3B11, 0x3B11,
  0x3B11, 0x3B11, 0x3B11, 0x3B11, 0x3B11, 0x4311, 0x3B11, 0x3B11, 0x3B11, 0x3AF1, 0x3AF1, 0x3AF0, 0x3AD0, 0x32D0, 0x32D0, 0x32B0,
  0x32AF, 0x32AF, 0x328F, 0x2A8F, 0x2A6F, 0x2A6F, 0x2A6F, 0x2A4F, 0x224E, 0x224E, 0x224E, 0x224E, 0x222E, 0x222E, 0x220E, 0x1A0D,
  0x1A0D, 0x1A0D, 0x1A0D, 0x1A0D, 0x19ED, 0x19ED, 0x19ED, 0x19ED, 0x19ED, 0x19EC, 0x19CC, 0x19CC, 0x19ED, 0x19ED, 0x11CC, 0x11CC,
  0x11CC, 0x11CC, 0x11CC, 0x11CC, 0x11AB, 0x11AC, 0x11AC, 0x11AC, 0x11AB, 0x11AB, 0x11AB, 0x11AB, 0x11AB, 0x11AB, 0x11AB, 0x11AB,
  0x00C7, 0x00C7, 0x00C7, 0x00C7, 0x00C7, 0x00C7, 0x00E7, 0x00E7, 0x00C7, 0x00E7, 0x00E7, 0x00E7, 0x00E7, 0x00C7, 0x00E7, 0x00C7,
  0x00C7, 0x00E7, 0x00E7, 0x00E7, 0x00E7, 0x08E7, 0x00E7, 0x00E7, 0x00E7, 0x00E7, 0x00E7, 0x00E7, 0x00E7, 0x00E7, 0x00E7, 0x08E7,
  0x00E7, 0x00E7, 0x00E7, 0x0107, 0x0107, 0x0107, 0x0908, 0x0908, 0x0107, 0x0107, 0x0908, 0x0908, 0x0108, 0x0908, 0x0908, 0x0908,
  0x0908, 0x0108, 0x0908, 0x0908, 0x0908, 0x0908, 0x0908, 0x0908, 0x0908, 0x0908, 0x0908, 0x0928, 0x0908, 0x0908, 0x0928, 0x0908,
  0x0928, 0x0928, 0x0928, 0x0928, 0x0928, 0x0928, 0x0928, 0x0928, 0x0928, 0x0928, 0x0928, 0x0928, 0x0928, 0x0948, 0x0928, 0x0928,
  0x0928, 0x0928, 0x0928, 0x0928, 0x0928, 0x0928, 0x0929, 0x0929, 0x0929, 0x0949, 0x0929, 0x0949, 0x0949, 0x0929, 0x0949, 0x0949,
  0x0949, 0x0929, 0x0949, 0x0929, 0x116A, 0x116A, 0x0929, 0x0949, 0x0949, 0x0949, 0x0949, 0x0949, 0x0949, 0x0949, 0x094A, 0x094A,
  0x0949, 0x094A, 0x096A, 0x0929, 0x220C, 0x21EC, 0x094A, 0x096A, 0x096A, 0x096A, 0x098A, 0x096A, 0x116A, 0x096A, 0x096A, 0x118B,
  0x118B, 0x118B, 0x118B, 0x118B, 0x11AB, 0x11AB, 0x11AB, 0x118B, 0x11AC, 0x19EC, 0x11AB, 0x11AC, 0x11CC, 0x11CC, 0x19CC, 0x19CC,
  0x19CC, 0x19ED, 0x19CD, 0x19ED, 0x19ED, 0x19ED, 0x1A0D, 0x1A0D, 0x220D, 0x220E, 0x222E, 0x222E, 0x222E, 0x224E, 0x224E, 0x2A4F,
  0x2A6F, 0x2A6F, 0x2A6F, 0x2A8F, 0x2A8F, 0x32B0, 0x32B0, 0x32D0, 0x32D0, 0x3AF0, 0x3AF1, 0x3B11, 0x3B11, 0x3B31, 0x3B31, 0x4331,
  0x4352, 0x4352, 0x4352, 0x4352, 0x4B52, 0x4B73, 0x4332, 0x4352, 0x4332, 0x4331, 0x4331, 0x4311, 0x3B11, 0x3AF1, 0x3AF0, 0x3AD0,
  0x32D0, 0x32B0, 0x32B0, 0x32B0, 0x328F, 0x2A8F, 0x2A8F, 0x2A6F, 0x2A6F, 0x2A6F, 0x2A4F, 0x2A4E, 0x224E, 0x224E, 0x222E, 0x222E,
  0x220D, 0x220D, 0x220D, 0x1A0D, 0x1A0D, 0x19ED, 0x19ED, 0x19ED, 0x19ED, 0x19EC, 0x19CC, 0x19CC, 0x19CC, 0x19CC, 0x19CC, 0x11CC,
  0x11CC, 0x11CC, 0x11CC, 0x11CC, 0x11CC, 0x11AC, 0x11AC, 0x11AB, 0x11AB, 0x11AB, 0x11AB, 0x11AB, 0x11AB, 0x11AB, 0x11AB, 0x11AB,
  0x00C7, 0x00C7, 0x00C7, 0x00E7, 0x00C7, 0x00C7, 0x00E7, 0x00E7, 0x00C7, 0x00E7, 0x00E7, 0x00E7, 0x00E7, 0x00E7, 0x00E7, 0x00E7,
  0x00E7, 0x00E7, 0x00E7, 0x00E7, 0x08E7, 0x00E7, 0x00E7, 0x00E7, 0x00E7, 0x00E7, 0x00E7, 0x0908, 0x0908, 0x00E7, 0x00E7, 0x00E7,
  0x00E7, 0x00E7, 0x0907, 0x0107, 0x0107, 0x0107, 0x0908, 0x0928, 0x0107, 0x0107, 0x0908, 0x0908, 0x0908, 0x0907, 0x0907, 0x0908,
  0x0908, 0x0908, 0x0908, 0x0908, 0x0908, 0x0908, 0x0928, 0x0908, 0x0908, 0x0908, 0x0908, 0x0928, 0x0928, 0x0928, 0x0928, 0x0928,
  0x0928, 0x0928, 0x0928, 0x0928, 0x0928, 0x0928, 0x0948, 0x1149, 0x0928, 0x0928, 0x0928, 0x0928, 0x0928, 0x19AA, 0x0929, 0x0928,
  0x0928, 0x0928, 0x0928, 0x0928, 0x0928, 0x0928, 0x0929, 0x0929, 0x0949, 0x0949, 0x0929, 0x0929, 0x0929, 0x0929, 0x0949, 0x0929,
  0x0949, 0x0949, 0x0929, 0x0949, 0x0949, 0x0949, 0x0949, 0x0949, 0x0949, 0x0949, 0x0949, 0x0949, 0x0949, 0x094A, 0x094A, 0x0949,
  0x094A, 0x094A, 0x0949, 0x096A, 0x0949, 0x094A, 0x096A, 0x096A, 0x096A, 0x096A, 0x096A, 0x096A, 0x118B, 0x116A, 0x118A, 0x118B,
  0x118B, 0x118B, 0x118B, 0x118B, 0x11AB, 0x11AB, 0x11AB, 0x11AB, 0x11AB, 0x19CC, 0x11AC, 0x11AC, 0x11CC, 0x11CC, 0x19CC, 0x19CD,
  0x19ED, 0x19CC, 0x19ED, 0x19ED, 0x19ED, 0x19ED, 0x1A0D, 0x220D, 0x222E, 0x222E, 0x222E, 0x222E, 0x224E, 0x2A4F, 0x2A6F, 0x2A6F,
  0x2A6F, 0x2A8F, 0x2A8F, 0x32B0, 0x32B0, 0x32D0, 0x3AD0, 0x3AF0, 0x3AF1, 0x3B11, 0x4311, 0x4331, 0x4332, 0x4352, 0x4B52, 0x4B72,
  0x4B72, 0x4B73, 0x4B72, 0x4B72, 0x4B72, 0x4B72, 0x4B72, 0x4B72, 0x4B72, 0x4B72, 0x4352, 0x4352, 0x4331, 0x4331, 0x4311, 0x3B11,
  0x3AF0, 0x3AF0, 0x3AD0, 0x32D0, 0x32B0, 0x32B0, 0x328F, 0x2A8F, 0x2A8F, 0x2A6F, 0x2A6F, 0x2A6F, 0x2A4E, 0x224E, 0x224E, 0x222E,
  0x224E, 0x222E, 0x222E, 0x220D, 0x1A0D, 0x220D, 0x220D, 0x19ED, 0x19ED, 0x19ED, 0x19EC, 0x19EC, 0x19EC, 0x19CC, 0x19CC, 0x19CC,
  0x11CC, 0x11CC, 0x11CC, 0x11CC, 0x19CC, 0x11CC, 0x11AC, 0x11AC, 0x11AB, 0x11AB, 0x11AB, 0x11AC, 0x11AC, 0x11AB, 0x11AB, 0x11AB,
  0x00E7, 0x00C7, 0x00C7, 0x00C7, 0x00C7, 0x00C7, 0x00E7, 0x00E7, 0x00E7, 0x00E7, 0x00C7, 0x00E7, 0x08E7, 0x00E7, 0x00E7, 0x00E7,
  0x00E7, 0x00E7, 0x00E7, 0x00E7, 0x00E7, 0x00E7, 0x00E7, 0x0907, 0x00E7, 0x0107, 0x00E7, 0x0107, 0x00E7, 0x00E7, 0x0107, 0x00E7,
  0x00E7, 0x0107, 0x0107, 0x0907, 0x0908, 0x0908, 0x0108, 0x0107, 0x0908, 0x0107, 0x0908, 0x0908, 0x0908, 0x0907, 0x0908, 0x0928,
  0x0908, 0x0908, 0x0108, 0x0928, 0x0928, 0x0907, 0x0928, 0x0908, 0x0928, 0x0908, 0x0908, 0x0908, 0x0928, 0x0928, 0x0908, 0x0948,
  0x0928, 0x0928, 0x0928, 0x0928, 0x0928, 0x0928, 0x0928, 0x0928, 0x0928, 0x0928, 0x0928, 0x0928, 0x0928, 0x0928, 0x0928, 0x0928,
  0x0928, 0x0928, 0x0928, 0x0928, 0x0949, 0x0929, 0x0949, 0x0949, 0x0949, 0x0949, 0x0949, 0x0949, 0x0929, 0x0929, 0x0949, 0x0949,
  0x0949, 0x116A, 0x0929, 0x0949, 0x0949, 0x0949, 0x096A, 0x0949, 0x0949, 0x0949, 0x0949, 0x0949, 0x096A, 0x0949, 0x0949, 0x0949,
  0x096A, 0x096A, 0x096A, 0x096A, 0x096A, 0x096A, 0x096A, 0x096A, 0x116A, 0x118B, 0x096A, 0x116A, 0x118A, 0x118B, 0x118B, 0x118B,
  0x11AB, 0x19CC, 0x118B, 0x118B, 0x118B, 0x11AB, 0x11AB, 0x11AC, 0x11AC, 0x11AB, 0x11AC, 0x11CC, 0x19CC, 0x19CC, 0x19CD, 0x19ED,
  0x19ED, 0x1A0D, 0x19ED, 0x1A0D, 0x1A0D, 0x1A0D, 0x220E, 0x220E, 0x222E, 0x222E, 0x224E, 0x224F, 0x2A4F, 0x2A6F, 0x2A6F, 0x2A8F,
  0x2A8F, 0x3290, 0x32B0, 0x32B0, 0x32D0, 0x3AF0, 0x3AF1, 0x3B11, 0x4311, 0x4331, 0x4352, 0x4B52, 0x4B72, 0x4B73, 0x4B93, 0x5393,
  0x53B3, 0x53B3, 0x53B3, 0x53B3, 0x53D4, 0x53B4, 0x53B3, 0x53B3, 0x5393, 0x4B93, 0x4B73, 0x4B72, 0x4B72, 0x4352, 0x4351, 0x4331,
  0x4331, 0x3AF1, 0x3AF0, 0x3AF0, 0x32D0, 0x32D0, 0x32B0, 0x32B0, 0x2A8F, 0x2A8F, 0x2A6F, 0x2A6F, 0x2A6F, 0x2A4E, 0x2A4E, 0x224E,
  0x224E, 0x224E, 0x222E, 0x222E, 0x222E, 0x222E, 0x220D, 0x1A0D, 0x1A0D, 0x19ED, 0x19ED, 0x19ED, 0x19ED, 0x19EC, 0x19CC, 0x19CC,
  0x19CC, 0x19CC, 0x19CC, 0x19CC, 0x19CC, 0x19CC, 0x11CC, 0x19CC, 0x19EC, 0x11AB, 0x11CB, 0x11AB, 0x11AC, 0x11AB, 0x11AB, 0x11AB,
  0x00E7, 0x00E7, 0x00E7, 0x00E7, 0x00E7, 0x00E7, 0x00E7, 0x00E7, 0x00E7, 0x00C7, 0x1169, 0x1149, 0x00C7, 0x00E7, 0x00E7, 0x00E7,
  0x00E7, 0x00E7, 0x00E7, 0x00E7, 0x0107, 0x00E7, 0x00E7, 0x00E7, 0x00E7, 0x00E7, 0x00E7, 0x00E7, 0x00E7, 0x0107, 0x0107, 0x0107,
  0x0907, 0x0907, 0x0908, 0x0928, 0x0928, 0x0928, 0x0908, 0x0908, 0x0908, 0x0908, 0x0908, 0x0908, 0x0908, 0x0907, 0x0908, 0x0908,
  0x0908, 0x0908, 0x0928, 0x0908, 0x0908, 0x0928, 0x0928, 0x0928, 0x0928, 0x0928, 0x0928, 0x0928, 0x0928, 0x0928, 0x0928, 0x0928,
  0x0928, 0x0928, 0x0928, 0x0928, 0x0928, 0x0928, 0x0928, 0x0928, 0x0928, 0x0928, 0x0928, 0x0928, 0x0928, 0x0928, 0x0928, 0x0928,
  0x0949, 0x0949, 0x0949, 0x0949, 0x118A, 0x0929, 0x0949, 0x0949, 0x0949, 0x0949, 0x0949, 0x0949, 0x0929, 0x0929, 0x0949, 0x0949,
  0x0949, 0x0929, 0x0949, 0x0949, 0x0949, 0x0949, 0x096A, 0x096A, 0x096A, 0x0949, 0x0949, 0x0969, 0x118A, 0x0949, 0x096A, 0x0969,
  0x0969, 0x096A, 0x096A, 0x096A, 0x096A, 0x118A, 0x118A, 0x096A, 0x118A, 0x19CB, 0x098A, 0x118A, 0x118A, 0x118A, 0x118B, 0x118B,
  0x118B, 0x118B, 0x11AB, 0x118B, 0x11AB, 0x11AB, 0x11AC, 0x11AC, 0x11AC, 0x11CC, 0x11CC, 0x19CC, 0x19CC, 0x19CD, 0x19ED, 0x19ED,
  0x19ED, 0x220D, 0x19ED, 0x1A0D, 0x220E, 0x220E, 0x222E, 0x222E, 0x222E, 0x224E, 0x2A4F, 0x2A6F, 0x2A6F, 0x2A6F, 0x2A8F, 0x2A8F,
  0x32B0, 0x32B0, 0x32D0, 0x3AD0, 0x3AF1, 0x3B11, 0x4311, 0x4331, 0x4352, 0x4B72, 0x4B93, 0x4B93, 0x53B3, 0x53B3, 0x53D4, 0x5BF4,
  0x5BF4, 0x5BF4, 0x5BF4, 0x5BF4, 0x5C15, 0x5BF4, 0x5BF4, 0x5BF4, 0x5BD4, 0x53D4, 0x53D4, 0x53B3, 0x5393, 0x4B93, 0x4B72, 0x4B72,
  0x4B93, 0x3B11, 0x3B11, 0x3AF1, 0x3AF0, 0x3AD0, 0x32D0, 0x32B0, 0x32B0, 0x32B0, 0x2A8F, 0x2A8F, 0x2A6F, 0x2A6F, 0x2A6F, 0x2A4E,
  0x2A4E, 0x224E, 0x222E, 0x224E, 0x222E, 0x222E, 0x1A2E, 0x1A0D, 0x1A0D, 0x220D, 0x1A0D, 0x1A0D, 0x19ED, 0x19ED, 0x19ED, 0x19ED,
  0x19CC, 0x19CC, 0x19CC, 0x19CC, 0x19CC, 0x19CC, 0x19CC, 0x19CC, 0x19CC, 0x11CC, 0x11AC, 0x11CC, 0x11AC, 0x11AB, 0x11CC, 0x11CC,
  0x00E7, 0x00E7, 0x00E7, 0x00E7, 0x00E7, 0x00E7, 0x00E7, 0x00E7, 0x00E7, 0x00C7, 0x0908, 0x0908, 0x00E7, 0x0107, 0x00E7, 0x00E7,
  0x00E7, 0x00E7, 0x00E7, 0x0908, 0x0107, 0x0107, 0x00E7, 0x00E7, 0x00E7, 0x00E7, 0x00E7, 0x0107, 0x0107, 0x0107, 0x0907, 0x0907,
  0x1148, 0x0907, 0x0908, 0x0928, 0x0907, 0x0908, 0x0908, 0x0908, 0x0908, 0x0908, 0x0908, 0x0908, 0x0908, 0x0908, 0x0908, 0x0908,
  0x0908, 0x0908, 0x0908, 0x0928, 0x0928, 0x0928, 0x0928, 0x0928, 0x0908, 0x0908, 0x0928, 0x0928, 0x0928, 0x0928, 0x0928, 0x0928,
  0x0928, 0x0108, 0x19AA, 0x198A, 0x0108, 0x0948, 0x0928, 0x0928, 0x0928, 0x0928, 0x0928, 0x0928, 0x0928, 0x0929, 0x0929, 0x0929,
  0x0929, 0x0949, 0x096A, 0x0929, 0x0929, 0x0949, 0x0929, 0x0929, 0x0949, 0x0949, 0x0949, 0x0949, 0x0949, 0x0949, 0x0949, 0x0949,
  0x0949, 0x116A, 0x0949, 0x094A, 0x0949, 0x0949, 0x0949, 0x0949, 0x0949, 0x0949, 0x0949, 0x094A, 0x096A, 0x116A, 0x096A, 0x096A,
  0x096A, 0x096A, 0x096A, 0x096A, 0x096A, 0x118A, 0x116A, 0x11AB, 0x116A, 0x096A, 0x118A, 0x118B, 0x118B, 0x118B, 0x118B, 0x118B,
  0x11AB, 0x11AB, 0x11AB, 0x11AB, 0x11AB, 0x11AB, 0x11AB, 0x11AB, 0x11AC, 0x11CC, 0x19CC, 0x19CC, 0x19CC, 0x19ED, 0x19ED, 0x19ED,
  0x19ED, 0x19ED, 0x1A0D, 0x220E, 0x222E, 0x222E, 0x222E, 0x224E, 0x2A4F, 0x224E, 0x2A6F, 0x2A6F, 0x2A8F, 0x2A8F, 0x3290, 0x32B0,
  0x32B0, 0x3AD0, 0x3AF0, 0x3AF1, 0x3B11, 0x4331, 0x4352, 0x4B72, 0x4B72, 0x5393, 0x53B3, 0x53D4, 0x5BF4, 0x5BF4, 0x5C15, 0x5C15,
  0x6435, 0x6435, 0x6456, 0x6456, 0x6456, 0x6455, 0x6435, 0x6435, 0x5C35, 0x5C15, 0x5C14, 0x5BF4, 0x5BD4, 0x53D3, 0x53B3, 0x4B92,
  0x4B72, 0x4352, 0x4331, 0x4331, 0x3B11, 0x3AF0, 0x3AF0, 0x32D0, 0x32D0, 0x32B0, 0x32B0, 0x2A8F, 0x2A8F, 0x2A8F, 0x2A6F, 0x2A6F,
  0x2A4E, 0x2A4E, 0x224E, 0x222E, 0x224E, 0x222E, 0x224E, 0x2A8F, 0x1A2E, 0x222E, 0x220E, 0x220D, 0x1A0D, 0x1A0D, 0x19ED, 0x19ED,
  0x19EC, 0x19EC, 0x19EC, 0x19CC, 0x19CC, 0x19EC, 0x19CC, 0x19CC, 0x19CC, 0x19CC, 0x19CC, 0x19CC, 0x11CC, 0x11CC, 0x11CC, 0x19CC,
  0x00E7, 0x00E7, 0x00E7, 0x00E7, 0x00E7, 0x00E7, 0x00E7, 0x00E7, 0x00E7, 0x00E7, 0x00E7, 0x00E7, 0x08E7, 0x08E7, 0x00E7, 0x0907,
  0x0107, 0x0107, 0x00E7, 0x0928, 0x0908, 0x0107, 0x0907, 0x0107, 0x0928, 0x0908, 0x0107, 0x0107, 0x0907, 0x0907, 0x0908, 0x0907,
  0x0908, 0x0908, 0x0908, 0x0907, 0x0908, 0x0908, 0x0908, 0x0908, 0x0908, 0x0928, 0x0908, 0x0928, 0x0928, 0x0908, 0x0928, 0x0908,
  0x0928, 0x0928, 0x0908, 0x0908, 0x0908, 0x0928, 0x0928, 0x0928, 0x0928, 0x0928, 0x0928, 0x0928, 0x0928, 0x0928, 0x0928, 0x0928,
  0x0928, 0x0928, 0x0928, 0x0928, 0x0928, 0x0928, 0x0928, 0x0928, 0x0928, 0x0929, 0x0928, 0x0949, 0x0928, 0x0929, 0x0949, 0x0949,
  0x0949, 0x0949, 0x0929, 0x0949, 0x0929, 0x0949, 0x0949, 0x0949, 0x0949, 0x0949, 0x0949, 0x0949, 0x094A, 0x094A, 0x0949, 0x096A,
  0x116A, 0x116A, 0x0949, 0x094A, 0x0949, 0x0949, 0x094A, 0x0949, 0x0949, 0x0949, 0x0949, 0x094A, 0x096A, 0x096A, 0x096A, 0x096A,
  0x096A, 0x096A, 0x096A, 0x096A, 0x096A, 0x096A, 0x116A, 0x116A, 0x118B, 0x118B, 0x118A, 0x118B, 0x118B, 0x118B, 0x118B, 0x118B,
  0x11AB, 0x11AB, 0x11AB, 0x11AB, 0x11AC, 0x19CC, 0x11CC, 0x11AC, 0x11CC, 0x11CC, 0x11CC, 0x19CC, 0x19ED, 0x19ED, 0x19ED, 0x19ED,
  0x19ED, 0x1A0D, 0x220E, 0x220E, 0x220E, 0x222E, 0x222E, 0x224E, 0x2A4F, 0x2A6F, 0x2A6F, 0x2A6F, 0x32B0, 0x32B0, 0x32B0, 0x3AD0,
  0x3AD0, 0x3AF0, 0x3B11, 0x4311, 0x4332, 0x4B52, 0x4B72, 0x4B93, 0x53B3, 0x5BD4, 0x5BF4, 0x5C15, 0x6435, 0x6456, 0x6476, 0x6C76,
  0x6C97, 0x6C97, 0x6C97, 0x6C97, 0x6C97, 0x6C96, 0x6C97, 0x6C96, 0x6C76, 0x6C76, 0x6456, 0x6435, 0x5C15, 0x5C14, 0x5BF4, 0x53D3,
  0x5393, 0x4B92, 0x4372, 0x4352, 0x4331, 0x4331, 0x3B11, 0x3AF0, 0x3AF0, 0x3AD0, 0x32D0, 0x32D0, 0x2AAF, 0x2AAF, 0x2A8F, 0x2A8F,
  0x2A6F, 0x2A4F, 0x224F, 0x224E, 0x224E, 0x224E, 0x224E, 0x224E, 0x222E, 0x222E, 0x222E, 0x222E, 0x220D, 0x220D, 0x220D, 0x19ED,
  0x19ED, 0x19ED, 0x19ED, 0x19ED, 0x19ED, 0x19EC, 0x19CC, 0x19EC, 0x19CC, 0x19CC, 0x19CC, 0x19CC, 0x19CC, 0x19CC, 0x19CC, 0x19CC,
  0x00E7, 0x08E7, 0x0907, 0x00E7, 0x00E7, 0x00E7, 0x00E7, 0x00E7, 0x0908, 0x00E7, 0x00E7, 0x0107, 0x0107, 0x00E7, 0x00E7, 0x0107,
  0x0107, 0x0107, 0x0107, 0x00E7, 0x0107, 0x0907, 0x0908, 0x0107, 0x0908, 0x0107, 0x0908, 0x0948, 0x0107, 0x0908, 0x0108, 0x0107,
  0x0907, 0x0908, 0x0107, 0x0908, 0x0908, 0x0908, 0x0908, 0x0908, 0x0908, 0x0908, 0x0908, 0x0928, 0x0928, 0x0908, 0x0928, 0x0928,
  0x0928, 0x0928, 0x0928, 0x0928, 0x0928, 0x0928, 0x0928, 0x0928, 0x0928, 0x0928, 0x0928, 0x0929, 0x0928, 0x0928, 0x0928, 0x0928,
  0x0928, 0x0928, 0x0928, 0x0928, 0x0948, 0x0928, 0x0928, 0x0929, 0x1149, 0x0929, 0x0928, 0x0929, 0x0928, 0x0949, 0x0949, 0x0949,
  0x0949, 0x0949, 0x0949, 0x0949, 0x0949, 0x0949, 0x0949, 0x0949, 0x0949, 0x0929, 0x0949, 0x0949, 0x094A, 0x094A, 0x0949, 0x0949,
  0x094A, 0x0949, 0x0949, 0x0949, 0x0949, 0x0969, 0x0949, 0x0949, 0x0949, 0x0969, 0x096A, 0x096A, 0x096A, 0x094A, 0x118A, 0x0969,
  0x096A, 0x096A, 0x098A, 0x096A, 0x116A, 0x116A, 0x116A, 0x116A, 0x118B, 0x118B, 0x118A, 0x11AB, 0x19AC, 0x118B, 0x118B, 0x118B,
  0x118B, 0x11AB, 0x11AC, 0x11AB, 0x11AB, 0x11CC, 0x11AC, 0x11AC, 0x19CC, 0x19CC, 0x19CC, 0x19CC, 0x1A0D, 0x19ED, 0x19ED, 0x19ED,
  0x1A0E, 0x220E, 0x222E, 0x222E, 0x222E, 0x224E, 0x224E, 0x224E, 0x2A6F, 0x2A6F, 0x2A8F, 0x328F, 0x32B0, 0x32B0, 0x32D0, 0x3AD0,
  0x3AF1, 0x3B11, 0x4331, 0x4352, 0x4B72, 0x4B93, 0x53B3, 0x53D4, 0x5BF4, 0x5C15, 0x6435, 0x6C76, 0x6C97, 0x7497, 0x6C97, 0x74B7,
  0x7CD7, 0x8518, 0x8D58, 0x9579, 0x9579, 0x8D78, 0x8D38, 0x7CF7, 0x74B7, 0x74B7, 0x6CB7, 0x6C97, 0x6476, 0x5C55, 0x5C15, 0x5BF4,
  0x53D4, 0x53B3, 0x4B93, 0x4B72, 0x4B52, 0x4352, 0x4331, 0x3B11, 0x3B11, 0x3AF1, 0x32D0, 0x32D0, 0x32D0, 0x2AB0, 0x2AAF, 0x2AAF,
  0x2A8F, 0x2A6F, 0x2A6F, 0x2A4F, 0x224F, 0x224E, 0x224E, 0x222E, 0x224E, 0x222E, 0x222E, 0x222E, 0x222D, 0x220D, 0x220D, 0x220D,
  0x19ED, 0x19ED, 0x19ED, 0x19ED, 0x19ED, 0x19ED, 0x19EC, 0x19ED, 0x19ED, 0x19CC, 0x19CC, 0x19EC, 0x19CC, 0x19CC, 0x19CC, 0x19CC,
  0x0907, 0x0948, 0x00E7, 0x00E7, 0x00E7, 0x08E7, 0x08E7, 0x00E7, 0x0928, 0x0908, 0x08E7, 0x0907, 0x0907, 0x0107, 0x0107, 0x0907,
  0x0107, 0x0107, 0x0107, 0x0107, 0x0107, 0x0907, 0x0908, 0x0908, 0x00E7, 0x0908, 0x0908, 0x0928, 0x0907, 0x0908, 0x0908, 0x0107,
  0x0928, 0x0928, 0x0108, 0x0108, 0x0908, 0x0908, 0x0908, 0x0908, 0x0928, 0x0928, 0x0908, 0x0928, 0x0928, 0x0928, 0x0928, 0x0928,
  0x0928, 0x0928, 0x0928, 0x0928, 0x0928, 0x0908, 0x0928, 0x0928, 0x0928, 0x0928, 0x0928, 0x0928, 0x0928, 0x0928, 0x0928, 0x0928,
  0x0928, 0x0928, 0x0928, 0x0948, 0x0929, 0x0928, 0x0928, 0x1169, 0x19CB, 0x0929, 0x0949, 0x0949, 0x0949, 0x0949, 0x0949, 0x0949,
  0x0949, 0x0949, 0x0949, 0x0949, 0x0949, 0x0949, 0x0949, 0x0949, 0x0949, 0x0949, 0x0949, 0x0949, 0x094A, 0x094A, 0x0949, 0x094A,
  0x0949, 0x0949, 0x094A, 0x0949, 0x0949, 0x0969, 0x0949, 0x0969, 0x096A, 0x0969, 0x096A, 0x096A, 0x096A, 0x118A, 0x118A, 0x220C,
  0x11AB, 0x096A, 0x118A, 0x098A, 0x118A, 0x118A, 0x098A, 0x11AB, 0x11AB, 0x11AB, 0x118B, 0x118B, 0x11AB, 0x118B, 0x11AB, 0x11AB,
  0x11AB, 0x11AB, 0x11AB, 0x11AB, 0x11CC, 0x19CC, 0x11AC, 0x11CC, 0x19CC, 0x19CC, 0x19CC, 0x19ED, 0x19ED, 0x19ED, 0x19ED, 0x1A0D,
  0x222E, 0x222E, 0x222E, 0x222E, 0x224E, 0x224E, 0x2A4F, 0x2A6F, 0x2A6F, 0x2A8F, 0x2A8F, 0x3290, 0x32B0, 0x3AD1, 0x3AD0, 0x3AF1,
  0x4311, 0x4331, 0x4352, 0x4B73, 0x5393, 0x53D3, 0x5BF4, 0x5BF4, 0x5C35, 0x6476, 0x6CB7, 0x74B7, 0x7CD7, 0x8D58, 0xAE1A, 0xC6BC,
  0xDF5E, 0xE79F, 0xE79F, 0xEF9F, 0xE79F, 0xE79F, 0xEF9F, 0xDF5E, 0xC6BC, 0xA5FA, 0x8D38, 0x74D7, 0x6C97, 0x6C97, 0x6476, 0x5C35,
  0x5C14, 0x5BF4, 0x53D4, 0x53B3, 0x4B93, 0x4B72, 0x4352, 0x4352, 0x3B32, 0x3B11, 0x3AF1, 0x32D0, 0x32D0, 0x32B0, 0x2AB0, 0x2AB0,
  0x2A8F, 0x2A8F, 0x2A6F, 0x2A6F, 0x2A4F, 0x224F, 0x224E, 0x224E, 0x224E, 0x224E, 0x224E, 0x224E, 0x222E, 0x222D, 0x220D, 0x220D,
  0x1A0D, 0x19ED, 0x19ED, 0x19ED, 0x19ED, 0x19ED, 0x19ED, 0x19ED, 0x19ED, 0x19EC, 0x19EC, 0x19EC, 0x19EC, 0x19EC, 0x19CC, 0x19CC,
  0x0907, 0x0908, 0x00E7, 0x00E7, 0x08E7, 0x08E7, 0x08E7, 0x08E7, 0x00E7, 0x08E7, 0x08E7, 0x08E7, 0x0107, 0x0907, 0x0907, 0x0907,
  0x0907, 0x00E7, 0x00E7, 0x0107, 0x0107, 0x0107, 0x0907, 0x0908, 0x0907, 0x0907, 0x0907, 0x0107, 0x0908, 0x0908, 0x0908, 0x0908,
  0x0908, 0x0928, 0x0128, 0x0908, 0x0908, 0x0928, 0x0928, 0x0908, 0x1149, 0x1169, 0x0108, 0x0928, 0x0928, 0x0928, 0x0928, 0x0908,
  0x21CB, 0x0928, 0x0928, 0x0928, 0x0928, 0x0928, 0x0928, 0x0928, 0x0928, 0x0928, 0x0928, 0x0928, 0x0928, 0x0928, 0x0928, 0x0928,
  0x0928, 0x0928, 0x0928, 0x0948, 0x0928, 0x0928, 0x118A, 0x0949, 0x0929, 0x0949, 0x0949, 0x0949, 0x0949, 0x0949, 0x0949, 0x0949,
  0x0949, 0x0949, 0x0949, 0x0949, 0x116A, 0x19CB, 0x0929, 0x0949, 0x0949, 0x0949, 0x0949, 0x0949, 0x0949, 0x094A, 0x0949, 0x0949,
  0x0969, 0x0969, 0x096A, 0x096A, 0x096A, 0x096A, 0x0969, 0x0969, 0x096A, 0x096A, 0x096A, 0x096A, 0x096A, 0x116A, 0x096A, 0x118B,
  0x118A, 0x096A, 0x098A, 0x118A, 0x098A, 0x118B, 0x118B, 0x118B, 0x118B, 0x118B, 0x11AB, 0x118B, 0x11AB, 0x11AB, 0x11AB, 0x11AC,
  0x11AB, 0x11AC, 0x11AB, 0x11AB, 0x11AC, 0x11CC, 0x19CC, 0x19CC, 0x11CC, 0x19CC, 0x19CD, 0x19ED, 0x19ED, 0x1A0D, 0x1A0D, 0x1A0D,
  0x222E, 0x222E, 0x222E, 0x222E, 0x224E, 0x224F, 0x2A6F, 0x2A6F, 0x2A8F, 0x2A8F, 0x2AB0, 0x32B0, 0x32D0, 0x3AF1, 0x3AF1, 0x4311,
  0x4331, 0x4352, 0x4B93, 0x53B3, 0x53D4, 0x5BF4, 0x5C15, 0x6435, 0x6C76, 0x6CB7, 0x74B7, 0x9599, 0xC6DC, 0xEFBF, 0xFFFF, 0xFFFF,
  0xF7DF, 0xE79E, 0xE77E, 0xDF5E, 0xDF5E, 0xE75E, 0xEF9F, 0xF7BF, 0xEFBF, 0xE77F, 0xDF5E, 0xBEBC, 0x9579, 0x74B7, 0x6C97, 0x6C96,
  0x6456, 0x6435, 0x5BF4, 0x5BD4, 0x53B3, 0x4B93, 0x4B72, 0x4372, 0x4352, 0x3B31, 0x3B11, 0x3AF1, 0x32F0, 0x32D0, 0x32B0, 0x32B0,
  0x2AAF, 0x2A8F, 0x2A8F, 0x2A8F, 0x2A6F, 0x226F, 0x224F, 0x224E, 0x224E, 0x222E, 0x224E, 0x222E, 0x224E, 0x2A4E, 0x220D, 0x220D,
  0x220D, 0x220D, 0x220D, 0x220D, 0x21ED, 0x19ED, 0x19ED, 0x19EC, 0x19EC, 0x19EC, 0x19EC, 0x19EC, 0x19EC, 0x19EC, 0x19EC, 0x19EC,
  0x00E7, 0x00E7, 0x00E7, 0x00E7, 0x08E7, 0x08E7, 0x08E7, 0x08E7, 0x0107, 0x00E7, 0x08E7, 0x08E7, 0x0907, 0x0907, 0x08E7, 0x08E7,
  0x0907, 0x00E7, 0x00E7, 0x00E7, 0x00E7, 0x0107, 0x0107, 0x0907, 0x0908, 0x0908, 0x0108, 0x0908, 0x0908, 0x0908, 0x0908, 0x0908,
  0x0908, 0x0908, 0x0908, 0x0128, 0x0908, 0x0928, 0x0928, 0x0928, 0x0908, 0x0908, 0x0928, 0x0908, 0x0928, 0x0928, 0x0928, 0x0949,
  0x0928, 0x0928, 0x0928, 0x0928, 0x0928, 0x0949, 0x0908, 0x0928, 0x0928, 0x0928, 0x0928, 0x0928, 0x0928, 0x0928, 0x0948, 0x0928,
  0x0928, 0x0929, 0x0949, 0x0929, 0x0928, 0x0949, 0x0949, 0x0949, 0x0949, 0x0949, 0x0929, 0x0949, 0x0949, 0x0949, 0x0949, 0x0949,
  0x0949, 0x0949, 0x0949, 0x0949, 0x094A, 0x116A, 0x092A, 0x0949, 0x0949, 0x094A, 0x0949, 0x0949, 0x0949, 0x0949, 0x0949, 0x0949,
  0x0969, 0x096A, 0x0969, 0x0969, 0x116A, 0x096A, 0x096A, 0x116A, 0x096A, 0x096A, 0x096A, 0x096A, 0x096A, 0x096A, 0x116A, 0x096A,
  0x096A, 0x098A, 0x118A, 0x118A, 0x118B, 0x118B, 0x118B, 0x118B, 0x118B, 0x118B, 0x118B, 0x118B, 0x11AC, 0x11AB, 0x11AB, 0x19CC,
  0x11AB, 0x11AC, 0x11AC, 0x11AC, 0x11AC, 0x11CC, 0x19CC, 0x19CC, 0x19CC, 0x19ED, 0x19ED, 0x19ED, 0x19ED, 0x1A0D, 0x1A0E, 0x222E,
  0x222E, 0x222E, 0x224E, 0x224E, 0x2A8F, 0x2A90, 0x2A6F, 0x2A8F, 0x2A8F, 0x3290, 0x32B0, 0x32D0, 0x3AD0, 0x3AF1, 0x3B11, 0x4331,
  0x4B52, 0x4B73, 0x53B3, 0x5BD4, 0x5BF5, 0x5C35, 0x6456, 0x6C97, 0x6CB7, 0x7CF7, 0xBE9C, 0xEFBF, 0xF7DF, 0xEF9F, 0xE77E, 0xDF5E,
  0xD71D, 0xD71D, 0xD6FD, 0xCEDD, 0xCEDD, 0xC6BC, 0xC69C, 0xCEFD, 0xE75E, 0xDF5E, 0xDF5E, 0xE77E, 0xE77F, 0xC69C, 0x8D38, 0x74B7,
  0x74B7, 0x6476, 0x6435, 0x5C15, 0x5BD4, 0x53B4, 0x4B93, 0x4B72, 0x4352, 0x4352, 0x3B31, 0x3B11, 0x3B11, 0x32F1, 0x32D0, 0x32B0,
  0x32B0, 0x2A8F, 0x2A8F, 0x2A8F, 0x2A6F, 0x226F, 0x226F, 0x226F, 0x226F, 0x224E, 0x224E, 0x224E, 0x224E, 0x2A4E, 0x222E, 0x220D,
  0x220D, 0x220D, 0x220D, 0x2A4E, 0x220D, 0x19ED, 0x19ED, 0x19EC, 0x19EC, 0x19EC, 0x19EC, 0x19EC, 0x19EC, 0x19EC, 0x19EC, 0x19EC,
  0x0907, 0x00E7, 0x08E7, 0x0907, 0x08E7, 0x08E7, 0x08E7, 0x0907, 0x00E7, 0x00E7, 0x0907, 0x0907, 0x08E7, 0x08E7, 0x0907, 0x0907,
  0x0907, 0x0107, 0x0107, 0x0108, 0x0108, 0x0107, 0x0908, 0x0908, 0x0907, 0x0907, 0x0908, 0x0908, 0x0908, 0x0907, 0x0928, 0x0928,
  0x0928, 0x0928, 0x0908, 0x0128, 0x0908, 0x0928, 0x0908, 0x0928, 0x0928, 0x0928, 0x0128, 0x0928, 0x0948, 0x0928, 0x0928, 0x0928,
  0x0928, 0x0928, 0x0928, 0x0928, 0x0908, 0x0928, 0x0928, 0x0928, 0x0928, 0x0949, 0x0929, 0x0928, 0x0928, 0x0928, 0x0928, 0x0949,
  0x0949, 0x0949, 0x0949, 0x0949, 0x0949, 0x0949, 0x0949, 0x0949, 0x0949, 0x0949, 0x0949, 0x0949, 0x0949, 0x0949, 0x0949, 0x0949,
  0x094A, 0x0949, 0x0949, 0x0949, 0x0949, 0x0949, 0x094A, 0x094A, 0x094A, 0x096A, 0x096A, 0x0949, 0x0949, 0x0949, 0x096A, 0x096A,
  0x0969, 0x096A, 0x096A, 0x0969, 0x0969, 0x096A, 0x096A, 0x118A, 0x118A, 0x096A, 0x096A, 0x118B, 0x096A, 0x098A, 0x096A, 0x118A,
  0x118A, 0x118A, 0x098A, 0x118B, 0x118B, 0x118A, 0x118B, 0x118B, 0x11AB, 0x118B, 0x118B, 0x11AB, 0x11AC, 0x11AB, 0x11AB, 0x11AB,
  0x11AC, 0x11AC, 0x11AC, 0x11CC, 0x19CC, 0x19CC, 0x19CD, 0x19CD, 0x19ED, 0x19ED, 0x19ED, 0x19ED, 0x1A0D, 0x1A0D, 0x1A2E, 0x222E,
  0x222E, 0x222E, 0x224E, 0x2A4F, 0x226F, 0x2A6F, 0x2A8F, 0x2A8F, 0x2AB0, 0x32B0, 0x32D0, 0x3AD0, 0x3AF0, 0x3B11, 0x4331, 0x4352,
  0x4B73, 0x5393, 0x53D4, 0x5BF5, 0x6435, 0x6C76, 0x74B7, 0x74B7, 0x9579, 0xDF5E, 0xEFDF, 0xDF5E, 0xD71D, 0xD6FD, 0xCEDC, 0xCEDD,
  0xC6BC, 0xC69C, 0xC69C, 0xC69C, 0xC6BC, 0xBE9C, 0xBE9C, 0xC6BC, 0xD71D, 0xDF3E, 0xDF5E, 0xD71D, 0xD71D, 0xE77E, 0xDF5E, 0xA5FA,
  0x7CD7, 0x74B7, 0x6C76, 0x6436, 0x5C15, 0x5BF4, 0x53B4, 0x4B93, 0x4B73, 0x4352, 0x4332, 0x3B12, 0x3B11, 0x3AF1, 0x32F1, 0x32D0,
  0x32D0, 0x32B0, 0x2AB0, 0x2AAF, 0x2A8F, 0x2A90, 0x2A8F, 0x226F, 0x226F, 0x226F, 0x224E, 0x2A4E, 0x224E, 0x222E, 0x222E, 0x222D,
  0x222D, 0x220D, 0x220D, 0x1A0D, 0x220D, 0x220D, 0x1A0D, 0x19ED, 0x19EC, 0x19ED, 0x19EC, 0x19EC, 0x19ED, 0x19EC, 0x19EC, 0x19EC,
  0x0107, 0x00E7, 0x00E7, 0x00E7, 0x08E7, 0x08E7, 0x0907, 0x00E7, 0x0907, 0x0907, 0x0907, 0x0107, 0x0908, 0x0908, 0x0908, 0x0908,
  0x0908, 0x0907, 0x0107, 0x0907, 0x0907, 0x0908, 0x0908, 0x0908, 0x0907, 0x0907, 0x0928, 0x0928, 0x0908, 0x0107, 0x1149, 0x0948,
  0x0908, 0x0928, 0x0928, 0x0928, 0x0928, 0x0928, 0x0928, 0x0928, 0x0928, 0x0928, 0x0928, 0x0928, 0x0928, 0x0928, 0x0928, 0x0928,
  0x0928, 0x0928, 0x0928, 0x0928, 0x118A, 0x0949, 0x0928, 0x0949, 0x0929, 0x0928, 0x0928, 0x0929, 0x0949, 0x0928, 0x118A, 0x0949,
  0x0948, 0x0949, 0x0949, 0x0949, 0x0949, 0x0949, 0x0949, 0x0949, 0x0949, 0x0949, 0x0949, 0x0949, 0x0949, 0x0949, 0x0949, 0x0949,
  0x118A, 0x094A, 0x0949, 0x096A, 0x094A, 0x094A, 0x094A, 0x094A, 0x094A, 0x0949, 0x094A, 0x094A, 0x094A, 0x094A, 0x096A, 0x096A,
  0x096A, 0x096A, 0x096A, 0x096A, 0x096A, 0x096A, 0x096A, 0x096A, 0x096A, 0x096A, 0x116A, 0x118B, 0x098A, 0x116A, 0x116A, 0x118A,
  0x118A, 0x118B, 0x118A, 0x118B, 0x118B, 0x118B, 0x118B, 0x118B, 0x11AB, 0x11AB, 0x11AB, 0x11AB, 0x11AB, 0x11AB, 0x11AB, 0x11AB,
  0x11AC, 0x11CC, 0x11CC, 0x11CC, 0x19CC, 0x19CD, 0x19ED, 0x19ED, 0x19ED, 0x19ED, 0x19ED, 0x1A0D, 0x1A0D, 0x1A0E, 0x222E, 0x222E,
  0x222E, 0x224E, 0x224F, 0x226F, 0x2A8F, 0x2A8F, 0x2A8F, 0x2AB0, 0x32B0, 0x32D0, 0x3AD0, 0x3AF1, 0x3B11, 0x4331, 0x4352, 0x4B72,
  0x5393, 0x53D4, 0x5BF5, 0x6435, 0x6C56, 0x74B7, 0x74D7, 0xA5DA, 0xE79F, 0xE77E, 0xCEDD, 0xCEDD, 0xCEDD, 0xCEDD, 0xCEDD, 0xCEDD,
  0xDF1E, 0xD6FD, 0xC6BC, 0xC6BC, 0xCEFD, 0xCEDD, 0xCEDD, 0xC6BC, 0xCEDD, 0xCEDD, 0xD6FD, 0xDF3E, 0xD71D, 0xDF3D, 0xE75E, 0xEF9F,
  0xB65B, 0x7CD7, 0x74D7, 0x6C76, 0x6455, 0x5C15, 0x53F4, 0x53B4, 0x4B93, 0x4B73, 0x4352, 0x4332, 0x3B31, 0x3B11, 0x3AF1, 0x3AF1,
  0x32D0, 0x32D0, 0x32B0, 0x32B0, 0x2AAF, 0x2AAF, 0x2A8F, 0x228F, 0x226F, 0x226F, 0x224F, 0x224F, 0x224E, 0x224E, 0x222E, 0x222E,
  0x222D, 0x220D, 0x220D, 0x220D, 0x222D, 0x220D, 0x220D, 0x220D, 0x1A0D, 0x19ED, 0x19ED, 0x1A0D, 0x1A0D, 0x19EC, 0x1A0D, 0x1A0D,
  0x0907, 0x0107, 0x0907, 0x0107, 0x00E7, 0x0907, 0x0907, 0x0908, 0x0107, 0x0907, 0x0908, 0x0907, 0x0908, 0x0908, 0x0908, 0x0908,
  0x0107, 0x0107, 0x0108, 0x0108, 0x0908, 0x0908, 0x0908, 0x0908, 0x0908, 0x0908, 0x0108, 0x0908, 0x0928, 0x0928, 0x0908, 0x0928,
  0x0928, 0x0928, 0x0928, 0x0928, 0x0908, 0x0928, 0x0928, 0x0928, 0x0928, 0x0928, 0x0928, 0x0928, 0x0928, 0x0928, 0x0928, 0x0928,
  0x0928, 0x0928, 0x0928, 0x0928, 0x11AA, 0x0948, 0x0929, 0x0949, 0x0929, 0x0928, 0x0948, 0x0949, 0x0949, 0x0928, 0x118A, 0x0949,
  0x0949, 0x0949, 0x0949, 0x1149, 0x0949, 0x0949, 0x0949, 0x0949, 0x094A, 0x0949, 0x0949, 0x0949, 0x0969, 0x0949, 0x0949, 0x0949,
  0x0949, 0x0949, 0x0949, 0x094A, 0x096A, 0x094A, 0x094A, 0x096A, 0x094A, 0x096A, 0x096A, 0x096A, 0x096A, 0x116A, 0x096A, 0x096A,
  0x096A, 0x096A, 0x096A, 0x118A, 0x096A, 0x096A, 0x116A, 0x096A, 0x096A, 0x096A, 0x096A, 0x116A, 0x098A, 0x118A, 0x118B, 0x118B,
  0x118B, 0x118B, 0x118B, 0x11AB, 0x118B, 0x118B, 0x11AB, 0x11AB, 0x11AB, 0x11AB, 0x11AB, 0x11AB, 0x11AC, 0x11AB, 0x11AC, 0x11AC,
  0x19CC, 0x19CC, 0x11CC, 0x19CC, 0x19CC, 0x19ED, 0x19ED, 0x19ED, 0x19ED, 0x19ED, 0x19ED, 0x1A0D, 0x1A0D, 0x224E, 0x224E, 0x224E,
  0x224E, 0x224E, 0x224F, 0x226F, 0x32B0, 0x2A8F, 0x2A8F, 0x32B0, 0x32D0, 0x32D0, 0x3AF1, 0x3B11, 0x3B11, 0x4352, 0x4B73, 0x4B93,
  0x53B4, 0x5BF4, 0x5C15, 0x6456, 0x74B7, 0x7CD7, 0xADFA, 0xE79F, 0xD73E, 0xC6BC, 0xCEFD, 0xCEFD, 0xCEDD, 0xC69C, 0xBE7C, 0xB65B,
  0xC6BC, 0xD6FD, 0xD6FD, 0xCEDD, 0xD6FD, 0xD71E, 0xC69C, 0xBE9C, 0xC6BC, 0xBE7C, 0xC69C, 0xD71D, 0xD71D, 0xDF3D, 0xE75E, 0xDF3E,
  0xE79F, 0xB65B, 0x74D7, 0x74B7, 0x6C76, 0x6435, 0x5C15, 0x53D4, 0x53B4, 0x4B93, 0x4B72, 0x4352, 0x4332, 0x3B11, 0x3B11, 0x3AF1,
  0x32F1, 0x32D1, 0x32D0, 0x32B0, 0x2AB0, 0x2AAF, 0x2A8F, 0x2A8F, 0x226F, 0x226F, 0x2A6F, 0x226F, 0x224E, 0x224E, 0x224E, 0x222E,
  0x222D, 0x222D, 0x222D, 0x220D, 0x220D, 0x220D, 0x220D, 0x220D, 0x220D, 0x1A0D, 0x19ED, 0x1A0D, 0x1A0D, 0x19EC, 0x1A0D, 0x19ED,
  0x0907, 0x00E7, 0x0907, 0x0908, 0x0907, 0x0907, 0x0907, 0x0908, 0x0107, 0x0907, 0x0908, 0x0908, 0x0908, 0x0908, 0x0908, 0x0908,
  0x1149, 0x0928, 0x0908, 0x0908, 0x0908, 0x0908, 0x0908, 0x0908, 0x0908, 0x0107, 0x1149, 0x0928, 0x0908, 0x0908, 0x0928, 0x0928,
  0x0928, 0x0928, 0x0928, 0x0928, 0x0928, 0x0928, 0x0928, 0x0928, 0x0928, 0x0928, 0x0928, 0x0928, 0x0928, 0x0928, 0x0929, 0x0928,
  0x0928, 0x0928, 0x0929, 0x0949, 0x0929, 0x0928, 0x0949, 0x0949, 0x0948, 0x0949, 0x0949, 0x0949, 0x0949, 0x0949, 0x0929, 0x0949,
  0x0949, 0x0949, 0x0949, 0x0949, 0x0949, 0x0949, 0x1149, 0x0929, 0x2A2D, 0x19CB, 0x0929, 0x096A, 0x0969, 0x0949, 0x0949, 0x0949,
  0x0949, 0x094A, 0x096A, 0x094A, 0x094A, 0x096A, 0x096A, 0x096A, 0x096A, 0x096A, 0x096A, 0x096A, 0x096A, 0x096A, 0x096A, 0x096A,
  0x096A, 0x116A, 0x116A, 0x19EC, 0x118A, 0x096A, 0x116A, 0x11AB, 0x116A, 0x118A, 0x096A, 0x118A, 0x118A, 0x118A, 0x118B, 0x118A,
  0x118B, 0x118B, 0x118B, 0x118B, 0x19CC, 0x11AB, 0x11AB, 0x11AB, 0x11AB, 0x11AB, 0x11AB, 0x19CC, 0x19CC, 0x11AC, 0x11CC, 0x11CC,
  0x19CC, 0x19ED, 0x19CC, 0x19CD, 0x19ED, 0x19ED, 0x19ED, 0x19ED, 0x19ED, 0x1A0D, 0x220D, 0x220E, 0x222E, 0x222E, 0x224E, 0x224E,
  0x224E, 0x226F, 0x2A6F, 0x2A6F, 0x2A6F, 0x2A90, 0x32D0, 0x32D0, 0x32D0, 0x3AF1, 0x3B11, 0x4311, 0x4332, 0x4B72, 0x4B93, 0x53B3,
  0x5BD4, 0x5C14, 0x6455, 0x7497, 0x7CD7, 0x9DDA, 0xDF5E, 0xCEDD, 0xBE9C, 0xD71D, 0xCEDD, 0xBE9C, 0xADFA, 0xA5FA, 0xAE1B, 0xA5FA,
  0xADFA, 0xBE7C, 0xCEDD, 0xCEFD, 0xCEFD, 0xCEBD, 0xC6BD, 0xB65B, 0xB63B, 0xBE5C, 0xB63B, 0xCEDD, 0xDF3D, 0xDF3D, 0xDF3D, 0xDF3D,
  0xDF3D, 0xEFBF, 0xA5FA, 0x74D7, 0x6CB7, 0x6476, 0x5C35, 0x5BF5, 0x53D4, 0x4BB3, 0x4B93, 0x4352, 0x4352, 0x3B32, 0x3B11, 0x3AF1,
  0x32F1, 0x32F1, 0x32D0, 0x32D0, 0x2AB0, 0x2AB0, 0x2A8F, 0x2A8F, 0x2A6F, 0x2A6F, 0x2A6F, 0x226F, 0x224E, 0x224E, 0x224E, 0x224E,
  0x222E, 0x222E, 0x222D, 0x222D, 0x220D, 0x222D, 0x220D, 0x220D, 0x220D, 0x220D, 0x1A0D, 0x1A0D, 0x220D, 0x220D, 0x1A0D, 0x1A0D,
  0x0907, 0x0908, 0x0107, 0x0907, 0x00E7, 0x0907, 0x0908, 0x0908, 0x0908, 0x0908, 0x0108, 0x0908, 0x0928, 0x0908, 0x0908, 0x0108,
  0x1149, 0x0928, 0x0908, 0x0908, 0x0908, 0x0928, 0x0908, 0x0928, 0x0908, 0x0908, 0x0928, 0x0928, 0x0908, 0x0908, 0x0908, 0x0928,
  0x0928, 0x0908, 0x0928, 0x0928, 0x0928, 0x0928, 0x0928, 0x0928, 0x0928, 0x0928, 0x0929, 0x0928, 0x116A, 0x1149, 0x0928, 0x0929,
  0x0929, 0x0929, 0x0929, 0x0929, 0x0929, 0x0929, 0x0949, 0x0949, 0x0949, 0x0949, 0x0949, 0x0949, 0x0949, 0x0949, 0x0949, 0x0949,
  0x0949, 0x0949, 0x0949, 0x0949, 0x0949, 0x0949, 0x0949, 0x0949, 0x116A, 0x1169, 0x0949, 0x096A, 0x0969, 0x0949, 0x096A, 0x096A,
  0x0949, 0x094A, 0x0949, 0x096A, 0x094A, 0x096A, 0x096A, 0x0949, 0x096A, 0x096A, 0x096A, 0x096A, 0x096A, 0x096A, 0x096A, 0x096A,
  0x096A, 0x118A, 0x116A, 0x096A, 0x116A, 0x116A, 0x116A, 0x118B, 0x116A, 0x116A, 0x118A, 0x098A, 0x118A, 0x118B, 0x118A, 0x11AB,
  0x118B, 0x118B, 0x118B, 0x11AB, 0x11AB, 0x11AB, 0x11AB, 0x11AB, 0x11AB, 0x11AB, 0x19CC, 0x11AC, 0x11AC, 0x11AC, 0x11CC, 0x11CC,
  0x19CC, 0x19EC, 0x19ED, 0x19CD, 0x19ED, 0x19ED, 0x19ED, 0x19ED, 0x19ED, 0x19ED, 0x1A0D, 0x220E, 0x222E, 0x222E, 0x224E, 0x224E,
  0x224F, 0x226F, 0x2A6F, 0x2A6F, 0x2A8F, 0x2A90, 0x32F1, 0x32D0, 0x32D1, 0x3AF1, 0x3B11, 0x4332, 0x4352, 0x4B73, 0x5393, 0x53D4,
  0x5BF5, 0x5C35, 0x6C76, 0x74B7, 0x8D59, 0xCEFD, 0xCEDD, 0xC6BC, 0xD6FD, 0xC6BC, 0xA5FA, 0x9D99, 0x9579, 0x9DBA, 0x9DDA, 0x9DDA,
  0xADFB, 0xB63B, 0xB65B, 0xC6BC, 0xB65B, 0x9579, 0x9DBA, 0xA5FA, 0x9DBA, 0xB65C, 0xCEBD, 0xDF1D, 0xE75E, 0xDF3D, 0xDF3E, 0xDF1D,
  0xD71D, 0xDF3E, 0xDF7F, 0x8D79, 0x74D7, 0x6C97, 0x6456, 0x5C15, 0x53F5, 0x53B4, 0x4B93, 0x4B73, 0x4352, 0x4332, 0x3B11, 0x3B11,
  0x3AF1, 0x32F1, 0x32D0, 0x32D0, 0x32B0, 0x2AB0, 0x32B0, 0x2A8F, 0x2A8F, 0x2A6F, 0x2A6F, 0x226F, 0x226F, 0x224F, 0x224E, 0x224E,
  0x224E, 0x224E, 0x222E, 0x222E, 0x222D, 0x222D, 0x222D, 0x220D, 0x220D, 0x220D, 0x220D, 0x220D, 0x220D, 0x222D, 0x220D, 0x220D,
  0x0908, 0x0907, 0x0908, 0x0107, 0x1149, 0x0908, 0x0907, 0x0908, 0x0908, 0x0908, 0x0908, 0x0908, 0x0928, 0x0908, 0x0908, 0x0908,
  0x0908, 0x0908, 0x0908, 0x0908, 0x0928, 0x0928, 0x0928, 0x0928, 0x0928, 0x0928, 0x0908, 0x0908, 0x0928, 0x0928, 0x0928, 0x0928,
  0x0928, 0x0928, 0x0928, 0x0928, 0x0928, 0x0928, 0x0928, 0x0928, 0x0928, 0x0928, 0x0928, 0x0928, 0x0949, 0x0949, 0x0948, 0x0928,
  0x0949, 0x0929, 0x0929, 0x0929, 0x0949, 0x0949, 0x0949, 0x0949, 0x0949, 0x0949, 0x0949, 0x0949, 0x0949, 0x0949, 0x0949, 0x0949,
  0x0949, 0x0949, 0x0949, 0x0949, 0x0949, 0x0949, 0x0949, 0x094A, 0x0949, 0x0949, 0x0969, 0x0969, 0x0969, 0x0949, 0x116A, 0x116A,
  0x0949, 0x0969, 0x094A, 0x096A, 0x096A, 0x096A, 0x118A, 0x19CB, 0x094A, 0x096A, 0x096A, 0x096A, 0x116A, 0x118A, 0x096A, 0x096A,
  0x098A, 0x096A, 0x116A, 0x116A, 0x118A, 0x116A, 0x116A, 0x118A, 0x118A, 0x118A, 0x118A, 0x118B, 0x118B, 0x118B, 0x118B, 0x11AB,
  0x118B, 0x118B, 0x118B, 0x118B, 0x11AB, 0x11AC, 0x11AC, 0x11AB, 0x11AC, 0x11AC, 0x11AB, 0x11AC, 0x11AC, 0x11CC, 0x11CC, 0x19CC,
  0x19CC, 0x19CC, 0x19ED, 0x19ED, 0x19ED, 0x19ED, 0x220D, 0x19ED, 0x1A0D, 0x1A0D, 0x1A0D, 0x222E, 0x222E, 0x224E, 0x224E, 0x224E,
  0x226F, 0x226F, 0x2A8F, 0x2A8F, 0x2A90, 0x2AB0, 0x32D0, 0x32D0, 0x3AF1, 0x3B11, 0x3B31, 0x4332, 0x4B73, 0x4BB3, 0x53B4, 0x53D4,
  0x5C15, 0x6455, 0x6CB7, 0x7CD7, 0xB67C, 0xC6BD, 0xB65C, 0xC69C, 0xD71D, 0xB63B, 0x9579, 0x8D59, 0x8D59, 0x9579, 0x9D9A, 0x9DBA,
  0xA5FA, 0xB63B, 0xAE3B, 0xB65B, 0xA5FA, 0x8538, 0x8D59, 0x8D79, 0x9599, 0x9579, 0xB65B, 0xDF3E, 0xDF5E, 0xD71D, 0xD6FD, 0xD6FD,
  0xBE7C, 0xB65B, 0xD73E, 0xCEFD, 0x7CF8, 0x74D7, 0x6C76, 0x6435, 0x5C15, 0x53D4, 0x53B4, 0x4B73, 0x4352, 0x4332, 0x3B32, 0x3B11,
  0x3AF1, 0x32F1, 0x32F1, 0x32D0, 0x32D0, 0x32B0, 0x32B0, 0x2AB0, 0x2AAF, 0x2A8F, 0x2A8F, 0x2A6F, 0x226F, 0x226F, 0x226E, 0x224E,
  0x224E, 0x224E, 0x224E, 0x222E, 0x222E, 0x222E, 0x222E, 0x222E, 0x222E, 0x222E, 0x222D, 0x220D, 0x220D, 0x220D, 0x220D, 0x220D,
  0x0908, 0x0908, 0x0908, 0x0908, 0x1149, 0x0908, 0x0908, 0x0908, 0x0928, 0x0908, 0x0928, 0x0908, 0x0908, 0x0908, 0x0908, 0x0908,
  0x0908, 0x0908, 0x0908, 0x0928, 0x0928, 0x0908, 0x0908, 0x0928, 0x0928, 0x0928, 0x0928, 0x0928, 0x0928, 0x0928, 0x0928, 0x0928,
  0x0928, 0x0928, 0x0929, 0x0929, 0x0928, 0x0929, 0x0929, 0x0928, 0x0928, 0x0929, 0x0928, 0x0948, 0x0928, 0x0949, 0x0929, 0x0929,
  0x0949, 0x0949, 0x0949, 0x0949, 0x0949, 0x0949, 0x0949, 0x0949, 0x0949, 0x0949, 0x0949, 0x0949, 0x0949, 0x0949, 0x0949, 0x0949,
  0x0949, 0x0949, 0x094A, 0x096A, 0x0969, 0x0969, 0x0969, 0x0969, 0x096A, 0x096A, 0x096A, 0x096A, 0x0969, 0x0969, 0x0969, 0x116A,
  0x096A, 0x0949, 0x118A, 0x19AB, 0x096A, 0x116A, 0x118A, 0x11AB, 0x096A, 0x116A, 0x096A, 0x118B, 0x116A, 0x116A, 0x096A, 0x118A,
  0x096A, 0x116A, 0x116A, 0x116A, 0x118A, 0x098A, 0x118A, 0x118A, 0x118A, 0x118A, 0x118B, 0x118B, 0x118B, 0x118B, 0x11AB, 0x118B,
  0x118B, 0x118B, 0x11AB, 0x11AB, 0x11AB, 0x11AB, 0x11AC, 0x19CD, 0x11CC, 0x11AC, 0x11AC, 0x11CC, 0x19CC, 0x11CC, 0x220D, 0x19ED,
  0x19CC, 0x19EC, 0x19ED, 0x19ED, 0x19ED, 0x19ED, 0x220D, 0x1A0D, 0x1A0D, 0x1A0E, 0x1A2E, 0x222E, 0x222E, 0x222E, 0x224F, 0x226F,
  0x226F, 0x2A6F, 0x2A6F, 0x2A8F, 0x2AB0, 0x32B0, 0x32D0, 0x32F1, 0x3AF1, 0x3B11, 0x4332, 0x4352, 0x4B93, 0x53B4, 0x53D4, 0x5BF5,
  0x6435, 0x6C96, 0x74B7, 0x95BA, 0xBEBD, 0xB63B, 0xAE1B, 0xC69C, 0xC69C, 0xA5DA, 0x9599, 0x8D59, 0x8D58, 0x8D59, 0x9579, 0x9579,
  0x9599, 0xAE3B, 0xBE9C, 0xAE1B, 0x9DBA, 0x8D59, 0x8D59, 0x9579, 0x959A, 0x8D59, 0x9579, 0xC69C, 0xD6FD, 0xD6FD, 0xCEDD, 0xCEDD,
  0xAE1B, 0x9DDA, 0xAE1A, 0xDF7F, 0xA5FA, 0x74D7, 0x6CB7, 0x6456, 0x5C35, 0x5BF5, 0x53B4, 0x4B93, 0x4B73, 0x4352, 0x4332, 0x3B12,
  0x3B11, 0x32F1, 0x32F1, 0x32D1, 0x32D0, 0x32D0, 0x32B0, 0x2AB0, 0x2AB0, 0x2A8F, 0x2A8F, 0x2A8F, 0x228F, 0x226F, 0x2A6F, 0x226F,
  0x226E, 0x224E, 0x224E, 0x224E, 0x224E, 0x222E, 0x222E, 0x222E, 0x222E, 0x222E, 0x222D, 0x222D, 0x222D, 0x220D, 0x222D, 0x222D,
  0x0908, 0x0908, 0x0908, 0x0908, 0x0107, 0x0908, 0x0908, 0x0908, 0x0908, 0x0908, 0x0908, 0x0908, 0x0908, 0x0908, 0x0908, 0x0908,
  0x0908, 0x0928, 0x0908, 0x0928, 0x0928, 0x0928, 0x0928, 0x0928, 0x0928, 0x0928, 0x0928, 0x0928, 0x0928, 0x0928, 0x0928, 0x0928,
  0x0928, 0x0928, 0x0929, 0x0949, 0x0949, 0x0929, 0x0928, 0x0928, 0x0928, 0x0928, 0x0929, 0x0949, 0x0949, 0x0949, 0x0949, 0x116A,
  0x0949, 0x0949, 0x0949, 0x0949, 0x0949, 0x0949, 0x0949, 0x0949, 0x0949, 0x0949, 0x0949, 0x0949, 0x0949, 0x0949, 0x0949, 0x0949,
  0x0949, 0x0949, 0x096A, 0x118A, 0x0969, 0x0969, 0x116A, 0x0969, 0x116A, 0x116A, 0x0969, 0x094A, 0x096A, 0x096A, 0x116A, 0x116A,
  0x096A, 0x096A, 0x116A, 0x096A, 0x116A, 0x116A, 0x116A, 0x096A, 0x116A, 0x096A, 0x116A, 0x116A, 0x096A, 0x096A, 0x116A, 0x116A,
  0x116A, 0x118A, 0x116A, 0x116A, 0x098A, 0x11AB, 0x118B, 0x116A, 0x118B, 0x118B, 0x118B, 0x11AB, 0x11AB, 0x118B, 0x118B, 0x11AB,
  0x11AB, 0x11AB, 0x11AB, 0x11AB, 0x11AC, 0x11AB, 0x11AC, 0x11AC, 0x11CC, 0x11AC, 0x11AC, 0x11CC, 0x19CC, 0x19CC, 0x19CC, 0x19CC,
  0x19EC, 0x19EC, 0x19ED, 0x19ED, 0x19ED, 0x19ED, 0x19ED, 0x1A0D, 0x220E, 0x1A0E, 0x222E, 0x222E, 0x222E, 0x222E, 0x32B0, 0x32B0,
  0x224F, 0x2A8F, 0x2A8F, 0x2A90, 0x2AB0, 0x32B0, 0x32D0, 0x32F1, 0x3AF1, 0x3B11, 0x4352, 0x4372, 0x4B93, 0x53B4, 0x5BF5, 0x5C15,
  0x6476, 0x6CB7, 0x7CF8, 0xAE5C, 0xB65B, 0xAE1B, 0xAE1B, 0xB65B, 0xA5FA, 0x9DBA, 0x9599, 0x8D58, 0x8D38, 0x8D59, 0x8D58, 0x8D59,
  0xA5DA, 0xAE1B, 0xADFA, 0xB67B, 0x9DBA, 0x8538, 0x8538, 0x9579, 0x8D59, 0x8D79, 0x9579, 0xB65B, 0xC69C, 0xBE5B, 0xDF3E, 0xDF5E,
  0xBE9C, 0x9DDA, 0x9DDA, 0xCEFD, 0xCEFE, 0x7D18, 0x74D8, 0x6C76, 0x6435, 0x5BF5, 0x53D4, 0x53B4, 0x4B93, 0x4372, 0x4352, 0x3B32,
  0x3B11, 0x3B11, 0x3AF1, 0x32F1, 0x32D0, 0x32D0, 0x32D0, 0x32B0, 0x2AB0, 0x2AAF, 0x2A8F, 0x2A8F, 0x2A8F, 0x2A6F, 0x226F, 0x226F,
  0x226F, 0x224E, 0x224E, 0x2A6E, 0x2A4E, 0x224E, 0x224E, 0x222E, 0x222E, 0x222E, 0x222E, 0x222E, 0x222E, 0x222E, 0x222E, 0x222E,
  0x0908, 0x0908, 0x0908, 0x0908, 0x0908, 0x0908, 0x0908, 0x0908, 0x0908, 0x0908, 0x0908, 0x0908, 0x0908, 0x0908, 0x0928, 0x0928,
  0x0928, 0x0928, 0x0928, 0x0928, 0x0928, 0x0928, 0x0928, 0x0928, 0x0928, 0x0928, 0x0928, 0x0928, 0x0928, 0x0928, 0x0928, 0x0928,
  0x0929, 0x0928, 0x0928, 0x0928, 0x1149, 0x0949, 0x0949, 0x0929, 0x0929, 0x0949, 0x0949, 0x0949, 0x0949, 0x0949, 0x0949, 0x094A,
  0x0949, 0x0949, 0x0949, 0x0949, 0x0949, 0x0949, 0x0969, 0x0949, 0x0949, 0x0949, 0x0969, 0x0969, 0x0949, 0x094A, 0x0949, 0x0949,
  0x096A, 0x0969, 0x0969, 0x096A, 0x0969, 0x0969, 0x096A, 0x116A, 0x116A, 0x116A, 0x116A, 0x116A, 0x116A, 0x118A, 0x096A, 0x116A,
  0x096A, 0x116A, 0x116A, 0x096A, 0x096A, 0x116A, 0x116A, 0x116A, 0x096A, 0x116A, 0x118B, 0x118A, 0x096A, 0x096A, 0x116A, 0x116A,
  0x116A, 0x116A, 0x116A, 0x096A, 0x118A, 0x118B, 0x118A, 0x118B, 0x118B, 0x118B, 0x118B, 0x118B, 0x118B, 0x118B, 0x11AB, 0x11AB,
  0x11AB, 0x11CC, 0x11AB, 0x11AB, 0x11AB, 0x11AC, 0x11AC, 0x11AC, 0x11AC, 0x19CC, 0x11CC, 0x11CC, 0x19CC, 0x19CC, 0x19CC, 0x19EC,
  0x19EC, 0x19ED, 0x19ED, 0x19ED, 0x19ED, 0x1A0D, 0x1A0D, 0x220D, 0x222E, 0x222E, 0x222E, 0x222E, 0x224E, 0x224F, 0x224F, 0x2A6F,
  0x2A6F, 0x2A8F, 0x2A90, 0x2AB0, 0x32B0, 0x32D0, 0x32D0, 0x32F1, 0x3B11, 0x4332, 0x4352, 0x4B73, 0x4BB3, 0x53D4, 0x5BF5, 0x6435,
  0x6C96, 0x74B7, 0x959A, 0xB67C, 0xA61B, 0xA5FB, 0xAE1B, 0xA5FA, 0x9DBA, 0x9DB9, 0x9579, 0x8D59, 0x8D38, 0x8D59, 0x9599, 0x9DBA,
  0xAE3B, 0xAE1B, 0xADFA, 0xC69C, 0x9DDA, 0x8518, 0x8518, 0x8538, 0x8D38, 0x8D59, 0x8D38, 0x9D99, 0xAE1B, 0x9D99, 0xB63B, 0xD71D,
  0xE75E, 0xA5FA, 0x9DB9, 0xC6BC, 0xDF5E, 0x9DBA, 0x74D8, 0x6CB7, 0x6456, 0x5C15, 0x5BF4, 0x53B4, 0x4B93, 0x4393, 0x4372, 0x4352,
  0x3B32, 0x3B11, 0x32F1, 0x32F1, 0x32F1, 0x32D0, 0x32D0, 0x32D0, 0x2AB0, 0x2AB0, 0x2A90, 0x2A8F, 0x2A8F, 0x2A8F, 0x2A6F, 0x2A6F,
  0x226F, 0x2A6F, 0x2A6F, 0x2A6E, 0x2A4E, 0x224E, 0x222E, 0x222E, 0x222E, 0x2A4F, 0x222E, 0x222E, 0x222E, 0x222E, 0x222D, 0x222E,
  0x0908, 0x0908, 0x0908, 0x0908, 0x0908, 0x0908, 0x0908, 0x0908, 0x0908, 0x0908, 0x0908, 0x0928, 0x0928, 0x0928, 0x0928, 0x0928,
  0x0928, 0x0928, 0x0928, 0x0928, 0x0928, 0x0928, 0x0928, 0x0928, 0x0928, 0x0929, 0x0949, 0x0928, 0x0949, 0x0928, 0x118A, 0x0948,
  0x0949, 0x0928, 0x0929, 0x0949, 0x0929, 0x0929, 0x0949, 0x0929, 0x0929, 0x0949, 0x0949, 0x0949, 0x0949, 0x0949, 0x0949, 0x0949,
  0x0949, 0x0949, 0x0949, 0x0949, 0x0949, 0x0949, 0x094A, 0x1149, 0x0949, 0x094A, 0x0949, 0x094A, 0x094A, 0x094A, 0x0969, 0x0949,
  0x096A, 0x096A, 0x096A, 0x116A, 0x0969, 0x1169, 0x096A, 0x116A, 0x116A, 0x096A, 0x116A, 0x116A, 0x096A, 0x118A, 0x116A, 0x116A,
  0x116A, 0x116A, 0x116A, 0x116A, 0x116A, 0x116A, 0x116A, 0x116A, 0x116A, 0x116A, 0x096A, 0x116A, 0x118A, 0x116A, 0x116A, 0x118A,
  0x118A, 0x118B, 0x118A, 0x118A, 0x118B, 0x118B, 0x118B, 0x118B, 0x118B, 0x118B, 0x118B, 0x118B, 0x118B, 0x11AB, 0x11CC, 0x11AB,
  0x11AB, 0x11AB, 0x11AB, 0x11AB, 0x11AB, 0x11AC, 0x11AC, 0x11AC, 0x19CC, 0x19CC, 0x19CC, 0x19CC, 0x19CC, 0x19CC, 0x19CC, 0x19EC,
  0x19ED, 0x19ED, 0x19ED, 0x19ED, 0x19ED, 0x1A0D, 0x220D, 0x220D, 0x222E, 0x222E, 0x222E, 0x222E, 0x224F, 0x224F, 0x224F, 0x2A6F,
  0x2A8F, 0x2A90, 0x2A90, 0x2AB0, 0x32D0, 0x32D0, 0x32F1, 0x3AF1, 0x3B32, 0x4332, 0x4352, 0x4B93, 0x4BB4, 0x53D4, 0x5C15, 0x6456,
  0x6CB7, 0x74D7, 0xAE3C, 0xB65C, 0x9DDA, 0xA5FB, 0xADFB, 0xA5DA, 0x9DDA, 0x9599, 0x8D59, 0x9579, 0x8D58, 0x8D59, 0x9579, 0x8D79,
  0x8D78, 0x9DBA, 0xBE9C, 0xBE7C, 0x9DBA, 0x8D59, 0x8538, 0x9579, 0x9599, 0x8D59, 0x8D38, 0x8518, 0x8D38, 0x8D58, 0x8D38, 0xA5FA,
  0xCEDD, 0xCEFD, 0xC69C, 0xC6BC, 0xD6FD, 0xBE7C, 0x7CF8, 0x74D7, 0x6C76, 0x6435, 0x5BF5, 0x53D4, 0x4BB4, 0x4B93, 0x4373, 0x4352,
  0x3B32, 0x3B32, 0x3311, 0x32F1, 0x32F1, 0x32F1, 0x32D0, 0x32D0, 0x32B0, 0x32B0, 0x2AB0, 0x2AAF, 0x2A8F, 0x2A8F, 0x2A8F, 0x2A8F,
  0x2A6F, 0x2A6F, 0x2A6E, 0x2A6F, 0x224E, 0x224E, 0x224E, 0x224E, 0x222E, 0x224E, 0x222E, 0x222E, 0x222E, 0x222E, 0x222E, 0x222E,
  0x0908, 0x0908, 0x0908, 0x0908, 0x0908, 0x0908, 0x0908, 0x0908, 0x0928, 0x0928, 0x0928, 0x0928, 0x0928, 0x0928, 0x0928, 0x0928,
  0x0928, 0x0928, 0x0928, 0x0928, 0x0928, 0x0929, 0x0929, 0x0929, 0x0928, 0x1169, 0x1169, 0x0929, 0x0949, 0x0928, 0x0928, 0x1169,
  0x0949, 0x0949, 0x0949, 0x0949, 0x0949, 0x0949, 0x0949, 0x0949, 0x0949, 0x0949, 0x0949, 0x0949, 0x0949, 0x0949, 0x0949, 0x0949,
  0x0949, 0x0949, 0x0949, 0x0949, 0x1149, 0x094A, 0x094A, 0x0949, 0x096A, 0x096A, 0x0949, 0x0969, 0x094A, 0x0949, 0x096A, 0x096A,
  0x096A, 0x096A, 0x096A, 0x096A, 0x096A, 0x116A, 0x116A, 0x116A, 0x096A, 0x116A, 0x116A, 0x116A, 0x116A, 0x19CB, 0x116A, 0x116A,
  0x116A, 0x116A, 0x19AB, 0x118B, 0x096A, 0x118A, 0x118A, 0x116A, 0x118A, 0x116A, 0x118A, 0x118A, 0x118B, 0x118B, 0x116A, 0x118B,
  0x118B, 0x118A, 0x118B, 0x118B, 0x118B, 0x118B, 0x118B, 0x118B, 0x11AB, 0x118B, 0x118B, 0x11AB, 0x11AB, 0x11AB, 0x11CB, 0x11AB,
  0x11AB, 0x11CB, 0x11AB, 0x11AB, 0x11AB, 0x11AC, 0x11AC, 0x19CC, 0x19CC, 0x19CC, 0x19EC, 0x19ED, 0x19ED, 0x19CC, 0x19EC, 0x19EC,
  0x19ED, 0x19ED, 0x1A0D, 0x19ED, 0x1A0D, 0x1A0D, 0x220D, 0x1A0E, 0x222E, 0x222E, 0x222E, 0x224E, 0x224F, 0x226F, 0x226F, 0x226F,
  0x2A90, 0x2AB0, 0x2AB0, 0x32D0, 0x32D0, 0x32F1, 0x3AF1, 0x3B11, 0x4332, 0x4352, 0x4373, 0x4B93, 0x53D4, 0x5BF5, 0x5C35, 0x6476,
  0x74B7, 0x8518, 0xBE9D, 0xA61B, 0x9DBA, 0xAE3B, 0xB65B, 0xA5FA, 0x9579, 0x9579, 0x9DBA, 0x9579, 0x959A, 0x9599, 0x9599, 0x9579,
  0x8D38, 0xA5FB, 0xB65B, 0xA5DA, 0x9DBA, 0xA5FB, 0xA5DA, 0xA5FA, 0xB63C, 0x8538, 0x8518, 0x8539, 0x8D38, 0x8539, 0x8518, 0x9579,
  0xAE1B, 0xBE7B, 0xD71E, 0xD71D, 0xD6FD, 0xC6DD, 0x8518, 0x74D8, 0x6C97, 0x6456, 0x5C15, 0x53F5, 0x4BD4, 0x4BB3, 0x4393, 0x4373,
  0x3B52, 0x3B52, 0x3B32, 0x3311, 0x32F1, 0x32F1, 0x32F0, 0x32D0, 0x32B0, 0x3AF1, 0x32D0, 0x2AB0, 0x2AB0, 0x2A8F, 0x2A8F, 0x2A8F,
  0x2A8F, 0x2A6F, 0x2A6F, 0x2A6F, 0x2A6E, 0x2A6E, 0x224E, 0x224E, 0x224E, 0x222E, 0x222E, 0x224E, 0x224E, 0x222E, 0x222E, 0x222E,
  0x0928, 0x0928, 0x0928, 0x0928, 0x0928, 0x0928, 0x0908, 0x0928, 0x0928, 0x0948, 0x1149, 0x0928, 0x0928, 0x0928, 0x0928, 0x0928,
  0x0928, 0x0928, 0x0928, 0x0928, 0x0929, 0x0929, 0x0929, 0x0929, 0x0929, 0x0929, 0x0929, 0x0949, 0x0949, 0x0929, 0x1149, 0x19AA,
  0x0929, 0x1149, 0x0949, 0x0949, 0x0949, 0x1149, 0x0949, 0x0949, 0x0949, 0x0949, 0x1149, 0x0949, 0x0949, 0x0949, 0x0949, 0x0949,
  0x0949, 0x0949, 0x0949, 0x0949, 0x096A, 0x118A, 0x096A, 0x094A, 0x096A, 0x096A, 0x096A, 0x0949, 0x094A, 0x094A, 0x096A, 0x096A,
  0x094A, 0x116A, 0x096A, 0x116A, 0x116A, 0x118A, 0x116A, 0x116A, 0x096A, 0x116A, 0x118A, 0x096A, 0x118A, 0x11AB, 0x096A, 0x118A,
  0x118A, 0x118A, 0x118A, 0x118A, 0x118A, 0x116A, 0x118A, 0x118A, 0x118A, 0x118A, 0x116A, 0x118A, 0x118B, 0x118B, 0x118B, 0x118B,
  0x118B, 0x118B, 0x118B, 0x118B, 0x118B, 0x118B, 0x118B, 0x11AB, 0x11AB, 0x11AB, 0x11AB, 0x11AB, 0x11AB, 0x11AB, 0x11AB, 0x19CC,
  0x11AB, 0x11AC, 0x11AC, 0x11AC, 0x19CC, 0x11CC, 0x19CC, 0x19CC, 0x19CC, 0x19CC, 0x19CC, 0x19ED, 0x19ED, 0x19ED, 0x19ED, 0x19ED,
  0x19ED, 0x19ED, 0x19ED, 0x1A0D, 0x1A0D, 0x1A0D, 0x220E, 0x222E, 0x1A2E, 0x224E, 0x224F, 0x224F, 0x224F, 0x226F, 0x226F, 0x226F,
  0x2A90, 0x2AB0, 0x32B0, 0x32D0, 0x32D1, 0x32F1, 0x32F1, 0x3B11, 0x4332, 0x4352, 0x4373, 0x4BB3, 0x53D4, 0x53F5, 0x6436, 0x6C97,
  0x74B7, 0x959A, 0xC6DD, 0xA5FB, 0x9DBA, 0xB65C, 0xB63B, 0x9DBA, 0x9579, 0x9599, 0x9DDA, 0x9DB9, 0x9599, 0x9DB9, 0xA5DA, 0xA5FA,
  0xA5DA, 0xA5FB, 0x9DDA, 0x8D59, 0x8538, 0x9579, 0x9DBA, 0xAE1B, 0xA5FB, 0x7CF7, 0x8518, 0x8518, 0x8538, 0x8539, 0x8539, 0x9579,
  0xAE1B, 0x9DDA, 0xA5FA, 0xBE9C, 0xCEDC, 0xCEFD, 0x8D59, 0x74D8, 0x6CB7, 0x6476, 0x5C36, 0x5415, 0x53F4, 0x4BB4, 0x4B93, 0x4373,
  0x3B52, 0x4373, 0x3B32, 0x3B11, 0x3311, 0x32F1, 0x32F1, 0x32D0, 0x32D0, 0x32D0, 0x32B0, 0x2AB0, 0x2AB0, 0x2A90, 0x2A8F, 0x2A8F,
  0x2A8F, 0x2A6F, 0x2A6F, 0x2A6E, 0x2A6E, 0x2A6E, 0x2A4E, 0x224E, 0x224E, 0x224E, 0x224E, 0x224E, 0x222E, 0x222E, 0x222E, 0x222E,
  0x0928, 0x0928, 0x0928, 0x0928, 0x0928, 0x0928, 0x0928, 0x0928, 0x0928, 0x0928, 0x0928, 0x0929, 0x0929, 0x0928, 0x0929, 0x0928,
  0x0928, 0x0929, 0x0949, 0x0929, 0x0929, 0x0949, 0x0949, 0x0929, 0x0949, 0x0929, 0x0929, 0x0949, 0x0949, 0x0949, 0x0949, 0x0949,
  0x0949, 0x0949, 0x0949, 0x1149, 0x1149, 0x1149, 0x0949, 0x0949, 0x1149, 0x0949, 0x0949, 0x0949, 0x1149, 0x0949, 0x0949, 0x1149,
  0x1149, 0x114A, 0x0949, 0x1169, 0x0949, 0x118A, 0x116A, 0x096A, 0x096A, 0x116A, 0x096A, 0x096A, 0x116A, 0x096A, 0x116A, 0x116A,
  0x096A, 0x116A, 0x116A, 0x096A, 0x096A, 0x116A, 0x116A, 0x116A, 0x116A, 0x096A, 0x116A, 0x096A, 0x118B, 0x118A, 0x116A, 0x116A,
  0x118B, 0x118A, 0x118A, 0x118A, 0x118A, 0x116A, 0x118A, 0x118A, 0x118A, 0x116A, 0x118B, 0x118B, 0x118B, 0x118B, 0x118B, 0x096B,
  0x19EC, 0x19EC, 0x116A, 0x118B, 0x118B, 0x118B, 0x11AB, 0x11AB, 0x11AB, 0x11AB, 0x11AB, 0x11AB, 0x11AB, 0x11AB, 0x11AB, 0x19CC,
  0x11AC, 0x19AC, 0x11AC, 0x19CC, 0x19CC, 0x19CC, 0x19CC, 0x19EC, 0x19ED, 0x19CC, 0x19ED, 0x19EC, 0x19EC, 0x19ED, 0x19ED, 0x19ED,
  0x19ED, 0x19ED, 0x1A0D, 0x1A0D, 0x1A0D, 0x1A0D, 0x222E, 0x222E, 0x222E, 0x224E, 0x224F, 0x224F, 0x226F, 0x226F, 0x2A6F, 0x2A70,
  0x2A90, 0x2AB0, 0x32B0, 0x32D1, 0x32F1, 0x32F1, 0x3B11, 0x3B32, 0x3B32, 0x4352, 0x4393, 0x4B94, 0x53D4, 0x5415, 0x6456, 0x6C97,
  0x74B7, 0xA5FB, 0xC6DD, 0xA5DA, 0x95BA, 0x9DBA, 0x9DBA, 0x9DDA, 0x8D59, 0x9599, 0xA5FA, 0xB65B, 0xAE1B, 0xB63B, 0xB63B, 0xAE1B,
  0x9DBA, 0x8518, 0x8538, 0x9DBA, 0x8D59, 0x8538, 0x9DDA, 0xC69C, 0xBE7C, 0x8D38, 0x8539, 0x8519, 0x8518, 0x8539, 0x8D59, 0x9579,
  0xA5FA, 0x9DBA, 0x9579, 0xA5FA, 0xC6BC, 0xD71E, 0x959A, 0x74D8, 0x6CB7, 0x6476, 0x6456, 0x5C15, 0x53F5, 0x4BD4, 0x4BB4, 0x4373,
  0x4373, 0x4353, 0x3B32, 0x3B32, 0x3B11, 0x3311, 0x32F1, 0x32F0, 0x32D0, 0x32D0, 0x32D0, 0x32B0, 0x2AB0, 0x2AAF, 0x2A8F, 0x2A8F,
  0x2A8F, 0x2A8F, 0x2A8F, 0x2A6F, 0x2A6E, 0x2A6E, 0x2A6E, 0x2A4E, 0x224E, 0x224E, 0x2A4E, 0x224E, 0x224E, 0x222E, 0x222D, 0x222D,
  0x0928, 0x0928, 0x0928, 0x0948, 0x0928, 0x0928, 0x0928, 0x0929, 0x0929, 0x0929, 0x0928, 0x0929, 0x0949, 0x0928, 0x0929, 0x0929,
  0x0949, 0x0929, 0x1149, 0x1149, 0x0929, 0x1149, 0x1169, 0x0928, 0x0949, 0x0949, 0x0949, 0x0949, 0x0949, 0x0949, 0x1149, 0x1149,
  0x1149, 0x0949, 0x0949, 0x0949, 0x1149, 0x1149, 0x1149, 0x1149, 0x1149, 0x1149, 0x0949, 0x0949, 0x0949, 0x0949, 0x0969, 0x1149,
  0x1149, 0x114A, 0x1149, 0x094A, 0x094A, 0x094A, 0x096A, 0x096A, 0x116A, 0x116A, 0x116A, 0x096A, 0x116A, 0x116A, 0x116A, 0x116A,
  0x116A, 0x116A, 0x096A, 0x116A, 0x096A, 0x118B, 0x11AB, 0x096A, 0x098A, 0x116A, 0x118A, 0x118A, 0x116A, 0x116A, 0x116A, 0x118A,
  0x118A, 0x118A, 0x118A, 0x118A, 0x118B, 0x118B, 0x118A, 0x118A, 0x118B, 0x118B, 0x118A, 0x118B, 0x118B, 0x118B, 0x118B, 0x118B,
  0x118B, 0x118B, 0x118B, 0x118B, 0x19CC, 0x11AB, 0x11AB, 0x11AB, 0x11AB, 0x11AB, 0x11AB, 0x11AB, 0x11CB, 0x11AB, 0x11AB, 0x11CC,
  0x19CC, 0x11AC, 0x11CC, 0x19CC, 0x19CC, 0x19CC, 0x19CC, 0x220D, 0x222D, 0x19CC, 0x19EC, 0x19EC, 0x19ED, 0x19EC, 0x19ED, 0x19ED,
  0x1A0D, 0x19ED, 0x226F, 0x222E, 0x1A0D, 0x1A0E, 0x222E, 0x222E, 0x222E, 0x224E, 0x224E, 0x224F, 0x226F, 0x2A6F, 0x2A70, 0x2A90,
  0x2A90, 0x2AB0, 0x32B1, 0x32D1, 0x32D1, 0x32F1, 0x3B12, 0x3B32, 0x3B52, 0x4373, 0x4B93, 0x4BB4, 0x53F4, 0x5C15, 0x6456, 0x6CB7,
  0x74D7, 0xAE3B, 0xBEBD, 0x9DBA, 0x959A, 0x959A, 0x9579, 0xA5DB, 0x9DBA, 0x9579, 0xB65C, 0xBE9C, 0xC6BC, 0xC6BC, 0xB65B, 0xAE3B,
  0x9DDA, 0x8D59, 0xA5DA, 0xBE7C, 0xBE7C, 0xB65B, 0xC69C, 0xD6FD, 0xC6BC, 0xA5FB, 0x8538, 0x8538, 0x8538, 0x9DBA, 0xB65C, 0xB65B,
  0xA5FA, 0x9DBA, 0x9DBA, 0xA5FA, 0xBE9C, 0xD73E, 0xA5DA, 0x74D8, 0x74B7, 0x6477, 0x6456, 0x5C35, 0x5415, 0x53F4, 0x4BB4, 0x4393,
  0x4393, 0x4353, 0x3B52, 0x3B32, 0x3B32, 0x3B11, 0x32F1, 0x32F1, 0x32F0, 0x32D0, 0x32D0, 0x32D0, 0x32B0, 0x32B0, 0x2AB0, 0x32B0,
  0x32B0, 0x2A8F, 0x2A8F, 0x2A6F, 0x2A6F, 0x2A6F, 0x2A4E, 0x2A6E, 0x2A4E, 0x2A4E, 0x224E, 0x224E, 0x224E, 0x2A4E, 0x2A4E, 0x2A4E,
  0x0928, 0x0928, 0x0948, 0x0928, 0x0949, 0x0929, 0x0949, 0x0929, 0x0929, 0x0929, 0x0929, 0x0929, 0x0928, 0x0928, 0x0948, 0x0949,
  0x0949, 0x0949, 0x0949, 0x0949, 0x0949, 0x0949, 0x0929, 0x0949, 0x0949, 0x0949, 0x0949, 0x0949, 0x0949, 0x1149, 0x0949, 0x1149,
  0x0949, 0x0969, 0x0949, 0x0949, 0x0969, 0x0949, 0x0949, 0x0949, 0x0949, 0x0949, 0x1149, 0x0949, 0x1149, 0x0949, 0x0949, 0x1149,
  0x114A, 0x1149, 0x1149, 0x116A, 0x096A, 0x116A, 0x116A, 0x096A, 0x116A, 0x116A, 0x116A, 0x116A, 0x116A, 0x116A, 0x116A, 0x116A,
  0x116A, 0x116A, 0x116A, 0x116A, 0x118A, 0x118A, 0x118A, 0x118A, 0x118A, 0x118A, 0x116A, 0x118B, 0x19AB, 0x118A, 0x118A, 0x118A,
  0x118A, 0x118B, 0x118B, 0x118B, 0x11AB, 0x11AB, 0x116B, 0x118B, 0x118A, 0x118B, 0x118B, 0x118B, 0x118B, 0x118B, 0x118B, 0x118B,
  0x11AB, 0x11AB, 0x118B, 0x11AB, 0x11AB, 0x11AB, 0x11AB, 0x11AB, 0x11AB, 0x11AB, 0x11AB, 0x11AB, 0x11CC, 0x11CC, 0x11CB, 0x19CC,
  0x19CC, 0x19CC, 0x19CC, 0x19CC, 0x19CC, 0x19CC, 0x19CC, 0x19EC, 0x19EC, 0x19ED, 0x19EC, 0x19EC, 0x19ED, 0x19ED, 0x19ED, 0x19ED,
  0x19ED, 0x1A0D, 0x1A0D, 0x1A0D, 0x1A2E, 0x222E, 0x222E, 0x222E, 0x224E, 0x224E, 0x224F, 0x224F, 0x226F, 0x2A6F, 0x2A6F, 0x2A90,
  0x2A90, 0x2AB0, 0x32D1, 0x32D1, 0x3B32, 0x3B32, 0x3B12, 0x3B32, 0x3B52, 0x4373, 0x4B93, 0x4BB4, 0x53F5, 0x5C35, 0x6456, 0x74B7,
  0x74D7, 0xB67C, 0xBEBD, 0x9DDA, 0x9599, 0x9599, 0x9579, 0x9DDA, 0xAE1B, 0x9599, 0xA61B, 0xBE7C, 0xCEDC, 0xCEDD, 0xAE1A, 0xA5FA,
  0x9579, 0x8518, 0xAE1B, 0xB63B, 0xBE7C, 0xCEDD, 0xD71D, 0xE75E, 0xD71D, 0xC69C, 0xA5FA, 0x9DDA, 0x9599, 0xA5FA, 0xCEDD, 0xCEDC,
  0xBE7C, 0x9DBA, 0x9D99, 0xB63B, 0xD71D, 0xDF5E, 0xAE1B, 0x74D7, 0x74D7, 0x6C97, 0x6456, 0x5C36, 0x5415, 0x53F4, 0x4BB4, 0x4B93,
  0x4393, 0x4373, 0x3B53, 0x3B32, 0x3B32, 0x3B32, 0x3311, 0x32F1, 0x32F1, 0x32F1, 0x32D0, 0x32D0, 0x32B0, 0x32B0, 0x3290, 0x32B0,
  0x32D0, 0x2A8F, 0x2A8F, 0x2A8F, 0x2A6F, 0x2A6F, 0x2A6F, 0x2A6E, 0x2A4E, 0x2A4F, 0x2A4E, 0x2A4E, 0x2A4E, 0x2A4E, 0x2A4E, 0x2A4E,
  0x0928, 0x0928, 0x0929, 0x0929, 0x0949, 0x0929, 0x0949, 0x0929, 0x0949, 0x0949, 0x0929, 0x0949, 0x198A, 0x0929, 0x0949, 0x0949,
  0x0949, 0x0949, 0x0949, 0x0949, 0x0949, 0x1169, 0x0949, 0x0949, 0x1149, 0x1149, 0x1149, 0x1149, 0x0949, 0x1149, 0x0949, 0x0949,
  0x1149, 0x096A, 0x0949, 0x1149, 0x0949, 0x116A, 0x116A, 0x0949, 0x0949, 0x116A, 0x0949, 0x0949, 0x1149, 0x0949, 0x0949, 0x1169,
  0x114A, 0x096A, 0x116A, 0x116A, 0x116A, 0x116A, 0x096A, 0x116A, 0x116A, 0x116A, 0x116A, 0x116A, 0x116A, 0x116A, 0x116A, 0x116A,
  0x116A, 0x116A, 0x116A, 0x118A, 0x118A, 0x118A, 0x118A, 0x118A, 0x118A, 0x118A, 0x118A, 0x118A, 0x116A, 0x118A, 0x118B, 0x118B,
  0x118B, 0x118B, 0x118B, 0x118B, 0x118B, 0x118B, 0x118B, 0x118B, 0x118B, 0x118B, 0x118B, 0x118B, 0x118B, 0x118B, 0x118B, 0x11AB,
  0x19CC, 0x11AB, 0x11AB, 0x11AB, 0x11AB, 0x11AB, 0x11AB, 0x11AB, 0x11AB, 0x11AB, 0x11CB, 0x11AB, 0x11CB, 0x19CC, 0x19CC, 0x19CC,
  0x19CC, 0x19CC, 0x19CC, 0x19EC, 0x19CC, 0x19CC, 0x19EC, 0x19EC, 0x19ED, 0x1A0D, 0x19ED, 0x19ED, 0x19ED, 0x19ED, 0x19ED, 0x1A0D,
  0x1A0D, 0x1A0E, 0x1A0E, 0x1A0D, 0x220E, 0x222E, 0x222E, 0x222E, 0x224E, 0x224E, 0x224F, 0x224F, 0x226F, 0x2A6F, 0x2A8F, 0x2A90,
  0x2AB0, 0x2AB0, 0x32D1, 0x32D1, 0x3B12, 0x3B12, 0x3B12, 0x3B52, 0x4353, 0x4373, 0x4B93, 0x53D4, 0x53F5, 0x5C35, 0x6456, 0x74B7,
  0x74D7, 0xBE9C, 0xCEFD, 0x9DBA, 0x959A, 0x8D79, 0x8D59, 0xA5FA, 0xBE9C, 0xA5FA, 0x9DBA, 0xB65B, 0xB63B, 0xAE1A, 0x9599, 0x9579,
  0x9579, 0x8D59, 0x9579, 0x9D99, 0xB63B, 0xCEDD, 0xD71D, 0xD71D, 0xD71D, 0xD6FD, 0xDF3E, 0xCEFD, 0xA5DA, 0xAE1B, 0xCEDD, 0xD71D,
  0xC6BC, 0xAE1A, 0x9DB9, 0xB65B, 0xD71D, 0xDF5E, 0xAE1B, 0x74F8, 0x74D8, 0x6C97, 0x6476, 0x5C36, 0x5415, 0x53F4, 0x4BB4, 0x4B94,
  0x4393, 0x4373, 0x4353, 0x3B53, 0x3B32, 0x3B32, 0x3B12, 0x3311, 0x32F1, 0x32F1, 0x32D1, 0x32D0, 0x32D0, 0x32B0, 0x32B0, 0x2A8F,
  0x2A8F, 0x328F, 0x2A8F, 0x2A8F, 0x2A8F, 0x2A6F, 0x2A6F, 0x2A6F, 0x2A6E, 0x2A6F, 0x2A6F, 0x2A6F, 0x2A6E, 0x2A4E, 0x2A4E, 0x2A4E,
  0x0929, 0x0929, 0x0929, 0x0929, 0x0929, 0x0929, 0x0929, 0x0929, 0x1149, 0x0949, 0x0949, 0x1149, 0x198A, 0x0949, 0x0949, 0x0949,
  0x0949, 0x0949, 0x0949, 0x0949, 0x0969, 0x116A, 0x0949, 0x0949, 0x0949, 0x0949, 0x0949, 0x0949, 0x114A, 0x1149, 0x1149, 0x1169,
  0x1169, 0x116A, 0x116A, 0x1169, 0x0969, 0x1169, 0x116A, 0x1149, 0x1149, 0x1149, 0x1169, 0x094A, 0x1149, 0x116A, 0x118A, 0x1169,
  0x116A, 0x116A, 0x116A, 0x118A, 0x116A, 0x116A, 0x116A, 0x116A, 0x116A, 0x116A, 0x116A, 0x116A, 0x116A, 0x118A, 0x118B, 0x118A,
  0x116A, 0x118A, 0x118B, 0x118A, 0x118A, 0x118A, 0x118A, 0x118A, 0x118A, 0x118A, 0x118B, 0x118A, 0x118B, 0x118A, 0x118A, 0x118A,
  0x116A, 0x118B, 0x118B, 0x118B, 0x118B, 0x118B, 0x118B, 0x11AB, 0x11AB, 0x118B, 0x11AB, 0x11AB, 0x118B, 0x11AB, 0x11AB, 0x118B,
  0x11AB, 0x11AB, 0x11AB, 0x11AB, 0x11AB, 0x11AB, 0x11AB, 0x11AB, 0x11AB, 0x11AB, 0x11CB, 0x11AB, 0x11CC, 0x19CC, 0x11CC, 0x19CC,
  0x19CC, 0x19CC, 0x19CC, 0x19CC, 0x19CC, 0x19EC, 0x19EC, 0x19ED, 0x19ED, 0x19ED, 0x1A0D, 0x19ED, 0x19ED, 0x1A0D, 0x1A0D, 0x1A0D,
  0x1A0D, 0x1A0D, 0x1A0D, 0x1A0E, 0x220E, 0x222E, 0x222E, 0x224E, 0x224E, 0x224F, 0x224F, 0x226F, 0x2A6F, 0x2A8F, 0x2A90, 0x2A90,
  0x2AB0, 0x32B1, 0x32D1, 0x32D1, 0x32F1, 0x3B12, 0x3B32, 0x3B52, 0x4353, 0x4373, 0x4BB4, 0x53D4, 0x53F5, 0x5C35, 0x6476, 0x74B7,
  0x74D7, 0xBE9C, 0xDF5E, 0xA5FA, 0x95BA, 0x8D79, 0x8D59, 0x9DDA, 0xBE7C, 0xA5FB, 0xA5DA, 0xAE1B, 0xB65B, 0xB65B, 0xA5FA, 0x9D99,
  0x9599, 0x9DBA, 0xAE3B, 0xADFA, 0xB65B, 0xCEDC, 0xD6FD, 0xD6FD, 0xD6FD, 0xDF3D, 0xE77E, 0xCEBC, 0xB63B, 0xB63B, 0xC6BC, 0xD6FD,
  0xD71E, 0xC69C, 0xB65B, 0xBE7B, 0xCEDD, 0xD73E, 0xA5FA, 0x74F8, 0x74D8, 0x6C97, 0x6476, 0x5C36, 0x5C15, 0x53F5, 0x4BD4, 0x4BB4,
  0x4393, 0x4373, 0x4373, 0x3B53, 0x3B32, 0x3B32, 0x3B32, 0x3311, 0x32F1, 0x32F1, 0x32F0, 0x32D0, 0x32D0, 0x32D0, 0x32B0, 0x32B0,
  0x32B0, 0x32AF, 0x328F, 0x328F, 0x2A8F, 0x2A6F, 0x2A6F, 0x2A6F, 0x2A6F, 0x2A6F, 0x2A6F, 0x2A6F, 0x2A6F, 0x2A6F, 0x2A8F, 0x2A6E,
  0x0929, 0x0929, 0x0929, 0x0929, 0x0929, 0x0949, 0x0929, 0x0929, 0x0949, 0x0949, 0x0949, 0x0949, 0x0929, 0x0949, 0x0949, 0x0949,
  0x0949, 0x1149, 0x0949, 0x0949, 0x0949, 0x0949, 0x0949, 0x0949, 0x0949, 0x0949, 0x114A, 0x1149, 0x1149, 0x1149, 0x1169, 0x1149,
  0x1169, 0x116A, 0x116A, 0x116A, 0x1169, 0x1169, 0x1169, 0x1169, 0x1149, 0x1169, 0x116A, 0x1169, 0x116A, 0x116A, 0x116A, 0x116A,
  0x116A, 0x116A, 0x116A, 0x116A, 0x116A, 0x116A, 0x116A, 0x116A, 0x118A, 0x116A, 0x116A, 0x116A, 0x118A, 0x116A, 0x19CC, 0x118A,
  0x118A, 0x118A, 0x118A, 0x118B, 0x118A, 0x118A, 0x118A, 0x118B, 0x118B, 0x118B, 0x118B, 0x118B, 0x118A, 0x118B, 0x116A, 0x19EC,
  0x21EC, 0x116B, 0x11AB, 0x11AB, 0x118B, 0x118B, 0x118B, 0x11AB, 0x118B, 0x11AB, 0x11AB, 0x11AB, 0x118B, 0x220D, 0x19CC, 0x118B,
  0x11AB, 0x11AB, 0x11AB, 0x11AB, 0x11AB, 0x11AC, 0x19CC, 0x11AB, 0x11AB, 0x11CB, 0x11AB, 0x11AB, 0x11CC, 0x11CC, 0x19CC, 0x19CC,
  0x19CC, 0x19CC, 0x19CC, 0x19CC, 0x19CC, 0x19EC, 0x19EC, 0x19ED, 0x19ED, 0x19ED, 0x19ED, 0x19ED, 0x1A0D, 0x19ED, 0x19ED, 0x1A0D,
  0x1A0D, 0x1A0D, 0x220E, 0x222E, 0x222E, 0x222E, 0x222E, 0x224E, 0x224E, 0x224F, 0x224F, 0x226F, 0x2A6F, 0x2A8F, 0x2A90, 0x2A90,
  0x32B0, 0x32B1, 0x32D1, 0x32F1, 0x32F2, 0x3B12, 0x3B32, 0x3B52, 0x4373, 0x4393, 0x4BB4, 0x53D4, 0x53F5, 0x5C35, 0x6476, 0x74B7,
  0x74D7, 0xB65B, 0xEFBF, 0xAE3B, 0x9599, 0x8D9A, 0x8539, 0x8D59, 0xA5DA, 0x9DBA, 0x9599, 0xA5FA, 0xAE1B, 0xADFA, 0xAE1A, 0xA5FA,
  0xADFB, 0xBE7C, 0xCEDD, 0xC6BD, 0xC6BC, 0xCEDD, 0xDF1D, 0xDF3E, 0xD71D, 0xDF1D, 0xE75E, 0xDF3E, 0xD71D, 0xCEDC, 0xBE7C, 0xB63B,
  0xCEDD, 0xD6FD, 0xCEDD, 0xBE9B, 0xCEDD, 0xD71E, 0x9DBA, 0x7CF8, 0x74D8, 0x6C97, 0x6476, 0x5C36, 0x5C15, 0x53F5, 0x4BD4, 0x4BB4,
  0x4394, 0x4373, 0x4373, 0x3B53, 0x3B52, 0x3B32, 0x3B32, 0x3B11, 0x32F1, 0x32F1, 0x32F1, 0x32D0, 0x32D0, 0x32D0, 0x32D0, 0x32D0,
  0x32D0, 0x32B0, 0x328F, 0x328F, 0x328F, 0x328F, 0x328F, 0x328F, 0x2A8F, 0x2A8F, 0x2A6F, 0x2A6F, 0x2A8F, 0x222D, 0x21EC, 0x19AA,
  0x0949, 0x0949, 0x0949, 0x0949, 0x0949, 0x0929, 0x1149, 0x0949, 0x0949, 0x1149, 0x1149, 0x0949, 0x1149, 0x0949, 0x0949, 0x0949,
  0x1149, 0x1149, 0x1149, 0x1149, 0x1149, 0x0949, 0x0949, 0x1149, 0x1149, 0x1149, 0x1149, 0x1149, 0x1149, 0x116A, 0x198B, 0x1149,
  0x116A, 0x1169, 0x116A, 0x116A, 0x1169, 0x116A, 0x116A, 0x116A, 0x116A, 0x116A, 0x116A, 0x116A, 0x116A, 0x116A, 0x1169, 0x118A,
  0x118A, 0x116A, 0x116A, 0x116A, 0x116A, 0x116A, 0x116A, 0x118A, 0x118A, 0x118A, 0x118A, 0x118A, 0x118A, 0x118A, 0x118A, 0x118A,
  0x118A, 0x118A, 0x118A, 0x118A, 0x118B, 0x11AB, 0x118B, 0x118B, 0x118B, 0x118B, 0x118B, 0x118B, 0x118B, 0x118B, 0x118B, 0x11AB,
  0x11AB, 0x118B, 0x11AB, 0x118B, 0x118B, 0x118B, 0x118B, 0x11AB, 0x118B, 0x11AB, 0x11AB, 0x11AB, 0x11AB, 0x118B, 0x11AB, 0x11AB,
  0x11AB, 0x11AB, 0x11AB, 0x11AB, 0x11AB, 0x11AB, 0x11AB, 0x11AB, 0x11CB, 0x11AB, 0x11AB, 0x19CC, 0x19CC, 0x19CC, 0x19CC, 0x19CC,
  0x19CC, 0x19CC, 0x19EC, 0x19ED, 0x19EC, 0x19ED, 0x220D, 0x19ED, 0x19ED, 0x19ED, 0x19ED, 0x1A0D, 0x1A0D, 0x1A0D, 0x19ED, 0x19ED,
  0x1A0D, 0x1A0E, 0x220E, 0x222E, 0x222E, 0x222E, 0x222E, 0x224E, 0x224E, 0x226F, 0x226F, 0x2A6F, 0x2A6F, 0x2A8F, 0x2A90, 0x2A90,
  0x32B1, 0x32B1, 0x32F1, 0x32F1, 0x3AF2, 0x3B12, 0x3B32, 0x3B52, 0x4373, 0x4373, 0x4BB4, 0x4BD4, 0x53F5, 0x5C35, 0x6456, 0x74B7,
  0x74D8, 0xA5DA, 0xEFDF, 0xBE7C, 0x8D79, 0x8D79, 0x8539, 0x8518, 0x8D59, 0x8D58, 0x9599, 0x9DBA, 0x9DBA, 0x9579, 0xAE1B, 0xB63B,
  0xA5FA, 0xBE7C, 0xC6BC, 0xC6BC, 0xBE9C, 0xCEDC, 0xD6FD, 0xD6FD, 0xD6FD, 0xDF3E, 0xDF3E, 0xE75E, 0xEF9F, 0xD71D, 0xBE5B, 0xADFA,
  0xCEDD, 0xCEDD, 0xBE7B, 0xCEDD, 0xDF3D, 0xD73E, 0x9599, 0x7CF8, 0x74D7, 0x6C97, 0x6476, 0x5C36, 0x5415, 0x53F5, 0x4BD4, 0x4BB4,
  0x4393, 0x4373, 0x4373, 0x4353, 0x3B52, 0x3B32, 0x3B32, 0x3B12, 0x3B11, 0x32F1, 0x32F1, 0x32F1, 0x32D0, 0x32D0, 0x3AF1, 0x328F,
  0x2A4D, 0x328F, 0x32D0, 0x32B0, 0x328F, 0x328F, 0x328F, 0x328F, 0x328F, 0x2A8F, 0x2A8F, 0x328F, 0x220D, 0x1169, 0x1169, 0x198A,
  0x0949, 0x0949, 0x0949, 0x0949, 0x0949, 0x1149, 0x1149, 0x1149, 0x1149, 0x1149, 0x1149, 0x1149, 0x1149, 0x1149, 0x1149, 0x1149,
  0x1149, 0x1149, 0x1149, 0x1149, 0x1149, 0x1149, 0x1149, 0x1149, 0x1169, 0x1149, 0x1149, 0x1169, 0x1169, 0x1169, 0x1149, 0x1169,
  0x1169, 0x1169, 0x1169, 0x1169, 0x1169, 0x116A, 0x116A, 0x116A, 0x116A, 0x116A, 0x116A, 0x116A, 0x116A, 0x116A, 0x116A, 0x116A,
  0x116A, 0x116A, 0x116A, 0x118A, 0x19AB, 0x116A, 0x116A, 0x116A, 0x116A, 0x118A, 0x118A, 0x118A, 0x118A, 0x118A, 0x118B, 0x118B,
  0x118B, 0x118B, 0x118A, 0x118A, 0x118B, 0x11AB, 0x118B, 0x118B, 0x118B, 0x118B, 0x118B, 0x11AB, 0x118B, 0x11AB, 0x118B, 0x118B,
  0x118B, 0x11AB, 0x11AB, 0x11AB, 0x19CB, 0x19EC, 0x118B, 0x11AB, 0x11AB, 0x11AB, 0x11AB, 0x11AB, 0x11AB, 0x11AB, 0x11AB, 0x11AB,
  0x11AB, 0x11AB, 0x11CB, 0x11CC, 0x11CC, 0x11AB, 0x19AB, 0x19CC, 0x11AC, 0x11CB, 0x19CC, 0x11CC, 0x220D, 0x19EC, 0x19CC, 0x19CC,
  0x19CC, 0x19CC, 0x19EC, 0x19EC, 0x19EC, 0x19EC, 0x19ED, 0x19ED, 0x19ED, 0x19ED, 0x19ED, 0x19ED, 0x1A0D, 0x1A0D, 0x19ED, 0x1A0D,
  0x1A0D, 0x1A0D, 0x220E, 0x222E, 0x222E, 0x222E, 0x224E, 0x224F, 0x224F, 0x226F, 0x226F, 0x2A6F, 0x2A8F, 0x2A90, 0x2A90, 0x2AB0,
  0x2AB0, 0x32B1, 0x32D1, 0x32F1, 0x3AF2, 0x3B12, 0x3B32, 0x3B52, 0x4373, 0x4393, 0x4BB4, 0x4BD4, 0x53F5, 0x5C35, 0x6456, 0x6C97,
  0x74D8, 0x8D59, 0xE77F, 0xD71E, 0x959A, 0x8D79, 0x8D79, 0x8539, 0x8D59, 0x8538, 0x9579, 0xADFB, 0x9DBA, 0x8D59, 0xA5DA, 0xB65C,
  0xA5BA, 0x9DBA, 0xBE9C, 0xC6BD, 0xC69C, 0xC69C, 0xC6BC, 0xCEFD, 0xD71D, 0xD6FD, 0xD71D, 0xDF3E, 0xE77E, 0xDF3E, 0xBE7C, 0xB63B,
  0xBE9C, 0xCEBC, 0xCEDD, 0xDF3E, 0xE77E, 0xCF1E, 0x8559, 0x7D18, 0x74D8, 0x6C97, 0x6476, 0x5C36, 0x5C15, 0x53F5, 0x4BD4, 0x4BB4,
  0x4394, 0x4393, 0x4373, 0x4353, 0x3B53, 0x3B52, 0x3B32, 0x3B32, 0x3B12, 0x3311, 0x32F1, 0x32F1, 0x3B11, 0x3B11, 0x2A2D, 0x08E7,
  0x00A6, 0x1129, 0x21EC, 0x222D, 0x2A6F, 0x328F, 0x328F, 0x328F, 0x328F, 0x328F, 0x32AF, 0x2A4E, 0x118A, 0x19AA, 0x19AA, 0x198A,
  0x0949, 0x1149, 0x0949, 0x1149, 0x1149, 0x1149, 0x1149, 0x1149, 0x1149, 0x0949, 0x1149, 0x1149, 0x1149, 0x1149, 0x1149, 0x1149,
  0x1149, 0x1149, 0x1149, 0x1169, 0x1149, 0x1149, 0x1169, 0x1149, 0x116A, 0x1169, 0x1169, 0x116A, 0x1169, 0x1169, 0x1169, 0x1169,
  0x1169, 0x1169, 0x116A, 0x116A, 0x116A, 0x116A, 0x116A, 0x116A, 0x116A, 0x116A, 0x116A, 0x116A, 0x116A, 0x116A, 0x116A, 0x118A,
  0x116A, 0x116A, 0x116A, 0x118B, 0x220D, 0x116A, 0x118B, 0x118A, 0x118A, 0x118B, 0x118B, 0x118A, 0x118A, 0x118B, 0x118B, 0x118B,
  0x118B, 0x11AB, 0x118B, 0x118B, 0x118B, 0x118B, 0x118B, 0x118B, 0x118B, 0x11AB, 0x11AB, 0x11AB, 0x11AB, 0x11AB, 0x11AB, 0x11AB,
  0x11AB, 0x11AB, 0x19CC, 0x19CC, 0x11AB, 0x19CC, 0x11AB, 0x11AB, 0x11AB, 0x11AB, 0x11AB, 0x11AB, 0x11AB, 0x11AB, 0x11AB, 0x19CB,
  0x11AB, 0x19AB, 0x19CB, 0x19CB, 0x19CC, 0x19CC, 0x19CC, 0x19CC, 0x19CC, 0x19CC, 0x19CC, 0x19CC, 0x19CC, 0x19CC, 0x19CC, 0x19CC,
  0x19EC, 0x19ED, 0x19CC, 0x19EC, 0x19EC, 0x19EC, 0x19ED, 0x19ED, 0x19ED, 0x19ED, 0x1A0D, 0x1A0D, 0x1A0D, 0x1A0D, 0x1A0D, 0x220D,
  0x1A0D, 0x1A0D, 0x222E, 0x222E, 0x222E, 0x224E, 0x224E, 0x224F, 0x224F, 0x226F, 0x2A6F, 0x2A6F, 0x2A90, 0x2A90, 0x2AB0, 0x2AB0,
  0x32B1, 0x32D1, 0x32D1, 0x32F1, 0x3B12, 0x3B12, 0x3B32, 0x3B52, 0x4373, 0x4393, 0x4BB4, 0x4BB4, 0x53F5, 0x5C35, 0x6456, 0x6C97,
  0x74D8, 0x7D18, 0xCEFD, 0xD73E, 0xB65C, 0x8D79, 0x8D79, 0x8D59, 0x8D59, 0x8D59, 0x8D59, 0xAE3B, 0x9599, 0x7CF8, 0x8D38, 0xA5DA,
  0xAE1B, 0x9D99, 0xAE1B, 0xC69C, 0xC6BC, 0xC6BC, 0xCEFD, 0xD6FD, 0xD71E, 0xCEFD, 0xD71D, 0xDF1D, 0xDF3E, 0xE75E, 0xD6FD, 0xD6FD,
  0xCEDD, 0xD71D, 0xDF3E, 0xE75E, 0xEF9F, 0xBEBC, 0x8518, 0x7CF8, 0x74B7, 0x6C97, 0x6476, 0x5C36, 0x5415, 0x53F5, 0x53D4, 0x4BB4,
  0x4B94, 0x4394, 0x4373, 0x4373, 0x4353, 0x3B52, 0x3B52, 0x3B32, 0x3B32, 0x3B32, 0x3B11, 0x3B11, 0x2A4D, 0x1989, 0x00A6, 0x00C6,
  0x08E6, 0x00C6, 0x0928, 0x1149, 0x0949, 0x2A2D, 0x32B0, 0x32B0, 0x32AF, 0x326E, 0x21EC, 0x118A, 0x19AA, 0x19AA, 0x198A, 0x198A,
  0x1149, 0x1149, 0x1149, 0x1149, 0x1149, 0x1149, 0x1149, 0x1149, 0x1149, 0x1149, 0x1149, 0x1149, 0x1149, 0x1149, 0x1149, 0x1149,
  0x1149, 0x1149, 0x1149, 0x1169, 0x1169, 0x1169, 0x1169, 0x116A, 0x1169, 0x1169, 0x116A, 0x116A, 0x116A, 0x1169, 0x116A, 0x1169,
  0x116A, 0x116A, 0x118A, 0x116A, 0x116A, 0x116A, 0x116A, 0x116A, 0x116A, 0x116A, 0x116A, 0x116A, 0x116A, 0x116A, 0x116A, 0x116A,
  0x118A, 0x118B, 0x118B, 0x118A, 0x118A, 0x118A, 0x118B, 0x118A, 0x118A, 0x118B, 0x118B, 0x118B, 0x118B, 0x118B, 0x118B, 0x11AB,
  0x118B, 0x118B, 0x11AB, 0x118B, 0x118B, 0x118B, 0x11AB, 0x11AB, 0x11AB, 0x11AB, 0x11AB, 0x11AB, 0x11AB, 0x11AB, 0x11AB, 0x11AB,
  0x11AB, 0x11AB, 0x11AB, 0x11AB, 0x11AB, 0x11AB, 0x11AB, 0x11AB, 0x11CB, 0x11AB, 0x11AB, 0x11CC, 0x11AC, 0x19CC, 0x19EC, 0x11CB,
  0x19AB, 0x19CB, 0x19CC, 0x19CC, 0x19CC, 0x19EC, 0x19EC, 0x19CC, 0x19CC, 0x19CC, 0x19CC, 0x19CC, 0x19CC, 0x19CC, 0x19CC, 0x19CC,
  0x19EC, 0x19EC, 0x19EC, 0x19EC, 0x19EC, 0x19EC, 0x19ED, 0x19ED, 0x19ED, 0x1A0D, 0x1A0D, 0x1A0D, 0x1A0D, 0x1A0D, 0x1A0D, 0x1A0D,
  0x1A0E, 0x1A2E, 0x222E, 0x222E, 0x222E, 0x222E, 0x224E, 0x224F, 0x226F, 0x226F, 0x2A6F, 0x2A6F, 0x2A6F, 0x32B0, 0x32B0, 0x2AB0,
  0x32D1, 0x32D1, 0x32D1, 0x32F1, 0x3AF2, 0x3B12, 0x3B32, 0x3B52, 0x4373, 0x4393, 0x4BB4, 0x4BD4, 0x53F5, 0x5C15, 0x6456, 0x6C77,
  0x74D8, 0x74F8, 0xAE3B, 0xDF3E, 0xCEFD, 0xA5FA, 0x9599, 0x9599, 0x9579, 0x9599, 0x8D59, 0x8D59, 0x9579, 0x9579, 0x9579, 0x959A,
  0xA5DA, 0x9D9A, 0x9DBA, 0xC6BC, 0xCEFD, 0xCEBC, 0xD6FD, 0xCEDD, 0xCEDD, 0xD71D, 0xD71D, 0xD6FD, 0xE75E, 0xE75E, 0xDF3D, 0xD71D,
  0xD6FD, 0xE75E, 0xEF9F, 0xEF9F, 0xE79F, 0xA5FA, 0x8519, 0x7CF8, 0x6CB7, 0x6C97, 0x6476, 0x5C36, 0x5C15, 0x53F5, 0x53D5, 0x4BB4,
  0x4B94, 0x4394, 0x4373, 0x4373, 0x4353, 0x4353, 0x3B52, 0x4373, 0x32AF, 0x2A2D, 0x3B11, 0x21EB, 0x0085, 0x0085, 0x00A5, 0x08E6,
  0x08E6, 0x0908, 0x0928, 0x0928, 0x1149, 0x1149, 0x21EC, 0x2A4D, 0x19CB, 0x198A, 0x116A, 0x118A, 0x116A, 0x1169, 0x1169, 0x198A,
  0x1149, 0x1149, 0x1149, 0x1149, 0x1149, 0x1149, 0x1149, 0x1149, 0x1169, 0x1149, 0x1169, 0x1149, 0x0969, 0x1169, 0x1169, 0x1149,
  0x1149, 0x1149, 0x1149, 0x116A, 0x116A, 0x1169, 0x116A, 0x116A, 0x116A, 0x116A, 0x116A, 0x116A, 0x116A, 0x116A, 0x116A, 0x116A,
  0x116A, 0x118A, 0x116A, 0x116A, 0x116A, 0x116A, 0x116A, 0x116A, 0x116A, 0x116A, 0x116A, 0x116A, 0x116A, 0x116A, 0x118A, 0x118A,
  0x118A, 0x118B, 0x118B, 0x118A, 0x118A, 0x118A, 0x118B, 0x118B, 0x118B, 0x11AB, 0x11AB, 0x118B, 0x118B, 0x11AB, 0x11AB, 0x118B,
  0x19AB, 0x19AB, 0x118B, 0x11AB, 0x19AB, 0x19AB, 0x11AB, 0x11AB, 0x11AB, 0x11AB, 0x11AB, 0x11AB, 0x11AB, 0x11AB, 0x11AB, 0x19CB,
  0x19EC, 0x11AB, 0x11AB, 0x11AB, 0x11AB, 0x11AB, 0x11AB, 0x11AB, 0x11CC, 0x19CB, 0x11CC, 0x11CC, 0x11CC, 0x19CC, 0x19CC, 0x11CB,
  0x19CC, 0x19CC, 0x19CC, 0x19EC, 0x19EC, 0x19EC, 0x19EC, 0x19CC, 0x19EC, 0x19CC, 0x19CC, 0x19CC, 0x19CC, 0x19CC, 0x19EC, 0x19EC,
  0x19EC, 0x19ED, 0x19EC, 0x19EC, 0x19ED, 0x19ED, 0x19ED, 0x19ED, 0x1A0D, 0x220D, 0x1A0D, 0x220D, 0x1A0D, 0x1A0D, 0x1A0D, 0x1A0D,
  0x220E, 0x222E, 0x222E, 0x222E, 0x222E, 0x224F, 0x224F, 0x224F, 0x224F, 0x2A6F, 0x2A6F, 0x2A6F, 0x2A90, 0x2A90, 0x2A90, 0x32B0,
  0x32B1, 0x32D1, 0x32D1, 0x32F2, 0x3B12, 0x3B12, 0x3B32, 0x3B52, 0x4373, 0x4373, 0x4BB4, 0x4BB4, 0x53F5, 0x5415, 0x6436, 0x6476,
  0x6CB7, 0x74F8, 0x8D59, 0xDF5E, 0xE77E, 0xCEDD, 0xB65B, 0xAE3B, 0xAE1B, 0xBE7C, 0x9DDA, 0x8538, 0x8518, 0xAE1B, 0x9D99, 0x9579,
  0x9599, 0x9579, 0x9DBA, 0xCEFD, 0xD6FD, 0xCEDD, 0xCEDD, 0xCEDD, 0xDF3D, 0xDF3E, 0xD71D, 0xDF1D, 0xE75E, 0xDF3E, 0xDF3D, 0xDF1D,
  0xDF3E, 0xE75E, 0xEF9F, 0xEF9F, 0xD71E, 0x8D59, 0x8539, 0x74F8, 0x74B8, 0x6C97, 0x6476, 0x5C36, 0x5C16, 0x53F5, 0x4BD5, 0x4BB4,
  0x4B94, 0x4B94, 0x4374, 0x4353, 0x4373, 0x4353, 0x4353, 0x4331, 0x0908, 0x00A5, 0x0907, 0x00A5, 0x08A5, 0x08C6, 0x00A6, 0x08C6,
  0x08C6, 0x08C6, 0x0907, 0x0908, 0x08E7, 0x1149, 0x1169, 0x0949, 0x0908, 0x1169, 0x19AA, 0x118A, 0x116A, 0x116A, 0x198A, 0x19AB,
  0x1149, 0x1149, 0x1149, 0x1149, 0x1149, 0x1169, 0x116A, 0x116A, 0x1169, 0x1169, 0x1169, 0x116A, 0x0969, 0x1169, 0x1169, 0x1169,
  0x1169, 0x116A, 0x116A, 0x116A, 0x116A, 0x116A, 0x116A, 0x116A, 0x118A, 0x118A, 0x116A, 0x116A, 0x116A, 0x118A, 0x116A, 0x118A,
  0x116A, 0x1169, 0x118A, 0x116A, 0x116A, 0x118A, 0x116A, 0x118A, 0x116A, 0x116A, 0x118A, 0x118A, 0x116A, 0x116A, 0x118A, 0x118A,
  0x118A, 0x118A, 0x118A, 0x118B, 0x118A, 0x118B, 0x118B, 0x118B, 0x118B, 0x11AB, 0x19AB, 0x11AB, 0x11AB, 0x11AB, 0x11AB, 0x118B,
  0x19CC, 0x19CC, 0x11AB, 0x11AB, 0x19AB, 0x19CC, 0x11AB, 0x19CC, 0x11AB, 0x11AB, 0x19AB, 0x11AB, 0x19AB, 0x11AB, 0x11AB, 0x11AB,
  0x19CC, 0x11AB, 0x11CB, 0x19CB, 0x11CB, 0x11CB, 0x11CB, 0x19CC, 0x19EC, 0x19CC, 0x19CB, 0x19CC, 0x19CC, 0x19CC, 0x19CC, 0x19CC,
  0x19CC, 0x19EC, 0x19EC, 0x19EC, 0x19EC, 0x19EC, 0x19EC, 0x19EC, 0x19EC, 0x19EC, 0x19EC, 0x19EC, 0x19EC, 0x19EC, 0x19EC, 0x19ED,
  0x19ED, 0x19ED, 0x19ED, 0x19ED, 0x19ED, 0x19ED, 0x19ED, 0x19ED, 0x1A0D, 0x1A0D, 0x220E, 0x220D, 0x220D, 0x1A0D, 0x1A0D, 0x1A2E,
  0x220E, 0x222E, 0x222E, 0x222E, 0x222E, 0x224E, 0x224F, 0x224F, 0x226F, 0x2A6F, 0x2A6F, 0x2A8F, 0x2A90, 0x2A90, 0x2AB0, 0x2AB0,
  0x32D1, 0x32D1, 0x32D1, 0x32F2, 0x3B12, 0x3B12, 0x3B32, 0x3B52, 0x4353, 0x4373, 0x4B94, 0x4BB4, 0x53F5, 0x5415, 0x5C36, 0x6457,
  0x6C97, 0x74F8, 0x7CF8, 0xBE7C, 0xE77F, 0xDF5E, 0xD71D, 0xBE7C, 0xBE9C, 0xC69C, 0xA5FB, 0x8D59, 0xA5FB, 0xA5DB, 0x9DBA, 0xA5DB,
  0x9DBA, 0x8D59, 0x9599, 0xBE7C, 0xD6FD, 0xD71D, 0xDF3E, 0xDF1D, 0xE75E, 0xDF1D, 0xD71D, 0xE75E, 0xDF3E, 0xDF3D, 0xD71D, 0xDF3E,
  0xE75E, 0xE77E, 0xEF7E, 0xE79F, 0xAE1B, 0x8539, 0x7D18, 0x74D8, 0x6CB8, 0x6C97, 0x6456, 0x5C36, 0x5C16, 0x53F5, 0x53D5, 0x4BB5,
  0x4BB4, 0x4B94, 0x4374, 0x4373, 0x4373, 0x4373, 0x4373, 0x116A, 0x0085, 0x08C6, 0x00C6, 0x08C6, 0x08C6, 0x00A5, 0x08C6, 0x08C6,
  0x00A5, 0x00A5, 0x0085, 0x00A6, 0x1149, 0x116A, 0x116A, 0x118B, 0x116A, 0x08E7, 0x00E7, 0x1169, 0x198A, 0x198B, 0x19AB, 0x19AB,
  0x1169, 0x1149, 0x1169, 0x1169, 0x1169, 0x1169, 0x1169, 0x118A, 0x1169, 0x116A, 0x116A, 0x116A, 0x1169, 0x116A, 0x116A, 0x116A,
  0x118A, 0x116A, 0x116A, 0x116A, 0x116A, 0x118A, 0x118A, 0x118A, 0x118A, 0x118A, 0x118A, 0x118A, 0x118A, 0x118A, 0x118A, 0x116A,
  0x19CB, 0x222C, 0x116A, 0x19AB, 0x118A, 0x118A, 0x118A, 0x118A, 0x118A, 0x118A, 0x118A, 0x118A, 0x118A, 0x118A, 0x118A, 0x118A,
  0x118A, 0x118A, 0x118A, 0x118B, 0x118B, 0x11AB, 0x11AB, 0x11AB, 0x11AB, 0x11AB, 0x11AB, 0x11AB, 0x11AB, 0x11AB, 0x11AB, 0x11AB,
  0x11AB, 0x11AB, 0x11AB, 0x11AB, 0x11AB, 0x11AB, 0x19AB, 0x19AB, 0x11AB, 0x19AB, 0x19AB, 0x19AB, 0x19CC, 0x19CB, 0x19AB, 0x19AB,
  0x11AB, 0x19CB, 0x19EC, 0x19CB, 0x19CC, 0x19CC, 0x19CC, 0x19CB, 0x19CC, 0x19CC, 0x19CC, 0x19CC, 0x19CC, 0x19CC, 0x19CC, 0x19CC,
  0x19CC, 0x19CC, 0x19EC, 0x19EC, 0x19EC, 0x19EC, 0x19EC, 0x19EC, 0x19EC, 0x19EC, 0x19EC, 0x19EC, 0x19EC, 0x19EC, 0x19EC, 0x19ED,
  0x19ED, 0x19ED, 0x19ED, 0x19ED, 0x1A0D, 0x1A0D, 0x19ED, 0x1A0D, 0x1A0D, 0x1A0D, 0x220D, 0x220D, 0x220D, 0x220E, 0x1A0E, 0x1A0D,
  0x222E, 0x222E, 0x222E, 0x222E, 0x222E, 0x224E, 0x224F, 0x226F, 0x2A6F, 0x2A6F, 0x2A8F, 0x2A8F, 0x2A8F, 0x2A90, 0x2AB0, 0x2AB0,
  0x32D1, 0x32D1, 0x32F1, 0x32F2, 0x3B12, 0x3B12, 0x3B32, 0x4353, 0x4353, 0x4393, 0x4B94, 0x4BB4, 0x53D4, 0x53F5, 0x5C36, 0x6456,
  0x6C97, 0x74D7, 0x7CF8, 0x8D79, 0xDF5E, 0xE75E, 0xDF1D, 0xCEDC, 0xCEDD, 0xAE1B, 0x8518, 0x7CF8, 0xA5FB, 0x9DBA, 0x9D9A, 0x9DBA,
  0x8D79, 0x8D79, 0x9579, 0xB65B, 0xDF3E, 0xE75E, 0xE77E, 0xE77E, 0xDF3E, 0xDF3D, 0xE75E, 0xE73E, 0xDF3E, 0xDF3D, 0xDF3E, 0xDF3E,
  0xE75E, 0xE77E, 0xE77E, 0xC6DD, 0x8539, 0x8539, 0x7CF8, 0x74D8, 0x6CB8, 0x6477, 0x6456, 0x5C36, 0x5C15, 0x53F5, 0x53D5, 0x4BD5,
  0x4BB4, 0x4B94, 0x4374, 0x4373, 0x4353, 0x4B94, 0x32AF, 0x00A6, 0x08C6, 0x08C6, 0x08C6, 0x08C6, 0x08C6, 0x08C6, 0x08C6, 0x00A6,
  0x0085, 0x0085, 0x0085, 0x0085, 0x08E7, 0x19AB, 0x0929, 0x116A, 0x19AB, 0x118A, 0x08E7, 0x00C6, 0x118A, 0x198B, 0x118B, 0x19AB,
  0x1169, 0x1149, 0x1169, 0x1169, 0x1169, 0x116A, 0x1169, 0x118A, 0x220C, 0x1169, 0x118A, 0x118A, 0x116A, 0x116A, 0x116A, 0x116A,
  0x118A, 0x116A, 0x118A, 0x118A, 0x198A, 0x198A, 0x118A, 0x118A, 0x118A, 0x118A, 0x118A, 0x118A, 0x118A, 0x118A, 0x118A, 0x118A,
  0x19AA, 0x19AB, 0x116A, 0x118A, 0x118A, 0x118A, 0x118A, 0x118A, 0x118A, 0x118A, 0x118A, 0x118B, 0x118B, 0x118A, 0x11AB, 0x11AB,
  0x118A, 0x118B, 0x118B, 0x11AB, 0x11AB, 0x19AB, 0x11AB, 0x11AB, 0x11AB, 0x11AB, 0x11AB, 0x11AB, 0x11AB, 0x19AB, 0x19AB, 0x11AB,
  0x19AB, 0x19AB, 0x19AB, 0x19AB, 0x19AB, 0x19AB, 0x19AB, 0x19CB, 0x19AB, 0x19CB, 0x19AB, 0x19CB, 0x19CB, 0x19CC, 0x19CB, 0x19CB,
  0x19CC, 0x19CC, 0x19CC, 0x19CC, 0x19CC, 0x19CC, 0x19CC, 0x19CC, 0x19CC, 0x19CC, 0x19CC, 0x19CC, 0x19EC, 0x19CC, 0x19EC, 0x19EC,
  0x19EC, 0x19EC, 0x19EC, 0x19EC, 0x19EC, 0x19EC, 0x19EC, 0x19EC, 0x19EC, 0x19EC, 0x19EC, 0x19EC, 0x19EC, 0x19EC, 0x19EC, 0x19ED,
  0x19ED, 0x1A0D, 0x1A0D, 0x19ED, 0x220D, 0x1A0D, 0x19ED, 0x1A0D, 0x220D, 0x220D, 0x220D, 0x220D, 0x220E, 0x1A0D, 0x2A4E, 0x4331,
  0x1A0D, 0x222E, 0x224E, 0x224E, 0x224E, 0x224F, 0x224E, 0x2A4F, 0x2A6F, 0x2A6F, 0x2A6F, 0x2A8F, 0x2A8F, 0x2AB0, 0x2AB0, 0x2AD0,
  0x2AD1, 0x32D1, 0x32F1, 0x32F1, 0x3B12, 0x3B12, 0x3B33, 0x3B33, 0x4373, 0x4393, 0x4B94, 0x4BB4, 0x53D4, 0x53F5, 0x5C35, 0x6456,
  0x6C77, 0x6CB7, 0x7CF8, 0x7CF8, 0xAE3B, 0xEFDF, 0xE77E, 0xDF3E, 0xD6FD, 0xB65C, 0x8D79, 0x7D18, 0x8D59, 0xA5FB, 0x9DBA, 0xAE3B,
  0xAE1B, 0xAE1B, 0xBE7C, 0xDF3E, 0xEF7E, 0xEF9E, 0xEF7E, 0xE77E, 0xE75E, 0xE75E, 0xDF3E, 0xDF3D, 0xDF3D, 0xDF3E, 0xE75E, 0xE77E,
  0xE77E, 0xE75E, 0xDF3E, 0x959A, 0x7D39, 0x7D19, 0x74D8, 0x74D8, 0x6C97, 0x6477, 0x6456, 0x5C36, 0x5415, 0x53F5, 0x53D5, 0x4BB5,
  0x4BB4, 0x4B94, 0x4394, 0x4B94, 0x4B94, 0x4352, 0x1148, 0x00C6, 0x08C6, 0x08C6, 0x08C6, 0x08C6, 0x08E7, 0x08E6, 0x00A5, 0x00A5,
  0x0085, 0x00A5, 0x08E7, 0x00A5, 0x00A5, 0x0908, 0x198A, 0x11AB, 0x19AB, 0x11AB, 0x19AB, 0x0928, 0x1169, 0x116A, 0x116A, 0x0908,
  0x116A, 0x1169, 0x1169, 0x1169, 0x116A, 0x116A, 0x1169, 0x116A, 0x118A, 0x118A, 0x118A, 0x116A, 0x118A, 0x118A, 0x116A, 0x116A,
  0x116A, 0x118A, 0x118A, 0x118A, 0x118A, 0x198A, 0x19AB, 0x118A, 0x118A, 0x118A, 0x118A, 0x118A, 0x118A, 0x118A, 0x118A, 0x19AB,
  0x118A, 0x118A, 0x118A, 0x118A, 0x118B, 0x118A, 0x118A, 0x118A, 0x118A, 0x118A, 0x118B, 0x118B, 0x118B, 0x118B, 0x118B, 0x11AB,
  0x118A, 0x11AB, 0x11AB, 0x11AB, 0x19AB, 0x11AB, 0x11AB, 0x19AB, 0x11AB, 0x11AB, 0x19AB, 0x11AB, 0x11AB, 0x19AB, 0x19AB, 0x11AB,
  0x11AB, 0x19AB, 0x19AB, 0x19CB, 0x19CB, 0x19CB, 0x19CB, 0x19CB, 0x19CC, 0x19CC, 0x19CC, 0x19CC, 0x19CC, 0x19CC, 0x19CC, 0x19CC,
  0x19CC, 0x19CC, 0x19CC, 0x19CC, 0x19CC, 0x19EC, 0x19EC, 0x19EC, 0x19EC, 0x19EC, 0x19EC, 0x19EC, 0x220D, 0x19EC, 0x19EC, 0x19EC,
  0x19EC, 0x19EC, 0x19EC, 0x19EC, 0x19EC, 0x19EC, 0x19EC, 0x19EC, 0x19EC, 0x19EC, 0x19EC, 0x19EC, 0x19EC, 0x19EC, 0x19ED, 0x1A0D,
  0x1A0D, 0x1A0D, 0x19ED, 0x1A0D, 0x1A0D, 0x1A0D, 0x220D, 0x220D, 0x220D, 0x220D, 0x220D, 0x220D, 0x220E, 0x222E, 0x222E, 0x2A6F,
  0x222E, 0x222E, 0x224E, 0x224E, 0x224E, 0x2A4E, 0x2A6F, 0x2A6F, 0x2A6F, 0x2A6F, 0x2A6F, 0x2A90, 0x2AB0, 0x2AB0, 0x2AB0, 0x2AD0,
  0x32F1, 0x32D1, 0x32F1, 0x3AF1, 0x3B12, 0x3B12, 0x3B32, 0x3B33, 0x4373, 0x4373, 0x4B94, 0x4BB4, 0x53D4, 0x53F5, 0x5415, 0x5C36,
  0x6477, 0x6C97, 0x74D8, 0x7D18, 0x8538, 0xCEFD, 0xF7DF, 0xE77E, 0xDF3E, 0xDF3E, 0xBE9C, 0xA5FA, 0xAE1B, 0xBE7C, 0xADFA, 0xB65C,
  0xD6FE, 0xD71E, 0xDF3E, 0xEF9E, 0xF7BF, 0xF7BF, 0xEF9E, 0xEF7E, 0xE77E, 0xE75E, 0xE77E, 0xE77E, 0xE75E, 0xE75E, 0xE77E, 0xEF9F,
  0xE77E, 0xE77F, 0xA61B, 0x7D39, 0x7D39, 0x74F8, 0x74D8, 0x6CB8, 0x6C97, 0x6477, 0x6456, 0x5C36, 0x5415, 0x53F5, 0x53D5, 0x4BB5,
  0x4B94, 0x4BB5, 0x4332, 0x3AD0, 0x326E, 0x0908, 0x08C6, 0x08E6, 0x00C6, 0x00C6, 0x00C6, 0x00C6, 0x08E6, 0x00A5, 0x00A5, 0x00A5,
  0x0085, 0x08C6, 0x1107, 0x198A, 0x1129, 0x00E7, 0x0928, 0x118B, 0x19AB, 0x0929, 0x116A, 0x19AB, 0x118A, 0x118A, 0x1169, 0x1149,
  0x1169, 0x1169, 0x118A, 0x1169, 0x116A, 0x1169, 0x116A, 0x118A, 0x118A, 0x116A, 0x118A, 0x118A, 0x118A, 0x118A, 0x116A, 0x19AB,
  0x19AB, 0x118A, 0x118A, 0x118A, 0x118A, 0x198A, 0x19CB, 0x118A, 0x118A, 0x118A, 0x118A, 0x118A, 0x118A, 0x118A, 0x118A, 0x118A,
  0x118B, 0x198B, 0x118A, 0x198A, 0x198B, 0x118A, 0x19AB, 0x118A, 0x118A, 0x11AA, 0x11AB, 0x118A, 0x220C, 0x19EC, 0x118B, 0x11AB,
  0x11AB, 0x11AB, 0x19AB, 0x11AB, 0x11AB, 0x21EC, 0x19AB, 0x11AB, 0x19CB, 0x19AB, 0x11AB, 0x11AB, 0x11AB, 0x19AB, 0x11CB, 0x19CB,
  0x19CB, 0x19CB, 0x19CC, 0x19CB, 0x19CB, 0x19CC, 0x19CC, 0x19CB, 0x19CC, 0x19CC, 0x19EC, 0x19CC, 0x19CC, 0x19EC, 0x19EC, 0x19EC,
  0x19EC, 0x19EC, 0x19EC, 0x19EC, 0x19EC, 0x19EC, 0x1A0D, 0x19EC, 0x19EC, 0x19EC, 0x19EC, 0x19EC, 0x19EC, 0x19EC, 0x19EC, 0x19EC,
  0x19ED, 0x19EC, 0x1A0D, 0x19ED, 0x19EC, 0x19EC, 0x1A0D, 0x19EC, 0x19EC, 0x19EC, 0x19EC, 0x19EC, 0x19EC, 0x19EC, 0x19ED, 0x19EC,
  0x220D, 0x220D, 0x1A0D, 0x21ED, 0x1A0D, 0x1A0D, 0x220D, 0x220D, 0x220D, 0x220D, 0x220E, 0x220D, 0x222E, 0x222E, 0x222E, 0x1A2E,
  0x222E, 0x222E, 0x224E, 0x224E, 0x224F, 0x224E, 0x2A6F, 0x2A6F, 0x2A6F, 0x2A6F, 0x2A8F, 0x2A90, 0x2AB0, 0x2AB0, 0x32D0, 0x32D0,
  0x32D0, 0x32F1, 0x32F1, 0x3B12, 0x3B12, 0x3B12, 0x3B32, 0x3B32, 0x4353, 0x4373, 0x4394, 0x4B94, 0x4BB4, 0x53D5, 0x5415, 0x5C36,
  0x6456, 0x6477, 0x6CB7, 0x7CF8, 0x8519, 0x8D79, 0xD71D, 0xE77E, 0xDF3D, 0xDF3E, 0xDF3E, 0xC6BD, 0xC69C, 0xC6BC, 0xB65B, 0xC69C,
  0xD6FD, 0xE75E, 0xE77E, 0xEF9F, 0xF7BF, 0xF7BF, 0xEF9E, 0xEF9F, 0xEF9F, 0xE75E, 0xE75E, 0xE75E, 0xE77E, 0xE77E, 0xEF9F, 0xEF7E,
  0xEFBF, 0xB65C, 0x8539, 0x7D39, 0x7D18, 0x74F8, 0x74D8, 0x6C97, 0x6477, 0x6476, 0x5C56, 0x5C36, 0x5415, 0x53F5, 0x53D5, 0x4BB4,
  0x4BD5, 0x3AF0, 0x0907, 0x00A6, 0x00A6, 0x08E6, 0x0907, 0x00A6, 0x00C6, 0x00C6, 0x00C6, 0x00C6, 0x00A6, 0x00A5, 0x00A5, 0x00A5,
  0x08C6, 0x08A6, 0x0085, 0x1169, 0x21EC, 0x19AB, 0x118B, 0x118B, 0x19AB, 0x19AB, 0x0928, 0x1149, 0x19AB, 0x118B, 0x116A, 0x1149,
  0x1169, 0x1169, 0x1169, 0x1189, 0x118A, 0x116A, 0x118A, 0x118A, 0x118A, 0x118A, 0x118A, 0x118A, 0x118A, 0x118A, 0x118A, 0x118A,
  0x118A, 0x118A, 0x118A, 0x118A, 0x118A, 0x118A, 0x116A, 0x118A, 0x118A, 0x118A, 0x118A, 0x118A, 0x118A, 0x118A, 0x118A, 0x118A,
  0x118B, 0x198B, 0x198A, 0x118A, 0x118A, 0x11AB, 0x11AA, 0x118A, 0x118A, 0x11AB, 0x11AB, 0x11AB, 0x11AB, 0x11AB, 0x19AB, 0x11AB,
  0x11AB, 0x11AB, 0x19AB, 0x19AB, 0x19CB, 0x19CC, 0x19AB, 0x11AB, 0x19CC, 0x19EC, 0x19AB, 0x11CB, 0x19AB, 0x19CB, 0x19CB, 0x19CB,
  0x19CC, 0x19CC, 0x19CC, 0x19EC, 0x19CC, 0x19EC, 0x19CC, 0x19EC, 0x19CC, 0x19EC, 0x19EC, 0x19EC, 0x19EC, 0x19EC, 0x19EC, 0x19EC,
  0x19EC, 0x19EC, 0x19EC, 0x19EC, 0x19ED, 0x19ED, 0x220D, 0x19EC, 0x19EC, 0x19EC, 0x19EC, 0x19EC, 0x1A0C, 0x19EC, 0x1A0C, 0x19EC,
  0x19ED, 0x19EC, 0x224E, 0x220D, 0x19EC, 0x19ED, 0x19ED, 0x19EC, 0x19EC, 0x1A0D, 0x19ED, 0x1A0D, 0x1A0D, 0x1A0D, 0x1A0D, 0x1A0D,
  0x220D, 0x220D, 0x1A0D, 0x220D, 0x1A0D, 0x1A0D, 0x220D, 0x220D, 0x220D, 0x220E, 0x220D, 0x222E, 0x222E, 0x222E, 0x222E, 0x222E,
  0x224E, 0x224E, 0x224E, 0x224E, 0x224F, 0x226F, 0x2A6F, 0x2A6F, 0x2A6F, 0x2A8F, 0x2A8F, 0x2A90, 0x2AB0, 0x2AB0, 0x32D0, 0x32D0,
  0x32D1, 0x32F1, 0x32F1, 0x32F1, 0x3B12, 0x3B12, 0x3B32, 0x3B32, 0x4353, 0x4373, 0x4373, 0x4B94, 0x4BB4, 0x53D5, 0x53F5, 0x5C15,
  0x5C36, 0x6477, 0x6C97, 0x74D7, 0x7D18, 0x8539, 0x9599, 0xD71D, 0xE77F, 0xD71D, 0xD71D, 0xCEFD, 0xC69C, 0xCEFD, 0xD71D, 0xCEFD,
  0xCEFD, 0xDF3E, 0xE77E, 0xEF9E, 0xEF9E, 0xEF9F, 0xEFBF, 0xEF9F, 0xEF9F, 0xE77E, 0xE75E, 0xE75E, 0xE77E, 0xE77E, 0xEF9F, 0xEFDF,
  0xBE9C, 0x8559, 0x8539, 0x7D18, 0x74F8, 0x74D8, 0x6CB8, 0x6497, 0x6477, 0x6456, 0x5C56, 0x5C36, 0x5415, 0x53F5, 0x4BB4, 0x4BD5,
  0x4332, 0x08E7, 0x00C6, 0x08E7, 0x08E7, 0x1128, 0x08C6, 0x00C6, 0x00C6, 0x08C6, 0x08C6, 0x00C6, 0x00C6, 0x00A6, 0x00A5, 0x00A6,
  0x08C6, 0x00A5, 0x00A5, 0x00A6, 0x116A, 0x19EC, 0x19CC, 0x19CC, 0x19AC, 0x11AB, 0x1149, 0x1149, 0x19AB, 0x118B, 0x118B, 0x198B,
  0x1169, 0x116A, 0x118A, 0x1189, 0x118A, 0x118A, 0x118A, 0x118A, 0x118A, 0x118A, 0x118A, 0x118A, 0x118A, 0x118A, 0x118A, 0x118A,
  0x118A, 0x118A, 0x118A, 0x118A, 0x118A, 0x118A, 0x118A, 0x118A, 0x118A, 0x118A, 0x118B, 0x118A, 0x118A, 0x118A, 0x118B, 0x118B,
  0x118B, 0x198A, 0x11AA, 0x11AB, 0x11AB, 0x11AB, 0x11AA, 0x11AB, 0x11AB, 0x11AB, 0x11AB, 0x11AB, 0x11AB, 0x19AB, 0x19AB, 0x19AB,
  0x11AB, 0x11AB, 0x19AB, 0x19AB, 0x19CB, 0x19AB, 0x19AB, 0x19CB, 0x19AB, 0x11CB, 0x19CB, 0x19CB, 0x19CC, 0x19CC, 0x19CC, 0x19EC,
  0x19CC, 0x19CC, 0x19EC, 0x19EC, 0x19EC, 0x19EC, 0x19EC, 0x21EC, 0x19EC, 0x19EC, 0x19EC, 0x19EC, 0x19EC, 0x19EC, 0x19EC, 0x19EC,
  0x19EC, 0x19EC, 0x19EC, 0x1A0C, 0x19EC, 0x19EC, 0x19EC, 0x19EC, 0x1A0C, 0x1A0C, 0x1A0D, 0x1A0D, 0x1A0D, 0x1A0C, 0x1A0D, 0x1A0D,
  0x1A0D, 0x1A0D, 0x19EC, 0x19EC, 0x1A0D, 0x1A0D, 0x1A0D, 0x1A0D, 0x1A0D, 0x1A0D, 0x220D, 0x222E, 0x220D, 0x220D, 0x1A0D, 0x1A0D,
  0x222D, 0x220D, 0x220D, 0x1A0D, 0x222E, 0x222E, 0x220D, 0x220E, 0x220E, 0x222E, 0x222E, 0x222E, 0x222E, 0x222E, 0x222E, 0x32B0,
  0x224E, 0x224E, 0x224E, 0x224E, 0x2A4F, 0x2A6F, 0x2A6F, 0x2A6F, 0x2A6F, 0x2A8F, 0x2A90, 0x2A90, 0x2AB0, 0x32B0, 0x2AB0, 0x2AD0,
  0x32D1, 0x32F1, 0x32F1, 0x32F2, 0x3B12, 0x3B12, 0x3B12, 0x3B32, 0x3B53, 0x4373, 0x4373, 0x4B94, 0x4BB4, 0x4BD5, 0x53F5, 0x5415,
  0x5C36, 0x6456, 0x6477, 0x6CB7, 0x74D8, 0x7D18, 0x8539, 0x8D79, 0xC6DD, 0xE77F, 0xDF3D, 0xCEFD, 0xCEFD, 0xD6FD, 0xDF3E, 0xDF3E,
  0xDF3D, 0xDF3E, 0xE77E, 0xEF9E, 0xEF9E, 0xEFBF, 0xEFBE, 0xEFBF, 0xEF9F, 0xE77E, 0xE77E, 0xE77E, 0xE77E, 0xEFBF, 0xEF9F, 0xB65B,
  0x8D59, 0x8559, 0x7D19, 0x74F8, 0x74D8, 0x6CB8, 0x6497, 0x6477, 0x6457, 0x5C56, 0x5C36, 0x5C15, 0x5415, 0x5415, 0x5416, 0x53D5,
  0x1169, 0x00A6, 0x08E7, 0x08E6, 0x1128, 0x0907, 0x00C6, 0x08C6, 0x00C6, 0x08C6, 0x08C6, 0x00C6, 0x08C6, 0x00A5, 0x00A5, 0x08C6,
  0x00A5, 0x00A5, 0x08A5, 0x00A5, 0x00A6, 0x116A, 0x19CC, 0x19AC, 0x19CC, 0x11AB, 0x0908, 0x00A5, 0x1128, 0x19AB, 0x19AB, 0x19CC,
  0x116A, 0x118A, 0x118A, 0x1189, 0x118A, 0x118A, 0x118A, 0x118A, 0x118A, 0x118A, 0x118A, 0x118A, 0x118A, 0x118A, 0x118A, 0x118A,
  0x118A, 0x118A, 0x118A, 0x118A, 0x11AA, 0x118A, 0x118A, 0x118A, 0x118A, 0x118B, 0x118B, 0x19CB, 0x19AB, 0x118A, 0x118B, 0x11AB,
  0x118B, 0x11AB, 0x118B, 0x118A, 0x11AB, 0x11AA, 0x11AB, 0x11AB, 0x11AB, 0x11AB, 0x11AB, 0x19AB, 0x11AB, 0x19AB, 0x19AB, 0x19AB,
  0x19CB, 0x19AB, 0x19AB, 0x19CB, 0x19CB, 0x19CB, 0x19CB, 0x19CC, 0x19CC, 0x19CC, 0x19CC, 0x19EC, 0x19EC, 0x19EC, 0x220D, 0x220D,
  0x220D, 0x19EC, 0x21EC, 0x19EC, 0x19EC, 0x19EC, 0x19EC, 0x19EC, 0x19EC, 0x19EC, 0x19EC, 0x19EC, 0x1A0C, 0x1A0C, 0x19EC, 0x19EC,
  0x19EC, 0x1A0C, 0x1A0C, 0x1A0D, 0x1A0C, 0x1A0C, 0x220D, 0x1A0C, 0x1A0C, 0x220D, 0x220D, 0x220D, 0x220D, 0x220D, 0x220D, 0x1A0D,
  0x220D, 0x220D, 0x220D, 0x220D, 0x220D, 0x220D, 0x220D, 0x220D, 0x220D, 0x220D, 0x220D, 0x220D, 0x220D, 0x220D, 0x220D, 0x220D,
  0x222D, 0x220D, 0x222D, 0x220D, 0x224E, 0x224E, 0x220D, 0x222E, 0x222E, 0x222E, 0x222E, 0x222E, 0x222E, 0x222E, 0x222E, 0x2A4E,
  0x224E, 0x2A4E, 0x2A4F, 0x224E, 0x2A4F, 0x2A6F, 0x2A6F, 0x2A6F, 0x2A6F, 0x2A8F, 0x2A8F, 0x2A90, 0x2AB0, 0x2AB0, 0x2AB0, 0x32D0,
  0x32D0, 0x32F1, 0x32F1, 0x3B11, 0x3B12, 0x3B12, 0x3B12, 0x3B32, 0x4353, 0x4353, 0x4373, 0x4394, 0x4BB4, 0x4BB4, 0x53F5, 0x5415,
  0x5C15, 0x5C36, 0x6476, 0x6C97, 0x6CB7, 0x74D8, 0x7D18, 0x8539, 0x8559, 0xB65B, 0xDF5E, 0xDF5E, 0xD71D, 0xD6FD, 0xD6FD, 0xD71D,
  0xDF3E, 0xDF3E, 0xE77E, 0xEF9E, 0xF7BF, 0xF7BF, 0xEFBF, 0xEF9F, 0xEF7E, 0xE77E, 0xEF7E, 0xEFBF, 0xF7DF, 0xD71D, 0x9DDA, 0x8559,
  0x8559, 0x7D39, 0x7D18, 0x74F8, 0x6CD8, 0x6C97, 0x6477, 0x5C57, 0x5C56, 0x5C36, 0x5C36, 0x5C36, 0x5BF5, 0x4B73, 0x32D0, 0x21CB,
  0x08C6, 0x08E6, 0x08C6, 0x08C6, 0x00C6, 0x08C6, 0x00C6, 0x00A6, 0x00C6, 0x00C6, 0x08C6, 0x08C6, 0x00A6, 0x00A5, 0x00A5, 0x08C6,
  0x08C6, 0x00A5, 0x08C6, 0x1128, 0x00A6, 0x00C6, 0x1149, 0x19AB, 0x19AC, 0x19AC, 0x198B, 0x08E7, 0x00C6, 0x0928, 0x198B, 0x19CC,
  0x118A, 0x1189, 0x118A, 0x118A, 0x118A, 0x118A, 0x118A, 0x118A, 0x118A, 0x118A, 0x118A, 0x118A, 0x118A, 0x198A, 0x118A, 0x118A,
  0x118A, 0x118A, 0x118A, 0x118A, 0x11AA, 0x118A, 0x118A, 0x118A, 0x11AB, 0x11AB, 0x118B, 0x19CB, 0x19AB, 0x118A, 0x11AA, 0x11AB,
  0x118B, 0x19AB, 0x19AB, 0x11AB, 0x11AB, 0x11AB, 0x19AB, 0x11AB, 0x11AB, 0x19AB, 0x19AB, 0x11AB, 0x19AB, 0x19AB, 0x19AB, 0x19CB,
  0x19CB, 0x19CB, 0x19CB, 0x19CC, 0x19CC, 0x19CC, 0x19CC, 0x19EC, 0x19EC, 0x21EC, 0x21EC, 0x19EC, 0x21EC, 0x21EC, 0x220D, 0x220C,
  0x220D, 0x220D, 0x220C, 0x21EC, 0x21EC, 0x19EC, 0x19EC, 0x19EC, 0x1A0C, 0x19EC, 0x1A0C, 0x1A0C, 0x1A0C, 0x1A0C, 0x1A0C, 0x1A0C,
  0x1A0C, 0x220D, 0x220D, 0x220D, 0x222D, 0x222D, 0x220D, 0x220D, 0x220D, 0x220D, 0x220D, 0x220D, 0x220D, 0x222D, 0x220D, 0x222E,
  0x220D, 0x220D, 0x220D, 0x220D, 0x220D, 0x220D, 0x220D, 0x220D, 0x220D, 0x222D, 0x220D, 0x220D, 0x222D, 0x220D, 0x222E, 0x224E,
  0x220D, 0x222D, 0x220D, 0x222D, 0x222D, 0x222D, 0x222D, 0x222E, 0x222E, 0x222E, 0x222E, 0x222E, 0x224E, 0x224E, 0x224E, 0x224E,
  0x224E, 0x224E, 0x224F, 0x2A6F, 0x2A6F, 0x2A6F, 0x2A6F, 0x2A6F, 0x2A6F, 0x2A90, 0x2A90, 0x32B0, 0x2AB0, 0x2AB0, 0x2AB0, 0x32D0,
  0x32D0, 0x32F1, 0x32F1, 0x4353, 0x3B12, 0x3B12, 0x3B12, 0x3B32, 0x3B52, 0x4353, 0x4373, 0x4393, 0x4BB4, 0x4BB4, 0x53D4, 0x53F5,
  0x5415, 0x5C36, 0x6456, 0x6477, 0x6C97, 0x74B8, 0x74D8, 0x7CF8, 0x8539, 0x8539, 0x95BA, 0xBEBC, 0xDF5E, 0xE79F, 0xE77E, 0xD73D,
  0xDF3E, 0xE75E, 0xE77E, 0xEF9E, 0xF7BF, 0xF7BF, 0xF7BF, 0xF7BF, 0xF7BF, 0xF7DF, 0xF7DF, 0xDF5E, 0xAE3B, 0x8D59, 0x8559, 0x8559,
  0x7D39, 0x7CF8, 0x74F8, 0x74D8, 0x6CB8, 0x6497, 0x6477, 0x6477, 0x5C36, 0x5C36, 0x6456, 0x328E, 0x1149, 0x0907, 0x00C7, 0x0928,
  0x0907, 0x08E6, 0x08E6, 0x00C6, 0x08C6, 0x08C6, 0x00C6, 0x08C6, 0x00C6, 0x08C6, 0x08C6, 0x08A6, 0x00A5, 0x00A5, 0x08C6, 0x08E7,
  0x08C6, 0x08C6, 0x1149, 0x116A, 0x1128, 0x08C6, 0x1149, 0x19CC, 0x19CC, 0x19CC, 0x19CC, 0x0929, 0x08E7, 0x1128, 0x0929, 0x116A,
  0x118A, 0x118A, 0x118A, 0x118A, 0x118A, 0x118A, 0x118A, 0x118A, 0x118A, 0x118A, 0x118A, 0x118A, 0x118A, 0x118A, 0x118A, 0x118B,
  0x198A, 0x118A, 0x118A, 0x118A, 0x118A, 0x118A, 0x118A, 0x118B, 0x118A, 0x19AB, 0x19CB, 0x11AB, 0x11AB, 0x11AB, 0x11AB, 0x11AB,
  0x19AB, 0x11AB, 0x19AB, 0x19AB, 0x11AB, 0x19AB, 0x19AB, 0x19AB, 0x19AB, 0x19AB, 0x19CB, 0x19AB, 0x19CB, 0x19CB, 0x19CC, 0x19CC,
  0x19EC, 0x19CB, 0x19CC, 0x19CC, 0x19CC, 0x19EC, 0x19EC, 0x19EC, 0x19EC, 0x19EC, 0x19EC, 0x1A0C, 0x220C, 0x21EC, 0x19EC, 0x21EC,
  0x21EC, 0x220D, 0x220D, 0x220D, 0x220D, 0x220D, 0x19EC, 0x19CB, 0x19CC, 0x19EC, 0x220D, 0x220D, 0x220D, 0x220D, 0x220D, 0x220D,
  0x222D, 0x222D, 0x222D, 0x222D, 0x222D, 0x222D, 0x222D, 0x222D, 0x220D, 0x220D, 0x220D, 0x222D, 0x220D, 0x222E, 0x222D, 0x222E,
  0x220D, 0x222D, 0x222D, 0x222D, 0x220D, 0x220D, 0x220D, 0x220D, 0x220D, 0x222D, 0x222E, 0x222E, 0x222D, 0x222D, 0x222D, 0x222E,
  0x222D, 0x222E, 0x222E, 0x222E, 0x222E, 0x222E, 0x222E, 0x222E, 0x222E, 0x222E, 0x222E, 0x222E, 0x224E, 0x224E, 0x224E, 0x224E,
  0x2A4F, 0x2A8F, 0x2A6F, 0x2A6F, 0x2A6F, 0x2A6F, 0x2A6F, 0x2A6F, 0x2A8F, 0x2A8F, 0x2A8F, 0x2A8F, 0x2AB0, 0x32B0, 0x32B0, 0x32D0,
  0x32D0, 0x32F1, 0x3311, 0x32F1, 0x3B12, 0x3B12, 0x3B32, 0x3B32, 0x3B52, 0x4353, 0x4373, 0x4373, 0x4B94, 0x4BB4, 0x4BD4, 0x53F5,
  0x5415, 0x5C16, 0x5C36, 0x6456, 0x6477, 0x6C97, 0x74B8, 0x74D8, 0x7CF8, 0x8539, 0x8539, 0x8539, 0x9DB9, 0xB67C, 0xCF1D, 0xDF7E,
  0xEFBF, 0xF7DF, 0xF7DF, 0xF7DF, 0xF7FF, 0xFFFF, 0xFFFF, 0xF7DF, 0xE79E, 0xCEFD, 0xAE1A, 0x8D59, 0x8559, 0x855A, 0x7D19, 0x7D18,
  0x7CF8, 0x74D8, 0x74D8, 0x6CB7, 0x6C97, 0x6497, 0x6477, 0x3AF0, 0x1169, 0x21EB, 0x21EB, 0x00C7, 0x08E7, 0x08E7, 0x1128, 0x1169,
  0x08E6, 0x08C6, 0x08C6, 0x00C6, 0x08C6, 0x00C6, 0x00C6, 0x08C6, 0x08C6, 0x08C6, 0x08C6, 0x00A6, 0x00A5, 0x00C6, 0x0907, 0x0907,
  0x08E7, 0x00C6, 0x198A, 0x116A, 0x118A, 0x198A, 0x198B, 0x19AB, 0x11AB, 0x118B, 0x19CC, 0x118A, 0x00C6, 0x08E7, 0x1128, 0x1149,
  0x118A, 0x118A, 0x118A, 0x118A, 0x118A, 0x118A, 0x118A, 0x118A, 0x118A, 0x118A, 0x118A, 0x118A, 0x118A, 0x11AA, 0x11AB, 0x19AB,
  0x19AB, 0x11AB, 0x118B, 0x118B, 0x11AB, 0x19AB, 0x11AB, 0x19AB, 0x19AB, 0x11AB, 0x19AB, 0x19AB, 0x19AB, 0x19AB, 0x19AB, 0x19AB,
  0x19AB, 0x19AB, 0x19AB, 0x19AB, 0x19AB, 0x19AB, 0x19EC, 0x19EC, 0x19CB, 0x19CB, 0x19CC, 0x19CB, 0x19CB, 0x19CC, 0x19CC, 0x19CC,
  0x19CC, 0x19CC, 0x19EC, 0x19EC, 0x19EC, 0x19EC, 0x19EC, 0x19EC, 0x19EC, 0x19EC, 0x19EC, 0x220C, 0x21EC, 0x220C, 0x220C, 0x21ED,
  0x220C, 0x220C, 0x220D, 0x220D, 0x222D, 0x21EC, 0x118A, 0x198A, 0x118A, 0x11AB, 0x19CB, 0x21EC, 0x220D, 0x222D, 0x222D, 0x220D,
  0x220D, 0x222D, 0x222D, 0x222D, 0x222D, 0x222D, 0x222E, 0x222E, 0x224D, 0x222D, 0x222D, 0x222D, 0x222D, 0x222D, 0x222D, 0x222D,
  0x222D, 0x220D, 0x222D, 0x222D, 0x222D, 0x222D, 0x220D, 0x2A4E, 0x2A4E, 0x220D, 0x222E, 0x222D, 0x222E, 0x222E, 0x222E, 0x222E,
  0x222E, 0x222E, 0x224E, 0x222E, 0x222E, 0x222E, 0x222E, 0x222E, 0x222E, 0x224E, 0x224E, 0x2A4E, 0x224E, 0x2A4E, 0x2A4E, 0x2A4F,
  0x2A4F, 0x2A6F, 0x2A4F, 0x2A6F, 0x2A6F, 0x2A6F, 0x2A6F, 0x2A8F, 0x2A8F, 0x2A8F, 0x2A8F, 0x2A8F, 0x2AB0, 0x2AB0, 0x32B0, 0x32D0,
  0x32D1, 0x32F1, 0x32F1, 0x3311, 0x3312, 0x3B12, 0x3B32, 0x3B52, 0x3B52, 0x4352, 0x4373, 0x4373, 0x4393, 0x4BB4, 0x4BB4, 0x53F4,
  0x53F5, 0x5415, 0x5C36, 0x5C36, 0x6456, 0x6497, 0x6C97, 0x6CB8, 0x74D8, 0x74F8, 0x7D18, 0x8539, 0x8559, 0x8539, 0x8559, 0x95BA,
  0xA61B, 0xB67C, 0xBEBC, 0xC6DC, 0xC6BC, 0xBE9C, 0xB65B, 0xA61A, 0x95BA, 0x8D59, 0x8559, 0x8D7A, 0x74D8, 0x6476, 0x7D39, 0x7519,
  0x74D8, 0x6CB8, 0x6CB7, 0x6C97, 0x6477, 0x6C97, 0x324D, 0x00A6, 0x08C6, 0x00C6, 0x00A6, 0x08E7, 0x08E7, 0x08E7, 0x0928, 0x1169,
  0x0908, 0x08C6, 0x08C6, 0x08C6, 0x00C6, 0x00C6, 0x00C6, 0x08C6, 0x08C6, 0x00C6, 0x00C6, 0x00A6, 0x00A5, 0x1128, 0x1169, 0x0928,
  0x00C6, 0x00C6, 0x118A, 0x19EC, 0x118B, 0x19CB, 0x19AB, 0x0908, 0x08E7, 0x19AB, 0x0908, 0x00C6, 0x08C6, 0x00A6, 0x00C6, 0x08E7,
  0x118A, 0x118A, 0x118A, 0x118A, 0x118A, 0x118A, 0x118A, 0x118A, 0x19AB, 0x19AB, 0x118A, 0x11AA, 0x11AB, 0x198B, 0x11AB, 0x19AB,
  0x19AB, 0x118B, 0x19CB, 0x19AB, 0x19AB, 0x19AB, 0x19AB, 0x19AB, 0x19AB, 0x19AB, 0x19AB, 0x19AB, 0x19AB, 0x19AB, 0x19AB, 0x19AB,
  0x19AB, 0x19AB, 0x19AB, 0x19AB, 0x19CB, 0x19CB, 0x19CB, 0x19CB, 0x19CB, 0x19CC, 0x19CC, 0x19CB, 0x19CC, 0x19CC, 0x19CC, 0x19CC,
  0x19EC, 0x19EC, 0x19EC, 0x19EC, 0x19EC, 0x1A0C, 0x19EC, 0x220C, 0x220C, 0x220C, 0x21ED, 0x220D, 0x220D, 0x220D, 0x220D, 0x220D,
  0x220D, 0x220D, 0x220D, 0x222D, 0x220C, 0x118A, 0x118A, 0x11AA, 0x19CB, 0x11AB, 0x118A, 0x198B, 0x19CB, 0x19EC, 0x220D, 0x222D,
  0x222D, 0x222D, 0x222D, 0x222E, 0x222D, 0x222E, 0x224E, 0x224E, 0x2A4E, 0x2A4E, 0x224E, 0x224E, 0x224E, 0x222D, 0x222E, 0x222E,
  0x222E, 0x222E, 0x222D, 0x222D, 0x222D, 0x222D, 0x222D, 0x222D, 0x222D, 0x222D, 0x222E, 0x222E, 0x222E, 0x224E, 0x222E, 0x222E,
  0x224E, 0x224E, 0x224E, 0x224E, 0x222E, 0x2A4E, 0x2A4E, 0x224E, 0x224E, 0x2A6F, 0x2A6F, 0x2A4E, 0x2A6F, 0x2A6F, 0x2A6F, 0x2A6F,
  0x2A6F, 0x2A6F, 0x2A6F, 0x2A6F, 0x2A8F, 0x2A6F, 0x2A6F, 0x2A8F, 0x2A8F, 0x2AB0, 0x2AB0, 0x2AB0, 0x2AB0, 0x32B0, 0x32D1, 0x32F1,
  0x32D0, 0x32F1, 0x32F1, 0x3311, 0x3B12, 0x3B12, 0x3B32, 0x3B32, 0x3B52, 0x3B52, 0x4373, 0x4373, 0x4373, 0x4B94, 0x4BB4, 0x4BD4,
  0x53F5, 0x53F5, 0x5415, 0x5C36, 0x5C56, 0x6456, 0x6477, 0x6C97, 0x6CB8, 0x74D8, 0x74D8, 0x7CF8, 0x7D18, 0x8539, 0x8539, 0x8539,
  0x8539, 0x8559, 0x8559, 0x8559, 0x8559, 0x8D59, 0x8D59, 0x8D79, 0x8D7A, 0x8D7A, 0x8D7A, 0x6435, 0x32D0, 0x32F1, 0x4BB4, 0x6456,
  0x74D8, 0x6CB8, 0x6CB7, 0x6476, 0x6CB7, 0x4310, 0x00A6, 0x08E7, 0x08E6, 0x08E7, 0x08E7, 0x08C6, 0x08C6, 0x08C6, 0x08C6, 0x08C6,
  0x08E7, 0x08E7, 0x08C6, 0x08C6, 0x00C6, 0x08C6, 0x08C6, 0x08C6, 0x08C6, 0x00C6, 0x08E6, 0x00A6, 0x0908, 0x198A, 0x0908, 0x00C6,
  0x00C6, 0x00A6, 0x198A, 0x19EC, 0x19CC, 0x19CC, 0x19CC, 0x198B, 0x0908, 0x0908, 0x08C6, 0x00A6, 0x00C6, 0x00C6, 0x08C6, 0x08C6,
  0x118A, 0x118A, 0x11AA, 0x118A, 0x118A, 0x118A, 0x118A, 0x11AA, 0x19AA, 0x19AB, 0x11AA, 0x19AB, 0x19AB, 0x19AA, 0x11AB, 0x198B,
  0x19AB, 0x19AB, 0x19AB, 0x19AB, 0x19AB, 0x19AB, 0x19AB, 0x19AB, 0x19AB, 0x19AB, 0x19AB, 0x19AB, 0x19CB, 0x19AB, 0x19AB, 0x19CB,
  0x19CB, 0x19CB, 0x19CB, 0x19CB, 0x19CB, 0x19CB, 0x19CB, 0x19EC, 0x19CC, 0x19EC, 0x220D, 0x19CB, 0x19EC, 0x19EC, 0x19EC, 0x19EC,
  0x220C, 0x19EC, 0x19EC, 0x19EC, 0x1A0C, 0x21EC, 0x1A0C, 0x220C, 0x220D, 0x220D, 0x220D, 0x220D, 0x220D, 0x220D, 0x220D, 0x220D,
  0x220D, 0x220D, 0x220D, 0x222D, 0x19AB, 0x118A, 0x11AA, 0x118A, 0x19EC, 0x19EC, 0x118B, 0x19AB, 0x19AB, 0x19CC, 0x19CC, 0x220D,
  0x222D, 0x222D, 0x222D, 0x222E, 0x2A4E, 0x2A4E, 0x224E, 0x2A4E, 0x2A6E, 0x2A6E, 0x2A6F, 0x2A6F, 0x2A6E, 0x224E, 0x2A4E, 0x2A4E,
  0x2A4E, 0x224E, 0x222E, 0x222E, 0x222D, 0x222D, 0x222D, 0x222D, 0x222D, 0x222D, 0x222E, 0x224E, 0x224E, 0x224E, 0x224E, 0x2A4E,
  0x224E, 0x224E, 0x2A4E, 0x224E, 0x2A4E, 0x2A4E, 0x2A4E, 0x2A4F, 0x2A4F, 0x2A4E, 0x2A4F, 0x2A6F, 0x2A6F, 0x2A6F, 0x2A6F, 0x2A6F,
  0x2A6F, 0x2A6F, 0x2A6F, 0x2A6F, 0x2A8F, 0x2A8F, 0x2A8F, 0x2A8F, 0x2A90, 0x2AB0, 0x2AB0, 0x2AB0, 0x32B0, 0x32B0, 0x32D0, 0x32D0,
  0x32D1, 0x32F1, 0x32F1, 0x32F1, 0x3B11, 0x3B12, 0x3B32, 0x3B32, 0x3B32, 0x3B52, 0x4353, 0x4373, 0x4374, 0x4394, 0x4BB4, 0x4BB4,
  0x4BD4, 0x53F5, 0x5415, 0x5C15, 0x5C36, 0x5C56, 0x6477, 0x6477, 0x6C97, 0x6CB8, 0x74D8, 0x74D8, 0x74F8, 0x7CF8, 0x7D18, 0x7D19,
  0x8539, 0x8539, 0x8559, 0x8559, 0x8559, 0x8559, 0x8D59, 0x8539, 0x8D7A, 0x7D18, 0x4B93, 0x3290, 0x32B0, 0x3B11, 0x32D0, 0x32B0,
  0x53F5, 0x6456, 0x6456, 0x6CB8, 0x6435, 0x1149, 0x08E7, 0x0907, 0x08E6, 0x08C6, 0x08C6, 0x08C6, 0x08C6, 0x08C6, 0x08E7, 0x08C6,
  0x08C6, 0x08C6, 0x08C6, 0x08C6, 0x08C6, 0x08C6, 0x08C6, 0x08C6, 0x08E6, 0x1128, 0x08E6, 0x08C6, 0x1128, 0x00C6, 0x00C6, 0x08C6,
  0x08C6, 0x00A6, 0x1149, 0x220D, 0x19CC, 0x19CC, 0x19CC, 0x19CC, 0x19CC, 0x0908, 0x00A6, 0x00A6, 0x00A6, 0x00C6, 0x00C6, 0x08E7,
  0x11AA, 0x11AA, 0x19AA, 0x19AA, 0x19AA, 0x19AB, 0x19AB, 0x19AB, 0x19AB, 0x19AB, 0x19AB, 0x19AB, 0x19AB, 0x19AB, 0x19AB, 0x19AB,
  0x19AB, 0x19CB, 0x19AB, 0x19AB, 0x19CB, 0x19AB, 0x19CB, 0x19CB, 0x19CB, 0x19CB, 0x19CB, 0x19EC, 0x220C, 0x19CB, 0x19CB, 0x19CB,
  0x19CB, 0x19CB, 0x19CB, 0x19CB, 0x19CB, 0x19CB, 0x19CB, 0x19EC, 0x19EC, 0x19EC, 0x19EC, 0x19EC, 0x19EC, 0x19EC, 0x19EC, 0x19EC,
  0x19EC, 0x1A0C, 0x1A0C, 0x220C, 0x220C, 0x220C, 0x220C, 0x220D, 0x220D, 0x220D, 0x220D, 0x220D, 0x220D, 0x220D, 0x222D, 0x222D,
  0x222D, 0x222D, 0x222D, 0x19EC, 0x118A, 0x19AB, 0x19AB, 0x11AA, 0x11AB, 0x19CB, 0x11AB, 0x19CB, 0x19CB, 0x19CC, 0x19EC, 0x19CC,
  0x222D, 0x224E, 0x2A4E, 0x2A4E, 0x2A6E, 0x2A6E, 0x2A6E, 0x2A6F, 0x2A6E, 0x2A6F, 0x2A6F, 0x2A6F, 0x2A6F, 0x2A6F, 0x2A6F, 0x2A6F,
  0x2A6F, 0x2A6E, 0x2A4E, 0x224E, 0x222E, 0x222E, 0x222D, 0x222D, 0x222D, 0x222E, 0x224E, 0x224E, 0x2A4E, 0x2A4E, 0x2A6F, 0x2A4E,
  0x2A4E, 0x2A4E, 0x2A6F, 0x2A4E, 0x2A4E, 0x2A4E, 0x2A4E, 0x2A6F, 0x2A6F, 0x2A6F, 0x2A6F, 0x2A6F, 0x2A6F, 0x2A6F, 0x2A6F, 0x2A6F,
  0x2A6F, 0x2A6F, 0x2A8F, 0x2A8F, 0x2A8F, 0x2A8F, 0x2A8F, 0x2A90, 0x2AB0, 0x2AB0, 0x2AB0, 0x32B0, 0x32B0, 0x32B0, 0x32D0, 0x32D0,
  0x32F1, 0x32F1, 0x32F1, 0x32F1, 0x3311, 0x3B11, 0x3B12, 0x3B32, 0x3B32, 0x3B52, 0x4352, 0x4373, 0x4373, 0x4393, 0x4B94, 0x4BB4,
  0x4BD4, 0x53D4, 0x53F4, 0x5415, 0x5C15, 0x5C36, 0x5C56, 0x6477, 0x6477, 0x6C97, 0x6CB7, 0x6CB8, 0x6CB8, 0x74D8, 0x74D8, 0x74F8,
  0x7CF9, 0x7D19, 0x7D18, 0x7D19, 0x7D19, 0x7D19, 0x7D18, 0x8D5A, 0x74B7, 0x3AD0, 0x2A8F, 0x3290, 0x32B0, 0x3B11, 0x3B11, 0x32D0,
  0x32B0, 0x32B0, 0x3AF1, 0x5BF4, 0x21EB, 0x00C7, 0x0907, 0x08E7, 0x08E6, 0x08C6, 0x08C6, 0x08C6, 0x08C6, 0x08C6, 0x08E7, 0x08C6,
  0x08C6, 0x00C6, 0x08C6, 0x08C6, 0x08E6, 0x08C6, 0x08C6, 0x08C6, 0x0908, 0x0907, 0x00A6, 0x08C6, 0x08C6, 0x08C6, 0x08C6, 0x08C6,
  0x08C6, 0x08E6, 0x00C6, 0x116A, 0x220D, 0x19ED, 0x19ED, 0x19CC, 0x19CC, 0x118A, 0x0928, 0x1149, 0x0928, 0x116A, 0x0928, 0x116A,
  0x19AB, 0x19AB, 0x19AA, 0x19AA, 0x19AB, 0x19AB, 0x19AB, 0x19AB, 0x19AB, 0x19AB, 0x19AB, 0x19AB, 0x19AB, 0x19AB, 0x19CB, 0x19AB,
  0x19EC, 0x19CC, 0x19AB, 0x19CB, 0x19CB, 0x19CB, 0x19CB, 0x19CB, 0x19CB, 0x19CB, 0x19CB, 0x19EC, 0x19CB, 0x19CB, 0x19CC, 0x19CC,
  0x19CC, 0x19EC, 0x19EB, 0x19CC, 0x19CC, 0x19EC, 0x21EC, 0x220C, 0x19EC, 0x19EC, 0x19EC, 0x19EC, 0x19EC, 0x19EC, 0x220C, 0x220C,
  0x1A0C, 0x220C, 0x220C, 0x220D, 0x220D, 0x220D, 0x220D, 0x220D, 0x220D, 0x220D, 0x220D, 0x220D, 0x222D, 0x222D, 0x222D, 0x220D,
  0x21EC, 0x19EC, 0x19CB, 0x118A, 0x118A, 0x19AB, 0x19AB, 0x19CC, 0x19EC, 0x19AB, 0x19AB, 0x11AB, 0x19CB, 0x19CB, 0x19EC, 0x19EC,
  0x19CC, 0x2A6E, 0x2A6F, 0x2A6F, 0x2A8F, 0x2A8F, 0x2A8F, 0x2A8F, 0x2A8F, 0x2A8F, 0x2A8F, 0x2A8F, 0x2A8F, 0x2A8F, 0x2A6F, 0x2A6F,
  0x2A6F, 0x2A8F, 0x2A6F, 0x2A4E, 0x224E, 0x224E, 0x224E, 0x224E, 0x224E, 0x224E, 0x224E, 0x2A4E, 0x2A4E, 0x2A4E, 0x2A4E, 0x2A4E,
  0x2A6F, 0x2A6F, 0x2A6F, 0x2A6F, 0x2A6F, 0x2A4E, 0x2A6F, 0x2A6F, 0x2A6F, 0x2A6F, 0x2A6F, 0x2A6F, 0x2A6F, 0x2A6F, 0x2A6F, 0x2A6F,
  0x2A6F, 0x2A6F, 0x2A8F, 0x2A8F, 0x2A8F, 0x2A8F, 0x2A8F, 0x2A90, 0x2AB0, 0x2AB0, 0x2AB0, 0x32B0, 0x32B0, 0x32D0, 0x32D0, 0x32D1,
  0x32D1, 0x32F1, 0x32F1, 0x32F1, 0x3311, 0x3311, 0x3B12, 0x3B32, 0x3B32, 0x3B52, 0x4352, 0x4372, 0x4373, 0x4393, 0x4B93, 0x4B93,
  0x4BB4, 0x4BD4, 0x53F5, 0x53F5, 0x5C15, 0x5C36, 0x5C36, 0x5C56, 0x6456, 0x6477, 0x6477, 0x6497, 0x6C97, 0x6CB7, 0x74B8, 0x74D8,
  0x74D8, 0x74D8, 0x74D8, 0x74D8, 0x74D8, 0x74D8, 0x7D19, 0x6435, 0x32D0, 0x2A8F, 0x3290, 0x2A6F, 0x2A6F, 0x3AF1, 0x3AF1, 0x3AD1,
  0x3290, 0x32D0, 0x2A4E, 0x00C7, 0x00C6, 0x0907, 0x08E7, 0x08C6, 0x08C6, 0x08C6, 0x08C6, 0x00C6, 0x00C6, 0x08C6, 0x08E6, 0x08C6,
  0x00C6, 0x0907, 0x08E7, 0x08E6, 0x08E7, 0x08C6, 0x08C6, 0x08C6, 0x08C6, 0x00A6, 0x08C6, 0x08E6, 0x08C6, 0x08C6, 0x08C6, 0x08E6,
  0x08E7, 0x08E6, 0x08C6, 0x00A6, 0x19AB, 0x220D, 0x11AB, 0x19AB, 0x19CC, 0x198A, 0x00C6, 0x1169, 0x19CC, 0x118B, 0x1149, 0x0929,
  0x19AB, 0x19AB, 0x19AB, 0x19AB, 0x19AB, 0x19AB, 0x19AB, 0x19AB, 0x19AB, 0x19CB, 0x19CB, 0x19CB, 0x19CB, 0x19CB, 0x19CB, 0x19CB,
  0x19CB, 0x19CB, 0x19CB, 0x19CB, 0x19CB, 0x19CB, 0x19CB, 0x19CB, 0x19CB, 0x19CB, 0x19CC, 0x19CC, 0x19CC, 0x19EC, 0x19EC, 0x19EC,
  0x19EC, 0x21EC, 0x19EC, 0x19EC, 0x19EC, 0x21EC, 0x222D, 0x222D, 0x19EC, 0x19EC, 0x19EC, 0x19EC, 0x21EC, 0x220C, 0x220C, 0x220C,
  0x222D, 0x220D, 0x220D, 0x220D, 0x220D, 0x220D, 0x220D, 0x220D, 0x222D, 0x222D, 0x222D, 0x222D, 0x222D, 0x222D, 0x19EC, 0x198A,
  0x198A, 0x118A, 0x118A, 0x118A, 0x118A, 0x118A, 0x19AB, 0x19EC, 0x220D, 0x220D, 0x19CC, 0x19AB, 0x19AB, 0x19CB, 0x19AB, 0x220D,
  0x220D, 0x222E, 0x2A8F, 0x328F, 0x32B0, 0x32B0, 0x32B0, 0x3290, 0x3290, 0x328F, 0x328F, 0x328F, 0x328F, 0x328F, 0x2A8F, 0x2A8F,
  0x2A8F, 0x2A8F, 0x2A6F, 0x2A6F, 0x2A4E, 0x2A4E, 0x2A4E, 0x224E, 0x2A4E, 0x2A4E, 0x2A4E, 0x2A6F, 0x2A6E, 0x2A4E, 0x2A6F, 0x2A6F,
  0x2A6F, 0x2A6F, 0x32B0, 0x2A8F, 0x2A6F, 0x2A6F, 0x2A6F, 0x2A6F, 0x2A6F, 0x2A6F, 0x2A6F, 0x2A6F, 0x2A6F, 0x2A6F, 0x2A6F, 0x2A6F,
  0x2A8F, 0x2A8F, 0x328F, 0x2A8F, 0x3290, 0x328F, 0x32B0, 0x32B0, 0x3290, 0x32B0, 0x32B0, 0x32B0, 0x32D0, 0x32D0, 0x32D0, 0x32D0,
  0x32D1, 0x32F1, 0x32F1, 0x32F1, 0x3AF1, 0x3B11, 0x3B11, 0x3B32, 0x3B32, 0x3B32, 0x4352, 0x4352, 0x4373, 0x4373, 0x4393, 0x4B93,
  0x4BB4, 0x4B93, 0x3B11, 0x2A4F, 0x32B0, 0x4353, 0x5C36, 0x5C56, 0x6456, 0x6477, 0x6477, 0x6476, 0x6477, 0x6C97, 0x6C97, 0x6C97,
  0x74B7, 0x74B7, 0x6CB7, 0x6C97, 0x74D8, 0x6CB8, 0x4B52, 0x2A6F, 0x328F, 0x2A6F, 0x2A4E, 0x2A4E, 0x32B0, 0x3AF1, 0x32D1, 0x32D1,
  0x32D1, 0x2A6E, 0x0907, 0x08C6, 0x08E6, 0x08E7, 0x08E7, 0x08E7, 0x08E6, 0x08C6, 0x08C6, 0x00A5, 0x00C6, 0x08E6, 0x00C6, 0x0907,
  0x1169, 0x0928, 0x08E7, 0x08E7, 0x08C6, 0x08C6, 0x08C6, 0x08C6, 0x08C6, 0x08C6, 0x08C6, 0x08C6, 0x00A6, 0x00A6, 0x08C6, 0x08C6,
  0x08C6, 0x08C6, 0x08E7, 0x00E7, 0x116A, 0x21EC, 0x08E7, 0x00C7, 0x08E7, 0x08E7, 0x08C6, 0x00C6, 0x0908, 0x198A, 0x1148, 0x0907,
  0x19AB, 0x19AB, 0x19AB, 0x19AB, 0x19CB, 0x19CB, 0x19CB, 0x19AB, 0x19CB, 0x19CB, 0x19CB, 0x19CB, 0x19CB, 0x19CC, 0x19CC, 0x19CB,
  0x19CC, 0x19CC, 0x19CB, 0x19EC, 0x19EC, 0x19EB, 0x19EB, 0x19CC, 0x19CC, 0x19EC, 0x19EC, 0x19EC, 0x19EC, 0x21EC, 0x19EC, 0x21EC,
  0x19EC, 0x19EC, 0x21EC, 0x220C, 0x21EC, 0x21EC, 0x19EC, 0x19EC, 0x21EC, 0x19EC, 0x21EC, 0x220C, 0x220C, 0x220C, 0x220D, 0x220D,
  0x222D, 0x222D, 0x220D, 0x222D, 0x222D, 0x222D, 0x222D, 0x222D, 0x222D, 0x222D, 0x222D, 0x222D, 0x2A2D, 0x220C, 0x116A, 0x198A,
  0x19AB, 0x19AB, 0x198A, 0x198A, 0x118A, 0x19AB, 0x19AB, 0x19CC, 0x19CC, 0x19CC, 0x19CC, 0x19CC, 0x19CB, 0x19AB, 0x19AB, 0x220D,
  0x2A4E, 0x220D, 0x32B0, 0x32B0, 0x32D0, 0x3AD0, 0x32D0, 0x32D0, 0x3AD0, 0x32B0, 0x32B0, 0x32B0, 0x32B0, 0x32B0, 0x32B0, 0x3290,
  0x2A8F, 0x2A8F, 0x2A8F, 0x2A8F, 0x2A6F, 0x2A6E, 0x2A6E, 0x2A4E, 0x2A6E, 0x2A6E, 0x2A6F, 0x2A6F, 0x2A6F, 0x2A6F, 0x2A6F, 0x2A8F,
  0x2A8F, 0x2A8F, 0x3290, 0x2A8F, 0x2A8F, 0x2A6F, 0x2A6F, 0x2A6F, 0x2A6F, 0x2A6F, 0x2A6F, 0x2A8F, 0x2A6F, 0x2A6F, 0x2A8F, 0x2A8F,
  0x2A6F, 0x2A8F, 0x328F, 0x3290, 0x3290, 0x3290, 0x32B0, 0x32B0, 0x32B0, 0x32B0, 0x32B0, 0x32D0, 0x32D0, 0x32D0, 0x32D0, 0x32D0,
  0x3AF1, 0x32F1, 0x32F1, 0x32F1, 0x32F1, 0x3B11, 0x3B11, 0x3B12, 0x3B32, 0x3B32, 0x4352, 0x4352, 0x4373, 0x4B93, 0x4BB3, 0x4B94,
  0x3AF1, 0x220D, 0x220D, 0x220D, 0x222E, 0x32B0, 0x3B11, 0x53F5, 0x4B93, 0x4332, 0x5C15, 0x6477, 0x6456, 0x6477, 0x6C97, 0x74B8,
  0x6C97, 0x6C97, 0x74D8, 0x74B8, 0x6436, 0x32D0, 0x220D, 0x2A6F, 0x2A6F, 0x2A6F, 0x2A8F, 0x2A8F, 0x2A8F, 0x3AF1, 0x32D1, 0x32D0,
  0x3B11, 0x21CB, 0x00A5, 0x08E6, 0x08C6, 0x08C6, 0x08C6, 0x08C6, 0x08E7, 0x08E7, 0x08C6, 0x08E6, 0x08E7, 0x08C6, 0x08E7, 0x1128,
  0x0907, 0x08C6, 0x08E6, 0x08C6, 0x08C6, 0x08C6, 0x0907, 0x0907, 0x00C6, 0x08C6, 0x08C6, 0x08C6, 0x08C6, 0x00A5, 0x08A5, 0x08C6,
  0x08C6, 0x00C6, 0x1149, 0x19CC, 0x118A, 0x1129, 0x08C6, 0x0908, 0x116A, 0x00C6, 0x00C6, 0x00C6, 0x00C6, 0x0907, 0x08C6, 0x08C6,
  0x19CB, 0x19CB, 0x19CB, 0x19CB, 0x19CB, 0x19CB, 0x19CB, 0x19CB, 0x19CB, 0x19CB, 0x19CC, 0x19CC, 0x19CC, 0x19EC, 0x19EC, 0x19EC,
  0x19EC, 0x21EC, 0x19EC, 0x19EC, 0x19EC, 0x19EC, 0x19EC, 0x19EC, 0x19EC, 0x19EC, 0x19EC, 0x21EC, 0x19EC, 0x21EC, 0x21EC, 0x21EC,
  0x19EC, 0x21EC, 0x220C, 0x220C, 0x21EC, 0x220C, 0x220C, 0x220C, 0x220C, 0x220C, 0x1A0C, 0x220D, 0x220D, 0x220D, 0x222D, 0x222D,
  0x220D, 0x222D, 0x222D, 0x222D, 0x222D, 0x222D, 0x222D, 0x222D, 0x222D, 0x222D, 0x222D, 0x224E, 0x222D, 0x19AB, 0x118A, 0x198A,
  0x118A, 0x198A, 0x118A, 0x198A, 0x118A, 0x198A, 0x198B, 0x220D, 0x222E, 0x21EC, 0x21ED, 0x19CC, 0x19CB, 0x19CC, 0x19AB, 0x21EC,
  0x222E, 0x220D, 0x222D, 0x32B0, 0x2A6E, 0x222D, 0x32AF, 0x328F, 0x328F, 0x32D0, 0x3AF1, 0x3AD0, 0x3AD1, 0x3AD1, 0x32D0, 0x32B0,
  0x328F, 0x2A6F, 0x2A6F, 0x2A6F, 0x2A6F, 0x2A8F, 0x2A6F, 0x328F, 0x2A6F, 0x2A8F, 0x2A8F, 0x328F, 0x328F, 0x328F, 0x328F, 0x328F,
  0x32B0, 0x32B0, 0x32B0, 0x32B0, 0x328F, 0x328F, 0x2A8F, 0x328F, 0x2A8F, 0x2A8F, 0x2A8F, 0x2A8F, 0x328F, 0x328F, 0x328F, 0x328F,
  0x328F, 0x328F, 0x3290, 0x328F, 0x3290, 0x3290, 0x32B0, 0x32B0, 0x32B0, 0x32B0, 0x32B0, 0x32B0, 0x32D0, 0x32D0, 0x32D0, 0x32D0,
  0x32D0, 0x32F1, 0x32F1, 0x3311, 0x3311, 0x3B11, 0x3B11, 0x3B12, 0x3B32, 0x3B32, 0x3B52, 0x4372, 0x3B31, 0x32D0, 0x32B0, 0x2A6F,
  0x19EC, 0x19EC, 0x220D, 0x222E, 0x222E, 0x2A8F, 0x3AF1, 0x32D1, 0x32B0, 0x2A4F, 0x2A6F, 0x4BB4, 0x5C36, 0x6476, 0x6477, 0x4B73,
  0x3AF1, 0x3AF1, 0x53D4, 0x4B93, 0x2A6F, 0x220D, 0x2A4E, 0x2A6F, 0x2A6F, 0x32B0, 0x32B0, 0x2A4E, 0x2A4E, 0x32B0, 0x3B11, 0x3AF0,
  0x2A4E, 0x0907, 0x08E6, 0x08E6, 0x08C6, 0x08C6, 0x08C6, 0x08C6, 0x08C6, 0x08C6, 0x0928, 0x1169, 0x08E6, 0x08C6, 0x08C6, 0x08C6,
  0x08C6, 0x08C6, 0x08E7, 0x08E6, 0x08E6, 0x08E7, 0x08E7, 0x08C6, 0x08E6, 0x08C6, 0x08C6, 0x08C6, 0x08C6, 0x00C6, 0x00A5, 0x08C6,
  0x08C6, 0x08E7, 0x19CC, 0x19ED, 0x19AC, 0x198A, 0x1149, 0x08E7, 0x116A, 0x19CB, 0x0928, 0x08E7, 0x0908, 0x08E7, 0x08C6, 0x08C6,
  0x19CB, 0x19CB, 0x19CB, 0x19CB, 0x19CB, 0x19CB, 0x19CB, 0x19EC, 0x21EC, 0x19CC, 0x19EC, 0x19EC, 0x19EC, 0x19EC, 0x19EC, 0x19EC,
  0x21EC, 0x21EC, 0x21EC, 0x19EC, 0x19EC, 0x21EC, 0x19EC, 0x21EC, 0x21EC, 0x21EC, 0x21EC, 0x21EC, 0x21EC, 0x220C, 0x21EC, 0x220C,
  0x220C, 0x21EC, 0x220C, 0x220C, 0x220C, 0x1A0C, 0x220C, 0x220C, 0x21EC, 0x220C, 0x220D, 0x220D, 0x220D, 0x222D, 0x222D, 0x222D,
  0x222D, 0x222D, 0x222D, 0x222D, 0x222D, 0x222D, 0x222D, 0x222D, 0x2A2D, 0x222D, 0x2A4D, 0x220D, 0x19AB, 0x118A, 0x19AB, 0x19AB,
  0x198A, 0x118A, 0x118A, 0x198A, 0x19AB, 0x19AB, 0x19AB, 0x21ED, 0x2A6F, 0x21ED, 0x220D, 0x19EC, 0x19CC, 0x19CC, 0x19AB, 0x19AB,
  0x222D, 0x224E, 0x19EC, 0x19EC, 0x19AB, 0x19AB, 0x220D, 0x19CC, 0x19EC, 0x19EC, 0x2A4E, 0x3AF1, 0x3AF1, 0x3AF1, 0x3AF1, 0x3AD0,
  0x32B0, 0x328F, 0x2A8F, 0x2A8F, 0x328F, 0x2A8F, 0x2A8F, 0x2A8F, 0x2A8F, 0x328F, 0x328F, 0x328F, 0x32AF, 0x32AF, 0x32AF, 0x32B0,
  0x32B0, 0x32B0, 0x32B0, 0x32AF, 0x32B0, 0x32B0, 0x32B0, 0x32B0, 0x32AF, 0x328F, 0x328F, 0x328F, 0x328F, 0x32AF, 0x32AF, 0x32B0,
  0x32B0, 0x32B0, 0x32B0, 0x32B0, 0x32B0, 0x32B0, 0x32B0, 0x32B0, 0x32B0, 0x32B0, 0x32B0, 0x32B0, 0x32D0, 0x32D0, 0x32D0, 0x32F1,
  0x32F1, 0x32F1, 0x3AF1, 0x3AF1, 0x3B11, 0x3B11, 0x3B11, 0x3B12, 0x3B32, 0x3B31, 0x4352, 0x3AF1, 0x220D, 0x222D, 0x21ED, 0x19EC,
  0x220D, 0x220D, 0x220D, 0x220D, 0x220D, 0x2A4E, 0x32B0, 0x32F1, 0x32D1, 0x32B0, 0x2A8F, 0x2A90, 0x32B0, 0x32D1, 0x3AD1, 0x2A4F,
  0x2A6F, 0x328F, 0x2A6F, 0x2A6F, 0x2A6F, 0x2A4E, 0x328F, 0x32B0, 0x328F, 0x3290, 0x2A8F, 0x224E, 0x328F, 0x3B12, 0x2A6F, 0x1149,
  0x1128, 0x1128, 0x08E7, 0x08C6, 0x08C6, 0x08C6, 0x08E6, 0x08E7, 0x08E7, 0x08E7, 0x1149, 0x1128, 0x00C6, 0x08C6, 0x08C6, 0x08C6,
  0x08C6, 0x08C6, 0x08C7, 0x08C6, 0x08E7, 0x08C6, 0x00A6, 0x08E7, 0x08E6, 0x00C6, 0x08C6, 0x08C6, 0x08C6, 0x08C6, 0x08C6, 0x08C6,
  0x00A5, 0x0907, 0x19CC, 0x19EC, 0x114A, 0x00E7, 0x08E7, 0x08E7, 0x0928, 0x19AB, 0x220D, 0x19EC, 0x21EC, 0x1149, 0x00C6, 0x08C6,
  0x19CB, 0x19CB, 0x19CB, 0x19EC, 0x19EC, 0x19EC, 0x19EC, 0x19EC, 0x19EC, 0x19EC, 0x19EC, 0x19EC, 0x19EC, 0x21EC, 0x21EC, 0x21EC,
  0x21EC, 0x21EC, 0x21EC, 0x21EC, 0x220C, 0x21EC, 0x21EC, 0x21EC, 0x21EC, 0x220C, 0x220C, 0x220C, 0x220C, 0x220C, 0x220C, 0x220C,
  0x220C, 0x220C, 0x220D, 0x220D, 0x220D, 0x220C, 0x220C, 0x220C, 0x220D, 0x220D, 0x220D, 0x222D, 0x222D, 0x220D, 0x220D, 0x220D,
  0x220D, 0x222D, 0x222D, 0x222D, 0x222D, 0x222D, 0x222D, 0x222D, 0x222D, 0x2A4D, 0x21EC, 0x118A, 0x118A, 0x198A, 0x198A, 0x19AB,
  0x198A, 0x19AB, 0x11AB, 0x19AB, 0x19AB, 0x19AB, 0x19CC, 0x19CC, 0x220D, 0x220D, 0x19CC, 0x19CC, 0x19AB, 0x19CB, 0x19CB, 0x19AB,
  0x19EC, 0x220D, 0x19CC, 0x19CC, 0x19CC, 0x19CC, 0x19EC, 0x21EC, 0x21EC, 0x19EC, 0x19AB, 0x32B0, 0x4332, 0x3B11, 0x3B11, 0x3AF1,
  0x3AD0, 0x32B0, 0x32B0, 0x32B0, 0x32B0, 0x328F, 0x328F, 0x328F, 0x328F, 0x328F, 0x32B0, 0x32B0, 0x32B0, 0x32B0, 0x32D0, 0x32D0,
  0x32D0, 0x32D0, 0x32D0, 0x32D0, 0x32D0, 0x32D0, 0x32D0, 0x32D0, 0x32B0, 0x32B0, 0x32B0, 0x32B0, 0x32B0, 0x32B0, 0x32B0, 0x32D0,
  0x32D0, 0x32D0, 0x32B0, 0x32B0, 0x32B0, 0x32B0, 0x32B0, 0x32B0, 0x32B0, 0x32B0, 0x32B0, 0x32D0, 0x32D0, 0x32D0, 0x32D0, 0x32D0,
  0x32F1, 0x3AF1, 0x3AF1, 0x3B11, 0x3B11, 0x3B11, 0x3B11, 0x3B11, 0x3B11, 0x4332, 0x3B11, 0x220D, 0x222D, 0x222D, 0x21EC, 0x21ED,
  0x220D, 0x21EC, 0x220C, 0x21ED, 0x19ED, 0x2A6F, 0x32B0, 0x32B0, 0x32D1, 0x32B0, 0x32D0, 0x32D0, 0x224E, 0x220E, 0x2A6F, 0x2A8F,
  0x2A6F, 0x32B0, 0x32B0, 0x3290, 0x32B0, 0x2A6F, 0x2A4E, 0x2A4E, 0x222E, 0x32B0, 0x328F, 0x2A6F, 0x32B0, 0x21EC, 0x00C7, 0x08C6,
  0x08E7, 0x08C6, 0x08C6, 0x08E7, 0x0907, 0x08E7, 0x08C6, 0x1149, 0x116A, 0x08E7, 0x1169, 0x1149, 0x08C6, 0x08C6, 0x08C6, 0x08C6,
  0x08E7, 0x08C6, 0x08C6, 0x08E7, 0x08C6, 0x08E7, 0x08E7, 0x08C6, 0x00C6, 0x08C6, 0x08C6, 0x08C6, 0x08C6, 0x08E7, 0x198A, 0x08E6,
  0x00A5, 0x1149, 0x19CB, 0x19EC, 0x19EC, 0x1149, 0x08E7, 0x08E7, 0x08E7, 0x118A, 0x220D, 0x1A0D, 0x19ED, 0x21EC, 0x08E7, 0x00A5,
  0x19EC, 0x19EC, 0x19EC, 0x19EC, 0x19EC, 0x21EC, 0x19EC, 0x19EC, 0x19EC, 0x19EC, 0x21EC, 0x21EC, 0x21EC, 0x21EC, 0x220C, 0x220C,
  0x220C, 0x220C, 0x220C, 0x220D, 0x220C, 0x220C, 0x220C, 0x220D, 0x220D, 0x220D, 0x220D, 0x220D, 0x220D, 0x220D, 0x220D, 0x220D,
  0x220D, 0x220D, 0x220D, 0x220D, 0x220D, 0x220D, 0x220D, 0x220D, 0x220D, 0x220D, 0x220D, 0x220D, 0x220D, 0x21EC, 0x220C, 0x220D,
  0x220D, 0x222D, 0x222D, 0x21EC, 0x118A, 0x19CB, 0x222D, 0x2A2D, 0x2A4E, 0x21EC, 0x116A, 0x118A, 0x198B, 0x19AB, 0x19AB, 0x118A,
  0x19AA, 0x198B, 0x19AB, 0x198B, 0x19AB, 0x19AB, 0x19AB, 0x19CC, 0x19AB, 0x19EC, 0x21EC, 0x19CC, 0x19AB, 0x19CB, 0x19CB, 0x19CB,
  0x19CB, 0x19CC, 0x19CC, 0x19EC, 0x19CC, 0x19CB, 0x19CB, 0x2A4E, 0x222D, 0x19CC, 0x19EC, 0x220D, 0x32B0, 0x4332, 0x3B11, 0x3AF1,
  0x3AF1, 0x3AF1, 0x3AF1, 0x3AD0, 0x3AD0, 0x32D0, 0x32D0, 0x32D0, 0x32B0, 0x32B0, 0x32B0, 0x32B0, 0x3AD0, 0x3AD1, 0x3AF1, 0x3AD0,
  0x3AF0, 0x3AF0, 0x3AF0, 0x3AF1, 0x3AF1, 0x3AF0, 0x3AF0, 0x3AF1, 0x3AD0, 0x3AD0, 0x3AD0, 0x3AD0, 0x3AD0, 0x3AD0, 0x32D0, 0x32D0,
  0x32D0, 0x32D0, 0x32D0, 0x32D0, 0x32B0, 0x32B0, 0x32B0, 0x32B0, 0x32B0, 0x32B0, 0x32B0, 0x32D0, 0x32D0, 0x32D0, 0x32D0, 0x32D0,
  0x3AF1, 0x3B11, 0x3B11, 0x3B11, 0x3B11, 0x3B11, 0x3B11, 0x3B11, 0x4332, 0x3AF1, 0x222D, 0x220D, 0x222D, 0x19EC, 0x21EC, 0x21EC,
  0x19EC, 0x19EC, 0x21EC, 0x19ED, 0x2A6F, 0x2A4F, 0x2A6F, 0x32B0, 0x2A90, 0x32D1, 0x32B0, 0x32B0, 0x2A6F, 0x222E, 0x3290, 0x32B0,
  0x32B0, 0x32B0, 0x3290, 0x2A8F, 0x3290, 0x222E, 0x222E, 0x222D, 0x2A4E, 0x2A2D, 0x19AB, 0x116A, 0x1149, 0x00C6, 0x08E7, 0x08E6,
  0x08C6, 0x08E6, 0x08C6, 0x08E7, 0x08E7, 0x08C6, 0x08E7, 0x1149, 0x08E7, 0x08C6, 0x08E7, 0x08E7, 0x08E7, 0x08E7, 0x08E7, 0x08E6,
  0x08E6, 0x08C6, 0x1108, 0x0907, 0x00A6, 0x08C6, 0x08C6, 0x08C6, 0x08C6, 0x08C6, 0x08C6, 0x08C6, 0x08E7, 0x198A, 0x1149, 0x08C6,
  0x00A5, 0x1128, 0x19CB, 0x19EC, 0x11AB, 0x00E7, 0x00C6, 0x00C6, 0x00A5, 0x00A5, 0x1169, 0x21EC, 0x21EC, 0x19CB, 0x19AB, 0x0928,
  0x19EC, 0x19EC, 0x19EC, 0x19EC, 0x21EC, 0x19EC, 0x21EC, 0x21EC, 0x21EC, 0x220C, 0x220C, 0x220C, 0x220C, 0x220C, 0x220C, 0x220C,
  0x220D, 0x220D, 0x220D, 0x220D, 0x220D, 0x220D, 0x220D, 0x220D, 0x220D, 0x220D, 0x220D, 0x222D, 0x220D, 0x222D, 0x220D, 0x220D,
  0x220D, 0x220D, 0x220D, 0x220D, 0x220D, 0x220C, 0x220C, 0x220D, 0x220D, 0x220D, 0x220D, 0x220D, 0x220D, 0x220D, 0x220D, 0x220D,
  0x220D, 0x220C, 0x19CB, 0x118A, 0x118A, 0x118A, 0x11AA, 0x19CC, 0x19CB, 0x118A, 0x198A, 0x198A, 0x198B, 0x19AB, 0x19AB, 0x19AB,
  0x198A, 0x19AB, 0x19AB, 0x19AB, 0x19AB, 0x19AB, 0x19AB, 0x19CC, 0x19CC, 0x19AB, 0x19EC, 0x220D, 0x19CC, 0x19CC, 0x19CC, 0x19CC,
  0x19CC, 0x19CC, 0x19EC, 0x19EC, 0x19CC, 0x19CB, 0x19CB, 0x220D, 0x222E, 0x19EC, 0x19EC, 0x19EC, 0x19CC, 0x3AF1, 0x4332, 0x3AF1,
  0x3B11, 0x4311, 0x3B11, 0x3B11, 0x3AF1, 0x3AF1, 0x3AF1, 0x3AF1, 0x3AF1, 0x3AF1, 0x3AD0, 0x3AF1, 0x3AF1, 0x3AF1, 0x3AF1, 0x3AF1,
  0x3AF1, 0x3B11, 0x4311, 0x3AF0, 0x2A6E, 0x3AD0, 0x3B11, 0x3AF1, 0x3AF1, 0x3AF1, 0x3AF1, 0x3AF1, 0x3AF1, 0x3AF1, 0x3AF1, 0x3AF1,
  0x3AF0, 0x3AF1, 0x3AD0, 0x3AD0, 0x3AD0, 0x3AD0, 0x3AD0, 0x32D0, 0x32D0, 0x32D0, 0x3AD0, 0x3AD0, 0x3AD1, 0x32D1, 0x32F1, 0x3AF1,
  0x3B11, 0x3B11, 0x3B32, 0x3B32, 0x3B11, 0x3B32, 0x4352, 0x4352, 0x32D0, 0x220D, 0x21EC, 0x222E, 0x21ED, 0x21EC, 0x21EC, 0x19EC,
  0x21ED, 0x220D, 0x19EC, 0x222D, 0x224E, 0x19EC, 0x19EC, 0x2A8F, 0x32D1, 0x32D1, 0x32F1, 0x32D0, 0x32B0, 0x32B0, 0x32B0, 0x32B0,
  0x32B1, 0x32D0, 0x32D0, 0x32B0, 0x2A4E, 0x2A4E, 0x2A4E, 0x2A6F, 0x19AB, 0x00A6, 0x00C6, 0x00C6, 0x00C6, 0x1108, 0x0907, 0x08C6,
  0x08E7, 0x08C6, 0x08C6, 0x08C6, 0x08C6, 0x08C6, 0x08E7, 0x08C6, 0x08C6, 0x08E6, 0x08E6, 0x08C6, 0x08E6, 0x08E7, 0x08E7, 0x08E7,
  0x08C6, 0x08E7, 0x0907, 0x00A5, 0x08C6, 0x08C6, 0x08C6, 0x08E6, 0x08C6, 0x08C6, 0x08C6, 0x00C6, 0x1128, 0x0908, 0x00C6, 0x0907,
  0x00A5, 0x0928, 0x19AB, 0x1149, 0x0908, 0x1149, 0x0928, 0x00C6, 0x00C6, 0x08E6, 0x00A6, 0x08E7, 0x0907, 0x08E7, 0x198A, 0x220D,
  0x220C, 0x21EC, 0x21EC, 0x220D, 0x220D, 0x220D, 0x220C, 0x220C, 0x220D, 0x220D, 0x220D, 0x220C, 0x220D, 0x222D, 0x222D, 0x220D,
  0x222D, 0x2A2D, 0x222D, 0x222D, 0x222D, 0x222D, 0x222D, 0x222D, 0x222D, 0x222D, 0x222D, 0x2A2D, 0x2A2D, 0x222D, 0x222D, 0x222D,
  0x222D, 0x222D, 0x220D, 0x220D, 0x19EC, 0x19CC, 0x19CC, 0x19EC, 0x220D, 0x220D, 0x220D, 0x222D, 0x222D, 0x222D, 0x222D, 0x222D,
  0x19CB, 0x116A, 0x118A, 0x118A, 0x19AB, 0x19AA, 0x118A, 0x118A, 0x118A, 0x19AB, 0x198B, 0x198B, 0x19AB, 0x19AB, 0x19AB, 0x118A,
  0x118A, 0x19AA, 0x19AB, 0x19AB, 0x19AB, 0x19AB, 0x19AB, 0x19AB, 0x198B, 0x19CC, 0x19CC, 0x19CC, 0x19CC, 0x19CC, 0x19CC, 0x19EC,
  0x19CC, 0x19CC, 0x19CC, 0x19EC, 0x19CC, 0x19CC, 0x19CC, 0x19CB, 0x21EC, 0x222D, 0x21EC, 0x21EC, 0x19EC, 0x2A4E, 0x4311, 0x4332,
  0x4352, 0x4332, 0x4332, 0x4332, 0x4312, 0x4311, 0x3B11, 0x4311, 0x3B11, 0x3B11, 0x3AF1, 0x3AF1, 0x3B11, 0x3AF1, 0x3B11, 0x4311,
  0x3AF1, 0x328F, 0x2A6E, 0x220D, 0x19EC, 0x220D, 0x3AD0, 0x4332, 0x3B11, 0x4311, 0x4332, 0x4311, 0x3B11, 0x3B11, 0x4311, 0x4311,
  0x3B11, 0x3AF1, 0x3AF1, 0x3AF0, 0x3AF1, 0x3AF0, 0x3AF1, 0x3AF0, 0x3AF0, 0x3AF0, 0x3AF1, 0x3AF1, 0x3AF1, 0x3B11, 0x3B11, 0x3B11,
  0x3B11, 0x3B32, 0x4332, 0x4332, 0x4352, 0x32D0, 0x32B0, 0x2A6F, 0x21ED, 0x19ED, 0x21ED, 0x220D, 0x19EC, 0x21EC, 0x21EC, 0x21ED,
  0x220D, 0x220D, 0x220D, 0x220D, 0x19ED, 0x220D, 0x220C, 0x220D, 0x2A8F, 0x3AF1, 0x32B0, 0x32D1, 0x32B0, 0x32B0, 0x32B1, 0x32B1,
  0x32B1, 0x32D1, 0x32D0, 0x2A8F, 0x32B0, 0x21EC, 0x1149, 0x198A, 0x00C6, 0x08E6, 0x08E6, 0x08E7, 0x0907, 0x0907, 0x08C6, 0x08E6,
  0x08C6, 0x08E6, 0x08E6, 0x08C6, 0x08C6, 0x08C6, 0x08C6, 0x08C6, 0x08E6, 0x08E7, 0x08E7, 0x08E6, 0x08E7, 0x08E7, 0x08E7, 0x08E7,
  0x08C6, 0x08C6, 0x00A5, 0x08E7, 0x1108, 0x08C6, 0x08C6, 0x08C6, 0x08E6, 0x08C6, 0x08E6, 0x0907, 0x00A6, 0x00A6, 0x08C6, 0x08C6,
  0x0907, 0x19AB, 0x0908, 0x00A6, 0x0907, 0x0907, 0x08E6, 0x00A6, 0x08E6, 0x1108, 0x00C6, 0x00A6, 0x00C6, 0x08C6, 0x00E7, 0x1149,
  0x19CB, 0x222D, 0x220C, 0x21EC, 0x198A, 0x19AA, 0x222D, 0x222D, 0x220D, 0x222D, 0x220D, 0x220D, 0x222D, 0x222D, 0x2A2D, 0x2A2D,
  0x2A2D, 0x2A2D, 0x2A2D, 0x2A2E, 0x2A2E, 0x2A4D, 0x2A2E, 0x2A2D, 0x2A4D, 0x2A4D, 0x2A4E, 0x2A4D, 0x2A2D, 0x222D, 0x220D, 0x220D,
  0x220D, 0x220D, 0x21EC, 0x19CB, 0x19CB, 0x19CB, 0x19CC, 0x19CC, 0x21EC, 0x220C, 0x222D, 0x222D, 0x222E, 0x222D, 0x220C, 0x11AB,
  0x118A, 0x198A, 0x198A, 0x198B, 0x198B, 0x198B, 0x198A, 0x198B, 0x19AB, 0x19AB, 0x19AB, 0x19AB, 0x198B, 0x198B, 0x198A, 0x11AB,
  0x198A, 0x118A, 0x198B, 0x19AB, 0x19CC, 0x19CC, 0x19AB, 0x19AB, 0x19AB, 0x19AB, 0x2A4E, 0x222D, 0x21EC, 0x19CC, 0x19CC, 0x19CC,
  0x19CC, 0x19CC, 0x19CC, 0x21EC, 0x21EC, 0x21EC, 0x19CC, 0x19CC, 0x21EC, 0x220D, 0x222D, 0x220C, 0x220D, 0x19CC, 0x220C, 0x2A6E,
  0x2A4E, 0x4332, 0x4352, 0x4332, 0x4332, 0x4332, 0x4332, 0x4312, 0x4311, 0x4311, 0x4311, 0x4311, 0x4311, 0x4332, 0x4311, 0x328F,
  0x222D, 0x19CC, 0x19EC, 0x19EC, 0x220C, 0x21EC, 0x220C, 0x328F, 0x4332, 0x4311, 0x32B0, 0x3B11, 0x4352, 0x4331, 0x4331, 0x4352,
  0x4352, 0x4332, 0x4332, 0x4331, 0x3B11, 0x3B11, 0x3B11, 0x3B11, 0x3B11, 0x3B11, 0x3B11, 0x3B11, 0x3B11, 0x3B31, 0x3B12, 0x3B11,
  0x3B32, 0x3B32, 0x4352, 0x4373, 0x32B0, 0x220D, 0x220D, 0x220D, 0x222E, 0x1A0D, 0x220D, 0x21ED, 0x19EC, 0x19EC, 0x21ED, 0x220D,
  0x220D, 0x21ED, 0x222D, 0x222E, 0x220D, 0x220D, 0x222D, 0x220D, 0x19ED, 0x2A8F, 0x32B0, 0x3290, 0x32D1, 0x32D1, 0x32D1, 0x32D1,
  0x32D1, 0x32D1, 0x32D1, 0x3AF1, 0x2A4E, 0x00E7, 0x00C6, 0x00C6, 0x08E6, 0x08E7, 0x08E7, 0x08E6, 0x08E6, 0x08C6, 0x08C6, 0x08C6,
  0x08C6, 0x08E7, 0x08E7, 0x08C6, 0x08C6, 0x08C6, 0x08E6, 0x08C6, 0x08C6, 0x08E6, 0x08E6, 0x08E7, 0x08E7, 0x08E7, 0x08E7, 0x08E7,
  0x08E6, 0x00C6, 0x08E7, 0x198A, 0x08E7, 0x08C6, 0x08C6, 0x08C6, 0x08C6, 0x08E6, 0x1108, 0x08C6, 0x00C6, 0x08C6, 0x08C6, 0x08C6,
  0x1128, 0x1128, 0x00C6, 0x08C6, 0x00A6, 0x00A5, 0x00A6, 0x00C6, 0x00C6, 0x00A6, 0x00C6, 0x00C6, 0x08C6, 0x08E6, 0x08E7, 0x0908,
  0x0907, 0x1149, 0x1149, 0x1128, 0x08E7, 0x08E7, 0x1148, 0x19CB, 0x2A2D, 0x222D, 0x222D, 0x222D, 0x222D, 0x2A2D, 0x2A2D, 0x2A4E,
  0x2A4E, 0x2A4E, 0x2A4E, 0x2A4E, 0x2A4E, 0x2A4E, 0x2A4E, 0x2A4E, 0x2A4E, 0x2A4E, 0x2A2D, 0x222D, 0x222D, 0x222D, 0x220D, 0x220D,
  0x220C, 0x21EC, 0x21EC, 0x19CC, 0x19CB, 0x19CC, 0x19EC, 0x21EC, 0x220D, 0x220C, 0x220C, 0x2A4E, 0x2A4E, 0x222D, 0x118A, 0x118A,
  0x198A, 0x19AB, 0x118A, 0x198B, 0x19AB, 0x19AB, 0x19AB, 0x198A, 0x198A, 0x19AB, 0x19AB, 0x198B, 0x198B, 0x19AB, 0x19AB, 0x19AB,
  0x19AB, 0x19AB, 0x19AB, 0x19CC, 0x19CB, 0x19AB, 0x19AB, 0x19AB, 0x19AB, 0x19AB, 0x19CC, 0x32B0, 0x222E, 0x220C, 0x19EC, 0x19CC,
  0x19CC, 0x19CC, 0x19CC, 0x21EC, 0x19EC, 0x21EC, 0x220D, 0x21ED, 0x21EC, 0x220D, 0x2A4E, 0x222D, 0x21ED, 0x21EC, 0x21EC, 0x19EC,
  0x19CC, 0x220D, 0x4311, 0x4B52, 0x4352, 0x4B52, 0x4B73, 0x4B73, 0x4B52, 0x4332, 0x4352, 0x4B52, 0x4311, 0x328F, 0x222D, 0x19CC,
  0x19CC, 0x21EC, 0x21EC, 0x220C, 0x220C, 0x220D, 0x220D, 0x21EC, 0x222D, 0x220D, 0x21EC, 0x220D, 0x3AD0, 0x4352, 0x4352, 0x3AF0,
  0x328F, 0x32AF, 0x3AF0, 0x4331, 0x4332, 0x4332, 0x4332, 0x4332, 0x4332, 0x4332, 0x4332, 0x4332, 0x4332, 0x4352, 0x4332, 0x4332,
  0x4332, 0x4352, 0x4352, 0x32AF, 0x220D, 0x220D, 0x220D, 0x220D, 0x2A6F, 0x222D, 0x19ED, 0x19EC, 0x19EC, 0x19EC, 0x220D, 0x1A0D,
  0x220D, 0x2A4E, 0x328F, 0x222E, 0x220E, 0x220D, 0x2A4E, 0x2A6F, 0x2A4F, 0x2A4F, 0x2A4F, 0x32B0, 0x32D1, 0x32B0, 0x32D1, 0x32D1,
  0x3AF2, 0x3AD1, 0x3AF1, 0x32B0, 0x0908, 0x00C6, 0x08E7, 0x08E6, 0x08E6, 0x08E7, 0x08E7, 0x08E6, 0x08E6, 0x08C6, 0x08C6, 0x08C6,
  0x08C6, 0x1108, 0x1149, 0x08E7, 0x08C6, 0x08C6, 0x08C6, 0x08E6, 0x08E6, 0x08E6, 0x08E7, 0x08E7, 0x08E7, 0x08E7, 0x08E7, 0x08E7,
  0x08C6, 0x0908, 0x19AB, 0x1149, 0x00A6, 0x08C6, 0x08C6, 0x08C6, 0x08C6, 0x08E7, 0x08C6, 0x08C6, 0x08C6, 0x00A6, 0x08C6, 0x08C6,
  0x08E6, 0x08C6, 0x08C6, 0x08C6, 0x08C6, 0x08C6, 0x08C6, 0x08C6, 0x08C6, 0x08C6, 0x00C6, 0x00C6, 0x08C6, 0x08E7, 0x08E6, 0x08E7,
  0x0907, 0x0907, 0x1128, 0x1149, 0x1108, 0x0907, 0x08E7, 0x08E6, 0x198A, 0x2A4E, 0x2A4D, 0x222D, 0x2A2D, 0x2A4E, 0x2A4E, 0x2A4E,
  0x2A4E, 0x2A4E, 0x2A6E, 0x2A6E, 0x2A6E, 0x2A6E, 0x2A6E, 0x2A6E, 0x2A6E, 0x224D, 0x222D, 0x222D, 0x2A2D, 0x2A2D, 0x222D, 0x222D,
  0x222D, 0x220D, 0x220D, 0x21EC, 0x19CC, 0x21EC, 0x220D, 0x220D, 0x220D, 0x220C, 0x220C, 0x222D, 0x222D, 0x19CB, 0x118A, 0x198A,
  0x198A, 0x19AB, 0x19AB, 0x198A, 0x198A, 0x118A, 0x19AB, 0x19AB, 0x19AB, 0x19AB, 0x19AB, 0x19AB, 0x19AB, 0x19AB, 0x19AB, 0x19AB,
  0x19CB, 0x19CB, 0x19AB, 0x19AB, 0x19AB, 0x19AB, 0x19AB, 0x19AB, 0x19AB, 0x19CB, 0x19AB, 0x2A4E, 0x3AD1, 0x222E, 0x222D, 0x21EC,
  0x19CC, 0x19CC, 0x19EC, 0x21EC, 0x2A4E, 0x222D, 0x222D, 0x222E, 0x222E, 0x2A4E, 0x2A4E, 0x2A2E, 0x220D, 0x21ED, 0x220D, 0x222D,
  0x220D, 0x19CC, 0x19CC, 0x4311, 0x53B4, 0x53B4, 0x4B73, 0x32AF, 0x3AF1, 0x4B73, 0x4B73, 0x3AD0, 0x19EC, 0x19AB, 0x19EC, 0x21EC,
  0x21EC, 0x19EC, 0x21EC, 0x19EC, 0x220C, 0x220D, 0x220D, 0x220D, 0x21EC, 0x21EC, 0x220D, 0x220D, 0x220C, 0x2A6E, 0x2A4E, 0x220D,
  0x220C, 0x220D, 0x220D, 0x222D, 0x32AF, 0x4B72, 0x4352, 0x4B52, 0x4352, 0x4332, 0x4352, 0x4352, 0x4352, 0x4352, 0x4352, 0x4B52,
  0x4352, 0x3B11, 0x2A4E, 0x222D, 0x222D, 0x220D, 0x21ED, 0x222E, 0x222E, 0x224E, 0x222E, 0x19ED, 0x21ED, 0x220D, 0x220D, 0x220D,
  0x2A4E, 0x328F, 0x222D, 0x220D, 0x222E, 0x2A8F, 0x3290, 0x32B0, 0x32B0, 0x2A4E, 0x220E, 0x2A4F, 0x32B0, 0x2A6F, 0x32B0, 0x3AF1,
  0x3AF1, 0x3B12, 0x3AF1, 0x118A, 0x00C6, 0x08E7, 0x08E7, 0x08E6, 0x08E6, 0x08E6, 0x08C6, 0x08E7, 0x08E7, 0x00C6, 0x08C6, 0x08C6,
  0x08E7, 0x0908, 0x1149, 0x0907, 0x08C6, 0x08E6, 0x08E6, 0x08E7, 0x08E7, 0x08E7, 0x08E7, 0x08E7, 0x08E7, 0x08E7, 0x08E7, 0x08C6,
  0x1128, 0x19AB, 0x198B, 0x08E7, 0x00C6, 0x08C6, 0x08C6, 0x08C6, 0x08C6, 0x08C6, 0x08C6, 0x08E7, 0x00C6, 0x08E7, 0x08E7, 0x08C6,
  0x08C6, 0x08C6, 0x08C6, 0x08C6, 0x08C6, 0x08C6, 0x08C6, 0x08C6, 0x00C6, 0x08C6, 0x08C6, 0x00C6, 0x08C6, 0x08E7, 0x08E7, 0x08E6,
  0x0908, 0x1149, 0x1149, 0x1128, 0x0907, 0x0907, 0x0907, 0x08E7, 0x08E6, 0x1169, 0x220C, 0x2A4E, 0x2A6E, 0x2A6E, 0x2A6E, 0x2A6E,
  0x2A6E, 0x2A6E, 0x2A6E, 0x2A6E, 0x2A6E, 0x2A6E, 0x2A6E, 0x2A4E, 0x224D, 0x2A4D, 0x2A4E, 0x2A4E, 0x2A4E, 0x2A4E, 0x2A4E, 0x2A4D,
  0x2A2D, 0x220C, 0x21EC, 0x21EC, 0x21EC, 0x21EC, 0x21EC, 0x220D, 0x222D, 0x220C, 0x220C, 0x21EC, 0x19AB, 0x118A, 0x198A, 0x198A,
  0x19AB, 0x198B, 0x19AB, 0x19AB, 0x19AB, 0x19AB, 0x19AB, 0x19AB, 0x19AB, 0x19CB, 0x19CC, 0x19CC, 0x19AB, 0x19CB, 0x19AB, 0x19AB,
  0x19AB, 0x19AB, 0x19AB, 0x19AB, 0x19AB, 0x19AB, 0x19AB, 0x19AB, 0x19CB, 0x19CC, 0x19CB, 0x19EC, 0x32B0, 0x2A6F, 0x220D, 0x220D,
  0x21EC, 0x19EC, 0x21EC, 0x220D, 0x222E, 0x2A4E, 0x2A2E, 0x2A4E, 0x2A4E, 0x2A4E, 0x2A4E, 0x2A2E, 0x2A2D, 0x222D, 0x220D, 0x220D,
  0x220D, 0x21EC, 0x19CC, 0x222D, 0x4311, 0x32D0, 0x222E, 0x220D, 0x220C, 0x2A2D, 0x220D, 0x19CB, 0x19CC, 0x19EC, 0x21EC, 0x21EC,
  0x21EC, 0x21EC, 0x21EC, 0x21EC, 0x21EC, 0x220D, 0x220D, 0x220D, 0x220D, 0x220D, 0x220D, 0x220D, 0x222D, 0x220D, 0x220D, 0x222D,
  0x222D, 0x2A2D, 0x222D, 0x220D, 0x220D, 0x32D0, 0x32B0, 0x3AF1, 0x4B73, 0x4372, 0x4352, 0x4352, 0x4352, 0x4352, 0x4B73, 0x4311,
  0x2A4E, 0x1A0D, 0x220D, 0x222E, 0x19EC, 0x220D, 0x220D, 0x220D, 0x220D, 0x220D, 0x222D, 0x220D, 0x220D, 0x220D, 0x2A4F, 0x2A6F,
  0x32B0, 0x222E, 0x220D, 0x220D, 0x2A6F, 0x32B0, 0x32B0, 0x32B0, 0x2A6F, 0x21ED, 0x222E, 0x2A6F, 0x2A4F, 0x2A6F, 0x2A6F, 0x2A6E,
  0x32AF, 0x21CB, 0x0928, 0x08E7, 0x08E7, 0x08E6, 0x08E7, 0x08E6, 0x08E6, 0x08E7, 0x0908, 0x08E7, 0x08E7, 0x08E6, 0x08C6, 0x08E6,
  0x0908, 0x08E7, 0x08C7, 0x08E7, 0x08E7, 0x08E6, 0x08E7, 0x0907, 0x08E7, 0x08E7, 0x08E7, 0x08E7, 0x08E7, 0x08E7, 0x0907, 0x1169,
  0x118A, 0x1149, 0x0908, 0x08E7, 0x08C6, 0x08C6, 0x08C6, 0x08C6, 0x08C6, 0x08C6, 0x08C6, 0x00C6, 0x1128, 0x1169, 0x00C6, 0x08C6,
  0x08E6, 0x08E6, 0x08C6, 0x08C6, 0x08C6, 0x08E6, 0x08E6, 0x08E6, 0x08E6, 0x08E6, 0x08E7, 0x08E6, 0x08C6, 0x08E7, 0x0907, 0x08E7,
  0x1149, 0x1128, 0x0907, 0x08E7, 0x0907, 0x0907, 0x0907, 0x0907, 0x0907, 0x08E7, 0x0907, 0x19AA, 0x2A2D, 0x2A2D, 0x2A4D, 0x2A6E,
  0x328F, 0x2A6E, 0x2A6E, 0x2A6E, 0x2A6E, 0x2A6E, 0x2A6E, 0x2A6E, 0x2A4E, 0x2A6E, 0x2A6E, 0x2A6E, 0x2A6E, 0x2A6E, 0x2A6E, 0x2A4E,
  0x220D, 0x21EC, 0x21EC, 0x220C, 0x220D, 0x220C, 0x220C, 0x220C, 0x220D, 0x220C, 0x220C, 0x19CB, 0x118A, 0x198A, 0x198A, 0x198A,
  0x19AA, 0x19AB, 0x19AB, 0x19AB, 0x19AB, 0x19AB, 0x198B, 0x19AB, 0x19AB, 0x19CB, 0x19CC, 0x19EC, 0x19CB, 0x19CC, 0x19CB, 0x19AB,
  0x19CC, 0x19CC, 0x19CB, 0x19CB, 0x19CB, 0x19CB, 0x19AB, 0x19AB, 0x19CC, 0x19CC, 0x19CC, 0x19CC, 0x220D, 0x2A4E, 0x2A4E, 0x220D,
  0x220D, 0x220D, 0x21EC, 0x220D, 0x2A6F, 0x2A6F, 0x2A4E, 0x224E, 0x222E, 0x224E, 0x2A4E, 0x222D, 0x220D, 0x222D, 0x220D, 0x220D,
  0x220D, 0x220D, 0x220D, 0x220D, 0x222D, 0x222E, 0x2A4E, 0x2A6E, 0x222D, 0x21EC, 0x19CC, 0x21EC, 0x21EC, 0x19EC, 0x21EC, 0x21EC,
  0x21EC, 0x21EC, 0x21EC, 0x21EC, 0x21EC, 0x220D, 0x220D, 0x220D, 0x220D, 0x220D, 0x2A2D, 0x222D, 0x220D, 0x2A2D, 0x2A2D, 0x2A2D,
  0x2A2D, 0x2A2D, 0x2A2E, 0x2A2D, 0x2A2D, 0x222D, 0x222D, 0x2A4E, 0x3AD0, 0x3B11, 0x4352, 0x4B73, 0x4B93, 0x4B93, 0x3AF1, 0x1A0D,
  0x220D, 0x2A4E, 0x222E, 0x21ED, 0x1A0D, 0x220D, 0x220D, 0x220D, 0x220D, 0x220D, 0x222D, 0x222D, 0x220D, 0x220D, 0x2A4F, 0x32B0,
  0x2A4F, 0x220D, 0x222D, 0x222E, 0x3290, 0x32D1, 0x32D1, 0x32B0, 0x222E, 0x220D, 0x222E, 0x2A6F, 0x2A6F, 0x21EC, 0x1149, 0x08E7,
  0x08E7, 0x00C6, 0x0907, 0x08E7, 0x08E6, 0x08E6, 0x08E6, 0x08E6, 0x08E7, 0x08E7, 0x0907, 0x08E6, 0x08E7, 0x08E6, 0x08E6, 0x08E6,
  0x08E7, 0x08E7, 0x08E7, 0x08E7, 0x08E7, 0x08E6, 0x08E7, 0x08E7, 0x0907, 0x1128, 0x0907, 0x08E7, 0x08E7, 0x0908, 0x196A, 0x1149,
  0x08E7, 0x08E7, 0x0908, 0x08E7, 0x08C6, 0x08C6, 0x08E6, 0x08E6, 0x08C6, 0x08E7, 0x0907, 0x00C6, 0x1149, 0x1149, 0x08E7, 0x08C6,
  0x08C6, 0x08E6, 0x08C6, 0x08C6, 0x08E6, 0x08E6, 0x08E6, 0x08E6, 0x08E7, 0x08E7, 0x08E6, 0x08E7, 0x08E7, 0x08C6, 0x08E7, 0x08E7,
  0x1128, 0x0907, 0x0907, 0x0907, 0x1107, 0x0907, 0x0907, 0x08E7, 0x0907, 0x0907, 0x0907, 0x0907, 0x0908, 0x0908, 0x0908, 0x1149,
  0x21CB, 0x2A6E, 0x328F, 0x2A6E, 0x2A6E, 0x328F, 0x326E, 0x326E, 0x328F, 0x2A6F, 0x2A8F, 0x2A8F, 0x2A6E, 0x2A4E, 0x2A2D, 0x2A4D,
  0x220D, 0x220D, 0x220D, 0x222D, 0x2A2D, 0x2A4D, 0x222D, 0x220D, 0x220C, 0x220C, 0x220C, 0x21EC, 0x19CB, 0x19AB, 0x19AB, 0x19AB,
  0x19AB, 0x19AB, 0x19AB, 0x19AB, 0x19AB, 0x19AB, 0x19AB, 0x19AB, 0x19CB, 0x19CB, 0x19CB, 0x19CC, 0x19CC, 0x21EC, 0x21EC, 0x19CC,
  0x19CC, 0x19CC, 0x21EC, 0x19CC, 0x19AB, 0x19CB, 0x19AB, 0x19CB, 0x19CC, 0x19CC, 0x19CC, 0x19CC, 0x19CB, 0x19EC, 0x2A6F, 0x2A4E,
  0x220D, 0x220D, 0x222D, 0x222E, 0x32D0, 0x3B11, 0x3290, 0x2A6F, 0x2A4E, 0x222D, 0x222D, 0x222D, 0x222D, 0x220D, 0x220D, 0x220C,
  0x220D, 0x220D, 0x220D, 0x220D, 0x2A4E, 0x328F, 0x2A6F, 0x2A6F, 0x2A4E, 0x220D, 0x21EC, 0x21EC, 0x21EC, 0x21EC, 0x19EC, 0x21EC,
  0x21EC, 0x21EC, 0x21EC, 0x21EC, 0x21EC, 0x220C, 0x222D, 0x2A2D, 0x2A2D, 0x220D, 0x2A2D, 0x2A2D, 0x222D, 0x220D, 0x2A2D, 0x2A4E,
  0x2A4E, 0x222D, 0x2A2E, 0x2A4E, 0x2A4E, 0x2A4E, 0x2A4E, 0x2A4E, 0x222E, 0x222E, 0x2A8F, 0x3AD1, 0x4332, 0x32D0, 0x19ED, 0x220D,
  0x222D, 0x222E, 0x220D, 0x220D, 0x222D, 0x222E, 0x220D, 0x222E, 0x222E, 0x222D, 0x2A4E, 0x222D, 0x220D, 0x224E, 0x3290, 0x2A6F,
  0x220D, 0x222D, 0x220C, 0x19CC, 0x19EC, 0x2A4E, 0x2A8F, 0x2A6F, 0x222E, 0x224E, 0x222E, 0x222D, 0x116A, 0x00C7, 0x08C6, 0x08C6,
  0x08C6, 0x1128, 0x0907, 0x08C6, 0x08C6, 0x08E6, 0x08E6, 0x08E6, 0x08E7, 0x08E6, 0x08C6, 0x08E6, 0x08E7, 0x08E7, 0x08C6, 0x08C6,
  0x08E6, 0x08E7, 0x08E6, 0x08E6, 0x08E6, 0x08E6, 0x08E6, 0x08E7, 0x0908, 0x1128, 0x08E7, 0x08E7, 0x08E7, 0x0908, 0x0908, 0x08E7,
  0x08E7, 0x0908, 0x1128, 0x08C6, 0x08C6, 0x08E7, 0x08E7, 0x08E6, 0x08E7, 0x1148, 0x08E7, 0x1148, 0x0908, 0x1128, 0x08E7, 0x08C6,
  0x08C6, 0x08C6, 0x08E6, 0x08C6, 0x08E6, 0x08E7, 0x08E7, 0x08E7, 0x08E7, 0x08E7, 0x08E6, 0x08E7, 0x08E7, 0x08E7, 0x08E7, 0x0907,
  0x0908, 0x0908, 0x0907, 0x0907, 0x0907, 0x0907, 0x0908, 0x0907, 0x0907, 0x1107, 0x1108, 0x1128, 0x1128, 0x0907, 0x0907, 0x0908,
  0x0908, 0x1149, 0x2A2D, 0x328E, 0x2A0D, 0x220C, 0x1169, 0x1129, 0x2A2D, 0x32AF, 0x328E, 0x2A4E, 0x2A4E, 0x2A4E, 0x2A2D, 0x2A2D,
  0x2A2D, 0x2A2D, 0x2A2D, 0x2A4E, 0x2A4E, 0x2A6E, 0x2A6E, 0x2A4E, 0x222D, 0x220D, 0x222D, 0x2A4E, 0x222D, 0x21EC, 0x19AB, 0x19AB,
  0x19AB, 0x19CB, 0x19AB, 0x19AA, 0x19AB, 0x19AB, 0x19AB, 0x19AB, 0x19CB, 0x19EC, 0x21EC, 0x21EC, 0x220C, 0x21EC, 0x21EC, 0x21EC,
  0x21EC, 0x220C, 0x21EC, 0x19CC, 0x19CB, 0x19CB, 0x19CB, 0x19CB, 0x19CC, 0x19CC, 0x19CC, 0x19CC, 0x19CC, 0x19CB, 0x2A4E, 0x2A6F,
  0x2A6E, 0x2A4E, 0x2A4E, 0x2A8F, 0x328F, 0x32B0, 0x32D0, 0x32D0, 0x2A6F, 0x2A6F, 0x224E, 0x2A4E, 0x2A4E, 0x2A4E, 0x2A2D, 0x220D,
  0x21EC, 0x21EC, 0x2A2D, 0x220D, 0x220D, 0x2A6F, 0x328F, 0x328F, 0x2A6F, 0x220D, 0x21EC, 0x220C, 0x220C, 0x21EC, 0x21EC, 0x220C,
  0x21EC, 0x21EC, 0x220D, 0x220D, 0x220D, 0x220D, 0x220D, 0x222D, 0x2A4E, 0x2A4E, 0x2A2E, 0x2A4E, 0x2A2D, 0x2A2D, 0x2A2D, 0x2A2E,
  0x2A4E, 0x2A2D, 0x2A4E, 0x2A4E, 0x2A4E, 0x2A4E, 0x2A4E, 0x2A4E, 0x2A4E, 0x222E, 0x222E, 0x222E, 0x220D, 0x19ED, 0x222D, 0x220D,
  0x220D, 0x220D, 0x220D, 0x220D, 0x220D, 0x222E, 0x222E, 0x222E, 0x222E, 0x224E, 0x222E, 0x222D, 0x224E, 0x32B0, 0x222E, 0x220D,
  0x224E, 0x220D, 0x1169, 0x116A, 0x116A, 0x116A, 0x118A, 0x118A, 0x118A, 0x198A, 0x0928, 0x08E7, 0x00E7, 0x08E7, 0x08E6, 0x08E6,
  0x0928, 0x0908, 0x08E7, 0x08E6, 0x08E6, 0x08E6, 0x08E6, 0x08E6, 0x08E6, 0x08E7, 0x08E7, 0x08E7, 0x08E7, 0x08E6, 0x08E7, 0x08E7,
  0x08E6, 0x08E7, 0x08E7, 0x08E7, 0x08E7, 0x08E7, 0x08E6, 0x08E7, 0x08E7, 0x08E7, 0x0928, 0x08E7, 0x08E7, 0x0908, 0x0908, 0x0907,
  0x08E7, 0x0928, 0x1128, 0x08E6, 0x08E6, 0x08E6, 0x08E6, 0x08C7, 0x1169, 0x0928, 0x0908, 0x1149, 0x08E7, 0x08C6, 0x08C6, 0x08C6,
  0x08E6, 0x08E6, 0x08E6, 0x08E7, 0x08E7, 0x08E7, 0x08E7, 0x08E7, 0x08E7, 0x08E6, 0x08E6, 0x08E6, 0x08E7, 0x08E7, 0x08E7, 0x1128,
  0x0908, 0x0907, 0x0907, 0x0907, 0x0907, 0x0908, 0x1128, 0x1108, 0x0907, 0x1128, 0x1128, 0x0908, 0x0907, 0x0907, 0x0908, 0x1149,
  0x1169, 0x0908, 0x08E7, 0x1148, 0x08E7, 0x08C6, 0x08E6, 0x08E7, 0x0907, 0x1149, 0x1148, 0x0907, 0x1128, 0x21EC, 0x2A4E, 0x2A4E,
  0x2A4E, 0x2A4D, 0x2A4D, 0x2A6E, 0x2A6E, 0x2A8F, 0x328F, 0x2A6E, 0x2A6E, 0x2A6E, 0x326F, 0x328F, 0x328F, 0x2A4E, 0x220C, 0x19CC,
  0x19AB, 0x19AA, 0x19AB, 0x19AB, 0x19AB, 0x19AB, 0x19CB, 0x19CC, 0x21EC, 0x21EC, 0x220D, 0x220D, 0x220D, 0x220C, 0x220D, 0x2A2D,
  0x222D, 0x220D, 0x21EC, 0x21EC, 0x19CC, 0x19CC, 0x19CC, 0x19CC, 0x19CC, 0x19CC, 0x19CC, 0x19CB, 0x19CB, 0x19CB, 0x21EC, 0x2A6E,
  0x2A4E, 0x222D, 0x2A2E, 0x328F, 0x2A6F, 0x3AD1, 0x32B0, 0x2A8F, 0x328F, 0x2A8F, 0x2A8F, 0x3290, 0x3290, 0x32B0, 0x2A8F, 0x2A4E,
  0x2A2E, 0x222D, 0x222D, 0x220D, 0x220D, 0x2A6F, 0x328F, 0x328F, 0x2A4E, 0x220D, 0x21EC, 0x21EC, 0x220D, 0x222D, 0x220D, 0x21EC,
  0x220D, 0x220D, 0x222D, 0x222D, 0x220D, 0x222D, 0x2A2D, 0x222D, 0x2A2D, 0x2A4E, 0x2A4E, 0x2A4E, 0x2A4E, 0x2A4E, 0x2A2D, 0x2A4E,
  0x2A4E, 0x2A4E, 0x220D, 0x220D, 0x2A4E, 0x224E, 0x220D, 0x220D, 0x19EC, 0x19EC, 0x220D, 0x222E, 0x222D, 0x224E, 0x222E, 0x220D,
  0x222E, 0x222D, 0x220D, 0x222D, 0x222D, 0x222E, 0x222E, 0x222D, 0x222E, 0x222E, 0x2A4E, 0x2A90, 0x32B0, 0x2A6F, 0x222E, 0x2A4E,
  0x19EC, 0x116A, 0x116A, 0x118B, 0x198B, 0x1149, 0x0907, 0x08E7, 0x00C6, 0x00C6, 0x00C6, 0x08E6, 0x08E6, 0x08E6, 0x08E6, 0x0908,
  0x0949, 0x1149, 0x0908, 0x08E6, 0x08E6, 0x08E6, 0x08E6, 0x08E7, 0x08E7, 0x08E7, 0x0907, 0x08E7, 0x08E7, 0x08E6, 0x0908, 0x0907,
  0x08E7, 0x08E7, 0x08E7, 0x08E7, 0x08E7, 0x08E7, 0x08E7, 0x08E7, 0x0907, 0x116A, 0x1128, 0x0907, 0x1149, 0x0928, 0x0908, 0x0908,
  0x1128, 0x1128, 0x0907, 0x08E7, 0x08E7, 0x08E6, 0x08E7, 0x116A, 0x116A, 0x0907, 0x0907, 0x00C6, 0x08C6, 0x08C6, 0x08C6, 0x08E6,
  0x08E7, 0x08E7, 0x08E6, 0x08E7, 0x08E7, 0x08E7, 0x08E7, 0x08E7, 0x08E7, 0x08E7, 0x08E7, 0x08E7, 0x0907, 0x0908, 0x1149, 0x0907,
  0x1128, 0x1128, 0x0907, 0x0907, 0x1107, 0x1128, 0x1108, 0x1108, 0x1128, 0x1128, 0x0907, 0x0907, 0x0907, 0x0908, 0x0907, 0x0908,
  0x1148, 0x1128, 0x1128, 0x1107, 0x08E7, 0x08E7, 0x0907, 0x0907, 0x0907, 0x0907, 0x0907, 0x0907, 0x08E7, 0x0928, 0x19CB, 0x2A6E,
  0x328F, 0x2A8F, 0x2A6E, 0x328E, 0x328F, 0x328F, 0x328F, 0x32AF, 0x32AF, 0x32AF, 0x32B0, 0x3AD0, 0x32D0, 0x328F, 0x2A6E, 0x2A2D,
  0x220C, 0x19CB, 0x19AB, 0x19AB, 0x19AB, 0x19EC, 0x21EC, 0x220D, 0x220D, 0x2A2D, 0x2A4D, 0x2A2D, 0x2A2D, 0x2A2D, 0x2A4E, 0x2A4E,
  0x2A2D, 0x220D, 0x21EC, 0x21EC, 0x21EC, 0x21EC, 0x21EC, 0x19EC, 0x19CC, 0x19CB, 0x19CC, 0x19CC, 0x19CB, 0x19CC, 0x19CC, 0x220D,
  0x2A2E, 0x220D, 0x21EC, 0x2A6E, 0x328F, 0x2A4E, 0x3AF1, 0x32B0, 0x2A8F, 0x2A8F, 0x32B0, 0x32B0, 0x3AD0, 0x3AD1, 0x32D0, 0x328F,
  0x2A6F, 0x2A6F, 0x2A6F, 0x2A2D, 0x220D, 0x2A6F, 0x32B0, 0x328F, 0x2A2D, 0x220D, 0x220D, 0x220C, 0x220C, 0x222D, 0x2A4E, 0x220D,
  0x220D, 0x2A2D, 0x2A2D, 0x2A2D, 0x222D, 0x2A2D, 0x2A2D, 0x2A4D, 0x2A4E, 0x2A2E, 0x2A4E, 0x2A4E, 0x2A4E, 0x2A6E, 0x2A4E, 0x2A6E,
  0x2A6E, 0x220D, 0x19EC, 0x220D, 0x222E, 0x220D, 0x19EC, 0x19EC, 0x19EC, 0x220D, 0x222E, 0x222D, 0x222E, 0x222E, 0x222D, 0x222E,
  0x2A4E, 0x222D, 0x222E, 0x222E, 0x224E, 0x224E, 0x222E, 0x224E, 0x222E, 0x224E, 0x32B0, 0x32B0, 0x2A6F, 0x224E, 0x2A6F, 0x19CC,
  0x0928, 0x116A, 0x118A, 0x19AB, 0x0928, 0x08E7, 0x08E6, 0x08E6, 0x08E6, 0x08E7, 0x08E7, 0x08E6, 0x08E6, 0x08E6, 0x08E6, 0x0928,
  0x11AB, 0x19AB, 0x0908, 0x08E6, 0x08E7, 0x08E7, 0x08E7, 0x08E7, 0x0907, 0x0908, 0x08E7, 0x08E7, 0x08E7, 0x08E7, 0x08E7, 0x08E7,
  0x08E7, 0x08E7, 0x08E7, 0x08E7, 0x08E7, 0x08E7, 0x08E7, 0x00C6, 0x1149, 0x116A, 0x0908, 0x1149, 0x0928, 0x0908, 0x0908, 0x1129,
  0x1149, 0x0928, 0x0908, 0x0907, 0x08E7, 0x0928, 0x198A, 0x1169, 0x0908, 0x08E7, 0x08E7, 0x08E6, 0x00C6, 0x08E7, 0x08E7, 0x08E6,
  0x08E7, 0x0907, 0x08E7, 0x08E7, 0x08E7, 0x08E7, 0x08E7, 0x08E7, 0x0907, 0x08E7, 0x08E7, 0x0908, 0x198A, 0x19AB, 0x1149, 0x0907,
  0x1149, 0x1148, 0x0907, 0x1108, 0x1149, 0x1128, 0x0907, 0x1108, 0x1108, 0x0908, 0x0928, 0x0907, 0x0908, 0x0908, 0x0907, 0x1128,
  0x1169, 0x1149, 0x1128, 0x0907, 0x08E7, 0x0907, 0x0907, 0x0907, 0x0907, 0x0907, 0x0907, 0x0907, 0x0907, 0x0907, 0x19AB, 0x118A,
  0x19CB, 0x2A6E, 0x32CF, 0x32AF, 0x32AF, 0x32AF, 0x3AD0, 0x3B11, 0x3B11, 0x3AF1, 0x3AF1, 0x3AF1, 0x3AF0, 0x32AF, 0x328F, 0x2A2D,
  0x21CC, 0x19CC, 0x19CB, 0x19CB, 0x21EC, 0x220C, 0x220D, 0x2A2D, 0x2A4E, 0x2A6E, 0x2A6E, 0x326F, 0x328F, 0x2A8F, 0x2A6E, 0x2A4E,
  0x2A4E, 0x2A2D, 0x220D, 0x21EC, 0x220C, 0x220D, 0x21EC, 0x19CC, 0x19CC, 0x19CC, 0x19CC, 0x19CC, 0x19CC, 0x19CC, 0x19CC, 0x21CC,
  0x220D, 0x220D, 0x220D, 0x220D, 0x220D, 0x21EC, 0x2A4E, 0x328F, 0x3290, 0x3290, 0x32B0, 0x32D0, 0x32D0, 0x3AF1, 0x3AF1, 0x3AF1,
  0x32D0, 0x32B0, 0x32B0, 0x328F, 0x2A4E, 0x328F, 0x32D0, 0x32B0, 0x2A2D, 0x220D, 0x220D, 0x222D, 0x222D, 0x222D, 0x2A4E, 0x2A4E,
  0x2A2D, 0x2A2E, 0x2A4E, 0x2A4E, 0x2A4E, 0x2A4E, 0x2A4E, 0x2A4E, 0x2A4E, 0x2A4E, 0x2A4E, 0x2A6F, 0x2A6F, 0x2A6F, 0x2A6F, 0x222D,
  0x19EC, 0x21ED, 0x220D, 0x220D, 0x220D, 0x222D, 0x220D, 0x19EC, 0x220D, 0x222E, 0x220D, 0x222D, 0x222D, 0x222E, 0x222E, 0x224E,
  0x224E, 0x222E, 0x224E, 0x2A4E, 0x224E, 0x224E, 0x2A8F, 0x2A6F, 0x224E, 0x32B0, 0x2A8F, 0x224E, 0x2A4E, 0x2A6F, 0x19EC, 0x0949,
  0x1169, 0x1169, 0x1149, 0x1149, 0x08E6, 0x08E7, 0x08E7, 0x08E6, 0x08E6, 0x08E6, 0x08E6, 0x08E6, 0x08E6, 0x00E6, 0x08E7, 0x19AB,
  0x118B, 0x116A, 0x1169, 0x08E7, 0x0907, 0x0907, 0x08E7, 0x08E7, 0x08E7, 0x08E7, 0x08E7, 0x08E7, 0x08E7, 0x08E7, 0x08E7, 0x08E7,
  0x08E7, 0x0907, 0x08E7, 0x08E7, 0x08E7, 0x08E7, 0x08E7, 0x0928, 0x198A, 0x0928, 0x0908, 0x0907, 0x0908, 0x0908, 0x1129, 0x1149,
  0x0928, 0x1128, 0x0908, 0x08E7, 0x0928, 0x198A, 0x0908, 0x00C6, 0x08E7, 0x08E7, 0x0908, 0x08E7, 0x0908, 0x0928, 0x0908, 0x08E7,
  0x0907, 0x08E7, 0x08E7, 0x08E7, 0x0907, 0x0928, 0x0907, 0x0907, 0x0907, 0x0907, 0x08E7, 0x08E7, 0x198A, 0x1149, 0x00A5, 0x08A5,
  0x0907, 0x1148, 0x0908, 0x1128, 0x1149, 0x1128, 0x1128, 0x1128, 0x1128, 0x1128, 0x1128, 0x0908, 0x1128, 0x1148, 0x1148, 0x1149,
  0x1128, 0x1128, 0x0907, 0x0907, 0x0907, 0x0907, 0x0907, 0x0907, 0x0907, 0x0907, 0x0907, 0x0907, 0x0907, 0x0907, 0x19AA, 0x198A,
  0x0908, 0x0908, 0x222C, 0x3B11, 0x3B11, 0x3B11, 0x3B12, 0x4352, 0x4B73, 0x4352, 0x4352, 0x4332, 0x4311, 0x3AF0, 0x32AF, 0x2A4E,
  0x21EC, 0x19CB, 0x19EC, 0x21EC, 0x220D, 0x2A4E, 0x2A6E, 0x326F, 0x328F, 0x32AF, 0x32B0, 0x32B0, 0x3AD0, 0x3AD0, 0x328F, 0x2A4E,
  0x2A4E, 0x2A4E, 0x222D, 0x2A2D, 0x2A2D, 0x2A2D, 0x220D, 0x21EC, 0x19EC, 0x19EC, 0x19CC, 0x19CC, 0x19CC, 0x21CC, 0x21CC, 0x21EC,
  0x220D, 0x220D, 0x220D, 0x220D, 0x220D, 0x220D, 0x21EC, 0x220D, 0x2A6F, 0x32AF, 0x32B0, 0x3AF1, 0x3B11, 0x4352, 0x4373, 0x4352,
  0x4332, 0x3AF1, 0x3AD0, 0x32B0, 0x2A6F, 0x32AF, 0x32D0, 0x32B0, 0x2A6E, 0x220D, 0x222D, 0x2A4E, 0x2A4E, 0x2A4E, 0x2A4E, 0x2A6F,
  0x2A6F, 0x2A4E, 0x2A6E, 0x2A4E, 0x2A6E, 0x2A6F, 0x2A6F, 0x2A6E, 0x2A6E, 0x2A6E, 0x2A6F, 0x328F, 0x328F, 0x328F, 0x222D, 0x21EC,
  0x220D, 0x222D, 0x220D, 0x222E, 0x224E, 0x224E, 0x222D, 0x222E, 0x222E, 0x222D, 0x222E, 0x222E, 0x222E, 0x222E, 0x2A6F, 0x2A4F,
  0x224E, 0x224E, 0x2A4E, 0x2A6F, 0x2A6F, 0x2A90, 0x2A8F, 0x2A6F, 0x32B0, 0x3290, 0x2A6F, 0x2A8F, 0x32B0, 0x19EC, 0x116A, 0x118A,
  0x1149, 0x08E7, 0x08C6, 0x08E6, 0x08E7, 0x08E7, 0x08E7, 0x08E7, 0x08C6, 0x08E6, 0x08E6, 0x08E7, 0x08E6, 0x08E7, 0x1149, 0x1149,
  0x0907, 0x08E7, 0x0928, 0x08E7, 0x08E7, 0x08E7, 0x08E7, 0x08E7, 0x0907, 0x08E7, 0x08E7, 0x08E7, 0x08E7, 0x0907, 0x08E7, 0x0907,
  0x0907, 0x0907, 0x08E7, 0x08E7, 0x08E7, 0x0907, 0x1149, 0x198A, 0x1169, 0x0908, 0x0907, 0x0908, 0x1128, 0x0928, 0x1169, 0x0928,
  0x0928, 0x0928, 0x0928, 0x1149, 0x1169, 0x08E7, 0x08E7, 0x0908, 0x0908, 0x0908, 0x116A, 0x116A, 0x1169, 0x08E7, 0x0908, 0x0928,
  0x0928, 0x0907, 0x0907, 0x0907, 0x08E7, 0x0908, 0x1128, 0x0928, 0x0908, 0x0908, 0x0908, 0x0908, 0x1169, 0x08C5, 0x0063, 0x0064,
  0x00A5, 0x08E6, 0x1107, 0x0907, 0x1128, 0x1128, 0x1128, 0x1148, 0x1148, 0x1149, 0x1148, 0x1149, 0x1149, 0x1128, 0x1108, 0x0928,
  0x1128, 0x1128, 0x1128, 0x0907, 0x0907, 0x0907, 0x0907, 0x0907, 0x0907, 0x0907, 0x0907, 0x0907, 0x0907, 0x1107, 0x0908, 0x198A,
  0x1169, 0x0928, 0x0908, 0x220C, 0x32AF, 0x4311, 0x4B93, 0x53D4, 0x53D4, 0x4BB4, 0x4B93, 0x4B93, 0x4B72, 0x4332, 0x32B0, 0x326F,
  0x224D, 0x21EC, 0x21EC, 0x220C, 0x2A2D, 0x2A8F, 0x32B0, 0x32B0, 0x3AD0, 0x3AF1, 0x3AF1, 0x3AF1, 0x3B11, 0x3B11, 0x32B0, 0x2A6F,
  0x328F, 0x328F, 0x2A6E, 0x2A6E, 0x2A4E, 0x2A6E, 0x222D, 0x21EC, 0x21EC, 0x21EC, 0x21EC, 0x21EC, 0x21CC, 0x21EC, 0x220D, 0x222D,
  0x222D, 0x220D, 0x220D, 0x222D, 0x222D, 0x222D, 0x222D, 0x2A4E, 0x2A6F, 0x32B0, 0x32B0, 0x32B0, 0x3B12, 0x4B93, 0x53D5, 0x4B93,
  0x4352, 0x3B12, 0x3AF1, 0x3AD0, 0x328F, 0x328F, 0x328F, 0x2A8F, 0x2A6F, 0x2A4E, 0x2A2D, 0x2A4E, 0x2A4E, 0x2A4E, 0x2A4E, 0x2A6E,
  0x2A6F, 0x2A6F, 0x2A6F, 0x2A6F, 0x2A6F, 0x222E, 0x2A4E, 0x2A6F, 0x2A6F, 0x2A6F, 0x2A6E, 0x2A4E, 0x2A6E, 0x222D, 0x19ED, 0x220C,
  0x220D, 0x220D, 0x222E, 0x2A4F, 0x2A4E, 0x222E, 0x224E, 0x224E, 0x222E, 0x222E, 0x2A4E, 0x222E, 0x222E, 0x2A4E, 0x2A6F, 0x2A6F,
  0x2A6F, 0x2A6F, 0x2A6F, 0x2A8F, 0x2A90, 0x2A8F, 0x2A6F, 0x32F1, 0x32B0, 0x19EC, 0x19AB, 0x19CB, 0x11AA, 0x1169, 0x0928, 0x0907,
  0x08E7, 0x08E6, 0x08E6, 0x08E6, 0x08E7, 0x0907, 0x08E7, 0x08E7, 0x08E6, 0x08E6, 0x08E7, 0x08E6, 0x08E7, 0x1128, 0x0907, 0x08E7,
  0x08E7, 0x08E7, 0x0907, 0x08E7, 0x0907, 0x0907, 0x0907, 0x0907, 0x08E7, 0x08E7, 0x08E7, 0x0907, 0x0907, 0x0907, 0x0907, 0x0907,
  0x0907, 0x08E7, 0x08E7, 0x08E7, 0x08E7, 0x1149, 0x19AB, 0x118B, 0x1129, 0x0908, 0x0928, 0x0928, 0x0928, 0x0928, 0x0948, 0x0928,
  0x0928, 0x0928, 0x0928, 0x0928, 0x0928, 0x1149, 0x0908, 0x0908, 0x1148, 0x1149, 0x116A, 0x1169, 0x0908, 0x08E7, 0x0908, 0x1149,
  0x0928, 0x0928, 0x0907, 0x0908, 0x0907, 0x0907, 0x0928, 0x0928, 0x0908, 0x0907, 0x08E6, 0x1128, 0x08E6, 0x0084, 0x0084, 0x0084,
  0x08A5, 0x08A5, 0x00A5, 0x08C6, 0x08C6, 0x08E6, 0x08E7, 0x1108, 0x1149, 0x1169, 0x1149, 0x1149, 0x1148, 0x1128, 0x1128, 0x1128,
  0x1108, 0x1128, 0x1148, 0x0907, 0x0907, 0x0907, 0x0907, 0x0907, 0x0907, 0x0907, 0x0908, 0x0907, 0x1128, 0x0908, 0x1108, 0x1128,
  0x19AB, 0x19CB, 0x1169, 0x0928, 0x0908, 0x1148, 0x21EB, 0x4B52, 0x6415, 0x5C15, 0x53F5, 0x53B4, 0x4B93, 0x4B93, 0x4311, 0x32AF,
  0x2A6E, 0x222D, 0x2A4D, 0x2A4D, 0x2A4E, 0x32D0, 0x3AF1, 0x3B11, 0x3B11, 0x3B11, 0x3B11, 0x3B11, 0x3B11, 0x3B32, 0x3AF1, 0x3AF1,
  0x3AF1, 0x3AF1, 0x3AD0, 0x32B0, 0x3290, 0x328F, 0x2A4E, 0x220D, 0x222D, 0x222D, 0x222D, 0x222D, 0x220D, 0x2A2D, 0x2A4E, 0x222D,
  0x220D, 0x222D, 0x222D, 0x2A2D, 0x2A2E, 0x2A4E, 0x2A6E, 0x328F, 0x32D0, 0x3AF1, 0x3AF1, 0x3AD1, 0x3AD0, 0x3AF1, 0x4B94, 0x53D4,
  0x4373, 0x4353, 0x3B32, 0x3AF1, 0x3AD0, 0x32B0, 0x32B0, 0x2A8F, 0x2A8F, 0x2A8F, 0x2A6E, 0x2A4E, 0x2A4E, 0x2A4E, 0x2A6F, 0x2A6F,
  0x2A6F, 0x328F, 0x328F, 0x2A6E, 0x1A0C, 0x19CC, 0x21ED, 0x222D, 0x222E, 0x222D, 0x220D, 0x220D, 0x220D, 0x222D, 0x220D, 0x220D,
  0x220D, 0x220D, 0x2A4F, 0x2A4F, 0x222E, 0x2A4E, 0x222E, 0x222E, 0x224E, 0x224E, 0x224E, 0x224E, 0x224E, 0x2A4E, 0x2A6F, 0x2A6F,
  0x2A8F, 0x32B0, 0x32D1, 0x32D1, 0x2AB0, 0x32B0, 0x32F1, 0x2A8F, 0x1169, 0x0907, 0x0907, 0x0928, 0x1169, 0x1169, 0x0908, 0x08E7,
  0x08E7, 0x08E7, 0x08E7, 0x08E7, 0x08E7, 0x08E7, 0x08E7, 0x08E7, 0x08E7, 0x08E7, 0x08E7, 0x0907, 0x0928, 0x0908, 0x0907, 0x0907,
  0x08E7, 0x0907, 0x0908, 0x1149, 0x0928, 0x0907, 0x0907, 0x0908, 0x0907, 0x0907, 0x0907, 0x0907, 0x0908, 0x0908, 0x0908, 0x0907,
  0x0907, 0x0907, 0x0908, 0x0908, 0x1149, 0x198A, 0x118A, 0x1149, 0x0928, 0x0928, 0x0928, 0x0928, 0x0928, 0x0928, 0x0928, 0x0928,
  0x0928, 0x0908, 0x0908, 0x116A, 0x19AA, 0x0928, 0x0907, 0x1128, 0x1149, 0x1149, 0x198A, 0x198A, 0x1128, 0x0907, 0x0907, 0x0928,
  0x0928, 0x1128, 0x0908, 0x0908, 0x0908, 0x0908, 0x0908, 0x1128, 0x1108, 0x08C6, 0x00A5, 0x00A5, 0x00A5, 0x0084, 0x0084, 0x0084,
  0x08A5, 0x08A5, 0x08A5, 0x00A5, 0x08A5, 0x08C6, 0x08A5, 0x00A5, 0x08E6, 0x1128, 0x1169, 0x1169, 0x1149, 0x1149, 0x1149, 0x1128,
  0x1128, 0x1969, 0x1128, 0x0907, 0x1128, 0x1108, 0x1108, 0x0907, 0x0907, 0x1108, 0x1108, 0x1108, 0x1128, 0x1128, 0x1128, 0x1128,
  0x1128, 0x19CB, 0x19CB, 0x198A, 0x1149, 0x0907, 0x08E7, 0x1149, 0x21EB, 0x2A6E, 0x4B93, 0x53D4, 0x53D4, 0x53D4, 0x4B93, 0x4332,
  0x32AF, 0x32AF, 0x32D0, 0x32D0, 0x3AD0, 0x3B11, 0x4352, 0x4352, 0x4352, 0x4332, 0x3B11, 0x3B11, 0x3AF1, 0x3AD0, 0x3AF1, 0x4332,
  0x4373, 0x4B73, 0x4332, 0x3B11, 0x3AF1, 0x3AD0, 0x2A8F, 0x222D, 0x2A4E, 0x2A4E, 0x2A4E, 0x2A6E, 0x328F, 0x328F, 0x326F, 0x2A4E,
  0x2A4E, 0x2A4E, 0x2A6F, 0x328F, 0x328F, 0x328F, 0x3AD0, 0x3AF1, 0x3AF1, 0x4332, 0x4352, 0x4332, 0x3B11, 0x4332, 0x4353, 0x4B93,
  0x3B32, 0x3B12, 0x3B11, 0x3B11, 0x32D0, 0x32B0, 0x32D0, 0x32B0, 0x328F, 0x32AF, 0x328F, 0x2A6F, 0x2A6F, 0x2A6F, 0x2A6F, 0x2A6F,
  0x328F, 0x2A4E, 0x2A4E, 0x19EC, 0x19EC, 0x19EC, 0x220D, 0x222E, 0x222E, 0x220D, 0x220D, 0x222D, 0x222E, 0x222E, 0x222E, 0x222E,
  0x19ED, 0x222E, 0x2A4E, 0x2A4F, 0x2A4F, 0x224E, 0x222E, 0x222E, 0x2A4E, 0x2A4E, 0x224E, 0x226F, 0x2A6F, 0x2A4F, 0x2A6F, 0x2A90,
  0x2A6F, 0x222D, 0x2A6F, 0x222E, 0x220D, 0x2A6F, 0x2A6F, 0x116A, 0x0928, 0x0928, 0x1169, 0x19AB, 0x19AB, 0x118A, 0x1149, 0x0907,
  0x0907, 0x08E7, 0x08E7, 0x08E7, 0x08E7, 0x08E7, 0x0907, 0x08E7, 0x0907, 0x0928, 0x0928, 0x0907, 0x0907, 0x0908, 0x1149, 0x0928,
  0x0907, 0x0907, 0x0928, 0x118A, 0x0928, 0x0907, 0x0908, 0x0908, 0x0908, 0x0908, 0x0907, 0x0907, 0x0908, 0x0908, 0x0908, 0x0907,
  0x0908, 0x0928, 0x116A, 0x118A, 0x118A, 0x1149, 0x0908, 0x0928, 0x0928, 0x0928, 0x0928, 0x0928, 0x1128, 0x1148, 0x1149, 0x1149,
  0x0928, 0x0908, 0x118A, 0x19AB, 0x118A, 0x1149, 0x1149, 0x116A, 0x118A, 0x118A, 0x118B, 0x19AB, 0x1128, 0x08E7, 0x0907, 0x0907,
  0x0908, 0x0928, 0x1128, 0x0907, 0x1128, 0x1108, 0x08C6, 0x08C6, 0x00A5, 0x00A5, 0x08A5, 0x00A5, 0x08A5, 0x0084, 0x0084, 0x0084,
  0x08A5, 0x08A5, 0x08A5, 0x08A5, 0x08A5, 0x00A5, 0x08C6, 0x08C6, 0x00A5, 0x00A6, 0x0908, 0x1149, 0x1169, 0x1149, 0x1149, 0x1148,
  0x1149, 0x1148, 0x1128, 0x1128, 0x1128, 0x1128, 0x0928, 0x0927, 0x0908, 0x1128, 0x1128, 0x1128, 0x1128, 0x1128, 0x1128, 0x1128,
  0x1128, 0x0928, 0x1169, 0x1989, 0x198A, 0x19AA, 0x1128, 0x1128, 0x0908, 0x0908, 0x0949, 0x3AF1, 0x5C15, 0x53D4, 0x4B93, 0x4B73,
  0x4332, 0x4332, 0x4352, 0x4352, 0x4352, 0x4B73, 0x4B93, 0x4B93, 0x4B73, 0x4372, 0x4332, 0x3B11, 0x3AF1, 0x3AF0, 0x3AF1, 0x4332,
  0x4B93, 0x53B4, 0x4B93, 0x4352, 0x3B11, 0x3AF0, 0x328F, 0x222D, 0x2A2D, 0x2A4E, 0x328F, 0x32D0, 0x3AF1, 0x3AF1, 0x3AF1, 0x3AD0,
  0x32B0, 0x32D0, 0x32D0, 0x32D0, 0x3AF1, 0x3B11, 0x4332, 0x4332, 0x4332, 0x4353, 0x4B73, 0x4B93, 0x4B73, 0x4B93, 0x4B73, 0x4332,
  0x3B12, 0x3AF1, 0x32B0, 0x328F, 0x328F, 0x2A4E, 0x328F, 0x3AD0, 0x328F, 0x2A8F, 0x32B0, 0x32B0, 0x328F, 0x2A4E, 0x2A6F, 0x328F,
  0x222E, 0x19EC, 0x19CC, 0x19EC, 0x220D, 0x222E, 0x222D, 0x222D, 0x222E, 0x222E, 0x222E, 0x222E, 0x224E, 0x224E, 0x224E, 0x222E,
  0x222D, 0x2A4E, 0x2A4E, 0x2A4E, 0x224E, 0x222E, 0x224E, 0x2A4F, 0x2A4E, 0x224E, 0x2A4F, 0x2A6F, 0x2A6F, 0x2A6F, 0x3290, 0x19CC,
  0x0929, 0x1149, 0x0949, 0x0949, 0x0949, 0x116A, 0x116A, 0x1149, 0x1149, 0x1169, 0x118A, 0x1169, 0x1128, 0x0907, 0x0908, 0x0908,
  0x0907, 0x08E7, 0x08E7, 0x08E7, 0x08E7, 0x08E7, 0x08E7, 0x0928, 0x1149, 0x1149, 0x0907, 0x08E6, 0x0908, 0x116A, 0x1149, 0x0928,
  0x0907, 0x0908, 0x0928, 0x0928, 0x0908, 0x0908, 0x0908, 0x0908, 0x0908, 0x0907, 0x0908, 0x0907, 0x0908, 0x0928, 0x0908, 0x1149,
  0x118A, 0x118B, 0x116A, 0x1149, 0x0928, 0x0928, 0x0928, 0x0928, 0x0928, 0x1149, 0x1149, 0x1149, 0x1149, 0x1149, 0x1169, 0x1169,
  0x116A, 0x118A, 0x19AB, 0x198B, 0x1149, 0x1129, 0x1149, 0x118A, 0x198A, 0x118A, 0x198B, 0x118A, 0x0928, 0x0907, 0x0907, 0x0908,
  0x0908, 0x0928, 0x1128, 0x1128, 0x08C6, 0x00A5, 0x0084, 0x0084, 0x00A5, 0x08A5, 0x00A5, 0x00A5, 0x0084, 0x0084, 0x0084, 0x0084,
  0x08A5, 0x08C5, 0x00A5, 0x0084, 0x08A5, 0x08A5, 0x08C5, 0x08C6, 0x08E7, 0x08C6, 0x1107, 0x1128, 0x08E7, 0x0907, 0x1169, 0x1169,
  0x1149, 0x1127, 0x0907, 0x08E6, 0x0907, 0x1128, 0x1128, 0x0928, 0x1128, 0x1128, 0x1128, 0x1148, 0x1148, 0x1128, 0x1128, 0x1128,
  0x1148, 0x1128, 0x0928, 0x1148, 0x1189, 0x19AA, 0x19AA, 0x1149, 0x0928, 0x1128, 0x0928, 0x118A, 0x19CB, 0x4352, 0x53D4, 0x4B73,
  0x4B93, 0x4B93, 0x4BB3, 0x4BB4, 0x53B4, 0x53B4, 0x53D4, 0x53D4, 0x4B93, 0x4B73, 0x4352, 0x4312, 0x3B11, 0x3AF1, 0x3AF1, 0x3B11,
  0x4332, 0x4B93, 0x53D4, 0x4B93, 0x4332, 0x32D0, 0x328F, 0x2A4E, 0x2A4E, 0x328F, 0x3AF0, 0x4332, 0x4332, 0x3B32, 0x3B11, 0x3B11,
  0x4352, 0x4352, 0x3B11, 0x3B11, 0x4332, 0x4352, 0x4373, 0x4B73, 0x4B73, 0x4B93, 0x53D4, 0x53F4, 0x53F5, 0x53D4, 0x4B93, 0x4353,
  0x4353, 0x4332, 0x3AD1, 0x32B0, 0x2A6F, 0x2A6E, 0x2A4E, 0x32B0, 0x32D0, 0x328F, 0x3290, 0x328F, 0x222D, 0x19EC, 0x220D, 0x220D,
  0x19EC, 0x19EC, 0x220D, 0x220D, 0x222E, 0x224E, 0x222E, 0x220D, 0x222E, 0x2A4E, 0x2A4E, 0x224E, 0x224E, 0x224E, 0x224E, 0x2A4E,
  0x2A4F, 0x2A4E, 0x222E, 0x222D, 0x222E, 0x224E, 0x2A6F, 0x2A6F, 0x2A6F, 0x2A8F, 0x2A6F, 0x2A6F, 0x2A8F, 0x32B0, 0x19AB, 0x00C7,
  0x08E7, 0x0907, 0x0908, 0x0908, 0x0907, 0x0908, 0x0928, 0x0907, 0x08E7, 0x0907, 0x0907, 0x08E7, 0x08E7, 0x08E7, 0x0907, 0x0908,
  0x0908, 0x0907, 0x0908, 0x0907, 0x08E7, 0x0908, 0x1149, 0x1169, 0x1149, 0x1149, 0x08E7, 0x0928, 0x198A, 0x1149, 0x0928, 0x0908,
  0x0907, 0x0908, 0x0908, 0x0908, 0x0928, 0x0928, 0x0908, 0x0907, 0x0907, 0x0908, 0x0928, 0x0928, 0x0908, 0x0928, 0x1149, 0x198A,
  0x116A, 0x1149, 0x0928, 0x0928, 0x1128, 0x1149, 0x1149, 0x0928, 0x0928, 0x1169, 0x198A, 0x116A, 0x1149, 0x198A, 0x1169, 0x1149,
  0x19AB, 0x19CB, 0x118A, 0x1149, 0x0907, 0x0928, 0x19AB, 0x118A, 0x116A, 0x116A, 0x198A, 0x1149, 0x0928, 0x1128, 0x0928, 0x0928,
  0x1128, 0x08E6, 0x08E6, 0x08C6, 0x0084, 0x0084, 0x0084, 0x08A5, 0x08C5, 0x00A5, 0x0084, 0x00A4, 0x0084, 0x0084, 0x0084, 0x00A5,
  0x08C5, 0x08C5, 0x00A4, 0x0084, 0x08A5, 0x08C6, 0x08A6, 0x08C6, 0x08C6, 0x08C6, 0x08C5, 0x08E6, 0x08C6, 0x00A5, 0x08E6, 0x0907,
  0x08C6, 0x08A5, 0x08A5, 0x0085, 0x00A5, 0x08E7, 0x1128, 0x1148, 0x1149, 0x1149, 0x1149, 0x1149, 0x1149, 0x1149, 0x1149, 0x1149,
  0x1148, 0x1148, 0x1128, 0x1128, 0x1149, 0x198A, 0x19CB, 0x19AB, 0x1169, 0x1128, 0x1128, 0x1149, 0x0908, 0x1169, 0x42F0, 0x4B93,
  0x4B93, 0x4BB4, 0x53D4, 0x53D4, 0x53D4, 0x5BF5, 0x5BF5, 0x5BF5, 0x53B4, 0x4B73, 0x4B73, 0x4353, 0x4332, 0x3AF1, 0x3AF1, 0x3AF1,
  0x3AF1, 0x4332, 0x53D4, 0x4BB3, 0x4332, 0x32B0, 0x328F, 0x32AF, 0x32AF, 0x3AF1, 0x3B11, 0x4332, 0x4352, 0x4332, 0x4332, 0x4373,
  0x2A6E, 0x2A8F, 0x4311, 0x4B73, 0x4BB4, 0x4BB3, 0x4BB4, 0x4B93, 0x4B93, 0x53D4, 0x5C15, 0x5C15, 0x5C15, 0x53F5, 0x53B4, 0x4B93,
  0x4373, 0x4352, 0x3B11, 0x3AD1, 0x32B0, 0x2A8F, 0x2A6F, 0x2A8F, 0x3AF1, 0x32B0, 0x2A4E, 0x220D, 0x220D, 0x220D, 0x21EC, 0x220D,
  0x220D, 0x222D, 0x222D, 0x220D, 0x222E, 0x224E, 0x222E, 0x222E, 0x224E, 0x2A4E, 0x2A4E, 0x2A4E, 0x2A4E, 0x2A4E, 0x2A4F, 0x2A4F,
  0x224E, 0x222E, 0x222E, 0x222E, 0x224E, 0x2A4E, 0x2A4F, 0x2A6F, 0x2A8F, 0x2A90, 0x2A8F, 0x2AB0, 0x32D0, 0x19CB, 0x08E7, 0x0907,
  0x0907, 0x0908, 0x0908, 0x0928, 0x116A, 0x1149, 0x0908, 0x0928, 0x0907, 0x0907, 0x0907, 0x08E7, 0x0907, 0x0907, 0x0907, 0x0928,
  0x0928, 0x0908, 0x0907, 0x0908, 0x0928, 0x116A, 0x1149, 0x0928, 0x116A, 0x0928, 0x0948, 0x19AB, 0x1149, 0x0907, 0x0907, 0x0908,
  0x0908, 0x0928, 0x0928, 0x0928, 0x0928, 0x0928, 0x0928, 0x0908, 0x0908, 0x0928, 0x0928, 0x0928, 0x0928, 0x1149, 0x116A, 0x0929,
  0x0928, 0x1149, 0x1149, 0x1149, 0x1149, 0x1149, 0x1169, 0x1149, 0x0949, 0x1169, 0x198A, 0x116A, 0x116A, 0x198A, 0x1149, 0x19AA,
  0x19AB, 0x116A, 0x1149, 0x1149, 0x118A, 0x198A, 0x116A, 0x116A, 0x198A, 0x1169, 0x1149, 0x1128, 0x1128, 0x1128, 0x1128, 0x08E6,
  0x08E7, 0x00A5, 0x0085, 0x0084, 0x0084, 0x00A5, 0x08A5, 0x08A5, 0x00A5, 0x0084, 0x0084, 0x0084, 0x0084, 0x0084, 0x00A5, 0x00A5,
  0x08C6, 0x08A5, 0x0084, 0x0085, 0x00A4, 0x08C5, 0x08C6, 0x08C6, 0x08A5, 0x08C6, 0x08C5, 0x08A5, 0x08C6, 0x08C6, 0x08C6, 0x00A5,
  0x00A5, 0x08A5, 0x08A5, 0x08A5, 0x08A5, 0x08A5, 0x08C6, 0x08E6, 0x0907, 0x0907, 0x0907, 0x08E7, 0x1128, 0x1148, 0x1148, 0x1169,
  0x1149, 0x1149, 0x1149, 0x1149, 0x1169, 0x19AB, 0x220D, 0x21EC, 0x19AB, 0x19AB, 0x1169, 0x1148, 0x1149, 0x1149, 0x0907, 0x2A4D,
  0x53B3, 0x4BB4, 0x53D4, 0x53D4, 0x53D4, 0x5BF5, 0x5C15, 0x5BF5, 0x53B4, 0x53B4, 0x4B93, 0x4B73, 0x4B73, 0x4312, 0x3B11, 0x3AF0,
  0x32B0, 0x3AD0, 0x4352, 0x4352, 0x3B32, 0x3AD0, 0x32B0, 0x328F, 0x3AF1, 0x3B11, 0x4332, 0x4352, 0x4352, 0x4373, 0x4352, 0x2A4E,
  0x198B, 0x19AB, 0x21EC, 0x328F, 0x4331, 0x53D4, 0x53F4, 0x53F5, 0x5C15, 0x6416, 0x6416, 0x5C15, 0x5C16, 0x5C16, 0x53F5, 0x53B4,
  0x4B94, 0x4B73, 0x3B11, 0x3290, 0x32B0, 0x32B0, 0x2A4E, 0x222E, 0x2A4E, 0x222D, 0x220D, 0x222E, 0x222E, 0x222E, 0x222D, 0x222E,
  0x222E, 0x222D, 0x220D, 0x222D, 0x2A4E, 0x224E, 0x224E, 0x224E, 0x222E, 0x224E, 0x224E, 0x2A4F, 0x2A4F, 0x2A4E, 0x222E, 0x222E,
  0x224E, 0x2A4E, 0x2A4E, 0x2A4F, 0x2A6F, 0x2A6F, 0x2A6F, 0x2A8F, 0x32B0, 0x2AB0, 0x32B0, 0x32B0, 0x19CB, 0x0908, 0x1128, 0x0908,
  0x0908, 0x0908, 0x0928, 0x1149, 0x1169, 0x0928, 0x0908, 0x0908, 0x0928, 0x0928, 0x0907, 0x08E7, 0x08E7, 0x0907, 0x1149, 0x1128,
  0x0908, 0x0928, 0x1149, 0x118A, 0x19AB, 0x116A, 0x1149, 0x198A, 0x0928, 0x1149, 0x118A, 0x0928, 0x0908, 0x0908, 0x0928, 0x0908,
  0x0928, 0x0928, 0x0928, 0x0928, 0x1149, 0x1128, 0x0928, 0x1128, 0x1128, 0x0928, 0x0928, 0x0928, 0x0928, 0x1169, 0x1149, 0x0928,
  0x116A, 0x19AA, 0x1169, 0x1149, 0x1149, 0x1149, 0x116A, 0x1169, 0x1169, 0x1149, 0x116A, 0x19CB, 0x19AB, 0x118A, 0x21CB, 0x19AB,
  0x1169, 0x1169, 0x118A, 0x198A, 0x19AB, 0x118A, 0x1149, 0x1149, 0x1169, 0x116A, 0x0908, 0x08C6, 0x1107, 0x0907, 0x08C6, 0x00A5,
  0x00A5, 0x00A5, 0x0084, 0x0084, 0x00A5, 0x08C5, 0x08A5, 0x00A5, 0x00A5, 0x0085, 0x0084, 0x0084, 0x0084, 0x0084, 0x0084, 0x0084,
  0x08C5, 0x00A5, 0x0085, 0x0085, 0x0084, 0x08A5, 0x08C6, 0x08C6, 0x08C6, 0x08C6, 0x08C6, 0x08C6, 0x08E6, 0x08E6, 0x08C6, 0x08C6,
  0x08C6, 0x08A5, 0x08A5, 0x08A5, 0x08A6, 0x08C6, 0x08A5, 0x08A5, 0x08A5, 0x08A5, 0x08A5, 0x08A5, 0x08A5, 0x08C6, 0x08C6, 0x08E6,
  0x0907, 0x1148, 0x1148, 0x1169, 0x1149, 0x1169, 0x19CB, 0x220D, 0x220D, 0x19EC, 0x19CB, 0x198A, 0x1149, 0x1169, 0x1149, 0x0928,
  0x4352, 0x53D5, 0x53F5, 0x53F5, 0x53F5, 0x5BF5, 0x5C15, 0x5BF5, 0x53D4, 0x53B4, 0x4B93, 0x4B93, 0x4B93, 0x4B73, 0x4311, 0x32D0,
  0x32B0, 0x32B0, 0x3AF1, 0x3B11, 0x3B11, 0x3AD0, 0x2A6F, 0x222D, 0x2A8F, 0x3AD0, 0x3AF1, 0x4332, 0x4B73, 0x4332, 0x222D, 0x19AB,
  0x19CC, 0x19CB, 0x21EC, 0x220D, 0x222D, 0x32B0, 0x53B4, 0x3B11, 0x3AF1, 0x53D4, 0x6436, 0x5C16, 0x5C16, 0x5C15, 0x53F5, 0x53F5,
  0x53D4, 0x3B12, 0x2A4E, 0x222E, 0x2A4E, 0x2A4E, 0x222D, 0x222D, 0x222D, 0x222E, 0x2A4E, 0x222E, 0x222E, 0x2A4E, 0x2A4E, 0x2A4E,
  0x222E, 0x220D, 0x220D, 0x222E, 0x2A4E, 0x222D, 0x222D, 0x220D, 0x222E, 0x224E, 0x2A6F, 0x2A6F, 0x2A4E, 0x222E, 0x222E, 0x220D,
  0x19CB, 0x1169, 0x118A, 0x19EC, 0x220D, 0x21EC, 0x220D, 0x2A6F, 0x32B0, 0x32B0, 0x2A8F, 0x118A, 0x0907, 0x1128, 0x0928, 0x0928,
  0x0928, 0x0928, 0x1128, 0x0928, 0x0908, 0x0928, 0x0928, 0x0908, 0x0928, 0x0928, 0x0908, 0x0908, 0x0907, 0x0907, 0x1149, 0x0928,
  0x1149, 0x198A, 0x19AB, 0x19CB, 0x19AB, 0x116A, 0x198A, 0x1149, 0x1149, 0x118A, 0x0928, 0x0928, 0x0928, 0x0928, 0x0928, 0x0928,
  0x1128, 0x1149, 0x1128, 0x1149, 0x1149, 0x1149, 0x1149, 0x1149, 0x1149, 0x0928, 0x0928, 0x1149, 0x198A, 0x198A, 0x116A, 0x118A,
  0x19CB, 0x116A, 0x1169, 0x1169, 0x116A, 0x196A, 0x198A, 0x19AB, 0x198A, 0x118A, 0x19CC, 0x19EC, 0x19AB, 0x19CB, 0x19AB, 0x19AB,
  0x198A, 0x198A, 0x19AB, 0x19AB, 0x198A, 0x118A, 0x198A, 0x116A, 0x116A, 0x1169, 0x00A5, 0x0085, 0x08C5, 0x00C5, 0x08C6, 0x00A5,
  0x0084, 0x0084, 0x0084, 0x0084, 0x08A5, 0x08A5, 0x0085, 0x08C6, 0x00A5, 0x0085, 0x0084, 0x0084, 0x0084, 0x0084, 0x0084, 0x0085,
  0x00A5, 0x0084, 0x0085, 0x0085, 0x0085, 0x08A5, 0x08C6, 0x08E6, 0x08E6, 0x08C6, 0x08C6, 0x08C6, 0x08C6, 0x08C6, 0x08C6, 0x08A6,
  0x08A5, 0x08C5, 0x00C5, 0x08A5, 0x08A5, 0x08C5, 0x08A6, 0x08A5, 0x08A5, 0x08C5, 0x08C6, 0x08C5, 0x08C5, 0x08A5, 0x08A5, 0x08A5,
  0x00A5, 0x00A5, 0x08A6, 0x08C6, 0x08C6, 0x0907, 0x19CB, 0x220D, 0x19EC, 0x21EC, 0x19CC, 0x19CB, 0x21EB, 0x198A, 0x1148, 0x0928,
  0x220C, 0x3AD0, 0x3AF0, 0x3B11, 0x4B73, 0x53D4, 0x5BF5, 0x53D4, 0x53B4, 0x53B4, 0x4B94, 0x4B93, 0x4B93, 0x4B73, 0x4352, 0x3B11,
  0x3AF1, 0x3AF1, 0x3AF1, 0x32D0, 0x328F, 0x2A6E, 0x2A6E, 0x2A6E, 0x2A4E, 0x2A6F, 0x328F, 0x3AF1, 0x32B0, 0x19EC, 0x19CC, 0x21EC,
  0x21EC, 0x21EC, 0x21EC, 0x220D, 0x2A2E, 0x2A6F, 0x32B0, 0x2A8F, 0x2A4E, 0x2A8F, 0x5C15, 0x5BF5, 0x5BF5, 0x5C15, 0x53F5, 0x4B73,
  0x3AD0, 0x224E, 0x2A4E, 0x2A6F, 0x2A2E, 0x222E, 0x222D, 0x222D, 0x222E, 0x2A6F, 0x2A6F, 0x222E, 0x222D, 0x224E, 0x2A6F, 0x2A4E,
  0x222E, 0x220D, 0x222D, 0x222E, 0x222E, 0x222D, 0x222E, 0x222E, 0x222E, 0x224E, 0x224E, 0x2A4E, 0x224E, 0x2A4E, 0x19CC, 0x0928,
  0x0907, 0x0928, 0x0928, 0x1149, 0x0928, 0x08E7, 0x0908, 0x116A, 0x11AB, 0x116A, 0x1149, 0x0908, 0x0928, 0x0908, 0x0908, 0x0908,
  0x0908, 0x0908, 0x0928, 0x0928, 0x0928, 0x0928, 0x0928, 0x0928, 0x0928, 0x0908, 0x0928, 0x0908, 0x0908, 0x0908, 0x1148, 0x1169,
  0x1169, 0x116A, 0x118A, 0x118A, 0x116A, 0x19AB, 0x118A, 0x0928, 0x1169, 0x0948, 0x1149, 0x1149, 0x0928, 0x0928, 0x0928, 0x1149,
  0x1149, 0x1148, 0x1169, 0x116A, 0x1169, 0x1149, 0x1149, 0x1169, 0x1169, 0x116A, 0x118A, 0x19AA, 0x19AB, 0x19AB, 0x19AB, 0x19CC,
  0x19AB, 0x116A, 0x196A, 0x198A, 0x198A, 0x198A, 0x19AB, 0x222D, 0x21EC, 0x19AB, 0x19AB, 0x198A, 0x19AA, 0x19AB, 0x19AB, 0x19AB,
  0x19AA, 0x198A, 0x19AB, 0x19AB, 0x19AB, 0x19AB, 0x19AB, 0x198A, 0x116A, 0x08C6, 0x00A5, 0x00C5, 0x08C6, 0x08C6, 0x08C6, 0x00A5,
  0x0084, 0x0084, 0x0084, 0x08A5, 0x08A5, 0x00A5, 0x08C5, 0x08C5, 0x00A5, 0x0084, 0x0084, 0x0084, 0x0084, 0x0084, 0x0084, 0x0084,
  0x0885, 0x0885, 0x0085, 0x0885, 0x0085, 0x00A5, 0x08C6, 0x08C6, 0x08C5, 0x08C6, 0x08A6, 0x08C6, 0x08C6, 0x08C6, 0x08C6, 0x08C6,
  0x08A6, 0x08C6, 0x08C5, 0x08A5, 0x08A5, 0x08C5, 0x08C5, 0x08A5, 0x08A6, 0x08A5, 0x08C6, 0x08A5, 0x08A5, 0x08C5, 0x08C5, 0x08A5,
  0x08A5, 0x08A5, 0x08A5, 0x08A5, 0x08A5, 0x08A6, 0x1108, 0x198A, 0x19AB, 0x21EC, 0x21EC, 0x19EC, 0x19CB, 0x19CB, 0x198A, 0x1169,
  0x0928, 0x0928, 0x0908, 0x0928, 0x118A, 0x21EC, 0x3AF0, 0x4352, 0x4B72, 0x53B4, 0x53B4, 0x4BB4, 0x4B93, 0x4352, 0x3B11, 0x3B11,
  0x3AF1, 0x3AD0, 0x2A8F, 0x224D, 0x2A4E, 0x328F, 0x328F, 0x328F, 0x328F, 0x328F, 0x2A4E, 0x220D, 0x19CC, 0x21EC, 0x21EC, 0x21EC,
  0x220C, 0x21EC, 0x220C, 0x220C, 0x220D, 0x222D, 0x2A8F, 0x3B11, 0x3AF1, 0x32B0, 0x326E, 0x21EC, 0x2A2D, 0x4352, 0x4352, 0x2A6F,
  0x222E, 0x2A4E, 0x2A6F, 0x2A6F, 0x2A6F, 0x2A4E, 0x224E, 0x2A4E, 0x2A6F, 0x2A6F, 0x2A4F, 0x224E, 0x2A4E, 0x2A6F, 0x2A4F, 0x2A4E,
  0x224E, 0x222E, 0x222D, 0x220D, 0x222E, 0x2A4E, 0x2A4E, 0x224E, 0x2A4E, 0x222E, 0x222E, 0x2A6E, 0x2A6F, 0x21EC, 0x0908, 0x0907,
  0x0928, 0x0908, 0x0928, 0x118A, 0x118A, 0x1169, 0x1149, 0x1149, 0x0908, 0x0908, 0x0928, 0x0928, 0x0928, 0x0928, 0x0908, 0x0908,
  0x0908, 0x0908, 0x0928, 0x1128, 0x0928, 0x0908, 0x0908, 0x0928, 0x0928, 0x0928, 0x0928, 0x0908, 0x0928, 0x1149, 0x1149, 0x0928,
  0x1169, 0x19AB, 0x198A, 0x1149, 0x19CB, 0x21EC, 0x116A, 0x1128, 0x0928, 0x1149, 0x1169, 0x118A, 0x116A, 0x1169, 0x1169, 0x116A,
  0x116A, 0x1169, 0x19AA, 0x19AA, 0x19AB, 0x118A, 0x1169, 0x198A, 0x19AB, 0x19AB, 0x19CB, 0x19CB, 0x19CB, 0x19CC, 0x19EC, 0x19CB,
  0x198A, 0x198A, 0x198A, 0x198A, 0x198A, 0x19AA, 0x19AB, 0x19CB, 0x19AB, 0x19AB, 0x19AB, 0x19CB, 0x19CB, 0x19CB, 0x19CB, 0x19AB,
  0x19CB, 0x19CB, 0x19AB, 0x19CC, 0x21EC, 0x198A, 0x198A, 0x198A, 0x0907, 0x0085, 0x00A5, 0x00C5, 0x08C6, 0x08C6, 0x08A5, 0x0085,
  0x0085, 0x00A5, 0x08A5, 0x08C5, 0x00A5, 0x00A5, 0x08C5, 0x08C5, 0x00A5, 0x0084, 0x0084, 0x0084, 0x0084, 0x0084, 0x0084, 0x0084,
  0x0885, 0x0885, 0x0085, 0x0085, 0x0085, 0x0085, 0x08A5, 0x00A5, 0x0085, 0x08C6, 0x08C6, 0x08C6, 0x08C6, 0x08E6, 0x08C6, 0x08C6,
  0x08C6, 0x08C6, 0x08C6, 0x08A5, 0x08A5, 0x08C6, 0x08A5, 0x08A5, 0x08A6, 0x08A6, 0x08A6, 0x08C5, 0x08A5, 0x08C5, 0x08C6, 0x08A5,
  0x08A5, 0x08A6, 0x08A5, 0x08A5, 0x08A5, 0x08A5, 0x08A5, 0x08A5, 0x00A5, 0x198A, 0x21EC, 0x220C, 0x222D, 0x220C, 0x21EC, 0x19CB,
  0x19AA, 0x118A, 0x1169, 0x1128, 0x1169, 0x1149, 0x0928, 0x19AB, 0x2A6E, 0x2A6E, 0x32D0, 0x4352, 0x4332, 0x32D0, 0x32B0, 0x32B0,
  0x32AF, 0x2A6F, 0x2A4E, 0x2A4E, 0x2A6F, 0x2A6F, 0x328F, 0x328F, 0x328F, 0x222D, 0x21EC, 0x21EC, 0x220C, 0x220C, 0x220D, 0x220D,
  0x220C, 0x220D, 0x220D, 0x220D, 0x220D, 0x220D, 0x2A4E, 0x32B0, 0x32AF, 0x2A4E, 0x118A, 0x198A, 0x19AB, 0x19CB, 0x21EC, 0x2A2E,
  0x2A6F, 0x2A6F, 0x2A8F, 0x2A8F, 0x2A6F, 0x2A6F, 0x2A6F, 0x2A6F, 0x2A6F, 0x2A6F, 0x2A6F, 0x2A4E, 0x2A6F, 0x2A8F, 0x2A6F, 0x2A4F,
  0x2A4E, 0x224E, 0x222D, 0x224E, 0x2A4E, 0x2A4E, 0x2A4E, 0x2A6F, 0x2A4E, 0x2A4E, 0x2A4E, 0x19EC, 0x118A, 0x0928, 0x0928, 0x0928,
  0x0908, 0x1149, 0x198A, 0x1169, 0x116A, 0x19AB, 0x118A, 0x0928, 0x0928, 0x1169, 0x1128, 0x0928, 0x0928, 0x0928, 0x0928, 0x0928,
  0x0928, 0x0928, 0x1169, 0x1148, 0x0928, 0x0928, 0x0928, 0x0928, 0x1128, 0x0928, 0x0928, 0x1149, 0x1149, 0x1149, 0x1149, 0x116A,
  0x19AB, 0x19CC, 0x19AB, 0x19EC, 0x220C, 0x19AB, 0x1169, 0x1169, 0x1169, 0x1169, 0x116A, 0x19AA, 0x19AB, 0x19AB, 0x198A, 0x198A,
  0x198A, 0x21EC, 0x19AB, 0x19CB, 0x19CB, 0x198A, 0x19CB, 0x19CC, 0x19CB, 0x19CC, 0x19CC, 0x19AB, 0x19AB, 0x19CB, 0x19AB, 0x19AB,
  0x19AB, 0x19AB, 0x19AB, 0x19AB, 0x19AB, 0x19CB, 0x19CC, 0x19CB, 0x19CB, 0x19CB, 0x21EC, 0x21EC, 0x21EC, 0x19CB, 0x19CB, 0x19CB,
  0x19CB, 0x19CB, 0x19CC, 0x220C, 0x198A, 0x00C6, 0x0907, 0x00C6, 0x00A5, 0x00A5, 0x00A5, 0x08C6, 0x08E6, 0x08C6, 0x0085, 0x0085,
  0x00A5, 0x08C5, 0x08A5, 0x00A5, 0x08A5, 0x00A5, 0x00A5, 0x08A5, 0x0084, 0x0084, 0x0084, 0x0084, 0x0084, 0x0084, 0x0084, 0x0084,
  0x0885, 0x0885, 0x0885, 0x0085, 0x0085, 0x0085, 0x0084, 0x0084, 0x0085, 0x08A5, 0x08C6, 0x00A5, 0x08A5, 0x08C6, 0x08C6, 0x08C6,
  0x08C6, 0x08C6, 0x08A5, 0x08C6, 0x08C6, 0x08C5, 0x08A6, 0x08C6, 0x08C6, 0x08C6, 0x08C6, 0x08C6, 0x08C6, 0x08C6, 0x08C6, 0x08A6,
  0x08A6, 0x08A6, 0x08A5, 0x08A5, 0x08A5, 0x08A5, 0x08A5, 0x08A5, 0x08A5, 0x08A6, 0x08C6, 0x1169, 0x21EC, 0x220C, 0x222D, 0x21EC,
  0x19AB, 0x198A, 0x1169, 0x1149, 0x1149, 0x198A, 0x198A, 0x1149, 0x19AB, 0x19CC, 0x19AB, 0x222D, 0x32AF, 0x32B0, 0x32B0, 0x32AF,
  0x328F, 0x2A6F, 0x2A6E, 0x2A4E, 0x2A6F, 0x326F, 0x328F, 0x2A4E, 0x220D, 0x21EC, 0x21EC, 0x21EC, 0x220D, 0x220D, 0x220D, 0x220D,
  0x220D, 0x220D, 0x220D, 0x222D, 0x2A4E, 0x220D, 0x21EC, 0x21EC, 0x19AB, 0x198A, 0x19AB, 0x19AB, 0x19AB, 0x19CB, 0x19CB, 0x19CC,
  0x220D, 0x2A2E, 0x2A6F, 0x2A6F, 0x2A6F, 0x2A6F, 0x2A6F, 0x2A6F, 0x2A6F, 0x2A4E, 0x2A6F, 0x2A6F, 0x2A6F, 0x2A6F, 0x2A6F, 0x2A6F,
  0x2A4E, 0x2A4E, 0x2A6F, 0x2A6F, 0x2A4F, 0x2A6F, 0x2A6F, 0x224E, 0x2A6F, 0x2A6F, 0x116A, 0x0907, 0x0908, 0x1128, 0x0928, 0x0928,
  0x0928, 0x198A, 0x19AB, 0x116A, 0x1149, 0x0928, 0x1169, 0x0928, 0x0908, 0x0928, 0x0928, 0x0928, 0x0928, 0x0928, 0x0928, 0x0928,
  0x1149, 0x1169, 0x1169, 0x1148, 0x1128, 0x0928, 0x1128, 0x0928, 0x1149, 0x1149, 0x116A, 0x1169, 0x1149, 0x1169, 0x19AB, 0x118A,
  0x116A, 0x19AB, 0x19CC, 0x220C, 0x19CB, 0x198A, 0x19AA, 0x198A, 0x198A, 0x198A, 0x19AB, 0x19CB, 0x19CB, 0x19CB, 0x19AB, 0x19CB,
  0x2A4D, 0x220C, 0x19AB, 0x19AB, 0x19AB, 0x19CB, 0x220D, 0x220D, 0x21EC, 0x19CC, 0x19CB, 0x19CB, 0x19CB, 0x19AB, 0x19AB, 0x19AB,
  0x19CC, 0x21EC, 0x19EC, 0x21EC, 0x21EC, 0x21EC, 0x19CB, 0x19CB, 0x21EC, 0x220C, 0x220D, 0x220D, 0x220D, 0x19EC, 0x21EC, 0x21EC,
  0x21EC, 0x21EC, 0x220C, 0x19AA, 0x08C6, 0x0084, 0x00A5, 0x08A5, 0x08C6, 0x08C6, 0x08C6, 0x08C6, 0x00A5, 0x0085, 0x0084, 0x08A5,
  0x08A5, 0x08A5, 0x0085, 0x00A5, 0x08A5, 0x00A5, 0x00A5, 0x0085, 0x0085, 0x0085, 0x0084, 0x0084, 0x0084, 0x0084, 0x0084, 0x0084,
  0x0885, 0x0885, 0x0885, 0x0085, 0x0085, 0x0085, 0x0085, 0x0885, 0x0085, 0x0885, 0x08A5, 0x0085, 0x0084, 0x08C6, 0x08C6, 0x08C6,
  0x08C6, 0x08A5, 0x0085, 0x08C6, 0x08C6, 0x08C6, 0x08C6, 0x08C6, 0x08C6, 0x08C6, 0x08C6, 0x08C6, 0x08C6, 0x08C6, 0x08C6, 0x08C6,
  0x08C6, 0x08C6, 0x08A5, 0x08A5, 0x08A5, 0x08A6, 0x08A5, 0x08A5, 0x08A5, 0x08A5, 0x0885, 0x00A5, 0x198A, 0x19CB, 0x19EC, 0x21EC,
  0x19CB, 0x19AB, 0x198A, 0x1169, 0x1149, 0x1149, 0x19AA, 0x198A, 0x1169, 0x198A, 0x19CB, 0x19AB, 0x19EC, 0x2A4E, 0x32B0, 0x3AD0,
  0x32B0, 0x326F, 0x328F, 0x328F, 0x2A8F, 0x328F, 0x2A2E, 0x21EC, 0x21EC, 0x220D, 0x220D, 0x220D, 0x222D, 0x222D, 0x220D, 0x220D,
  0x222D, 0x222D, 0x222E, 0x222D, 0x21EC, 0x19CB, 0x19CB, 0x19AB, 0x19AB, 0x19CB, 0x19CB, 0x19CB, 0x19AB, 0x19AB, 0x19CB, 0x19AB,
  0x19CB, 0x19CB, 0x19CC, 0x19CC, 0x21EC, 0x2A4E, 0x2A6F, 0x2A6F, 0x2A4E, 0x21EC, 0x19EC, 0x2A6F, 0x2A90, 0x2A8F, 0x2A8F, 0x2A4E,
  0x2A4E, 0x2A6F, 0x2A8F, 0x2A6F, 0x2A6F, 0x2A6F, 0x2A4E, 0x2A6F, 0x2A6F, 0x19AB, 0x0908, 0x0928, 0x1128, 0x0928, 0x1149, 0x1149,
  0x0928, 0x0928, 0x0928, 0x0928, 0x0928, 0x116A, 0x116A, 0x0928, 0x0928, 0x0928, 0x0928, 0x1128, 0x1149, 0x1148, 0x1148, 0x0928,
  0x1149, 0x116A, 0x1149, 0x1149, 0x1149, 0x1149, 0x1149, 0x118A, 0x1169, 0x116A, 0x116A, 0x1169, 0x198B, 0x19AB, 0x198B, 0x19AB,
  0x19AB, 0x198B, 0x21EC, 0x19CC, 0x19AA, 0x21CB, 0x21EB, 0x21CB, 0x21EC, 0x220C, 0x21EC, 0x21EC, 0x21CB, 0x19CB, 0x220C, 0x2A4E,
  0x220C, 0x21EC, 0x21EC, 0x19CB, 0x21EC, 0x222D, 0x21EC, 0x21EC, 0x220C, 0x19AB, 0x19AB, 0x21EC, 0x21EC, 0x19CB, 0x19CB, 0x21CB,
  0x21EC, 0x220D, 0x220C, 0x19EC, 0x21CC, 0x21EC, 0x19CC, 0x19CC, 0x220C, 0x222D, 0x2A4D, 0x222D, 0x21CB, 0x21EC, 0x21EC, 0x220C,
  0x19AA, 0x1149, 0x1969, 0x00A5, 0x00A5, 0x00A5, 0x00A5, 0x08C6, 0x08C6, 0x08C6, 0x00A5, 0x00A5, 0x0085, 0x0085, 0x08A5, 0x08C5,
  0x08A5, 0x00A5, 0x00A5, 0x08A5, 0x00A5, 0x0084, 0x0084, 0x0084, 0x08A5, 0x0884, 0x0084, 0x0084, 0x0085, 0x0084, 0x0084, 0x0084,
  0x0885, 0x0885, 0x0885, 0x0085, 0x0085, 0x0085, 0x0085, 0x0085, 0x0085, 0x08A5, 0x0085, 0x0085, 0x0085, 0x08C6, 0x08C6, 0x08C6,
  0x08C6, 0x00A5, 0x0084, 0x08C5, 0x08C6, 0x08C6, 0x08C6, 0x08C6, 0x08C6, 0x08C6, 0x08C6, 0x08C6, 0x08C6, 0x08C6, 0x08C6, 0x08C6,
  0x08C6, 0x08C6, 0x08C6, 0x08C6, 0x08A5, 0x08A5, 0x08A5, 0x08A5, 0x08A5, 0x08A5, 0x08A5, 0x00A5, 0x0907, 0x198A, 0x21EC, 0x19EC,
  0x19CC, 0x19CB, 0x19AB, 0x19AA, 0x198A, 0x1149, 0x1148, 0x19AA, 0x19CB, 0x1169, 0x1149, 0x198A, 0x196A, 0x116A, 0x19AB, 0x198A,
  0x1969, 0x1128, 0x1149, 0x2A0D, 0x328F, 0x2A2E, 0x19EC, 0x21EC, 0x21EC, 0x220C, 0x222D, 0x222D, 0x220D, 0x220C, 0x220D, 0x222D,
  0x2A4E, 0x224E, 0x220D, 0x19CB, 0x19CB, 0x19CB, 0x19CB, 0x19AB, 0x19CB, 0x19CB, 0x19CB, 0x19CB, 0x19AB, 0x19AB, 0x19CB, 0x19CB,
  0x19CB, 0x19CB, 0x19CB, 0x19CB, 0x19CB, 0x19CC, 0x19EC, 0x220D, 0x21EC, 0x19CC, 0x19CC, 0x19EC, 0x2A4E, 0x2A8F, 0x2A6F, 0x2A6F,
  0x2A8F, 0x3290, 0x2A8F, 0x2A8F, 0x2A8F, 0x2A6F, 0x2A6F, 0x220D, 0x116A, 0x0928, 0x1149, 0x0928, 0x1128, 0x0908, 0x1149, 0x1149,
  0x1149, 0x1149, 0x1149, 0x1148, 0x1149, 0x198A, 0x1149, 0x0948, 0x0928, 0x0928, 0x1128, 0x1148, 0x1148, 0x1149, 0x1148, 0x1149,
  0x118A, 0x118A, 0x116A, 0x118A, 0x118A, 0x198A, 0x19CB, 0x19AB, 0x116A, 0x19AB, 0x198B, 0x19CB, 0x21EC, 0x19CC, 0x19AB, 0x19CB,
  0x19CC, 0x19CC, 0x19CB, 0x19AB, 0x19CB, 0x21EC, 0x220C, 0x220C, 0x2A2D, 0x2A2D, 0x220D, 0x220C, 0x21EC, 0x222D, 0x328F, 0x2A2D,
  0x21EC, 0x21EC, 0x220C, 0x2A2D, 0x2A4D, 0x220C, 0x220D, 0x2A4E, 0x222D, 0x19EC, 0x21EC, 0x21EC, 0x21EC, 0x19CB, 0x19CB, 0x21EC,
  0x21EC, 0x222D, 0x222D, 0x222D, 0x220D, 0x222D, 0x220C, 0x220D, 0x220C, 0x1149, 0x19AA, 0x19AA, 0x0928, 0x0928, 0x0908, 0x1128,
  0x08C6, 0x08C6, 0x08A6, 0x08A5, 0x00A5, 0x00A5, 0x08C6, 0x08E6, 0x08E6, 0x00A5, 0x00A5, 0x08A5, 0x08A5, 0x08A5, 0x08C5, 0x00A5,
  0x0084, 0x08A5, 0x00A5, 0x08A5, 0x0084, 0x0084, 0x0084, 0x0084, 0x0084, 0x0084, 0x0084, 0x0084, 0x0084, 0x0084, 0x0084, 0x0084,
  0x0885, 0x0885, 0x0885, 0x0085, 0x0085, 0x0085, 0x0085, 0x0085, 0x0085, 0x0085, 0x0085, 0x0885, 0x0085, 0x08A5, 0x08C6, 0x08C6,
  0x08A5, 0x0085, 0x0084, 0x00A5, 0x08C6, 0x08C6, 0x08C6, 0x08C6, 0x08C6, 0x08C6, 0x08C6, 0x08C6, 0x08C6, 0x08C6, 0x08C6, 0x08C6,
  0x08C6, 0x08C6, 0x08C6, 0x08C6, 0x08C6, 0x08C5, 0x08C5, 0x08C5, 0x08A5, 0x08A5, 0x08A5, 0x08C6, 0x00A5, 0x08C6, 0x198A, 0x21EC,
  0x21EC, 0x19AB, 0x196A, 0x198A, 0x19AB, 0x1149, 0x0907, 0x1128, 0x19AA, 0x1149, 0x0907, 0x08E7, 0x08E7, 0x0907, 0x08E6, 0x00A5,
  0x00A5, 0x08C6, 0x08E7, 0x0908, 0x1128, 0x198A, 0x21EC, 0x21EC, 0x220D, 0x220D, 0x220D, 0x21EC, 0x220D, 0x220D, 0x222D, 0x220D,
  0x21EC, 0x19CC, 0x19AB, 0x19CB, 0x19CB, 0x19CB, 0x19CB, 0x19CB, 0x19CC, 0x19CB, 0x19CB, 0x19CB, 0x19AB, 0x19AB, 0x21EC, 0x21EC,
  0x19EC, 0x19CB, 0x19CB, 0x19CB, 0x220C, 0x2A4E, 0x222D, 0x222D, 0x2A4E, 0x220D, 0x220D, 0x2A2D, 0x220D, 0x222D, 0x222D, 0x2A4E,
  0x222E, 0x224E, 0x2A6F, 0x2A90, 0x32B0, 0x2A6F, 0x19AB, 0x0928, 0x0928, 0x1149, 0x1149, 0x0928, 0x0908, 0x1128, 0x1149, 0x1149,
  0x1149, 0x1169, 0x1169, 0x1149, 0x1169, 0x1149, 0x1149, 0x1149, 0x1149, 0x1149, 0x1149, 0x1149, 0x1149, 0x1149, 0x1169, 0x19CB,
  0x19CC, 0x19CB, 0x19CC, 0x19CB, 0x118A, 0x19AB, 0x19AB, 0x19AA, 0x19CB, 0x19CB, 0x19CC, 0x21EC, 0x19EC, 0x21EC, 0x19CC, 0x19CC,
  0x19CB, 0x19AB, 0x19AB, 0x19CB, 0x19CC, 0x21EC, 0x220C, 0x2A2D, 0x2A4E, 0x2A4E, 0x2A2D, 0x220D, 0x2A2D, 0x32B0, 0x2A6E, 0x220C,
  0x220C, 0x220D, 0x222D, 0x2A4D, 0x222D, 0x2A4E, 0x2A6E, 0x2A6E, 0x2A2D, 0x222D, 0x220D, 0x2A2D, 0x2A4E, 0x21EC, 0x220D, 0x2A2D,
  0x2A6E, 0x2A6E, 0x326E, 0x2A6F, 0x2A6E, 0x2A6E, 0x328F, 0x2A2D, 0x1969, 0x0907, 0x08E6, 0x0907, 0x0907, 0x0907, 0x0907, 0x08C6,
  0x08A6, 0x08C6, 0x08C6, 0x08A5, 0x08A5, 0x08C6, 0x08E6, 0x08E6, 0x08A5, 0x08A5, 0x08A5, 0x00A5, 0x08A5, 0x08A5, 0x00A5, 0x00A5,
  0x0084, 0x08A5, 0x08A5, 0x08A5, 0x08A4, 0x08A4, 0x08A4, 0x0084, 0x0084, 0x0084, 0x0084, 0x0084, 0x0084, 0x0084, 0x0084, 0x0084,
  0x0885, 0x0885, 0x0885, 0x0085, 0x0085, 0x0085, 0x08A5, 0x0085, 0x0085, 0x0085, 0x08A5, 0x0085, 0x0885, 0x0085, 0x08C6, 0x08C6,
  0x08A5, 0x0085, 0x08A5, 0x08A5, 0x08C5, 0x08C6, 0x08C6, 0x08C6, 0x08C6, 0x08C6, 0x08C6, 0x08C6, 0x08C6, 0x08C6, 0x08C6, 0x08C6,
  0x08C6, 0x08C6, 0x08C6, 0x08C6, 0x08C6, 0x08C5, 0x08C6, 0x08C5, 0x08A5, 0x08C5, 0x08C6, 0x08C6, 0x08C5, 0x08A5, 0x08C5, 0x0907,
  0x1128, 0x1149, 0x1128, 0x1128, 0x1128, 0x1128, 0x1128, 0x1128, 0x0908, 0x1149, 0x198A, 0x1169, 0x1148, 0x0907, 0x0907, 0x0907,
  0x08E7, 0x08E7, 0x08E7, 0x08E6, 0x08C6, 0x08C6, 0x1169, 0x21EC, 0x220D, 0x220D, 0x220D, 0x220D, 0x220D, 0x220D, 0x21EC, 0x19CB,
  0x19CB, 0x19AB, 0x19AB, 0x19CB, 0x19CB, 0x19CB, 0x19CC, 0x21CC, 0x21CC, 0x19CB, 0x19CB, 0x19CB, 0x19CB, 0x19CB, 0x19CC, 0x220D,
  0x2A2D, 0x19EC, 0x19CC, 0x21EC, 0x19CC, 0x19EC, 0x2A2D, 0x2A2E, 0x21EC, 0x220C, 0x220D, 0x220D, 0x220D, 0x220D, 0x222D, 0x222D,
  0x220D, 0x220C, 0x220D, 0x222D, 0x2A2D, 0x116A, 0x0928, 0x1149, 0x1149, 0x1149, 0x1149, 0x1149, 0x198A, 0x19AB, 0x1169, 0x1149,
  0x198A, 0x1169, 0x116A, 0x198A, 0x1169, 0x1149, 0x1149, 0x1169, 0x1169, 0x1169, 0x1169, 0x1169, 0x1149, 0x1149, 0x19AA, 0x19CB,
  0x19AB, 0x19AB, 0x19CC, 0x19AB, 0x19CB, 0x19CC, 0x19AB, 0x19CB, 0x19AB, 0x19AB, 0x19EC, 0x21EC, 0x220D, 0x21EC, 0x21EC, 0x21EC,
  0x19AB, 0x19AB, 0x19CC, 0x21EC, 0x21EC, 0x21EC, 0x220D, 0x2A2D, 0x2A4E, 0x326E, 0x2A6E, 0x2A6E, 0x328F, 0x32B0, 0x2A6E, 0x2A2D,
  0x222D, 0x2A2D, 0x2A4E, 0x2A6E, 0x328F, 0x328F, 0x2A8F, 0x326E, 0x2A6E, 0x2A6E, 0x32AF, 0x32B0, 0x328F, 0x2A6E, 0x2A6E, 0x2A6E,
  0x328F, 0x328F, 0x328F, 0x32AF, 0x32B0, 0x32B0, 0x2A2D, 0x1169, 0x1128, 0x1128, 0x1127, 0x1127, 0x1107, 0x0907, 0x08E6, 0x08C6,
  0x08C6, 0x08C6, 0x08C6, 0x08C6, 0x08C6, 0x08E6, 0x08E6, 0x08E6, 0x08A5, 0x08A5, 0x00A5, 0x0085, 0x08A5, 0x00A5, 0x08A5, 0x08A5,
  0x08A5, 0x08A5, 0x08A5, 0x08A5, 0x08A4, 0x08A4, 0x08A4, 0x00A4, 0x0084, 0x0084, 0x0084, 0x0084, 0x0084, 0x0084, 0x0084, 0x08A5,
  0x08A5, 0x0885, 0x0885, 0x0885, 0x0085, 0x08A5, 0x08A5, 0x08A5, 0x0085, 0x0085, 0x0885, 0x00A5, 0x0085, 0x0085, 0x08A5, 0x08C5,
  0x00A5, 0x0085, 0x08A5, 0x0085, 0x00A5, 0x08E6, 0x08C6, 0x08C6, 0x08C6, 0x08C6, 0x08C6, 0x08C6, 0x08C6, 0x08C6, 0x08C6, 0x08C6,
  0x08C6, 0x08C6, 0x08C6, 0x08C6, 0x08C6, 0x08C6, 0x08C6, 0x08C5, 0x08C6, 0x08C6, 0x08C6, 0x08C6, 0x00C5, 0x08C5, 0x08C5, 0x00A5,
  0x00A5, 0x1148, 0x1149, 0x1128, 0x0907, 0x0907, 0x0907, 0x0908, 0x1128, 0x1148, 0x1169, 0x1149, 0x1148, 0x1107, 0x08E7, 0x1128,
  0x198A, 0x1149, 0x0907, 0x0907, 0x0907, 0x08E7, 0x1128, 0x1969, 0x116A, 0x198A, 0x1969, 0x198A, 0x21EC, 0x222D, 0x21EC, 0x19CC,
  0x19CC, 0x19CB, 0x19CC, 0x21EC, 0x21EC, 0x21EC, 0x21EC, 0x19CC, 0x19CC, 0x19CB, 0x19CB, 0x19AB, 0x19CB, 0x220C, 0x19CC, 0x19CB,
  0x21EC, 0x220D, 0x19CC, 0x21EC, 0x19EC, 0x19CB, 0x21EC, 0x2A2D, 0x220D, 0x220D, 0x220D, 0x220D, 0x21EC, 0x21EC, 0x220C, 0x220D,
  0x222D, 0x220D, 0x19AB, 0x1149, 0x1128, 0x1149, 0x1149, 0x1149, 0x1149, 0x19AB, 0x21CC, 0x19CC, 0x19CC, 0x198A, 0x1149, 0x198A,
  0x198A, 0x116A, 0x19CB, 0x198A, 0x116A, 0x116A, 0x1169, 0x1169, 0x116A, 0x196A, 0x196A, 0x1169, 0x1169, 0x19AB, 0x198A, 0x198A,
  0x198A, 0x198A, 0x198A, 0x19CB, 0x21CB, 0x19CB, 0x19CB, 0x19CB, 0x19AB, 0x220C, 0x222D, 0x220C, 0x21EC, 0x21EC, 0x220D, 0x19CC,
  0x19EC, 0x21EC, 0x21EC, 0x21EC, 0x220D, 0x220C, 0x220D, 0x2A2D, 0x2A4E, 0x2A6E, 0x328F, 0x32AF, 0x32D0, 0x32B0, 0x328F, 0x32AF,
  0x328F, 0x326F, 0x2A6E, 0x328F, 0x32B0, 0x328F, 0x328F, 0x32AF, 0x32AF, 0x3AF0, 0x3AF0, 0x32AF, 0x32AF, 0x32B0, 0x32AF, 0x328F,
  0x328F, 0x328F, 0x32AF, 0x3AD0, 0x328F, 0x220C, 0x1169, 0x1989, 0x1969, 0x1169, 0x1149, 0x1128, 0x1107, 0x08C6, 0x08C6, 0x08C6,
  0x08C6, 0x08E6, 0x08E6, 0x08E6, 0x08E6, 0x08C6, 0x08C6, 0x08C6, 0x00A5, 0x08A5, 0x08A5, 0x0085, 0x08A5, 0x00A5, 0x08A5, 0x08A5,
  0x08A5, 0x08A5, 0x08A5, 0x08A5, 0x08A5, 0x08A5, 0x08A5, 0x08A5, 0x08A4, 0x0084, 0x0084, 0x0084, 0x0084, 0x0084, 0x08A4, 0x00A4,
  0x0885, 0x0885, 0x0885, 0x0085, 0x0085, 0x0085, 0x00A5, 0x0085, 0x00A5, 0x0885, 0x0085, 0x0085, 0x0085, 0x0085, 0x0085, 0x0885,
  0x0085, 0x08A5, 0x0885, 0x0085, 0x00A5, 0x08C5, 0x08E6, 0x08C6, 0x08C6, 0x08E6, 0x08E6, 0x08E6, 0x08C6, 0x08C6, 0x08C6, 0x08C6,
  0x08C6, 0x08C6, 0x08C6, 0x08C6, 0x08C6, 0x08C6, 0x08C6, 0x08C6, 0x08C6, 0x08C6, 0x08C5, 0x08C6, 0x08C5, 0x08C5, 0x08A5, 0x08A6,
  0x08A5, 0x08C6, 0x1107, 0x1128, 0x08E7, 0x0907, 0x0928, 0x0907, 0x1128, 0x1128, 0x1128, 0x0907, 0x0907, 0x0907, 0x0907, 0x08E7,
  0x0928, 0x1169, 0x1128, 0x1128, 0x1128, 0x1148, 0x1149, 0x1149, 0x1969, 0x1107, 0x08E6, 0x08C6, 0x0928, 0x118A, 0x19AB, 0x21EC,
  0x21EC, 0x21EC, 0x21EC, 0x21EC, 0x21EC, 0x21EC, 0x19CB, 0x19CB, 0x19CB, 0x19CB, 0x19CB, 0x21EC, 0x21EC, 0x220C, 0x21EC, 0x19CC,
  0x19CC, 0x21CC, 0x19CC, 0x19CC, 0x21EC, 0x21EC, 0x19CB, 0x21CC, 0x220D, 0x2A4E, 0x2A4E, 0x2A4E, 0x2A4E, 0x222D, 0x222D, 0x222D,
  0x19CB, 0x1169, 0x1128, 0x1148, 0x1169, 0x19CB, 0x19EC, 0x21EC, 0x21EC, 0x21EC, 0x19CB, 0x21EC, 0x19AB, 0x1169, 0x198A, 0x19CB,
  0x116A, 0x19AB, 0x198A, 0x118A, 0x198A, 0x198A, 0x198A, 0x118A, 0x198A, 0x198A, 0x198A, 0x198A, 0x21EC, 0x19CB, 0x198A, 0x19CB,
  0x19CB, 0x19AB, 0x19CB, 0x21EC, 0x21CC, 0x21EC, 0x21EC, 0x220C, 0x220D, 0x2A2D, 0x222D, 0x220C, 0x21CC, 0x222D, 0x220D, 0x220D,
  0x222D, 0x220D, 0x220D, 0x2A2D, 0x2A4D, 0x2A2D, 0x222D, 0x2A4E, 0x2A6E, 0x2A6F, 0x32AF, 0x3B11, 0x3AF1, 0x32D0, 0x32B0, 0x3AD0,
  0x3AD0, 0x3AD0, 0x32B0, 0x32AF, 0x32B0, 0x32B0, 0x32D0, 0x3AD0, 0x4311, 0x3B11, 0x3AD0, 0x3AD0, 0x3AD0, 0x3AF1, 0x3AF1, 0x3AD0,
  0x3AF1, 0x3AF1, 0x4331, 0x2A2D, 0x1148, 0x1148, 0x1989, 0x198A, 0x198A, 0x1989, 0x1148, 0x1128, 0x1127, 0x08E6, 0x08C6, 0x08E6,
  0x08E6, 0x08E7, 0x08E6, 0x08C6, 0x08A5, 0x00A5, 0x08A5, 0x00A5, 0x08A5, 0x08A5, 0x00A4, 0x0084, 0x0084, 0x00A4, 0x0084, 0x00A5,
  0x08A5, 0x08A5, 0x08A5, 0x08C5, 0x08C5, 0x08C5, 0x08C5, 0x08C6, 0x08C6, 0x08C5, 0x08C5, 0x08A5, 0x00A4, 0x00A4, 0x08A5, 0x08A5,
  0x0085, 0x0085, 0x0085, 0x0085, 0x0085, 0x0085, 0x00A5, 0x08A5, 0x00A5, 0x08A5, 0x08A5, 0x0085, 0x0085, 0x0885, 0x08A5, 0x0885,
  0x0885, 0x08A5, 0x08A5, 0x08A5, 0x00A5, 0x08A5, 0x08E6, 0x08E6, 0x08C6, 0x08E6, 0x08E6, 0x08E6, 0x08E6, 0x08E6, 0x08E6, 0x08E6,
  0x08E6, 0x08E6, 0x08E6, 0x08C6, 0x08C6, 0x08C6, 0x08C6, 0x08C6, 0x08C6, 0x08C6, 0x08C6, 0x08C6, 0x08C6, 0x08C5, 0x08A5, 0x08C5,
  0x08C5, 0x08A5, 0x08C6, 0x08C6, 0x08C5, 0x08C5, 0x0907, 0x1128, 0x1128, 0x1128, 0x1128, 0x1107, 0x1107, 0x0907, 0x0907, 0x0907,
  0x1107, 0x1108, 0x08E7, 0x08C6, 0x08E6, 0x0907, 0x0907, 0x0907, 0x08E7, 0x08E6, 0x08E6, 0x08E7, 0x08E7, 0x08E6, 0x08E6, 0x1148,
  0x19AB, 0x19AB, 0x19CB, 0x21EB, 0x21EC, 0x19CC, 0x19CC, 0x19CC, 0x19CB, 0x19CB, 0x19CB, 0x21EB, 0x220D, 0x220C, 0x21EC, 0x21EC,
  0x21EC, 0x21EC, 0x21EC, 0x21EC, 0x21EC, 0x21EC, 0x21EC, 0x21EC, 0x21EC, 0x220D, 0x2A2D, 0x222D, 0x2A4E, 0x2A4E, 0x222D, 0x19AB,
  0x1149, 0x1149, 0x1149, 0x1149, 0x19AA, 0x220C, 0x220D, 0x220C, 0x19AB, 0x116A, 0x1169, 0x19AB, 0x19CB, 0x1169, 0x19AB, 0x19AB,
  0x19CB, 0x19AB, 0x198A, 0x19AA, 0x19AA, 0x19AA, 0x19AA, 0x19AA, 0x19AA, 0x19CB, 0x21EC, 0x220C, 0x220D, 0x19CB, 0x21CB, 0x21EC,
  0x21EC, 0x21EC, 0x222D, 0x2A2D, 0x2A2D, 0x220D, 0x220D, 0x220D, 0x220D, 0x220D, 0x222D, 0x220C, 0x222D, 0x2A4E, 0x2A2D, 0x2A4E,
  0x2A4E, 0x2A4E, 0x2A4E, 0x2A6E, 0x2A6E, 0x2A6E, 0x2A4E, 0x2A6E, 0x328F, 0x32B0, 0x3B11, 0x3B32, 0x3B11, 0x3AF1, 0x3AD1, 0x3AF1,
  0x3B11, 0x4312, 0x3B12, 0x3AF1, 0x32D0, 0x3AD0, 0x3AF1, 0x3B11, 0x4332, 0x4332, 0x4312, 0x3B11, 0x4312, 0x4311, 0x3B11, 0x4311,
  0x326E, 0x32AF, 0x2A2D, 0x1148, 0x1148, 0x1169, 0x198A, 0x19AA, 0x198A, 0x1169, 0x1148, 0x1148, 0x1107, 0x08E7, 0x0907, 0x1107,
  0x08E7, 0x0907, 0x08E6, 0x08A5, 0x08C5, 0x00A5, 0x00A5, 0x00A5, 0x00A5, 0x08A5, 0x0084, 0x0084, 0x0084, 0x0884, 0x08A5, 0x08A5,
  0x08A5, 0x08A5, 0x08C5, 0x08C6, 0x08C6, 0x08C6, 0x08E6, 0x08E6, 0x08E6, 0x08E6, 0x08C5, 0x08A5, 0x00A4, 0x08A5, 0x08A5, 0x08A5,
  0x00A5, 0x00A5, 0x00A5, 0x0085, 0x00A5, 0x00A5, 0x08A5, 0x08A5, 0x08A5, 0x08A5, 0x08A5, 0x08A5, 0x08A5, 0x0085, 0x00A5, 0x0085,
  0x0085, 0x0085, 0x00A5, 0x08A5, 0x08A5, 0x08C5, 0x08C6, 0x08E6, 0x08E6, 0x08C6, 0x08E6, 0x08E6, 0x08E6, 0x08E6, 0x08E6, 0x08E6,
  0x08E6, 0x08E6, 0x08E6, 0x08C6, 0x08C6, 0x08E6, 0x08C6, 0x08C6, 0x08C6, 0x08C6, 0x08C6, 0x08C6, 0x08C6, 0x08C6, 0x08C5, 0x08A5,
  0x08C5, 0x08C6, 0x08C6, 0x08C5, 0x08C6, 0x08C5, 0x08A5, 0x08E6, 0x08C6, 0x08E6, 0x08E7, 0x08E7, 0x1107, 0x1128, 0x1128, 0x0907,
  0x1107, 0x1128, 0x1128, 0x1148, 0x1148, 0x1989, 0x1148, 0x0907, 0x0907, 0x08E7, 0x0907, 0x0907, 0x0907, 0x0907, 0x0907, 0x08E7,
  0x1128, 0x1169, 0x0907, 0x0908, 0x19AA, 0x21EC, 0x21EC, 0x21EC, 0x21EC, 0x19EC, 0x19CC, 0x19CB, 0x21CC, 0x21EC, 0x21EC, 0x21EC,
  0x220D, 0x220D, 0x21EC, 0x21EC, 0x21EC, 0x220C, 0x220D, 0x21EC, 0x21EC, 0x220D, 0x220D, 0x222D, 0x2A2D, 0x220C, 0x116A, 0x196A,
  0x118A, 0x1149, 0x1149, 0x198A, 0x19AB, 0x198A, 0x198A, 0x19AA, 0x198A, 0x198A, 0x1989, 0x1169, 0x19AA, 0x19CB, 0x19CB, 0x21CB,
  0x21CB, 0x19AB, 0x19AB, 0x19AB, 0x19AB, 0x19CB, 0x19AB, 0x19CB, 0x21EC, 0x2A2D, 0x220C, 0x21EC, 0x220D, 0x222D, 0x220D, 0x220C,
  0x220C, 0x222D, 0x2A4E, 0x2A4E, 0x2A2D, 0x220D, 0x220D, 0x2A2D, 0x2A2D, 0x2A2D, 0x2A4E, 0x2A6E, 0x328F, 0x2A4E, 0x2A6E, 0x2A4E,
  0x2A4E, 0x328E, 0x328F, 0x328F, 0x328F, 0x328F, 0x32D0, 0x32D0, 0x32AF, 0x3AD0, 0x3B12, 0x4332, 0x4352, 0x3B11, 0x3B11, 0x3B32,
  0x3B32, 0x4352, 0x4352, 0x4332, 0x3B11, 0x3B11, 0x3B12, 0x4352, 0x3B11, 0x4331, 0x3AF1, 0x3AF0, 0x326E, 0x2A2D, 0x21EC, 0x2A4D,
  0x19AA, 0x19AA, 0x19AA, 0x19AA, 0x19AA, 0x19AA, 0x19AA, 0x198A, 0x1169, 0x1169, 0x1148, 0x1128, 0x0907, 0x0907, 0x1107, 0x08E6,
  0x00A5, 0x08E6, 0x08C6, 0x08C5, 0x08C5, 0x08A5, 0x08A5, 0x08C5, 0x08C5, 0x08A5, 0x0084, 0x00A4, 0x0084, 0x0884, 0x08A5, 0x08A5,
  0x08A5, 0x08A5, 0x08C6, 0x08E6, 0x1107, 0x1107, 0x1127, 0x1127, 0x1127, 0x1107, 0x08C6, 0x08A5, 0x08C5, 0x08A5, 0x08A4, 0x08A4,
  0x08A5, 0x08A5, 0x08A5, 0x08A5, 0x08A5, 0x08A5, 0x00A5, 0x08A5, 0x08A5, 0x08A5, 0x08A5, 0x08A5, 0x08A5, 0x0885, 0x0085, 0x0085,
  0x0085, 0x00A5, 0x00A5, 0x0085, 0x08A5, 0x08A5, 0x08C6, 0x08C6, 0x08C6, 0x08E6, 0x08E6, 0x08E6, 0x08E6, 0x08E6, 0x08E6, 0x08E6,
  0x08E6, 0x08E6, 0x08E6, 0x08E6, 0x08E6, 0x08E6, 0x08E6, 0x08C6, 0x08E6, 0x08C6, 0x08C6, 0x08C6, 0x08C6, 0x08C6, 0x08C6, 0x08C6,
  0x08C6, 0x08C6, 0x08C6, 0x08C5, 0x08A5, 0x08C5, 0x08C5, 0x08A5, 0x08C5, 0x00A5, 0x08A5, 0x00A5, 0x00A5, 0x0907, 0x1969, 0x1127,
  0x1107, 0x1107, 0x0907, 0x1128, 0x1148, 0x1149, 0x1169, 0x1149, 0x1169, 0x1169, 0x0907, 0x08E7, 0x08E7, 0x0907, 0x0907, 0x0907,
  0x0907, 0x1148, 0x1128, 0x1128, 0x1169, 0x19AB, 0x1169, 0x198A, 0x220C, 0x220D, 0x220C, 0x21EC, 0x21EC, 0x21EC, 0x21EC, 0x220D,
  0x220D, 0x222D, 0x2A0D, 0x220D, 0x220D, 0x220D, 0x220D, 0x220D, 0x220D, 0x21EC, 0x21CB, 0x21EC, 0x21EC, 0x19AA, 0x19AA, 0x19AA,
  0x1169, 0x1169, 0x1169, 0x1149, 0x1149, 0x1149, 0x1169, 0x198A, 0x198A, 0x118A, 0x198A, 0x198A, 0x19AA, 0x21EC, 0x21EC, 0x21CB,
  0x19CB, 0x21CB, 0x21EC, 0x21CB, 0x21CB, 0x21CB, 0x21EC, 0x220C, 0x222D, 0x222D, 0x222D, 0x2A2D, 0x2A2D, 0x222D, 0x2A4D, 0x222D,
  0x222D, 0x2A2D, 0x2A4D, 0x2A4D, 0x2A4D, 0x2A4E, 0x2A6E, 0x2A6E, 0x2A6E, 0x328F, 0x32AF, 0x32AF, 0x32AF, 0x32AF, 0x32B0, 0x2A6E,
  0x2A6E, 0x32B0, 0x32B0, 0x32B0, 0x3AD0, 0x3B11, 0x3B12, 0x3B11, 0x3AF1, 0x3AF1, 0x3B12, 0x4353, 0x4353, 0x4353, 0x4353, 0x4353,
  0x4353, 0x4373, 0x4353, 0x4373, 0x4353, 0x4332, 0x4352, 0x3AF1, 0x220C, 0x220C, 0x220C, 0x220D, 0x21EB, 0x19AA, 0x19AA, 0x1169,
  0x1989, 0x21EB, 0x220B, 0x21CB, 0x21EC, 0x2A2C, 0x21CB, 0x1128, 0x198A, 0x1128, 0x08C6, 0x08E6, 0x08C6, 0x08C6, 0x08E6, 0x08C6,
  0x00A4, 0x08C5, 0x08C6, 0x08C6, 0x08C6, 0x08A5, 0x08A5, 0x08C5, 0x08A5, 0x08A5, 0x08A5, 0x08A5, 0x00A4, 0x0084, 0x0084, 0x0084,
  0x00A5, 0x08A5, 0x08C6, 0x1106, 0x1107, 0x1127, 0x1148, 0x1948, 0x1948, 0x1948, 0x1127, 0x1107, 0x1107, 0x08C5, 0x08A5, 0x08A5,
  0x08A5, 0x08A5, 0x08A5, 0x08A5, 0x08A5, 0x00A5, 0x08A5, 0x08A5, 0x08A5, 0x08A5, 0x08A5, 0x08A5, 0x0885, 0x08A5, 0x00A5, 0x0085,
  0x0085, 0x00A5, 0x08A5, 0x0085, 0x0885, 0x08A5, 0x08C6, 0x08E6, 0x08E6, 0x08C6, 0x08C6, 0x08E6, 0x08E6, 0x08E6, 0x08E6, 0x08E6,
  0x0907, 0x08E6, 0x08E6, 0x08E6, 0x08E6, 0x08E6, 0x08E6, 0x08E6, 0x08C6, 0x08E6, 0x08E6, 0x08E6, 0x08E6, 0x08E6, 0x08C6, 0x08C6,
  0x08C6, 0x08C6, 0x08C6, 0x08C6, 0x08C5, 0x00A5, 0x08C5, 0x08A5, 0x08C5, 0x08C5, 0x08A5, 0x00A5, 0x08A5, 0x00A5, 0x08C6, 0x08C6,
  0x08C6, 0x1127, 0x1127, 0x1107, 0x1128, 0x1128, 0x0907, 0x1969, 0x19AA, 0x19AA, 0x1148, 0x0907, 0x0907, 0x08E6, 0x08E6, 0x08E6,
  0x08E6, 0x1107, 0x1127, 0x1128, 0x198A, 0x19AB, 0x1128, 0x0908, 0x1169, 0x19AA, 0x198A, 0x198A, 0x21CB, 0x21EC, 0x220C, 0x222D,
  0x2A2D, 0x2A4D, 0x2A2D, 0x2A2D, 0x2A2D, 0x222D, 0x2A2D, 0x220D, 0x19AB, 0x198A, 0x19AA, 0x19CB, 0x19CB, 0x19AB, 0x198A, 0x1169,
  0x198A, 0x1969, 0x1169, 0x1169, 0x198A, 0x1989, 0x198A, 0x1169, 0x1169, 0x118A, 0x198A, 0x19AA, 0x19AB, 0x19CB, 0x21EB, 0x21EC,
  0x220C, 0x21EC, 0x21EC, 0x21EC, 0x21EC, 0x220C, 0x222D, 0x2A4D, 0x222D, 0x2A4E, 0x2A6E, 0x2A2D, 0x222D, 0x222D, 0x2A2D, 0x2A4D,
  0x2A4E, 0x2A4E, 0x2A6E, 0x2A6E, 0x2A6E, 0x328F, 0x32B0, 0x32B0, 0x32B0, 0x32B0, 0x32AF, 0x32AF, 0x3AD0, 0x3AD0, 0x3AD0, 0x32D0,
  0x32D0, 0x3AD0, 0x3AD0, 0x3B11, 0x3B11, 0x3B11, 0x4352, 0x4352, 0x4332, 0x4332, 0x4352, 0x4373, 0x4B93, 0x4B93, 0x4B73, 0x4B93,
  0x4BB4, 0x4B94, 0x4BB4, 0x4332, 0x4332, 0x4B73, 0x32AF, 0x19CB, 0x21CB, 0x21CB, 0x21CB, 0x21EC, 0x220C, 0x220C, 0x21CB, 0x1989,
  0x1989, 0x21CA, 0x19AA, 0x21CA, 0x21EB, 0x2A0C, 0x1989, 0x08C6, 0x1127, 0x08C6, 0x08C6, 0x08C5, 0x08C5, 0x00A5, 0x08C6, 0x08A5,
  0x08A5, 0x08C5, 0x08C6, 0x08E6, 0x08C6, 0x08C5, 0x08A5, 0x08A5, 0x08A5, 0x08A5, 0x08C6, 0x08C5, 0x00A5, 0x08A4, 0x0084, 0x0084,
  0x00A4, 0x08A5, 0x08E6, 0x1106, 0x1107, 0x1107, 0x1127, 0x1148, 0x1948, 0x1968, 0x1948, 0x1948, 0x1127, 0x1106, 0x08C5, 0x08C6,
  0x08A5, 0x08A5, 0x08A5, 0x08A5, 0x08A5, 0x08A5, 0x08A5, 0x08A5, 0x00A5, 0x00A5, 0x08A5, 0x08A5, 0x08A5, 0x08A5, 0x08A5, 0x08A5,
  0x00A5, 0x0085, 0x00A5, 0x00A5, 0x08A5, 0x08A5, 0x08E6, 0x08E6, 0x08C6, 0x00A5, 0x08C6, 0x08E6, 0x08E6, 0x08E6, 0x08E7, 0x08E6,
  0x08E6, 0x0907, 0x08E6, 0x08E6, 0x08E7, 0x08E6, 0x08E6, 0x08E6, 0x08E6, 0x08E6, 0x08E6, 0x08E7, 0x0907, 0x08E6, 0x08E6, 0x08E6,
  0x08E6, 0x08C6, 0x08C6, 0x08C6, 0x08C5, 0x08C5, 0x08A5, 0x00A5, 0x08C5, 0x08C6, 0x08C6, 0x08C6, 0x08C5, 0x08A5, 0x08A5, 0x00A5,
  0x08A5, 0x00A5, 0x08C6, 0x1128, 0x1149, 0x1169, 0x1168, 0x1148, 0x1169, 0x1149, 0x1128, 0x1128, 0x1128, 0x1148, 0x1128, 0x1128,
  0x1127, 0x0907, 0x1127, 0x1107, 0x0907, 0x1149, 0x1169, 0x1169, 0x1128, 0x1148, 0x1148, 0x1148, 0x1149, 0x1169, 0x1169, 0x19AB,
  0x2A2D, 0x2A4D, 0x2A4D, 0x2A4E, 0x220D, 0x19AB, 0x19AB, 0x19AB, 0x19AA, 0x19AA, 0x21EB, 0x19CB, 0x19AA, 0x198A, 0x19AB, 0x21CB,
  0x19AA, 0x198A, 0x198A, 0x198A, 0x198A, 0x198A, 0x198A, 0x1989, 0x198A, 0x198A, 0x19AA, 0x19CB, 0x21EC, 0x21EC, 0x21EC, 0x2A2D,
  0x2A4D, 0x220D, 0x220D, 0x222D, 0x2A2D, 0x2A4D, 0x2A6E, 0x2A6E, 0x2A4E, 0x2A4E, 0x2A4D, 0x2A4D, 0x2A4D, 0x2A4E, 0x2A4E, 0x2A6E,
  0x328F, 0x328F, 0x328F, 0x328F, 0x328F, 0x32AF, 0x32D0, 0x3AF1, 0x3AF0, 0x32D0, 0x3AD0, 0x3AF1, 0x3B11, 0x3AF0, 0x3AF0, 0x3AF1,
  0x3B11, 0x3B11, 0x4352, 0x4373, 0x4332, 0x4332, 0x4353, 0x4373, 0x4373, 0x4353, 0x4373, 0x4B93, 0x4352, 0x2A6E, 0x2A2D, 0x2A6E,
  0x3AF0, 0x3AD0, 0x4B72, 0x222C, 0x21EB, 0x32AF, 0x21EB, 0x21EB, 0x21EC, 0x21EC, 0x21EC, 0x21EC, 0x2A0C, 0x21CB, 0x19CA, 0x19CA,
  0x19AA, 0x21CB, 0x21EB, 0x21CB, 0x21CA, 0x1127, 0x08E6, 0x08C6, 0x08C6, 0x08C6, 0x08C6, 0x08C6, 0x08C5, 0x08C5, 0x08C6, 0x08C6,
  0x08C5, 0x08C6, 0x08E6, 0x08E6, 0x08C6, 0x08C6, 0x08C5, 0x08C5, 0x08C5, 0x08C5, 0x08C6, 0x08A5, 0x08A5, 0x08A5, 0x08C5, 0x08A5,
  0x00A4, 0x08A5, 0x08E6, 0x1107, 0x1107, 0x1107, 0x1107, 0x1148, 0x1148, 0x1948, 0x1968, 0x1968, 0x1968, 0x1127, 0x1107, 0x1107,
  0x08A5, 0x08A5, 0x08A5, 0x08A5, 0x08A5, 0x08A5, 0x08A5, 0x08A5, 0x08A5, 0x08A5, 0x08A5, 0x08A5, 0x08A5, 0x08A5, 0x08A5, 0x08A5,
  0x08A5, 0x00A5, 0x00A5, 0x00A5, 0x00A5, 0x00A5, 0x08A5, 0x08C5, 0x08C5, 0x00A5, 0x08C5, 0x08C6, 0x08A5, 0x08E6, 0x08E7, 0x08E6,
  0x0907, 0x0907, 0x0907, 0x0907, 0x08E6, 0x08E6, 0x08E6, 0x08E6, 0x08E6, 0x08E7, 0x0907, 0x1107, 0x1107, 0x0907, 0x08E7, 0x08E6,
  0x08E6, 0x08E6, 0x08C6, 0x08C6, 0x08C6, 0x08C6, 0x08C5, 0x08C5, 0x08C5, 0x08C6, 0x08C6, 0x08C6, 0x08C6, 0x08C6, 0x08C5, 0x08C5,
  0x08C5, 0x08C5, 0x00A5, 0x08C6, 0x08C6, 0x08E6, 0x0907, 0x1148, 0x19AA, 0x19CB, 0x198A, 0x1969, 0x1149, 0x1149, 0x1149, 0x1149,
  0x198A, 0x1169, 0x1107, 0x1128, 0x1148, 0x1128, 0x1149, 0x198A, 0x1989, 0x1149, 0x1189, 0x1169, 0x1148, 0x1149, 0x1149, 0x1169,
  0x198A, 0x21EC, 0x2A2D, 0x220C, 0x19AB, 0x198A, 0x198A, 0x19AA, 0x19CB, 0x21EB, 0x19CB, 0x19AA, 0x21CB, 0x21EC, 0x21EC, 0x21CB,
  0x19AA, 0x19CA, 0x21CB, 0x19AB, 0x19AA, 0x19AA, 0x19AA, 0x19AA, 0x19AA, 0x19AA, 0x21CB, 0x220C, 0x220C, 0x220C, 0x2A2D, 0x2A2D,
  0x220D, 0x2A2D, 0x2A4E, 0x2A6E, 0x2A6E, 0x2A6E, 0x2A6E, 0x2A6E, 0x2A6E, 0x2A6E, 0x2A6E, 0x2A4E, 0x2A6E, 0x2A8E, 0x328F, 0x32AF,
  0x32B0, 0x32AF, 0x32AF, 0x328F, 0x32B0, 0x3AF1, 0x3B11, 0x3B11, 0x3AF1, 0x3AF1, 0x3B11, 0x3B11, 0x4311, 0x3B11, 0x3B11, 0x3B11,
  0x4332, 0x4353, 0x4B93, 0x4373, 0x4373, 0x4B93, 0x4B94, 0x4352, 0x4B94, 0x4BB4, 0x4BB4, 0x3AD0, 0x19AA, 0x19AA, 0x21CB, 0x21CB,
  0x21CB, 0x21EB, 0x21CB, 0x198A, 0x19AA, 0x21CA, 0x21AA, 0x19AA, 0x21CB, 0x220C, 0x220C, 0x21EB, 0x21CB, 0x19AA, 0x21EB, 0x220B,
  0x2A0C, 0x2A0C, 0x21EB, 0x21EB, 0x19AA, 0x08E6, 0x08E6, 0x08E6, 0x08C6, 0x08C6, 0x08C6, 0x08C6, 0x08C6, 0x08C6, 0x08E6, 0x08E6,
  0x08C6, 0x08C6, 0x08C6, 0x08E6, 0x08E6, 0x08E6, 0x08E6, 0x08C6, 0x08C6, 0x08E6, 0x08E6, 0x08C6, 0x08A5, 0x08A5, 0x08C5, 0x08A5,
  0x00A5, 0x08C6, 0x1107, 0x1127, 0x1128, 0x1148, 0x1127, 0x1948, 0x1148, 0x1128, 0x1968, 0x1989, 0x1968, 0x1148, 0x1107, 0x1107,
  0x08A5, 0x08A5, 0x08A5, 0x08C5, 0x08C5, 0x08A5, 0x08A5, 0x08A5, 0x08A5, 0x08A5, 0x08C5, 0x08C6, 0x08C5, 0x08A5, 0x08A5, 0x0885,
  0x00A5, 0x00A5, 0x08A5, 0x08A5, 0x00A5, 0x00A5, 0x00A5, 0x08A5, 0x00A5, 0x08A5, 0x08A5, 0x08A5, 0x08A5, 0x08A5, 0x08E6, 0x08E7,
  0x0907, 0x08E6, 0x08E7, 0x0907, 0x0907, 0x08E7, 0x08E6, 0x08E7, 0x0907, 0x1127, 0x1127, 0x1127, 0x1127, 0x1107, 0x0907, 0x0907,
  0x0907, 0x08E7, 0x08E6, 0x08E6, 0x08E6, 0x08E6, 0x08E6, 0x08E6, 0x08E6, 0x08C6, 0x08C6, 0x08C6, 0x08C6, 0x08C6, 0x08C6, 0x08C6,
  0x08C6, 0x08C6, 0x08C5, 0x08C5, 0x08C5, 0x08C5, 0x00A5, 0x08C6, 0x08C6, 0x1149, 0x198A, 0x1969, 0x1989, 0x1169, 0x19AA, 0x198A,
  0x1128, 0x1969, 0x198A, 0x19AA, 0x1969, 0x1169, 0x1149, 0x1149, 0x21EB, 0x1149, 0x1969, 0x1148, 0x08C6, 0x1127, 0x08E6, 0x08E6,
  0x08E7, 0x1107, 0x0907, 0x198A, 0x19CB, 0x19CB, 0x19AB, 0x21CB, 0x220C, 0x220C, 0x220C, 0x220C, 0x21EC, 0x21CB, 0x19CB, 0x19CB,
  0x21EB, 0x21CB, 0x21CB, 0x21EB, 0x21CB, 0x19CB, 0x19AA, 0x19AA, 0x19AA, 0x19AA, 0x21CB, 0x220C, 0x2A2D, 0x2A2D, 0x2A2D, 0x2A2D,
  0x2A2D, 0x2A4D, 0x2A6E, 0x2A8E, 0x328F, 0x328F, 0x328F, 0x328F, 0x328F, 0x328E, 0x2A4D, 0x222C, 0x222C, 0x2A4D, 0x32AF, 0x3AD0,
  0x3AD0, 0x3AD0, 0x3AF1, 0x3AF1, 0x4332, 0x4332, 0x4332, 0x4332, 0x3B32, 0x4332, 0x4332, 0x4332, 0x4332, 0x4352, 0x4352, 0x4352,
  0x3AF1, 0x4332, 0x4373, 0x4B73, 0x4B93, 0x32D0, 0x4331, 0x2A4D, 0x3AB0, 0x4352, 0x2A6E, 0x21EB, 0x19AA, 0x19CA, 0x21EB, 0x21EB,
  0x21EB, 0x21CB, 0x19AA, 0x21CA, 0x21CB, 0x19AA, 0x19AA, 0x1969, 0x19AA, 0x21CB, 0x21AA, 0x19AA, 0x21CB, 0x21EB, 0x2A0C, 0x2A2C,
  0x2A2C, 0x1989, 0x1989, 0x21CA, 0x1968, 0x1148, 0x1107, 0x08E6, 0x08C6, 0x08C6, 0x08C6, 0x08E6, 0x08E6, 0x08E6, 0x08E6, 0x08C5,
  0x08C5, 0x08C6, 0x08E6, 0x1106, 0x08E6, 0x08E6, 0x1107, 0x1107, 0x08E6, 0x1106, 0x10E6, 0x08E6, 0x08C6, 0x08C5, 0x08C5, 0x08C6,
  0x08C5, 0x08E6, 0x1106, 0x1147, 0x1148, 0x1968, 0x1989, 0x1968, 0x1127, 0x1127, 0x1948, 0x1968, 0x1968, 0x1148, 0x1127, 0x1107,
  0x08A5, 0x08C5, 0x08A5, 0x08A5, 0x08C5, 0x08C5, 0x08A5, 0x08A5, 0x08A5, 0x08A5, 0x08C5, 0x08E6, 0x08C5, 0x08A5, 0x08A5, 0x08A5,
  0x00A5, 0x08A5, 0x08A5, 0x08A5, 0x08A5, 0x08A5, 0x08A5, 0x08A5, 0x08A5, 0x08A5, 0x08A5, 0x08A5, 0x00A5, 0x08A5, 0x08C6, 0x0907,
  0x0907, 0x08C6, 0x0907, 0x1107, 0x0907, 0x0907, 0x0907, 0x1107, 0x1127, 0x1148, 0x1148, 0x1148, 0x1148, 0x1148, 0x1148, 0x1148,
  0x1148, 0x1128, 0x1107, 0x0907, 0x0907, 0x1107, 0x1127, 0x1127, 0x1107, 0x08E6, 0x08C6, 0x08C6, 0x08C6, 0x08C6, 0x08C6, 0x08C6,
  0x08C6, 0x08C6, 0x08C6, 0x08C6, 0x08C6, 0x08C6, 0x08C6, 0x08C6, 0x08C6, 0x08C5, 0x08C6, 0x08C6, 0x08E6, 0x08C6, 0x1128, 0x1128,
  0x08C6, 0x08C6, 0x1107, 0x1969, 0x0907, 0x08E6, 0x08C6, 0x08E6, 0x1148, 0x08C6, 0x1128, 0x1127, 0x00A5, 0x08C6, 0x08C6, 0x08C6,
  0x08C5, 0x08A5, 0x08C6, 0x08C6, 0x1148, 0x19AA, 0x220C, 0x2A2D, 0x220C, 0x220C, 0x222D, 0x19EC, 0x19CB, 0x19AB, 0x21CB, 0x21EC,
  0x21EC, 0x21EC, 0x21EC, 0x21EC, 0x220C, 0x220C, 0x21EC, 0x21EC, 0x21EC, 0x220C, 0x220C, 0x2A2D, 0x2A4E, 0x2A4D, 0x2A4E, 0x2A6E,
  0x326E, 0x2A6E, 0x328E, 0x328F, 0x32AF, 0x32AF, 0x32AF, 0x326E, 0x2A4D, 0x220C, 0x21EC, 0x220C, 0x21EC, 0x220C, 0x2A4D, 0x326E,
  0x2A6E, 0x3AD0, 0x4332, 0x4353, 0x4B73, 0x4373, 0x4353, 0x4353, 0x4373, 0x4352, 0x4372, 0x4353, 0x4353, 0x4373, 0x4352, 0x32CF,
  0x21EC, 0x220C, 0x220C, 0x220D, 0x2A6E, 0x222D, 0x220C, 0x21CB, 0x19CA, 0x21EB, 0x21EC, 0x220C, 0x21EB, 0x21EB, 0x21EB, 0x21EB,
  0x21EB, 0x19AA, 0x21CB, 0x21EB, 0x21CB, 0x21CB, 0x19AA, 0x1989, 0x19AA, 0x19AA, 0x21CA, 0x21CB, 0x21EB, 0x220B, 0x220B, 0x2A4D,
  0x19CA, 0x1148, 0x1968, 0x1989, 0x1968, 0x1948, 0x1107, 0x08E6, 0x08C5, 0x08C6, 0x08E6, 0x08E6, 0x08C5, 0x08C6, 0x08E6, 0x08C5,
  0x08C5, 0x08E6, 0x1107, 0x1106, 0x10E7, 0x1107, 0x1127, 0x1127, 0x1127, 0x1127, 0x1127, 0x1107, 0x1106, 0x08C5, 0x08C5, 0x08E6,
  0x08E6, 0x08E6, 0x08E6, 0x1107, 0x1148, 0x1968, 0x1989, 0x1989, 0x1148, 0x1127, 0x1948, 0x1968, 0x1948, 0x1148, 0x1148, 0x1148,
  0x00A4, 0x08C5, 0x08A5, 0x0084, 0x08A5, 0x08C5, 0x08A5, 0x08A5, 0x08A5, 0x08A5, 0x08C5, 0x08C6, 0x08C6, 0x08C5, 0x08A5, 0x08A5,
  0x08A5, 0x08A5, 0x08C5, 0x08C5, 0x08C6, 0x08A5, 0x08A5, 0x08A5, 0x08A5, 0x08A5, 0x08A5, 0x08A5, 0x08A5, 0x08C5, 0x08C5, 0x1107,
  0x0907, 0x08E6, 0x08E6, 0x1127, 0x1127, 0x0907, 0x1107, 0x1127, 0x1148, 0x1148, 0x1969, 0x1969, 0x1989, 0x1989, 0x1989, 0x1989,
  0x1989, 0x1969, 0x1948, 0x1148, 0x1128, 0x1128, 0x1127, 0x1127, 0x1127, 0x08E6, 0x08C6, 0x08C6, 0x08C6, 0x08C6, 0x08C6, 0x08C6,
  0x08E6, 0x08E6, 0x08E6, 0x08E6, 0x08E6, 0x08C6, 0x08C6, 0x08C6, 0x08C5, 0x08C5, 0x08C5, 0x08C5, 0x08C5, 0x08A5, 0x08A5, 0x00A5,
  0x08C6, 0x08C6, 0x08A5, 0x00A5, 0x00A5, 0x00A5, 0x08C5, 0x08C5, 0x00A5, 0x08C5, 0x08C6, 0x08C6, 0x08E6, 0x08C6, 0x08C6, 0x08C6,
  0x08C6, 0x08C6, 0x08C6, 0x08C6, 0x08C6, 0x08C6, 0x1168, 0x21CA, 0x0907, 0x1169, 0x198A, 0x19CB, 0x19AA, 0x21CB, 0x21EC, 0x220C,
  0x222D, 0x2A0D, 0x2A0D, 0x2A2D, 0x2A2D, 0x2A4D, 0x2A4D, 0x2A4D, 0x2A4D, 0x2A4D, 0x2A4E, 0x2A4E, 0x2A6E, 0x2A8F, 0x32AF, 0x32B0,
  0x32AF, 0x328F, 0x328F, 0x328F, 0x328F, 0x328F, 0x2A2D, 0x220C, 0x21EC, 0x21EC, 0x21EC, 0x21EB, 0x220C, 0x2A4D, 0x2A6E, 0x2A2D,
  0x2A2D, 0x2A4D, 0x2A6E, 0x32D0, 0x3AF0, 0x32D0, 0x4352, 0x4B93, 0x4373, 0x4B93, 0x4B93, 0x4B93, 0x4B93, 0x3B11, 0x222D, 0x220C,
  0x2A2D, 0x220C, 0x21EB, 0x21CB, 0x21EC, 0x220C, 0x21CB, 0x21CA, 0x21EB, 0x2A2C, 0x2A2D, 0x21EC, 0x21EB, 0x21EB, 0x21EB, 0x21CB,
  0x21CB, 0x21CB, 0x21EB, 0x21CB, 0x21CB, 0x21CA, 0x19AA, 0x21AA, 0x21CB, 0x21CB, 0x21EB, 0x21EB, 0x21CB, 0x1989, 0x1989, 0x21CA,
  0x1989, 0x1989, 0x1989, 0x1989, 0x1969, 0x1148, 0x08E6, 0x08E6, 0x08E6, 0x08E6, 0x08E6, 0x08C6, 0x08C5, 0x08C6, 0x08E6, 0x1106,
  0x08E6, 0x1107, 0x1107, 0x08E6, 0x1107, 0x1127, 0x1127, 0x1948, 0x1148, 0x1948, 0x1948, 0x1948, 0x1948, 0x1127, 0x1106, 0x1107,
  0x1107, 0x1107, 0x08E6, 0x08E6, 0x1148, 0x1968, 0x1969, 0x1989, 0x1968, 0x1148, 0x1968, 0x1968, 0x1148, 0x1968, 0x1969, 0x1969,
  0x00A5, 0x08C6, 0x00A5, 0x0084, 0x00A5, 0x08A5, 0x08C5, 0x08A5, 0x08C5, 0x08C5, 0x08C5, 0x08C5, 0x08C6, 0x08C5, 0x08A5, 0x08A5,
  0x08A5, 0x08C5, 0x08E6, 0x08E6, 0x08E6, 0x08E6, 0x08C5, 0x08A5, 0x08A5, 0x00A5, 0x08A5, 0x08A5, 0x08A5, 0x08A5, 0x08C5, 0x08E6,
  0x08E6, 0x08E6, 0x08E6, 0x0906, 0x1128, 0x1128, 0x1128, 0x1148, 0x1148, 0x1969, 0x1989, 0x1989, 0x198A, 0x1989, 0x1969, 0x1989,
  0x19AA, 0x1989, 0x1989, 0x1989, 0x1148, 0x1148, 0x1148, 0x1127, 0x08E6, 0x08C6, 0x08C6, 0x08C6, 0x08A6, 0x08C5, 0x08C5, 0x08E6,
  0x08E6, 0x08E6, 0x08E6, 0x08E6, 0x08E6, 0x08E6, 0x08C6, 0x08C6, 0x08C5, 0x08A6, 0x08A5, 0x08A5, 0x08A6, 0x08C6, 0x08C6, 0x08C5,
  0x08C5, 0x08C6, 0x08C5, 0x08C5, 0x08C6, 0x08C5, 0x08C5, 0x08C5, 0x08C5, 0x08C6, 0x08C5, 0x08C5, 0x08C6, 0x08E6, 0x08E6, 0x08C6,
  0x08C6, 0x08C6, 0x08E6, 0x08E6, 0x08C6, 0x08C6, 0x08C6, 0x08C6, 0x0907, 0x0907, 0x0907, 0x1128, 0x0907, 0x198A, 0x2A0C, 0x2A0C,
  0x21CB, 0x2A2D, 0x2A4D, 0x2A4D, 0x2A4D, 0x2A4E, 0x2A4E, 0x2A6E, 0x2A6E, 0x2A6E, 0x2A6E, 0x328E, 0x2A2D, 0x2A2D, 0x2A4D, 0x2A4E,
  0x328F, 0x2A6E, 0x2A6E, 0x2A2D, 0x2A2D, 0x2A2D, 0x21EB, 0x220C, 0x2A2D, 0x220C, 0x220C, 0x2A2D, 0x2A2D, 0x2A2D, 0x2A4D, 0x2A2D,
  0x2A4D, 0x2A6E, 0x326E, 0x328F, 0x328F, 0x328E, 0x328F, 0x3AF0, 0x32D0, 0x3AD0, 0x3AF0, 0x4352, 0x3B11, 0x222D, 0x2A2C, 0x2A2C,
  0x2A4D, 0x2A4D, 0x2A0C, 0x2A0C, 0x21EB, 0x21CB, 0x21CB, 0x21EB, 0x2A0C, 0x2A2C, 0x2A0C, 0x21EC, 0x2A0C, 0x2A0C, 0x21EB, 0x21EB,
  0x21CB, 0x21CB, 0x21EB, 0x21EB, 0x21EB, 0x21EB, 0x21CB, 0x21CB, 0x21EB, 0x220B, 0x19AA, 0x1989, 0x19A9, 0x1989, 0x19A9, 0x1989,
  0x1989, 0x19A9, 0x19A9, 0x1989, 0x1989, 0x1948, 0x10E6, 0x08E6, 0x08E6, 0x08E6, 0x08E6, 0x08E6, 0x08E6, 0x08E6, 0x1107, 0x1107,
  0x1127, 0x1127, 0x1107, 0x1107, 0x1107, 0x1127, 0x1148, 0x1968, 0x1968, 0x1968, 0x1989, 0x1989, 0x1989, 0x1968, 0x1948, 0x1127,
  0x1127, 0x08E6, 0x08E6, 0x1107, 0x1148, 0x1948, 0x1948, 0x1968, 0x1968, 0x1969, 0x1989, 0x1968, 0x1968, 0x1989, 0x1989, 0x1989,
  0x00A5, 0x08C5, 0x00A5, 0x0085, 0x0085, 0x08A5, 0x08C5, 0x08A5, 0x08A5, 0x08C5, 0x08C5, 0x08C5, 0x08C5, 0x08C5, 0x08C5, 0x08C5,
  0x08C5, 0x08C6, 0x10E6, 0x10E7, 0x08E6, 0x10E6, 0x08C6, 0x08A5, 0x08A5, 0x08A5, 0x08A5, 0x08A5, 0x08A5, 0x08A5, 0x08C5, 0x08C6,
  0x08E6, 0x08E6, 0x08E6, 0x08E6, 0x1128, 0x1168, 0x1148, 0x1148, 0x1169, 0x1989, 0x198A, 0x19AA, 0x1989, 0x198A, 0x1989, 0x198A,
  0x21CB, 0x21CB, 0x19AA, 0x198A, 0x1168, 0x1148, 0x1127, 0x1107, 0x08E6, 0x08C5, 0x08C5, 0x08A5, 0x08A5, 0x08A5, 0x08A5, 0x08C6,
  0x08E6, 0x08E6, 0x08C6, 0x08E6, 0x08E6, 0x08E6, 0x08E6, 0x08C6, 0x08C6, 0x08C5, 0x08C5, 0x08A5, 0x08A6, 0x08C5, 0x08A6, 0x08C6,
  0x08C6, 0x08C6, 0x08C6, 0x08C6, 0x08C6, 0x08C5, 0x08C6, 0x08C6, 0x08C6, 0x08C6, 0x08C6, 0x08C6, 0x08C6, 0x08C6, 0x08C6, 0x08C6,
  0x08C6, 0x08C6, 0x08E6, 0x08E6, 0x08E6, 0x08E6, 0x08E6, 0x08E6, 0x08E6, 0x0907, 0x1107, 0x0907, 0x08E7, 0x1107, 0x1148, 0x1128,
  0x1107, 0x19AA, 0x328F, 0x326E, 0x2A6E, 0x2A6E, 0x2A6E, 0x2A6E, 0x328F, 0x32AF, 0x32AF, 0x2A4D, 0x21EB, 0x21CB, 0x21CB, 0x220C,
  0x2A4E, 0x2A4E, 0x2A2D, 0x222D, 0x2A4D, 0x2A2D, 0x21EC, 0x2A2C, 0x2A2D, 0x2A2D, 0x2A4D, 0x2A2D, 0x2A2C, 0x2A4E, 0x328E, 0x326E,
  0x2A4E, 0x2A6E, 0x2A6E, 0x326E, 0x328E, 0x2A6E, 0x328F, 0x328F, 0x326E, 0x2A4D, 0x2A2D, 0x2A4E, 0x2A6E, 0x326E, 0x2A4E, 0x2A4D,
  0x2A4D, 0x2A4D, 0x21EC, 0x21EB, 0x21EB, 0x21EB, 0x220B, 0x220C, 0x2A0C, 0x2A0C, 0x21EC, 0x2A0C, 0x2A0C, 0x2A0C, 0x2A0C, 0x21EB,
  0x21EB, 0x220C, 0x2A0C, 0x2A2C, 0x2A2D, 0x2A0C, 0x21EC, 0x2A0C, 0x2A2C, 0x2A0C, 0x1989, 0x1989, 0x19A9, 0x21AA, 0x21AA, 0x21AA,
  0x1989, 0x19AA, 0x21AA, 0x21AA, 0x1989, 0x1968, 0x1127, 0x08E6, 0x08E6, 0x0906, 0x1107, 0x1107, 0x1107, 0x1107, 0x1127, 0x1127,
  0x1127, 0x1128, 0x1127, 0x1127, 0x1106, 0x1107, 0x1127, 0x1128, 0x1968, 0x1989, 0x19AA, 0x19CA, 0x21CA, 0x19A9, 0x1989, 0x1948,
  0x1948, 0x1127, 0x1127, 0x1127, 0x1148, 0x1948, 0x1948, 0x1968, 0x1968, 0x1989, 0x1989, 0x1989, 0x1989, 0x21AA, 0x21AA, 0x21AA,
  0x0084, 0x08A5, 0x0885, 0x0085, 0x0085, 0x08A5, 0x08A5, 0x08A5, 0x08C5, 0x08C5, 0x08C6, 0x08C5, 0x08C5, 0x08C5, 0x08C5, 0x08C5,
  0x08C5, 0x08E6, 0x1107, 0x10E6, 0x08E6, 0x10E6, 0x08C5, 0x08A5, 0x08A5, 0x08A5, 0x08A5, 0x08A5, 0x08A5, 0x08A5, 0x08C5, 0x08C6,
  0x08C6, 0x08C6, 0x08E6, 0x08C6, 0x1148, 0x1989, 0x1969, 0x1969, 0x198A, 0x19AA, 0x21CA, 0x21EB, 0x21CA, 0x21AA, 0x21CB, 0x21EB,
  0x220B, 0x21EB, 0x21CB, 0x198A, 0x1148, 0x1148, 0x1127, 0x0907, 0x08E6, 0x08C6, 0x08C5, 0x08C5, 0x08A5, 0x08A5, 0x08C6, 0x08C6,
  0x08E6, 0x08E6, 0x08E6, 0x08C6, 0x08C6, 0x08C6, 0x08C5, 0x08C5, 0x08A5, 0x08C5, 0x08C5, 0x08C6, 0x08C5, 0x08C5, 0x08C5, 0x08C5,
  0x08A5, 0x08C6, 0x08C6, 0x08C6, 0x08C6, 0x08C6, 0x08C6, 0x08C6, 0x08C6, 0x08C6, 0x08C6, 0x08C6, 0x08C6, 0x08C6, 0x08E6, 0x08E6,
  0x08C6, 0x08C6, 0x08C6, 0x08C6, 0x08E6, 0x08E6, 0x08E7, 0x08E7, 0x08E6, 0x08E6, 0x0907, 0x0907, 0x1107, 0x0907, 0x0907, 0x1107,
  0x1107, 0x1148, 0x21CB, 0x2A4E, 0x328F, 0x2A6E, 0x2A2C, 0x328E, 0x2A4D, 0x220C, 0x220C, 0x21EC, 0x2A2C, 0x2A4D, 0x2A2D, 0x2A6E,
  0x326E, 0x2A4D, 0x2A4D, 0x2A4E, 0x2A4D, 0x2A2D, 0x2A4D, 0x2A4D, 0x2A2D, 0x2A4D, 0x2A4D, 0x220C, 0x2A2D, 0x326E, 0x2A6E, 0x326E,
  0x326E, 0x2A6E, 0x2A4D, 0x2A4D, 0x220C, 0x220C, 0x2A2D, 0x2A2D, 0x2A0C, 0x2A2C, 0x2A4D, 0x326E, 0x328E, 0x326E, 0x2A2D, 0x2A2D,
  0x2A4D, 0x2A2D, 0x21EB, 0x21EB, 0x21EB, 0x21EB, 0x220C, 0x2A0C, 0x2A2C, 0x2A0C, 0x2A0C, 0x2A0C, 0x2A2C, 0x2A2C, 0x2A2D, 0x2A2C,
  0x2A2C, 0x2A4D, 0x2A4D, 0x2A6D, 0x2A4D, 0x2A2C, 0x2A0C, 0x2A4D, 0x2A2C, 0x19AA, 0x1989, 0x1989, 0x19A9, 0x19A9, 0x21AA, 0x21AA,
  0x1989, 0x19AA, 0x21AA, 0x21A9, 0x21A9, 0x1989, 0x1948, 0x1127, 0x1127, 0x1127, 0x1148, 0x1148, 0x1148, 0x1948, 0x1968, 0x1127,
  0x1127, 0x1128, 0x1128, 0x1127, 0x1107, 0x1107, 0x1127, 0x1128, 0x1948, 0x1989, 0x19A9, 0x21AA, 0x19CA, 0x21AA, 0x21AA, 0x1989,
  0x1968, 0x1148, 0x1148, 0x1148, 0x1148, 0x1968, 0x1968, 0x1968, 0x1989, 0x1989, 0x19A9, 0x19AA, 0x21AA, 0x21CA, 0x21CA, 0x21CA,
  0x00A4, 0x0084, 0x0085, 0x0885, 0x0085, 0x08A5, 0x08C5, 0x08A5, 0x08C5, 0x08C6, 0x08C6, 0x08C6, 0x08C5, 0x08A5, 0x08C5, 0x08C6,
  0x08C6, 0x08E6, 0x1107, 0x1107, 0x1107, 0x1106, 0x08C6, 0x08A5, 0x08A5, 0x08C5, 0x08C6, 0x08C6, 0x08C6, 0x08C5, 0x08C5, 0x08C6,
  0x08C6, 0x08C6, 0x08E6, 0x08C6, 0x1128, 0x19AA, 0x198A, 0x19AA, 0x19AA, 0x21CB, 0x21EB, 0x2A0C, 0x2A0C, 0x21EB, 0x21EB, 0x220B,
  0x220C, 0x2A0C, 0x2A2C, 0x21EB, 0x1989, 0x1148, 0x1148, 0x1107, 0x0907, 0x08E6, 0x08E6, 0x08E6, 0x08E6, 0x08E6, 0x08E6, 0x08E6,
  0x08E6, 0x08E6, 0x0906, 0x0906, 0x08E6, 0x08C6, 0x08C6, 0x08C5, 0x08C5, 0x08C5, 0x08A5, 0x08A6, 0x08C5, 0x08C5, 0x08C5, 0x08C5,
  0x08C6, 0x08C6, 0x08C6, 0x08C6, 0x08C6, 0x08C6, 0x08E6, 0x08E6, 0x08E6, 0x08C6, 0x08C6, 0x08E6, 0x08E6, 0x08E6, 0x08E6, 0x08E6,
  0x0907, 0x08E7, 0x08E6, 0x08E6, 0x08C6, 0x08E6, 0x08E6, 0x08E6, 0x0907, 0x0907, 0x08E7, 0x1107, 0x1107, 0x1127, 0x1127, 0x1128,
  0x1128, 0x1148, 0x1969, 0x198A, 0x21EB, 0x19AA, 0x1169, 0x19AA, 0x1969, 0x1169, 0x1169, 0x1969, 0x19AA, 0x2A0C, 0x328E, 0x326E,
  0x2A6E, 0x2A6E, 0x2A4E, 0x2A6E, 0x2A4E, 0x2A4E, 0x2A4D, 0x2A2C, 0x2A2D, 0x2A4D, 0x2A4D, 0x2A4D, 0x2A4D, 0x2A2D, 0x2A4E, 0x326E,
  0x2A2D, 0x2A0C, 0x220C, 0x21EB, 0x21CB, 0x21CB, 0x21EC, 0x2A0C, 0x2A0C, 0x2A2C, 0x324E, 0x328E, 0x326E, 0x2A4D, 0x2A2D, 0x2A2D,
  0x2A2C, 0x2A2C, 0x21EC, 0x21EB, 0x21EB, 0x21EB, 0x2A0C, 0x2A0C, 0x2A2D, 0x2A4D, 0x2A4D, 0x2A4D, 0x2A4D, 0x2A4D, 0x2A4D, 0x2A4D,
  0x2A4D, 0x2A6D, 0x326E, 0x328E, 0x326E, 0x2A4D, 0x2A4D, 0x2A6E, 0x2A4D, 0x21CA, 0x19AA, 0x19A9, 0x21A9, 0x21AA, 0x21AA, 0x21CA,
  0x21CA, 0x21CA, 0x21CA, 0x21AA, 0x21AA, 0x19A9, 0x1968, 0x1948, 0x1948, 0x1968, 0x1968, 0x1968, 0x1968, 0x1989, 0x1968, 0x1148,
  0x1148, 0x1128, 0x1127, 0x1127, 0x1127, 0x1148, 0x1989, 0x1969, 0x1948, 0x1969, 0x19A9, 0x19A9, 0x21CA, 0x21CA, 0x21CA, 0x21AA,
  0x1989, 0x1968, 0x1968, 0x1968, 0x1969, 0x1989, 0x1989, 0x1989, 0x19A9, 0x21AA, 0x21AA, 0x21EA, 0x21EB, 0x21EB, 0x21CB, 0x21CB,
  0x00A4, 0x00A4, 0x0084, 0x0085, 0x0085, 0x0084, 0x08A5, 0x08C5, 0x08A5, 0x08C6, 0x10E6, 0x08E6, 0x08C5, 0x08A5, 0x08C5, 0x08E6,
  0x08C5, 0x08E6, 0x1107, 0x1127, 0x1127, 0x1107, 0x10E7, 0x08C6, 0x08C5, 0x08C6, 0x08E6, 0x10E6, 0x10E6, 0x08E6, 0x08C5, 0x08C6,
  0x08C6, 0x08C6, 0x08E6, 0x08C6, 0x08E6, 0x19AA, 0x19AA, 0x21AA, 0x21CB, 0x21CB, 0x21EB, 0x220B, 0x21EB, 0x21CB, 0x21CB, 0x21EB,
  0x2A0C, 0x2A4D, 0x324D, 0x2A0C, 0x21CA, 0x1968, 0x1148, 0x1128, 0x1128, 0x1148, 0x1148, 0x1127, 0x1107, 0x1127, 0x1127, 0x1107,
  0x0907, 0x1107, 0x1127, 0x1107, 0x0907, 0x08E6, 0x08C6, 0x08C6, 0x08C5, 0x08A5, 0x08A5, 0x08C5, 0x08C6, 0x08C5, 0x08C5, 0x08C6,
  0x08C6, 0x08C6, 0x08C6, 0x08E6, 0x08E6, 0x08E6, 0x08E6, 0x08E6, 0x08E6, 0x08E6, 0x08E6, 0x08E6, 0x08E6, 0x08E7, 0x1107, 0x0907,
  0x0907, 0x0907, 0x08E6, 0x0906, 0x08E6, 0x08E6, 0x08E6, 0x08E6, 0x08E6, 0x0907, 0x1127, 0x1107, 0x1107, 0x1127, 0x1148, 0x1148,
  0x1148, 0x1969, 0x19AA, 0x19AA, 0x1989, 0x1969, 0x1989, 0x1969, 0x1969, 0x1969, 0x1969, 0x1969, 0x1969, 0x198A, 0x220C, 0x2A0C,
  0x21EC, 0x21EC, 0x21EB, 0x2A2D, 0x2A4D, 0x2A4E, 0x2A4D, 0x2A2C, 0x2A2D, 0x2A4D, 0x2A4E, 0x2A4E, 0x2A4D, 0x2A4E, 0x326E, 0x2A2D,
  0x21EC, 0x21EC, 0x21EB, 0x21CB, 0x21CB, 0x21EB, 0x2A0C, 0x2A0C, 0x2A0C, 0x2A2D, 0x2A4D, 0x326E, 0x326E, 0x324D, 0x2A2D, 0x2A2D,
  0x2A2D, 0x2A2D, 0x2A0C, 0x220C, 0x220C, 0x220C, 0x2A2C, 0x2A2D, 0x326E, 0x326E, 0x326D, 0x2A6E, 0x326E, 0x326E, 0x2A6E, 0x2A4D,
  0x2A6E, 0x326E, 0x328E, 0x328E, 0x2A2C, 0x2A4D, 0x2A4D, 0x2A4D, 0x2A2D, 0x21EB, 0x19AA, 0x1989, 0x19A9, 0x21AA, 0x21CA, 0x21CA,
  0x21CB, 0x21CB, 0x21EB, 0x21CB, 0x21CA, 0x21AA, 0x1989, 0x1969, 0x1989, 0x1989, 0x1969, 0x1968, 0x1968, 0x1989, 0x1968, 0x1968,
  0x1148, 0x1948, 0x1948, 0x1948, 0x1148, 0x1969, 0x1989, 0x19AA, 0x19AA, 0x1989, 0x21AA, 0x21CA, 0x21EA, 0x21EA, 0x21EB, 0x21CB,
  0x19CA, 0x19A9, 0x1989, 0x1989, 0x1989, 0x19A9, 0x19AA, 0x21CA, 0x21CA, 0x21CB, 0x21EB, 0x220B, 0x220B, 0x220B, 0x29EB, 0x21AA,
  0x0884, 0x08A4, 0x00A4, 0x0084, 0x0085, 0x0085, 0x08A5, 0x08A5, 0x08A5, 0x08C6, 0x10E6, 0x08C5, 0x08A5, 0x08A5, 0x08C5, 0x08C6,
  0x08A5, 0x08C6, 0x1107, 0x1107, 0x1127, 0x1127, 0x1107, 0x08C6, 0x08C6, 0x08E6, 0x1107, 0x1107, 0x1107, 0x10E6, 0x08C6, 0x08C6,
  0x08C6, 0x08C6, 0x08C5, 0x08C5, 0x08E6, 0x21CB, 0x220B, 0x21EB, 0x21EB, 0x21CB, 0x21CB, 0x21EB, 0x21AA, 0x21CB, 0x21EB, 0x21EB,
  0x21EB, 0x2A4D, 0x326D, 0x2A2C, 0x21EB, 0x1989, 0x1948, 0x1148, 0x1148, 0x1148, 0x1969, 0x1969, 0x1149, 0x1969, 0x1968, 0x1147,
  0x1128, 0x1148, 0x1127, 0x1127, 0x1107, 0x08E6, 0x08C6, 0x08C6, 0x08C6, 0x08C5, 0x08C5, 0x08C6, 0x08C6, 0x08C6, 0x08C6, 0x08C6,
  0x08C6, 0x08E6, 0x0907, 0x1107, 0x1107, 0x0907, 0x0907, 0x0907, 0x1107, 0x1107, 0x0907, 0x08E7, 0x0907, 0x0907, 0x1107, 0x1107,
  0x1107, 0x0907, 0x0907, 0x0907, 0x08E6, 0x0907, 0x0906, 0x08E6, 0x08E6, 0x08E6, 0x0907, 0x1127, 0x1127, 0x1127, 0x1148, 0x1969,
  0x1989, 0x1989, 0x19AA, 0x19AA, 0x19AA, 0x19AA, 0x198A, 0x198A, 0x1969, 0x1969, 0x1969, 0x1969, 0x198A, 0x19AA, 0x21CB, 0x21CB,
  0x21CB, 0x21CB, 0x21EB, 0x21EB, 0x220C, 0x220C, 0x220C, 0x2A2C, 0x2A2D, 0x2A4D, 0x326E, 0x2A4E, 0x2A4D, 0x2A4D, 0x2A2D, 0x21EC,
  0x21EC, 0x21EC, 0x21EB, 0x21CB, 0x21EB, 0x29EC, 0x2A0C, 0x2A0C, 0x2A2C, 0x2A4D, 0x2A4D, 0x326E, 0x326E, 0x326D, 0x2A4D, 0x324D,
  0x326D, 0x324D, 0x2A4D, 0x2A4D, 0x2A4D, 0x2A6E, 0x326E, 0x328E, 0x328F, 0x328F, 0x328E, 0x328F, 0x32AF, 0x328E, 0x2A6E, 0x326E,
  0x328E, 0x326D, 0x220C, 0x21CA, 0x19AA, 0x21AA, 0x21CA, 0x21EB, 0x21CA, 0x21CA, 0x19A9, 0x1989, 0x19A9, 0x21CA, 0x21CA, 0x21CB,
  0x21CB, 0x21CB, 0x21EB, 0x21EB, 0x21CB, 0x21CA, 0x21AA, 0x19A9, 0x1989, 0x1989, 0x1968, 0x1968, 0x1989, 0x1968, 0x1168, 0x1968,
  0x1968, 0x1989, 0x1989, 0x1989, 0x1989, 0x1968, 0x1989, 0x21CA, 0x21EB, 0x21EB, 0x21EB, 0x21EB, 0x2A0B, 0x2A0B, 0x29EB, 0x21EB,
  0x21CA, 0x21CA, 0x19AA, 0x1989, 0x19AA, 0x21CA, 0x21CA, 0x21CB, 0x220B, 0x2A0C, 0x2A0B, 0x21CB, 0x21EB, 0x21CA, 0x1127, 0x0085,
  0x0884, 0x0884, 0x00A4, 0x00A4, 0x0085, 0x0084, 0x08A5, 0x08C5, 0x08A5, 0x08C6, 0x08C5, 0x08A5, 0x08A5, 0x08A5, 0x08A5, 0x08A5,
  0x08A5, 0x10E6, 0x1107, 0x1107, 0x1107, 0x1107, 0x1107, 0x08E6, 0x08C6, 0x08E6, 0x1106, 0x1107, 0x1107, 0x10E6, 0x08E6, 0x08C6,
  0x08C6, 0x08C6, 0x08C6, 0x08E6, 0x10E6, 0x1948, 0x21AA, 0x2A2C, 0x2A0C, 0x21EB, 0x21CB, 0x21CB, 0x21CA, 0x21CA, 0x21CB, 0x21CB,
  0x21EB, 0x2A4C, 0x324D, 0x2A2C, 0x2A0C, 0x21AA, 0x1989, 0x1969, 0x1968, 0x1148, 0x1969, 0x19AA, 0x19AA, 0x19AA, 0x1989, 0x1968,
  0x1969, 0x1148, 0x1127, 0x1127, 0x1107, 0x08E6, 0x08E6, 0x08C6, 0x08C6, 0x08C6, 0x08C6, 0x08C6, 0x08E6, 0x08E6, 0x08E6, 0x08E6,
  0x08E6, 0x0907, 0x1107, 0x0907, 0x1127, 0x1127, 0x1127, 0x1127, 0x1127, 0x1127, 0x1107, 0x1107, 0x0907, 0x0907, 0x1127, 0x1127,
  0x1127, 0x0907, 0x0907, 0x0907, 0x0907, 0x0907, 0x0907, 0x08E7, 0x08E7, 0x1107, 0x1107, 0x1107, 0x1148, 0x1148, 0x1148, 0x1148,
  0x1969, 0x1169, 0x1969, 0x19AA, 0x1989, 0x1969, 0x1989, 0x19AA, 0x198A, 0x1969, 0x1969, 0x1989, 0x19AA, 0x21AA, 0x21CB, 0x21EB,
  0x21EB, 0x21CB, 0x21EB, 0x21EB, 0x21EB, 0x21CA, 0x19AA, 0x21CB, 0x2A4D, 0x2A4D, 0x2A4D, 0x2A2C, 0x2A0C, 0x2A0C, 0x2A0C, 0x2A0C,
  0x21EC, 0x21EC, 0x21EB, 0x2A0C, 0x2A0C, 0x29EC, 0x2A0C, 0x2A2D, 0x2A2D, 0x2A2C, 0x2A2D, 0x326E, 0x326E, 0x2A4D, 0x326E, 0x328E,
  0x328F, 0x328E, 0x326E, 0x326E, 0x328E, 0x32AF, 0x32AF, 0x32AF, 0x32AF, 0x328F, 0x32AF, 0x32AF, 0x32AF, 0x328F, 0x328E, 0x328E,
  0x2A0C, 0x19AA, 0x21AA, 0x19AA, 0x19A9, 0x19AA, 0x21AA, 0x21CA, 0x21CB, 0x21AA, 0x1989, 0x1989, 0x21AA, 0x21CA, 0x21CA, 0x21CA,
  0x21CA, 0x21AA, 0x21CA, 0x21CB, 0x21CB, 0x21CA, 0x19AA, 0x19AA, 0x19AA, 0x1989, 0x1989, 0x1989, 0x1989, 0x1969, 0x1948, 0x1968,
  0x1969, 0x1989, 0x1969, 0x19A9, 0x19AA, 0x1989, 0x21EB, 0x2A0C, 0x2A2C, 0x2A2C, 0x2A2C, 0x2A0C, 0x2A2C, 0x2A2C, 0x2A0C, 0x21EB,
  0x21CA, 0x21CA, 0x21CA, 0x21EB, 0x21EB, 0x21EB, 0x21EB, 0x2A0C, 0x21AA, 0x1127, 0x1107, 0x00A5, 0x08A5, 0x00A5, 0x0084, 0x0084,
  0x0884, 0x0884, 0x00A4, 0x00A4, 0x0084, 0x0084, 0x00A5, 0x08C5, 0x08C5, 0x08C5, 0x08A5, 0x08A5, 0x08A5, 0x08A5, 0x08A5, 0x08A5,
  0x08C5, 0x10E6, 0x1107, 0x1107, 0x1107, 0x10E7, 0x10E6, 0x10E6, 0x08C6, 0x08E6, 0x08E6, 0x08E6, 0x10E7, 0x10E6, 0x10E6, 0x08E6,
  0x08C6, 0x08C6, 0x08C6, 0x08E6, 0x08E6, 0x08E6, 0x1107, 0x21CA, 0x2A0C, 0x21EB, 0x1989, 0x1148, 0x19AA, 0x19AA, 0x19AA, 0x19AA,
  0x21CB, 0x2A0C, 0x2A2C, 0x2A2C, 0x2A0C, 0x21EB, 0x21CA, 0x21AA, 0x19AA, 0x1989, 0x19AA, 0x21CB, 0x21CA, 0x21AA, 0x19AA, 0x1989,
  0x1989, 0x1148, 0x1127, 0x1107, 0x1107, 0x1107, 0x08E6, 0x08E6, 0x08E6, 0x08E6, 0x08E6, 0x08E6, 0x08E6, 0x0907, 0x0907, 0x08E7,
  0x0907, 0x0907, 0x1127, 0x1128, 0x1148, 0x1148, 0x1148, 0x1148, 0x1148, 0x1148, 0x1128, 0x1127, 0x1107, 0x1127, 0x1127, 0x1127,
  0x1128, 0x1127, 0x1127, 0x1127, 0x1107, 0x1107, 0x1107, 0x1107, 0x0907, 0x0907, 0x1107, 0x1127, 0x1148, 0x1969, 0x1969, 0x1968,
  0x1968, 0x1148, 0x1148, 0x1969, 0x1969, 0x1969, 0x1969, 0x1989, 0x19AA, 0x19AA, 0x198A, 0x198A, 0x21AA, 0x21CB, 0x21CB, 0x21CB,
  0x21EB, 0x21EB, 0x21EB, 0x21EB, 0x21CB, 0x21CB, 0x21CB, 0x19AA, 0x220C, 0x2A2C, 0x2A0C, 0x2A4D, 0x2A4D, 0x2A2D, 0x2A2C, 0x2A0C,
  0x2A0C, 0x2A2D, 0x2A4D, 0x2A4D, 0x2A2D, 0x2A2D, 0x2A4D, 0x2A4D, 0x2A2D, 0x2A2D, 0x2A4D, 0x2A4D, 0x2A4D, 0x2A4D, 0x326E, 0x328E,
  0x32AF, 0x32AF, 0x32AF, 0x32AF, 0x328F, 0x328F, 0x328F, 0x328F, 0x328F, 0x328F, 0x328F, 0x32AF, 0x32AF, 0x328E, 0x324D, 0x2A0C,
  0x21CB, 0x21CA, 0x21CB, 0x21CA, 0x19AA, 0x19AA, 0x19AA, 0x21CA, 0x21CB, 0x21CA, 0x1989, 0x1989, 0x21A9, 0x19AA, 0x19AA, 0x21AA,
  0x21AA, 0x21AA, 0x21AA, 0x21AA, 0x21AA, 0x19AA, 0x19AA, 0x19AA, 0x21AA, 0x1989, 0x1989, 0x1989, 0x1989, 0x1969, 0x1969, 0x1989,
  0x1989, 0x1989, 0x1989, 0x21AA, 0x21CA, 0x21EB, 0x2A2C, 0x2A4C, 0x326D, 0x2A2C, 0x2A0C, 0x2A2C, 0x324D, 0x326D, 0x2A2C, 0x2A0C,
  0x220B, 0x220B, 0x220B, 0x21EB, 0x21EB, 0x2A0C, 0x21EB, 0x1107, 0x0084, 0x0064, 0x0084, 0x0084, 0x0085, 0x0084, 0x08A4, 0x0084,
  0x0884, 0x0884, 0x08A4, 0x0884, 0x0084, 0x0084, 0x0084, 0x08A5, 0x08C5, 0x08C5, 0x08A5, 0x08A5, 0x08A5, 0x08A5, 0x08A5, 0x08A5,
  0x08A5, 0x08C5, 0x08E6, 0x1107, 0x10E6, 0x10E6, 0x08E6, 0x08E6, 0x08E6, 0x08C6, 0x08C6, 0x08C6, 0x08E6, 0x08E6, 0x08E6, 0x08E6,
  0x08C6, 0x08C6, 0x08C6, 0x08E6, 0x08E6, 0x1107, 0x1107, 0x0907, 0x1148, 0x1969, 0x1948, 0x08C6, 0x1968, 0x19AA, 0x1989, 0x19AA,
  0x19AA, 0x21CB, 0x220B, 0x2A0C, 0x2A0C, 0x2A0C, 0x21EB, 0x21EB, 0x21EB, 0x21CB, 0x19AA, 0x21EA, 0x21CB, 0x21CA, 0x21CB, 0x21CA,
  0x1989, 0x1148, 0x1127, 0x1127, 0x1127, 0x1127, 0x1127, 0x1107, 0x1127, 0x1127, 0x1127, 0x1128, 0x1127, 0x1107, 0x1107, 0x1107,
  0x1107, 0x1127, 0x1148, 0x1168, 0x1968, 0x1969, 0x1969, 0x1969, 0x1969, 0x1969, 0x1148, 0x1148, 0x1148, 0x1128, 0x1148, 0x1148,
  0x1148, 0x1148, 0x1148, 0x1148, 0x1128, 0x1127, 0x1127, 0x1127, 0x1107, 0x1127, 0x1127, 0x1148, 0x1168, 0x1989, 0x198A, 0x1989,
  0x1969, 0x1969, 0x1969, 0x1989, 0x198A, 0x1989, 0x1969, 0x1969, 0x1989, 0x19AA, 0x21CB, 0x21CB, 0x21CA, 0x21CB, 0x21CB, 0x21EB,
  0x21CB, 0x21EB, 0x21EB, 0x21CB, 0x21CB, 0x21CB, 0x21CB, 0x21EB, 0x21EB, 0x21EB, 0x2A0C, 0x2A2D, 0x2A6D, 0x324E, 0x326E, 0x326E,
  0x328E, 0x328F, 0x32AF, 0x326E, 0x2A4E, 0x326E, 0x326E, 0x2A4D, 0x2A4D, 0x2A4D, 0x2A4D, 0x2A4D, 0x2A4D, 0x2A6E, 0x2A8E, 0x328E,
  0x32AF, 0x32AF, 0x32AF, 0x32AF, 0x32AF, 0x328F, 0x328E, 0x328E, 0x328E, 0x2A4D, 0x21EB, 0x2A0C, 0x2A2C, 0x2A0C, 0x21EB, 0x21EB,
  0x2A0B, 0x21EB, 0x21CA, 0x21AA, 0x19A9, 0x19AA, 0x19AA, 0x21CA, 0x21CA, 0x21CB, 0x21CA, 0x19AA, 0x2189, 0x19A9, 0x19AA, 0x21CA,
  0x21CA, 0x21CA, 0x19AA, 0x21AA, 0x21CA, 0x19CA, 0x21CA, 0x21CA, 0x19A9, 0x1989, 0x21AA, 0x21CA, 0x19AA, 0x21AA, 0x21AA, 0x1989,
  0x1989, 0x198A, 0x21CA, 0x21EB, 0x21EB, 0x2A2C, 0x2A4D, 0x2A4C, 0x324D, 0x2A4C, 0x324D, 0x326D, 0x326E, 0x326E, 0x326D, 0x2A4D,
  0x2A2C, 0x2A2C, 0x2A0C, 0x2A0B, 0x2A2C, 0x2A0B, 0x08C5, 0x0064, 0x0085, 0x0885, 0x0085, 0x0085, 0x0884, 0x08A5, 0x0884, 0x0884,
  0x0885, 0x0884, 0x0884, 0x0884, 0x0084, 0x0084, 0x0084, 0x00A5, 0x08C5, 0x08C6, 0x08A5, 0x08A5, 0x08A5, 0x08A5, 0x08A5, 0x08A5,
  0x08A5, 0x08C5, 0x08C5, 0x10E6, 0x08E6, 0x10E6, 0x08C6, 0x10E6, 0x08E6, 0x08E6, 0x08E6, 0x08C6, 0x08C6, 0x08C6, 0x10E6, 0x08E6,
  0x08C5, 0x08C6, 0x10E6, 0x08E6, 0x1106, 0x1107, 0x1127, 0x1107, 0x08E6, 0x08E6, 0x08E6, 0x08E6, 0x1127, 0x19AA, 0x198A, 0x1989,
  0x1989, 0x198A, 0x21CA, 0x21EB, 0x21EB, 0x21EB, 0x2A0C, 0x2A0C, 0x2A0C, 0x21EB, 0x21CA, 0x21CA, 0x21CB, 0x21CB, 0x21CB, 0x21CA,
  0x1969, 0x1148, 0x1148, 0x1148, 0x1969, 0x1969, 0x1168, 0x1148, 0x1148, 0x1148, 0x1969, 0x1969, 0x1148, 0x1148, 0x1128, 0x1127,
  0x1148, 0x1148, 0x1168, 0x1969, 0x1989, 0x1969, 0x1989, 0x198A, 0x198A, 0x1989, 0x1969, 0x1168, 0x1148, 0x1148, 0x1148, 0x1969,
  0x1168, 0x1148, 0x1148, 0x1148, 0x1148, 0x1148, 0x1148, 0x1128, 0x1127, 0x1127, 0x1148, 0x1148, 0x1969, 0x1969, 0x198A, 0x19AA,
  0x1989, 0x198A, 0x19AA, 0x19AA, 0x19AA, 0x198A, 0x198A, 0x198A, 0x198A, 0x198A, 0x19AA, 0x21CB, 0x21CB, 0x21CB, 0x21CB, 0x220B,
  0x21EB, 0x21EB, 0x2A0C, 0x21EC, 0x21EB, 0x21EB, 0x21EB, 0x21EB, 0x220B, 0x2A0C, 0x2A0C, 0x2A0C, 0x2A4D, 0x32AF, 0x32AF, 0x328F,
  0x328E, 0x328F, 0x326E, 0x2A4E, 0x2A4D, 0x2A4D, 0x2A4D, 0x2A2D, 0x2A2D, 0x2A2D, 0x2A2D, 0x2A4D, 0x2A4E, 0x2A6E, 0x2A6E, 0x326E,
  0x328E, 0x32AF, 0x32AF, 0x32AF, 0x32AF, 0x328F, 0x32AF, 0x328E, 0x2A2C, 0x21EB, 0x21EB, 0x2A0B, 0x2A0C, 0x2A2C, 0x2A2C, 0x2A0C,
  0x21EB, 0x21CA, 0x21AA, 0x21AA, 0x21CA, 0x21CB, 0x21EB, 0x21EB, 0x21EB, 0x21EB, 0x21EB, 0x21EB, 0x21CB, 0x21CA, 0x21CA, 0x21CA,
  0x21CA, 0x21AA, 0x21AA, 0x21CA, 0x21CA, 0x21CA, 0x21CA, 0x21CA, 0x21CA, 0x21CA, 0x21CB, 0x21CB, 0x21CB, 0x21EB, 0x21CA, 0x21CA,
  0x21AA, 0x21AA, 0x21CB, 0x21EB, 0x2A0B, 0x2A2C, 0x2A4C, 0x2A4C, 0x324D, 0x326D, 0x326D, 0x326D, 0x328E, 0x3A8E, 0x328E, 0x326D,
  0x2A4C, 0x2A2C, 0x2A2C, 0x2A2C, 0x326D, 0x1127, 0x0064, 0x08A5, 0x0885, 0x0885, 0x0885, 0x0885, 0x0884, 0x0884, 0x0884, 0x0885,
  0x0884, 0x0884, 0x0884, 0x0884, 0x0084, 0x0084, 0x0084, 0x0084, 0x08C5, 0x08C5, 0x08A5, 0x08A5, 0x08A5, 0x08A5, 0x08A5, 0x08A5,
  0x08A5, 0x08C5, 0x08C5, 0x08E6, 0x10E6, 0x10E6, 0x10E6, 0x08E6, 0x08E6, 0x08C6, 0x08C6, 0x08E6, 0x10E6, 0x10E6, 0x10E6, 0x10E6,
  0x10E6, 0x10C6, 0x10E6, 0x10E6, 0x1106, 0x1107, 0x1127, 0x1107, 0x08E7, 0x08E6, 0x08E6, 0x1107, 0x10E7, 0x1989, 0x19AA, 0x198A,
  0x1989, 0x1989, 0x21AA, 0x19AA, 0x19AA, 0x21CB, 0x2A2C, 0x2A4D, 0x2A4D, 0x2A2C, 0x21EB, 0x21AA, 0x19AA, 0x21CB, 0x21CB, 0x21CA,
  0x19AA, 0x1989, 0x19AA, 0x19AA, 0x19AA, 0x198A, 0x1969, 0x1969, 0x1989, 0x1989, 0x198A, 0x1989, 0x1969, 0x1969, 0x1969, 0x1168,
  0x1168, 0x1969, 0x1989, 0x1989, 0x1989, 0x198A, 0x19AA, 0x19AA, 0x19AA, 0x19AA, 0x1989, 0x1989, 0x1169, 0x1969, 0x1969, 0x1969,
  0x1969, 0x1969, 0x1969, 0x1169, 0x1168, 0x1148, 0x1148, 0x1148, 0x1148, 0x1148, 0x1148, 0x1169, 0x1969, 0x1969, 0x1989, 0x19AA,
  0x19AA, 0x198A, 0x19AA, 0x19AA, 0x21AA, 0x19AA, 0x19AA, 0x19AA, 0x19AA, 0x19AA, 0x198A, 0x1989, 0x21CA, 0x21CB, 0x21EB, 0x21EB,
  0x2A0C, 0x2A0C, 0x2A0C, 0x2A2D, 0x2A2C, 0x2A0C, 0x2A0C, 0x2A0C, 0x2A0C, 0x2A0C, 0x2A0C, 0x2A2C, 0x2A2C, 0x326E, 0x32AF, 0x32AF,
  0x3AD0, 0x3AD0, 0x3ACF, 0x32AF, 0x32AF, 0x32AF, 0x328E, 0x326E, 0x326E, 0x326E, 0x328E, 0x328E, 0x328F, 0x32AF, 0x32AF, 0x32AF,
  0x32AF, 0x3ACF, 0x3AD0, 0x3AD0, 0x32CF, 0x3AF0, 0x328E, 0x21EB, 0x21CB, 0x21EB, 0x2A0C, 0x2A0C, 0x2A2C, 0x2A0C, 0x2A0C, 0x2A0C,
  0x220B, 0x21EB, 0x21EB, 0x21EB, 0x2A0B, 0x2A0C, 0x2A0B, 0x21EB, 0x21EB, 0x220B, 0x2A2C, 0x2A2C, 0x2A0C, 0x21EB, 0x21EB, 0x21EB,
  0x21EB, 0x21CA, 0x21AA, 0x21CA, 0x21EB, 0x21EB, 0x21EB, 0x2A2C, 0x2A0C, 0x21EB, 0x21EB, 0x29EB, 0x21CB, 0x19AA, 0x21AA, 0x21CA,
  0x21CB, 0x21AA, 0x21CA, 0x21EB, 0x29EB, 0x2A2C, 0x324D, 0x324D, 0x2A4C, 0x2A4D, 0x326D, 0x328E, 0x328E, 0x328E, 0x328E, 0x328E,
  0x326D, 0x324D, 0x324D, 0x324C, 0x1968, 0x0084, 0x08A5, 0x0084, 0x0884, 0x0884, 0x0884, 0x0884, 0x0884, 0x0885, 0x0884, 0x0885,
  0x0884, 0x0884, 0x0884, 0x0884, 0x0884, 0x0884, 0x0084, 0x0084, 0x00A5, 0x08A5, 0x08A5, 0x08A5, 0x08C5, 0x08A5, 0x08A5, 0x08C5,
  0x08C5, 0x08C5, 0x08C5, 0x08C6, 0x08E6, 0x10E6, 0x10E6, 0x08E6, 0x08C6, 0x08C6, 0x10E6, 0x10E6, 0x1107, 0x1107, 0x1107, 0x1107,
  0x1107, 0x10E6, 0x10E6, 0x1107, 0x1106, 0x1107, 0x1128, 0x1127, 0x1107, 0x1106, 0x1107, 0x1107, 0x10E7, 0x1148, 0x21AA, 0x1968,
  0x1127, 0x08C6, 0x08E6, 0x1989, 0x21EB, 0x21EB, 0x2A2C, 0x2A2D, 0x324D, 0x2A2C, 0x2A2C, 0x21EB, 0x21EB, 0x21EB, 0x21EB, 0x21EB,
  0x21EB, 0x21EB, 0x21EB, 0x21CB, 0x21CA, 0x19AA, 0x21AA, 0x21AA, 0x21CB, 0x21CB, 0x21CB, 0x21CA, 0x21AA, 0x19AA, 0x19AA, 0x198A,
  0x19AA, 0x19AA, 0x19AA, 0x19AA, 0x21CA, 0x21CA, 0x21CB, 0x21CB, 0x21CB, 0x21CB, 0x21AA, 0x19AA, 0x198A, 0x198A, 0x1989, 0x1989,
  0x198A, 0x198A, 0x1989, 0x1989, 0x1169, 0x1969, 0x1169, 0x1169, 0x1169, 0x1969, 0x1969, 0x1969, 0x1969, 0x1989, 0x1989, 0x1989,
  0x198A, 0x198A, 0x198A, 0x198A, 0x19AA, 0x21CA, 0x19AA, 0x19AA, 0x21AA, 0x21AA, 0x19AA, 0x1989, 0x19AA, 0x21EB, 0x2A0C, 0x2A2C,
  0x2A2D, 0x2A2D, 0x2A4E, 0x2A6E, 0x2A6E, 0x326E, 0x2A6E, 0x2A6D, 0x2A6D, 0x2A6E, 0x326E, 0x328F, 0x3AD0, 0x3B11, 0x4372, 0x4BB4,
  0x5C15, 0x5C36, 0x6436, 0x6456, 0x6456, 0x6476, 0x6C77, 0x6C77, 0x6C77, 0x6C77, 0x6C97, 0x6C97, 0x74B7, 0x74D7, 0x74D7, 0x74D7,
  0x7CD7, 0x7CF8, 0x7CF8, 0x7D18, 0x7CD8, 0x4B72, 0x21EB, 0x21CB, 0x21EB, 0x2A0C, 0x2A0C, 0x2A0C, 0x2A0C, 0x2A0B, 0x2A2C, 0x2A4C,
  0x2A4D, 0x2A2C, 0x2A0B, 0x2A0C, 0x2A2C, 0x2A0C, 0x21EB, 0x2A2C, 0x324D, 0x2A2C, 0x2A0C, 0x2A0C, 0x2A0B, 0x2A0C, 0x21EB, 0x2A0B,
  0x2A0C, 0x220B, 0x21EB, 0x21CB, 0x21EB, 0x21EB, 0x21EB, 0x21EB, 0x21EB, 0x2A0B, 0x2A0B, 0x21EB, 0x21EB, 0x21CA, 0x21CA, 0x21CA,
  0x21CB, 0x21CB, 0x21EB, 0x2A2C, 0x326D, 0x2A2C, 0x1148, 0x1969, 0x326D, 0x328D, 0x2A0C, 0x1989, 0x3AAE, 0x3AAE, 0x328E, 0x328E,
  0x3AAE, 0x3A8E, 0x21AA, 0x08C6, 0x0064, 0x0884, 0x0885, 0x0084, 0x0084, 0x0884, 0x0884, 0x0084, 0x0884, 0x0884, 0x0884, 0x0885,
  0x0885, 0x0884, 0x0884, 0x0884, 0x0884, 0x08A4, 0x0084, 0x0084, 0x0084, 0x08A4, 0x0084, 0x0084, 0x08A5, 0x08A4, 0x00A5, 0x08C5,
  0x08C5, 0x08A5, 0x0084, 0x08A5, 0x08E6, 0x08E6, 0x08C6, 0x08A5, 0x08C5, 0x08A5, 0x10E6, 0x08A5, 0x08C5, 0x1106, 0x08C6, 0x08A5,
  0x08E6, 0x10E6, 0x10E6, 0x1107, 0x1106, 0x1107, 0x1148, 0x1148, 0x1107, 0x1107, 0x1107, 0x1107, 0x1107, 0x08E6, 0x08C6, 0x0084,
  0x0084, 0x0064, 0x0064, 0x08C5, 0x1148, 0x2A0C, 0x2A2C, 0x2A2C, 0x2A2C, 0x2A2C, 0x2A4C, 0x2A0C, 0x19AA, 0x21EB, 0x324D, 0x2A4D,
  0x2A4D, 0x2A4D, 0x2A2D, 0x2A2C, 0x2A0C, 0x2A0C, 0x2A0C, 0x2A2C, 0x2A2C, 0x2A2C, 0x2A2C, 0x2A2C, 0x2A0C, 0x2A0C, 0x2A0C, 0x21EB,
  0x21EB, 0x21EB, 0x21EB, 0x21EB, 0x21EB, 0x21EB, 0x21EB, 0x21EB, 0x21EB, 0x21EB, 0x21EB, 0x19CA, 0x19AA, 0x21CA, 0x19CA, 0x19AA,
  0x19AA, 0x19AA, 0x19AA, 0x19AA, 0x19AA, 0x198A, 0x1989, 0x1989, 0x1989, 0x1989, 0x1989, 0x198A, 0x1989, 0x19A9, 0x19AA, 0x21CA,
  0x21CB, 0x21CB, 0x21CB, 0x21EB, 0x21EB, 0x21EC, 0x21EB, 0x21EB, 0x220C, 0x21EC, 0x220C, 0x2A0C, 0x2A4D, 0x2A6E, 0x326E, 0x328E,
  0x328F, 0x328F, 0x32B0, 0x3AD0, 0x3AF0, 0x3B11, 0x3B11, 0x3B11, 0x4332, 0x4352, 0x4373, 0x4BB4, 0x53F5, 0x5C36, 0x5415, 0x53F5,
  0x53F5, 0x5416, 0x5C36, 0x6456, 0x6456, 0x6497, 0x6C97, 0x6C97, 0x6C97, 0x6477, 0x6457, 0x6477, 0x74B7, 0x74D8, 0x74D8, 0x74D8,
  0x7D18, 0x8518, 0x7CF8, 0x6C96, 0x53D4, 0x328F, 0x2A6E, 0x2A6E, 0x2A6E, 0x328E, 0x326E, 0x2A6E, 0x2A4D, 0x2A4D, 0x326E, 0x328E,
  0x328E, 0x2A4D, 0x2A4D, 0x326D, 0x326D, 0x2A4D, 0x2A4D, 0x326E, 0x2A6D, 0x2A2D, 0x324D, 0x2A4D, 0x2A4D, 0x326D, 0x2A4D, 0x2A0C,
  0x2A0C, 0x220C, 0x21EB, 0x21EB, 0x220B, 0x2A2C, 0x2A2C, 0x220C, 0x2A4C, 0x2A4D, 0x2A0C, 0x2A2C, 0x2A4C, 0x21EB, 0x21EB, 0x2A0C,
  0x326D, 0x324D, 0x2A2C, 0x21AA, 0x1968, 0x08E6, 0x0064, 0x0084, 0x1127, 0x1948, 0x08E6, 0x0085, 0x1107, 0x1948, 0x1127, 0x1968,
  0x2A0C, 0x1969, 0x0064, 0x0084, 0x08A5, 0x0885, 0x08A5, 0x0884, 0x0884, 0x0884, 0x0884, 0x0884, 0x0884, 0x0884, 0x0884, 0x0085,
  0x0885, 0x0884, 0x0884, 0x0884, 0x0884, 0x0884, 0x0884, 0x08A4, 0x00A4, 0x0884, 0x0884, 0x0084, 0x00A4, 0x0084, 0x0084, 0x08A5,
  0x08A4, 0x0084, 0x0084, 0x0084, 0x08A5, 0x08A5, 0x00A4, 0x0084, 0x08A5, 0x0084, 0x08A5, 0x0084, 0x0084, 0x0885, 0x0084, 0x0084,
  0x08A5, 0x1107, 0x10E7, 0x1106, 0x1106, 0x1106, 0x1127, 0x1148, 0x1127, 0x1107, 0x1127, 0x1107, 0x08A5, 0x0084, 0x0084, 0x0084,
  0x0084, 0x0084, 0x0084, 0x0064, 0x00A5, 0x21CA, 0x2A2D, 0x2A2D, 0x2A4D, 0x2A4C, 0x1969, 0x08E6, 0x0084, 0x00A5, 0x0906, 0x1969,
  0x2A0B, 0x2A0B, 0x2A4D, 0x2A2C, 0x2A0C, 0x2A0C, 0x2A0C, 0x2A0C, 0x2A2C, 0x2A2C, 0x2A2C, 0x2A2C, 0x2A2C, 0x2A0C, 0x2A0C, 0x220C,
  0x220B, 0x21EB, 0x220C, 0x2A0C, 0x2A0C, 0x220C, 0x220C, 0x220C, 0x2A0C, 0x220C, 0x220C, 0x21EB, 0x21EB, 0x21EB, 0x21EB, 0x21EB,
  0x21EB, 0x21EB, 0x21EB, 0x21EB, 0x21EB, 0x21CB, 0x21CB, 0x21CB, 0x21CB, 0x21EB, 0x21EB, 0x21EB, 0x21EB, 0x21EB, 0x220C, 0x2A0C,
  0x2A2C, 0x2A2D, 0x2A4D, 0x2A4D, 0x2A6E, 0x326E, 0x2A6E, 0x2A6E, 0x326E, 0x328E, 0x328E, 0x328F, 0x32AF, 0x32AF, 0x32AF, 0x32AF,
  0x32AF, 0x32D0, 0x3AD0, 0x3AF1, 0x3B11, 0x3B11, 0x4332, 0x4331, 0x4332, 0x4352, 0x4352, 0x4373, 0x4B93, 0x4BB4, 0x4393, 0x4393,
  0x4BB4, 0x4BB4, 0x53F5, 0x53F5, 0x53F5, 0x5C36, 0x6456, 0x5C15, 0x5C15, 0x5C16, 0x5415, 0x5C56, 0x5C36, 0x5C36, 0x6477, 0x6C97,
  0x74B7, 0x74D7, 0x7CF8, 0x74F8, 0x74D7, 0x74B7, 0x6C97, 0x6C76, 0x6415, 0x53D4, 0x4B93, 0x4311, 0x32D0, 0x3AD0, 0x3AF0, 0x3AD0,
  0x32CF, 0x32AF, 0x32D0, 0x3AD0, 0x32D0, 0x3AD0, 0x3AAF, 0x3AAF, 0x32AF, 0x32AF, 0x3ACF, 0x3AD0, 0x3AD0, 0x3AD0, 0x32AF, 0x328F,
  0x328E, 0x328E, 0x328E, 0x326E, 0x328E, 0x328F, 0x328E, 0x328E, 0x32AF, 0x328F, 0x328E, 0x328F, 0x328E, 0x2A6E, 0x32AF, 0x3ACF,
  0x326D, 0x1989, 0x08C6, 0x0084, 0x0064, 0x0084, 0x0885, 0x0084, 0x0064, 0x0064, 0x0084, 0x0084, 0x0064, 0x0064, 0x0064, 0x0084,
  0x0084, 0x0084, 0x0884, 0x0885, 0x0885, 0x0885, 0x0084, 0x08A5, 0x0885, 0x0884, 0x0884, 0x0884, 0x0884, 0x0884, 0x0884, 0x0885,
  0x0885, 0x0884, 0x0884, 0x0884, 0x0884, 0x0884, 0x0884, 0x08A4, 0x00A4, 0x0884, 0x00A4, 0x0884, 0x00A4, 0x00A4, 0x0084, 0x0884,
  0x0084, 0x0884, 0x0084, 0x00A4, 0x0084, 0x0084, 0x0084, 0x0084, 0x0084, 0x0084, 0x0084, 0x0084, 0x0084, 0x0084, 0x0084, 0x0884,
  0x0884, 0x08E6, 0x1107, 0x1107, 0x1106, 0x1107, 0x1127, 0x1148, 0x1107, 0x1107, 0x10E6, 0x08A5, 0x0084, 0x0884, 0x0884, 0x0084,
  0x0084, 0x0084, 0x0084, 0x0884, 0x0084, 0x0085, 0x1969, 0x2A4D, 0x21EB, 0x1127, 0x0064, 0x0084, 0x0884, 0x0084, 0x0064, 0x0084,
  0x00A5, 0x00A5, 0x1989, 0x326D, 0x2A4D, 0x2A4D, 0x2A4D, 0x2A4D, 0x2A4D, 0x2A4D, 0x2A4D, 0x2A4D, 0x2A4D, 0x2A4D, 0x2A4D, 0x2A4D,
  0x2A4D, 0x2A2D, 0x2A4D, 0x2A4D, 0x2A4D, 0x2A4D, 0x2A2D, 0x2A4D, 0x2A4D, 0x2A4D, 0x2A2D, 0x2A2C, 0x2A0C, 0x220C, 0x220C, 0x220C,
  0x220C, 0x220C, 0x220C, 0x220C, 0x21EC, 0x21EB, 0x21EB, 0x21CB, 0x21CB, 0x21CB, 0x21CB, 0x21CB, 0x21EB, 0x21EB, 0x21EC, 0x21EC,
  0x21EC, 0x220C, 0x2A2C, 0x2A2D, 0x2A2D, 0x2A2C, 0x2A2D, 0x2A4D, 0x2A4D, 0x2A4E, 0x326E, 0x326E, 0x326E, 0x2A6E, 0x328E, 0x328E,
  0x328F, 0x328F, 0x328F, 0x32AF, 0x32D0, 0x3AD0, 0x3AF0, 0x3AF0, 0x3AF0, 0x3AF0, 0x3AF0, 0x3B11, 0x3B31, 0x3B31, 0x3B11, 0x3B11,
  0x3B32, 0x4352, 0x4373, 0x4393, 0x4B93, 0x4BB4, 0x4BB4, 0x4B73, 0x4B93, 0x4B93, 0x4B93, 0x4B94, 0x4B94, 0x53F5, 0x53F5, 0x5C15,
  0x5C35, 0x6C77, 0x6CB7, 0x6CB7, 0x74B7, 0x74B7, 0x7497, 0x74D7, 0x6C97, 0x6456, 0x6456, 0x5C15, 0x53F5, 0x5C15, 0x5C16, 0x5C15,
  0x5BF5, 0x5C15, 0x53F4, 0x5BF5, 0x5393, 0x4B72, 0x1948, 0x1127, 0x4310, 0x4BB3, 0x4B73, 0x4B73, 0x4B93, 0x4B93, 0x4B73, 0x4352,
  0x4352, 0x4331, 0x4311, 0x4311, 0x4331, 0x3B11, 0x4311, 0x3B11, 0x3AF1, 0x4311, 0x4311, 0x42F1, 0x3AF0, 0x3AAF, 0x2A2D, 0x19AA,
  0x08C5, 0x0064, 0x0084, 0x0084, 0x0884, 0x0084, 0x0084, 0x0085, 0x0085, 0x0885, 0x0085, 0x0085, 0x0085, 0x0885, 0x0084, 0x0884,
  0x0084, 0x0084, 0x0084, 0x0084, 0x0884, 0x0885, 0x0884, 0x0884, 0x0884, 0x0884, 0x0884, 0x0884, 0x0884, 0x0884, 0x0084, 0x0884,
  0x0884, 0x0884, 0x0884, 0x0884, 0x0884, 0x0884, 0x0884, 0x0884, 0x0884, 0x0884, 0x0884, 0x0884, 0x0884, 0x0884, 0x0084, 0x0084,
  0x0084, 0x0084, 0x0084, 0x0084, 0x08A5, 0x0884, 0x0084, 0x0084, 0x0084, 0x0084, 0x0084, 0x0084, 0x0084, 0x0084, 0x0084, 0x0884,
  0x0084, 0x08A5, 0x10E6, 0x08E6, 0x1107, 0x10E6, 0x08E6, 0x08C5, 0x00A5, 0x08C5, 0x0084, 0x0084, 0x0884, 0x0084, 0x0084, 0x0084,
  0x0084, 0x0084, 0x0084, 0x0084, 0x0084, 0x0084, 0x0084, 0x1128, 0x08A5, 0x0064, 0x08A5, 0x0884, 0x0884, 0x0084, 0x0884, 0x0084,
  0x0084, 0x0084, 0x0064, 0x1128, 0x326D, 0x2A6D, 0x326D, 0x2A4D, 0x326D, 0x2A6D, 0x2A4D, 0x2A6D, 0x2A4D, 0x2A4D, 0x2A4D, 0x2A4D,
  0x2A4D, 0x2A2C, 0x2A2D, 0x2A4D, 0x2A4D, 0x2A2D, 0x2A2D, 0x2A2D, 0x2A2D, 0x2A2D, 0x2A2D, 0x2A2C, 0x2A2C, 0x2A0C, 0x2A0C, 0x2A0C,
  0x220C, 0x220C, 0x21EC, 0x21EB, 0x21EB, 0x21EB, 0x21EB, 0x21CB, 0x21CB, 0x21CB, 0x21CB, 0x21CB, 0x21CB, 0x21EB, 0x21EB, 0x21EB,
  0x21EB, 0x21EB, 0x21EB, 0x21EC, 0x21EC, 0x21EB, 0x21EB, 0x21EB, 0x2A0C, 0x220C, 0x2A2D, 0x2A2D, 0x2A4D, 0x2A2D, 0x2A2D, 0x2A2D,
  0x2A4D, 0x2A4D, 0x2A4D, 0x2A6E, 0x2A8E, 0x328E, 0x328F, 0x32AF, 0x32AF, 0x3AD0, 0x32D0, 0x32B0, 0x32AF, 0x32D0, 0x32D0, 0x32AF,
  0x3AF0, 0x3B11, 0x3B11, 0x4332, 0x4352, 0x4373, 0x4B93, 0x4BB3, 0x4B93, 0x4BB4, 0x53F5, 0x5C35, 0x5C36, 0x5C36, 0x6477, 0x74D8,
  0x7D18, 0x8539, 0x8D7A, 0x8D7A, 0x8D7A, 0x8D9A, 0x9DDB, 0x9DDB, 0x959A, 0x8D7A, 0x8539, 0x8539, 0x8519, 0x7D19, 0x6CB7, 0x74B7,
  0x6414, 0x324D, 0x3A8D, 0x2A2C, 0x1128, 0x10E6, 0x0084, 0x0043, 0x08E6, 0x326D, 0x4331, 0x4352, 0x4331, 0x4331, 0x4311, 0x3AF1,
  0x3AF0, 0x3AF0, 0x3AD0, 0x32D0, 0x3AD0, 0x32D0, 0x328F, 0x3AAF, 0x328E, 0x2A0C, 0x29EB, 0x1969, 0x1107, 0x08C6, 0x0064, 0x0064,
  0x0084, 0x0884, 0x0084, 0x0084, 0x0084, 0x0084, 0x0084, 0x0084, 0x0085, 0x0085, 0x0885, 0x0885, 0x0885, 0x0885, 0x0885, 0x0085,
  0x0085, 0x0084, 0x0084, 0x0084, 0x08A4, 0x0885, 0x0885, 0x08A4, 0x0884, 0x0884, 0x0885, 0x0884, 0x0884, 0x0084, 0x0084, 0x0084,
  0x0885, 0x0884, 0x0884, 0x0884, 0x0884, 0x0884, 0x0884, 0x08A4, 0x0884, 0x0884, 0x0884, 0x0884, 0x0884, 0x0884, 0x0884, 0x0084,
  0x08A4, 0x0084, 0x0084, 0x08A4, 0x0884, 0x08A4, 0x00A4, 0x0084, 0x0084, 0x0884, 0x0084, 0x0084, 0x0084, 0x0084, 0x0884, 0x0884,
  0x0084, 0x0084, 0x0884, 0x0084, 0x08C5, 0x08A5, 0x0084, 0x0084, 0x0084, 0x0084, 0x0084, 0x0085, 0x0084, 0x0884, 0x0884, 0x0084,
  0x0884, 0x0084, 0x0084, 0x0084, 0x0084, 0x0084, 0x0884, 0x0084, 0x0084, 0x08A4, 0x0084, 0x0084, 0x0084, 0x0084, 0x0084, 0x0084,
  0x0084, 0x0085, 0x0084, 0x0084, 0x21EB, 0x2A0C, 0x1128, 0x0907, 0x1148, 0x326D, 0x2A2C, 0x2A2C, 0x2A2C, 0x2A2C, 0x2A2D, 0x2A2D,
  0x2A2C, 0x2A2C, 0x2A2C, 0x2A2C, 0x2A2C, 0x2A2C, 0x2A0C, 0x2A0C, 0x2A2C, 0x2A0C, 0x2A0C, 0x2A0C, 0x2A0C, 0x2A0C, 0x220C, 0x220C,
  0x21EC, 0x21EB, 0x21EB, 0x21EB, 0x21EB, 0x21CB, 0x21CB, 0x21CB, 0x19CB, 0x21CB, 0x21EB, 0x21EB, 0x21EB, 0x21EB, 0x21EB, 0x21EB,
  0x21EB, 0x21EB, 0x21EB, 0x220C, 0x220C, 0x2A0C, 0x2A2C, 0x2A2C, 0x2A2D, 0x2A4D, 0x2A6E, 0x2A6E, 0x2A6E, 0x2A6E, 0x2A6E, 0x2A6E,
  0x2A6E, 0x2A6E, 0x2A6E, 0x2A6E, 0x328F, 0x32AF, 0x32AF, 0x3AF0, 0x3B10, 0x3AF0, 0x3AF0, 0x3AF0, 0x3AF1, 0x3AF0, 0x4331, 0x4332,
  0x4332, 0x4332, 0x4332, 0x4352, 0x4373, 0x4B73, 0x53B4, 0x53D4, 0x4B93, 0x53D4, 0x5C36, 0x5C36, 0x5C36, 0x5C36, 0x6456, 0x74D8,
  0x7CF8, 0x74D7, 0x63F3, 0x7475, 0x7CF8, 0x84F7, 0x7455, 0x7454, 0x7CD6, 0x7496, 0x7476, 0x42CE, 0x326D, 0x3A6D, 0x1989, 0x1989,
  0x10E6, 0x0043, 0x0084, 0x0064, 0x0064, 0x0084, 0x0885, 0x0884, 0x0063, 0x0063, 0x1107, 0x1948, 0x21AA, 0x3ACF, 0x32AF, 0x328E,
  0x328F, 0x328E, 0x328E, 0x2A4D, 0x2A2C, 0x2A2C, 0x1128, 0x10E6, 0x08C5, 0x0084, 0x0064, 0x0064, 0x0064, 0x0084, 0x0884, 0x08A4,
  0x0884, 0x0084, 0x0084, 0x0084, 0x0084, 0x0084, 0x0084, 0x0084, 0x0884, 0x0085, 0x0885, 0x0885, 0x0885, 0x0084, 0x0884, 0x0085,
  0x0885, 0x0884, 0x0884, 0x0084, 0x0884, 0x0884, 0x0084, 0x0084, 0x0884, 0x0884, 0x0884, 0x0084, 0x0084, 0x0084, 0x0084, 0x0084,
  0x08A4, 0x0884, 0x0884, 0x0884, 0x0884, 0x0884, 0x0884, 0x0884, 0x0884, 0x0884, 0x0884, 0x0884, 0x0884, 0x0884, 0x0884, 0x0884,
  0x0884, 0x08A4, 0x0884, 0x0884, 0x0884, 0x08A4, 0x0884, 0x0884, 0x0084, 0x0884, 0x0084, 0x0084, 0x0084, 0x0084, 0x0084, 0x0084,
  0x0884, 0x0884, 0x0084, 0x0084, 0x0084, 0x0084, 0x0884, 0x0084, 0x0084, 0x0084, 0x0084, 0x0084, 0x0084, 0x0084, 0x0884, 0x0884,
  0x0884, 0x0884, 0x0884, 0x0084, 0x0084, 0x0084, 0x0084, 0x0884, 0x0084, 0x0084, 0x0084, 0x0084, 0x0084, 0x0084, 0x0084, 0x0084,
  0x0084, 0x0084, 0x0084, 0x0084, 0x08C6, 0x08C6, 0x0084, 0x0084, 0x0084, 0x1968, 0x2A0C, 0x2A0C, 0x2A2C, 0x2A2C, 0x2A2C, 0x2A2D,
  0x2A2C, 0x2A2C, 0x2A2C, 0x2A2C, 0x2A0C, 0x2A0C, 0x2A0C, 0x2A0C, 0x2A0C, 0x2A0C, 0x2A0C, 0x220C, 0x220C, 0x220C, 0x21EC, 0x220C,
  0x21EB, 0x21EB, 0x21CB, 0x21CB, 0x21CA, 0x19CA, 0x19AA, 0x19AA, 0x19AA, 0x19AA, 0x21CA, 0x21CA, 0x21CB, 0x21CB, 0x21CB, 0x21CB,
  0x21CB, 0x21EB, 0x21EB, 0x220B, 0x220C, 0x2A0C, 0x2A2D, 0x2A4D, 0x2A6E, 0x326E, 0x326E, 0x328E, 0x328E, 0x328F, 0x328F, 0x328F,
  0x328F, 0x32AF, 0x32AF, 0x32AF, 0x32AF, 0x3AD0, 0x3AF1, 0x4331, 0x4331, 0x4352, 0x4332, 0x4311, 0x3AAF, 0x3ACF, 0x2A4D, 0x21EB,
  0x328E, 0x4352, 0x4352, 0x4332, 0x4331, 0x4332, 0x4373, 0x4B73, 0x4B73, 0x4B93, 0x4BB4, 0x53D4, 0x53D4, 0x5C15, 0x4B72, 0x326D,
  0x2A2C, 0x10E6, 0x0063, 0x0084, 0x1106, 0x08E6, 0x0084, 0x0085, 0x08C6, 0x08C6, 0x08C5, 0x0064, 0x0023, 0x0022, 0x0043, 0x0043,
  0x0064, 0x08A5, 0x08A5, 0x08A5, 0x08A5, 0x0884, 0x0084, 0x0084, 0x0084, 0x0884, 0x0064, 0x0063, 0x0084, 0x2189, 0x1969, 0x1127,
  0x1968, 0x1989, 0x1969, 0x0907, 0x00A5, 0x0084, 0x0064, 0x0064, 0x0084, 0x0084, 0x0084, 0x0884, 0x0884, 0x0084, 0x0084, 0x0084,
  0x0084, 0x0084, 0x0084, 0x0084, 0x0084, 0x0884, 0x0084, 0x0085, 0x0085, 0x0885, 0x0884, 0x0084, 0x0084, 0x0084, 0x0084, 0x0084,
  0x0085, 0x0084, 0x0884, 0x00A5, 0x00A4, 0x0084, 0x0084, 0x0084, 0x0084, 0x0084, 0x0084, 0x0084, 0x0084, 0x0884, 0x0884, 0x0084,
  0x0884, 0x0884, 0x0884, 0x0884, 0x0884, 0x0884, 0x0884, 0x0884, 0x0884, 0x0884, 0x0884, 0x0884, 0x0884, 0x0884, 0x0884, 0x0884,
  0x0884, 0x0884, 0x0884, 0x08A5, 0x08A4, 0x08A5, 0x08A5, 0x08A4, 0x08A4, 0x0884, 0x0084, 0x0084, 0x0084, 0x0084, 0x0884, 0x00A4,
  0x0884, 0x08A4, 0x08A4, 0x00A4, 0x00A4, 0x00A4, 0x0884, 0x0084, 0x0084, 0x0084, 0x0884, 0x0884, 0x0884, 0x0884, 0x08A4, 0x0884,
  0x0884, 0x0884, 0x0884, 0x0884, 0x0884, 0x0884, 0x0084, 0x0884, 0x0084, 0x0084, 0x0084, 0x0084, 0x0084, 0x0084, 0x0084, 0x0084,
  0x0084, 0x0084, 0x0084, 0x0884, 0x0084, 0x0084, 0x00A4, 0x00A5, 0x0884, 0x0063, 0x1107, 0x220B, 0x21EB, 0x220B, 0x220C, 0x2A0C,
  0x2A0C, 0x2A0C, 0x220C, 0x220B, 0x21EB, 0x21EB, 0x220B, 0x220B, 0x220B, 0x220C, 0x220B, 0x220C, 0x2A0C, 0x220C, 0x220B, 0x220B,
  0x21EB, 0x21CB, 0x19CA, 0x19AA, 0x19AA, 0x19AA, 0x19AA, 0x19AA, 0x19AA, 0x21CA, 0x21CB, 0x21CB, 0x21CB, 0x21EB, 0x21EB, 0x21EB,
  0x21EB, 0x21EB, 0x21EB, 0x220C, 0x2A0C, 0x2A2D, 0x2A2D, 0x2A4D, 0x2A4D, 0x2A4E, 0x2A6E, 0x2A6E, 0x2A8E, 0x328F, 0x328F, 0x328F,
  0x328F, 0x32AF, 0x32AF, 0x32AF, 0x3AD0, 0x3AF0, 0x32AE, 0x2A0B, 0x1969, 0x21CB, 0x328E, 0x2A0C, 0x00A5, 0x08C6, 0x0064, 0x0043,
  0x08A5, 0x2A0B, 0x2A0C, 0x3AF0, 0x4352, 0x4332, 0x4352, 0x4352, 0x4372, 0x4372, 0x4B73, 0x4B92, 0x4B92, 0x2A2C, 0x08C6, 0x0043,
  0x0043, 0x0064, 0x0084, 0x0084, 0x0064, 0x0084, 0x08A5, 0x08A5, 0x0085, 0x0084, 0x0084, 0x08A5, 0x08A4, 0x0884, 0x0884, 0x0884,
  0x0084, 0x0084, 0x00A5, 0x00A5, 0x0084, 0x0084, 0x0084, 0x0884, 0x0084, 0x0084, 0x0085, 0x0884, 0x0084, 0x0064, 0x0064, 0x0084,
  0x0084, 0x0084, 0x0084, 0x0084, 0x0084, 0x0084, 0x0084, 0x0084, 0x0084, 0x0084, 0x0084, 0x0084, 0x0084, 0x0084, 0x0084, 0x0084,
  0x0084, 0x0084, 0x0084, 0x0084, 0x0085, 0x0085, 0x0085, 0x0085, 0x0084, 0x0084, 0x0084, 0x0084, 0x0084, 0x0084, 0x0084, 0x0084,
  0x0084, 0x0084, 0x0084, 0x00A4, 0x00A4, 0x0084, 0x0084, 0x0084, 0x0084, 0x0084, 0x0084, 0x0084, 0x0084, 0x0084, 0x0084, 0x0084,
  0x0884, 0x0884, 0x0884, 0x08A4, 0x0884, 0x0884, 0x0884, 0x0884, 0x0884, 0x0884, 0x0884, 0x0884, 0x0884, 0x0884, 0x0884, 0x0884,
  0x08A4, 0x0884, 0x0884, 0x0084, 0x00A4, 0x08A5, 0x0884, 0x0084, 0x0084, 0x0884, 0x0084, 0x0884, 0x0084, 0x0884, 0x0884, 0x0885,
  0x0884, 0x08A4, 0x0884, 0x0884, 0x00A4, 0x08A4, 0x0084, 0x08A4, 0x0084, 0x0084, 0x0084, 0x0084, 0x0884, 0x0884, 0x0884, 0x0884,
  0x0884, 0x0884, 0x0884, 0x0884, 0x0084, 0x0084, 0x0084, 0x0084, 0x0084, 0x0084, 0x0084, 0x0084, 0x0084, 0x0084, 0x0084, 0x0084,
  0x0084, 0x0084, 0x0084, 0x0084, 0x0084, 0x0884, 0x00A4, 0x0084, 0x0084, 0x0084, 0x0084, 0x21EB, 0x2A2C, 0x2A0C, 0x2A0C, 0x2A2C,
  0x2A2C, 0x2A2C, 0x2A0C, 0x21EB, 0x21EB, 0x21EB, 0x220B, 0x21EB, 0x220B, 0x220B, 0x220C, 0x2A0C, 0x2A2C, 0x220C, 0x220B, 0x21EB,
  0x21CB, 0x21CB, 0x21CB, 0x21EB, 0x21CB, 0x21CB, 0x21CA, 0x19CA, 0x21CB, 0x21EB, 0x222C, 0x2A2C, 0x220C, 0x220C, 0x220C, 0x220C,
  0x21EC, 0x220C, 0x2A2C, 0x2A4D, 0x2A4D, 0x2A6E, 0x2A6E, 0x2A6E, 0x2A6E, 0x326E, 0x326E, 0x328E, 0x328E, 0x328F, 0x328E, 0x328E,
  0x2A6E, 0x2A6E, 0x328F, 0x324D, 0x21CA, 0x21CA, 0x00A5, 0x0064, 0x0084, 0x0064, 0x00A5, 0x0085, 0x0084, 0x0084, 0x0084, 0x08A4,
  0x0084, 0x0063, 0x0043, 0x1107, 0x3AAE, 0x4331, 0x4B72, 0x4331, 0x4331, 0x4B93, 0x4B72, 0x1148, 0x0907, 0x0064, 0x0084, 0x08A4,
  0x00A4, 0x0084, 0x0084, 0x0084, 0x0884, 0x0084, 0x0084, 0x0085, 0x0085, 0x0085, 0x00A4, 0x0084, 0x0084, 0x0084, 0x0084, 0x0084,
  0x0084, 0x0084, 0x0084, 0x0084, 0x0084, 0x0884, 0x0884, 0x0084, 0x0084, 0x0084, 0x0084, 0x0084, 0x0084, 0x0084, 0x0884, 0x0084,
  0x0084, 0x08A5, 0x08A5, 0x0084, 0x0884, 0x0084, 0x0084, 0x0084, 0x0084, 0x0084, 0x0084, 0x0084, 0x0084, 0x0084, 0x0084, 0x0084,
  0x0084, 0x0084, 0x0084, 0x0084, 0x0084, 0x0084, 0x0084, 0x0084, 0x0084, 0x0084, 0x0084, 0x0084, 0x0084, 0x0084, 0x0084, 0x0085,
  0x0885, 0x08A5, 0x08A5, 0x0885, 0x0085, 0x0885, 0x0885, 0x0884, 0x0084, 0x0084, 0x0084, 0x0084, 0x0084, 0x0084, 0x0084, 0x0084,
  0x0884, 0x0884, 0x0884, 0x0884, 0x0884, 0x0884, 0x0884, 0x0884, 0x0884, 0x0884, 0x0884, 0x0884, 0x0884, 0x0884, 0x0884, 0x0884,
  0x0884, 0x08A4, 0x00A4, 0x00A4, 0x08A4, 0x0884, 0x0884, 0x0084, 0x0884, 0x0884, 0x0084, 0x0084, 0x0084, 0x0884, 0x0884, 0x0884,
  0x0884, 0x0884, 0x0884, 0x08A4, 0x00A4, 0x08A5, 0x0884, 0x0884, 0x0884, 0x0884, 0x0884, 0x0884, 0x08A4, 0x0884, 0x0884, 0x0884,
  0x0884, 0x0884, 0x0884, 0x0884, 0x0084, 0x0084, 0x0084, 0x0084, 0x0084, 0x0084, 0x0084, 0x0084, 0x0084, 0x0084, 0x0084, 0x0084,
  0x0084, 0x0084, 0x0084, 0x0084, 0x0084, 0x00A4, 0x0084, 0x0084, 0x0084, 0x0084, 0x0084, 0x1127, 0x1169, 0x2A2D, 0x2A0C, 0x220C,
  0x220C, 0x220C, 0x21EB, 0x21EB, 0x21EB, 0x21CA, 0x21CA, 0x21EB, 0x21EB, 0x21EB, 0x2A0C, 0x2A0C, 0x220B, 0x21EB, 0x21CB, 0x21CB,
  0x19CA, 0x21EB, 0x220B, 0x21EB, 0x21EB, 0x21CB, 0x21EB, 0x21EB, 0x220C, 0x2A2C, 0x2A2D, 0x2A2D, 0x222D, 0x222D, 0x2A2D, 0x2A2D,
  0x2A2D, 0x2A2D, 0x2A2D, 0x2A4D, 0x2A4E, 0x2A4E, 0x2A6E, 0x2A4D, 0x2A4D, 0x2A6E, 0x328F, 0x328F, 0x328F, 0x328F, 0x328F, 0x328E,
  0x328F, 0x32AF, 0x2A2C, 0x08A5, 0x0043, 0x0064, 0x0084, 0x08A4, 0x08A5, 0x00A5, 0x00A5, 0x08A4, 0x00A4, 0x00A4, 0x0084, 0x0084,
  0x0084, 0x0084, 0x0084, 0x0064, 0x0084, 0x1128, 0x21EB, 0x1128, 0x1107, 0x1989, 0x1107, 0x0084, 0x0084, 0x08A4, 0x00A4, 0x0084,
  0x0084, 0x0084, 0x0084, 0x0084, 0x0084, 0x0084, 0x0084, 0x0084, 0x0084, 0x0084, 0x0084, 0x0084, 0x0084, 0x0084, 0x0084, 0x0084,
  0x0084, 0x0084, 0x0084, 0x0084, 0x0084, 0x0884, 0x0084, 0x0084, 0x0084, 0x0884, 0x0084, 0x0084, 0x0084, 0x0084, 0x0084, 0x0084,
  0x08A4, 0x0085, 0x0085, 0x0084, 0x0084, 0x0084, 0x0084, 0x0084, 0x0084, 0x0084, 0x0084, 0x0084, 0x0084, 0x0084, 0x0084, 0x0084,
  0x0084, 0x0084, 0x0084, 0x0084, 0x0084, 0x0084, 0x0084, 0x0084, 0x0084, 0x0084, 0x0084, 0x0084, 0x0084, 0x0084, 0x0084, 0x0885,
  0x0085, 0x00A5, 0x0885, 0x0885, 0x0885, 0x0885, 0x0885, 0x0885, 0x0084, 0x0084, 0x0084, 0x0084, 0x0084, 0x0084, 0x0884, 0x00A5,
  0x0884, 0x0884, 0x0884, 0x0884, 0x0884, 0x0884, 0x0884, 0x0884, 0x0884, 0x0884, 0x0884, 0x0884, 0x0884, 0x0885, 0x0884, 0x0884,
  0x0884, 0x08A5, 0x08A4, 0x08A5, 0x00A4, 0x0884, 0x08A4, 0x0084, 0x0884, 0x0884, 0x0084, 0x0884, 0x0884, 0x0884, 0x0884, 0x0884,
  0x0884, 0x0884, 0x08A4, 0x08A4, 0x08A5, 0x08A5, 0x08A5, 0x0884, 0x0884, 0x08A4, 0x0884, 0x0884, 0x0884, 0x0884, 0x0884, 0x0884,
  0x0884, 0x0884, 0x0884, 0x08A4, 0x0884, 0x0884, 0x0084, 0x0884, 0x0084, 0x0884, 0x0084, 0x0084, 0x0084, 0x0084, 0x0084, 0x0084,
  0x0884, 0x0084, 0x0084, 0x0084, 0x00A4, 0x0084, 0x0084, 0x0084, 0x0084, 0x0084, 0x08A5, 0x0085, 0x0085, 0x1989, 0x220B, 0x21EB,
  0x21CB, 0x21CB, 0x1968, 0x08E6, 0x1968, 0x08C6, 0x08C6, 0x1989, 0x220B, 0x220B, 0x220C, 0x2A0C, 0x220C, 0x220C, 0x220C, 0x220C,
  0x21EC, 0x21EB, 0x21EB, 0x21EB, 0x21EB, 0x21EB, 0x21EC, 0x21EC, 0x220C, 0x222C, 0x2A2D, 0x2A2D, 0x2A2D, 0x222C, 0x220C, 0x222C,
  0x222C, 0x2A0C, 0x2A2D, 0x2A2D, 0x2A4D, 0x2A4D, 0x2A6E, 0x2A6E, 0x2A6E, 0x2A4D, 0x1989, 0x21CA, 0x326D, 0x32AF, 0x326E, 0x326E,
  0x2A2C, 0x2A0C, 0x08A5, 0x0063, 0x0884, 0x0084, 0x0084, 0x0084, 0x0884, 0x0085, 0x08A5, 0x08A4, 0x00A4, 0x0084, 0x0084, 0x0084,
  0x0084, 0x0084, 0x0084, 0x0084, 0x0084, 0x0064, 0x0043, 0x0064, 0x0064, 0x0064, 0x0084, 0x08A5, 0x08A5, 0x08A4, 0x0884, 0x0084,
  0x0084, 0x0084, 0x0884, 0x0084, 0x0084, 0x0084, 0x0084, 0x0084, 0x0084, 0x0084, 0x0084, 0x0084, 0x0084, 0x0884, 0x0084, 0x0084,
  0x0084, 0x0084, 0x0084, 0x08A4, 0x0084, 0x0084, 0x0884, 0x0884, 0x0884, 0x0884, 0x0884, 0x0084, 0x0084, 0x0084, 0x0084, 0x0084,
  0x00A4, 0x0085, 0x0084, 0x0884, 0x0884, 0x0084, 0x0084, 0x0084, 0x0084, 0x0084, 0x0084, 0x0084, 0x0084, 0x0084, 0x0084, 0x0084,
  0x0084, 0x0084, 0x0084, 0x0084, 0x0084, 0x0084, 0x0084, 0x0084, 0x0084, 0x0084, 0x0084, 0x0084, 0x0085, 0x0084, 0x0085, 0x08A5,
  0x08A5, 0x08A5, 0x0884, 0x0885, 0x08A5, 0x0885, 0x0884, 0x0884, 0x0084, 0x0084, 0x0084, 0x0084, 0x0084, 0x0084, 0x0084, 0x0084,
  0x0884, 0x0884, 0x0884, 0x0884, 0x0884, 0x0884, 0x0884, 0x0884, 0x0884, 0x0884, 0x0884, 0x0884, 0x0884, 0x0884, 0x0884, 0x08A4,
  0x0884, 0x0884, 0x08A4, 0x0884, 0x0884, 0x0084, 0x0084, 0x0884, 0x0884, 0x0884, 0x0084, 0x0884, 0x0884, 0x0884, 0x0884, 0x0884,
  0x0884, 0x0884, 0x0884, 0x0884, 0x08A4, 0x08A4, 0x08A4, 0x0884, 0x0884, 0x0884, 0x0884, 0x0884, 0x0884, 0x0884, 0x0884, 0x0884,
  0x0884, 0x0884, 0x08A4, 0x0884, 0x0084, 0x0084, 0x0084, 0x0084, 0x0084, 0x0084, 0x0084, 0x0084, 0x0084, 0x0084, 0x0084, 0x0084,
  0x0084, 0x0084, 0x0084, 0x0084, 0x0084, 0x0085, 0x0084, 0x00A4, 0x0084, 0x0884, 0x08A5, 0x08A5, 0x0085, 0x1127, 0x21EB, 0x1989,
  0x1148, 0x21AA, 0x08E6, 0x0063, 0x0084, 0x00A4, 0x00A5, 0x00A5, 0x19A9, 0x220C, 0x220C, 0x2A2C, 0x220C, 0x2A2C, 0x220C, 0x21EB,
  0x21EB, 0x21CB, 0x21CB, 0x21CB, 0x21CB, 0x21CB, 0x21EB, 0x21CB, 0x21EB, 0x21EC, 0x21EC, 0x21EC, 0x220C, 0x21EC, 0x21EB, 0x21EC,
  0x21EC, 0x21EC, 0x220B, 0x220C, 0x2A0C, 0x2A2D, 0x220C, 0x21CA, 0x21CA, 0x10E6, 0x0043, 0x0063, 0x08E6, 0x1948, 0x08C6, 0x0907,
  0x00A5, 0x0085, 0x0084, 0x0084, 0x0084, 0x0084, 0x0084, 0x0084, 0x0084, 0x0084, 0x0084, 0x0084, 0x0084, 0x0084, 0x0084, 0x0084,
  0x0084, 0x0084, 0x0084, 0x0084, 0x0084, 0x0884, 0x0884, 0x0885, 0x08A4, 0x08A5, 0x08A5, 0x0084, 0x0084, 0x0084, 0x0084, 0x0084,
  0x0084, 0x0084, 0x0084, 0x0084, 0x0084, 0x0084, 0x0084, 0x0884, 0x0084, 0x0084, 0x00A4, 0x00A4, 0x0884, 0x08A4, 0x00A4, 0x00A4,
  0x00A4, 0x0084, 0x0084, 0x0884, 0x0884, 0x0884, 0x0084, 0x0084, 0x0084, 0x0884, 0x0884, 0x0084, 0x0084, 0x0084, 0x0084, 0x0084,
  0x0084, 0x0885, 0x0085, 0x0084, 0x0084, 0x0084, 0x0084, 0x0084, 0x0084, 0x0885, 0x0084, 0x0084, 0x0084, 0x0084, 0x0084, 0x0084,
  0x0084, 0x0084, 0x0084, 0x0084, 0x0084, 0x0084, 0x0084, 0x0084, 0x0084, 0x0884, 0x0084, 0x0885, 0x08A5, 0x08A5, 0x0885, 0x08A5,
  0x08A5, 0x0885, 0x0885, 0x0884, 0x0885, 0x0884, 0x0884, 0x0884, 0x0084, 0x0084, 0x0084, 0x0084, 0x0084, 0x0084, 0x0084, 0x0084,
  0x0885, 0x0884, 0x0884, 0x0884, 0x0884, 0x0884, 0x0884, 0x0884, 0x0884, 0x0884, 0x0884, 0x0884, 0x0884, 0x0884, 0x0884, 0x0884,
  0x0884, 0x0884, 0x08A4, 0x0084, 0x0884, 0x0884, 0x0884, 0x0884, 0x0884, 0x0084, 0x0884, 0x0884, 0x0884, 0x0884, 0x0884, 0x0884,
  0x0884, 0x0884, 0x0884, 0x0884, 0x0884, 0x0884, 0x0884, 0x0884, 0x0884, 0x0884, 0x0884, 0x0884, 0x0884, 0x0884, 0x0884, 0x0884,
  0x00A4, 0x08A4, 0x0884, 0x0884, 0x0084, 0x0084, 0x0084, 0x0084, 0x0084, 0x0084, 0x0084, 0x0885, 0x0085, 0x0085, 0x0085, 0x0085,
  0x0085, 0x0085, 0x0085, 0x0085, 0x0085, 0x0084, 0x0084, 0x0085, 0x08A5, 0x0085, 0x08A5, 0x0885, 0x0084, 0x08E6, 0x1127, 0x0084,
  0x0084, 0x08A5, 0x0084, 0x0884, 0x08A4, 0x08A5, 0x08A5, 0x00A4, 0x00A5, 0x1989, 0x198A, 0x1148, 0x1148, 0x1148, 0x19AA, 0x21EB,
  0x21CB, 0x1969, 0x1989, 0x19AA, 0x19CA, 0x19CA, 0x19CB, 0x19CB, 0x21CB, 0x21CB, 0x21CB, 0x21EB, 0x21CB, 0x21CB, 0x21CB, 0x21CB,
  0x21EB, 0x21CB, 0x21EB, 0x220C, 0x2A2C, 0x21EB, 0x00A6, 0x0085, 0x0084, 0x0064, 0x0084, 0x0084, 0x0064, 0x0063, 0x0084, 0x0084,
  0x0885, 0x0885, 0x0884, 0x0084, 0x0084, 0x0084, 0x0084, 0x0084, 0x0084, 0x0084, 0x0084, 0x0084, 0x0084, 0x0084, 0x0084, 0x0084,
  0x0084, 0x0084, 0x0084, 0x0884, 0x0084, 0x0084, 0x0084, 0x0084, 0x0085, 0x0084, 0x0084, 0x0084, 0x0084, 0x0084, 0x0084, 0x0084,
  0x0084, 0x0084, 0x0084, 0x0084, 0x0084, 0x0084, 0x0084, 0x0084, 0x0084, 0x0084, 0x0884, 0x0084, 0x0884, 0x0084, 0x0884, 0x0884,
  0x0884, 0x0884, 0x0884, 0x0884, 0x0884, 0x0884, 0x08A4, 0x0084, 0x0084, 0x0884, 0x0884, 0x00A4, 0x0085, 0x0084, 0x00A4, 0x0085,
  0x0885, 0x0885, 0x0885, 0x0885, 0x0885, 0x0885, 0x0885, 0x0885, 0x0084, 0x0084, 0x0084, 0x0084, 0x0084, 0x0084, 0x0084, 0x0084,
  0x0084, 0x0084, 0x0084, 0x0084, 0x0084, 0x0084, 0x0884, 0x0084, 0x0084, 0x0084, 0x08A5, 0x0885, 0x0885, 0x0885, 0x0885, 0x0885,
  0x00A4, 0x0884, 0x0884, 0x08A4, 0x0884, 0x0084, 0x0884, 0x0084, 0x0084, 0x0084, 0x0084, 0x0084, 0x0084, 0x0084, 0x0084, 0x0084,
  0x0885, 0x0884, 0x0885, 0x0884, 0x00A4, 0x00A4, 0x08A4, 0x0884, 0x0884, 0x0884, 0x08A4, 0x0884, 0x0884, 0x08A4, 0x08A4, 0x08A5,
  0x08A4, 0x08A4, 0x08A4, 0x0884, 0x0884, 0x0884, 0x0084, 0x0084, 0x0084, 0x0084, 0x0084, 0x0884, 0x0084, 0x0884, 0x0084, 0x0884,
  0x0884, 0x08A4, 0x08A5, 0x08A5, 0x0884, 0x0885, 0x0884, 0x0884, 0x0884, 0x0884, 0x0884, 0x0084, 0x0884, 0x08A4, 0x00A4, 0x00A4,
  0x08A4, 0x00A4, 0x08A4, 0x08A4, 0x0885, 0x0884, 0x0884, 0x0084, 0x0084, 0x0084, 0x0085, 0x0885, 0x0884, 0x0884, 0x0884, 0x0884,
  0x0884, 0x08A4, 0x08A4, 0x0884, 0x08A5, 0x08A4, 0x0884, 0x0884, 0x00A4, 0x0084, 0x0084, 0x0085, 0x0084, 0x0084, 0x0084, 0x0084,
  0x0084, 0x0084, 0x0084, 0x0084, 0x0884, 0x0084, 0x00A5, 0x08A5, 0x00A4, 0x08A5, 0x00A5, 0x0084, 0x0085, 0x0084, 0x00A5, 0x1127,
  0x1107, 0x0085, 0x08A5, 0x08C6, 0x19AA, 0x21CB, 0x19AA, 0x19CA, 0x19CA, 0x19CB, 0x19CB, 0x21CB, 0x21CB, 0x21CB, 0x21CB, 0x21CB,
  0x21CA, 0x21CB, 0x21CB, 0x0907, 0x08E7, 0x08C6, 0x0084, 0x0885, 0x0084, 0x0084, 0x0084, 0x0084, 0x0084, 0x0084, 0x0084, 0x0884,
  0x0885, 0x0085, 0x0084, 0x0084, 0x0084, 0x0084, 0x0084, 0x0084, 0x0084, 0x0084, 0x0084, 0x0084, 0x0084, 0x0084, 0x0084, 0x0084,
  0x0084, 0x0084, 0x0084, 0x0084, 0x0084, 0x0084, 0x0084, 0x0084, 0x0084, 0x0084, 0x0084, 0x0084, 0x0084, 0x0084, 0x0084, 0x0084,
  0x0084, 0x0884, 0x0084, 0x0084, 0x0084, 0x0084, 0x0084, 0x0084, 0x0084, 0x0084, 0x08A4, 0x08A4, 0x08A5, 0x08A4, 0x08A4, 0x0884,
  0x0884, 0x0884, 0x0884, 0x0084, 0x0084, 0x0084, 0x0084, 0x0884, 0x08A4, 0x0884, 0x08A4, 0x08A5, 0x0884, 0x0084, 0x0884, 0x0884,
  0x0084, 0x0084, 0x0085, 0x0084, 0x0884, 0x0884, 0x0084, 0x0084, 0x0084, 0x0084, 0x0884, 0x0884, 0x0884, 0x0084, 0x0084, 0x00A4,
  0x0084, 0x0084, 0x0084, 0x0884, 0x0884, 0x0084, 0x0084, 0x0084, 0x0885, 0x0885, 0x0885, 0x08A5, 0x0885, 0x08A5, 0x08A5, 0x08A5,
  0x08A5, 0x0884, 0x0884, 0x0884, 0x0884, 0x0884, 0x0884, 0x0884, 0x0084, 0x0084, 0x0084, 0x0084, 0x0084, 0x0884, 0x0084, 0x0084,
  0x0084, 0x0084, 0x0084, 0x0084, 0x00A4, 0x00A4, 0x00A4, 0x0084, 0x0084, 0x0084, 0x0084, 0x0884, 0x0884, 0x0884, 0x0884, 0x0084,
  0x00A4, 0x0084, 0x0884, 0x0084, 0x0084, 0x0084, 0x0084, 0x0084, 0x0084, 0x0084, 0x0084, 0x0084, 0x0084, 0x0084, 0x0084, 0x0084,
  0x0084, 0x0884, 0x0084, 0x0084, 0x0884, 0x0884, 0x0084, 0x0084, 0x00A4, 0x00A4, 0x00A4, 0x00A4, 0x00A4, 0x00A4, 0x00A4, 0x0084,
  0x0084, 0x0084, 0x00A4, 0x0884, 0x0884, 0x0084, 0x0084, 0x0084, 0x0084, 0x0084, 0x0884, 0x0884, 0x0884, 0x0884, 0x0884, 0x0884,
  0x0884, 0x08A4, 0x08A4, 0x0884, 0x0084, 0x0084, 0x0084, 0x0084, 0x0084, 0x00A4, 0x00A4, 0x08A4, 0x00A4, 0x00A4, 0x08A4, 0x0084,
  0x0084, 0x0084, 0x0084, 0x0084, 0x0084, 0x00A4, 0x00A4, 0x00A4, 0x00A5, 0x08A5, 0x08A5, 0x08A5, 0x08A5, 0x08A5, 0x0085, 0x0084,
  0x0085, 0x0085, 0x0084, 0x0064, 0x08E6, 0x1169, 0x19AA, 0x19AA, 0x19AA, 0x19AA, 0x19AA, 0x19CA, 0x21CB, 0x21CB, 0x21CB, 0x21CB,
  0x21CB, 0x19AA, 0x08C6, 0x0063, 0x0064, 0x0084, 0x00A5, 0x00A5, 0x0885, 0x08A5, 0x08A4, 0x0884, 0x0884, 0x0884, 0x0884, 0x0884,
  0x08A4, 0x08A5, 0x08A5, 0x08A5, 0x08A5, 0x08A5, 0x08A4, 0x08A4, 0x0885, 0x0884, 0x08A4, 0x0884, 0x0885, 0x0885, 0x0885, 0x0884,
  0x08A4, 0x08A5, 0x0884, 0x08A4, 0x08A4, 0x08A4, 0x08A4, 0x00A5, 0x0884, 0x0884, 0x08A4, 0x0884, 0x0884, 0x08A4, 0x08A5, 0x0884,
  0x08A5, 0x0084, 0x0085, 0x0884, 0x0884, 0x0884, 0x0884, 0x0084, 0x0084, 0x0884, 0x08A4, 0x0885, 0x08A4, 0x08A4, 0x08A4, 0x0885,
  0x0884, 0x0884, 0x08A5, 0x0084, 0x0884, 0x0084, 0x0084, 0x0084, 0x08A4, 0x0884, 0x0884, 0x0084, 0x0084, 0x0084, 0x0085, 0x0885,
  0x08A5, 0x08A5, 0x00A5, 0x0085, 0x0884, 0x0085, 0x0085, 0x0885, 0x0885, 0x0085, 0x0885, 0x0085, 0x0885, 0x0885, 0x0885, 0x0885,
  0x0885, 0x0885, 0x0885, 0x0885, 0x0885, 0x0885, 0x0885, 0x08A5, 0x08A5, 0x08A5, 0x0885, 0x08A5, 0x08A5, 0x00A5, 0x08A5, 0x08A5,
  0x0885, 0x08A5, 0x0885, 0x0885, 0x08A5, 0x08A5, 0x08A5, 0x0885, 0x0885, 0x0885, 0x0885, 0x0885, 0x0885, 0x0885, 0x0885, 0x0085,
  0x0885, 0x0084, 0x0085, 0x0085, 0x0085, 0x0085, 0x0885, 0x0885, 0x0084, 0x0085, 0x08A5, 0x08A5, 0x0885, 0x08A5, 0x0084, 0x0084,
  0x0084, 0x0084, 0x0885, 0x0085, 0x0885, 0x0885, 0x0885, 0x0885, 0x0084, 0x0084, 0x0084, 0x0084, 0x0884, 0x08A5, 0x08A5, 0x0885,
  0x08A5, 0x08A4, 0x00A5, 0x08A5, 0x08A5, 0x00A5, 0x08A5, 0x08A5, 0x08A4, 0x08A5, 0x08A5, 0x08A5, 0x0885, 0x08A5, 0x08A5, 0x0885,
  0x0884, 0x0884, 0x08A4, 0x0884, 0x0884, 0x0084, 0x0084, 0x0084, 0x0885, 0x0085, 0x0084, 0x0084, 0x0084, 0x0084, 0x0084, 0x0084,
  0x0084, 0x0084, 0x0084, 0x0084, 0x0084, 0x0084, 0x0084, 0x0084, 0x0085, 0x0084, 0x0084, 0x0084, 0x0084, 0x0084, 0x0084, 0x0084,
  0x0084, 0x0084, 0x0084, 0x0084, 0x0084, 0x0084, 0x0085, 0x0085, 0x0085, 0x0085, 0x0085, 0x0084, 0x0064, 0x0064, 0x0064, 0x0064,
  0x0085, 0x00A5, 0x08C6, 0x08C6, 0x00A5, 0x00A5, 0x08C6, 0x08C6, 0x08C6, 0x08C6, 0x08C6, 0x08E7, 0x08E7, 0x00A6, 0x08C7, 0x08E7,
  0x08C6, 0x0084, 0x0043, 0x0043, 0x0043, 0x0064, 0x0064, 0x0064, 0x0064, 0x0064, 0x0064, 0x0064, 0x0044, 0x0044, 0x0044, 0x0044,
  0x0044, 0x0044, 0x0044, 0x0044, 0x0044, 0x0044, 0x0063, 0x0044, 0x0044, 0x0044, 0x0044, 0x0064, 0x0044, 0x0044, 0x0064, 0x0064,
  0x0064, 0x0064, 0x0064, 0x0064, 0x0064, 0x0064, 0x0064, 0x0064, 0x0064, 0x0064, 0x0064, 0x0064, 0x0064, 0x0064, 0x0064, 0x0064,
  0x0064, 0x0064, 0x0064, 0x0084, 0x0084, 0x0084, 0x0084, 0x0084, 0x0084, 0x0084, 0x0084, 0x0085, 0x0084, 0x0084, 0x0084, 0x0885,
  0x0084, 0x0884, 0x0084, 0x0085, 0x0884, 0x0084, 0x0084, 0x0085, 0x0085, 0x0085, 0x0085, 0x0085, 0x0885, 0x00A5, 0x00A5, 0x08A5,
  0x00A5, 0x0085, 0x00A5, 0x08A5, 0x0885, 0x0885, 0x0085, 0x0085, 0x0885, 0x0885, 0x0885, 0x0885, 0x08A5, 0x08A5, 0x00A5, 0x00A5,
  0x08A5, 0x08A5, 0x08A5, 0x08A5, 0x08A5, 0x08A5, 0x08A5, 0x08A5, 0x08A5, 0x08A5, 0x08A5, 0x08A5, 0x08A5, 0x08A5, 0x08A5, 0x08A5,
  0x08A5, 0x08A5, 0x08A5, 0x08A5, 0x08A5, 0x08A5, 0x08A5, 0x08A5, 0x08A5, 0x08A5, 0x08A5, 0x08A5, 0x08A5, 0x08A5, 0x08A5, 0x08A5,
  0x0084, 0x0085, 0x0085, 0x0085, 0x0085, 0x0085, 0x0084, 0x0084, 0x0084, 0x0085, 0x0085, 0x0085, 0x0085, 0x0085, 0x0084, 0x0084,
  0x0084, 0x0084, 0x0084, 0x0084, 0x0084, 0x0084, 0x0084, 0x0084, 0x0084, 0x0084, 0x0084, 0x0084, 0x0084, 0x0084, 0x0084, 0x0084,
  0x0084, 0x0084, 0x0084, 0x0084, 0x0084, 0x0084, 0x0084, 0x0084, 0x0084, 0x0084, 0x0084, 0x0084, 0x0084, 0x0084, 0x0085, 0x0084,
  0x0084, 0x0085, 0x0085, 0x0085, 0x0085, 0x0085, 0x0085, 0x0085, 0x0085, 0x0085, 0x0085, 0x00A5, 0x00A5, 0x00A5, 0x00A5, 0x00A5,
  0x00A5, 0x00A5, 0x00A5, 0x00A5, 0x08A5, 0x00A5, 0x00A5, 0x08A6, 0x08A6, 0x08A6, 0x08A6, 0x08A5, 0x08A5, 0x08A5, 0x08A5, 0x08A5,
  0x08C6, 0x08C6, 0x08C6, 0x08C6, 0x08C6, 0x08C6, 0x08C6, 0x08C6, 0x08C6, 0x08C6, 0x08C6, 0x08E6, 0x1128, 0x1969, 0x198A, 0x19AA,
  0x21AA, 0x324E, 0x4331, 0x4B52, 0x4B52, 0x4B52, 0x4B51, 0x4B51, 0x4B51, 0x4B52, 0x4B72, 0x5393, 0x5393, 0x5393, 0x5BB3, 0x5BD3,
  0x5BD3, 0x5BD3, 0x5BB3, 0x53B3, 0x53B3, 0x5BD3, 0x5BD3, 0x5BD3, 0x5BD3, 0x5BD3, 0x5BD3, 0x5BD3, 0x5BB3, 0x5392, 0x5392, 0x5392,
  0x4B72, 0x4B51, 0x4B51, 0x4B31, 0x4310, 0x42F0, 0x3ACF, 0x3AAE, 0x328E, 0x326D, 0x2A4D, 0x2A2D, 0x2A0C, 0x2A0C, 0x21EC, 0x21EB,
  0x21EB, 0x21CB, 0x19CB, 0x19AB, 0x19AA, 0x19AA, 0x198A, 0x198A, 0x198A, 0x1969, 0x1169, 0x1169, 0x1169, 0x1149, 0x1149, 0x1149,
  0x1148, 0x1128, 0x1128, 0x1128, 0x0928, 0x0907, 0x0907, 0x08E7, 0x08E7, 0x08E6, 0x08C6, 0x08C6, 0x08C6, 0x00C6, 0x00C6, 0x00C6,
  0x08C6, 0x08C6, 0x08C6, 0x08C6, 0x08C6, 0x08C6, 0x08C6, 0x08C6, 0x08C6, 0x08C6, 0x08C6, 0x08C6, 0x08C6, 0x00C6, 0x08C6, 0x08C6,
  0x00A6, 0x00A6, 0x00A6, 0x00A6, 0x00A6, 0x08A6, 0x08A6, 0x08A6, 0x00A6, 0x08A6, 0x08A6, 0x00A6, 0x00A6, 0x00A6, 0x00A6, 0x00A6,
  0x00A6, 0x00A6, 0x00A6, 0x00A6, 0x00A6, 0x00A6, 0x00A6, 0x00A5, 0x00A5, 0x00A5, 0x00A5, 0x00A5, 0x00A5, 0x00A5, 0x00A5, 0x00A5,
  0x00A5, 0x00A5, 0x00A5, 0x00A5, 0x00A5, 0x00A5, 0x0085, 0x0085, 0x0085, 0x0085, 0x0085, 0x00A5, 0x0085, 0x0085, 0x00A5, 0x0085,
  0x00A5, 0x08A5, 0x08A5, 0x08A5, 0x08A5, 0x08A5, 0x08A5, 0x08A5, 0x08C6, 0x08C6, 0x08C6, 0x08C6, 0x08C6, 0x08C6, 0x08E6, 0x08E6,
  0x08E6, 0x08E6, 0x08E6, 0x08E7, 0x08E6, 0x08E7, 0x08E7, 0x0907, 0x1107, 0x1107, 0x1107, 0x1107, 0x1127, 0x1127, 0x1128, 0x1128,
  0x1148, 0x1148, 0x1148, 0x1148, 0x1148, 0x1969, 0x1969, 0x1969, 0x1989, 0x1989, 0x198A, 0x19AA, 0x19AA, 0x19CA, 0x21CA, 0x21CB,
  0x21EB, 0x21EB, 0x220B, 0x220C, 0x2A0C, 0x2A0C, 0x2A2C, 0x2A2C, 0x2A2D, 0x2A4D, 0x2A4D, 0x2A4D, 0x2A4D, 0x326E, 0x326E, 0x326E,
  0x326E, 0x328E, 0x328E, 0x328E, 0x32AE, 0x32AF, 0x32AF, 0x32AF, 0x3AAF, 0x3AAF, 0x3AAF, 0x3AAF, 0x3AAF, 0x3ACF, 0x3ACF, 0x3ACF,
  0x3ACF, 0x3AD0, 0x3AF0, 0x3AF0, 0x3AF0, 0x3AF0, 0x42F0, 0x3AF0, 0x4310, 0x4311, 0x4311, 0x4331, 0x4351, 0x4352, 0x4B52, 0x4B72,
  0x4B72, 0x4B73, 0x4B73, 0x4B93, 0x4BB3, 0x53B4, 0x53D4, 0x53F5, 0x5C15, 0x5C36, 0x6456, 0x6C97, 0x74D8, 0x7D19, 0x8539, 0x857A,
  0x8D9A, 0x8D9B, 0x8DBB, 0x95DB, 0x95FC, 0x9E1C, 0xA63D, 0xA65D, 0xAE7D, 0xAE7D, 0xAE9D, 0xAE7D, 0xAE9E, 0xAE7D, 0xAE7D, 0xA65D,
  0xA65D, 0xA63D, 0xA63C, 0xA63C, 0xA63C, 0x9DFC, 0x9DFC, 0x95DB, 0x8D9B, 0x857A, 0x853A, 0x7D19, 0x74F8, 0x74B8, 0x6C97, 0x6C77,
  0x6456, 0x6435, 0x5C15, 0x5BF4, 0x53D4, 0x53B3, 0x4B93, 0x4B73, 0x4B73, 0x4B72, 0x4352, 0x4352, 0x4332, 0x4332, 0x4332, 0x4311,
  0x4311, 0x3B11, 0x3AF1, 0x3AF0, 0x3AD0, 0x3AD0, 0x32CF, 0x32AF, 0x32AF, 0x328F, 0x328E, 0x326E, 0x326E, 0x328E, 0x326E, 0x326E,
  0x326E, 0x326E, 0x326E, 0x326E, 0x326E, 0x326E, 0x2A6E, 0x2A6E, 0x2A6E, 0x2A6D, 0x2A4D, 0x2A4D, 0x2A4D, 0x2A4D, 0x2A2D, 0x2A2D,
  0x2A2D, 0x2A2D, 0x2A2D, 0x2A2D, 0x2A2D, 0x2A2D, 0x2A2D, 0x2A2D, 0x2A2C, 0x2A2C, 0x2A2C, 0x2A0C, 0x2A0C, 0x2A0C, 0x220C, 0x220C,
  0x2A0C, 0x2A0C, 0x220C, 0x220C, 0x21EC, 0x21EC, 0x21EB, 0x21EB, 0x21EB, 0x21CB, 0x21CB, 0x19CB, 0x19AA, 0x19AA, 0x19AA, 0x198A,
  0x1989, 0x1989, 0x1969, 0x1969, 0x1969, 0x1169, 0x1169, 0x1148, 0x1148, 0x1148, 0x1128, 0x1128, 0x1127, 0x1127, 0x1107, 0x1107,
  0x1128, 0x1108, 0x1127, 0x1128, 0x1127, 0x1127, 0x1128, 0x1128, 0x1128, 0x1148, 0x1148, 0x1148, 0x1148, 0x1148, 0x1169, 0x1149,
  0x1169, 0x1969, 0x1169, 0x1969, 0x1969, 0x1989, 0x1989, 0x198A, 0x198A, 0x19AA, 0x19AA, 0x19AA, 0x19CA, 0x21CB, 0x21CB, 0x21CB,
  0x21CB, 0x21EB, 0x21EB, 0x21EB, 0x21EB, 0x21EB, 0x21EC, 0x220C, 0x220C, 0x2A0C, 0x2A0C, 0x2A2C, 0x2A2C, 0x2A2D, 0x2A2D, 0x2A2D,
  0x2A4D, 0x2A4D, 0x2A4D, 0x2A4D, 0x2A4D, 0x2A6E, 0x2A6E, 0x2A6E, 0x2A6E, 0x2A6E, 0x2A6E, 0x328E, 0x328E, 0x328E, 0x328F, 0x328F,
  0x32AF, 0x32AF, 0x32AF, 0x32AF, 0x32AF, 0x32AF, 0x32AF, 0x32AF, 0x32CF, 0x32CF, 0x3AD0, 0x3AD0, 0x3AF0, 0x3AF0, 0x3AF0, 0x3AF0,
  0x3AF0, 0x3AF0, 0x3B11, 0x3B11, 0x4311, 0x4311, 0x4331, 0x4331, 0x4331, 0x4352, 0x4352, 0x4372, 0x4B72, 0x4B93, 0x4B93, 0x4B93,
  0x4BB3, 0x53B4, 0x53D4, 0x5BF4, 0x5C15, 0x5C15, 0x6435, 0x6476, 0x6C77, 0x74D8, 0x7D19, 0x8559, 0x8D7A, 0x95BB, 0x9DFB, 0xA61C,
  0xAE5C, 0xAE7D, 0xB69D, 0xB6BD, 0xB6DE, 0xBEDE, 0xBEFE, 0xC6FE, 0xC71E, 0xC71E, 0xCF1E, 0xC71E, 0xC71E, 0xC6FE, 0xBEFE, 0xBEDE,
  0xB6BE, 0xB69D, 0xB69D, 0xAE7D, 0xAE5C, 0xA63C, 0x9DFB, 0x95BB, 0x857A, 0x7D19, 0x74F8, 0x74D7, 0x6CB7, 0x6C76, 0x6456, 0x6435,
  0x5C15, 0x53F4, 0x53D4, 0x53B4, 0x4B93, 0x4B73, 0x4372, 0x4352, 0x4352, 0x4332, 0x4332, 0x4311, 0x4311, 0x3B11, 0x3AF1, 0x3B11,
  0x3AF0, 0x3AF0, 0x3AF0, 0x3AF0, 0x3AF0, 0x3AD0, 0x32D0, 0x32D0, 0x32D0, 0x32D0, 0x32AF, 0x32AF, 0x32AF, 0x32AF, 0x32AF, 0x32AF,
  0x32AF, 0x328F, 0x328F, 0x328F, 0x328F, 0x2A8E, 0x2A8E, 0x2A6E, 0x2A6E, 0x2A6E, 0x2A6E, 0x2A6E, 0x2A4E, 0x2A4E, 0x2A4D, 0x2A4D,
  0x2A2D, 0x2A2D, 0x2A2D, 0x2A2D, 0x2A2D, 0x2A2D, 0x2A2D, 0x222D, 0x2A2D, 0x2A2D, 0x222C, 0x222D, 0x222C, 0x222C, 0x220C, 0x220C,
  0x220C, 0x2A0C, 0x2A0C, 0x220C, 0x220C, 0x220C, 0x2A0C, 0x220C, 0x220C, 0x220C, 0x220C, 0x220C, 0x220C, 0x220C, 0x220C, 0x220C,
  0x220C, 0x220C, 0x21EC, 0x2A0C, 0x220C, 0x220C, 0x220C, 0x21EB, 0x21EB, 0x21EB, 0x21EB, 0x21EB, 0x21EB, 0x21EB, 0x21EB, 0x21CB,
  0x1148, 0x1148, 0x1148, 0x1148, 0x1148, 0x1148, 0x1148, 0x1149, 0x1169, 0x1169, 0x1169, 0x1169, 0x1969, 0x1969, 0x1989, 0x1989,
  0x1989, 0x198A, 0x198A, 0x198A, 0x198A, 0x198A, 0x19AA, 0x19AA, 0x19AA, 0x21CA, 0x21CB, 0x21CB, 0x21CB, 0x21CB, 0x21EB, 0x21EB,
  0x21EB, 0x21EB, 0x21EB, 0x21EC, 0x21EC, 0x21EC, 0x220C, 0x220C, 0x2A0C, 0x220C, 0x222C, 0x2A2C, 0x2A2C, 0x2A2D, 0x2A2D, 0x2A2D,
  0x2A2D, 0x2A4D, 0x2A4D, 0x2A4D, 0x2A4D, 0x2A4D, 0x2A4D, 0x2A4D, 0x2A4D, 0x2A4D, 0x2A4D, 0x2A4D, 0x2A6D, 0x2A4D, 0x2A6D, 0x2A6E,
  0x2A6E, 0x2A6E, 0x2A6E, 0x2A6E, 0x326E, 0x328E, 0x328E, 0x328E, 0x328F, 0x328F, 0x328F, 0x32AF, 0x32AF, 0x32AF, 0x32AF, 0x32AF,
  0x32AF, 0x32CF, 0x3AD0, 0x3AD0, 0x3AF0, 0x3AF0, 0x3AF0, 0x3B10, 0x3B11, 0x4311, 0x4331, 0x4331, 0x4351, 0x4352, 0x4372, 0x4B93,
  0x53B3, 0x53B3, 0x53D4, 0x5BF4, 0x5C35, 0x6455, 0x6C76, 0x6C97, 0x6CB7, 0x74D8, 0x7D19, 0x8559, 0x8D9A, 0x9DFB, 0x9E1C, 0xAE5C,
  0xB6BD, 0xBEFE, 0xC71E, 0xC71E, 0xC71F, 0xC73F, 0xCF3F, 0xCF3F, 0xD75F, 0xCF3F, 0xCF3F, 0xCF3E, 0xC71E, 0xC71E, 0xC6DE, 0xBEBD,
  0xB69D, 0xAE5C, 0xA63C, 0x9DFB, 0x95BA, 0x959A, 0x8559, 0x7D18, 0x74F8, 0x6CB7, 0x6C76, 0x6455, 0x5C15, 0x5C14, 0x5BF4, 0x53D4,
  0x53B3, 0x4B93, 0x4B93, 0x4B73, 0x4372, 0x4352, 0x4352, 0x4352, 0x4332, 0x4332, 0x4331, 0x4331, 0x4311, 0x3B11, 0x3B11, 0x3AF1,
  0x3AF0, 0x3AF0, 0x3AF0, 0x3AF0, 0x3AD0, 0x3AD0, 0x32D0, 0x32D0, 0x32D0, 0x32D0, 0x32AF, 0x32B0, 0x32AF, 0x32AF, 0x32AF, 0x32AF,
  0x32AF, 0x32AF, 0x32AF, 0x32AF, 0x328F, 0x328F, 0x328F, 0x328F, 0x2A8E, 0x328E, 0x2A8E, 0x2A8E, 0x2A6E, 0x2A6E, 0x2A6E, 0x2A6E,
  0x2A6E, 0x2A6E, 0x2A6E, 0x2A6E, 0x2A6E, 0x2A6E, 0x2A6E, 0x2A6E, 0x2A6E, 0x2A4D, 0x2A4D, 0x2A4D, 0x2A4D, 0x2A4D, 0x2A4D, 0x2A2D,
  0x2A2D, 0x2A4D, 0x2A2D, 0x2A2D, 0x2A2D, 0x2A2D, 0x2A2D, 0x2A2D, 0x2A2D, 0x2A2D, 0x2A2D, 0x2A2C, 0x2A2C, 0x222C, 0x2A0C, 0x220C,
  0x220C, 0x220C, 0x220C, 0x2A0C, 0x220C, 0x220C, 0x220C, 0x220C, 0x220C, 0x220C, 0x220C, 0x220C, 0x220C, 0x220C, 0x220C, 0x21EC,
  0x19AA, 0x19AA, 0x19AA, 0x19AA, 0x19AA, 0x19CA, 0x19CA, 0x19CB, 0x21CB, 0x21CB, 0x21CB, 0x21EB, 0x21EB, 0x21EB, 0x21EB, 0x21EB,
  0x21EB, 0x21EB, 0x21EB, 0x21EB, 0x21EB, 0x21EB, 0x21EB, 0x220B, 0x2A0C, 0x2A0C, 0x2A0C, 0x2A0C, 0x2A0C, 0x2A0C, 0x2A0C, 0x2A0C,
  0x2A0C, 0x2A0C, 0x2A0C, 0x2A2D, 0x2A2D, 0x2A2D, 0x2A2D, 0x2A2D, 0x2A2D, 0x2A2D, 0x2A4D, 0x2A4D, 0x2A4D, 0x2A4D, 0x2A4D, 0x2A4D,
  0x2A4D, 0x2A4D, 0x2A4D, 0x2A4D, 0x2A4E, 0x2A4E, 0x2A6E, 0x2A6E, 0x2A6E, 0x2A6E, 0x326E, 0x326E, 0x2A8E, 0x2A6E, 0x326E, 0x2A8E,
  0x328E, 0x328E, 0x328E, 0x328F, 0x328F, 0x328F, 0x328F, 0x32AF, 0x32AF, 0x32AF, 0x32AF, 0x32AF, 0x32AF, 0x32AF, 0x32CF, 0x32CF,
  0x32CF, 0x3AD0, 0x3AD0, 0x3AF0, 0x3AF0, 0x3B10, 0x3B10, 0x3B11, 0x4311, 0x4331, 0x4331, 0x4351, 0x4352, 0x4B72, 0x4B72, 0x4B93,
  0x53B3, 0x53D4, 0x53D4, 0x5BF4, 0x6435, 0x6455, 0x6476, 0x6C96, 0x6C96, 0x74B7, 0x74F8, 0x7CF8, 0x8539, 0x8579, 0x8D9A, 0x95DA,
  0x95DA, 0x95BA, 0x9E1B, 0xA63C, 0xA63C, 0xAE7C, 0xB69D, 0xBEBD, 0xBEDD, 0xC6FE, 0xC6FE, 0xC6FE, 0xC6FE, 0xC6FE, 0xBEDD, 0xB6BD,
  0xB67C, 0xAE5C, 0xA63B, 0xA61B, 0x9DFB, 0x9DDB, 0x95BA, 0x959A, 0x8D79, 0x8D59, 0x8539, 0x8518, 0x7CF8, 0x74B7, 0x74B7, 0x6C96,
  0x6C76, 0x6C76, 0x6435, 0x5C15, 0x5C14, 0x53D4, 0x53B3, 0x53B3, 0x4B93, 0x4B93, 0x4B72, 0x4B72, 0x4B72, 0x4352, 0x4352, 0x4352,
  0x4331, 0x4331, 0x4331, 0x4311, 0x4311, 0x3B11, 0x3B11, 0x3B11, 0x3B11, 0x3AF1, 0x3AF1, 0x3AF0, 0x3AF0, 0x3AF0, 0x3AF0, 0x3AF0,
  0x3AF0, 0x3AF0, 0x3AD0, 0x3AD0, 0x3AD0, 0x3AD0, 0x32D0, 0x3AD0, 0x32D0, 0x32CF, 0x32CF, 0x32CF, 0x32CF, 0x32CF, 0x32AF, 0x32AF,
  0x32AF, 0x32AF, 0x32AF, 0x32AF, 0x32AF, 0x32AF, 0x32AF, 0x32AF, 0x32AF, 0x32AF, 0x32AF, 0x32AF, 0x328F, 0x328F, 0x328F, 0x328F,
  0x328F, 0x328E, 0x328E, 0x328E, 0x328E, 0x328E, 0x326E, 0x2A6E, 0x2A6E, 0x2A6E, 0x2A6E, 0x2A6E, 0x2A6E, 0x2A6E, 0x2A6E, 0x2A4E,
  0x2A4D, 0x2A4D, 0x2A4D, 0x2A4D, 0x2A4D, 0x2A4D, 0x2A4D, 0x2A4D, 0x2A4D, 0x2A4D, 0x2A4D, 0x2A4D, 0x2A4D, 0x2A4D, 0x2A4D, 0x2A4D,
  0x21CB, 0x21EB, 0x21CB, 0x21CB, 0x21EB, 0x21EB, 0x21CB, 0x21EB, 0x21EB, 0x21EB, 0x21EB, 0x21EB, 0x21EB, 0x21EB, 0x21EB, 0x21EB,
  0x21EB, 0x21EB, 0x21EB, 0x21EB, 0x21EB, 0x21EC, 0x21EB, 0x21EC, 0x220C, 0x2A0C, 0x2A0C, 0x2A0C, 0x2A0C, 0x2A0C, 0x2A0C, 0x2A0C,
  0x2A0C, 0x2A2C, 0x2A0D, 0x2A2D, 0x2A2C, 0x2A2D, 0x2A2D, 0x2A2D, 0x2A2D, 0x2A4D, 0x2A4D, 0x2A4D, 0x2A4D, 0x2A4D, 0x2A4D, 0x2A4D,
  0x2A6D, 0x2A6E, 0x2A6E, 0x2A6E, 0x2A6E, 0x326E, 0x326E, 0x326E, 0x328E, 0x328E, 0x328E, 0x328E, 0x328E, 0x328F, 0x32AF, 0x32AF,
  0x32AF, 0x32AF, 0x32AF, 0x32CF, 0x32CF, 0x32CF, 0x32D0, 0x3AD0, 0x3AD0, 0x3AD0, 0x3AD0, 0x3AF0, 0x3AF0, 0x3AF0, 0x3AF0, 0x3AF0,
  0x3AF0, 0x3B10, 0x3B10, 0x3B11, 0x3B10, 0x3B11, 0x4311, 0x4311, 0x4331, 0x4331, 0x4351, 0x4351, 0x4351, 0x4352, 0x4352, 0x4B72,
  0x4B93, 0x4B93, 0x4B93, 0x4B93, 0x4B93, 0x53D3, 0x53D3, 0x53D4, 0x5BF4, 0x5C15, 0x6476, 0x6C97, 0x6CB7, 0x6CB7, 0x7CF8, 0x7D18,
  0x8539, 0x8D79, 0x8D79, 0x9DDA, 0xA63B, 0xAE5C, 0xB67C, 0xBEBD, 0xBEDD, 0xC71E, 0xCF3F, 0xCF3E, 0xCF3F, 0xCF3F, 0xCF3F, 0xCF5F,
  0xCF3F, 0xCF3F, 0xCF3F, 0xC71E, 0xC6FE, 0xBEDE, 0xB6BD, 0xB69D, 0xB69D, 0xAE5C, 0xAE5C, 0xA61C, 0x95DB, 0x8D9A, 0x8D9A, 0x8D59,
  0x7D18, 0x7CF8, 0x6CB7, 0x6C97, 0x6C76, 0x6456, 0x5BF4, 0x5BF5, 0x5BF5, 0x53D4, 0x53B3, 0x53B3, 0x4B93, 0x4B73, 0x4B73, 0x4B72,
  0x4372, 0x4332, 0x4332, 0x4331, 0x4331, 0x3B11, 0x3B11, 0x3B11, 0x3B11, 0x3B11, 0x3AF0, 0x3AF0, 0x3AF0, 0x3AF0, 0x3AD0, 0x3AD0,
  0x3AD0, 0x3AD0, 0x32D0, 0x32D0, 0x32D0, 0x32CF, 0x32D0, 0x32CF, 0x32AF, 0x32AF, 0x32AF, 0x32AF, 0x32AF, 0x32AF, 0x32AF, 0x32AF,
  0x32AF, 0x32AF, 0x32AF, 0x32AF, 0x32AF, 0x32AF, 0x328F, 0x328F, 0x32AF, 0x32AF, 0x32AF, 0x328F, 0x328F, 0x32AF, 0x328F, 0x328F,
  0x328E, 0x328E, 0x328E, 0x328E, 0x2A6E, 0x2A6E, 0x2A6E, 0x2A6E, 0x2A6E, 0x2A6E, 0x2A6E, 0x2A6E, 0x2A6E, 0x2A6E, 0x2A6E, 0x2A6E,
  0x2A6E, 0x2A6E, 0x2A6E, 0x2A6E, 0x2A6E, 0x2A6E, 0x2A6D, 0x2A6E, 0x2A4D, 0x2A4D, 0x2A4D, 0x2A4D, 0x2A4D, 0x2A4D, 0x2A4D, 0x2A4D,
  0x21CB, 0x21CB, 0x21CB, 0x21CB, 0x21CB, 0x21CB, 0x21CB, 0x21EB, 0x21EB, 0x21EB, 0x21CB, 0x21EB, 0x21EB, 0x21EB, 0x21EB, 0x21EB,
  0x21EB, 0x21EB, 0x21EB, 0x21EB, 0x21EB, 0x21EC, 0x21EC, 0x21EB, 0x220C, 0x2A0C, 0x2A0C, 0x220C, 0x2A0C, 0x2A0C, 0x2A0C, 0x2A0C,
  0x2A0C, 0x2A0C, 0x2A0C, 0x2A2D, 0x2A2D, 0x2A2D, 0x2A2D, 0x2A2D, 0x2A2D, 0x2A2D, 0x2A4D, 0x2A4D, 0x2A4D, 0x2A4D, 0x2A4D, 0x2A4D,
  0x2A4D, 0x2A4E, 0x2A6E, 0x2A6E, 0x2A6E, 0x2A6E, 0x2A6E, 0x326E, 0x326E, 0x326E, 0x2A8E, 0x328E, 0x328E, 0x328E, 0x328E, 0x328E,
  0x328F, 0x328F, 0x328F, 0x328F, 0x32AF, 0x32AF, 0x32AF, 0x32AF, 0x32AF, 0x32AF, 0x32CF, 0x32CF, 0x3ACF, 0x32CF, 0x32CF, 0x3AD0,
  0x3AD0, 0x3AD0, 0x3AF0, 0x3AF0, 0x3AF0, 0x3AF0, 0x3B10, 0x3B10, 0x4311, 0x4331, 0x4331, 0x4351, 0x4351, 0x4351, 0x4B52, 0x4B92,
  0x53B3, 0x4BB3, 0x4B93, 0x53B3, 0x53D4, 0x5C35, 0x5C35, 0x5BF4, 0x6415, 0x6455, 0x6CB7, 0x7D18, 0x74D8, 0x7D18, 0x8D9A, 0x9E1C,
  0xB69D, 0xB6BD, 0xB6BD, 0xBEDE, 0xC73E, 0xCF1E, 0xCF3F, 0xCF5F, 0xCF5F, 0xCF5F, 0xD75F, 0xD75F, 0xD75F, 0xD75F, 0xD75F, 0xCF3E,
  0xCF3F, 0xC71E, 0xC6FE, 0xB6BD, 0xB69D, 0xAE5C, 0xA63C, 0x959A, 0x95BA, 0x959A, 0x8559, 0x7D18, 0x74D7, 0x6456, 0x6C97, 0x6476,
  0x5C35, 0x5C35, 0x53F4, 0x53D3, 0x53B3, 0x4B93, 0x4B93, 0x4B73, 0x4B73, 0x4B72, 0x4352, 0x4352, 0x4352, 0x4331, 0x4331, 0x3B11,
  0x4311, 0x4311, 0x3B11, 0x3B10, 0x3B11, 0x3B10, 0x3AF0, 0x3AF0, 0x3AD0, 0x3AF0, 0x3AD0, 0x3AD0, 0x3AD0, 0x3AD0, 0x32D0, 0x32AF,
  0x32AF, 0x32AF, 0x32AF, 0x32CF, 0x32AF, 0x32AF, 0x32AF, 0x32AF, 0x32AF, 0x32AF, 0x32AF, 0x328F, 0x32AF, 0x328F, 0x328F, 0x32AF,
  0x32AF, 0x32AF, 0x328F, 0x32AF, 0x328F, 0x328F, 0x2A8F, 0x328F, 0x328F, 0x328E, 0x328E, 0x2A8E, 0x328E, 0x326E, 0x2A6E, 0x2A6E,
  0x2A6E, 0x2A6E, 0x2A6E, 0x2A6E, 0x2A6E, 0x2A6E, 0x2A6E, 0x2A6E, 0x2A6E, 0x2A6D, 0x2A4E, 0x2A6E, 0x2A6E, 0x2A6E, 0x2A4D, 0x2A4D,
  0x2A4D, 0x2A4D, 0x2A6D, 0x2A4D, 0x2A4D, 0x2A6D, 0x2A4D, 0x2A4D, 0x2A4D, 0x2A4D, 0x2A4D, 0x2A4D, 0x2A4D, 0x2A4D, 0x2A4D, 0x2A4D,
  0x21CB, 0x19CA, 0x19AA, 0x21CB, 0x19CA, 0x19AA, 0x19AA, 0x19AB, 0x21CB, 0x21CB, 0x21CB, 0x21CB, 0x21CB, 0x21CB, 0x21CB, 0x21CB,
  0x21CB, 0x21EB, 0x21CB, 0x21EB, 0x21EB, 0x21EB, 0x21EB, 0x21EB, 0x220B, 0x2A0C, 0x220C, 0x2A0C, 0x220C, 0x220C, 0x2A0C, 0x2A0C,
  0x2A0C, 0x2A0C, 0x2A0C, 0x2A0D, 0x2A2C, 0x2A0C, 0x2A2D, 0x2A2D, 0x2A2D, 0x2A2D, 0x2A2D, 0x2A4D, 0x2A4D, 0x2A2D, 0x2A4D, 0x2A4D,
  0x2A4D, 0x2A4E, 0x2A4E, 0x2A6E, 0x2A6E, 0x2A6E, 0x2A6E, 0x2A6E, 0x326E, 0x326E, 0x326E, 0x328E, 0x326E, 0x326E, 0x328E, 0x328E,
  0x328E, 0x328E, 0x328E, 0x328F, 0x32AF, 0x32AF, 0x32AF, 0x32AF, 0x32AF, 0x32AF, 0x32AF, 0x32AF, 0x32AF, 0x32CF, 0x32CF, 0x32CF,
  0x32CF, 0x32D0, 0x3AF0, 0x3AF0, 0x3AF0, 0x3AF0, 0x3AF0, 0x3B10, 0x3B10, 0x4331, 0x4351, 0x4331, 0x4351, 0x4351, 0x4B72, 0x4B72,
  0x4B93, 0x4B93, 0x53B3, 0x53B3, 0x53D4, 0x5BF4, 0x5C15, 0x5C15, 0x6C76, 0x74D7, 0x7CF8, 0x7D18, 0x7D18, 0x7D18, 0x8559, 0x95DB,
  0xA61C, 0xAE5C, 0xB69C, 0xAE5C, 0xB67C, 0xB69D, 0xB67C, 0xBEBD, 0xBEDD, 0xBEBD, 0xBEDD, 0xC71E, 0xCF1E, 0xCF1E, 0xCF3E, 0xC6FD,
  0xBEBD, 0xAE5B, 0xAE3B, 0xA63B, 0x8D79, 0x8D59, 0x8D9A, 0x8D79, 0x7D18, 0x7CD7, 0x7D18, 0x7CF8, 0x6C97, 0x6476, 0x5C15, 0x5C15,
  0x53F4, 0x53D4, 0x53D4, 0x53D3, 0x53D4, 0x4BB3, 0x4BB3, 0x4B92, 0x4B72, 0x4B72, 0x4352, 0x4331, 0x4331, 0x4331, 0x4311, 0x3B11,
  0x3AF0, 0x3B10, 0x3AF0, 0x3AF0, 0x3AF0, 0x3AF0, 0x3AF0, 0x3AD0, 0x3AD0, 0x3AD0, 0x3AD0, 0x32CF, 0x32CF, 0x32CF, 0x32CF, 0x32AF,
  0x32AF, 0x32AF, 0x32AF, 0x32AF, 0x32AF, 0x32AF, 0x32AF, 0x32AF, 0x32AF, 0x328F, 0x328E, 0x328F, 0x328F, 0x328F, 0x328F, 0x328F,
  0x32AF, 0x32AF, 0x328F, 0x328E, 0x328F, 0x328F, 0x2A8E, 0x328E, 0x328E, 0x328E, 0x328E, 0x2A8E, 0x2A8E, 0x2A6E, 0x2A6E, 0x2A6E,
  0x2A6E, 0x2A6E, 0x2A6E, 0x2A6E, 0x2A6E, 0x2A6E, 0x2A6E, 0x2A4D, 0x2A6E, 0x2A6D, 0x2A4D, 0x2A4E, 0x2A4D, 0x2A4D, 0x2A4D, 0x2A4D,
  0x2A4D, 0x2A4D, 0x2A4D, 0x2A4D, 0x2A4D, 0x2A4D, 0x2A4D, 0x2A4D, 0x2A4D, 0x2A4D, 0x2A2D, 0x2A2D, 0x2A2D, 0x2A4D, 0x2A4D, 0x2A4D,
  0x19AA, 0x19AA, 0x19AA, 0x19AA, 0x19AA, 0x19AA, 0x19AA, 0x19AA, 0x19AA, 0x19AA, 0x19AA, 0x19CA, 0x21CB, 0x21CB, 0x21CB, 0x21CB,
  0x21CB, 0x21CB, 0x21CB, 0x21CB, 0x21EB, 0x21CB, 0x21EB, 0x21EB, 0x21EB, 0x21EB, 0x21EC, 0x220C, 0x21EC, 0x21EC, 0x2A0C, 0x2A0C,
  0x2A0C, 0x2A0C, 0x2A0C, 0x2A0C, 0x2A0C, 0x2A2C, 0x2A2C, 0x2A2C, 0x2A2C, 0x2A2C, 0x2A2D, 0x2A2D, 0x2A2D, 0x2A2D, 0x2A4D, 0x2A2D,
  0x2A4D, 0x2A4D, 0x2A4D, 0x2A4D, 0x2A4D, 0x2A4D, 0x2A4D, 0x2A6E, 0x2A6E, 0x2A6E, 0x2A6E, 0x2A6E, 0x2A6E, 0x326E, 0x326E, 0x328E,
  0x328E, 0x328E, 0x328E, 0x328F, 0x328F, 0x32AF, 0x328F, 0x328F, 0x32AF, 0x32AF, 0x32AF, 0x32AF, 0x32CF, 0x32CF, 0x32CF, 0x32CF,
  0x3AD0, 0x3AD0, 0x3AD0, 0x3AF0, 0x3AF0, 0x3AF0, 0x3B10, 0x4311, 0x4311, 0x4331, 0x4331, 0x4351, 0x4B51, 0x4B72, 0x4B92, 0x5393,
  0x4B93, 0x53B3, 0x5BD4, 0x5BF4, 0x5BF4, 0x5C14, 0x5BF4, 0x5C15, 0x74D7, 0x7D18, 0x7CF8, 0x8559, 0x8D7A, 0x95DB, 0x9E1C, 0xA63C,
  0xA65C, 0xAE7D, 0xBEDD, 0xC6FE, 0xC6FE, 0xC71E, 0xC6FE, 0xCF3E, 0xCF3E, 0xCF3F, 0xCF5E, 0xCF3E, 0xCF3E, 0xC6FE, 0xC6FE, 0xC71E,
  0xC6FE, 0xB69D, 0xAE5C, 0xAE7D, 0x9DFB, 0x8D79, 0x8D9A, 0x9DFB, 0x8559, 0x74D7, 0x6CB7, 0x6C96, 0x6476, 0x6456, 0x6435, 0x53D4,
  0x53D4, 0x53B3, 0x4B93, 0x4B93, 0x4B93, 0x4B93, 0x4B93, 0x4372, 0x4352, 0x4331, 0x4331, 0x4331, 0x3B11, 0x3AF0, 0x3AF0, 0x3B10,
  0x3B10, 0x3AF0, 0x3AF0, 0x3AD0, 0x3AF0, 0x3AD0, 0x3AD0, 0x3AD0, 0x32CF, 0x32CF, 0x32AF, 0x32AF, 0x32AF, 0x32AF, 0x32AF, 0x32AF,
  0x32AF, 0x328F, 0x328F, 0x328F, 0x328F, 0x328F, 0x32AF, 0x328F, 0x328E, 0x328E, 0x2A6E, 0x2A6E, 0x2A6E, 0x2A6E, 0x2A6E, 0x2A6E,
  0x2A6E, 0x2A6E, 0x2A6E, 0x2A6E, 0x326E, 0x2A6E, 0x2A6E, 0x2A4D, 0x2A4D, 0x2A6E, 0x2A4D, 0x2A4D, 0x2A6E, 0x2A6E, 0x2A4D, 0x2A4D,
  0x2A4D, 0x2A4D, 0x2A4D, 0x2A4D, 0x2A4D, 0x2A4D, 0x2A4D, 0x2A4D, 0x2A4D, 0x2A4D, 0x2A4D, 0x2A4D, 0x2A2D, 0x2A2D, 0x2A2D, 0x2A2D,
  0x2A2D, 0x2A2D, 0x2A2D, 0x2A2D, 0x2A2D, 0x2A2C, 0x2A2C, 0x2A2D, 0x2A2C, 0x2A2C, 0x2A2C, 0x2A2C, 0x2A2C, 0x2A2C, 0x2A2C, 0x2A2C,
  0x19AA, 0x19AA, 0x19AA, 0x19AA, 0x19AA, 0x19AA, 0x19AA, 0x19AA, 0x21CA, 0x21CB, 0x19CA, 0x19CA, 0x21CB, 0x21CB, 0x21CB, 0x21CB,
  0x21CB, 0x21CB, 0x21CB, 0x21CB, 0x21EB, 0x21EB, 0x21EB, 0x21EB, 0x21EB, 0x21EB, 0x21EB, 0x21EB, 0x21EC, 0x21EC, 0x220C, 0x2A0C,
  0x220C, 0x2A0C, 0x2A0C, 0x2A0C, 0x2A0C, 0x2A0D, 0x2A0C, 0x2A2C, 0x2A0C, 0x2A2C, 0x2A2C, 0x2A2C, 0x2A2C, 0x2A2D, 0x2A2D, 0x2A2D,
  0x2A2D, 0x2A4D, 0x2A4D, 0x2A4D, 0x2A4D, 0x2A4D, 0x2A4D, 0x2A4D, 0x2A4D, 0x2A6E, 0x2A6E, 0x2A6E, 0x2A6E, 0x2A6E, 0x2A6E, 0x326E,
  0x326E, 0x326E, 0x328E, 0x328E, 0x328E, 0x328E, 0x328E, 0x328F, 0x328E, 0x328E, 0x328F, 0x32AF, 0x32AF, 0x32AF, 0x32CF, 0x32CF,
  0x3ACF, 0x3AD0, 0x3AF0, 0x3AF0, 0x3AF0, 0x4310, 0x3B10, 0x4331, 0x4331, 0x4351, 0x4351, 0x4B72, 0x4B92, 0x4B93, 0x53B3, 0x53D3,
  0x53D3, 0x53D4, 0x5C15, 0x6435, 0x6456, 0x6C76, 0x6C96, 0x74B7, 0x7CF8, 0x7CF8, 0x8559, 0x8D9A, 0x95DB, 0x9E1B, 0x9E1B, 0xA65C,
  0xB69D, 0xB6BE, 0xBEBD, 0xC6FE, 0xC71E, 0xC71E, 0xC71E, 0xCF3E, 0xD75F, 0xD75F, 0xD75F, 0xD75F, 0xCF3E, 0xCF3E, 0xCF1E, 0xC6FE,
  0xC6FE, 0xBEDD, 0xB69D, 0xB69D, 0xAE9D, 0xA63B, 0xA63C, 0x9DFB, 0x9DFB, 0x95DB, 0x857A, 0x74F8, 0x74B7, 0x6C76, 0x6455, 0x5C15,
  0x53D4, 0x53D4, 0x5C14, 0x53B3, 0x4B72, 0x4352, 0x4B72, 0x4B52, 0x4352, 0x4331, 0x4311, 0x4311, 0x3B10, 0x3AF0, 0x3AF0, 0x3AF0,
  0x3AF0, 0x3AF0, 0x3AF0, 0x3AD0, 0x32CF, 0x32AF, 0x32AF, 0x32AF, 0x32AF, 0x328F, 0x32AF, 0x328F, 0x328E, 0x328E, 0x326E, 0x328E,
  0x2A6E, 0x2A6E, 0x2A6E, 0x326E, 0x328E, 0x2A6E, 0x2A6E, 0x2A6E, 0x2A6E, 0x2A6E, 0x2A4E, 0x2A4D, 0x2A4D, 0x2A4D, 0x2A4D, 0x2A4D,
  0x2A4D, 0x2A4D, 0x2A4D, 0x2A2D, 0x2A4D, 0x2A2D, 0x2A2D, 0x2A4D, 0x2A4D, 0x2A4D, 0x2A4D, 0x2A2D, 0x2A2D, 0x2A4D, 0x2A2D, 0x2A2D,
  0x2A2D, 0x2A2D, 0x2A2D, 0x2A2D, 0x2A0C, 0x2A0C, 0x2A2C, 0x2A2C, 0x220C, 0x220C, 0x220C, 0x220C, 0x2A0C, 0x2A0C, 0x2A0C, 0x2A0C,
  0x220C, 0x2A0C, 0x2A0C, 0x21EC, 0x21EC, 0x2A0C, 0x2A0C, 0x220C, 0x220C, 0x220C, 0x220C, 0x220C, 0x220C, 0x220C, 0x220C, 0x220C,
  0x19AA, 0x19AA, 0x19AA, 0x19AA, 0x19AA, 0x19AA, 0x19AA, 0x19AA, 0x19AA, 0x19AA, 0x21CB, 0x19CA, 0x19AA, 0x21CB, 0x21CA, 0x21CB,
  0x21CB, 0x21CB, 0x21CB, 0x21CB, 0x21CB, 0x21CB, 0x21EB, 0x21EB, 0x21EB, 0x21EB, 0x21EB, 0x21EB, 0x21EB, 0x21EB, 0x21EC, 0x21EC,
  0x21EC, 0x21EC, 0x2A0C, 0x2A0C, 0x2A0C, 0x2A0C, 0x2A0C, 0x2A0C, 0x2A0C, 0x2A0C, 0x2A0C, 0x2A2C, 0x2A2C, 0x2A2C, 0x2A2D, 0x2A2D,
  0x2A2D, 0x2A2D, 0x2A4D, 0x2A4D, 0x2A4D, 0x2A4D, 0x2A4D, 0x2A4D, 0x2A4D, 0x2A4D, 0x2A4D, 0x2A6D, 0x2A4D, 0x2A6D, 0x2A6E, 0x326E,
  0x326E, 0x2A6E, 0x2A6E, 0x326E, 0x326E, 0x328E, 0x328E, 0x328E, 0x328E, 0x328E, 0x328E, 0x32AF, 0x32AF, 0x32AF, 0x32CF, 0x3ACF,
  0x3ACF, 0x3AD0, 0x3AF0, 0x3AF0, 0x3AF0, 0x3B10, 0x4311, 0x4331, 0x4331, 0x4351, 0x4351, 0x4B72, 0x53B3, 0x53D3, 0x53D4, 0x53D3,
  0x53D3, 0x5BF4, 0x5C14, 0x5C15, 0x6435, 0x6C97, 0x74B7, 0x74D7, 0x74D7, 0x7D18, 0x8D7A, 0x8D9A, 0x95DB, 0x9E1B, 0x9E1C, 0xA63C,
  0xA63C, 0xAE7C, 0xB69D, 0xBEDD, 0xBEDD, 0xC71E, 0xC71E, 0xCF3E, 0xCF3E, 0xCF3E, 0xD75E, 0xD77F, 0xD75F, 0xDF7F, 0xD75F, 0xCF3E,
  0xCF5E, 0xCF3E, 0xCF3F, 0xC71E, 0xBEDE, 0xAE7C, 0xAE7D, 0xA61B, 0x9DFB, 0x8D7A, 0x8559, 0x8559, 0x8559, 0x7CF8, 0x6C97, 0x6456,
  0x5C35, 0x5C15, 0x53F4, 0x5C15, 0x53D4, 0x53B4, 0x4B93, 0x4B93, 0x4B72, 0x4B72, 0x4351, 0x4311, 0x4311, 0x4311, 0x3B10, 0x3AF0,
  0x3AF0, 0x3AF0, 0x3AF0, 0x3AD0, 0x32AF, 0x32AF, 0x32AF, 0x32AF, 0x32AF, 0x328F, 0x328F, 0x328F, 0x328E, 0x328E, 0x328E, 0x2A8E,
  0x2A8E, 0x326E, 0x326E, 0x326E, 0x326E, 0x2A6E, 0x2A6E, 0x2A6E, 0x2A6E, 0x2A4D, 0x2A4D, 0x2A4D, 0x2A4D, 0x2A4D, 0x2A4D, 0x2A4D,
  0x2A4D, 0x2A4D, 0x2A4D, 0x2A4D, 0x2A4D, 0x2A4D, 0x2A4D, 0x2A4D, 0x2A4D, 0x2A2D, 0x2A4D, 0x2A2D, 0x2A2D, 0x2A2D, 0x2A2C, 0x2A2C,
  0x2A2C, 0x2A2C, 0x2A0C, 0x2A0C, 0x2A0C, 0x220C, 0x220C, 0x2A0C, 0x2A0C, 0x2A0C, 0x2A0C, 0x2A0C, 0x2A0C, 0x220C, 0x2A0C, 0x2A0C,
  0x2A0C, 0x2A0C, 0x21EC, 0x220C, 0x21EC, 0x220C, 0x21EB, 0x220B, 0x21EC, 0x220C, 0x21EC, 0x21EC, 0x220C, 0x21EB, 0x21EB, 0x21EB,
  0x19AA, 0x19AA, 0x19AA, 0x19AA, 0x19AA, 0x19AA, 0x19CA, 0x19AA, 0x19AA, 0x19AA, 0x19AA, 0x19AA, 0x19CA, 0x21CB, 0x19AA, 0x21CB,
  0x21CB, 0x21CB, 0x21CB, 0x21CB, 0x21CB, 0x21EB, 0x21CB, 0x21EB, 0x21EB, 0x21EB, 0x21EB, 0x21EB, 0x21EB, 0x21EB, 0x21EB, 0x21EC,
  0x21EC, 0x220C, 0x21EC, 0x220C, 0x2A0C, 0x2A0C, 0x2A0C, 0x220C, 0x2A0C, 0x2A0C, 0x2A0C, 0x2A0C, 0x2A0C, 0x2A2C, 0x2A2C, 0x2A2D,
  0x2A2D, 0x2A2C, 0x2A2D, 0x2A2D, 0x2A2D, 0x2A2D, 0x2A4D, 0x2A4D, 0x2A4D, 0x2A4D, 0x2A4D, 0x2A4D, 0x2A4D, 0x2A4D, 0x2A6E, 0x2A6D,
  0x2A6E, 0x2A6E, 0x326E, 0x326E, 0x326E, 0x328E, 0x326E, 0x326E, 0x328E, 0x328E, 0x328E, 0x328E, 0x328F, 0x32AE, 0x32AF, 0x32AF,
  0x3ACF, 0x3ACF, 0x3AD0, 0x3ACF, 0x3AD0, 0x3AD0, 0x3AF0, 0x3B10, 0x4310, 0x4331, 0x4331, 0x4331, 0x4351, 0x4351, 0x4B72, 0x4B72,
  0x4B93, 0x53D3, 0x53D4, 0x53F4, 0x5C14, 0x6435, 0x6C76, 0x6C96, 0x6C96, 0x74D7, 0x7D18, 0x7D18, 0x8559, 0x8559, 0x8D7A, 0x95DA,
  0x9DFB, 0xA61B, 0xA63C, 0xAE7C, 0xB69C, 0xBEBD, 0xBEDD, 0xC6FE, 0xCF1E, 0xCF1E, 0xCF5E, 0xD77F, 0xD77F, 0xDF7F, 0xDF7F, 0xDF7F,
  0xD75F, 0xCF3E, 0xC71E, 0xC71E, 0xBEDD, 0xBEFE, 0xB6BD, 0xB69D, 0xA63C, 0x95DB, 0x95DB, 0x95BA, 0x7D18, 0x7D18, 0x74F8, 0x6476,
  0x5C15, 0x5C15, 0x5BF5, 0x5C35, 0x5BF4, 0x6435, 0x6435, 0x4B92, 0x4B72, 0x4B92, 0x4B72, 0x4331, 0x4311, 0x4331, 0x4331, 0x3B11,
  0x3B10, 0x3AF0, 0x32CF, 0x32CF, 0x32D0, 0x32CF, 0x32AF, 0x32CF, 0x32AF, 0x328F, 0x328F, 0x328F, 0x328E, 0x2A6E, 0x2A6E, 0x2A6E,
  0x2A6E, 0x2A6E, 0x2A4D, 0x2A4D, 0x2A4D, 0x2A4D, 0x2A4D, 0x2A2D, 0x2A2D, 0x2A2D, 0x2A4D, 0x2A4D, 0x2A4D, 0x2A4D, 0x2A2D, 0x2A2D,
  0x2A2C, 0x2A2C, 0x2A2C, 0x2A2C, 0x2A2D, 0x2A2D, 0x2A2D, 0x2A2C, 0x2A2C, 0x2A2C, 0x2A0C, 0x2A2C, 0x2A2C, 0x2A0C, 0x2A2C, 0x2A0C,
  0x220C, 0x220C, 0x220C, 0x2A0C, 0x2A0C, 0x21EC, 0x21EB, 0x21CB, 0x21CB, 0x21CB, 0x21EB, 0x21EB, 0x21CB, 0x21EB, 0x21CB, 0x21CB,
  0x21CB, 0x21CB, 0x21CB, 0x21CB, 0x21CB, 0x21CB, 0x21EB, 0x21EB, 0x21EB, 0x21CB, 0x21CA, 0x19AA, 0x21CB, 0x21CB, 0x21CB, 0x21CB,
  0x19AA, 0x19AA, 0x19AA, 0x19AA, 0x19AA, 0x19AA, 0x19AA, 0x19AA, 0x19AA, 0x19AA, 0x19AA, 0x19AA, 0x21CA, 0x21CA, 0x19CA, 0x19AA,
  0x21CA, 0x21CB, 0x21CB, 0x21CB, 0x21CB, 0x21CB, 0x21CB, 0x21EB, 0x21EB, 0x21EB, 0x21EB, 0x21CB, 0x21EB, 0x21EB, 0x21EB, 0x21EB,
  0x21EB, 0x21EC, 0x21EC, 0x21EC, 0x220C, 0x220C, 0x2A0C, 0x21EC, 0x2A0C, 0x2A0C, 0x220C, 0x2A0C, 0x2A0C, 0x2A0C, 0x2A0C, 0x2A0C,
  0x2A2C, 0x2A2C, 0x2A2D, 0x2A2D, 0x2A2D, 0x2A2D, 0x2A4D, 0x2A4D, 0x2A4D, 0x2A4D, 0x2A4D, 0x2A4D, 0x2A4D, 0x2A4D, 0x2A4D, 0x2A4D,
  0x2A4D, 0x2A6E, 0x326E, 0x2A6D, 0x2A6E, 0x326E, 0x328E, 0x328E, 0x328E, 0x328E, 0x328E, 0x328E, 0x328E, 0x32AE, 0x32AF, 0x32AF,
  0x32AF, 0x32AF, 0x32AF, 0x32AF, 0x3ACF, 0x3AD0, 0x3AD0, 0x3AF0, 0x3AF0, 0x3AF0, 0x4311, 0x4331, 0x4331, 0x4351, 0x4B52, 0x4B72,
  0x4B92, 0x53B3, 0x53D3, 0x53D3, 0x5BF4, 0x5C14, 0x6435, 0x6476, 0x6CB7, 0x6CB7, 0x74B7, 0x7D18, 0x8538, 0x8538, 0x8559, 0x95DA,
  0x9DDA, 0xA63C, 0xA65C, 0xAE5C, 0xB69D, 0xBEDD, 0xBEDD, 0xC6FE, 0xCF5F, 0xCF3E, 0xCF3E, 0xCF5E, 0xD73E, 0xD75E, 0xDF7F, 0xDF9F,
  0xD75F, 0xC71E, 0xBEDD, 0xC6FE, 0xC6FD, 0xBEDD, 0xA63C, 0x95BA, 0x9DFB, 0xA65C, 0x9E1B, 0x95DA, 0x7CF8, 0x74F8, 0x6C97, 0x6435,
  0x6456, 0x5C35, 0x5C15, 0x53D4, 0x53D3, 0x5C15, 0x53D4, 0x53B3, 0x4B93, 0x4B52, 0x4352, 0x4B52, 0x4B52, 0x4331, 0x3B11, 0x3B11,
  0x3AF0, 0x3AF0, 0x3AF0, 0x3AD0, 0x3ACF, 0x32CF, 0x32AF, 0x328F, 0x328F, 0x328E, 0x2A6E, 0x2A6E, 0x2A6E, 0x2A6E, 0x2A6E, 0x2A6E,
  0x2A4E, 0x2A4D, 0x2A4D, 0x2A4D, 0x2A4D, 0x2A2D, 0x2A2D, 0x2A2D, 0x2A2D, 0x2A2D, 0x222C, 0x2A2C, 0x2A2C, 0x2A2D, 0x2A2D, 0x2A2D,
  0x2A2D, 0x2A2C, 0x2A2C, 0x2A2C, 0x2A2C, 0x2A2C, 0x2A2C, 0x220C, 0x2A0C, 0x220C, 0x21EB, 0x21EC, 0x220C, 0x2A0C, 0x220C, 0x21EC,
  0x21EC, 0x220C, 0x220C, 0x220C, 0x21EB, 0x21EB, 0x21EB, 0x21EB, 0x21EB, 0x21CB, 0x21CB, 0x21CB, 0x21CB, 0x21EB, 0x21CB, 0x19CA,
  0x21CB, 0x21CB, 0x21CB, 0x21CB, 0x21CA, 0x19CA, 0x19CA, 0x19CA, 0x19AA, 0x19AA, 0x19AA, 0x19AA, 0x19AA, 0x19AA, 0x19AA, 0x19AA,
  0x198A, 0x198A, 0x19AA, 0x19AA, 0x19AA, 0x19AA, 0x19AA, 0x19AA, 0x19AA, 0x19AA, 0x19AA, 0x19AA, 0x19AA, 0x19AA, 0x19AA, 0x19AA,
  0x21AA, 0x19CA, 0x19CA, 0x21CA, 0x19CA, 0x21CA, 0x21CB, 0x21CB, 0x21CB, 0x21CB, 0x21CB, 0x21EB, 0x21EB, 0x21EB, 0x21EB, 0x21EB,
  0x21EC, 0x21EC, 0x21EB, 0x21EB, 0x21EB, 0x21EB, 0x21EC, 0x21EB, 0x21EC, 0x21EC, 0x220C, 0x2A0C, 0x2A0C, 0x2A0C, 0x2A0C, 0x2A0C,
  0x2A0C, 0x2A0C, 0x2A2C, 0x2A2C, 0x2A2C, 0x2A2C, 0x2A2C, 0x2A2D, 0x2A2D, 0x2A4D, 0x2A4D, 0x2A4D, 0x2A4D, 0x2A4D, 0x2A4D, 0x2A4D,
  0x2A6E, 0x2A6D, 0x2A4D, 0x2A6D, 0x2A6D, 0x2A6E, 0x326E, 0x326E, 0x326E, 0x328E, 0x328E, 0x328E, 0x328E, 0x328E, 0x328E, 0x328E,
  0x328F, 0x32AE, 0x32AE, 0x32AF, 0x32CF, 0x3AD0, 0x3ACF, 0x3AF0, 0x3AF0, 0x4331, 0x4351, 0x4331, 0x4331, 0x4B51, 0x4B72, 0x4B72,
  0x4B72, 0x4B93, 0x53D4, 0x5BF4, 0x53D3, 0x5BF4, 0x6435, 0x6C76, 0x74B7, 0x74B7, 0x7CF8, 0x8539, 0x8559, 0x95BA, 0x9DDB, 0x9DDA,
  0x9DDA, 0xA63C, 0xAE5C, 0xAE7C, 0xB69D, 0xBEDE, 0xBEDD, 0xC6FE, 0xC6FD, 0xCF3E, 0xCF1E, 0xC6FD, 0xCF3E, 0xCF3E, 0xCF3E, 0xD75F,
  0xD75F, 0xCF3E, 0xCF3E, 0xC71E, 0xC6FD, 0xBEBD, 0xAE7D, 0xAE9D, 0xB69D, 0xA65C, 0x9E1B, 0x95DB, 0x8D7A, 0x8559, 0x74D7, 0x74B7,
  0x74B7, 0x6435, 0x6456, 0x6455, 0x5C14, 0x5BF4, 0x53D4, 0x53D3, 0x53F4, 0x53B3, 0x53B3, 0x4B72, 0x4B52, 0x4331, 0x4331, 0x4331,
  0x4351, 0x4331, 0x3AF0, 0x3B10, 0x3AF0, 0x3AF0, 0x3AD0, 0x32CF, 0x32AF, 0x32AF, 0x328F, 0x328E, 0x328E, 0x328E, 0x328E, 0x328E,
  0x326E, 0x2A6E, 0x2A6E, 0x2A6E, 0x2A6E, 0x2A6E, 0x2A6D, 0x2A4D, 0x2A2D, 0x2A2D, 0x2A2C, 0x2A2C, 0x2A2C, 0x2A2D, 0x2A2D, 0x2A0C,
  0x2A0C, 0x2A0C, 0x2A2C, 0x2A2C, 0x2A2C, 0x2A2C, 0x2A2D, 0x2A2C, 0x2A0C, 0x2A0C, 0x2A0C, 0x21EC, 0x220C, 0x2A2C, 0x2A2C, 0x220C,
  0x21EC, 0x220C, 0x21EC, 0x21EC, 0x21EB, 0x21EB, 0x21EC, 0x220C, 0x220B, 0x21EB, 0x21EB, 0x21EB, 0x21CB, 0x21EB, 0x21EB, 0x21EB,
  0x21CB, 0x21CB, 0x21CB, 0x19CB, 0x21CB, 0x21CB, 0x19CB, 0x21CA, 0x19CA, 0x19AA, 0x19AA, 0x19AA, 0x19AA, 0x19AA, 0x19AA, 0x19AA,
  0x198A, 0x19AA, 0x198A, 0x198A, 0x198A, 0x198A, 0x19AA, 0x19AA, 0x19AA, 0x198A, 0x19AA, 0x19AA, 0x19AA, 0x19AA, 0x19AA, 0x19AA,
  0x19AA, 0x19CA, 0x19CA, 0x19CA, 0x19AA, 0x21CB, 0x21CB, 0x21CB, 0x21CB, 0x21CB, 0x21CB, 0x21CB, 0x21CB, 0x21EB, 0x21EB, 0x21EB,
  0x21EB, 0x21EB, 0x21EB, 0x21EB, 0x21EB, 0x21EC, 0x21EC, 0x21EC, 0x21EC, 0x21EC, 0x21EC, 0x220C, 0x220C, 0x220C, 0x220C, 0x2A0C,
  0x2A0C, 0x2A0C, 0x2A0C, 0x2A2C, 0x2A2C, 0x2A2C, 0x2A2C, 0x2A2C, 0x2A2D, 0x2A4D, 0x2A4D, 0x2A4D, 0x2A4D, 0x2A4D, 0x2A4D, 0x2A4D,
  0x2A4D, 0x2A4D, 0x2A6D, 0x2A4D, 0x2A6D, 0x326E, 0x326E, 0x326E, 0x326E, 0x326E, 0x326E, 0x328E, 0x328E, 0x328E, 0x328E, 0x328E,
  0x32AE, 0x32AF, 0x32AF, 0x32AF, 0x32AF, 0x3AF0, 0x3AF0, 0x3AF0, 0x3AF0, 0x3B10, 0x4310, 0x4310, 0x4351, 0x4351, 0x4B72, 0x4B52,
  0x4351, 0x4B72, 0x53B3, 0x5BF4, 0x53D3, 0x5BF4, 0x5C15, 0x6435, 0x6C76, 0x7CF8, 0x8D79, 0x8559, 0x8D9A, 0x95DB, 0xA63C, 0xA63C,
  0xAE7D, 0xB69D, 0xB69D, 0xBEDE, 0xBEDD, 0xAE7C, 0xBEDD, 0xC6FE, 0xBEDD, 0xC6FD, 0xCF1E, 0xCF3E, 0xCF3E, 0xD75F, 0xD75E, 0xCF3E,
  0xCF3E, 0xCF3E, 0xCF3E, 0xCF3F, 0xCF3E, 0xBEDD, 0xB6BD, 0xB69D, 0xAE7D, 0xB69D, 0xA65C, 0x8D9A, 0x7D18, 0x7D18, 0x7CF8, 0x8539,
  0x7D18, 0x6CB7, 0x6456, 0x6C76, 0x6C76, 0x5BF4, 0x53D3, 0x53B3, 0x4B92, 0x4B92, 0x4B72, 0x4B52, 0x4B92, 0x4B92, 0x4352, 0x4331,
  0x4311, 0x3B10, 0x4310, 0x3B10, 0x3AD0, 0x3ACF, 0x32CF, 0x3AD0, 0x32AF, 0x32AF, 0x328F, 0x328E, 0x328E, 0x328E, 0x328E, 0x328E,
  0x328E, 0x2A6E, 0x2A4D, 0x2A4D, 0x2A4D, 0x2A4D, 0x2A6D, 0x2A4D, 0x2A4D, 0x2A4D, 0x2A4D, 0x2A4D, 0x2A4D, 0x2A2D, 0x2A2D, 0x2A2D,
  0x2A4D, 0x2A2D, 0x2A2C, 0x2A2C, 0x2A0C, 0x2A0C, 0x2A0C, 0x2A0C, 0x2A2C, 0x2A0C, 0x2A0C, 0x2A2C, 0x2A0C, 0x2A0C, 0x2A2C, 0x2A2C,
  0x2A2C, 0x2A0C, 0x2A0C, 0x2A0C, 0x2A0C, 0x220C, 0x2A0C, 0x21EB, 0x21EB, 0x21EB, 0x21EB, 0x21EB, 0x21EB, 0x21EB, 0x21EB, 0x21EB,
  0x21CB, 0x21EB, 0x21CB, 0x21CB, 0x21EB, 0x21CB, 0x19CB, 0x19AA, 0x19AA, 0x19AA, 0x21CB, 0x21CB, 0x21CB, 0x19AA, 0x19AA, 0x21CA,
  0x198A, 0x1989, 0x198A, 0x198A, 0x198A, 0x198A, 0x198A, 0x19AA, 0x19AA, 0x19AA, 0x19AA, 0x19AA, 0x19AA, 0x19AA, 0x19AA, 0x19AA,
  0x19AA, 0x19AA, 0x19AA, 0x19AA, 0x21CA, 0x19CA, 0x19AA, 0x21CA, 0x21CA, 0x19CA, 0x21CB, 0x21CB, 0x21CB, 0x21EB, 0x21EB, 0x21EB,
  0x21EB, 0x21EB, 0x21EB, 0x21EB, 0x21EB, 0x21EB, 0x21EC, 0x21EB, 0x220C, 0x21EC, 0x220C, 0x220C, 0x220C, 0x220C, 0x2A0C, 0x2A0C,
  0x2A0C, 0x220C, 0x2A0C, 0x220C, 0x2A0C, 0x2A2C, 0x2A2C, 0x2A2D, 0x2A2C, 0x2A2D, 0x2A2D, 0x2A2D, 0x2A2D, 0x2A4D, 0x2A4D, 0x2A4D,
  0x2A4D, 0x2A4D, 0x2A4D, 0x2A6D, 0x2A6E, 0x2A6E, 0x2A6E, 0x326E, 0x326E, 0x326E, 0x328E, 0x328E, 0x328E, 0x328E, 0x328E, 0x32AF,
  0x32AE, 0x32AF, 0x32AF, 0x32AF, 0x32CF, 0x3ACF, 0x3AEF, 0x3AF0, 0x3AF0, 0x3AF0, 0x4310, 0x4331, 0x4331, 0x4351, 0x4351, 0x4351,
  0x4B72, 0x4B92, 0x53B3, 0x53B3, 0x53B3, 0x5C14, 0x6C76, 0x6455, 0x6C96, 0x74D7, 0x6C96, 0x74F8, 0x7D18, 0x8D9A, 0x9E1B, 0xAE5C,
  0xAE5C, 0x9DFB, 0xA61B, 0xA63C, 0xAE7C, 0xBEBD, 0xBEFD, 0xCF1E, 0xC6FE, 0xCF3E, 0xCF3E, 0xCF3E, 0xC71E, 0xCF3E, 0xD77F, 0xCF1E,
  0xCF3E, 0xCF3E, 0xC71E, 0xBEDD, 0xB69D, 0xB69D, 0xBEDD, 0xB6BD, 0xA63C, 0x9E1B, 0x95DA, 0x95FB, 0x95BB, 0x8559, 0x7D18, 0x7D18,
  0x74D7, 0x6C96, 0x6435, 0x6435, 0x5BF4, 0x53D3, 0x5BF4, 0x5393, 0x53B3, 0x53D3, 0x53B3, 0x4B72, 0x4351, 0x4331, 0x4311, 0x3B10,
  0x3AF0, 0x3AF0, 0x3AF0, 0x3AD0, 0x3AF0, 0x3AF0, 0x32CF, 0x32CF, 0x32AF, 0x328F, 0x328E, 0x326E, 0x2A6E, 0x2A8E, 0x326E, 0x326E,
  0x2A6E, 0x2A4D, 0x2A4D, 0x2A4D, 0x2A4D, 0x2A4D, 0x2A4D, 0x2A4D, 0x2A2D, 0x2A2D, 0x2A4D, 0x2A2C, 0x2A2D, 0x2A2D, 0x222C, 0x2A2C,
  0x2A2C, 0x2A0C, 0x220C, 0x2A0C, 0x220C, 0x220C, 0x21EC, 0x220C, 0x220C, 0x21EC, 0x2A0C, 0x2A0C, 0x220C, 0x2A0C, 0x2A0C, 0x2A0C,
  0x220C, 0x220C, 0x220B, 0x21EB, 0x21EB, 0x220C, 0x21EB, 0x21EB, 0x21EB, 0x21EB, 0x21EB, 0x21CB, 0x21EB, 0x21EB, 0x21CB, 0x21CA,
  0x19CA, 0x21CB, 0x19CA, 0x198A, 0x19AA, 0x19AA, 0x19AA, 0x19AA, 0x19AA, 0x19AA, 0x19AA, 0x19AA, 0x19AA, 0x19AA, 0x19AA, 0x19AA,
  0x198A, 0x19A9, 0x1989, 0x1989, 0x198A, 0x198A, 0x198A, 0x198A, 0x198A, 0x19AA, 0x198A, 0x198A, 0x19AA, 0x19AA, 0x19AA, 0x19AA,
  0x19AA, 0x21AA, 0x19AA, 0x19AA, 0x19AA, 0x19AA, 0x19AA, 0x19CA, 0x21CA, 0x21CA, 0x21CB, 0x21CB, 0x21CB, 0x21CB, 0x21CB, 0x21CB,
  0x21CB, 0x21EB, 0x21EB, 0x21EB, 0x21EB, 0x21EB, 0x21EB, 0x21EB, 0x21EC, 0x21EB, 0x220B, 0x220C, 0x21EC, 0x220C, 0x220C, 0x2A0C,
  0x220C, 0x220C, 0x2A0C, 0x220C, 0x2A0C, 0x2A0C, 0x2A2C, 0x222C, 0x222C, 0x2A2C, 0x2A2C, 0x2A2C, 0x2A2D, 0x2A2D, 0x2A2D, 0x2A4D,
  0x2A4D, 0x2A4D, 0x2A4D, 0x2A4D, 0x2A4D, 0x2A4D, 0x2A6D, 0x2A6D, 0x326E, 0x2A6E, 0x2A6E, 0x326E, 0x326E, 0x326E, 0x328E, 0x328E,
  0x328E, 0x32AE, 0x32AF, 0x32AF, 0x32AF, 0x3ACF, 0x3ACF, 0x3ACF, 0x3ACF, 0x3AF0, 0x3B10, 0x4311, 0x4331, 0x4331, 0x4B52, 0x4B72,
  0x53B3, 0x4B92, 0x4BB3, 0x53B3, 0x53B3, 0x53B3, 0x5C14, 0x6476, 0x6C96, 0x6C96, 0x74D7, 0x74D7, 0x74D7, 0x7D18, 0x8D79, 0x9DFB,
  0xA61B, 0xA61B, 0x9E1B, 0xB69D, 0xB6BD, 0xB6BD, 0xBEDD, 0xBEBD, 0xC6FE, 0xCF3E, 0xCF5E, 0xCF1E, 0xCF1E, 0xD75E, 0xD77F, 0xD77F,
  0xD75E, 0xC71E, 0xBEDD, 0xAE7C, 0x9DFB, 0xA63C, 0xB67D, 0xA61B, 0x9E1B, 0x8D9A, 0x8D9A, 0x9E1B, 0x9DFB, 0x8D9A, 0x7D18, 0x74D7,
  0x7CF8, 0x7CF8, 0x7497, 0x6455, 0x5BF4, 0x5C14, 0x4BB3, 0x53B3, 0x53D3, 0x53D3, 0x4B93, 0x4331, 0x4331, 0x4331, 0x3AF0, 0x4331,
  0x3B10, 0x3AF0, 0x3AF0, 0x3AF0, 0x3AD0, 0x32CF, 0x32AF, 0x32AF, 0x32AF, 0x328E, 0x2A6E, 0x326E, 0x2A8E, 0x2A6E, 0x326E, 0x2A6E,
  0x2A6D, 0x2A4D, 0x2A4D, 0x2A4D, 0x2A2D, 0x2A4D, 0x2A2D, 0x222C, 0x2A2C, 0x2A2C, 0x2A2D, 0x2A2C, 0x2A2C, 0x2A2C, 0x222C, 0x220C,
  0x220C, 0x220C, 0x220C, 0x220C, 0x2A0C, 0x2A0C, 0x220C, 0x220C, 0x220C, 0x2A0C, 0x2A0C, 0x2A0C, 0x2A0C, 0x220C, 0x2A0C, 0x2A0C,
  0x220C, 0x220C, 0x2A0C, 0x21EB, 0x21EB, 0x220B, 0x21EB, 0x21EB, 0x21EB, 0x21EB, 0x21EB, 0x21EB, 0x21EB, 0x21CB, 0x21CB, 0x21CB,
  0x21CB, 0x21CB, 0x21CB, 0x21CB, 0x19AA, 0x19AA, 0x19AA, 0x19AA, 0x19AA, 0x19AA, 0x198A, 0x198A, 0x198A, 0x198A, 0x198A, 0x1989,
  0x1989, 0x1989, 0x1989, 0x1989, 0x198A, 0x198A, 0x198A, 0x198A, 0x198A, 0x198A, 0x198A, 0x198A, 0x198A, 0x198A, 0x19AA, 0x19AA,
  0x19AA, 0x19AA, 0x19AA, 0x19AA, 0x19AA, 0x19AA, 0x21AA, 0x19CA, 0x21CA, 0x21CA, 0x19CA, 0x21CB, 0x21CB, 0x21CB, 0x21CB, 0x21CB,
  0x21EB, 0x21EB, 0x21EB, 0x21EB, 0x21EB, 0x21EB, 0x21EB, 0x21EB, 0x21EB, 0x21EB, 0x21EB, 0x21EC, 0x21EB, 0x21EC, 0x220C, 0x21EC,
  0x220C, 0x220C, 0x2A0C, 0x2A0C, 0x2A0C, 0x2A0C, 0x2A0C, 0x2A0C, 0x2A0C, 0x2A0C, 0x2A0C, 0x2A2C, 0x2A2C, 0x2A2D, 0x2A2D, 0x2A2D,
  0x2A4D, 0x2A4D, 0x2A4D, 0x2A4D, 0x2A4D, 0x2A6D, 0x2A6E, 0x2A6D, 0x2A6E, 0x2A6E, 0x326E, 0x326E, 0x326E, 0x326E, 0x326E, 0x326E,
  0x328E, 0x328E, 0x328E, 0x3AAF, 0x3AAF, 0x3ACF, 0x3ACF, 0x32CF, 0x3ACF, 0x3AF0, 0x3AF0, 0x3B10, 0x4311, 0x3B10, 0x4311, 0x4331,
  0x4331, 0x4B51, 0x4B93, 0x5BD3, 0x53B3, 0x53B3, 0x53D4, 0x5C14, 0x6476, 0x5C35, 0x6455, 0x7D18, 0x8539, 0x8559, 0x8D79, 0x8D79,
  0x8538, 0x8D79, 0x9DFB, 0xA65C, 0xAE9D, 0xB69D, 0xC6FE, 0xC71E, 0xB69C, 0xB69D, 0xBEDD, 0xC6FE, 0xCF1E, 0xCF1E, 0xCF1E, 0xCF1E,
  0xCF3E, 0xCF3E, 0xCF3E, 0xBEBD, 0xAE9D, 0xAE9D, 0x9DFA, 0xA63B, 0xAE5C, 0x9DFB, 0x95BA, 0x95BA, 0x8DBA, 0x8538, 0x74D7, 0x6C96,
  0x6C96, 0x6C76, 0x6C96, 0x5C15, 0x5C15, 0x5BF4, 0x53B3, 0x53D3, 0x5C14, 0x53D3, 0x4B72, 0x4352, 0x4B72, 0x4351, 0x4331, 0x3B10,
  0x3AF0, 0x3AF0, 0x3AF0, 0x3AD0, 0x3AD0, 0x32AF, 0x32AF, 0x328E, 0x328E, 0x328E, 0x328E, 0x326E, 0x2A6E, 0x2A6E, 0x2A6E, 0x2A6E,
  0x2A6E, 0x2A6D, 0x2A4D, 0x2A2D, 0x2A2D, 0x2A2D, 0x2A2D, 0x2A2C, 0x2A2D, 0x2A2C, 0x220C, 0x2A2C, 0x2A2C, 0x220C, 0x220C, 0x220C,
  0x220C, 0x220C, 0x2A0C, 0x2A0C, 0x2A0C, 0x2A0C, 0x2A0C, 0x21EB, 0x21EB, 0x21EB, 0x220B, 0x21EB, 0x21EB, 0x21EB, 0x21EB, 0x21EC,
  0x21EB, 0x21EC, 0x21EB, 0x21EB, 0x21EB, 0x21EB, 0x21EB, 0x21EB, 0x21EB, 0x21EB, 0x21EB, 0x21EB, 0x21EB, 0x21EB, 0x21EB, 0x21EB,
  0x21EB, 0x21EB, 0x21CB, 0x21CB, 0x21EB, 0x21CB, 0x19CA, 0x19CA, 0x19CA, 0x21CB, 0x19CA, 0x19AA, 0x19AA, 0x19AA, 0x19AA, 0x19AA,
  0x1989, 0x1989, 0x1989, 0x1989, 0x1989, 0x1989, 0x1989, 0x198A, 0x1989, 0x198A, 0x198A, 0x198A, 0x198A, 0x198A, 0x198A, 0x198A,
  0x19AA, 0x19AA, 0x19AA, 0x19AA, 0x19AA, 0x19AA, 0x19AA, 0x19AA, 0x21CA, 0x21CA, 0x21CB, 0x21CB, 0x21CB, 0x21CB, 0x21CB, 0x21CB,
  0x21CB, 0x21EB, 0x21EB, 0x21EB, 0x21EB, 0x21EB, 0x21EB, 0x21EB, 0x21EB, 0x21EB, 0x21EB, 0x21EB, 0x21EB, 0x21EB, 0x21EB, 0x21EB,
  0x21EB, 0x21EC, 0x220C, 0x21EC, 0x220C, 0x2A0C, 0x2A0C, 0x2A0C, 0x2A0C, 0x2A2C, 0x2A2C, 0x2A2C, 0x2A0C, 0x2A2C, 0x2A2C, 0x2A2D,
  0x2A2D, 0x2A2D, 0x2A4D, 0x2A4D, 0x2A4D, 0x2A6D, 0x2A6D, 0x2A4D, 0x2A4D, 0x2A6E, 0x2A6E, 0x326E, 0x326E, 0x326E, 0x326E, 0x328E,
  0x328E, 0x328E, 0x328E, 0x32AF, 0x3ACF, 0x32CF, 0x32AF, 0x32CF, 0x3ACF, 0x3AF0, 0x3AF0, 0x3B10, 0x4310, 0x4310, 0x4331, 0x4B72,
  0x4B72, 0x4B72, 0x4B52, 0x4331, 0x4B72, 0x6435, 0x6C76, 0x6C76, 0x6475, 0x6C76, 0x6455, 0x6CB7, 0x8538, 0x8D9A, 0x8D9A, 0x8559,
  0x8538, 0x8D9A, 0x95DA, 0x9DFB, 0x9E1B, 0x9599, 0x9DDA, 0xA63B, 0xA61A, 0xAE7C, 0xBEDD, 0xC6FD, 0xC6FD, 0xBEDD, 0xB69C, 0xBEBD,
  0xC6FE, 0xBEDD, 0xC6DD, 0xCF5F, 0xCF3F, 0xBEBD, 0xA63B, 0x9DDA, 0x8D79, 0x7D18, 0x7CF8, 0x74D7, 0x5C14, 0x5C14, 0x6C76, 0x6435,
  0x5BF4, 0x53B3, 0x5C14, 0x5C15, 0x53B3, 0x4352, 0x4B72, 0x4B72, 0x4B52, 0x4B72, 0x4351, 0x4351, 0x4351, 0x4331, 0x4310, 0x3AF0,
  0x32CF, 0x32CF, 0x32CF, 0x32CF, 0x32CF, 0x32CF, 0x32AF, 0x32AF, 0x328E, 0x326E, 0x328E, 0x328E, 0x2A6E, 0x2A6E, 0x2A6D, 0x2A4D,
  0x2A4D, 0x2A4D, 0x2A4D, 0x2A4D, 0x2A2D, 0x2A4D, 0x2A2D, 0x2A2C, 0x2A2C, 0x2A2C, 0x220C, 0x220C, 0x2A2C, 0x220C, 0x220C, 0x220C,
  0x220C, 0x220C, 0x2A0C, 0x220C, 0x21EB, 0x21EC, 0x220B, 0x21EB, 0x21EB, 0x21EB, 0x220B, 0x21EB, 0x220C, 0x220C, 0x220C, 0x21EB,
  0x21EB, 0x21EB, 0x21EB, 0x21EB, 0x21EB, 0x21EB, 0x21CB, 0x21CB, 0x21CB, 0x21EB, 0x21EB, 0x21EB, 0x21EB, 0x21EB, 0x21EB, 0x21EB,
  0x21EB, 0x21EB, 0x21EB, 0x21CB, 0x21CB, 0x21CB, 0x21CB, 0x21CB, 0x21CB, 0x21CB, 0x21CB, 0x21CB, 0x21CB, 0x21CB, 0x19AA, 0x19AA,
  0x1989, 0x1989, 0x1189, 0x1189, 0x1189, 0x1989, 0x1989, 0x1989, 0x1989, 0x1989, 0x1989, 0x198A, 0x198A, 0x198A, 0x198A, 0x1989,
  0x1989, 0x198A, 0x198A, 0x198A, 0x19AA, 0x19AA, 0x19AA, 0x19AA, 0x19AA, 0x19AA, 0x19AA, 0x21AA, 0x19CA, 0x21CB, 0x21CB, 0x21CA,
  0x21CB, 0x21CB, 0x21CB, 0x21EB, 0x21EB, 0x21EB, 0x21EB, 0x21CB, 0x21EB, 0x21EB, 0x21EB, 0x21EB, 0x21EB, 0x21EB, 0x21EC, 0x21EC,
  0x220B, 0x220C, 0x21EC, 0x21EC, 0x220C, 0x220C, 0x220C, 0x2A0C, 0x2A0C, 0x2A0C, 0x2A0C, 0x2A2C, 0x2A0C, 0x2A0C, 0x2A2C, 0x2A2C,
  0x2A2C, 0x2A2C, 0x2A4D, 0x2A4D, 0x2A4D, 0x2A4D, 0x2A4D, 0x2A6D, 0x2A4D, 0x2A4D, 0x2A4D, 0x2A6D, 0x326D, 0x328E, 0x328E, 0x328E,
  0x328E, 0x328E, 0x328E, 0x328E, 0x32AE, 0x3ACF, 0x3ACF, 0x3ACF, 0x3ACF, 0x3ACF, 0x3ACF, 0x3ACF, 0x3AF0, 0x4331, 0x3AF0, 0x3B10,
  0x4331, 0x4B51, 0x4B72, 0x4B92, 0x5BD4, 0x6435, 0x6435, 0x6476, 0x6476, 0x7D18, 0x74B7, 0x6C96, 0x8538, 0x8D9A, 0x95BA, 0x9DDB,
  0x95BA, 0xA63C, 0xB69D, 0xB69D, 0xB67C, 0xAE5C, 0xA63B, 0xAE5C, 0xC71E, 0xCF3F, 0xCF3E, 0xCF1E, 0xCF3E, 0xCF3E, 0xCF5E, 0xCF3E,
  0xCF1E, 0xBEDD, 0xAE3B, 0xA63B, 0xAE5C, 0xAE5B, 0xAE7C, 0xA65C, 0x8D78, 0x74D7, 0x7D18, 0x7D18, 0x7CF8, 0x8538, 0x8518, 0x8559,
  0x74D7, 0x6C76, 0x5C14, 0x4B72, 0x4351, 0x4B72, 0x4B72, 0x4331, 0x3B10, 0x4351, 0x4B72, 0x4331, 0x4311, 0x3B10, 0x3AF0, 0x3AF0,
  0x3AF0, 0x3AF0, 0x32AF, 0x32AF, 0x32AF, 0x32AF, 0x32AF, 0x32AF, 0x32AF, 0x328E, 0x2A6E, 0x2A6E, 0x2A6D, 0x2A6E, 0x2A6E, 0x2A4D,
  0x2A4D, 0x2A4D, 0x2A4D, 0x2A4D, 0x2A4D, 0x2A4D, 0x2A4D, 0x2A2D, 0x2A2C, 0x2A2C, 0x222C, 0x2A0C, 0x2A2C, 0x2A2D, 0x2A0C, 0x220C,
  0x21EB, 0x21EB, 0x21EB, 0x21EB, 0x21EB, 0x21EB, 0x21EB, 0x21EB, 0x21EB, 0x21EB, 0x21EB, 0x21EB, 0x21EB, 0x21EB, 0x21EB, 0x21EB,
  0x21CB, 0x21EB, 0x21EB, 0x21EB, 0x21EB, 0x21CB, 0x21EB, 0x21EB, 0x21EB, 0x21EB, 0x21EB, 0x21CB, 0x21CB, 0x21CB, 0x21CB, 0x21CB,
  0x21EB, 0x21EB, 0x21CB, 0x21CB, 0x21CB, 0x21CB, 0x21CB, 0x21CB, 0x21CB, 0x21CB, 0x21CA, 0x19AA, 0x19AA, 0x19AA, 0x19AA, 0x19AA,
  0x1189, 0x1989, 0x1989, 0x1989, 0x1989, 0x1189, 0x1989, 0x1989, 0x1989, 0x1169, 0x1189, 0x1989, 0x19A9, 0x1989, 0x1989, 0x1989,
  0x1989, 0x198A, 0x19AA, 0x19AA, 0x19AA, 0x19AA, 0x19AA, 0x19AA, 0x19AA, 0x19AA, 0x19AA, 0x19AA, 0x21CA, 0x19CA, 0x19AA, 0x21CA,
  0x21CB, 0x21CB, 0x21EB, 0x21EB, 0x21CB, 0x21EB, 0x21CB, 0x21EB, 0x21CB, 0x21EB, 0x21EB, 0x21EB, 0x21EB, 0x21CB, 0x21EB, 0x21EB,
  0x21EB, 0x21EB, 0x21EC, 0x21EC, 0x21EC, 0x220C, 0x2A0C, 0x220C, 0x220C, 0x2A0C, 0x2A0C, 0x2A0C, 0x2A0C, 0x2A0C, 0x2A2C, 0x2A2C,
  0x2A2C, 0x2A4C, 0x2A4D, 0x2A4D, 0x2A4D, 0x2A4D, 0x2A4D, 0x2A4D, 0x2A4D, 0x2A6D, 0x2A6D, 0x2A6D, 0x326D, 0x2A6E, 0x326E, 0x328E,
  0x328E, 0x328E, 0x328E, 0x328E, 0x328E, 0x32AF, 0x3AAF, 0x32AF, 0x3ACF, 0x3ACF, 0x3AF0, 0x3AF0, 0x4B51, 0x4B51, 0x4310, 0x3AF0,
  0x4331, 0x4B72, 0x4B72, 0x4352, 0x4B92, 0x53B3, 0x53D3, 0x53D3, 0x53F4, 0x5C35, 0x74D7, 0x8559, 0x8D79, 0x8559, 0x8559, 0x8D79,
  0x95DA, 0xA61B, 0xB6BD, 0xC71E, 0xBEFD, 0xB67C, 0xB69C, 0xC71E, 0xC6FE, 0xC71E, 0xC71E, 0xC71E, 0xC71E, 0xC71E, 0xD73E, 0xD77F,
  0xD73E, 0xCF5E, 0xBEBD, 0xA61B, 0xAE5B, 0x9E1B, 0xA65C, 0xB6BD, 0xAE7C, 0xA63B, 0x9E1B, 0x95BA, 0x8D9A, 0x95BA, 0x8D79, 0x8539,
  0x8518, 0x8D7A, 0x7CF8, 0x6435, 0x5BF4, 0x4B72, 0x4351, 0x4B92, 0x53B3, 0x4B92, 0x5393, 0x4B93, 0x4351, 0x4331, 0x4311, 0x3B10,
  0x3B10, 0x3AD0, 0x3ACF, 0x32AF, 0x32AF, 0x32AF, 0x328E, 0x328E, 0x328E, 0x328E, 0x326E, 0x2A6E, 0x2A6E, 0x2A6E, 0x2A6E, 0x2A4D,
  0x2A4D, 0x2A4D, 0x2A2D, 0x2A2D, 0x2A2C, 0x220C, 0x222C, 0x2A2D, 0x2A2C, 0x2A2C, 0x2A2C, 0x2A2C, 0x2A2C, 0x2A2C, 0x2A0C, 0x2A0C,
  0x220C, 0x220C, 0x21EC, 0x21EB, 0x21EB, 0x220C, 0x21EB, 0x21EB, 0x21EB, 0x21EB, 0x220B, 0x220B, 0x220B, 0x21EB, 0x21EB, 0x21CB,
  0x21CB, 0x21CB, 0x21EB, 0x21EB, 0x21CB, 0x21CB, 0x21CB, 0x21CB, 0x21EB, 0x21EB, 0x21EB, 0x21CB, 0x21CB, 0x21EB, 0x21CB, 0x21CB,
  0x21CB, 0x21CB, 0x21CB, 0x21CB, 0x21EB, 0x21EB, 0x21CB, 0x21CB, 0x21CB, 0x21CB, 0x21CB, 0x19CA, 0x19AA, 0x19AA, 0x19AA, 0x19AA,
  0x1169, 0x1989, 0x1189, 0x1169, 0x1189, 0x1169, 0x1189, 0x1189, 0x1989, 0x1989, 0x1989, 0x1989, 0x1989, 0x19A9, 0x198A, 0x198A,
  0x198A, 0x198A, 0x198A, 0x19AA, 0x19AA, 0x19AA, 0x19AA, 0x19AA, 0x19AA, 0x19AA, 0x19AA, 0x19CA, 0x21CA, 0x21CB, 0x21CA, 0x21CB,
  0x21CB, 0x21CB, 0x21CB, 0x21CB, 0x21CB, 0x21CB, 0x21EB, 0x21CB, 0x21EB, 0x21EB, 0x21EB, 0x21EB, 0x21EB, 0x21EB, 0x21EB, 0x21EB,
  0x21EB, 0x21EB, 0x21EB, 0x21EB, 0x21EB, 0x21EC, 0x21EC, 0x220C, 0x2A0C, 0x2A0C, 0x2A0C, 0x2A0C, 0x2A0C, 0x2A0C, 0x2A0C, 0x2A2C,
  0x2A2C, 0x2A2C, 0x2A4D, 0x2A4D, 0x2A4D, 0x2A4D, 0x2A4D, 0x2A4D, 0x2A4D, 0x2A6D, 0x326D, 0x326D, 0x2A6E, 0x2A6E, 0x326E, 0x326E,
  0x326E, 0x328E, 0x328E, 0x328E, 0x32AF, 0x32AF, 0x328E, 0x32AE, 0x32AF, 0x3ACF, 0x3ACF, 0x3AF0, 0x4310, 0x3AF0, 0x4310, 0x4331,
  0x4B72, 0x4331, 0x4331, 0x4B72, 0x5C14, 0x6455, 0x6C96, 0x6C96, 0x74D7, 0x6C76, 0x74B6, 0x74D7, 0x74D7, 0x8559, 0x95BB, 0x95BA,
  0x8559, 0x8D99, 0xA63C, 0xAE7C, 0xB6BD, 0xA63B, 0xAE5C, 0xBEDD, 0xB69D, 0xBEDD, 0xC71E, 0xCF1E, 0xCF3E, 0xCF5F, 0xDF7F, 0xDF7F,
  0xCF1D, 0xBEBC, 0xBEBC, 0xC6FD, 0xC6FE, 0xA63B, 0x8D79, 0x8518, 0x7CF7, 0x8538, 0x74D7, 0x6C96, 0x74B7, 0x7CF8, 0x7496, 0x5BF4,
  0x6455, 0x6C76, 0x6455, 0x53D3, 0x4B93, 0x4B72, 0x4B92, 0x4B72, 0x4B72, 0x4311, 0x4331, 0x53B3, 0x4351, 0x3B10, 0x4331, 0x4311,
  0x3AD0, 0x32AF, 0x3ACF, 0x3ACF, 0x328F, 0x328F, 0x328E, 0x2A6E, 0x2A6E, 0x2A4D, 0x2A4D, 0x2A4D, 0x2A6D, 0x2A6D, 0x2A6E, 0x2A4D,
  0x2A4D, 0x2A4D, 0x2A4D, 0x2A4D, 0x2A4D, 0x2A4D, 0x2A4D, 0x2A2D, 0x2A4D, 0x2A4D, 0x2A2D, 0x2A2D, 0x2A2C, 0x2A2C, 0x2A0C, 0x220C,
  0x2A0C, 0x2A0C, 0x2A0C, 0x2A0C, 0x2A0C, 0x2A0C, 0x220C, 0x220B, 0x220C, 0x2A0C, 0x2A0C, 0x220B, 0x21EB, 0x21EB, 0x21EB, 0x21EB,
  0x21EB, 0x21EB, 0x21EB, 0x21EB, 0x21EB, 0x21CB, 0x21CB, 0x21EB, 0x21CB, 0x21CB, 0x21CB, 0x21EB, 0x21EB, 0x21CB, 0x21CB, 0x21CB,
  0x21CB, 0x21CB, 0x21CB, 0x21CB, 0x21CB, 0x19AA, 0x19AA, 0x19CA, 0x19CA, 0x21CA, 0x21CB, 0x21CB, 0x21CB, 0x21CB, 0x21AA, 0x21AA,
  0x1169, 0x1169, 0x1989, 0x1189, 0x1169, 0x1189, 0x1989, 0x1989, 0x1969, 0x1169, 0x1189, 0x1989, 0x1989, 0x19A9, 0x1989, 0x1989,
  0x198A, 0x198A, 0x198A, 0x198A, 0x198A, 0x198A, 0x198A, 0x19AA, 0x19AA, 0x19AA, 0x19AA, 0x21AA, 0x19AA, 0x19CA, 0x21CA, 0x21AA,
  0x19AA, 0x19AA, 0x19CA, 0x19CA, 0x21CB, 0x21CB, 0x21CB, 0x21CB, 0x21CB, 0x21CB, 0x21EB, 0x21EB, 0x21EB, 0x21EB, 0x21EB, 0x21EB,
  0x21EB, 0x21EB, 0x21EB, 0x21EB, 0x21EC, 0x21EC, 0x21EB, 0x21EC, 0x2A0C, 0x2A0C, 0x2A0C, 0x2A0C, 0x2A0C, 0x2A0C, 0x2A0C, 0x2A2C,
  0x2A2C, 0x2A2C, 0x2A2C, 0x2A2C, 0x2A4D, 0x2A4D, 0x2A4D, 0x2A4D, 0x2A4D, 0x2A4D, 0x2A6D, 0x326E, 0x328E, 0x328E, 0x328E, 0x328E,
  0x328E, 0x326E, 0x328E, 0x32AF, 0x32AF, 0x3ACF, 0x3ACF, 0x3ACF, 0x3AF0, 0x4310, 0x3AEF, 0x3AF0, 0x4310, 0x3AF0, 0x4310, 0x4331,
  0x4331, 0x3B10, 0x4311, 0x4B72, 0x5BF4, 0x6C55, 0x7496, 0x6475, 0x6C96, 0x6C96, 0x6C76, 0x7D18, 0x7CF8, 0x7CF8, 0x8559, 0x95BA,
  0x9E1B, 0xA63C, 0xA63C, 0xAE5C, 0xAE5C, 0xAE7C, 0x8D78, 0xA5FA, 0xBEDD, 0xBE9C, 0xBEDD, 0xBEDD, 0xBEBD, 0xBEDD, 0xBEDD, 0xC71D,
  0xCF1E, 0xC6FD, 0xB67B, 0xB69C, 0xBEBD, 0xAE7C, 0xA65C, 0xA65C, 0xA61B, 0xA63C, 0x9DFB, 0x8538, 0x74D7, 0x6455, 0x5BF4, 0x5C15,
  0x53D4, 0x4331, 0x3B31, 0x4352, 0x53D3, 0x5C14, 0x5BF4, 0x6434, 0x5BF4, 0x53B3, 0x4331, 0x3AF0, 0x3AD0, 0x3ACF, 0x32CF, 0x32AF,
  0x3ACF, 0x3AD0, 0x32AF, 0x328E, 0x328E, 0x328E, 0x328E, 0x2A6E, 0x328E, 0x326E, 0x2A6E, 0x2A6E, 0x326E, 0x2A4D, 0x2A4D, 0x2A4D,
  0x2A4D, 0x2A4D, 0x2A4D, 0x2A4D, 0x2A4D, 0x2A4D, 0x2A4D, 0x2A4D, 0x2A2C, 0x2A2C, 0x220C, 0x220C, 0x2A2C, 0x2A2C, 0x2A0C, 0x2A0C,
  0x2A0C, 0x2A0C, 0x2A0C, 0x2A0C, 0x2A0C, 0x2A0C, 0x2A0C, 0x21EB, 0x21EB, 0x21EB, 0x21EB, 0x21EB, 0x21EB, 0x21EB, 0x21EB, 0x21EB,
  0x21EB, 0x220B, 0x220B, 0x21EB, 0x21EB, 0x21EB, 0x21EB, 0x21EB, 0x21EB, 0x21CB, 0x21CB, 0x21EB, 0x21CB, 0x21CB, 0x21CB, 0x21CB,
  0x21CB, 0x21CB, 0x21CB, 0x21CB, 0x19AA, 0x19AA, 0x19AA, 0x19CA, 0x19AA, 0x19AA, 0x198A, 0x198A, 0x19AA, 0x19AA, 0x21CA, 0x21AA,
  0x1168, 0x1189, 0x1169, 0x1169, 0x1169, 0x1169, 0x1169, 0x1989, 0x1989, 0x1989, 0x1989, 0x1989, 0x1989, 0x1989, 0x198A, 0x1989,
  0x198A, 0x198A, 0x198A, 0x198A, 0x19AA, 0x19AA, 0x198A, 0x198A, 0x198A, 0x19AA, 0x19AA, 0x19AA, 0x19AA, 0x19AA, 0x19AA, 0x19AA,
  0x21AA, 0x21CA, 0x21CA, 0x21CB, 0x21CB, 0x21CB, 0x21CB, 0x21CB, 0x21CB, 0x21CB, 0x21CB, 0x21CB, 0x21EB, 0x21EB, 0x21EB, 0x21EB,
  0x21EB, 0x21EB, 0x21EB, 0x21EB, 0x21EC, 0x21EC, 0x21EC, 0x21EC, 0x21EC, 0x29EC, 0x21EC, 0x2A0C, 0x2A0C, 0x29EC, 0x2A0C, 0x2A0C,
  0x2A0C, 0x2A0C, 0x2A0C, 0x2A2C, 0x2A2C, 0x2A4D, 0x2A2D, 0x2A2D, 0x2A4D, 0x2A4D, 0x2A4D, 0x2A4D, 0x326E, 0x328E, 0x328E, 0x326E,
  0x328E, 0x328E, 0x328E, 0x328E, 0x32AE, 0x3AAF, 0x32AE, 0x3ACF, 0x3ACF, 0x3ACF, 0x3ACF, 0x4310, 0x3AF0, 0x4310, 0x4B72, 0x4B51,
  0x4331, 0x4B92, 0x4B72, 0x4B72, 0x4B52, 0x53B3, 0x6455, 0x6C96, 0x7CF7, 0x7CF7, 0x8518, 0x95BA, 0x8559, 0x7CF8, 0x7CD7, 0x8D59,
  0x95DA, 0x95BA, 0x95BA, 0xAE5C, 0xAE9D, 0xB69C, 0xB69D, 0xBEDD, 0xC6FE, 0xBEDE, 0xB69D, 0xBEBD, 0xBEBD, 0xBEBD, 0xBEBD, 0xBEBD,
  0xBEDD, 0xBEBD, 0x9DFA, 0x95DA, 0x9DFB, 0xAE9D, 0x8D9A, 0x74D7, 0x7CF8, 0x7D18, 0x7CF7, 0x7CD7, 0x74B7, 0x6455, 0x4B92, 0x53D3,
  0x6435, 0x5BF4, 0x53B3, 0x5BF4, 0x5C14, 0x5C14, 0x53B3, 0x53D3, 0x5393, 0x5393, 0x4352, 0x4311, 0x4351, 0x4B52, 0x4B72, 0x4311,
  0x3AF0, 0x3B10, 0x3ACF, 0x32AF, 0x32AF, 0x328E, 0x32AF, 0x32AF, 0x32AF, 0x328E, 0x328E, 0x326E, 0x2A6E, 0x2A4D, 0x2A2D, 0x2A4D,
  0x2A4D, 0x2A4D, 0x2A4D, 0x2A2D, 0x2A2C, 0x2A2C, 0x2A4D, 0x2A2D, 0x2A2C, 0x2A2C, 0x2A2C, 0x2A2C, 0x2A2C, 0x2A0C, 0x2A0C, 0x2A0C,
  0x2A0C, 0x2A0C, 0x21EC, 0x220C, 0x21EC, 0x21EC, 0x220C, 0x21EB, 0x21EB, 0x220B, 0x220C, 0x2A0C, 0x220B, 0x21EB, 0x21EB, 0x21EB,
  0x21EB, 0x21EB, 0x21EB, 0x21EB, 0x21EB, 0x21CB, 0x21CB, 0x21CB, 0x21CB, 0x21CB, 0x21CB, 0x21EB, 0x21EB, 0x21EB, 0x21EB, 0x21CB,
  0x21CB, 0x21CB, 0x21CB, 0x21CA, 0x19AA, 0x19AA, 0x19AA, 0x21CA, 0x19CA, 0x19AA, 0x19AA, 0x198A, 0x19AA, 0x19AA, 0x19AA, 0x19AA,
  0x1168, 0x1168, 0x1169, 0x1169, 0x1169, 0x1969, 0x1169, 0x1989, 0x1969, 0x1969, 0x1169, 0x1989, 0x1989, 0x1989, 0x1989, 0x1989,
  0x1989, 0x1989, 0x198A, 0x198A, 0x198A, 0x198A, 0x198A, 0x19AA, 0x19AA, 0x19AA, 0x19AA, 0x19AA, 0x19AA, 0x19AA, 0x21AA, 0x19AA,
  0x19AA, 0x21AA, 0x21CA, 0x21CA, 0x21CA, 0x19CA, 0x21CB, 0x21CB, 0x21CB, 0x21CB, 0x21CB, 0x21CB, 0x21EB, 0x21EB, 0x21EB, 0x21EB,
  0x21EB, 0x21EB, 0x21EB, 0x21EB, 0x21EB, 0x21EB, 0x21EB, 0x21EC, 0x220B, 0x21EB, 0x21EC, 0x2A0C, 0x2A0C, 0x21EC, 0x2A0C, 0x2A0C,
  0x2A0C, 0x2A2C, 0x2A2C, 0x2A2C, 0x2A2C, 0x2A2C, 0x2A4D, 0x2A4D, 0x2A6D, 0x2A6D, 0x326D, 0x2A6D, 0x326D, 0x326D, 0x328D, 0x326E,
  0x328E, 0x328E, 0x328E, 0x32AE, 0x328E, 0x328E, 0x32AE, 0x3AAF, 0x3AAF, 0x3ACF, 0x4331, 0x4331, 0x3AF0, 0x4331, 0x5392, 0x4B92,
  0x53B3, 0x5392, 0x4B72, 0x4351, 0x4331, 0x4331, 0x4B72, 0x5BD3, 0x6435, 0x6434, 0x6C96, 0x74D7, 0x6CB7, 0x8539, 0x95DB, 0x959A,
  0x8D9A, 0x95DA, 0x9E1B, 0x9E1B, 0xAE5C, 0xBEBD, 0xAE3B, 0x9DDA, 0xAE5B, 0xBEDD, 0xB69C, 0xC6FD, 0xB69C, 0xB65B, 0xB69C, 0xA5FA,
  0xAE3B, 0xA61B, 0x9DFA, 0x95BA, 0x8559, 0x7D18, 0x5C14, 0x5BF4, 0x53F4, 0x53D3, 0x6435, 0x6C76, 0x6C76, 0x5BF4, 0x4B72, 0x5393,
  0x5BD4, 0x5BF4, 0x53B2, 0x53B3, 0x4BB3, 0x4B92, 0x4331, 0x4331, 0x4311, 0x3B10, 0x3B10, 0x3AF0, 0x3AF0, 0x3AF0, 0x4331, 0x4331,
  0x3AF0, 0x3AD0, 0x3ACF, 0x3ACF, 0x32AF, 0x32AF, 0x32AE, 0x328F, 0x32AF, 0x32AF, 0x328E, 0x326E, 0x326E, 0x2A6D, 0x2A6D, 0x2A4D,
  0x2A6D, 0x2A4D, 0x2A4D, 0x2A4D, 0x2A4D, 0x2A4D, 0x2A2D, 0x2A2C, 0x2A2C, 0x2A2C, 0x2A2C, 0x2A0C, 0x2A0C, 0x2A0C, 0x220C, 0x21EC,
  0x21EC, 0x2A0C, 0x220C, 0x2A0C, 0x2A0C, 0x2A0C, 0x220C, 0x21EB, 0x220B, 0x220B, 0x21EC, 0x21EB, 0x21EB, 0x21EB, 0x21EB, 0x21EB,
  0x21EB, 0x21EB, 0x21EB, 0x21EB, 0x21EB, 0x21EB, 0x21EB, 0x21EB, 0x21CB, 0x21CA, 0x21CB, 0x21CB, 0x21CA, 0x21CB, 0x21CA, 0x19CA,
  0x19AA, 0x21CA, 0x19AA, 0x19AA, 0x19AA, 0x19AA, 0x198A, 0x198A, 0x198A, 0x198A, 0x19AA, 0x19AA, 0x19AA, 0x198A, 0x198A, 0x1989,
  0x1969, 0x1168, 0x1969, 0x1969, 0x1169, 0x1989, 0x1989, 0x1969, 0x1969, 0x1969, 0x1169, 0x1989, 0x1989, 0x1989, 0x198A, 0x1989,
  0x1989, 0x1989, 0x198A, 0x198A, 0x198A, 0x198A, 0x198A, 0x198A, 0x19AA, 0x19AA, 0x19AA, 0x198A, 0x19AA, 0x19AA, 0x21CA, 0x21AA,
  0x19AA, 0x19AA, 0x19AA, 0x19AA, 0x21CA, 0x21CA, 0x21CB, 0x21CB, 0x21CB, 0x21CB, 0x21CB, 0x21CB, 0x21CB, 0x21CB, 0x21EB, 0x21EB,
  0x21EB, 0x21EB, 0x21EB, 0x21EB, 0x21EB, 0x21EB, 0x21EB, 0x21EB, 0x21EB, 0x21EB, 0x21EB, 0x21EB, 0x2A0C, 0x2A0C, 0x2A0C, 0x2A0C,
  0x2A0C, 0x2A0C, 0x2A0C, 0x2A2C, 0x2A2C, 0x2A2C, 0x2A2C, 0x2A4D, 0x2A4D, 0x2A4D, 0x2A6D, 0x326D, 0x326D, 0x326D, 0x328E, 0x328E,
  0x328E, 0x328E, 0x32AF, 0x3AAF, 0x32AE, 0x3AAF, 0x3ACF, 0x32AF, 0x3ACF, 0x3ACF, 0x3AAF, 0x3ACF, 0x3AF0, 0x4310, 0x3AF0, 0x4331,
  0x4351, 0x4B72, 0x5BF4, 0x5BD3, 0x4B92, 0x4B72, 0x4B72, 0x4B72, 0x4352, 0x4BB3, 0x53B3, 0x6455, 0x6C56, 0x7CD7, 0x8D79, 0x8D99,
  0x8559, 0x8559, 0x9DFB, 0x95DA, 0xA65C, 0xB69D, 0xBEFD, 0xCF3F, 0xCF5F, 0xC6FE, 0xC6DD, 0xCF3E, 0xC6FD, 0xC6FD, 0xDF7F, 0xDF7F,
  0xD75F, 0xCF1E, 0xB69C, 0x9DFA, 0x9DDA, 0x8D9A, 0x8D79, 0x95BA, 0x8D59, 0x8D58, 0x8D79, 0x8558, 0x8538, 0x7CF7, 0x74B7, 0x6C76,
  0x5C14, 0x53B3, 0x53B3, 0x5BD4, 0x5BF4, 0x53B3, 0x4B92, 0x4B92, 0x5393, 0x4351, 0x3AF0, 0x3AEF, 0x3AF0, 0x3B10, 0x4331, 0x4311,
  0x4331, 0x3AF0, 0x3AF0, 0x3ACF, 0x32AF, 0x328E, 0x328E, 0x32AF, 0x328E, 0x328E, 0x326E, 0x326E, 0x326D, 0x2A4D, 0x2A4D, 0x2A6D,
  0x326D, 0x2A4D, 0x2A4D, 0x2A2D, 0x2A2C, 0x2A2C, 0x2A2C, 0x2A2D, 0x2A4D, 0x2A2C, 0x2A0C, 0x21EC, 0x220C, 0x2A0C, 0x2A0C, 0x2A0C,
  0x2A0C, 0x2A0C, 0x2A0C, 0x2A0C, 0x2A0C, 0x2A0C, 0x2A0C, 0x21EB, 0x220B, 0x220B, 0x21EC, 0x21EB, 0x21EB, 0x21EB, 0x21EB, 0x21EB,
  0x21EB, 0x21CB, 0x21CA, 0x21CB, 0x21EB, 0x21EB, 0x21EB, 0x21EB, 0x21EB, 0x21EB, 0x21CB, 0x21CB, 0x21CB, 0x21EB, 0x21CB, 0x19AA,
  0x21CA, 0x21CB, 0x21CB, 0x21CB, 0x21CB, 0x21CB, 0x21CB, 0x21CB, 0x21CA, 0x19AA, 0x19AA, 0x19AA, 0x19AA, 0x19AA, 0x19AA, 0x19AA,
  0x1148, 0x1168, 0x1169, 0x1168, 0x1168, 0x1169, 0x1169, 0x1148, 0x1148, 0x1169, 0x1169, 0x1169, 0x1169, 0x1169, 0x1969, 0x1969,
  0x1969, 0x1989, 0x1969, 0x1989, 0x198A, 0x198A, 0x198A, 0x198A, 0x198A, 0x198A, 0x198A, 0x19AA, 0x19AA, 0x19AA, 0x19AA, 0x19AA,
  0x19AA, 0x19AA, 0x19AA, 0x19AA, 0x19AA, 0x19AA, 0x21AA, 0x19CA, 0x19CA, 0x21CB, 0x21CB, 0x21CB, 0x21CB, 0x21CB, 0x21EB, 0x21EB,
  0x21EB, 0x21EB, 0x21EB, 0x21EB, 0x21EB, 0x21EB, 0x21EB, 0x21EB, 0x21EB, 0x220B, 0x220C, 0x220C, 0x2A0C, 0x2A0C, 0x2A0C, 0x2A0C,
  0x2A0C, 0x2A0C, 0x21EC, 0x2A0C, 0x2A0C, 0x2A2C, 0x2A2C, 0x2A2D, 0x2A4D, 0x2A4D, 0x2A4D, 0x2A4D, 0x2A4D, 0x2A6D, 0x2A6D, 0x2A6D,
  0x2A6D, 0x326E, 0x326E, 0x328E, 0x32AE, 0x3AAF, 0x3AAF, 0x3ACF, 0x4310, 0x3AF0, 0x4310, 0x3AF0, 0x3B10, 0x4B51, 0x4B71, 0x4331,
  0x4331, 0x4351, 0x53B3, 0x4B92, 0x53B3, 0x53D4, 0x5C14, 0x6455, 0x6435, 0x5C14, 0x6455, 0x6C96, 0x74D7, 0x74D7, 0x8D9A, 0x9DDB,
  0x95DA, 0x9DFB, 0x8D9A, 0x8D99, 0xA63B, 0xAE7C, 0xAE5C, 0xB67C, 0xBEDE, 0xCF3E, 0xCF3E, 0xD73E, 0xD75F, 0xD73E, 0xDF7F, 0xD75F,
  0xD75F, 0xDF9F, 0xD77F, 0xD77F, 0xCF5F, 0xBEDD, 0xAE7C, 0xAE3C, 0x95BA, 0x8D79, 0x8D79, 0x95BA, 0x8D79, 0x8538, 0x7D18, 0x7D18,
  0x7D18, 0x7D18, 0x74D8, 0x6C76, 0x6C96, 0x6C76, 0x5BF4, 0x6435, 0x6C76, 0x6435, 0x5BF4, 0x53B3, 0x4B72, 0x4331, 0x3B10, 0x3AF0,
  0x3AF0, 0x3AAF, 0x3ACF, 0x3AAF, 0x32AF, 0x328E, 0x328E, 0x328E, 0x328E, 0x328E, 0x328E, 0x328E, 0x2A6D, 0x2A2D, 0x2A2C, 0x2A4D,
  0x2A4D, 0x2A4D, 0x2A4D, 0x2A4D, 0x2A4D, 0x2A2D, 0x2A2C, 0x2A2C, 0x2A2C, 0x2A2C, 0x2A2C, 0x2A0C, 0x21EC, 0x21EC, 0x21EB, 0x21EB,
  0x21EC, 0x2A0C, 0x2A0C, 0x2A0C, 0x220C, 0x2A0C, 0x2A0C, 0x2A0C, 0x220C, 0x2A0B, 0x21EB, 0x21EB, 0x21EB, 0x21EB, 0x21EB, 0x21EB,
  0x21CB, 0x21EB, 0x21EB, 0x21CB, 0x21CB, 0x21CB, 0x21EB, 0x21CB, 0x21EB, 0x21EB, 0x21EB, 0x21CB, 0x21CB, 0x21CA, 0x21CA, 0x19AA,
  0x19AA, 0x21AA, 0x21CB, 0x21CB, 0x21CB, 0x21CA, 0x21AA, 0x21CA, 0x21CA, 0x21CA, 0x19AA, 0x19AA, 0x19AA, 0x19AA, 0x19AA, 0x19AA,
  0x1148, 0x1168, 0x1168, 0x1168, 0x1168, 0x1168, 0x1168, 0x1968, 0x1169, 0x1168, 0x1169, 0x1969, 0x1969, 0x1969, 0x1969, 0x1989,
  0x1989, 0x1989, 0x1989, 0x1989, 0x1989, 0x198A, 0x198A, 0x198A, 0x19AA, 0x19AA, 0x198A, 0x198A, 0x198A, 0x198A, 0x19AA, 0x19AA,
  0x19AA, 0x19AA, 0x19AA, 0x21AA, 0x21AA, 0x19AA, 0x19AA, 0x19AA, 0x21CA, 0x21CA, 0x21CB, 0x19CB, 0x21CB, 0x21CB, 0x21CB, 0x21CB,
  0x21EB, 0x21EB, 0x21CB, 0x21EB, 0x21EB, 0x21EB, 0x21EB, 0x21EB, 0x21EB, 0x21EB, 0x21EB, 0x220B, 0x220B, 0x220C, 0x2A0C, 0x2A0C,
  0x2A0C, 0x2A0C, 0x2A0C, 0x2A0C, 0x2A0C, 0x2A0C, 0x2A2D, 0x2A2C, 0x2A2C, 0x2A4D, 0x2A4D, 0x2A6D, 0x2A6D, 0x2A6D, 0x2A4D, 0x2A4D,
  0x2A4D, 0x326D, 0x326E, 0x328E, 0x328E, 0x328E, 0x3AAE, 0x3ACF, 0x32AE, 0x32AF, 0x328E, 0x328E, 0x3ACF, 0x4331, 0x4B51, 0x4B72,
  0x5BD3, 0x53B3, 0x4B92, 0x4B72, 0x53B3, 0x5C14, 0x5BF4, 0x5C15, 0x5BF4, 0x5BF4, 0x7496, 0x74B6, 0x6C55, 0x5BF4, 0x6455, 0x6CB7,
  0x74D8, 0x8538, 0x95BA, 0x9DFB, 0x95BA, 0x8D79, 0x8D79, 0x8D78, 0xA5FA, 0xB67C, 0x9DDA, 0xAE3B, 0xBEDD, 0xC6DD, 0xC6DC, 0xBEBC,
  0xC6DD, 0xCF3E, 0xBEDD, 0xB67C, 0xB6BD, 0xAE5B, 0xBEDD, 0xB69C, 0xA63B, 0x95DA, 0x8539, 0x7496, 0x6C76, 0x5C14, 0x53D3, 0x4B93,
  0x4B72, 0x4B72, 0x4B72, 0x4331, 0x3B31, 0x3B11, 0x3B11, 0x4331, 0x4351, 0x4B52, 0x4B72, 0x4331, 0x4310, 0x3AF0, 0x3B10, 0x4331,
  0x4331, 0x4331, 0x3AF0, 0x32AF, 0x32AF, 0x3AAF, 0x3AF0, 0x3ACF, 0x328E, 0x328E, 0x328E, 0x328E, 0x328E, 0x326E, 0x326D, 0x2A4D,
  0x2A4D, 0x2A2D, 0x2A4D, 0x2A4D, 0x2A2D, 0x2A2C, 0x2A2C, 0x2A2D, 0x2A2C, 0x2A2C, 0x2A2C, 0x2A0C, 0x21EC, 0x21EC, 0x21EB, 0x21EC,
  0x220C, 0x2A0C, 0x2A2C, 0x2A0C, 0x220C, 0x220C, 0x21EB, 0x21EB, 0x21EB, 0x21EB, 0x21EB, 0x21EB, 0x21EB, 0x21EB, 0x21EB, 0x21EB,
  0x21EB, 0x21EB, 0x21EB, 0x21CB, 0x21CB, 0x21CB, 0x21EB, 0x21CB, 0x21EB, 0x21CB, 0x21CB, 0x21CB, 0x19AA, 0x19AA, 0x21AA, 0x19AA,
  0x198A, 0x19AA, 0x19AA, 0x19AA, 0x19AA, 0x19AA, 0x198A, 0x19AA, 0x19AA, 0x19AA, 0x19CA, 0x19AA, 0x19AA, 0x19AA, 0x19AA, 0x19AA,
  0x1148, 0x1168, 0x1168, 0x1168, 0x1168, 0x1169, 0x1169, 0x1169, 0x1969, 0x1169, 0x1169, 0x1969, 0x1969, 0x1969, 0x1969, 0x1969,
  0x1969, 0x1969, 0x1969, 0x196A, 0x1989, 0x1969, 0x198A, 0x198A, 0x198A, 0x198A, 0x198A, 0x198A, 0x19AA, 0x19AA, 0x19AA, 0x19AA,
  0x19AA, 0x19AA, 0x19AA, 0x19AA, 0x19AA, 0x21AA, 0x19AA, 0x19CA, 0x21CB, 0x21CA, 0x19AB, 0x19CA, 0x19AA, 0x21CA, 0x21CB, 0x21CB,
  0x21CB, 0x21EB, 0x21CB, 0x21CB, 0x21EB, 0x21EB, 0x21EB, 0x21EB, 0x21EB, 0x21EB, 0x21EB, 0x220B, 0x21EB, 0x21EB, 0x220B, 0x2A0C,
  0x2A0C, 0x2A0C, 0x2A0C, 0x2A0C, 0x2A0C, 0x2A0C, 0x2A0C, 0x2A0C, 0x2A0C, 0x2A2C, 0x2A4D, 0x2A6D, 0x2A6D, 0x326D, 0x326D, 0x2A6D,
  0x2A6D, 0x2A6D, 0x2A6D, 0x326E, 0x328E, 0x328E, 0x328E, 0x328E, 0x328E, 0x328E, 0x32AE, 0x3AAF, 0x3ACF, 0x3ACF, 0x3ACF, 0x3B10,
  0x4351, 0x53B3, 0x53B2, 0x4B51, 0x5392, 0x5C35, 0x6435, 0x5BF4, 0x53D3, 0x6435, 0x6C96, 0x7CF8, 0x7D18, 0x8559, 0xA63C, 0x9DFB,
  0x95DB, 0xA63C, 0xB6BD, 0xBEDE, 0xBEBE, 0xB69D, 0xB6BD, 0xCF3F, 0xD77F, 0xD73E, 0xCF3E, 0xC6FE, 0xBEDD, 0xC6FE, 0xCF3E, 0xC71E,
  0xB6BD, 0xB69C, 0xB67C, 0x9DFB, 0x95DA, 0x8559, 0x8D79, 0x95BA, 0x95BA, 0x8D79, 0x74D7, 0x6C96, 0x6455, 0x6C97, 0x74D7, 0x6CB6,
  0x6C96, 0x6455, 0x6455, 0x5BD3, 0x4B92, 0x4B72, 0x4B72, 0x4331, 0x4351, 0x4B72, 0x4311, 0x3AF0, 0x32AF, 0x32AF, 0x3ACF, 0x3ACF,
  0x3ACF, 0x3ACF, 0x3ACF, 0x32CF, 0x328E, 0x32AE, 0x3AF0, 0x3ACF, 0x326E, 0x2A6D, 0x326E, 0x326E, 0x326E, 0x326E, 0x2A4D, 0x2A4D,
  0x2A4D, 0x2A2D, 0x2A2C, 0x2A2D, 0x2A4D, 0x2A2D, 0x2A2D, 0x2A2C, 0x2A2C, 0x2A0C, 0x2A0C, 0x2A0C, 0x2A0C, 0x2A0C, 0x21EC, 0x21EC,
  0x21EC, 0x21EB, 0x21EB, 0x21CB, 0x21EB, 0x21EB, 0x21EB, 0x21EB, 0x21EB, 0x21CB, 0x21EB, 0x21EB, 0x21EB, 0x21EB, 0x21CB, 0x21CB,
  0x19CA, 0x21CB, 0x21CB, 0x21CA, 0x21CB, 0x21CB, 0x21CB, 0x21CB, 0x21CA, 0x21CB, 0x21CB, 0x21AA, 0x19AA, 0x21CB, 0x21CB, 0x21CB,
  0x21CB, 0x21CA, 0x19AA, 0x1989, 0x198A, 0x19AA, 0x19AA, 0x19AA, 0x19AA, 0x19AA, 0x19AA, 0x19AA, 0x19AA, 0x198A, 0x1989, 0x1989,
  0x1168, 0x1168, 0x1168, 0x1968, 0x1168, 0x1168, 0x1168, 0x1169, 0x1168, 0x1168, 0x1168, 0x1969, 0x1969, 0x1169, 0x1969, 0x1969,
  0x1969, 0x1989, 0x1989, 0x1989, 0x1989, 0x1989, 0x1989, 0x198A, 0x198A, 0x198A, 0x198A, 0x198A, 0x198A, 0x19AA, 0x198A, 0x198A,
  0x198A, 0x198A, 0x19AA, 0x198A, 0x19AA, 0x19AA, 0x19AA, 0x19AA, 0x21AA, 0x21CA, 0x19CA, 0x21CA, 0x21CB, 0x21CB, 0x21CB, 0x21CB,
  0x21CB, 0x21CB, 0x21CB, 0x21CB, 0x21EB, 0x21CB, 0x21EB, 0x21EB, 0x21EB, 0x21EB, 0x21EB, 0x21EB, 0x220B, 0x2A0C, 0x2A0C, 0x21EC,
  0x21EC, 0x21EC, 0x2A0C, 0x2A0C, 0x2A0C, 0x2A0C, 0x2A2C, 0x2A2D, 0x2A4D, 0x2A4D, 0x2A4D, 0x2A4D, 0x2A6D, 0x328E, 0x328E, 0x326D,
  0x2A6D, 0x2A6D, 0x326D, 0x326E, 0x326D, 0x326D, 0x326E, 0x328E, 0x32AE, 0x328E, 0x32AE, 0x3ACF, 0x3ACF, 0x3ACF, 0x3AF0, 0x4331,
  0x4B51, 0x4B72, 0x53B3, 0x5392, 0x5392, 0x5BF4, 0x6435, 0x6415, 0x5C35, 0x4B72, 0x53B3, 0x6435, 0x6C96, 0x8518, 0x95DA, 0xA65C,
  0xA65C, 0xA63B, 0xAE7C, 0xB69D, 0xAE5C, 0x9E1B, 0x8D79, 0x95DA, 0xAE5B, 0xBEBD, 0xAE3B, 0x9599, 0x9599, 0xA61B, 0xAE5C, 0xBEBD,
  0xBEDE, 0xBEFE, 0xBEFE, 0xBEDE, 0xAE7C, 0xA63B, 0xA63C, 0x9DFB, 0x8538, 0x7CD7, 0x74B6, 0x6455, 0x5C35, 0x6455, 0x5BF4, 0x53B3,
  0x4B72, 0x53D3, 0x5C14, 0x6414, 0x53B3, 0x4B72, 0x4331, 0x4310, 0x3AF0, 0x4311, 0x4311, 0x4331, 0x3AF0, 0x3AF0, 0x4311, 0x4310,
  0x3AF0, 0x3ACF, 0x3ACF, 0x3AEF, 0x3AAF, 0x328F, 0x328E, 0x326E, 0x326E, 0x326E, 0x326E, 0x326D, 0x2A6D, 0x2A4D, 0x2A4D, 0x2A4D,
  0x2A4D, 0x2A4D, 0x2A4D, 0x2A4D, 0x2A4D, 0x2A4D, 0x2A4D, 0x2A4C, 0x2A2C, 0x2A0C, 0x220C, 0x220B, 0x220C, 0x220C, 0x21EC, 0x2A0C,
  0x2A0B, 0x220B, 0x21EB, 0x21CB, 0x21EB, 0x21EB, 0x21EB, 0x21EB, 0x21EB, 0x21CB, 0x21EB, 0x21EB, 0x21CB, 0x21CB, 0x21CB, 0x21CB,
  0x21CB, 0x21CB, 0x21CB, 0x21CB, 0x21CB, 0x21AA, 0x198A, 0x19AA, 0x21CA, 0x21AA, 0x19AA, 0x19AA, 0x19AA, 0x21CB, 0x21CB, 0x19AA,
  0x19AA, 0x19AA, 0x19AA, 0x19AA, 0x21AA, 0x19AA, 0x19AA, 0x198A, 0x19AA, 0x198A, 0x198A, 0x19AA, 0x19AA, 0x198A, 0x198A, 0x1989,
  0x1148, 0x1168, 0x1168, 0x1168, 0x1148, 0x1168, 0x1168, 0x1168, 0x1168, 0x1168, 0x1168, 0x1148, 0x1968, 0x1989, 0x1969, 0x1169,
  0x1969, 0x1969, 0x1969, 0x1989, 0x1969, 0x1989, 0x1989, 0x198A, 0x198A, 0x198A, 0x198A, 0x198A, 0x198A, 0x198A, 0x19AA, 0x198A,
  0x198A, 0x19AA, 0x19AA, 0x19AA, 0x19AA, 0x19AA, 0x21AA, 0x21AA, 0x19AA, 0x19AA, 0x19AA, 0x21AA, 0x21CB, 0x21CA, 0x21CB, 0x21CB,
  0x21CB, 0x21CB, 0x21EB, 0x21CB, 0x21EB, 0x21EB, 0x21EB, 0x21EB, 0x21EB, 0x21EB, 0x21EB, 0x21EB, 0x220B, 0x21EB, 0x21EB, 0x21EC,
  0x220B, 0x2A0C, 0x2A0C, 0x2A0C, 0x2A0C, 0x2A2C, 0x2A2C, 0x2A2C, 0x2A2C, 0x2A4D, 0x2A4C, 0x2A4C, 0x2A4D, 0x2A4D, 0x2A4D, 0x2A4D,
  0x2A6D, 0x2A6D, 0x328E, 0x328E, 0x328E, 0x328E, 0x328E, 0x328E, 0x328E, 0x328E, 0x328E, 0x32AE, 0x3ACF, 0x3AEF, 0x3AF0, 0x4310,
  0x3B10, 0x3AF0, 0x4310, 0x4351, 0x4351, 0x4B72, 0x5BF4, 0x6C96, 0x74D7, 0x8538, 0x8538, 0x8518, 0x8D59, 0x9DDA, 0xAE5C, 0xB69D,
  0xAE7C, 0xAE5C, 0xAE7D, 0xB6BD, 0xBEBD, 0xBEBD, 0xB69D, 0xAE5B, 0xB67C, 0xC6FE, 0xCF1E, 0xC6FE, 0xCF3E, 0xCF1E, 0xC6FE, 0xBEDD,
  0xBEDD, 0xAE9C, 0xB6BD, 0xC6FE, 0xBEBD, 0xB67C, 0xB6BD, 0xB69D, 0xAE9D, 0xAE7C, 0x9DFB, 0x8D58, 0x74D7, 0x74B7, 0x6C55, 0x5BD3,
  0x6434, 0x6434, 0x5C14, 0x5393, 0x4331, 0x4331, 0x4351, 0x3B10, 0x32AF, 0x32CF, 0x3AF0, 0x3AD0, 0x3AF0, 0x3AF0, 0x3AF0, 0x3AF0,
  0x3AF0, 0x3AF0, 0x3AF0, 0x3ACF, 0x3AAF, 0x328E, 0x328E, 0x328E, 0x328E, 0x326E, 0x2A6D, 0x2A6D, 0x2A4D, 0x2A4D, 0x2A4D, 0x2A2C,
  0x2A0C, 0x2A2C, 0x2A2C, 0x2A2C, 0x2A2C, 0x2A2C, 0x2A2C, 0x2A2C, 0x2A2C, 0x2A2C, 0x220C, 0x21EB, 0x220C, 0x220C, 0x220C, 0x21EB,
  0x21EB, 0x220B, 0x220C, 0x21EB, 0x21EB, 0x21EB, 0x220B, 0x220C, 0x2A0C, 0x220C, 0x21EB, 0x21EB, 0x21EB, 0x21EB, 0x21EB, 0x21EB,
  0x21EB, 0x21CB, 0x21CA, 0x19AA, 0x21CA, 0x21CB, 0x21CB, 0x21CB, 0x21CA, 0x19AA, 0x21AA, 0x21AA, 0x19AA, 0x19AA, 0x19AA, 0x21AA,
  0x21AA, 0x19AA, 0x21AA, 0x21CB, 0x21CB, 0x19AA, 0x19AA, 0x19AA, 0x19AA, 0x198A, 0x1989, 0x198A, 0x19AA, 0x198A, 0x198A, 0x198A,
  0x1168, 0x1148, 0x1168, 0x1168, 0x1168, 0x1168, 0x1168, 0x1168, 0x1168, 0x1168, 0x1168, 0x1168, 0x1168, 0x1168, 0x1169, 0x1169,
  0x1169, 0x1969, 0x1969, 0x1969, 0x1969, 0x1969, 0x1969, 0x1989, 0x198A, 0x198A, 0x1989, 0x198A, 0x198A, 0x198A, 0x198A, 0x198A,
  0x19AA, 0x19AA, 0x198A, 0x19AA, 0x19AA, 0x19AA, 0x19AA, 0x19AA, 0x19AA, 0x19AA, 0x19AA, 0x21CA, 0x21CA, 0x19AA, 0x19AA, 0x21CB,
  0x21CB, 0x21CB, 0x21CB, 0x21CB, 0x21CB, 0x21CB, 0x21EB, 0x21CB, 0x19CA, 0x21EB, 0x21EB, 0x21EB, 0x21EB, 0x21EB, 0x21EB, 0x220B,
  0x220C, 0x2A0C, 0x2A0C, 0x2A0C, 0x2A0C, 0x2A2C, 0x2A2C, 0x2A2C, 0x2A2C, 0x2A2C, 0x2A2C, 0x2A4C, 0x2A4D, 0x2A4D, 0x2A4D, 0x326D,
  0x326D, 0x328E, 0x3AAE, 0x3ACF, 0x42F0, 0x4310, 0x3AAE, 0x328E, 0x3AAF, 0x3ACF, 0x3AAF, 0x3ACF, 0x3AF0, 0x4330, 0x4B92, 0x5BD3,
  0x5BF4, 0x4B72, 0x4331, 0x53B3, 0x6C76, 0x74F8, 0x7D18, 0x8D79, 0x8D79, 0x9E1C, 0xAE5D, 0x9DFB, 0x8DBA, 0x95DA, 0x9E1B, 0xA63C,
  0xAE3C, 0x9E1B, 0x95DA, 0x95BA, 0xA61B, 0xB69C, 0xBEDE, 0xC6FE, 0xC71E, 0xCF3E, 0xD73E, 0xDF5F, 0xD75E, 0xD75F, 0xCF3E, 0xCF3E,
  0xC71E, 0xBEDD, 0xB6BD, 0xAE7C, 0x9DFA, 0x95BA, 0xA63C, 0x9DDA, 0x95BA, 0x8D9A, 0x8D99, 0x95BA, 0x95BA, 0x959A, 0x8D79, 0x7CF7,
  0x8D79, 0x8D99, 0x7D17, 0x6455, 0x6434, 0x5C14, 0x5BD4, 0x5392, 0x4B92, 0x4B92, 0x4B51, 0x4331, 0x3AF0, 0x3AD0, 0x3ACF, 0x32AF,
  0x32AF, 0x32AF, 0x32AE, 0x328E, 0x32AE, 0x328E, 0x328E, 0x328E, 0x328E, 0x326D, 0x2A6D, 0x2A4D, 0x2A4D, 0x2A4D, 0x2A4D, 0x2A2D,
  0x2A2C, 0x2A2C, 0x2A4D, 0x2A4D, 0x2A4D, 0x2A2D, 0x2A0C, 0x21EB, 0x21EC, 0x21EC, 0x21EC, 0x2A0C, 0x2A0C, 0x2A0C, 0x2A0C, 0x220C,
  0x21EB, 0x220B, 0x21EB, 0x21EB, 0x21EB, 0x21EB, 0x21EB, 0x21CB, 0x21CB, 0x19CA, 0x21CB, 0x21CB, 0x21CB, 0x21EB, 0x21CB, 0x21EB,
  0x21EB, 0x21CB, 0x21CB, 0x19AA, 0x19AA, 0x21CA, 0x21EB, 0x21CB, 0x21CB, 0x21CB, 0x21CB, 0x21CB, 0x19AA, 0x19AA, 0x21AA, 0x21AA,
  0x21CB, 0x21CB, 0x21CB, 0x21CB, 0x21CB, 0x21CA, 0x19AA, 0x19AA, 0x19AA, 0x19AA, 0x19AA, 0x198A, 0x19AA, 0x19AA, 0x198A, 0x1989,
  0x1148, 0x1148, 0x1148, 0x1148, 0x1148, 0x1168, 0x1148, 0x1148, 0x1148, 0x1168, 0x1168, 0x1168, 0x1168, 0x1169, 0x1969, 0x1169,
  0x1169, 0x1969, 0x1969, 0x1969, 0x1969, 0x1969, 0x1969, 0x1989, 0x1989, 0x1989, 0x1989, 0x198A, 0x198A, 0x198A, 0x198A, 0x198A,
  0x198A, 0x198A, 0x198A, 0x19AA, 0x19AA, 0x19AA, 0x19AA, 0x19AA, 0x19AA, 0x19AA, 0x19AA, 0x19AA, 0x21AA, 0x21CA, 0x21CB, 0x21CB,
  0x21CB, 0x21CB, 0x21CB, 0x21CB, 0x21CB, 0x21CB, 0x21CB, 0x21CB, 0x21EB, 0x21EB, 0x21EB, 0x21EB, 0x21EB, 0x21EB, 0x21EB, 0x21EB,
  0x21EB, 0x21EB, 0x21EB, 0x21EB, 0x2A0C, 0x220C, 0x2A0C, 0x2A2C, 0x2A2C, 0x2A2C, 0x326D, 0x2A4D, 0x2A4D, 0x2A4D, 0x2A4D, 0x2A4D,
  0x326D, 0x328E, 0x32AE, 0x32AE, 0x328E, 0x326D, 0x326D, 0x326D, 0x3ACF, 0x42F0, 0x328E, 0x3AAF, 0x3ACF, 0x3AF0, 0x4310, 0x3B10,
  0x4B92, 0x53B3, 0x4B72, 0x328F, 0x32CF, 0x3AF0, 0x3AF0, 0x4B72, 0x5BF4, 0x4B72, 0x4B92, 0x53D3, 0x6435, 0x8539, 0x95BA, 0x95BA,
  0x8538, 0x8538, 0x8D79, 0x8D59, 0x95BA, 0xA61B, 0xA61B, 0x9599, 0x95B9, 0x9DFA, 0x9DB9, 0xA63B, 0xAE5B, 0xB69C, 0xAE7C, 0xAE7C,
  0xB69D, 0xAE5C, 0xAE5C, 0xAE5C, 0x9DFA, 0x9DFA, 0x95BA, 0x7D18, 0x7D18, 0x6C96, 0x5C15, 0x6456, 0x7497, 0x8539, 0x959A, 0x95BA,
  0x8D79, 0x8D79, 0x8D79, 0x74D7, 0x5C14, 0x5C14, 0x5BF4, 0x53B3, 0x5BF4, 0x5C14, 0x5BF4, 0x5BF4, 0x4B72, 0x4351, 0x3AF0, 0x32AF,
  0x32AE, 0x32AF, 0x3ACF, 0x3AEF, 0x3ACF, 0x3ACF, 0x3AAF, 0x328E, 0x328E, 0x326E, 0x2A6D, 0x2A6D, 0x326D, 0x326D, 0x2A6D, 0x2A4D,
  0x2A4D, 0x2A4D, 0x2A4D, 0x2A2D, 0x2A2C, 0x2A2C, 0x2A2C, 0x2A2C, 0x2A0C, 0x220C, 0x220B, 0x220B, 0x220C, 0x2A0C, 0x2A0C, 0x2A0C,
  0x21EC, 0x2A0C, 0x220C, 0x220B, 0x2A0C, 0x220C, 0x21EB, 0x21CB, 0x19CA, 0x19CB, 0x21CB, 0x21CB, 0x21EB, 0x21EB, 0x21CB, 0x21CB,
  0x21CB, 0x21CB, 0x21EB, 0x21EB, 0x21CB, 0x21EB, 0x21CB, 0x21CA, 0x21AA, 0x21CB, 0x21CA, 0x21CA, 0x21CB, 0x21CB, 0x21CB, 0x19AA,
  0x19AA, 0x198A, 0x19AA, 0x19AA, 0x19AA, 0x198A, 0x1989, 0x19AA, 0x19AA, 0x19AA, 0x19AA, 0x19AA, 0x19AA, 0x19AA, 0x19AA, 0x1989,
  0x1148, 0x1148, 0x1148, 0x1148, 0x1148, 0x1168, 0x1168, 0x1148, 0x1148, 0x1168, 0x1168, 0x1168, 0x1168, 0x1169, 0x1168, 0x1969,
  0x1969, 0x1969, 0x1969, 0x1969, 0x1969, 0x1969, 0x1969, 0x198A, 0x1989, 0x1989, 0x1989, 0x198A, 0x198A, 0x1969, 0x1969, 0x1989,
  0x198A, 0x198A, 0x19AA, 0x19AA, 0x19AA, 0x19AA, 0x19AA, 0x19AA, 0x19AA, 0x19AA, 0x19AA, 0x19AA, 0x19AA, 0x19CA, 0x21AA, 0x19AA,
  0x21CB, 0x21CB, 0x21CB, 0x21CB, 0x21EB, 0x21EB, 0x21EB, 0x21EB, 0x21EB, 0x21EB, 0x21EB, 0x21EB, 0x21EB, 0x21EB, 0x21EB, 0x21EB,
  0x220B, 0x21EB, 0x220B, 0x220C, 0x220B, 0x220B, 0x2A0C, 0x2A0C, 0x2A2C, 0x2A2C, 0x2A2C, 0x2A2C, 0x2A2C, 0x2A2C, 0x2A2C, 0x2A2C,
  0x324D, 0x3AAE, 0x3ACF, 0x32AE, 0x3AAE, 0x3ACF, 0x32AE, 0x328E, 0x326D, 0x326D, 0x3AAF, 0x3AAF, 0x3ACF, 0x3AAF, 0x3ACF, 0x3ACF,
  0x3B10, 0x4B72, 0x53B3, 0x53B3, 0x53B3, 0x5BF3, 0x6435, 0x6C76, 0x74B7, 0x6C95, 0x6C96, 0x7D38, 0x8D7A, 0x8559, 0x8538, 0x8D79,
  0x9DDA, 0x9DFB, 0x9DFB, 0xA63C, 0xB67C, 0xBE9C, 0xBEDD, 0xBEDD, 0xCF3F, 0xCF5F, 0xCF5F, 0xCF5F, 0xB6BD, 0xA65C, 0x9E1B, 0x95DA,
  0x95B9, 0x8D79, 0x8518, 0x9DDA, 0xAE5B, 0x95B9, 0x8518, 0x74B7, 0x6455, 0x6C76, 0x74D7, 0x74D7, 0x5C14, 0x5BF4, 0x5C35, 0x6C96,
  0x6C76, 0x6C76, 0x6C75, 0x6435, 0x53D4, 0x4331, 0x4B72, 0x5392, 0x4331, 0x4331, 0x4331, 0x4331, 0x4331, 0x4331, 0x4310, 0x4B51,
  0x4B71, 0x3AF0, 0x3ACF, 0x3AAF, 0x328E, 0x326E, 0x2A6D, 0x32AE, 0x32AE, 0x328E, 0x328E, 0x328E, 0x326D, 0x2A6D, 0x2A4D, 0x2A4D,
  0x2A2D, 0x2A2C, 0x2A2C, 0x2A2C, 0x2A2C, 0x2A2C, 0x2A2C, 0x2A0C, 0x220C, 0x21EB, 0x21EB, 0x21EB, 0x21EB, 0x21EC, 0x21EB, 0x21CB,
  0x21CB, 0x21CB, 0x21CB, 0x21EB, 0x21EB, 0x21EB, 0x21CB, 0x21CB, 0x21EB, 0x21EB, 0x21EB, 0x21EB, 0x21CB, 0x21CB, 0x21EB, 0x21CB,
  0x21CB, 0x21CB, 0x21CB, 0x21EB, 0x21CB, 0x21CB, 0x21CA, 0x19AA, 0x19AA, 0x21CA, 0x21CB, 0x21CB, 0x21CB, 0x21CB, 0x21CA, 0x19AA,
  0x19AA, 0x198A, 0x198A, 0x19AA, 0x19AA, 0x19AA, 0x19AA, 0x21AA, 0x19AA, 0x19AA, 0x19AA, 0x198A, 0x198A, 0x198A, 0x198A, 0x198A,
  0x1148, 0x1168, 0x1168, 0x1168, 0x1168, 0x1148, 0x1168, 0x1148, 0x1148, 0x1148, 0x1148, 0x1148, 0x1148, 0x1168, 0x1168, 0x1969,
  0x1969, 0x1169, 0x1969, 0x1969, 0x1969, 0x1969, 0x1969, 0x1969, 0x1969, 0x1989, 0x1969, 0x1989, 0x1989, 0x198A, 0x198A, 0x19AA,
  0x198A, 0x198A, 0x19AA, 0x19AA, 0x19AA, 0x19AA, 0x19AA, 0x19AA, 0x19AA, 0x19AA, 0x19AA, 0x19AA, 0x19AA, 0x19AA, 0x21AA, 0x21AA,
  0x19AA, 0x21AA, 0x21CA, 0x21CB, 0x21CB, 0x21CB, 0x21CB, 0x21CB, 0x21CB, 0x21CB, 0x21EB, 0x21EB, 0x21EB, 0x21EB, 0x21EB, 0x21EB,
  0x21EB, 0x220B, 0x21EB, 0x21EB, 0x21EB, 0x2A0B, 0x2A0C, 0x2A2C, 0x2A2C, 0x2A2C, 0x326D, 0x326D, 0x2A6D, 0x2A4D, 0x2A4D, 0x326D,
  0x328E, 0x328E, 0x3AEF, 0x42EF, 0x3ACF, 0x3AAE, 0x32AE, 0x32AE, 0x3ACF, 0x4310, 0x4B51, 0x4351, 0x4B51, 0x4351, 0x4351, 0x4310,
  0x4351, 0x53B3, 0x5BF4, 0x6435, 0x6C96, 0x7CD7, 0x7D18, 0x74B6, 0x74B6, 0x7CF7, 0x7CF7, 0x8559, 0x8D79, 0x8D79, 0x8D79, 0x95BA,
  0x9DFB, 0xA61B, 0x95BA, 0xA61B, 0xB69C, 0xB67C, 0xB67C, 0xA61B, 0xAE3B, 0xA63B, 0xA5FA, 0xA61B, 0xB6BD, 0xAE7C, 0xAE9C, 0xB69C,
  0xB6BC, 0xC6FE, 0xB67C, 0xB67C, 0xB69C, 0xB67C, 0xAE3C, 0x8D58, 0x7CF7, 0x6C96, 0x7CD7, 0x74D7, 0x6455, 0x6C76, 0x6C76, 0x6455,
  0x5BF4, 0x4351, 0x4B92, 0x4331, 0x4331, 0x4331, 0x3AF0, 0x4311, 0x4331, 0x4331, 0x3AF0, 0x3AF0, 0x4331, 0x4B51, 0x3ACF, 0x3AF0,
  0x3AF0, 0x3ACF, 0x3ACF, 0x3AF0, 0x3ACF, 0x328E, 0x328E, 0x328E, 0x328E, 0x2A6D, 0x2A4D, 0x2A6D, 0x2A2C, 0x220C, 0x220C, 0x220C,
  0x2A0C, 0x2A2C, 0x2A2D, 0x2A4D, 0x2A2C, 0x2A2C, 0x2A0C, 0x220C, 0x21EC, 0x2A0C, 0x2A0C, 0x220C, 0x21EB, 0x21CB, 0x21CB, 0x21CB,
  0x21EB, 0x21EB, 0x21EB, 0x21EB, 0x21EB, 0x21CB, 0x19CA, 0x19AA, 0x19AA, 0x19AA, 0x19CA, 0x21CB, 0x21CB, 0x21CB, 0x19AA, 0x19AA,
  0x21AA, 0x21CB, 0x21EB, 0x21CB, 0x21CB, 0x21CB, 0x21CA, 0x21CB, 0x21CA, 0x21CB, 0x21CA, 0x21CA, 0x19AA, 0x19AA, 0x19AA, 0x21AA,
  0x19AA, 0x19AA, 0x21AA, 0x19AA, 0x19AA, 0x19AA, 0x19AA, 0x19AA, 0x1989, 0x1989, 0x1169, 0x1169, 0x1169, 0x1989, 0x19AA, 0x1989,
  0x1148, 0x1148, 0x1148, 0x1148, 0x1148, 0x1148, 0x1148, 0x1168, 0x1168, 0x1168, 0x1168, 0x1168, 0x1168, 0x1168, 0x1168, 0x1168,
  0x1969, 0x1168, 0x1169, 0x1969, 0x1969, 0x1969, 0x1969, 0x1969, 0x1969, 0x1969, 0x1969, 0x1989, 0x1989, 0x1989, 0x1989, 0x198A,
  0x198A, 0x198A, 0x198A, 0x198A, 0x198A, 0x198A, 0x19AA, 0x198A, 0x19AA, 0x19AA, 0x19AA, 0x19AA, 0x19AA, 0x19AA, 0x19AA, 0x19AA,
  0x19AA, 0x21AA, 0x21AA, 0x21AA, 0x21CB, 0x21CB, 0x21CB, 0x21CB, 0x21CB, 0x21EB, 0x21EB, 0x21EB, 0x21EB, 0x21EB, 0x21EB, 0x21EB,
  0x21EB, 0x21EB, 0x2A0B, 0x2A0C, 0x2A0C, 0x2A0C, 0x220C, 0x2A0B, 0x2A0C, 0x2A2C, 0x2A2C, 0x2A2C, 0x2A2C, 0x2A2C, 0x2A2C, 0x326D,
  0x328E, 0x328E, 0x3ACF, 0x42EF, 0x32AE, 0x3ACF, 0x4310, 0x3ACF, 0x3ACF, 0x4310, 0x4B71, 0x4B72, 0x4330, 0x4310, 0x4310, 0x3AEF,
  0x3AEF, 0x4310, 0x4331, 0x4B92, 0x6455, 0x74B7, 0x8538, 0x95BA, 0x8558, 0x8518, 0x6CB6, 0x6C97, 0x7D18, 0x8D9A, 0xA63C, 0xAE5C,
  0xB67C, 0xB69D, 0xA63B, 0x9599, 0x9DFB, 0xAE5C, 0xAE5C, 0xB69D, 0xB69D, 0xB6BD, 0xAE7C, 0xB67C, 0xBEDD, 0xC71E, 0xC71E, 0xC6FD,
  0xCF3E, 0xCF5F, 0xC71E, 0xCF3E, 0xD75F, 0xBEDD, 0xB67C, 0xA5FB, 0x9599, 0x8D79, 0x8559, 0x74B7, 0x6C75, 0x74B6, 0x6C96, 0x6455,
  0x6435, 0x6C96, 0x6C96, 0x5BF4, 0x4B92, 0x5392, 0x5393, 0x4B92, 0x5BF4, 0x53B3, 0x4B72, 0x4331, 0x3ACF, 0x32CF, 0x3ACF, 0x32AF,
  0x328E, 0x328E, 0x328E, 0x328E, 0x328E, 0x328E, 0x328E, 0x328E, 0x32AE, 0x328E, 0x2A4D, 0x2A4D, 0x2A4D, 0x2A4C, 0x2A4C, 0x2A4C,
  0x2A2C, 0x2A2C, 0x2A2C, 0x2A2C, 0x2A2C, 0x2A2C, 0x2A2C, 0x2A0C, 0x2A0C, 0x220C, 0x220C, 0x2A0C, 0x2A0C, 0x220C, 0x21EB, 0x21CB,
  0x21CB, 0x21CB, 0x21CB, 0x21CA, 0x21CB, 0x21EB, 0x21CB, 0x19AA, 0x19AA, 0x19AA, 0x19AA, 0x21CB, 0x21EB, 0x21EB, 0x21CB, 0x19AA,
  0x19AA, 0x19AA, 0x19AA, 0x21AA, 0x21CB, 0x21CB, 0x21CB, 0x21CA, 0x21AA, 0x19AA, 0x21CA, 0x21AA, 0x19AA, 0x21CA, 0x19AA, 0x19AA,
  0x19AA, 0x19AA, 0x19AA, 0x19AA, 0x19AA, 0x19AA, 0x19AA, 0x19AA, 0x19AA, 0x19AA, 0x19AA, 0x19AA, 0x19AA, 0x19AA, 0x198A, 0x1989,
  0x1148, 0x1148, 0x1148, 0x1148, 0x1148, 0x1148, 0x1148, 0x1148, 0x1148, 0x1148, 0x1168, 0x1168, 0x1168, 0x1168, 0x1168, 0x1169,
  0x1169, 0x1168, 0x1169, 0x1969, 0x1969, 0x1969, 0x1969, 0x1969, 0x1969, 0x1969, 0x1969, 0x1969, 0x1989, 0x1989, 0x1989, 0x198A,
  0x198A, 0x1989, 0x198A, 0x198A, 0x19AA, 0x198A, 0x198A, 0x198A, 0x19AA, 0x19AA, 0x19AA, 0x19AA, 0x19AA, 0x21AA, 0x21AA, 0x21CA,
  0x21AA, 0x21CA, 0x21AA, 0x19AA, 0x19AA, 0x21AA, 0x21CB, 0x21CB, 0x21CB, 0x21CB, 0x21CB, 0x21CB, 0x21CB, 0x21EB, 0x21EB, 0x21CB,
  0x21EB, 0x21EB, 0x21EB, 0x21EB, 0x220B, 0x220B, 0x2A0C, 0x21EB, 0x2A0B, 0x2A0C, 0x2A2C, 0x2A2C, 0x2A2C, 0x2A2C, 0x2A4D, 0x324D,
  0x2A6D, 0x326D, 0x326D, 0x324D, 0x326D, 0x326D, 0x326D, 0x328E, 0x328E, 0x32AE, 0x328E, 0x3AAF, 0x3AEF, 0x4331, 0x4B71, 0x42F0,
  0x3ACF, 0x328E, 0x32AF, 0x3ACF, 0x4B72, 0x5BF4, 0x74B6, 0x7D18, 0x6C76, 0x6C55, 0x6C96, 0x74D8, 0x7D18, 0x8D9A, 0x9DFB, 0x95BA,
  0x9DDA, 0xA61B, 0xA61B, 0x9DFB, 0xA61B, 0xA5FB, 0xA61B, 0xB6BD, 0xC71E, 0xD75F, 0xC71E, 0xBEDD, 0xB6BD, 0xB69D, 0xBEDD, 0xBEDD,
  0xBEDD, 0xBEBD, 0xBEBD, 0xC71E, 0xCF5F, 0xCF5F, 0xCF3F, 0xB69D, 0xAE5C, 0xBEDE, 0xBEFE, 0xAE7D, 0x9E1C, 0xA65C, 0x9E1C, 0x8559,
  0x7D18, 0x7CF7, 0x74D7, 0x5BF4, 0x5BD3, 0x5BF4, 0x4B72, 0x4331, 0x3AD0, 0x3ACF, 0x4331, 0x4331, 0x3ACF, 0x3ACF, 0x32AF, 0x328E,
  0x328E, 0x32AF, 0x3ACF, 0x3ACF, 0x3AAF, 0x32AE, 0x32AE, 0x32AE, 0x328E, 0x328E, 0x328E, 0x326D, 0x2A6D, 0x2A6D, 0x2A4D, 0x2A4D,
  0x2A2C, 0x2A2C, 0x2A0C, 0x2A2C, 0x2A2C, 0x2A2C, 0x2A2C, 0x2A0C, 0x2A0C, 0x2A0C, 0x220C, 0x21EC, 0x21EB, 0x220C, 0x21EB, 0x21EB,
  0x21EB, 0x21EB, 0x21EB, 0x21EB, 0x21EB, 0x21EB, 0x21EB, 0x21CB, 0x21EB, 0x21CB, 0x21EB, 0x21EB, 0x21EB, 0x21EB, 0x21CB, 0x21CB,
  0x21CB, 0x21CA, 0x21CA, 0x19AA, 0x21CA, 0x21EB, 0x21CB, 0x21CA, 0x21AA, 0x19AA, 0x19AA, 0x19AA, 0x21AA, 0x21CA, 0x21CA, 0x19AA,
  0x19AA, 0x19AA, 0x19AA, 0x19AA, 0x198A, 0x19AA, 0x19AA, 0x19A9, 0x1989, 0x1989, 0x1989, 0x1989, 0x1989, 0x19AA, 0x19A9, 0x1989,
  0x1148, 0x1148, 0x1148, 0x1148, 0x1148, 0x1148, 0x1148, 0x1148, 0x1148, 0x1168, 0x1168, 0x1168, 0x1168, 0x1168, 0x1168, 0x1148,
  0x1168, 0x1168, 0x1169, 0x1168, 0x1969, 0x1969, 0x1169, 0x1969, 0x1969, 0x1969, 0x1989, 0x1989, 0x1989, 0x1989, 0x1989, 0x1989,
  0x1969, 0x1989, 0x1989, 0x198A, 0x198A, 0x19AA, 0x19AA, 0x19AA, 0x19AA, 0x19AA, 0x19AA, 0x19AA, 0x19AA, 0x19AA, 0x19AA, 0x19AA,
  0x19AA, 0x21AA, 0x21CA, 0x21CA, 0x21CB, 0x21CB, 0x21CA, 0x21CB, 0x21CA, 0x21CB, 0x21CB, 0x21CB, 0x21CB, 0x21CB, 0x21CB, 0x21EB,
  0x2A0C, 0x21EB, 0x21EB, 0x21EB, 0x21EB, 0x2A0B, 0x2A0C, 0x2A0C, 0x2A0C, 0x2A0C, 0x2A2C, 0x2A2C, 0x2A2C, 0x2A2C, 0x2A2C, 0x2A2C,
  0x2A2C, 0x2A4D, 0x324D, 0x2A4D, 0x2A4D, 0x326D, 0x32AE, 0x3ACF, 0x3ACF, 0x4330, 0x4351, 0x4B71, 0x4B51, 0x4B51, 0x4310, 0x3ACF,
  0x3AF0, 0x4331, 0x4351, 0x4B51, 0x53D3, 0x6434, 0x6435, 0x5C14, 0x6C75, 0x6C76, 0x6C96, 0x6C76, 0x6455, 0x7CD7, 0x74B6, 0x74B6,
  0x8518, 0x95BA, 0x9599, 0x8D79, 0x95BA, 0xA63B, 0x9DFA, 0x9DDA, 0x8D79, 0x95DA, 0xA61B, 0x9DFB, 0x9DFB, 0x9DDA, 0xAE5B, 0xA63A,
  0x95D9, 0x8538, 0x8D79, 0x8538, 0x7495, 0x7495, 0x7496, 0x8538, 0x9DFB, 0xA63B, 0x95BA, 0xA61B, 0xAE7C, 0x95DA, 0x8539, 0x6456,
  0x4B93, 0x4BB3, 0x53D4, 0x5BF4, 0x5BF4, 0x53B3, 0x4351, 0x4331, 0x4B51, 0x3AF0, 0x32CF, 0x32AF, 0x3ACF, 0x3AF0, 0x3AF0, 0x3ACF,
  0x3ACF, 0x3AF0, 0x3AAF, 0x32AF, 0x328E, 0x328E, 0x328E, 0x32AE, 0x326E, 0x2A6D, 0x2A6D, 0x2A4D, 0x2A2C, 0x2A2C, 0x2A2C, 0x2A2C,
  0x2A2C, 0x2A0C, 0x220B, 0x21EB, 0x21EB, 0x21EB, 0x220B, 0x21EB, 0x220B, 0x220B, 0x21EB, 0x21EB, 0x220B, 0x220C, 0x220C, 0x220B,
  0x21EB, 0x21EB, 0x220B, 0x21EB, 0x21EB, 0x21EB, 0x21CB, 0x21CB, 0x21CB, 0x21CB, 0x21CB, 0x21CB, 0x21CB, 0x21CB, 0x21AA, 0x19AA,
  0x19AA, 0x19AA, 0x19AA, 0x21CB, 0x21CA, 0x19AA, 0x19AA, 0x19AA, 0x19AA, 0x19AA, 0x19AA, 0x198A, 0x19AA, 0x19AA, 0x19AA, 0x198A,
  0x19AA, 0x19AA, 0x19A9, 0x1989, 0x19A9, 0x19AA, 0x19A9, 0x1989, 0x19A9, 0x198A, 0x1989, 0x19A9, 0x19AA, 0x19AA, 0x1989, 0x1989,
  0x1148, 0x1148, 0x1148, 0x1148, 0x1148, 0x1148, 0x1148, 0x1148, 0x1148, 0x1148, 0x1148, 0x1168, 0x1148, 0x1148, 0x1148, 0x1148,
  0x1148, 0x1168, 0x1168, 0x1168, 0x1168, 0x1168, 0x1169, 0x1169, 0x1969, 0x1969, 0x1969, 0x1969, 0x1969, 0x1989, 0x1969, 0x1969,
  0x1969, 0x198A, 0x198A, 0x198A, 0x198A, 0x198A, 0x198A, 0x198A, 0x198A, 0x198A, 0x198A, 0x198A, 0x198A, 0x19AA, 0x19AA, 0x19AA,
  0x19AA, 0x19AA, 0x19AA, 0x19AA, 0x19AA, 0x19CA, 0x21CA, 0x21CB, 0x21CB, 0x21CB, 0x21CB, 0x21CB, 0x21CB, 0x21CA, 0x21CB, 0x21EB,
  0x21EB, 0x21CB, 0x21CB, 0x21EB, 0x21EB, 0x21EB, 0x220B, 0x220B, 0x2A0C, 0x2A2C, 0x2A2C, 0x2A2C, 0x2A4C, 0x2A2C, 0x2A2C, 0x2A2C,
  0x2A2C, 0x2A4D, 0x324D, 0x326D, 0x328E, 0x328E, 0x328E, 0x328E, 0x3ACF, 0x4310, 0x4330, 0x4330, 0x4310, 0x4310, 0x3AF0, 0x3AEF,
  0x3AEF, 0x4310, 0x4B51, 0x4B92, 0x53B2, 0x5BF3, 0x74D7, 0x7D38, 0x8D99, 0x8538, 0x7D17, 0x74D7, 0x6C96, 0x74D7, 0x8D99, 0x95DA,
  0x9DDA, 0xA61B, 0xAE7D, 0xAE7C, 0xA65C, 0xB6BD, 0xB67C, 0xA63B, 0xA61A, 0xAE5B, 0xBEDD, 0xC6FD, 0xC71E, 0xC6FE, 0xC6FD, 0xBEDD,
  0xC71E, 0xCF3F, 0xBEFE, 0xB69D, 0xA63B, 0x9DFB, 0x8D79, 0x74B7, 0x6C55, 0x74B6, 0x8558, 0x8D99, 0x8D79, 0x7CF7, 0x6C76, 0x6455,
  0x6C76, 0x6476, 0x5C14, 0x5BF4, 0x53B3, 0x4351, 0x3AF0, 0x32AF, 0x4310, 0x4331, 0x4331, 0x3ACF, 0x328E, 0x328E, 0x3ACF, 0x3ACF,
  0x42F0, 0x3AEF, 0x32AE, 0x32AE, 0x328E, 0x328E, 0x2A6D, 0x2A4D, 0x222C, 0x220C, 0x222C, 0x2A2C, 0x2A2C, 0x2A2C, 0x2A2C, 0x2A2C,
  0x2A2C, 0x2A2C, 0x2A2C, 0x2A0C, 0x2A0C, 0x2A0C, 0x2A2C, 0x2A0C, 0x2A0C, 0x2A0C, 0x2A0C, 0x2A0C, 0x220B, 0x21EB, 0x2A0C, 0x2A0C,
  0x21EB, 0x21EB, 0x21CB, 0x21CB, 0x21CB, 0x21EB, 0x21EB, 0x21CB, 0x21CB, 0x21CB, 0x21CB, 0x21CB, 0x21CB, 0x21CA, 0x19CA, 0x19AA,
  0x19AA, 0x19AA, 0x19AA, 0x21AA, 0x19AA, 0x19AA, 0x198A, 0x19AA, 0x19AA, 0x19AA, 0x19AA, 0x21AA, 0x19AA, 0x19AA, 0x21AA, 0x19AA,
  0x19AA, 0x19AA, 0x19AA, 0x19AA, 0x19A9, 0x19A9, 0x19AA, 0x19A9, 0x19A9, 0x1989, 0x1989, 0x1989, 0x1989, 0x1989, 0x1989, 0x1989,
  0x1128, 0x1127, 0x1148, 0x1148, 0x1148, 0x1148, 0x1148, 0x1148, 0x1148, 0x1148, 0x1148, 0x1148, 0x1148, 0x1148, 0x1148, 0x1148,
  0x1148, 0x1168, 0x1168, 0x1148, 0x1168, 0x1168, 0x1169, 0x1169, 0x1969, 0x1969, 0x1969, 0x1969, 0x1969, 0x1969, 0x1989, 0x1989,
  0x1989, 0x1989, 0x198A, 0x198A, 0x198A, 0x198A, 0x198A, 0x198A, 0x198A, 0x198A, 0x19AA, 0x19AA, 0x19AA, 0x19AA, 0x19AA, 0x19AA,
  0x19AA, 0x19AA, 0x19AA, 0x19AA, 0x19AA, 0x19AA, 0x21CA, 0x21CB, 0x21CA, 0x21CB, 0x21CB, 0x21CB, 0x21CB, 0x21EB, 0x21EB, 0x21CB,
  0x21CB, 0x21EB, 0x21EB, 0x21EB, 0x21EB, 0x2A0B, 0x2A0B, 0x2A0B, 0x2A0C, 0x2A0C, 0x2A2C, 0x2A2C, 0x2A4C, 0x2A4C, 0x324D, 0x324D,
  0x326D, 0x2A4D, 0x2A4C, 0x2A4D, 0x2A6D, 0x326D, 0x326D, 0x326D, 0x328E, 0x32AE, 0x328E, 0x32AE, 0x3AEF, 0x4330, 0x4B71, 0x4B72,
  0x4B31, 0x4B71, 0x5392, 0x53B3, 0x53B2, 0x53D3, 0x6C75, 0x6455, 0x53D3, 0x4B72, 0x4B72, 0x5392, 0x5BD3, 0x5C13, 0x6C75, 0x7D17,
  0x8D79, 0x8D99, 0x95DA, 0xA63C, 0xAE7D, 0xC71F, 0xCF3F, 0xCF7F, 0xD75F, 0xD77F, 0xD75F, 0xD77F, 0xD75E, 0xCF3E, 0xD77F, 0xD77F,
  0xD75F, 0xC71E, 0xC6FE, 0xBEBD, 0xB69D, 0xA61C, 0x959A, 0x9599, 0x9DDA, 0x9599, 0x9599, 0x8558, 0x7D18, 0x74D7, 0x7496, 0x6C96,
  0x6455, 0x53D3, 0x5BF4, 0x6455, 0x6C55, 0x6C55, 0x6414, 0x53D3, 0x4B72, 0x5392, 0x4351, 0x32AF, 0x326E, 0x328E, 0x3ACF, 0x3ACF,
  0x3ACF, 0x3ACF, 0x3AEF, 0x3ACF, 0x3AAE, 0x32AE, 0x328E, 0x2A4D, 0x2A4D, 0x2A4D, 0x2A4D, 0x2A6D, 0x326D, 0x2A2C, 0x2A2C, 0x2A2C,
  0x2A2C, 0x2A0C, 0x21EB, 0x21EB, 0x19CA, 0x19CA, 0x21CB, 0x21CB, 0x19CB, 0x21CB, 0x21EB, 0x220B, 0x220B, 0x21EB, 0x220B, 0x220B,
  0x220B, 0x220B, 0x21EB, 0x21EB, 0x21EB, 0x21EB, 0x21EB, 0x21EB, 0x21EB, 0x21EB, 0x21EB, 0x21CB, 0x21CB, 0x21CB, 0x21CB, 0x21CA,
  0x21CB, 0x21CA, 0x21CB, 0x21CB, 0x21CB, 0x21AA, 0x21AA, 0x19AA, 0x19AA, 0x19AA, 0x19AA, 0x21AA, 0x21AA, 0x21CA, 0x21CA, 0x19AA,
  0x19AA, 0x19AA, 0x19AA, 0x19AA, 0x19AA, 0x19AA, 0x19AA, 0x19AA, 0x19AA, 0x19AA, 0x1989, 0x1989, 0x1989, 0x1989, 0x1989, 0x1989,
  0x1128, 0x1128, 0x1148, 0x1148, 0x1148, 0x1148, 0x1148, 0x1148, 0x1148, 0x1148, 0x1148, 0x1148, 0x1148, 0x1148, 0x1148, 0x1148,
  0x1148, 0x1168, 0x1168, 0x1148, 0x1168, 0x1168, 0x1168, 0x1969, 0x1168, 0x1169, 0x1969, 0x1969, 0x1969, 0x1969, 0x1969, 0x1969,
  0x1989, 0x1989, 0x1989, 0x1989, 0x1989, 0x198A, 0x198A, 0x19AA, 0x19AA, 0x19AA, 0x198A, 0x198A, 0x1989, 0x198A, 0x198A, 0x19AA,
  0x19AA, 0x19AA, 0x19AA, 0x19CA, 0x21CA, 0x21AA, 0x19AA, 0x19AA, 0x19AA, 0x21AA, 0x21CA, 0x21CB, 0x21CB, 0x21CB, 0x21EB, 0x21CB,
  0x21CB, 0x21CB, 0x21CA, 0x19CA, 0x19CA, 0x21CA, 0x21EB, 0x220B, 0x2A0B, 0x2A0C, 0x2A2C, 0x2A0C, 0x2A0C, 0x2A0C, 0x2A0C, 0x2A2C,
  0x2A2C, 0x2A4C, 0x2A4D, 0x2A4D, 0x2A4D, 0x326D, 0x326D, 0x328E, 0x3AAE, 0x3AAE, 0x32AE, 0x3ACF, 0x3ACF, 0x4330, 0x3AF0, 0x4310,
  0x4B71, 0x4B71, 0x4330, 0x4330, 0x4B71, 0x4351, 0x4330, 0x4310, 0x3B10, 0x4B51, 0x5BF4, 0x6435, 0x7CF7, 0x8D79, 0x8D79, 0x74D7,
  0x7496, 0x74D7, 0x74F7, 0x7CF8, 0x8559, 0x8D99, 0x8558, 0x8559, 0x95BA, 0xAE5C, 0xB69D, 0xAE7C, 0xB69C, 0xBEDD, 0xBEDD, 0xC6FE,
  0xBEDE, 0xAE5C, 0xA63B, 0xAE5C, 0xAE7C, 0xAE5C, 0xA63C, 0xAE7C, 0xB6BD, 0xAE5C, 0xA61A, 0xA61B, 0x8D59, 0x74D7, 0x74B7, 0x6C96,
  0x6435, 0x5BF4, 0x53B3, 0x4B51, 0x4351, 0x4B72, 0x5BD3, 0x5BF4, 0x5BD3, 0x4B92, 0x4B92, 0x4B72, 0x4310, 0x3AF0, 0x3AEF, 0x3AAF,
  0x32AE, 0x326D, 0x2A4D, 0x2A4D, 0x2A4D, 0x2A4D, 0x326E, 0x2A4D, 0x2A4D, 0x2A4D, 0x2A4D, 0x2A4D, 0x2A4D, 0x2A2C, 0x2A2C, 0x2A2C,
  0x2A2C, 0x2A2C, 0x2A2C, 0x2A2C, 0x2A2C, 0x2A0C, 0x2A0C, 0x2A0C, 0x2A0C, 0x220B, 0x2A0B, 0x220B, 0x21EB, 0x21EB, 0x21EB, 0x21CB,
  0x21CB, 0x21CB, 0x21CA, 0x19CA, 0x19AA, 0x21CA, 0x21CB, 0x21CB, 0x21CB, 0x21CB, 0x21CB, 0x21CB, 0x21CB, 0x21CA, 0x21CB, 0x21CA,
  0x21CA, 0x21CA, 0x21AA, 0x19AA, 0x19AA, 0x19AA, 0x19AA, 0x19AA, 0x19AA, 0x19AA, 0x21AA, 0x19AA, 0x19AA, 0x19A9, 0x19A9, 0x1989,
  0x1989, 0x1989, 0x1989, 0x1989, 0x1989, 0x1989, 0x1989, 0x1189, 0x1989, 0x1989, 0x1989, 0x1989, 0x1989, 0x1989, 0x1989, 0x1989,
  0x1148, 0x1148, 0x1148, 0x1148, 0x1148, 0x1148, 0x1148, 0x1148, 0x1148, 0x1148, 0x1147, 0x1148, 0x1148, 0x1148, 0x1148, 0x1148,
  0x1148, 0x1168, 0x1168, 0x1168, 0x1168, 0x1168, 0x1168, 0x1168, 0x1168, 0x1169, 0x1969, 0x1989, 0x1969, 0x1969, 0x1969, 0x1969,
  0x1969, 0x1989, 0x1989, 0x1989, 0x1989, 0x1989, 0x198A, 0x198A, 0x198A, 0x1989, 0x1989, 0x1989, 0x1989, 0x1989, 0x198A, 0x198A,
  0x19AA, 0x19AA, 0x19AA, 0x19AA, 0x19CA, 0x21CA, 0x21CA, 0x21CA, 0x19CA, 0x21AA, 0x21CA, 0x21CB, 0x21CB, 0x21CB, 0x21CB, 0x21EB,
  0x21CB, 0x21CA, 0x21CA, 0x21CA, 0x21CA, 0x21CB, 0x21EB, 0x21EB, 0x220B, 0x2A0C, 0x2A0C, 0x2A0B, 0x2A0C, 0x2A0C, 0x2A2C, 0x2A4C,
  0x2A4C, 0x2A4C, 0x324D, 0x2A4D, 0x2A4D, 0x326D, 0x3AAE, 0x3ACF, 0x32AE, 0x328E, 0x326E, 0x328D, 0x3ACE, 0x42EF, 0x4310, 0x4331,
  0x4B51, 0x4B92, 0x4B51, 0x4330, 0x4330, 0x3AEF, 0x3AF0, 0x4B72, 0x4B72, 0x5C14, 0x74D7, 0x6C96, 0x7CF7, 0x74B6, 0x6434, 0x6435,
  0x5BF4, 0x53D3, 0x53B3, 0x4B92, 0x6455, 0x6C96, 0x6C96, 0x74B7, 0x7D18, 0x95BA, 0x9DFB, 0xA63B, 0xB69C, 0xB69C, 0xC6FD, 0xBEDD,
  0xBEBD, 0xAE5C, 0x8D78, 0x8517, 0x8D79, 0x95BA, 0x9DFB, 0xA63C, 0x9DFB, 0x95B9, 0x95DA, 0x95DA, 0x8538, 0x7CD7, 0x6C76, 0x6C96,
  0x74D8, 0x7CF8, 0x74B7, 0x5C14, 0x6414, 0x5BF4, 0x4B72, 0x4B72, 0x4B51, 0x4B72, 0x4B71, 0x4B51, 0x3ACF, 0x328E, 0x32AF, 0x32AF,
  0x3AAF, 0x328E, 0x328E, 0x328E, 0x326E, 0x326D, 0x326D, 0x2A4D, 0x2A4D, 0x324D, 0x324D, 0x2A4D, 0x2A4C, 0x2A2C, 0x2A2C, 0x2A2C,
  0x2A2C, 0x2A2C, 0x2A0C, 0x2A0C, 0x2A2C, 0x2A2C, 0x2A0C, 0x2A0C, 0x220B, 0x21EB, 0x21EB, 0x21EB, 0x21EB, 0x21EB, 0x220B, 0x21EB,
  0x21EB, 0x21CB, 0x19CB, 0x19CB, 0x21CB, 0x21CB, 0x21CB, 0x21CB, 0x21CB, 0x21CB, 0x21CB, 0x21CA, 0x21CA, 0x21AA, 0x21AA, 0x21CA,
  0x21CA, 0x21CA, 0x21AA, 0x19AA, 0x198A, 0x198A, 0x21AA, 0x21AA, 0x21AA, 0x21AA, 0x19AA, 0x19AA, 0x19AA, 0x19A9, 0x1989, 0x1989,
  0x19AA, 0x19AA, 0x19AA, 0x19AA, 0x19AA, 0x19A9, 0x19A9, 0x19A9, 0x1989, 0x1989, 0x1169, 0x1169, 0x1169, 0x1169, 0x1969, 0x1989,
  0x1127, 0x1127, 0x1127, 0x1127, 0x1148, 0x1128, 0x1128, 0x1148, 0x1148, 0x1148, 0x1148, 0x1148, 0x1148, 0x1148, 0x1148, 0x1148,
  0x1148, 0x1148, 0x1148, 0x1168, 0x1168, 0x1148, 0x1168, 0x1148, 0x1168, 0x1168, 0x1168, 0x1169, 0x1168, 0x1169, 0x1969, 0x1969,
  0x1969, 0x1969, 0x1969, 0x1989, 0x1969, 0x1989, 0x1989, 0x198A, 0x198A, 0x198A, 0x198A, 0x19AA, 0x21AA, 0x21AA, 0x21AA, 0x19AA,
  0x19AA, 0x19AA, 0x19AA, 0x19AA, 0x19CA, 0x19CA, 0x21CA, 0x21CA, 0x21CA, 0x21CB, 0x21CB, 0x21CB, 0x21CB, 0x21CA, 0x21CB, 0x21CB,
  0x21EB, 0x21EB, 0x21EB, 0x21EB, 0x21EB, 0x21EB, 0x21EB, 0x21EB, 0x21EB, 0x220B, 0x21EB, 0x2A0B, 0x2A0C, 0x2A2C, 0x324D, 0x324D,
  0x2A4D, 0x2A4C, 0x324D, 0x324D, 0x328D, 0x3AAE, 0x3AAE, 0x328E, 0x328D, 0x326D, 0x326D, 0x3AAE, 0x4310, 0x4310, 0x42F0, 0x32AE,
  0x3AAF, 0x3ACF, 0x4330, 0x4B51, 0x4351, 0x4351, 0x4330, 0x4B71, 0x4B51, 0x4B92, 0x53D3, 0x53B3, 0x5BF3, 0x7CF7, 0x8D79, 0x95BA,
  0x95BA, 0x95BA, 0x9DFA, 0x9DFB, 0xAE7D, 0xAE9D, 0xAE9D, 0xAE7C, 0xA63B, 0xA65B, 0x9DFA, 0xAE7C, 0xC6FE, 0xBEBC, 0xBEBC, 0xC6DD,
  0xC6DD, 0xBEDD, 0xB67B, 0xAE7C, 0x9DFB, 0x95BA, 0x95DA, 0x9DFB, 0x8D79, 0x8D79, 0x9599, 0x8D79, 0x8D59, 0x7D18, 0x6C75, 0x5C15,
  0x5BF4, 0x6C76, 0x6C76, 0x5C14, 0x6C54, 0x6C54, 0x5BD3, 0x4B72, 0x4B72, 0x4B71, 0x53B3, 0x4B92, 0x3AEF, 0x32AE, 0x328E, 0x328E,
  0x328E, 0x32AE, 0x328E, 0x328E, 0x326E, 0x326D, 0x326D, 0x2A6D, 0x2A4D, 0x326D, 0x2A4D, 0x2A4D, 0x2A4D, 0x2A2C, 0x220C, 0x2A0C,
  0x2A2C, 0x2A2C, 0x2A2C, 0x2A0C, 0x2A0C, 0x2A0C, 0x2A0C, 0x21EB, 0x21CB, 0x21CB, 0x21EB, 0x21EB, 0x220B, 0x21EB, 0x21EB, 0x21EB,
  0x21EB, 0x21EB, 0x21CB, 0x21CB, 0x21CB, 0x21CB, 0x21CB, 0x21CB, 0x21CB, 0x21CB, 0x21CB, 0x21CA, 0x21AA, 0x19AA, 0x19AA, 0x21AA,
  0x19CA, 0x21CA, 0x21CB, 0x21CB, 0x21AA, 0x19AA, 0x21CA, 0x21CA, 0x21AA, 0x19AA, 0x19AA, 0x19AA, 0x19AA, 0x198A, 0x19AA, 0x19AA,
  0x19AA, 0x1989, 0x1989, 0x1989, 0x1989, 0x1169, 0x1168, 0x1969, 0x1989, 0x1989, 0x1989, 0x1189, 0x1168, 0x1168, 0x1168, 0x1168,
  0x1127, 0x1127, 0x1128, 0x1128, 0x1148, 0x1148, 0x1148, 0x1128, 0x1128, 0x1148, 0x1148, 0x1148, 0x1148, 0x1148, 0x1148, 0x1148,
  0x1168, 0x1168, 0x1148, 0x1148, 0x1148, 0x1148, 0x1148, 0x1148, 0x1168, 0x1168, 0x1168, 0x1168, 0x1969, 0x1969, 0x1969, 0x1969,
  0x1969, 0x1989, 0x1989, 0x1989, 0x1989, 0x1989, 0x1989, 0x1989, 0x1989, 0x1989, 0x198A, 0x1989, 0x198A, 0x198A, 0x198A, 0x21AA,
  0x19AA, 0x19AA, 0x19AA, 0x19CA, 0x19CA, 0x19CA, 0x21CA, 0x19CA, 0x19AA, 0x21CA, 0x21CA, 0x21CA, 0x21CA, 0x19CA, 0x21CA, 0x21CA,
  0x21CB, 0x21EB, 0x21EB, 0x21EB, 0x21EB, 0x21EB, 0x21EB, 0x21EB, 0x2A0B, 0x2A0B, 0x21EB, 0x2A0B, 0x2A0C, 0x2A0C, 0x2A0C, 0x2A0C,
  0x2A0C, 0x2A0C, 0x2A2C, 0x2A2C, 0x326D, 0x326D, 0x324D, 0x2A4D, 0x326D, 0x2A4D, 0x2A4D, 0x328E, 0x328E, 0x3AAE, 0x42EF, 0x4310,
  0x3ACF, 0x3ACF, 0x4330, 0x4351, 0x4310, 0x4351, 0x4B72, 0x5BF3, 0x5BF4, 0x5BF4, 0x6C96, 0x8559, 0x95BA, 0xAE7D, 0xC71F, 0xC71E,
  0xBEDE, 0xC6FE, 0xBEFE, 0xAE7D, 0x9E1B, 0xA63C, 0xA65C, 0xAE7D, 0xB6BD, 0xBEDD, 0xBEDD, 0xD75F, 0xCF1E, 0xC6FD, 0xC6DD, 0xBEBC,
  0xBE9C, 0xB69C, 0xB6BC, 0xBEDD, 0xA63B, 0x8558, 0x7496, 0x5BF3, 0x6434, 0x74B6, 0x6C75, 0x6435, 0x5BF4, 0x53B3, 0x53D3, 0x4B92,
  0x4B72, 0x53D3, 0x5C14, 0x5C14, 0x5BF4, 0x5BF3, 0x5BF4, 0x5BD3, 0x4351, 0x4310, 0x4331, 0x4331, 0x4B31, 0x42F0, 0x4310, 0x4330,
  0x32AE, 0x328E, 0x328E, 0x328E, 0x326D, 0x326D, 0x326D, 0x2A4D, 0x2A4D, 0x2A4D, 0x326D, 0x2A4D, 0x2A2C, 0x2A2C, 0x2A2C, 0x2A2C,
  0x220B, 0x21EB, 0x220B, 0x220B, 0x2A0C, 0x2A0C, 0x2A0C, 0x2A0C, 0x220B, 0x21EB, 0x220B, 0x220B, 0x21EB, 0x21EB, 0x21EB, 0x21EB,
  0x21CB, 0x21CA, 0x21CA, 0x21CB, 0x19AA, 0x21AA, 0x21CA, 0x21CB, 0x21CB, 0x21CB, 0x21CB, 0x21AA, 0x19AA, 0x19AA, 0x19AA, 0x21CA,
  0x21CA, 0x21CA, 0x21AA, 0x21AA, 0x21AA, 0x19AA, 0x21AA, 0x21AA, 0x21AA, 0x19AA, 0x19AA, 0x21AA, 0x21AA, 0x21AA, 0x21AA, 0x19AA,
  0x19A9, 0x1989, 0x1989, 0x1989, 0x1989, 0x1169, 0x1168, 0x1148, 0x1148, 0x1148, 0x1148, 0x1148, 0x1148, 0x1148, 0x1968, 0x1969,
  0x1127, 0x1127, 0x1127, 0x1127, 0x1127, 0x1148, 0x1128, 0x1127, 0x1127, 0x1127, 0x1128, 0x1127, 0x1128, 0x1148, 0x1148, 0x1148,
  0x1148, 0x1148, 0x1148, 0x1148, 0x1148, 0x1168, 0x1148, 0x1148, 0x1148, 0x1148, 0x1148, 0x1168, 0x1968, 0x1969, 0x1969, 0x1969,
  0x1169, 0x1969, 0x1969, 0x1969, 0x1989, 0x1989, 0x1969, 0x1969, 0x1969, 0x1969, 0x1989, 0x198A, 0x198A, 0x198A, 0x198A, 0x19AA,
  0x19AA, 0x198A, 0x198A, 0x19AA, 0x19AA, 0x19AA, 0x19AA, 0x19CA, 0x19CA, 0x19CA, 0x21CA, 0x19CA, 0x21CA, 0x21CA, 0x21CA, 0x21CA,
  0x21CA, 0x21CA, 0x19CA, 0x19CA, 0x21AA, 0x21AA, 0x21CA, 0x21CB, 0x21EB, 0x21CB, 0x21CB, 0x21EB, 0x21EB, 0x2A0B, 0x2A0C, 0x2A2C,
  0x2A2C, 0x2A4C, 0x324D, 0x2A4C, 0x2A2C, 0x326D, 0x3AAE, 0x328E, 0x328E, 0x3AAF, 0x3AEF, 0x6414, 0x6434, 0x53B2, 0x5BF3, 0x6413,
  0x5391, 0x53D3, 0x6435, 0x6C55, 0x6455, 0x5BF4, 0x5BF4, 0x5BF3, 0x6C76, 0x8538, 0x7D18, 0x74D7, 0x7CD7, 0x8538, 0x95BA, 0xA65C,
  0xA65C, 0xAE5C, 0x95DA, 0x8558, 0x7CF7, 0x8518, 0x8538, 0x8558, 0x95BA, 0x95BA, 0x95DA, 0xB67C, 0x9DDA, 0x95B9, 0x9DBA, 0x8D78,
  0x9599, 0x8538, 0x7D18, 0x7CF8, 0x7D18, 0x9DFB, 0x9DFB, 0xAE3C, 0xBEBD, 0xBEDE, 0xAE7D, 0x9DFB, 0x95DA, 0x8D9A, 0x7CF8, 0x8539,
  0x7CF8, 0x6435, 0x53B3, 0x53B3, 0x4B72, 0x4B92, 0x4331, 0x3AF0, 0x3AAF, 0x32AF, 0x326E, 0x326E, 0x326E, 0x32AF, 0x3ACF, 0x3AEF,
  0x328E, 0x328E, 0x328E, 0x328E, 0x2A4D, 0x2A4D, 0x2A4D, 0x2A4D, 0x2A4D, 0x2A4D, 0x2A4C, 0x2A2C, 0x2A4C, 0x2A2C, 0x2A4C, 0x2A4D,
  0x2A0C, 0x21EB, 0x21EB, 0x21EB, 0x21EB, 0x21EB, 0x21EB, 0x21EB, 0x21EB, 0x21EB, 0x21EB, 0x21EB, 0x21EB, 0x21EB, 0x21CB, 0x21CB,
  0x21CB, 0x21CB, 0x21EB, 0x21CB, 0x21CB, 0x21CB, 0x21CA, 0x19AA, 0x19AA, 0x19AA, 0x21CA, 0x21AA, 0x19AA, 0x19AA, 0x21AA, 0x19AA,
  0x19AA, 0x19AA, 0x19AA, 0x198A, 0x198A, 0x198A, 0x1989, 0x198A, 0x1989, 0x1989, 0x1989, 0x1989, 0x1989, 0x1989, 0x1969, 0x1969,
  0x1989, 0x1989, 0x1989, 0x1989, 0x1989, 0x1989, 0x1968, 0x1169, 0x1968, 0x1168, 0x1168, 0x1168, 0x1169, 0x1969, 0x1969, 0x1969,
  0x1127, 0x1127, 0x1127, 0x1127, 0x1127, 0x1127, 0x1127, 0x1127, 0x1127, 0x1127, 0x1128, 0x1128, 0x1127, 0x1127, 0x1128, 0x1148,
  0x1148, 0x1148, 0x1148, 0x1148, 0x1148, 0x1148, 0x1148, 0x1148, 0x1148, 0x1148, 0x1168, 0x1148, 0x1148, 0x1148, 0x1168, 0x1168,
  0x1168, 0x1969, 0x1969, 0x1969, 0x1969, 0x1989, 0x1989, 0x1989, 0x1989, 0x1989, 0x1989, 0x198A, 0x19AA, 0x19AA, 0x198A, 0x198A,
  0x198A, 0x198A, 0x198A, 0x19AA, 0x19AA, 0x19AA, 0x19AA, 0x19AA, 0x19AA, 0x19AA, 0x19AA, 0x19AA, 0x21AA, 0x21CA, 0x21CA, 0x21CA,
  0x21CA, 0x21CA, 0x21CA, 0x21EB, 0x21EB, 0x21EB, 0x21EB, 0x21EB, 0x21EB, 0x2A0C, 0x2A0C, 0x2A4C, 0x324D, 0x2A2C, 0x2A2C, 0x2A2C,
  0x2A2C, 0x2A2C, 0x324C, 0x326D, 0x3AAE, 0x4B51, 0x5BB2, 0x4330, 0x4B51, 0x5392, 0x5371, 0x4330, 0x4330, 0x4310, 0x4B71, 0x53B2,
  0x53B2, 0x53B2, 0x4B72, 0x4B51, 0x4B51, 0x4330, 0x4310, 0x3AEF, 0x4331, 0x5BD3, 0x6434, 0x5BF4, 0x6414, 0x6455, 0x6C96, 0x74B6,
  0x74D7, 0x8D79, 0x8D99, 0xB69D, 0xBEFE, 0xC6FE, 0xBEDD, 0xAE7C, 0x9DFA, 0xAE5C, 0xC6FE, 0xC6FE, 0xBEBD, 0xB67C, 0xB67C, 0xB69C,
  0xBEDD, 0xBEDD, 0xBEBD, 0xB69C, 0xAE7C, 0xBEBD, 0xB69D, 0xB69D, 0xAE7C, 0xAE9D, 0xAE5C, 0x9E1C, 0x8D7A, 0x8559, 0x95BA, 0x8D59,
  0x7CF7, 0x7496, 0x5BF4, 0x53B3, 0x4B72, 0x4331, 0x3AF0, 0x4B51, 0x6414, 0x53D3, 0x5BF3, 0x5BD3, 0x4B71, 0x3AAF, 0x326E, 0x326E,
  0x328E, 0x328E, 0x3AAE, 0x326D, 0x2A4D, 0x2A4D, 0x2A2C, 0x2A4C, 0x324D, 0x2A4D, 0x2A2C, 0x324D, 0x2A4D, 0x2A2C, 0x2A2C, 0x2A2C,
  0x2A0C, 0x220C, 0x2A0C, 0x220C, 0x220B, 0x21EB, 0x21EB, 0x21CB, 0x19CA, 0x19AA, 0x19AA, 0x19AA, 0x19AA, 0x21CA, 0x21CA, 0x21CB,
  0x21CB, 0x21CB, 0x21CA, 0x19AA, 0x19AA, 0x19AA, 0x19AA, 0x19AA, 0x19AA, 0x19AA, 0x21CA, 0x21CA, 0x21AA, 0x21AA, 0x19CA, 0x19AA,
  0x19AA, 0x21AA, 0x19AA, 0x198A, 0x19AA, 0x21AA, 0x198A, 0x1989, 0x1989, 0x1989, 0x1989, 0x1989, 0x19AA, 0x19AA, 0x19AA, 0x1989,
  0x1989, 0x1989, 0x1989, 0x1989, 0x1969, 0x1969, 0x1969, 0x1989, 0x1989, 0x1989, 0x1989, 0x1969, 0x1969, 0x1969, 0x1168, 0x1168,
  0x1127, 0x1127, 0x1148, 0x1127, 0x1128, 0x1128, 0x1127, 0x1127, 0x1148, 0x1147, 0x1128, 0x1148, 0x1127, 0x1127, 0x1148, 0x1148,
  0x1148, 0x1148, 0x1148, 0x1148, 0x1148, 0x1148, 0x1168, 0x1148, 0x1148, 0x1168, 0x1168, 0x1168, 0x1168, 0x1168, 0x1968, 0x1168,
  0x1168, 0x1969, 0x1969, 0x1969, 0x1969, 0x1969, 0x1989, 0x1989, 0x1989, 0x1989, 0x1989, 0x1989, 0x1989, 0x1989, 0x198A, 0x21AA,
  0x21AA, 0x19AA, 0x19AA, 0x19AA, 0x19AA, 0x19AA, 0x19AA, 0x19AA, 0x19AA, 0x198A, 0x198A, 0x198A, 0x198A, 0x19AA, 0x19CA, 0x21CA,
  0x21CA, 0x21CA, 0x21CA, 0x21CA, 0x21CB, 0x21EB, 0x21EB, 0x21EB, 0x21EB, 0x220B, 0x21EB, 0x2A0B, 0x2A0B, 0x2A2C, 0x2A0B, 0x220B,
  0x2A0B, 0x2A0C, 0x2A2C, 0x2A2C, 0x326D, 0x3AAE, 0x3ACE, 0x3AAE, 0x328D, 0x326D, 0x2A4D, 0x2A4C, 0x2A2C, 0x2A4D, 0x328E, 0x3ACF,
  0x4B71, 0x6434, 0x6434, 0x6434, 0x6434, 0x6414, 0x5C14, 0x4B51, 0x3B10, 0x32CF, 0x32AF, 0x4330, 0x4B92, 0x5C14, 0x6C96, 0x5C14,
  0x6434, 0x6434, 0x5BF4, 0x7496, 0x8D79, 0x9DFA, 0x9DBA, 0x9DFA, 0xA63B, 0xAE7D, 0xA61B, 0xAE5C, 0xAE5C, 0xC71E, 0xCF3E, 0xBEBD,
  0xAE5B, 0xB67C, 0xBEDD, 0xB6BD, 0xBEBD, 0xB69C, 0x95DA, 0x95BA, 0x95DA, 0x95BA, 0x95BA, 0x8DBA, 0x9DFB, 0x959A, 0x9599, 0x8517,
  0x6C54, 0x74B6, 0x6455, 0x5392, 0x4B72, 0x4B51, 0x4310, 0x4331, 0x4B92, 0x4310, 0x4310, 0x4351, 0x4B51, 0x3AEF, 0x3ACF, 0x3AAF,
  0x328E, 0x326D, 0x326D, 0x326D, 0x328E, 0x326D, 0x2A4D, 0x2A2C, 0x2A2D, 0x2A4D, 0x2A4C, 0x2A4C, 0x2A2C, 0x2A0C, 0x2A0C, 0x2A0C,
  0x2A2C, 0x2A2C, 0x2A0C, 0x2A0B, 0x2A0C, 0x220B, 0x21EB, 0x21EB, 0x220B, 0x220B, 0x21EB, 0x21EB, 0x21EB, 0x21EB, 0x21EB, 0x21EB,
  0x21CA, 0x19AA, 0x21CA, 0x21CA, 0x21CA, 0x21CA, 0x19AA, 0x19AA, 0x21CA, 0x21CB, 0x21CB, 0x21CA, 0x21AA, 0x19AA, 0x19AA, 0x19AA,
  0x21AA, 0x19AA, 0x19AA, 0x19AA, 0x198A, 0x198A, 0x19AA, 0x19AA, 0x19AA, 0x21AA, 0x19AA, 0x1989, 0x1989, 0x1989, 0x1989, 0x1989,
  0x1989, 0x1989, 0x1989, 0x1989, 0x1989, 0x1969, 0x1989, 0x1989, 0x1969, 0x1969, 0x1148, 0x1148, 0x1148, 0x1148, 0x1168, 0x1148,
  0x1127, 0x1127, 0x1127, 0x1127, 0x1127, 0x1127, 0x1127, 0x1127, 0x1127, 0x1127, 0x1127, 0x1128, 0x1148, 0x1128, 0x1128, 0x1128,
  0x1148, 0x1148, 0x1148, 0x1148, 0x1148, 0x1148, 0x1148, 0x1148, 0x1168, 0x1168, 0x1148, 0x1168, 0x1168, 0x1968, 0x1968, 0x1168,
  0x1168, 0x1969, 0x1968, 0x1968, 0x1168, 0x1968, 0x1969, 0x1969, 0x1969, 0x1969, 0x1969, 0x1989, 0x1989, 0x1989, 0x1989, 0x198A,
  0x1989, 0x1989, 0x1969, 0x1969, 0x1989, 0x198A, 0x19AA, 0x21AA, 0x19AA, 0x19AA, 0x19AA, 0x21AA, 0x21AA, 0x21AA, 0x21AA, 0x21AA,
  0x21AA, 0x21AA, 0x21CA, 0x21CA, 0x21CA, 0x21CA, 0x21CB, 0x21EB, 0x21EB, 0x21EB, 0x29EB, 0x29EB, 0x2A0B, 0x2A2C, 0x2A0B, 0x2A0C,
  0x2A2C, 0x2A2C, 0x324C, 0x326D, 0x326D, 0x324D, 0x2A2C, 0x2A0C, 0x324C, 0x3ACF, 0x3ACF, 0x328E, 0x3ACF, 0x3ACF, 0x42F0, 0x4330,
  0x4330, 0x4330, 0x4310, 0x4330, 0x4331, 0x4331, 0x4B92, 0x5BF4, 0x6455, 0x6C96, 0x6C75, 0x74B6, 0x8538, 0x8D79, 0x95DB, 0x95DB,
  0xA63C, 0xA63C, 0x8D78, 0x9578, 0xA5FA, 0xAE5C, 0x9DFA, 0xA61B, 0xBEBD, 0xB6BD, 0xA61B, 0x9DFB, 0xA63C, 0xB6BD, 0xBEBD, 0xAE5B,
  0x95B9, 0xA61B, 0xAE7C, 0x95BA, 0x9599, 0xA5FA, 0xB69C, 0xCF3E, 0xCF5F, 0xAE7D, 0x8559, 0x5C15, 0x5392, 0x6435, 0x6C75, 0x7CF7,
  0x9599, 0x9578, 0x8517, 0x6455, 0x5C14, 0x53B3, 0x4310, 0x4331, 0x4330, 0x3AF0, 0x3AF0, 0x3AF0, 0x3ACF, 0x32AF, 0x32AF, 0x328E,
  0x326D, 0x326D, 0x2A6D, 0x2A4D, 0x2A2C, 0x2A4C, 0x2A2D, 0x2A2C, 0x2A2C, 0x2A2C, 0x2A2C, 0x220C, 0x21EB, 0x220B, 0x2A0C, 0x2A0C,
  0x2A2C, 0x2A2C, 0x2A0C, 0x2A0B, 0x2A0C, 0x220B, 0x21EB, 0x21EB, 0x220B, 0x2A0B, 0x2A0B, 0x21EB, 0x21CB, 0x21CA, 0x19AA, 0x19AA,
  0x21CA, 0x21CB, 0x21CB, 0x21AA, 0x19AA, 0x19AA, 0x198A, 0x1989, 0x198A, 0x198A, 0x198A, 0x198A, 0x198A, 0x21AA, 0x19AA, 0x19AA,
  0x19AA, 0x21AA, 0x19AA, 0x19AA, 0x1989, 0x1989, 0x1989, 0x198A, 0x1989, 0x198A, 0x198A, 0x1989, 0x1989, 0x1989, 0x1989, 0x1989,
  0x1989, 0x1989, 0x1989, 0x1969, 0x1969, 0x1169, 0x1989, 0x1968, 0x1168, 0x1168, 0x1968, 0x1168, 0x1148, 0x1148, 0x1969, 0x1989,
  0x1128, 0x1127, 0x1127, 0x1127, 0x1127, 0x1127, 0x1127, 0x1127, 0x1127, 0x1127, 0x1127, 0x1127, 0x1128, 0x1148, 0x1127, 0x1148,
  0x1148, 0x1148, 0x1148, 0x1148, 0x1127, 0x1128, 0x1127, 0x1128, 0x1148, 0x1148, 0x1168, 0x1168, 0x1168, 0x1168, 0x1148, 0x1168,
  0x1168, 0x1168, 0x1968, 0x1168, 0x1168, 0x1969, 0x1969, 0x1989, 0x1969, 0x1969, 0x1969, 0x1168, 0x1168, 0x1148, 0x1168, 0x1969,
  0x1969, 0x1989, 0x1989, 0x1989, 0x1989, 0x1989, 0x198A, 0x198A, 0x198A, 0x198A, 0x21AA, 0x21AA, 0x21AA, 0x21AA, 0x21AA, 0x21CA,
  0x21CA, 0x21CA, 0x21CB, 0x21CB, 0x21EB, 0x21CB, 0x21CB, 0x21EB, 0x21EB, 0x21CB, 0x21EB, 0x29EB, 0x2A0C, 0x2A0C, 0x2A0B, 0x324D,
  0x3A8E, 0x2A2C, 0x2A2C, 0x2A2C, 0x2A4C, 0x324D, 0x2A4C, 0x326D, 0x4B30, 0x5BF3, 0x6414, 0x4B50, 0x3ACF, 0x4B30, 0x5BD3, 0x5C14,
  0x5BF4, 0x4B71, 0x5392, 0x4B92, 0x4310, 0x4331, 0x4B72, 0x6434, 0x8538, 0x8558, 0x8558, 0x8559, 0x7D18, 0x6C96, 0x74B7, 0x7D18,
  0x8D99, 0xB69C, 0xCF5F, 0xDFBF, 0xE7DF, 0xE7DF, 0xE7DF, 0xDFBF, 0xC71E, 0xBEDD, 0xAE7C, 0x95BA, 0x8D78, 0x95B9, 0xA61A, 0xBEBD,
  0xC71E, 0xBEBD, 0xBEBC, 0xBEDD, 0xC6FE, 0xC6FD, 0xC71E, 0xBEBD, 0x9DFA, 0x9DFB, 0x9DFB, 0x8559, 0x7CF7, 0x8559, 0x9599, 0xA61B,
  0xB67C, 0xBEBD, 0xBEBD, 0x9DFA, 0x8558, 0x7CF7, 0x6435, 0x4B71, 0x4310, 0x3AEF, 0x3ACF, 0x3AF0, 0x3AF0, 0x3ACF, 0x326E, 0x2A4D,
  0x2A6D, 0x328E, 0x3ACF, 0x4B31, 0x4B50, 0x3AAE, 0x326D, 0x2A4D, 0x2A2C, 0x2A2C, 0x2A0C, 0x2A0C, 0x2A0C, 0x2A0C, 0x2A2C, 0x2A2C,
  0x2A4C, 0x2A2C, 0x2A0C, 0x21EB, 0x21EB, 0x21EB, 0x21EB, 0x21EB, 0x21EB, 0x21EB, 0x21EB, 0x21CB, 0x21CB, 0x21CB, 0x21CB, 0x21CB,
  0x21CA, 0x21CA, 0x19AA, 0x19AA, 0x21CA, 0x21CA, 0x21AA, 0x19AA, 0x19AA, 0x19AA, 0x19AA, 0x198A, 0x21AA, 0x21CA, 0x21AA, 0x19AA,
  0x198A, 0x1989, 0x1989, 0x198A, 0x198A, 0x1989, 0x198A, 0x19AA, 0x198A, 0x198A, 0x198A, 0x1989, 0x1989, 0x1989, 0x1989, 0x1989,
  0x1989, 0x1989, 0x1989, 0x1969, 0x1969, 0x1969, 0x1969, 0x1969, 0x1969, 0x1969, 0x1168, 0x1148, 0x1148, 0x1127, 0x1148, 0x1168,
  0x1127, 0x1127, 0x1127, 0x1107, 0x1107, 0x1127, 0x1127, 0x1127, 0x1128, 0x1127, 0x1127, 0x1127, 0x1127, 0x1127, 0x1127, 0x1148,
  0x1148, 0x1148, 0x1128, 0x1128, 0x1127, 0x1127, 0x1107, 0x1127, 0x1127, 0x1148, 0x1148, 0x1148, 0x1168, 0x1168, 0x1168, 0x1168,
  0x1168, 0x1968, 0x1168, 0x1968, 0x1969, 0x1969, 0x1969, 0x1969, 0x1969, 0x1989, 0x1989, 0x1989, 0x1989, 0x1989, 0x1989, 0x1989,
  0x1989, 0x1989, 0x198A, 0x19AA, 0x21AA, 0x198A, 0x198A, 0x1989, 0x198A, 0x198A, 0x21AA, 0x21AA, 0x198A, 0x1989, 0x1989, 0x1989,
  0x1989, 0x198A, 0x1989, 0x19AA, 0x21CA, 0x21CA, 0x21CA, 0x21EB, 0x21CB, 0x21CB, 0x21EB, 0x2A0B, 0x2A0C, 0x2A2C, 0x2A0C, 0x21EB,
  0x2A0C, 0x2A0C, 0x2A0C, 0x2A2C, 0x2A0C, 0x2A0B, 0x2A0C, 0x2A2C, 0x326D, 0x32AE, 0x430F, 0x4B71, 0x5371, 0x53B2, 0x5392, 0x4330,
  0x3AEF, 0x4B71, 0x4330, 0x4B72, 0x5BD3, 0x6C75, 0x9DFB, 0x9599, 0x74B6, 0x6C55, 0x6435, 0x5BF4, 0x6455, 0x8539, 0x9DFB, 0x95BA,
  0xAE7D, 0xAE7D, 0xAE3B, 0xB6BD, 0xBEBD, 0x9DD9, 0xAE3B, 0xC6DD, 0xC6DD, 0xD75F, 0xD75F, 0xCF5E, 0xC6FD, 0xBEDD, 0xBEDD, 0xB6BD,
  0xAE5B, 0xA5FA, 0x95B9, 0x9599, 0x8538, 0x74B6, 0x7D18, 0x8D99, 0x8D99, 0x8D79, 0x9DDA, 0x9DFB, 0x95BA, 0x8D59, 0x8518, 0x8518,
  0x8538, 0x8D79, 0x8538, 0x6C75, 0x6434, 0x6434, 0x6434, 0x5BF4, 0x6C75, 0x74B6, 0x6435, 0x5BD3, 0x5392, 0x4B51, 0x4310, 0x3AEF,
  0x3ACF, 0x328E, 0x326E, 0x328E, 0x326E, 0x2A2D, 0x2A4D, 0x2A4C, 0x220C, 0x220C, 0x2A2C, 0x2A2C, 0x2A4D, 0x2A2C, 0x2A2C, 0x2A0C,
  0x2A2C, 0x2A2C, 0x2A0C, 0x220B, 0x220B, 0x220B, 0x21CB, 0x21CA, 0x21CA, 0x21CB, 0x21CB, 0x21CA, 0x21CB, 0x21CB, 0x21CB, 0x21CB,
  0x21CA, 0x21AA, 0x19AA, 0x21AA, 0x19AA, 0x21CA, 0x21AA, 0x21AA, 0x21CA, 0x21AA, 0x21AA, 0x19AA, 0x19AA, 0x21AA, 0x19AA, 0x21AA,
  0x21AA, 0x19AA, 0x21AA, 0x21AA, 0x19AA, 0x19AA, 0x21AA, 0x19AA, 0x1989, 0x1969, 0x1989, 0x1969, 0x1969, 0x1168, 0x1148, 0x1968,
  0x1968, 0x1969, 0x1989, 0x1969, 0x1989, 0x1989, 0x1969, 0x1168, 0x1148, 0x1968, 0x1168, 0x1968, 0x1168, 0x1168, 0x1148, 0x1148,
  0x1107, 0x1127, 0x1127, 0x1128, 0x1127, 0x1127, 0x1127, 0x1127, 0x1127, 0x1127, 0x1127, 0x1127, 0x1127, 0x1127, 0x1127, 0x1148,
  0x1148, 0x1128, 0x1148, 0x1148, 0x1148, 0x1148, 0x1148, 0x1148, 0x1148, 0x1148, 0x1148, 0x1148, 0x1148, 0x1148, 0x1148, 0x1148,
  0x1168, 0x1168, 0x1168, 0x1968, 0x1968, 0x1168, 0x1168, 0x1968, 0x1968, 0x1969, 0x1969, 0x1989, 0x1969, 0x1989, 0x1989, 0x1989,
  0x1989, 0x1989, 0x1989, 0x1989, 0x1989, 0x1969, 0x1969, 0x1969, 0x1989, 0x1989, 0x1989, 0x1989, 0x1989, 0x1969, 0x1969, 0x1969,
  0x1989, 0x21AA, 0x21AA, 0x198A, 0x19AA, 0x21CA, 0x21CA, 0x21EB, 0x21EB, 0x21EB, 0x2A0B, 0x2A0C, 0x2A0C, 0x2A2C, 0x2A2C, 0x3A8D,
  0x326D, 0x2A2C, 0x2A2C, 0x2A0C, 0x2A4C, 0x328D, 0x42CF, 0x5371, 0x5371, 0x63D3, 0x6C54, 0x6434, 0x5392, 0x4B51, 0x3AEF, 0x32AE,
  0x3AAE, 0x3AEF, 0x5BF3, 0x7496, 0x74D7, 0x6C96, 0x6C55, 0x53B3, 0x6434, 0x7CF7, 0x7CF7, 0x6C96, 0x8559, 0x9E1C, 0xAE7D, 0xA65C,
  0x95DA, 0x8D79, 0x8D99, 0xAE5C, 0xB69C, 0xB69D, 0xA65C, 0x9DDA, 0x8D38, 0x8D58, 0xA61A, 0xC6FE, 0xCF1E, 0xCF1E, 0xCF3E, 0xC73E,
  0xC6FD, 0xC6DC, 0xBE9C, 0xB69B, 0xB69C, 0xBEDD, 0xAE5C, 0x9E1B, 0xA63B, 0x95DA, 0x7D18, 0x5C14, 0x5BD3, 0x6435, 0x74B6, 0x7CD6,
  0x7CF7, 0x6434, 0x4351, 0x4331, 0x4331, 0x53B3, 0x4B72, 0x4310, 0x4331, 0x4B72, 0x5BD3, 0x5BB3, 0x5392, 0x4B51, 0x42F0, 0x42F0,
  0x4330, 0x4B51, 0x4330, 0x3ACF, 0x328E, 0x3AAE, 0x326D, 0x326D, 0x3ACE, 0x3AAE, 0x2A2C, 0x2A4C, 0x2A4D, 0x2A2C, 0x2A0C, 0x2A0C,
  0x2A0C, 0x2A0C, 0x2A0B, 0x21EB, 0x220B, 0x21EB, 0x2A0B, 0x21EB, 0x21CB, 0x21CB, 0x21CB, 0x21CB, 0x21CB, 0x21CB, 0x21CB, 0x21CB,
  0x21CA, 0x21AA, 0x19CA, 0x19AA, 0x21AA, 0x21CA, 0x21CA, 0x21CA, 0x19AA, 0x19AA, 0x19AA, 0x19AA, 0x198A, 0x1969, 0x1989, 0x1989,
  0x198A, 0x198A, 0x198A, 0x19AA, 0x19AA, 0x1989, 0x1989, 0x1989, 0x198A, 0x1989, 0x1989, 0x1989, 0x1989, 0x1969, 0x1969, 0x1168,
  0x1168, 0x1168, 0x1968, 0x1969, 0x1969, 0x1168, 0x1168, 0x1168, 0x1168, 0x1148, 0x1148, 0x1148, 0x1148, 0x1148, 0x1168, 0x1148,
  0x1127, 0x1127, 0x1127, 0x1127, 0x1127, 0x1127, 0x1127, 0x1127, 0x1127, 0x1127, 0x1127, 0x1127, 0x1127, 0x1127, 0x1127, 0x1127,
  0x1147, 0x1128, 0x1127, 0x1127, 0x1127, 0x1127, 0x1127, 0x1148, 0x1148, 0x1148, 0x1148, 0x1148, 0x1148, 0x1168, 0x1148, 0x1168,
  0x1168, 0x1168, 0x1148, 0x1148, 0x1148, 0x1148, 0x1968, 0x1968, 0x1969, 0x1968, 0x1148, 0x1148, 0x1148, 0x1148, 0x1148, 0x1148,
  0x1148, 0x1148, 0x1168, 0x1969, 0x1969, 0x1969, 0x1969, 0x1969, 0x1969, 0x1969, 0x1989, 0x1989, 0x1989, 0x1989, 0x1989, 0x1989,
  0x198A, 0x198A, 0x21AA, 0x21AA, 0x21CA, 0x21CA, 0x21CA, 0x21EB, 0x21EB, 0x21EB, 0x21CB, 0x21CB, 0x29EB, 0x2A0B, 0x29EB, 0x326D,
  0x3A8E, 0x324D, 0x326D, 0x326D, 0x42EF, 0x42EF, 0x42EF, 0x42EF, 0x4B30, 0x5371, 0x53B2, 0x5BF3, 0x6434, 0x6414, 0x6C75, 0x6413,
  0x4B50, 0x5BD3, 0x74B7, 0x5BF3, 0x53B3, 0x53B3, 0x53D3, 0x4B92, 0x6434, 0x74B6, 0x7CF7, 0x6C76, 0x74B7, 0x8538, 0x8D99, 0x95BA,
  0x8D79, 0x8558, 0x8558, 0x95BA, 0xA63B, 0xB69D, 0xAE9D, 0xAE5C, 0xAE7D, 0xAE7C, 0xB69D, 0xC6FE, 0xCF1E, 0xCF3E, 0xCF3E, 0xC71E,
  0xCF5E, 0xCF3E, 0xB69C, 0xA5FA, 0x95B9, 0x8D79, 0x8D99, 0x95BA, 0xAE5C, 0xB69C, 0x9E1B, 0x7CF7, 0x6454, 0x5BF3, 0x5392, 0x4B71,
  0x4B51, 0x4310, 0x4310, 0x4310, 0x3AF0, 0x4331, 0x4B72, 0x5392, 0x53B2, 0x4B51, 0x5392, 0x5392, 0x5372, 0x5372, 0x4B31, 0x5372,
  0x5BF3, 0x5BD2, 0x5392, 0x4B30, 0x3ACF, 0x42EF, 0x326D, 0x326D, 0x328E, 0x3A8E, 0x2A0C, 0x2A0C, 0x2A0C, 0x21EB, 0x21EB, 0x21EB,
  0x21EB, 0x21EB, 0x21EB, 0x21EB, 0x2A0C, 0x2A0C, 0x2A0C, 0x2A0B, 0x29EB, 0x21EB, 0x21CB, 0x21CB, 0x21EB, 0x21EB, 0x21EB, 0x21CB,
  0x19AA, 0x19AA, 0x19AA, 0x21AA, 0x21CA, 0x21CA, 0x21CA, 0x19AA, 0x19AA, 0x19AA, 0x19AA, 0x19AA, 0x21AA, 0x21AA, 0x218A, 0x198A,
  0x198A, 0x1989, 0x1989, 0x1989, 0x1989, 0x1989, 0x1989, 0x1989, 0x1989, 0x1989, 0x1989, 0x1989, 0x1989, 0x1969, 0x1989, 0x1989,
  0x1989, 0x1968, 0x1968, 0x1168, 0x1148, 0x1148, 0x1148, 0x1168, 0x1968, 0x1968, 0x1168, 0x1148, 0x1168, 0x1148, 0x1148, 0x1168,
  0x1107, 0x1107, 0x1107, 0x1107, 0x1127, 0x1127, 0x1127, 0x1127, 0x1127, 0x1127, 0x1127, 0x1127, 0x1127, 0x1127, 0x1127, 0x1127,
  0x1127, 0x1127, 0x1127, 0x1127, 0x1127, 0x1127, 0x1127, 0x1148, 0x1128, 0x1148, 0x1148, 0x1148, 0x1148, 0x1148, 0x1148, 0x1148,
  0x1148, 0x1948, 0x1168, 0x1968, 0x1969, 0x1969, 0x1969, 0x1969, 0x1969, 0x1969, 0x1969, 0x1969, 0x1969, 0x1969, 0x1968, 0x1168,
  0x1168, 0x1969, 0x1969, 0x1989, 0x1989, 0x1989, 0x1989, 0x198A, 0x198A, 0x1989, 0x198A, 0x198A, 0x21AA, 0x21AA, 0x21AA, 0x21CA,
  0x21CA, 0x21CA, 0x21CA, 0x21CA, 0x21AA, 0x21AA, 0x21AA, 0x21AA, 0x21CA, 0x21CB, 0x21CB, 0x21CA, 0x21CB, 0x21EB, 0x29EB, 0x21EB,
  0x21EB, 0x2A0C, 0x21CB, 0x324D, 0x430F, 0x3ACF, 0x3ACF, 0x4310, 0x53B2, 0x4B51, 0x4330, 0x4B30, 0x4B51, 0x5BD3, 0x6413, 0x5BF3,
  0x5392, 0x4B30, 0x3AAE, 0x328E, 0x328F, 0x32AF, 0x4351, 0x5392, 0x4331, 0x53B2, 0x6C75, 0x7496, 0x74D7, 0x8539, 0xA63C, 0x8518,
  0x6C96, 0x7CF7, 0x8538, 0x8538, 0x8518, 0x8558, 0x74B6, 0x7CF7, 0x8D79, 0x9599, 0xA5FA, 0xBEBD, 0xC6DD, 0xC6FE, 0xB6BD, 0xAE7C,
  0xB69C, 0xB67C, 0xAE7C, 0xA61B, 0x95DA, 0xA61B, 0x9E1B, 0xA63B, 0xB6BD, 0xC71E, 0xC71E, 0xBEDD, 0xBEBD, 0xA61B, 0x9599, 0x9599,
  0x95B9, 0x95BA, 0x8D79, 0x6C75, 0x5392, 0x4B71, 0x4B51, 0x3AF0, 0x3ACF, 0x3AAF, 0x326E, 0x2A6D, 0x2A4D, 0x2A4D, 0x326E, 0x328E,
  0x3ACF, 0x3ACF, 0x3ACF, 0x328D, 0x2A2C, 0x220C, 0x2A0C, 0x2A4D, 0x2A2C, 0x2A2C, 0x2A2C, 0x326D, 0x42EF, 0x3A8E, 0x2A0C, 0x220C,
  0x2A0C, 0x21EB, 0x21EB, 0x21EB, 0x21EB, 0x2A0B, 0x220B, 0x21EB, 0x21CB, 0x21AA, 0x19AA, 0x19AA, 0x19AA, 0x21AA, 0x21CB, 0x19AA,
  0x19AA, 0x1989, 0x1989, 0x19AA, 0x21AA, 0x21AA, 0x19AA, 0x19AA, 0x19AA, 0x21AA, 0x21AA, 0x1989, 0x1989, 0x1969, 0x1969, 0x1969,
  0x1969, 0x1969, 0x1969, 0x1969, 0x1968, 0x1969, 0x1969, 0x1989, 0x1989, 0x1969, 0x1969, 0x1969, 0x1969, 0x1989, 0x1989, 0x1969,
  0x1989, 0x1969, 0x1968, 0x1968, 0x1148, 0x1148, 0x1148, 0x1148, 0x1148, 0x1148, 0x1148, 0x1128, 0x1127, 0x1127, 0x1127, 0x1127,
  0x1107, 0x1107, 0x1127, 0x1127, 0x1127, 0x1127, 0x1127, 0x1127, 0x1127, 0x1127, 0x1127, 0x1127, 0x1127, 0x1127, 0x1127, 0x1127,
  0x1127, 0x1147, 0x1148, 0x1128, 0x1148, 0x1148, 0x1148, 0x1148, 0x1127, 0x1148, 0x1148, 0x1148, 0x1148, 0x1148, 0x1128, 0x1148,
  0x1148, 0x1148, 0x1148, 0x1148, 0x1128, 0x1148, 0x1148, 0x1148, 0x1148, 0x1148, 0x1148, 0x1168, 0x1148, 0x1148, 0x1148, 0x1148,
  0x1168, 0x1989, 0x1989, 0x1989, 0x1989, 0x1989, 0x198A, 0x1989, 0x1989, 0x1989, 0x198A, 0x198A, 0x198A, 0x19AA, 0x19AA, 0x21AA,
  0x21AA, 0x21AA, 0x21CA, 0x21AA, 0x21AA, 0x21CB, 0x21CB, 0x21EB, 0x21EB, 0x21EB, 0x21CB, 0x21EB, 0x21EB, 0x2A0B, 0x2A0B, 0x2A2C,
  0x2A2C, 0x324C, 0x430F, 0x42EF, 0x326D, 0x21EB, 0x21EB, 0x2A2C, 0x2A2C, 0x2A2C, 0x2A2C, 0x2A4D, 0x326D, 0x328E, 0x326E, 0x3AAE,
  0x3ACF, 0x3AAE, 0x42EF, 0x4330, 0x4330, 0x4310, 0x4330, 0x4B51, 0x4330, 0x4B72, 0x5392, 0x53D3, 0x5BF4, 0x5C14, 0x5BF4, 0x6435,
  0x6455, 0x5BF4, 0x6C55, 0x6C55, 0x5C14, 0x6C75, 0x8D58, 0x9579, 0x8538, 0x8518, 0x95BA, 0xA63B, 0x9E1B, 0x95DA, 0x9DDA, 0x9DDA,
  0xB67C, 0xB69C, 0xB69C, 0xC71E, 0xD77F, 0xC71E, 0xBEDE, 0xAE7C, 0x9DFA, 0x9599, 0x8D38, 0x8537, 0x9579, 0x95B9, 0x7CF7, 0x74B6,
  0x7CD7, 0x74B6, 0x6C75, 0x53B3, 0x53B2, 0x5392, 0x4330, 0x4310, 0x3AF0, 0x3ACF, 0x3AAF, 0x3AEF, 0x3AEF, 0x3ACF, 0x32AE, 0x326D,
  0x326D, 0x328E, 0x3AAE, 0x430F, 0x328E, 0x324D, 0x2A4C, 0x220C, 0x2A0C, 0x2A0C, 0x324D, 0x2A0C, 0x2A0C, 0x2A0C, 0x21EB, 0x21CB,
  0x21CB, 0x21CB, 0x21EB, 0x21EB, 0x21EB, 0x21EB, 0x21EB, 0x21EB, 0x21CA, 0x19AA, 0x19AA, 0x19AA, 0x19AA, 0x21CA, 0x21CB, 0x21CA,
  0x21CA, 0x21CA, 0x21CA, 0x21CA, 0x19CA, 0x19AA, 0x1989, 0x1989, 0x1989, 0x1989, 0x1989, 0x1989, 0x1989, 0x1989, 0x1969, 0x1989,
  0x19AA, 0x1989, 0x1989, 0x1969, 0x1169, 0x1968, 0x1969, 0x1969, 0x1968, 0x1969, 0x1989, 0x1969, 0x1969, 0x1968, 0x1148, 0x1168,
  0x1948, 0x1148, 0x1148, 0x1148, 0x1148, 0x1148, 0x1148, 0x1148, 0x1148, 0x1148, 0x1148, 0x1128, 0x1128, 0x1148, 0x1148, 0x1148,
  0x1107, 0x1107, 0x0907, 0x0907, 0x1107, 0x1107, 0x0907, 0x1107, 0x0907, 0x1107, 0x1127, 0x1127, 0x1127, 0x1127, 0x1127, 0x1127,
  0x1127, 0x1127, 0x1127, 0x1127, 0x1128, 0x1148, 0x1148, 0x1148, 0x1148, 0x1148, 0x1148, 0x1148, 0x1148, 0x1148, 0x1148, 0x1148,
  0x1148, 0x1148, 0x1148, 0x1148, 0x1148, 0x1148, 0x1148, 0x1148, 0x1127, 0x1127, 0x1148, 0x1168, 0x1968, 0x1968, 0x1968, 0x1969,
  0x1969, 0x1969, 0x1989, 0x1989, 0x1989, 0x1989, 0x1989, 0x1989, 0x1989, 0x1989, 0x1989, 0x198A, 0x198A, 0x19AA, 0x19AA, 0x19AA,
  0x21AA, 0x21AA, 0x198A, 0x19AA, 0x21AA, 0x19AA, 0x19AA, 0x21CA, 0x21CA, 0x21EB, 0x21EB, 0x21EB, 0x29EB, 0x21EB, 0x21EB, 0x21CB,
  0x21CB, 0x29EB, 0x3A8D, 0x3AAE, 0x3A8E, 0x2A4C, 0x3ACF, 0x42CF, 0x3A8E, 0x328D, 0x3ACE, 0x3AAE, 0x3AAE, 0x328E, 0x324D, 0x2A4C,
  0x326D, 0x3A8E, 0x328E, 0x328E, 0x328E, 0x328E, 0x328E, 0x3AF0, 0x5392, 0x5392, 0x5BD3, 0x6414, 0x6455, 0x6C96, 0x6455, 0x5BF4,
  0x53D3, 0x4B92, 0x5C14, 0x6CB6, 0x8538, 0x9DDA, 0xA61B, 0xA61B, 0xB67C, 0xAE5C, 0x9E1B, 0x95DA, 0x8D79, 0x8517, 0x8537, 0x9DDA,
  0xAE5B, 0xAE3B, 0x8D79, 0x8D79, 0x9DDA, 0x95BA, 0x9DFA, 0x8D79, 0x7D17, 0x8538, 0x8517, 0x7CD6, 0x7496, 0x74D7, 0x7CF8, 0x6C96,
  0x5BF4, 0x5BD3, 0x6414, 0x6435, 0x6C55, 0x5BF3, 0x5392, 0x5392, 0x5392, 0x4B71, 0x4B51, 0x4330, 0x3ACF, 0x3AAE, 0x3ACF, 0x3AAE,
  0x328E, 0x326E, 0x3A8E, 0x3ACF, 0x3ACF, 0x3ACF, 0x3AAE, 0x328D, 0x3AAE, 0x326D, 0x324D, 0x2A2C, 0x2A2C, 0x2A0C, 0x220B, 0x21CB,
  0x21CA, 0x21CB, 0x21EB, 0x21EB, 0x21CB, 0x19AA, 0x19AA, 0x19CA, 0x19AA, 0x19AA, 0x19AA, 0x19AA, 0x19AA, 0x1989, 0x1989, 0x1989,
  0x1989, 0x1989, 0x1969, 0x1969, 0x1989, 0x1989, 0x19A9, 0x198A, 0x1989, 0x1989, 0x1989, 0x1989, 0x1989, 0x1989, 0x1989, 0x19A9,
  0x21AA, 0x21AA, 0x1989, 0x1969, 0x1969, 0x1989, 0x1989, 0x1969, 0x1968, 0x1969, 0x1969, 0x1968, 0x1968, 0x1968, 0x1968, 0x1968,
  0x1168, 0x1168, 0x1148, 0x1148, 0x1148, 0x1148, 0x1148, 0x1148, 0x1148, 0x1128, 0x1127, 0x1128, 0x1148, 0x1127, 0x0907, 0x0907,
  0x0907, 0x1127, 0x1127, 0x1127, 0x1127, 0x1127, 0x1127, 0x1107, 0x1107, 0x1127, 0x1127, 0x1107, 0x1127, 0x1127, 0x1127, 0x1127,
  0x1127, 0x1127, 0x1107, 0x1127, 0x1127, 0x1128, 0x1148, 0x1147, 0x1148, 0x1148, 0x1148, 0x1148, 0x1148, 0x1148, 0x1148, 0x1148,
  0x1148, 0x1148, 0x1148, 0x1148, 0x1148, 0x1148, 0x1148, 0x1148, 0x1968, 0x1968, 0x1968, 0x1968, 0x1168, 0x1968, 0x1969, 0x1969,
  0x1968, 0x1968, 0x1969, 0x1969, 0x1969, 0x1969, 0x1968, 0x1989, 0x1989, 0x1989, 0x19A9, 0x19AA, 0x198A, 0x19AA, 0x19AA, 0x21AA,
  0x21AA, 0x21AA, 0x21AA, 0x21CA, 0x21CB, 0x21CB, 0x21EB, 0x21EB, 0x21EB, 0x21EB, 0x21EB, 0x21EB, 0x21EB, 0x21CB, 0x21EB, 0x2A0B,
  0x2A2C, 0x2A0C, 0x21CB, 0x21CB, 0x21EB, 0x2A2C, 0x3AAE, 0x328D, 0x326D, 0x3AAE, 0x430F, 0x42EF, 0x3AEF, 0x42EF, 0x3AAE, 0x328E,
  0x328E, 0x3AAE, 0x3ACF, 0x3AAF, 0x4310, 0x63F4, 0x5BD3, 0x4B51, 0x3AF0, 0x4310, 0x4B72, 0x53B3, 0x6455, 0x8558, 0x9DFB, 0x74D7,
  0x6455, 0x6434, 0x6455, 0x6CB7, 0x74B7, 0x6C76, 0x6C75, 0x8D58, 0x9DD9, 0xA61A, 0xA63B, 0xAE5C, 0xB69D, 0xB69D, 0xBEBD, 0xBEBD,
  0xBEBD, 0xC71E, 0xB69D, 0x9DFB, 0x95BA, 0x95BA, 0x8D99, 0xA61B, 0xA63B, 0xAE5C, 0x9DFA, 0x9599, 0x8D79, 0x8538, 0x7D38, 0x7D18,
  0x7CF7, 0x6C76, 0x6455, 0x5BF3, 0x6C96, 0x6C75, 0x6C55, 0x5BD3, 0x5BD3, 0x5BD3, 0x5392, 0x4B31, 0x42EF, 0x32AE, 0x3ACF, 0x328E,
  0x326D, 0x328D, 0x328E, 0x42EF, 0x3AAE, 0x2A2C, 0x2A4C, 0x324D, 0x2A2C, 0x2A0C, 0x2A0C, 0x220B, 0x220B, 0x2A0B, 0x220B, 0x220B,
  0x2A0C, 0x2A0C, 0x2A0C, 0x220B, 0x21EB, 0x21EB, 0x21CB, 0x21CB, 0x21EB, 0x21EB, 0x21CB, 0x21AA, 0x21CA, 0x21CB, 0x21CA, 0x21CA,
  0x21CA, 0x19AA, 0x19AA, 0x19AA, 0x19A9, 0x1989, 0x1989, 0x1989, 0x1989, 0x1989, 0x19A9, 0x1989, 0x1969, 0x1969, 0x1148, 0x1148,
  0x1148, 0x1168, 0x1968, 0x1168, 0x1168, 0x1989, 0x1989, 0x1989, 0x1989, 0x1989, 0x1969, 0x1969, 0x1968, 0x1968, 0x1969, 0x1968,
  0x1168, 0x1148, 0x1148, 0x1148, 0x1148, 0x1127, 0x1127, 0x1127, 0x1128, 0x1148, 0x1127, 0x1128, 0x1148, 0x1148, 0x1148, 0x1148,
  0x0907, 0x0907, 0x1107, 0x1107, 0x0907, 0x0907, 0x1107, 0x1107, 0x1107, 0x1127, 0x1127, 0x1107, 0x1107, 0x1107, 0x1127, 0x1127,
  0x1127, 0x1127, 0x1127, 0x1127, 0x1127, 0x1127, 0x1128, 0x1148, 0x1148, 0x1148, 0x1148, 0x1148, 0x1148, 0x1148, 0x1148, 0x1148,
  0x1127, 0x1127, 0x1127, 0x1148, 0x1148, 0x1148, 0x1148, 0x1948, 0x1148, 0x1968, 0x1968, 0x1968, 0x1989, 0x1989, 0x1989, 0x1989,
  0x1989, 0x1969, 0x1969, 0x1989, 0x1989, 0x1989, 0x1989, 0x1989, 0x1989, 0x1989, 0x21AA, 0x198A, 0x198A, 0x198A, 0x21AA, 0x21AA,
  0x21AA, 0x21AA, 0x21AA, 0x21AA, 0x21AA, 0x21CA, 0x21CB, 0x21CB, 0x21CB, 0x21CB, 0x21EB, 0x21CA, 0x21EB, 0x2A0C, 0x21EB, 0x2A0C,
  0x324D, 0x328D, 0x324D, 0x2A2C, 0x2A2C, 0x2A2C, 0x2A2C, 0x2A2C, 0x2A4C, 0x2A2C, 0x2A0C, 0x2A0B, 0x2A0C, 0x2A2C, 0x324D, 0x328E,
  0x328E, 0x326D, 0x326D, 0x328E, 0x3AAE, 0x4330, 0x5392, 0x5392, 0x53B2, 0x6414, 0x5BF3, 0x6C75, 0x74B6, 0x8D59, 0x8D99, 0x8D79,
  0x8D58, 0x7CF7, 0x6435, 0x5C14, 0x6455, 0x6434, 0x5BF4, 0x6434, 0x7496, 0x8D79, 0x95DA, 0xA63B, 0xAE5C, 0xB69D, 0xC6FE, 0xBEDD,
  0xBEBD, 0xC6FE, 0xB69C, 0xB69D, 0xAE7C, 0xB6BD, 0xA63C, 0xAE3C, 0xB69D, 0xB67C, 0xAE5C, 0xB6BD, 0xB6BD, 0xAE9D, 0xA65C, 0x8D99,
  0x7D18, 0x7CF7, 0x7CF7, 0x7496, 0x53B2, 0x4B71, 0x4331, 0x4330, 0x4B51, 0x4B50, 0x42EF, 0x3AAE, 0x328E, 0x328D, 0x328E, 0x328E,
  0x328E, 0x3AAE, 0x4310, 0x4310, 0x42CF, 0x2A4D, 0x324D, 0x324D, 0x2A4C, 0x2A2C, 0x2A2C, 0x2A2C, 0x2A2C, 0x2A2C, 0x2A2C, 0x2A0C,
  0x220B, 0x220B, 0x220B, 0x2A0C, 0x2A0B, 0x21EB, 0x21EB, 0x21EB, 0x21EB, 0x21CB, 0x21CB, 0x21CB, 0x21EB, 0x21EB, 0x21EB, 0x21CA,
  0x21CA, 0x21CA, 0x21CA, 0x21CA, 0x21AA, 0x19AA, 0x19AA, 0x19AA, 0x19A9, 0x21AA, 0x1989, 0x1989, 0x1969, 0x1989, 0x1989, 0x1969,
  0x1969, 0x1969, 0x1989, 0x1969, 0x1969, 0x1168, 0x1148, 0x1148, 0x1148, 0x1148, 0x1148, 0x1128, 0x1128, 0x1127, 0x1128, 0x1128,
  0x1148, 0x1127, 0x1127, 0x1127, 0x1127, 0x1127, 0x1127, 0x1127, 0x1127, 0x1107, 0x1107, 0x1107, 0x1107, 0x1127, 0x1148, 0x1148,
  0x1107, 0x1107, 0x1107, 0x08E6, 0x0906, 0x0906, 0x0907, 0x1107, 0x0907, 0x1107, 0x0907, 0x0907, 0x1107, 0x1107, 0x1107, 0x1127,
  0x1127, 0x1127, 0x1127, 0x1127, 0x1148, 0x1128, 0x1127, 0x1127, 0x1127, 0x1148, 0x1148, 0x1148, 0x1148, 0x1148, 0x1148, 0x1148,
  0x1148, 0x1148, 0x1148, 0x1148, 0x1148, 0x1148, 0x1148, 0x1128, 0x1128, 0x1148, 0x1148, 0x1148, 0x1168, 0x1968, 0x1968, 0x1969,
  0x1969, 0x1969, 0x1989, 0x1989, 0x1989, 0x1989, 0x1989, 0x1989, 0x1989, 0x1989, 0x1989, 0x1989, 0x1989, 0x1989, 0x1989, 0x1989,
  0x198A, 0x19AA, 0x21AA, 0x21AA, 0x21AA, 0x21AA, 0x21CA, 0x21CA, 0x21CB, 0x21CB, 0x21CB, 0x21EB, 0x2A2C, 0x2A2C, 0x29EB, 0x21EB,
  0x21EB, 0x2A0B, 0x2A0C, 0x2A0B, 0x2A0B, 0x220B, 0x220B, 0x2A0C, 0x2A0C, 0x2A4C, 0x326D, 0x328D, 0x326D, 0x2A2C, 0x326D, 0x328E,
  0x4310, 0x63F3, 0x5371, 0x4330, 0x53B2, 0x9599, 0x8D79, 0x7496, 0x6C75, 0x6455, 0x5BF3, 0x6C55, 0x7496, 0x7D17, 0x95BA, 0x959A,
  0x8D59, 0x7D18, 0x7D18, 0x9E1B, 0xAE5C, 0xA61B, 0x8D59, 0x8538, 0x9599, 0x95B9, 0x9DDA, 0x9DDA, 0x9599, 0x8D58, 0x8D58, 0x9599,
  0xA61B, 0xAE5C, 0xB69D, 0xB6BD, 0xC6FE, 0xC71E, 0xAE5C, 0x9DFA, 0xAE7C, 0xAE5C, 0xA61B, 0xA5FA, 0x95B9, 0x7D17, 0x7496, 0x7D17,
  0x8538, 0x8518, 0x95BA, 0xB67C, 0xAE5C, 0x9DDA, 0x6C75, 0x4B71, 0x3ACF, 0x328E, 0x2A4C, 0x328D, 0x4330, 0x3AAE, 0x328D, 0x326D,
  0x328D, 0x4B30, 0x5371, 0x5371, 0x4B51, 0x42EF, 0x3ACE, 0x326D, 0x2A2C, 0x2A0C, 0x2A0C, 0x2A0C, 0x21EB, 0x21EB, 0x2A0B, 0x2A0B,
  0x21EB, 0x21EB, 0x21EB, 0x21EB, 0x220B, 0x21EB, 0x21EB, 0x21EB, 0x21EB, 0x21EB, 0x21CA, 0x19AA, 0x19AA, 0x19AA, 0x19AA, 0x1989,
  0x1989, 0x1969, 0x1968, 0x1989, 0x1989, 0x1969, 0x1969, 0x1969, 0x1989, 0x1989, 0x1989, 0x1989, 0x1989, 0x1989, 0x1989, 0x1989,
  0x1989, 0x1989, 0x1989, 0x1969, 0x1969, 0x1969, 0x1968, 0x1148, 0x1148, 0x1148, 0x1948, 0x1968, 0x1968, 0x1968, 0x1148, 0x1148,
  0x1148, 0x1968, 0x1968, 0x1968, 0x1148, 0x1148, 0x1968, 0x1968, 0x1968, 0x1968, 0x1148, 0x1948, 0x1148, 0x1148, 0x1148, 0x1148,
  0x1127, 0x1127, 0x1127, 0x1107, 0x1107, 0x1107, 0x1107, 0x1107, 0x0907, 0x1127, 0x1127, 0x1127, 0x1127, 0x1127, 0x1107, 0x1107,
  0x1107, 0x1127, 0x1127, 0x1127, 0x1127, 0x1127, 0x1127, 0x1127, 0x1148, 0x1148, 0x1148, 0x1148, 0x1128, 0x1127, 0x1127, 0x1107,
  0x1107, 0x1107, 0x1127, 0x1127, 0x1127, 0x1127, 0x1127, 0x1128, 0x1127, 0x1127, 0x1127, 0x1127, 0x1148, 0x1148, 0x1148, 0x1148,
  0x1168, 0x1168, 0x1968, 0x1968, 0x1969, 0x1969, 0x1989, 0x1989, 0x1989, 0x1969, 0x1969, 0x1989, 0x1989, 0x1989, 0x1989, 0x1989,
  0x1989, 0x19AA, 0x21AA, 0x21CA, 0x21CA, 0x21CA, 0x21EB, 0x21EA, 0x21CA, 0x21CB, 0x21CA, 0x21CA, 0x21CA, 0x21CA, 0x21CA, 0x21CA,
  0x21EB, 0x21EB, 0x220B, 0x2A2C, 0x3AAE, 0x3AAE, 0x326D, 0x2A2C, 0x2A0C, 0x3AAE, 0x4B30, 0x5BD3, 0x6434, 0x5BB2, 0x5391, 0x5BD2,
  0x7CD6, 0x84F6, 0x6C33, 0x63F2, 0x5391, 0x42EF, 0x32AE, 0x328E, 0x3AEF, 0x4330, 0x5392, 0x5BF3, 0x6434, 0x6434, 0x6455, 0x6C75,
  0x6C96, 0x74B7, 0x7D18, 0x8559, 0x8D79, 0x8D58, 0x7CF7, 0x7CD6, 0x9DD9, 0xB69C, 0xB67B, 0xBEBC, 0xBEBC, 0xBEBD, 0xBEDD, 0xBEDD,
  0xBEDD, 0xB69C, 0xA63B, 0x9DDA, 0x95B9, 0x9DD9, 0x9DDA, 0x9DFA, 0xA63B, 0xC6FE, 0xBEDD, 0xB69C, 0xB69D, 0x95DA, 0x8538, 0x95BA,
  0xA65C, 0xAE7D, 0xA63C, 0x8517, 0x5BD3, 0x5392, 0x5391, 0x5BD3, 0x4330, 0x4B71, 0x4B71, 0x42EF, 0x2A4D, 0x2A2C, 0x2A2C, 0x2A2C,
  0x326D, 0x3AAE, 0x42EF, 0x4B30, 0x5371, 0x4B30, 0x3AAE, 0x324D, 0x2A4C, 0x2A2C, 0x21EB, 0x21EB, 0x21EB, 0x21EB, 0x21EB, 0x2A0B,
  0x21EB, 0x21CA, 0x19AA, 0x19AA, 0x19AA, 0x198A, 0x198A, 0x19AA, 0x19AA, 0x21AA, 0x21CA, 0x21CA, 0x21AA, 0x19AA, 0x21AA, 0x19AA,
  0x19A9, 0x1989, 0x1989, 0x1969, 0x1969, 0x1989, 0x1969, 0x1989, 0x1989, 0x1989, 0x1989, 0x1989, 0x1989, 0x1989, 0x1989, 0x1968,
  0x1968, 0x1989, 0x1969, 0x1968, 0x1168, 0x1969, 0x1989, 0x1989, 0x1969, 0x1968, 0x1168, 0x1148, 0x1148, 0x1148, 0x1128, 0x1127,
  0x1127, 0x1148, 0x1148, 0x1128, 0x1128, 0x1148, 0x1148, 0x1127, 0x1127, 0x1148, 0x1148, 0x1148, 0x1128, 0x1127, 0x1127, 0x1128,
  0x1127, 0x1127, 0x1107, 0x1107, 0x1107, 0x1127, 0x1107, 0x1107, 0x1127, 0x1127, 0x1127, 0x1127, 0x1127, 0x1127, 0x1127, 0x1127,
  0x1127, 0x1148, 0x1147, 0x1147, 0x1127, 0x1127, 0x1127, 0x1127, 0x1127, 0x1148, 0x1148, 0x1148, 0x1148, 0x1148, 0x1148, 0x1148,
  0x1148, 0x1128, 0x1127, 0x1148, 0x1148, 0x1148, 0x1148, 0x1148, 0x1148, 0x1148, 0x1948, 0x1968, 0x1968, 0x1968, 0x1168, 0x1148,
  0x1148, 0x1148, 0x1168, 0x1168, 0x1168, 0x1168, 0x1969, 0x1969, 0x1989, 0x1989, 0x1989, 0x1989, 0x1989, 0x1989, 0x1969, 0x1989,
  0x1989, 0x1989, 0x1989, 0x1989, 0x19AA, 0x19AA, 0x21AA, 0x21AA, 0x21AA, 0x21AA, 0x21AA, 0x19AA, 0x1989, 0x1989, 0x1989, 0x19AA,
  0x21CA, 0x21EB, 0x2A4C, 0x3A8E, 0x3AAE, 0x4330, 0x4B30, 0x42EF, 0x328E, 0x2A4C, 0x220B, 0x2A0C, 0x3ACE, 0x4B51, 0x4310, 0x42EF,
  0x5371, 0x6C33, 0x7CB5, 0x7494, 0x5BB2, 0x4330, 0x4310, 0x3ACF, 0x4B51, 0x4B71, 0x5392, 0x4B71, 0x5392, 0x5BF3, 0x8D79, 0x8558,
  0x6C75, 0x6C55, 0x74F7, 0x8558, 0x9DFB, 0xB6BD, 0xBEDE, 0xB69D, 0xAE7C, 0xAE7B, 0xAE5B, 0xB67C, 0xB67C, 0xB67C, 0xB6BD, 0xBEDD,
  0xC71E, 0xCF5F, 0xCF3E, 0xCF3E, 0xBE9C, 0xB67B, 0xC6FD, 0xCF5F, 0xC73E, 0xBEDE, 0xA63B, 0x74B5, 0x6C75, 0x6434, 0x6434, 0x7CF7,
  0x95DA, 0x8D79, 0x6414, 0x4B51, 0x4330, 0x4310, 0x4B71, 0x4B51, 0x4330, 0x4B51, 0x430F, 0x328E, 0x2A4D, 0x2A2C, 0x2A4D, 0x2A4D,
  0x326D, 0x3ACE, 0x4310, 0x4310, 0x4310, 0x3ACE, 0x326D, 0x324D, 0x326D, 0x324D, 0x2A0C, 0x2A0C, 0x2A0C, 0x2A2C, 0x2A0C, 0x2A0C,
  0x2A0C, 0x2A0C, 0x2A0C, 0x21EB, 0x21EB, 0x21EB, 0x29EB, 0x29EB, 0x21EB, 0x21EB, 0x21EB, 0x21CB, 0x21CA, 0x21CA, 0x21CA, 0x21CA,
  0x21CA, 0x21AA, 0x19AA, 0x19AA, 0x1989, 0x19A9, 0x19AA, 0x19A9, 0x1989, 0x1989, 0x1969, 0x1969, 0x1968, 0x1168, 0x1168, 0x1168,
  0x1968, 0x1968, 0x1168, 0x1968, 0x1168, 0x1168, 0x1968, 0x1988, 0x1969, 0x1969, 0x1969, 0x1968, 0x1968, 0x1148, 0x1127, 0x1107,
  0x1107, 0x1107, 0x1127, 0x1128, 0x1148, 0x1948, 0x1148, 0x1148, 0x1948, 0x1948, 0x1148, 0x1148, 0x1148, 0x1148, 0x1148, 0x1148,
  0x08E6, 0x08E6, 0x08E6, 0x0906, 0x0907, 0x1107, 0x1107, 0x1107, 0x1127, 0x1107, 0x1107, 0x1127, 0x1127, 0x1127, 0x1107, 0x1127,
  0x1127, 0x1127, 0x1127, 0x1127, 0x1127, 0x1127, 0x1127, 0x1127, 0x1127, 0x1127, 0x1127, 0x1127, 0x1127, 0x1128, 0x1148, 0x1148,
  0x1148, 0x1148, 0x1148, 0x1148, 0x1148, 0x1148, 0x1148, 0x1968, 0x1968, 0x1968, 0x1968, 0x1968, 0x1168, 0x1968, 0x1969, 0x1989,
  0x1989, 0x1969, 0x1969, 0x1969, 0x1969, 0x1968, 0x1989, 0x1969, 0x1989, 0x1969, 0x1969, 0x1989, 0x1969, 0x1989, 0x1989, 0x1989,
  0x1989, 0x1989, 0x1989, 0x1989, 0x21AA, 0x21AA, 0x21AA, 0x21AA, 0x21AA, 0x21AA, 0x21CA, 0x21EB, 0x21EB, 0x21EB, 0x21EB, 0x21EB,
  0x2A2C, 0x42EF, 0x4B50, 0x5391, 0x63F3, 0x5BD2, 0x4B50, 0x430F, 0x3ACE, 0x328D, 0x2A4C, 0x2A2C, 0x220B, 0x2A0C, 0x2A2C, 0x324D,
  0x328E, 0x42EF, 0x3ACF, 0x328E, 0x32AF, 0x4B50, 0x4B71, 0x3AEF, 0x32AE, 0x32AE, 0x3AEF, 0x4330, 0x4B72, 0x4B72, 0x53B3, 0x5BF3,
  0x6C75, 0x8559, 0x95DA, 0x9599, 0x8D79, 0x8D58, 0x8D58, 0x9DFA, 0x9DFB, 0xAE7C, 0xAE7C, 0xAE5C, 0xBEDD, 0xBEFE, 0xAE7C, 0x95B9,
  0xA63B, 0xBEDD, 0xBEDD, 0xBEBD, 0xA63B, 0x9599, 0xA61A, 0x9DDA, 0x9599, 0x95DA, 0x9E1B, 0x9DFB, 0x74B6, 0x4351, 0x328E, 0x2A8E,
  0x328E, 0x32AE, 0x3ACE, 0x3AEF, 0x4310, 0x4310, 0x42F0, 0x3ACF, 0x3AAE, 0x328E, 0x326D, 0x328E, 0x4310, 0x4B51, 0x3ACE, 0x3A8E,
  0x5391, 0x4B30, 0x3ACF, 0x4B30, 0x5391, 0x430F, 0x328D, 0x326D, 0x324D, 0x2A2C, 0x2A0C, 0x2A2C, 0x326D, 0x328D, 0x2A0B, 0x21EB,
  0x21EB, 0x2A0C, 0x324C, 0x21EB, 0x21CA, 0x21CA, 0x21EB, 0x21EB, 0x21EB, 0x21EB, 0x21CA, 0x19AA, 0x19AA, 0x1989, 0x1969, 0x1989,
  0x1989, 0x19A9, 0x1989, 0x19A9, 0x19A9, 0x19A9, 0x19A9, 0x1989, 0x1989, 0x1989, 0x1989, 0x1989, 0x1989, 0x1989, 0x1989, 0x1989,
  0x1989, 0x1168, 0x1148, 0x1148, 0x1168, 0x1168, 0x1168, 0x1168, 0x1968, 0x1968, 0x1968, 0x1968, 0x1968, 0x1168, 0x1948, 0x1148,
  0x1148, 0x1148, 0x1148, 0x1128, 0x1127, 0x1127, 0x1127, 0x1127, 0x1127, 0x1107, 0x0907, 0x1107, 0x1107, 0x1127, 0x1127, 0x1148,
  0x1107, 0x1107, 0x1107, 0x1107, 0x1107, 0x1127, 0x1127, 0x1127, 0x1107, 0x1127, 0x1127, 0x1127, 0x1107, 0x1107, 0x1107, 0x1107,
  0x1107, 0x1107, 0x1107, 0x1107, 0x1107, 0x1127, 0x1127, 0x1127, 0x1127, 0x1127, 0x1127, 0x1148, 0x1148, 0x1148, 0x1128, 0x1127,
  0x1127, 0x1148, 0x1148, 0x1148, 0x1148, 0x1148, 0x1148, 0x1148, 0x1148, 0x1148, 0x1148, 0x1148, 0x1148, 0x1168, 0x1148, 0x1148,
  0x1948, 0x1968, 0x1968, 0x1969, 0x1989, 0x1969, 0x1968, 0x1168, 0x1148, 0x1148, 0x1148, 0x1968, 0x1968, 0x1968, 0x1168, 0x1168,
  0x1968, 0x1168, 0x1969, 0x1969, 0x1989, 0x1989, 0x1989, 0x1989, 0x1989, 0x1989, 0x19AA, 0x21CA, 0x21EB, 0x21EB, 0x21EB, 0x21EB,
  0x2A0B, 0x3A8D, 0x326D, 0x2A2C, 0x2A2C, 0x2A0C, 0x220B, 0x2A2C, 0x2A2C, 0x328D, 0x42EF, 0x430F, 0x3AAE, 0x3AAE, 0x42EF, 0x3ACF,
  0x3AAE, 0x3ACF, 0x32AE, 0x2A6D, 0x2A6D, 0x2A6D, 0x328E, 0x3AEF, 0x5C13, 0x7CF7, 0x74B6, 0x74B6, 0x74B6, 0x6C96, 0x7CF7, 0x8D79,
  0x7D17, 0x74D6, 0x7D17, 0x9579, 0xAE7C, 0xBEDD, 0xBEBD, 0xBEDD, 0x95B9, 0x8D58, 0x8D78, 0x9DFA, 0x9DB9, 0x9DFA, 0xBEDE, 0xCF5F,
  0xC71E, 0xB6BD, 0xB69C, 0x9DFA, 0x9DFA, 0x9DDA, 0x8D99, 0x8517, 0x6C75, 0x5C14, 0x5BD3, 0x53D3, 0x6454, 0x6C75, 0x74B6, 0x6C96,
  0x6434, 0x6434, 0x5C14, 0x5BF3, 0x5BD3, 0x5BF3, 0x4330, 0x3AAE, 0x3AEF, 0x3ACF, 0x328E, 0x326E, 0x328E, 0x328D, 0x2A4C, 0x2A4C,
  0x5350, 0x4B30, 0x328D, 0x3AAE, 0x430F, 0x3ACE, 0x3ACF, 0x42EF, 0x3ACE, 0x324D, 0x2A0C, 0x21EB, 0x21CB, 0x19AA, 0x1989, 0x1169,
  0x1189, 0x1989, 0x1989, 0x198A, 0x1989, 0x1989, 0x1989, 0x19AA, 0x19AA, 0x19AA, 0x21CA, 0x21CA, 0x21CA, 0x21AA, 0x19AA, 0x19AA,
  0x21AA, 0x19AA, 0x19A9, 0x1989, 0x1989, 0x19A9, 0x1989, 0x1989, 0x1989, 0x1989, 0x1989, 0x1989, 0x1989, 0x1989, 0x1989, 0x1989,
  0x1989, 0x1989, 0x1968, 0x1968, 0x1969, 0x1969, 0x1968, 0x1968, 0x1968, 0x1168, 0x1148, 0x1148, 0x1127, 0x1148, 0x1148, 0x1148,
  0x1148, 0x1968, 0x1968, 0x1968, 0x1148, 0x1127, 0x1127, 0x1148, 0x1148, 0x1148, 0x1148, 0x1148, 0x1148, 0x1148, 0x1148, 0x1148,
  0x08E6, 0x0906, 0x1107, 0x1107, 0x1127, 0x1127, 0x1107, 0x1107, 0x1107, 0x1107, 0x1107, 0x1107, 0x1107, 0x1127, 0x1127, 0x1107,
  0x1107, 0x1107, 0x1127, 0x1127, 0x1127, 0x1127, 0x1127, 0x1127, 0x1127, 0x1127, 0x1128, 0x1148, 0x1148, 0x1148, 0x1148, 0x1148,
  0x1148, 0x1148, 0x1148, 0x1148, 0x1148, 0x1148, 0x1148, 0x1148, 0x1148, 0x1148, 0x1148, 0x1148, 0x1148, 0x1148, 0x1148, 0x1148,
  0x1148, 0x1168, 0x1968, 0x1968, 0x1968, 0x1968, 0x1969, 0x1969, 0x1989, 0x1989, 0x19A9, 0x1989, 0x1989, 0x1989, 0x1989, 0x1989,
  0x19A9, 0x19A9, 0x19A9, 0x19A9, 0x19AA, 0x19A9, 0x1989, 0x1989, 0x1989, 0x1989, 0x1969, 0x1989, 0x1989, 0x21AA, 0x21CA, 0x2A0C,
  0x2A0B, 0x21CA, 0x21EB, 0x2A2C, 0x328D, 0x3AAE, 0x53B2, 0x63F2, 0x4B50, 0x42EF, 0x4B71, 0x4B51, 0x42EF, 0x42EF, 0x4310, 0x3AAE,
  0x3ACF, 0x4310, 0x5392, 0x6C95, 0x8D99, 0xA63B, 0x95DA, 0x7D18, 0x6C95, 0x6C75, 0x5BF3, 0x4331, 0x4B51, 0x53B2, 0x6C75, 0x8D79,
  0xBEDD, 0xC71E, 0xA5FA, 0x7CB6, 0x6454, 0x74B6, 0x8D99, 0xB6BD, 0xAE7C, 0xAE7C, 0xB67B, 0xBEBC, 0x9DD9, 0x8538, 0x7CF7, 0x7CF7,
  0x8517, 0x95B9, 0xAE5C, 0xA63C, 0x8538, 0x8538, 0xA63C, 0xC71E, 0xC71F, 0xB69D, 0xA63C, 0xA63C, 0xA65C, 0xA65C, 0xAE7D, 0xA61B,
  0x74D6, 0x6C55, 0x5BF3, 0x4B51, 0x3ACF, 0x328E, 0x2A4D, 0x2A4D, 0x2A6D, 0x328E, 0x328E, 0x3ACF, 0x3ACE, 0x4310, 0x3AAE, 0x3AAE,
  0x326D, 0x326D, 0x2A4D, 0x2A4C, 0x2A2C, 0x220C, 0x21EB, 0x21EB, 0x220B, 0x2A0B, 0x2A0B, 0x2A2C, 0x2A4C, 0x2A0C, 0x2A0B, 0x21EB,
  0x21EB, 0x21EB, 0x220B, 0x21EB, 0x29EB, 0x21EB, 0x21CA, 0x21CA, 0x21AA, 0x19AA, 0x19AA, 0x19AA, 0x21CA, 0x21CA, 0x21EB, 0x21CA,
  0x21CA, 0x19AA, 0x19AA, 0x19AA, 0x21AA, 0x19AA, 0x1989, 0x1989, 0x1989, 0x1989, 0x1989, 0x1989, 0x1989, 0x1989, 0x1168, 0x1148,
  0x1948, 0x1168, 0x1168, 0x1148, 0x1148, 0x1128, 0x1128, 0x1148, 0x1127, 0x1127, 0x1127, 0x1127, 0x1127, 0x1127, 0x1127, 0x1107,
  0x0907, 0x1107, 0x1127, 0x1127, 0x1147, 0x1148, 0x1148, 0x1948, 0x1948, 0x1148, 0x1148, 0x1148, 0x1148, 0x1148, 0x1948, 0x1148,
  0x1107, 0x10E6, 0x1107, 0x1107, 0x1107, 0x1107, 0x0907, 0x1107, 0x1107, 0x1107, 0x1107, 0x1107, 0x1127, 0x1127, 0x1107, 0x1107,
  0x1107, 0x1107, 0x1107, 0x1127, 0x1127, 0x1127, 0x1127, 0x1127, 0x1127, 0x1127, 0x1127, 0x1127, 0x1127, 0x1127, 0x1127, 0x1127,
  0x1148, 0x1148, 0x1148, 0x1148, 0x1148, 0x1127, 0x1127, 0x1128, 0x1148, 0x1148, 0x1168, 0x1148, 0x1148, 0x1148, 0x1148, 0x1148,
  0x1168, 0x1968, 0x1968, 0x1968, 0x1148, 0x1148, 0x1148, 0x1148, 0x1168, 0x1968, 0x1989, 0x1989, 0x1989, 0x1989, 0x1969, 0x1989,
  0x19A9, 0x19AA, 0x21AA, 0x21AA, 0x21AA, 0x21AA, 0x21CA, 0x21CB, 0x21EB, 0x29EB, 0x21EB, 0x21CA, 0x21CA, 0x21CA, 0x21EB, 0x2A2C,
  0x2A2C, 0x2A0B, 0x2A2C, 0x326D, 0x328D, 0x326D, 0x2A4C, 0x3AAE, 0x4B50, 0x5391, 0x4B50, 0x430F, 0x328D, 0x2A4C, 0x328D, 0x3AAE,
  0x326D, 0x328E, 0x5BF3, 0x8D78, 0x9598, 0x7CD5, 0x5C13, 0x53B2, 0x4351, 0x5BF3, 0x6C74, 0x5BF3, 0x6434, 0x7CF7, 0x9599, 0xA61A,
  0xB65B, 0xB69B, 0xAE5B, 0xA63B, 0xB69D, 0xB69D, 0xB69D, 0xA65C, 0x8D9A, 0x7D17, 0x8538, 0xA63B, 0xA63B, 0x9DFA, 0x95BA, 0x8D79,
  0x7CF7, 0x6C75, 0x5392, 0x4351, 0x53B3, 0x5C14, 0x5BD3, 0x5BF3, 0x74B6, 0x8D99, 0x9E1B, 0x95BA, 0x8D79, 0x74D6, 0x959A, 0x95BA,
  0x8D58, 0x9DDA, 0x95B9, 0x8D59, 0x8D58, 0x7496, 0x5392, 0x4B71, 0x4310, 0x32AE, 0x32AE, 0x328E, 0x328D, 0x328E, 0x3ACF, 0x5371,
  0x5392, 0x42EF, 0x326D, 0x326D, 0x324D, 0x3A8E, 0x328E, 0x2A2C, 0x2A2C, 0x2A0C, 0x2A0C, 0x2A2C, 0x328D, 0x2A0B, 0x21EB, 0x324D,
  0x326D, 0x21EA, 0x21EB, 0x29EB, 0x2A0C, 0x2A2C, 0x2A0B, 0x21EB, 0x21EB, 0x21EB, 0x21CA, 0x21CA, 0x21EA, 0x21EA, 0x19CA, 0x19AA,
  0x19AA, 0x19AA, 0x19AA, 0x1989, 0x1989, 0x1989, 0x1989, 0x1969, 0x1989, 0x1989, 0x1989, 0x1969, 0x1968, 0x1968, 0x1968, 0x1968,
  0x1969, 0x1989, 0x1968, 0x1968, 0x1148, 0x1148, 0x1968, 0x1968, 0x1148, 0x1148, 0x1127, 0x1127, 0x1127, 0x1107, 0x1107, 0x1127,
  0x1127, 0x1127, 0x1127, 0x1127, 0x1127, 0x1127, 0x1127, 0x1127, 0x1127, 0x1127, 0x1107, 0x1107, 0x1107, 0x1127, 0x1127, 0x1127,
  0x08E6, 0x08E6, 0x1107, 0x1107, 0x1107, 0x1107, 0x0906, 0x08E6, 0x08E7, 0x0907, 0x1107, 0x1107, 0x1107, 0x1107, 0x0907, 0x0906,
  0x1107, 0x0907, 0x1107, 0x1107, 0x1107, 0x1127, 0x1127, 0x1127, 0x1127, 0x1127, 0x1127, 0x1127, 0x1127, 0x1127, 0x1127, 0x1127,
  0x1127, 0x1127, 0x1127, 0x1127, 0x1148, 0x1148, 0x1148, 0x1148, 0x1148, 0x1128, 0x1128, 0x1148, 0x1148, 0x1948, 0x1948, 0x1148,
  0x1148, 0x1148, 0x1148, 0x1148, 0x1148, 0x1148, 0x1148, 0x1148, 0x1148, 0x1168, 0x1968, 0x1968, 0x1988, 0x1989, 0x1969, 0x1968,
  0x1968, 0x1168, 0x1168, 0x1968, 0x1969, 0x1989, 0x1989, 0x1989, 0x19AA, 0x21AA, 0x21CA, 0x21CA, 0x21AA, 0x21CA, 0x21EB, 0x21EB,
  0x21CB, 0x21CA, 0x21CA, 0x21CA, 0x21CA, 0x21EB, 0x324D, 0x5371, 0x53B2, 0x4B51, 0x4B50, 0x430F, 0x4B71, 0x5BD2, 0x4330, 0x328E,
  0x2A4D, 0x326D, 0x328D, 0x32AE, 0x4310, 0x5BD3, 0x7495, 0x8D79, 0xA65C, 0xB6DD, 0xA61B, 0x7D17, 0x5BF3, 0x6455, 0x95DA, 0xA63B,
  0x95BA, 0x8D99, 0x9DDA, 0xA63B, 0xA61B, 0x8538, 0x8538, 0xA63B, 0xAE7C, 0xB6DD, 0xAE7C, 0x8D78, 0x8558, 0x8D99, 0x9DFB, 0x95DA,
  0x9DDA, 0x8D99, 0x8558, 0x8D79, 0x8D99, 0x9599, 0x95B9, 0x9DDA, 0x9DB9, 0x8D58, 0x7CF7, 0x6455, 0x53B2, 0x5392, 0x6414, 0x5BF3,
  0x5BD3, 0x53B2, 0x53B2, 0x4330, 0x4310, 0x4B71, 0x5371, 0x5BD2, 0x5BD2, 0x4B71, 0x4B30, 0x3ACF, 0x328E, 0x2A6D, 0x2A4C, 0x2A0C,
  0x21EB, 0x2A0C, 0x2A2C, 0x324D, 0x326D, 0x3ACF, 0x42CF, 0x328D, 0x2A0C, 0x21EB, 0x21EB, 0x21EB, 0x2A0C, 0x2A2C, 0x21EB, 0x21CB,
  0x21CB, 0x19AA, 0x21CA, 0x21AA, 0x19AA, 0x19A9, 0x21AA, 0x19AA, 0x1989, 0x1989, 0x1989, 0x1989, 0x1989, 0x1989, 0x19A9, 0x21AA,
  0x21AA, 0x21AA, 0x19AA, 0x19A9, 0x19A9, 0x1989, 0x1969, 0x1968, 0x1148, 0x1148, 0x1148, 0x1148, 0x1148, 0x1148, 0x1148, 0x1128,
  0x1148, 0x1968, 0x1968, 0x1968, 0x1968, 0x1968, 0x1948, 0x1148, 0x1948, 0x1968, 0x1968, 0x1948, 0x1148, 0x1147, 0x1147, 0x1148,
  0x1148, 0x1148, 0x1127, 0x1127, 0x1127, 0x1128, 0x1147, 0x1148, 0x1148, 0x1148, 0x1128, 0x1128, 0x1127, 0x1127, 0x1127, 0x1127,
  0x08E6, 0x08E6, 0x0906, 0x0906, 0x1107, 0x1106, 0x0906, 0x0906, 0x1107, 0x1107, 0x1107, 0x1127, 0x1107, 0x1107, 0x1107, 0x1107,
  0x1107, 0x1127, 0x1127, 0x1127, 0x1127, 0x1127, 0x1127, 0x1127, 0x1128, 0x1127, 0x1127, 0x1127, 0x1128, 0x1148, 0x1128, 0x1147,
  0x1128, 0x1128, 0x1127, 0x1127, 0x1148, 0x1148, 0x1128, 0x1127, 0x1127, 0x1127, 0x1127, 0x1127, 0x1127, 0x1127, 0x1148, 0x1148,
  0x1148, 0x1148, 0x1168, 0x1968, 0x1968, 0x1968, 0x1968, 0x1969, 0x1969, 0x1968, 0x1968, 0x1968, 0x1968, 0x1968, 0x1168, 0x1968,
  0x1969, 0x1968, 0x1988, 0x1989, 0x1989, 0x21A9, 0x21AA, 0x1989, 0x1989, 0x21AA, 0x21AA, 0x19AA, 0x1989, 0x1989, 0x1989, 0x1989,
  0x19AA, 0x21CA, 0x21EB, 0x2A0B, 0x2A2C, 0x328D, 0x328D, 0x328D, 0x326D, 0x326D, 0x328E, 0x3AAE, 0x3ACE, 0x430F, 0x5BF3, 0x7CD6,
  0x8D78, 0x9599, 0x74D6, 0x6434, 0x74B6, 0x74D6, 0x7495, 0x6C75, 0x5C13, 0x74B6, 0x9578, 0x9598, 0x8558, 0x8558, 0x95B9, 0x9599,
  0x9598, 0x9599, 0x8D78, 0x95B9, 0x95B9, 0x8D79, 0x7D38, 0x7D18, 0x7D38, 0x95D9, 0xB6BC, 0xC71E, 0xC73E, 0xB6BD, 0xAE5B, 0xAE3B,
  0xAE5B, 0xBEBD, 0xCF5F, 0xD79F, 0xD79F, 0xCF7F, 0xBEDD, 0xB6BC, 0xB69C, 0x9DD9, 0x8D58, 0x8557, 0x8D78, 0x8D79, 0x7D17, 0x74B6,
  0x6C55, 0x53B2, 0x4B71, 0x4330, 0x3ACF, 0x430F, 0x42EF, 0x32AE, 0x328E, 0x4310, 0x3ACF, 0x3AAE, 0x2A4D, 0x2A4D, 0x326E, 0x326E,
  0x326D, 0x2A2C, 0x2A0C, 0x21EB, 0x21EB, 0x21EB, 0x21CA, 0x21EB, 0x2A0B, 0x21EB, 0x21EB, 0x2A0C, 0x2A4C, 0x326D, 0x326D, 0x324C,
  0x2A0C, 0x2A0C, 0x2A0B, 0x21CB, 0x21AA, 0x1989, 0x1989, 0x1989, 0x1969, 0x1989, 0x1989, 0x19A9, 0x1989, 0x19AA, 0x1989, 0x1989,
  0x1989, 0x1989, 0x1969, 0x1968, 0x1968, 0x1968, 0x1968, 0x1989, 0x1989, 0x1969, 0x1968, 0x1968, 0x1148, 0x1148, 0x1148, 0x1148,
  0x1148, 0x1148, 0x1168, 0x1148, 0x1148, 0x1148, 0x1148, 0x1148, 0x1148, 0x1948, 0x1948, 0x1948, 0x1968, 0x1168, 0x1148, 0x1148,
  0x1148, 0x1148, 0x1148, 0x1148, 0x1148, 0x1148, 0x1148, 0x1148, 0x1148, 0x1148, 0x1148, 0x1148, 0x1148, 0x1127, 0x1127, 0x1127,
  0x08E6, 0x08E6, 0x08E6, 0x08E6, 0x08E6, 0x0906, 0x0907, 0x1107, 0x1107, 0x0907, 0x1107, 0x1107, 0x1107, 0x1107, 0x1107, 0x1107,
  0x1127, 0x1127, 0x1127, 0x1127, 0x1127, 0x1127, 0x1127, 0x1127, 0x1127, 0x1127, 0x1127, 0x1107, 0x1127, 0x1127, 0x1127, 0x1127,
  0x1127, 0x1127, 0x1148, 0x1128, 0x1147, 0x1127, 0x1127, 0x1127, 0x1127, 0x1127, 0x1127, 0x1127, 0x1127, 0x1148, 0x1148, 0x1148,
  0x1148, 0x1148, 0x1148, 0x1148, 0x1148, 0x1148, 0x1148, 0x1148, 0x1168, 0x1968, 0x1968, 0x1968, 0x1968, 0x1968, 0x1968, 0x1968,
  0x1968, 0x1968, 0x1968, 0x1969, 0x1989, 0x1989, 0x1989, 0x1989, 0x1989, 0x21AA, 0x21AA, 0x21CA, 0x21CA, 0x21EB, 0x2A0B, 0x42CE,
  0x3AAE, 0x2A2C, 0x2A4D, 0x326D, 0x326D, 0x326D, 0x2A2C, 0x2A2C, 0x326D, 0x2A4D, 0x2A4D, 0x326D, 0x53B2, 0x8D78, 0xA5FA, 0x95B9,
  0x8D37, 0x7CF6, 0x5BB2, 0x5392, 0x5BB2, 0x6413, 0x8537, 0xA5FA, 0xB67C, 0xBEFD, 0xC6FD, 0xC6FD, 0xBEDD, 0xB6BD, 0xAE5B, 0xA61A,
  0xAE3A, 0xC6DC, 0xD77E, 0xC6FD, 0xAE3B, 0x9DFA, 0x95DA, 0x9DFA, 0xAE5C, 0xAE5C, 0xAE7C, 0xB69C, 0xBEDD, 0xC71D, 0xC71D, 0xC71D,
  0xBEDD, 0xA61B, 0x9599, 0xA63B, 0xBEDD, 0xAE9D, 0x9DFB, 0x95BA, 0x8558, 0x8538, 0x8538, 0x8D58, 0x959A, 0x8538, 0x74B6, 0x7495,
  0x6C55, 0x53D2, 0x4310, 0x3AAF, 0x326E, 0x32AE, 0x3ACF, 0x3ACF, 0x3AEF, 0x4310, 0x5392, 0x5BF3, 0x6434, 0x6413, 0x5392, 0x4B30,
  0x3A8E, 0x2A4C, 0x2A4D, 0x2A2C, 0x2A2C, 0x328D, 0x3AAE, 0x2A2C, 0x21EB, 0x19CA, 0x19AA, 0x19CA, 0x19AA, 0x198A, 0x21EB, 0x2A0B,
  0x21CB, 0x21CB, 0x19AA, 0x19AA, 0x21CA, 0x21AA, 0x21CA, 0x21EB, 0x21CA, 0x21CA, 0x19CA, 0x19AA, 0x21AA, 0x19AA, 0x1989, 0x1968,
  0x1148, 0x1148, 0x1148, 0x1148, 0x1148, 0x1148, 0x1128, 0x1148, 0x1168, 0x1968, 0x1168, 0x1148, 0x1148, 0x1148, 0x1148, 0x1148,
  0x1148, 0x1148, 0x1148, 0x1148, 0x1127, 0x1127, 0x1127, 0x1127, 0x1127, 0x1127, 0x1148, 0x1148, 0x1147, 0x1127, 0x1128, 0x1147,
  0x1127, 0x1127, 0x1107, 0x1107, 0x1127, 0x1127, 0x1107, 0x1107, 0x1107, 0x1107, 0x1107, 0x1107, 0x1107, 0x0907, 0x1107, 0x1107,
  0x08E6, 0x08E6, 0x08E6, 0x08E6, 0x08E6, 0x08E6, 0x0907, 0x08E6, 0x08E6, 0x08E6, 0x08E6, 0x08E6, 0x08E6, 0x08E6, 0x08E6, 0x08E6,
  0x08E6, 0x08E6, 0x08E6, 0x08E6, 0x08E6, 0x08E6, 0x08E6, 0x08E6, 0x08E6, 0x08E6, 0x08E6, 0x08E6, 0x08E6, 0x08E6, 0x0906, 0x1107,
  0x1127, 0x1127, 0x1127, 0x1148, 0x1148, 0x1148, 0x1148, 0x1148, 0x1127, 0x1107, 0x1107, 0x1107, 0x1107, 0x1107, 0x1127, 0x1127,
  0x1127, 0x1127, 0x1128, 0x1148, 0x1148, 0x1128, 0x1127, 0x1128, 0x1148, 0x1148, 0x1968, 0x1968, 0x1968, 0x1968, 0x1968, 0x1168,
  0x1168, 0x1968, 0x1968, 0x1989, 0x1989, 0x1989, 0x1969, 0x1969, 0x1969, 0x1969, 0x1989, 0x1989, 0x1989, 0x21AA, 0x21EB, 0x2A4C,
  0x326D, 0x3AAE, 0x3AAE, 0x324D, 0x324C, 0x2A2C, 0x2A2C, 0x326D, 0x3AAE, 0x4B50, 0x6C33, 0x8516, 0x9578, 0x84F7, 0x5BD2, 0x430F,
  0x3AEF, 0x42EF, 0x42EF, 0x5371, 0x6C75, 0x7CD6, 0x74B5, 0x84F6, 0x7CD5, 0x74B5, 0xA5FA, 0xC71D, 0xC6FD, 0xB6BC, 0xA61A, 0x9DFA,
  0xA61A, 0xAE5B, 0xD75F, 0xDFDF, 0xDF9F, 0xD79F, 0xCF7F, 0xCF5F, 0xC6FE, 0xAE7C, 0x9DFB, 0x8538, 0x8558, 0x8D78, 0x8D78, 0x95D9,
  0xAE5B, 0x9DDA, 0x95BA, 0xA65C, 0xAE9D, 0xA67C, 0xAE7D, 0xAE9D, 0xB69D, 0xB6BD, 0xB6BD, 0xBEBD, 0xBEDD, 0xAE7C, 0x9DDA, 0x8D58,
  0x74B6, 0x6C75, 0x6C55, 0x5BF3, 0x5BB2, 0x4330, 0x3AEF, 0x328E, 0x32AE, 0x3ACF, 0x3ACF, 0x3AEF, 0x430F, 0x42EF, 0x3AEF, 0x42EF,
  0x4B30, 0x5371, 0x4B71, 0x430F, 0x3A8E, 0x4B30, 0x5391, 0x4B50, 0x3AAE, 0x21EB, 0x21CB, 0x21EB, 0x21CB, 0x21CA, 0x21AA, 0x21AA,
  0x19AA, 0x19AA, 0x198A, 0x1989, 0x1989, 0x1989, 0x19AA, 0x1989, 0x1989, 0x1969, 0x1969, 0x1168, 0x1148, 0x1148, 0x1168, 0x1168,
  0x1968, 0x1969, 0x1989, 0x1989, 0x1989, 0x1989, 0x1989, 0x1968, 0x1968, 0x1969, 0x1968, 0x1968, 0x1168, 0x1968, 0x1968, 0x1968,
  0x1968, 0x1148, 0x1148, 0x1148, 0x1148, 0x1148, 0x1148, 0x1148, 0x1148, 0x1148, 0x1148, 0x1148, 0x1168, 0x1148, 0x1148, 0x1148,
  0x1127, 0x1127, 0x1127, 0x1127, 0x1127, 0x1127, 0x1127, 0x1127, 0x0906, 0x08E6, 0x08C6, 0x08C6, 0x08C6, 0x08C6, 0x08C5, 0x08C5,
  0x08E6, 0x1106, 0x0906, 0x1106, 0x1107, 0x0907, 0x0907, 0x1107, 0x1107, 0x1107, 0x1107, 0x08E6, 0x08E6, 0x08E6, 0x08E6, 0x08E6,
  0x08E6, 0x08E6, 0x0906, 0x1106, 0x1107, 0x1107, 0x1107, 0x1107, 0x1107, 0x1107, 0x1107, 0x1127, 0x1127, 0x1127, 0x1107, 0x1107,
  0x1107, 0x1127, 0x1127, 0x1127, 0x1127, 0x1127, 0x1148, 0x1148, 0x1148, 0x1128, 0x1128, 0x1148, 0x1127, 0x1127, 0x1127, 0x1127,
  0x1148, 0x1148, 0x1148, 0x1148, 0x1168, 0x1968, 0x1968, 0x1948, 0x1148, 0x1148, 0x1168, 0x1968, 0x1969, 0x1989, 0x1989, 0x1989,
  0x1989, 0x1989, 0x1989, 0x1989, 0x21A9, 0x21AA, 0x21A9, 0x19A9, 0x19A9, 0x21AA, 0x21AA, 0x324C, 0x3A8D, 0x21CA, 0x21CA, 0x19AA,
  0x19CA, 0x21EB, 0x21CA, 0x19AA, 0x19CA, 0x21AA, 0x21CA, 0x2A2C, 0x328E, 0x4B50, 0x5BD3, 0x6454, 0x5BF3, 0x5BD2, 0x6434, 0x6C75,
  0x6C54, 0x5BD2, 0x5391, 0x5391, 0x5BF3, 0x74B6, 0x7CF7, 0x8D38, 0x8D59, 0x9599, 0xA5FB, 0x9DD9, 0x8D78, 0x8D78, 0x9DFA, 0xB6DE,
  0xBEDE, 0xAE7C, 0x9DFA, 0x95DA, 0x95BA, 0x8D79, 0x7D17, 0x8538, 0x8518, 0x8D79, 0x9E1B, 0xB69D, 0xC71E, 0xC71F, 0xBEBD, 0xB69D,
  0xB6BD, 0xB6BD, 0xB69D, 0xAE9D, 0x9E3C, 0x95DA, 0x95DA, 0x8DBA, 0x8D99, 0x8538, 0x6C96, 0x6434, 0x5C13, 0x5BF3, 0x6C54, 0x7CD6,
  0x8D58, 0xA61B, 0xAE5D, 0x95BA, 0x8559, 0x7CF7, 0x7D18, 0x6C75, 0x53B2, 0x4310, 0x328E, 0x2A6D, 0x326D, 0x32AE, 0x3ACF, 0x3AAE,
  0x326D, 0x2A4C, 0x2A2C, 0x220B, 0x21EB, 0x21AA, 0x326D, 0x6413, 0x5BB2, 0x3A8D, 0x326D, 0x326D, 0x3AAE, 0x328D, 0x326D, 0x2A2C,
  0x29EB, 0x21EB, 0x21CB, 0x21AA, 0x21AA, 0x21CA, 0x21EB, 0x21EB, 0x21CA, 0x21CA, 0x21AA, 0x21AA, 0x19A9, 0x1989, 0x1989, 0x1989,
  0x21A9, 0x19A9, 0x1989, 0x1989, 0x1969, 0x1969, 0x1168, 0x1168, 0x1168, 0x1168, 0x1168, 0x1968, 0x1968, 0x1968, 0x1968, 0x1989,
  0x1989, 0x1989, 0x1989, 0x1968, 0x1968, 0x1148, 0x1148, 0x1148, 0x1148, 0x1148, 0x1148, 0x1148, 0x1968, 0x1148, 0x1148, 0x1148,
  0x1148, 0x1127, 0x1127, 0x1127, 0x1127, 0x1107, 0x0907, 0x1107, 0x1107, 0x1107, 0x1107, 0x0907, 0x08E6, 0x08C6, 0x08C6, 0x08C6,
  0x08E6, 0x08E6, 0x0906, 0x0906, 0x0906, 0x08E6, 0x08E6, 0x08E6, 0x08E6, 0x1107, 0x08E6, 0x08E6, 0x08E6, 0x1106, 0x1127, 0x1107,
  0x1107, 0x1127, 0x1107, 0x1127, 0x1107, 0x1127, 0x1107, 0x1127, 0x1127, 0x1127, 0x1127, 0x1127, 0x1127, 0x1127, 0x1127, 0x1127,
  0x1127, 0x1127, 0x1127, 0x1127, 0x1127, 0x1127, 0x1127, 0x1127, 0x1127, 0x1127, 0x1127, 0x1128, 0x1128, 0x1148, 0x1948, 0x1148,
  0x1148, 0x1948, 0x1968, 0x1168, 0x1968, 0x1968, 0x1968, 0x1968, 0x1968, 0x1968, 0x1968, 0x1969, 0x1969, 0x1969, 0x1989, 0x1989,
  0x1989, 0x1989, 0x1968, 0x1148, 0x1168, 0x1968, 0x1969, 0x1969, 0x1969, 0x1989, 0x1989, 0x1989, 0x21AA, 0x21CA, 0x21CA, 0x21CA,
  0x21EB, 0x2A2C, 0x2A2C, 0x21EB, 0x21EB, 0x21EB, 0x2A4C, 0x430F, 0x3ACE, 0x3AAE, 0x328E, 0x2A6D, 0x2A4D, 0x3ACE, 0x4B71, 0x6413,
  0x7475, 0x74B6, 0x6C75, 0x6454, 0x74B6, 0x8D79, 0x9599, 0x9DB9, 0x9599, 0x7CF7, 0x6434, 0x53B3, 0x6C55, 0x7D18, 0x74D7, 0x6C76,
  0x6455, 0x6C76, 0x7CF7, 0x8559, 0x7D59, 0x8579, 0x8DBA, 0x95BA, 0x9DFB, 0xA61B, 0xA63C, 0x9DDA, 0x8D79, 0x8538, 0x8538, 0x8D99,
  0xA63B, 0xAE7D, 0xAE7C, 0xA65C, 0x9E1B, 0x95DA, 0x8D9A, 0x8D79, 0x9DFB, 0xB6BE, 0xB6BD, 0xA63C, 0xAE5C, 0xA61B, 0x9DDA, 0x7CD6,
  0x5392, 0x3AF0, 0x3AAF, 0x3AEF, 0x4B51, 0x4B92, 0x6C75, 0x74B6, 0x74D6, 0x8517, 0x7CF7, 0x7475, 0x5BD2, 0x4B51, 0x4310, 0x42CF,
  0x328E, 0x324D, 0x2A4C, 0x324C, 0x2A0B, 0x21CB, 0x19AA, 0x19AA, 0x19CA, 0x21EB, 0x2A0C, 0x324C, 0x326D, 0x5391, 0x63F3, 0x3A8E,
  0x21CB, 0x1989, 0x1989, 0x198A, 0x19AA, 0x21AA, 0x21AA, 0x21CA, 0x21CA, 0x21CA, 0x21AA, 0x19A9, 0x1989, 0x1989, 0x19A9, 0x21AA,
  0x21AA, 0x1989, 0x1989, 0x1989, 0x1989, 0x1969, 0x1968, 0x1968, 0x1968, 0x1168, 0x1148, 0x1968, 0x1968, 0x1968, 0x1968, 0x1968,
  0x1168, 0x1148, 0x1148, 0x1148, 0x1148, 0x1148, 0x1148, 0x1148, 0x1148, 0x1148, 0x1148, 0x1147, 0x1127, 0x1127, 0x1107, 0x1107,
  0x1127, 0x1127, 0x1127, 0x1127, 0x1127, 0x1127, 0x1127, 0x1127, 0x1127, 0x1127, 0x1127, 0x1127, 0x1128, 0x1127, 0x1127, 0x1128,
  0x08E6, 0x08E6, 0x08E6, 0x08E6, 0x08E6, 0x08E6, 0x08E6, 0x08E6, 0x08E6, 0x08E6, 0x08E6, 0x08E6, 0x08E6, 0x1106, 0x08E6, 0x0906,
  0x1106, 0x0906, 0x0906, 0x1106, 0x1107, 0x1107, 0x1107, 0x1107, 0x1107, 0x1107, 0x1107, 0x1107, 0x1107, 0x1106, 0x1107, 0x1107,
  0x1107, 0x0907, 0x0906, 0x0907, 0x1107, 0x1107, 0x1127, 0x1127, 0x1127, 0x1127, 0x1148, 0x1148, 0x1148, 0x1148, 0x1128, 0x1128,
  0x1127, 0x1127, 0x1128, 0x1128, 0x1148, 0x1148, 0x1148, 0x1968, 0x1968, 0x1968, 0x1968, 0x1989, 0x1989, 0x1989, 0x1989, 0x1989,
  0x21A9, 0x21A9, 0x1989, 0x1989, 0x21AA, 0x21AA, 0x1989, 0x1989, 0x1989, 0x1989, 0x1989, 0x1989, 0x1989, 0x1989, 0x1989, 0x1989,
  0x19A9, 0x21CA, 0x21EB, 0x2A2C, 0x2A4C, 0x2A2C, 0x324D, 0x42EF, 0x4B51, 0x3ACE, 0x42EF, 0x4B50, 0x4B51, 0x4B71, 0x5371, 0x4B71,
  0x4B30, 0x5392, 0x6C54, 0x7CD6, 0x7CF6, 0x6C55, 0x5391, 0x5391, 0x5371, 0x5BD3, 0x6C55, 0x6C75, 0x7496, 0x6C75, 0x53D3, 0x53B3,
  0x6455, 0x8559, 0x95DB, 0x95DB, 0x8DDA, 0xA65C, 0xBEDE, 0xBEDD, 0xA61B, 0x95BA, 0x95DA, 0x9E1B, 0xA63C, 0xAE5C, 0xAE7C, 0xAE7D,
  0xA63B, 0x9E1B, 0xA65C, 0xA65C, 0xA65C, 0xAE5C, 0xB6BD, 0xCF7F, 0xD79F, 0xBEFE, 0xAE5C, 0x9DFA, 0x9DDA, 0xAE3B, 0xBEBD, 0x9DFA,
  0x74B6, 0x6434, 0x5392, 0x4310, 0x4310, 0x3ACF, 0x220C, 0x220B, 0x2A4C, 0x3AAE, 0x5391, 0x4B50, 0x42EF, 0x326D, 0x2A0C, 0x220B,
  0x21EB, 0x21EB, 0x21EB, 0x2A0B, 0x21EB, 0x21CA, 0x19CA, 0x19AA, 0x19AA, 0x19AA, 0x21CB, 0x21EB, 0x2A0B, 0x3AAE, 0x5351, 0x326D,
  0x21EB, 0x21AA, 0x21AA, 0x21CA, 0x21CA, 0x21CA, 0x21AA, 0x21CA, 0x21AA, 0x1989, 0x1989, 0x1989, 0x1968, 0x1168, 0x1989, 0x1989,
  0x1989, 0x1989, 0x1968, 0x1168, 0x1148, 0x1148, 0x1127, 0x1127, 0x1148, 0x1148, 0x1148, 0x1168, 0x1168, 0x1968, 0x1968, 0x1148,
  0x1148, 0x1127, 0x1127, 0x1107, 0x1107, 0x0907, 0x1107, 0x0906, 0x0906, 0x1107, 0x1107, 0x1107, 0x1127, 0x1127, 0x1127, 0x1127,
  0x1127, 0x1127, 0x1127, 0x1127, 0x1127, 0x1127, 0x1127, 0x1127, 0x1127, 0x1127, 0x1127, 0x1127, 0x1127, 0x1127, 0x1127, 0x1127,
  0x08E7, 0x08E6, 0x1107, 0x1107, 0x1107, 0x1107, 0x1107, 0x1107, 0x1107, 0x1107, 0x1107, 0x1107, 0x1106, 0x1106, 0x10E6, 0x08E6,
  0x08E6, 0x08E6, 0x08E6, 0x10E6, 0x1107, 0x1106, 0x1107, 0x1107, 0x1107, 0x1107, 0x1107, 0x1107, 0x1107, 0x1107, 0x1127, 0x1127,
  0x1127, 0x1127, 0x1127, 0x1127, 0x1127, 0x1127, 0x1127, 0x1148, 0x1148, 0x1128, 0x1148, 0x1148, 0x1148, 0x1148, 0x1148, 0x1148,
  0x1128, 0x1127, 0x1127, 0x1148, 0x1148, 0x1948, 0x1948, 0x1148, 0x1148, 0x1148, 0x1148, 0x1968, 0x1988, 0x1989, 0x1989, 0x1969,
  0x1989, 0x1989, 0x21AA, 0x21AA, 0x21AA, 0x21CA, 0x21AA, 0x21AA, 0x21AA, 0x21AA, 0x21AA, 0x21AA, 0x322C, 0x3AAE, 0x326D, 0x2A2C,
  0x2A2C, 0x2A2C, 0x2A2C, 0x326D, 0x326D, 0x2A2C, 0x2A2C, 0x326D, 0x42EF, 0x4B30, 0x5BB2, 0x7474, 0x7495, 0x6C75, 0x6C54, 0x6413,
  0x5BB2, 0x4B51, 0x32AE, 0x326D, 0x2A4D, 0x326E, 0x2A6D, 0x2A4D, 0x2A4D, 0x328E, 0x4310, 0x5392, 0x5C14, 0x5BF3, 0x5BF3, 0x74D7,
  0x9DFB, 0x9E1C, 0x8538, 0x6455, 0x74D7, 0x9DDA, 0xBEBD, 0xD79F, 0xB69C, 0xAE3B, 0xB6BD, 0xA63C, 0xA63B, 0xA65B, 0xAE5C, 0xAE5C,
  0xAE5C, 0xB69C, 0xC6DD, 0xB69C, 0xAE5B, 0x9DFA, 0x9DFA, 0xA63B, 0xAE9C, 0x9E1B, 0x74B6, 0x6C76, 0x7CF7, 0x9599, 0xAE3B, 0xAE5C,
  0xAE3B, 0x9DDA, 0x8559, 0x7D17, 0x74D7, 0x6C55, 0x6434, 0x5BF3, 0x3ACF, 0x326D, 0x326D, 0x2A2D, 0x2A4D, 0x326D, 0x2A2C, 0x220B,
  0x21EB, 0x21EB, 0x21EB, 0x21EB, 0x21EA, 0x21CA, 0x21CA, 0x21EB, 0x21EB, 0x2A0C, 0x324D, 0x324D, 0x2A2C, 0x21CB, 0x21AA, 0x21CA,
  0x21AA, 0x1989, 0x1989, 0x21AA, 0x21AA, 0x19AA, 0x1989, 0x21AA, 0x21CA, 0x21AA, 0x1989, 0x1989, 0x1989, 0x1989, 0x1989, 0x1168,
  0x1148, 0x1127, 0x1127, 0x1128, 0x1148, 0x1148, 0x1148, 0x1148, 0x1148, 0x1168, 0x1148, 0x1128, 0x1127, 0x1107, 0x1107, 0x1107,
  0x1107, 0x1107, 0x1107, 0x1107, 0x1107, 0x1107, 0x1107, 0x1127, 0x1107, 0x08E6, 0x08E6, 0x08E6, 0x08E6, 0x08E6, 0x0907, 0x1107,
  0x0907, 0x0906, 0x08E6, 0x0907, 0x1107, 0x1127, 0x1127, 0x1127, 0x1127, 0x1127, 0x1127, 0x1127, 0x1127, 0x1107, 0x1107, 0x1107,
  0x08E6, 0x08E6, 0x08E6, 0x08E6, 0x1106, 0x1107, 0x1107, 0x1107, 0x1107, 0x1107, 0x1107, 0x1107, 0x1107, 0x1107, 0x10E6, 0x1106,
  0x1107, 0x1107, 0x1107, 0x1107, 0x1107, 0x1107, 0x1107, 0x1107, 0x1107, 0x1107, 0x1107, 0x1107, 0x1107, 0x1107, 0x1107, 0x1127,
  0x1127, 0x1127, 0x1127, 0x1127, 0x1127, 0x1127, 0x1127, 0x1127, 0x1127, 0x1127, 0x1127, 0x1127, 0x1127, 0x1148, 0x1148, 0x1148,
  0x1948, 0x1148, 0x1148, 0x1148, 0x1148, 0x1148, 0x1148, 0x1948, 0x1148, 0x1148, 0x1968, 0x1968, 0x1989, 0x1989, 0x19A9, 0x1989,
  0x1989, 0x1989, 0x1989, 0x1989, 0x1969, 0x1969, 0x1969, 0x1989, 0x1989, 0x21AA, 0x21CA, 0x21EA, 0x2A0B, 0x2A2C, 0x2A0B, 0x21CA,
  0x21CA, 0x21CA, 0x21CB, 0x21CA, 0x21CA, 0x21CA, 0x21EB, 0x21CB, 0x21CA, 0x21CB, 0x21CB, 0x21CB, 0x21EB, 0x2A2C, 0x326D, 0x3ACF,
  0x3AEF, 0x3ACE, 0x3ACE, 0x3AEF, 0x3AEF, 0x3AEF, 0x5392, 0x6413, 0x7495, 0x7CF7, 0x7496, 0x6C55, 0x8558, 0x9DDB, 0x8D9A, 0x8518,
  0x7496, 0x6434, 0x5BF4, 0x6455, 0x8539, 0x95BA, 0xB6DD, 0xD77F, 0xE7DF, 0xE7DF, 0xBE9C, 0x8538, 0x6434, 0x53B2, 0x53B2, 0x5BF3,
  0x6C75, 0x8D78, 0xA61A, 0xB67B, 0xCF3E, 0xBEFE, 0xAE7C, 0xA65C, 0xAE9D, 0xB6BD, 0xA63B, 0x74D6, 0x6454, 0x6434, 0x6C54, 0x6413,
  0x5BD2, 0x6413, 0x74B6, 0x8537, 0x95B9, 0x95BA, 0x95BA, 0x7CD7, 0x4310, 0x3AAE, 0x328E, 0x326E, 0x326D, 0x324D, 0x326D, 0x328E,
  0x3ACF, 0x4B30, 0x4B30, 0x42EF, 0x3A8E, 0x220B, 0x21EB, 0x21EB, 0x21EB, 0x21EB, 0x2A0C, 0x29EB, 0x21EB, 0x29EB, 0x2A0B, 0x29EB,
  0x21EB, 0x21EB, 0x21EB, 0x29EB, 0x21CB, 0x21CA, 0x21AA, 0x1989, 0x1989, 0x1989, 0x1969, 0x1989, 0x1989, 0x1989, 0x1969, 0x1969,
  0x1968, 0x1968, 0x1968, 0x1148, 0x1148, 0x1127, 0x1127, 0x1127, 0x1127, 0x1127, 0x1127, 0x1127, 0x1148, 0x1148, 0x1148, 0x1127,
  0x1127, 0x1127, 0x1127, 0x1127, 0x1127, 0x1148, 0x1127, 0x1147, 0x1148, 0x1148, 0x1148, 0x1148, 0x1147, 0x1127, 0x1127, 0x1127,
  0x1107, 0x1107, 0x1107, 0x1107, 0x1107, 0x1107, 0x1107, 0x1127, 0x1127, 0x1127, 0x1127, 0x1127, 0x1127, 0x1127, 0x1127, 0x1127,
  0x08E6, 0x08E6, 0x10E6, 0x1106, 0x08E6, 0x08E6, 0x08E6, 0x08E6, 0x08E6, 0x08E6, 0x08E6, 0x08E6, 0x08E6, 0x08E6, 0x08E6, 0x08E6,
  0x08E6, 0x10E7, 0x08E6, 0x08E6, 0x1106, 0x1107, 0x1106, 0x1106, 0x1107, 0x1107, 0x1107, 0x1107, 0x1107, 0x1107, 0x1107, 0x1107,
  0x10E7, 0x10E7, 0x08E6, 0x08E6, 0x08E6, 0x08E6, 0x1107, 0x1107, 0x1127, 0x1127, 0x1127, 0x1127, 0x1127, 0x1127, 0x1128, 0x1148,
  0x1948, 0x1148, 0x1948, 0x1948, 0x1148, 0x1148, 0x1127, 0x1127, 0x1127, 0x1127, 0x1127, 0x1127, 0x1128, 0x1127, 0x1148, 0x1148,
  0x1968, 0x1968, 0x1948, 0x1148, 0x1148, 0x1148, 0x1948, 0x1968, 0x1968, 0x1969, 0x1989, 0x21CA, 0x324C, 0x2A2C, 0x21CA, 0x21CA,
  0x21CA, 0x21CA, 0x21CB, 0x21CB, 0x21CA, 0x21CB, 0x21EB, 0x21EB, 0x2A0C, 0x2A2C, 0x2A2C, 0x2A2C, 0x2A2C, 0x2A2C, 0x326D, 0x3ACF,
  0x4B30, 0x4B30, 0x3ACE, 0x2A4D, 0x2A4C, 0x2A4D, 0x2A6D, 0x32AE, 0x4330, 0x5BD3, 0x6C75, 0x7CD7, 0x74D6, 0x8538, 0x74B6, 0x4B51,
  0x3AF0, 0x4B51, 0x5BF4, 0x6435, 0x6C76, 0x74D7, 0xA63C, 0xC71E, 0xB67C, 0xC6DD, 0xCF3E, 0xC73E, 0xAE7C, 0x8558, 0x74B6, 0x7CF7,
  0x8D78, 0x9599, 0x9599, 0x8517, 0x7CF7, 0x6C96, 0x8539, 0x95FB, 0x8DBA, 0x8D79, 0x5BF3, 0x4330, 0x32AE, 0x2A4D, 0x32AF, 0x4331,
  0x4331, 0x4310, 0x4B51, 0x4B71, 0x53B2, 0x4B51, 0x2A2C, 0x21EB, 0x2A4C, 0x3AAE, 0x42EF, 0x430F, 0x4310, 0x4B30, 0x5371, 0x5371,
  0x4B10, 0x4310, 0x4B50, 0x42EF, 0x326D, 0x324D, 0x2A2C, 0x324C, 0x2A0B, 0x2A0C, 0x2A0C, 0x2A0B, 0x2A0B, 0x2A2C, 0x2A0B, 0x21CA,
  0x21CA, 0x21CA, 0x21CA, 0x21CA, 0x21AA, 0x1989, 0x1989, 0x1969, 0x1168, 0x1148, 0x1148, 0x1148, 0x1128, 0x1127, 0x1148, 0x1968,
  0x1989, 0x1989, 0x1969, 0x1968, 0x1968, 0x1968, 0x1968, 0x1968, 0x1948, 0x1948, 0x1948, 0x1148, 0x1128, 0x1127, 0x1127, 0x1127,
  0x1107, 0x1107, 0x1127, 0x1107, 0x1107, 0x1107, 0x1106, 0x1106, 0x08E6, 0x1106, 0x1107, 0x1107, 0x1127, 0x1127, 0x1148, 0x1948,
  0x1148, 0x1148, 0x1127, 0x1127, 0x1107, 0x1107, 0x1107, 0x1107, 0x1107, 0x1107, 0x1107, 0x1107, 0x1107, 0x1107, 0x1107, 0x0907,
  0x08E6, 0x08E6, 0x08E6, 0x08E6, 0x08C6, 0x08E6, 0x08E6, 0x08E6, 0x08E6, 0x08E6, 0x1106, 0x1107, 0x0906, 0x0906, 0x1106, 0x1106,
  0x1107, 0x1107, 0x1107, 0x0906, 0x1106, 0x1107, 0x1107, 0x08E6, 0x10E6, 0x10E6, 0x1107, 0x1107, 0x1107, 0x1107, 0x1107, 0x1107,
  0x1107, 0x1107, 0x1106, 0x10E7, 0x0907, 0x1107, 0x1107, 0x1127, 0x1127, 0x1127, 0x1107, 0x1107, 0x1107, 0x0907, 0x1107, 0x1107,
  0x1107, 0x1127, 0x1127, 0x1127, 0x1127, 0x1127, 0x1127, 0x1127, 0x1127, 0x1127, 0x1127, 0x1107, 0x1127, 0x1127, 0x1128, 0x1148,
  0x1148, 0x1948, 0x1948, 0x1948, 0x1948, 0x1989, 0x21A9, 0x21A9, 0x1989, 0x1989, 0x1969, 0x1969, 0x1969, 0x1148, 0x1148, 0x1969,
  0x1989, 0x21AA, 0x21CA, 0x21CA, 0x21CA, 0x21CA, 0x21EB, 0x2A4C, 0x326D, 0x430F, 0x5BD3, 0x6413, 0x63F3, 0x4B51, 0x3ACE, 0x328D,
  0x2A4D, 0x2A4C, 0x220C, 0x21EB, 0x220C, 0x2A4C, 0x222C, 0x220C, 0x220C, 0x220C, 0x32AE, 0x4310, 0x3ACF, 0x4B71, 0x7CF7, 0xAE7D,
  0x95DA, 0x5BF4, 0x4330, 0x4310, 0x4B51, 0x4330, 0x53B3, 0x53B3, 0x4B92, 0x53B3, 0x6435, 0x8558, 0xA65C, 0xAE9D, 0xA63B, 0xB69D,
  0xC73F, 0xD77F, 0xCF5F, 0xBEDE, 0xB6BD, 0xA63B, 0x7D17, 0x74D7, 0x8558, 0x8D79, 0x74B6, 0x6434, 0x6434, 0x5BF3, 0x53B2, 0x53B3,
  0x4B71, 0x4330, 0x53B2, 0x74B6, 0x6C75, 0x6414, 0x6414, 0x7495, 0x6C75, 0x63F3, 0x5371, 0x6C75, 0x8517, 0x8D58, 0x8559, 0x7CD7,
  0x6C55, 0x5BB2, 0x430F, 0x3ACF, 0x3AAE, 0x3AAE, 0x3AAE, 0x328D, 0x21CA, 0x21CB, 0x2A0C, 0x21EB, 0x19AA, 0x1989, 0x1989, 0x1989,
  0x1989, 0x1989, 0x1989, 0x1989, 0x1989, 0x1989, 0x1989, 0x1989, 0x1989, 0x1968, 0x1969, 0x1989, 0x1989, 0x1989, 0x1989, 0x1989,
  0x1969, 0x1968, 0x1148, 0x1148, 0x1148, 0x1968, 0x1968, 0x1148, 0x1127, 0x1128, 0x1127, 0x1127, 0x1948, 0x1948, 0x1148, 0x1148,
  0x1148, 0x1948, 0x1148, 0x1148, 0x1127, 0x1127, 0x1127, 0x1127, 0x1128, 0x1127, 0x1127, 0x1127, 0x1127, 0x1127, 0x1107, 0x1107,
  0x1107, 0x1127, 0x1127, 0x1127, 0x1127, 0x1107, 0x1107, 0x1107, 0x1107, 0x1107, 0x1107, 0x1107, 0x1107, 0x0906, 0x08E6, 0x08E6,
  0x08E6, 0x08E6, 0x10E6, 0x10E6, 0x08E6, 0x08E6, 0x08E6, 0x08E6, 0x08E6, 0x08E6, 0x08E6, 0x08E6, 0x08E6, 0x08E6, 0x08E6, 0x08E6,
  0x1107, 0x1107, 0x1107, 0x1107, 0x08E6, 0x08E6, 0x08E6, 0x08E6, 0x08E6, 0x08E6, 0x08E6, 0x08E6, 0x10E7, 0x1106, 0x1107, 0x1107,
  0x1107, 0x1107, 0x1107, 0x1107, 0x1107, 0x1107, 0x1107, 0x1107, 0x1107, 0x1106, 0x1106, 0x1107, 0x1107, 0x1107, 0x1107, 0x08E6,
  0x08E6, 0x08E6, 0x08E6, 0x08C6, 0x08C6, 0x08C6, 0x08E6, 0x08E6, 0x1107, 0x1127, 0x1127, 0x1127, 0x1128, 0x1128, 0x1148, 0x1148,
  0x1148, 0x1148, 0x1148, 0x1148, 0x1948, 0x1148, 0x1148, 0x1948, 0x1969, 0x1969, 0x1969, 0x1989, 0x1989, 0x21AA, 0x21CA, 0x2A0B,
  0x2A2C, 0x2A2B, 0x2A0B, 0x21EB, 0x19AA, 0x1989, 0x1989, 0x21EA, 0x2A0B, 0x326D, 0x3ACF, 0x3ACF, 0x42EF, 0x5BF3, 0x6C75, 0x74B6,
  0x7CD7, 0x7CF7, 0x84F7, 0x7CF6, 0x6C74, 0x5391, 0x3ACE, 0x328E, 0x2A4D, 0x2A2D, 0x220C, 0x2A2C, 0x328E, 0x32CF, 0x3AF0, 0x5392,
  0x6434, 0x6414, 0x6C75, 0x74D7, 0x7CF7, 0x7D18, 0x7CD7, 0x6C75, 0x5C14, 0x5C14, 0x6C76, 0x7CF8, 0x8D79, 0x74B6, 0x5C14, 0x6C55,
  0x5C14, 0x7495, 0x8537, 0x8D58, 0x9599, 0x9DDA, 0x9599, 0x8D99, 0x95BA, 0x8559, 0x74D7, 0x6C75, 0x6C75, 0x74B6, 0x6C96, 0x5BF3,
  0x4310, 0x32AE, 0x3ACE, 0x3AEF, 0x4330, 0x5BD3, 0x74B6, 0x74B6, 0x6434, 0x4B50, 0x4310, 0x4310, 0x3AAE, 0x3AAE, 0x3AEF, 0x3ACF,
  0x430F, 0x5371, 0x5BF3, 0x6C54, 0x6C75, 0x7CD6, 0x8517, 0x8516, 0x7CB5, 0x5371, 0x3A8D, 0x29EB, 0x21EB, 0x21EB, 0x21CB, 0x21EB,
  0x21CB, 0x21CA, 0x21CA, 0x21CA, 0x21CA, 0x21AA, 0x19A9, 0x1989, 0x1968, 0x1968, 0x1148, 0x1148, 0x1168, 0x1968, 0x1969, 0x1969,
  0x1968, 0x1968, 0x1968, 0x1948, 0x1148, 0x1948, 0x1148, 0x1148, 0x1148, 0x1128, 0x1127, 0x1127, 0x1107, 0x1128, 0x1148, 0x1148,
  0x1148, 0x1148, 0x1127, 0x1127, 0x1128, 0x1148, 0x1148, 0x1148, 0x1948, 0x1148, 0x1127, 0x1127, 0x1127, 0x1127, 0x1127, 0x1107,
  0x1106, 0x08E6, 0x08E6, 0x10E7, 0x1107, 0x1127, 0x1127, 0x1127, 0x1127, 0x1127, 0x1107, 0x1107, 0x1107, 0x0907, 0x1107, 0x1107,
  0x08E6, 0x1106, 0x10E6, 0x08E6, 0x08E6, 0x08C6, 0x08C5, 0x08C5, 0x08C5, 0x00A5, 0x00C5, 0x08C5, 0x08C5, 0x08E6, 0x08E6, 0x08E6,
  0x08E6, 0x08E6, 0x08E6, 0x0906, 0x0906, 0x1106, 0x08E6, 0x08E6, 0x1106, 0x1106, 0x1107, 0x1107, 0x1107, 0x1106, 0x1107, 0x0906,
  0x08E6, 0x08E6, 0x08E6, 0x08E6, 0x08E6, 0x08C6, 0x08E6, 0x08E6, 0x08E6, 0x08E6, 0x08E6, 0x08E6, 0x08E6, 0x08C6, 0x08E6, 0x08E6,
  0x08E6, 0x08E6, 0x08E6, 0x08E6, 0x10E6, 0x1106, 0x1107, 0x1107, 0x1107, 0x1107, 0x1107, 0x1127, 0x1128, 0x1948, 0x1948, 0x1948,
  0x1948, 0x1948, 0x1148, 0x1148, 0x1948, 0x1968, 0x1968, 0x1968, 0x1969, 0x21A9, 0x21AA, 0x1989, 0x1989, 0x1969, 0x1989, 0x1989,
  0x1989, 0x1989, 0x21EA, 0x326D, 0x5371, 0x7474, 0x7CD5, 0x7494, 0x6413, 0x53B2, 0x430F, 0x326D, 0x220B, 0x19CB, 0x222C, 0x3AEF,
  0x6434, 0x8D79, 0x95B9, 0x9599, 0x8517, 0x6413, 0x53B2, 0x6414, 0x6455, 0x5392, 0x3ACF, 0x3ACF, 0x32AF, 0x328E, 0x32AF, 0x32AF,
  0x328E, 0x3AEF, 0x53D3, 0x6434, 0x74B6, 0x8D99, 0x8559, 0x8D9A, 0x8538, 0x7CF8, 0x74B7, 0x74D7, 0x74D6, 0x74B6, 0x8538, 0x8558,
  0x7CF7, 0x6C96, 0x6414, 0x53D3, 0x74D6, 0x8517, 0x8D58, 0x8538, 0x8517, 0x7CF7, 0x74B6, 0x74B6, 0x74B6, 0x6C75, 0x74D6, 0x7CF7,
  0x7CD7, 0x8538, 0x7CF7, 0x6C54, 0x5BD3, 0x42EF, 0x328E, 0x3AEF, 0x3AAE, 0x328E, 0x2A4D, 0x2A2C, 0x324D, 0x2A4C, 0x2A2C, 0x326D,
  0x3ACF, 0x42EF, 0x4330, 0x5371, 0x5392, 0x5BB2, 0x4B50, 0x42EF, 0x3AAE, 0x4B0F, 0x3A8D, 0x2189, 0x1969, 0x1989, 0x1989, 0x19AA,
  0x21AA, 0x19A9, 0x1989, 0x1989, 0x19A9, 0x1989, 0x1989, 0x1968, 0x1168, 0x1148, 0x1148, 0x1948, 0x1968, 0x1968, 0x1168, 0x1968,
  0x1968, 0x1168, 0x1148, 0x1148, 0x1148, 0x1127, 0x1127, 0x1127, 0x1148, 0x1948, 0x1148, 0x1148, 0x1128, 0x1127, 0x1127, 0x1127,
  0x1127, 0x1127, 0x1127, 0x1127, 0x1127, 0x1127, 0x1127, 0x1127, 0x1127, 0x1147, 0x1127, 0x1127, 0x1107, 0x0906, 0x08E6, 0x08E6,
  0x08E6, 0x08E6, 0x08E6, 0x08C6, 0x08C6, 0x08C6, 0x08C6, 0x08E6, 0x1107, 0x1107, 0x1107, 0x1107, 0x1107, 0x1107, 0x1106, 0x0906,
  0x08C5, 0x08C6, 0x08E6, 0x08C6, 0x08C5, 0x08C6, 0x08C6, 0x08E6, 0x08E6, 0x08E6, 0x08E6, 0x08E6, 0x08E6, 0x08E6, 0x08E6, 0x08E6,
  0x08E6, 0x08E6, 0x08E6, 0x08E6, 0x08E6, 0x08E6, 0x08E6, 0x08E6, 0x08E6, 0x08E6, 0x08E6, 0x08E6, 0x08E6, 0x08E6, 0x08C6, 0x08C5,
  0x08C5, 0x08C6, 0x08E6, 0x08E6, 0x1106, 0x1107, 0x1106, 0x08E6, 0x1106, 0x1107, 0x1107, 0x1107, 0x1107, 0x1127, 0x1127, 0x1127,
  0x1107, 0x1127, 0x1127, 0x1127, 0x1127, 0x1127, 0x1148, 0x1948, 0x1948, 0x1948, 0x1968, 0x1968, 0x1968, 0x1969, 0x1989, 0x1989,
  0x1989, 0x1989, 0x1989, 0x1989, 0x21A9, 0x1989, 0x29EA, 0x5350, 0x5350, 0x324C, 0x19A9, 0x19A9, 0x19A9, 0x19A9, 0x21AA, 0x19A9,
  0x19A9, 0x21AA, 0x21AA, 0x19AA, 0x21CB, 0x2A2C, 0x3AAD, 0x42CE, 0x42EF, 0x5392, 0x74B6, 0x95BA, 0x8D59, 0x6C75, 0x5BD2, 0x4B50,
  0x3ACE, 0x2A4D, 0x220C, 0x19CB, 0x198A, 0x19AA, 0x21EB, 0x2A4D, 0x4B91, 0x74D6, 0x7CF7, 0x74D7, 0x7CF7, 0x8517, 0x8517, 0x8538,
  0x959A, 0x95BA, 0x8D59, 0x7CD7, 0x7496, 0x5BD3, 0x4331, 0x3AF0, 0x4331, 0x3B10, 0x3AF0, 0x32AF, 0x32AF, 0x4310, 0x53B2, 0x5BF3,
  0x5C14, 0x53D3, 0x53D3, 0x4331, 0x32AF, 0x2A8E, 0x328E, 0x2A6E, 0x2A8E, 0x2A6D, 0x3ACF, 0x4330, 0x4330, 0x3ACF, 0x32AE, 0x4310,
  0x4310, 0x4B51, 0x5392, 0x4B51, 0x4B50, 0x430F, 0x3ACE, 0x3AAE, 0x328E, 0x324D, 0x2A4D, 0x326D, 0x326E, 0x324D, 0x2A2C, 0x2A0C,
  0x2A2C, 0x2A2C, 0x2A2C, 0x2A4C, 0x324D, 0x324D, 0x2A0C, 0x19AA, 0x1989, 0x1148, 0x1148, 0x1148, 0x1128, 0x1128, 0x1128, 0x1148,
  0x1148, 0x1148, 0x1148, 0x1148, 0x1128, 0x1127, 0x1127, 0x1107, 0x1127, 0x1127, 0x1128, 0x1127, 0x1128, 0x1148, 0x1128, 0x1148,
  0x1148, 0x1148, 0x1127, 0x1127, 0x1127, 0x1127, 0x1127, 0x1127, 0x1127, 0x1107, 0x0906, 0x1107, 0x1127, 0x1127, 0x1127, 0x1128,
  0x1127, 0x1127, 0x1127, 0x1127, 0x1107, 0x1107, 0x1127, 0x1127, 0x1127, 0x1107, 0x1127, 0x1107, 0x1107, 0x1107, 0x1107, 0x1127,
  0x1107, 0x1107, 0x1107, 0x1107, 0x1107, 0x1107, 0x08E6, 0x08E6, 0x08E6, 0x08E6, 0x08E6, 0x08E6, 0x08E6, 0x08E6, 0x08E6, 0x08E6,
  0x08A5, 0x00A5, 0x08A5, 0x08A5, 0x00A5, 0x08A5, 0x08C5, 0x08C5, 0x08E6, 0x08E6, 0x08E6, 0x08E6, 0x08E6, 0x08E6, 0x1106, 0x1106,
  0x10E6, 0x10E6, 0x1106, 0x1106, 0x1106, 0x1107, 0x1107, 0x1107, 0x1107, 0x1106, 0x1107, 0x1107, 0x1107, 0x1107, 0x1107, 0x1107,
  0x1107, 0x1107, 0x1107, 0x1107, 0x1107, 0x1107, 0x1107, 0x1107, 0x1107, 0x1127, 0x1127, 0x1127, 0x1127, 0x1127, 0x1127, 0x1127,
  0x1127, 0x1128, 0x1128, 0x1127, 0x1127, 0x1127, 0x1127, 0x1127, 0x1128, 0x1148, 0x1148, 0x1127, 0x1127, 0x1148, 0x1148, 0x1148,
  0x1968, 0x1968, 0x1969, 0x1969, 0x1989, 0x1989, 0x1989, 0x21EA, 0x3AAE, 0x326D, 0x21EA, 0x21EB, 0x29EB, 0x2A0B, 0x220B, 0x21EA,
  0x21EB, 0x324C, 0x324C, 0x2A0B, 0x2A2C, 0x2A0C, 0x21CA, 0x1989, 0x1189, 0x198A, 0x220B, 0x326D, 0x328D, 0x328D, 0x2A4C, 0x2A4C,
  0x2A4C, 0x326D, 0x328E, 0x3ACF, 0x4B51, 0x3AEF, 0x3AAE, 0x3ACF, 0x2A6E, 0x2A6D, 0x4330, 0x53B2, 0x6C75, 0x74B6, 0x84F7, 0x7CF7,
  0x6C55, 0x74B6, 0x8D99, 0x9DBA, 0x9DDA, 0xA63C, 0xAE5C, 0x95DA, 0x8559, 0x6C75, 0x6455, 0x6455, 0x6C55, 0x7CF7, 0x8D79, 0x8D99,
  0x7CF7, 0x6435, 0x53D3, 0x53B2, 0x6434, 0x6C96, 0x6C96, 0x74B6, 0x6435, 0x7496, 0x7CF7, 0x7CF7, 0x8538, 0x95BA, 0x95DB, 0x8D99,
  0x8D58, 0x7CD6, 0x6C54, 0x6C34, 0x5BF3, 0x5BB2, 0x5BB2, 0x4B71, 0x4310, 0x4B71, 0x53B2, 0x5BD3, 0x5392, 0x5371, 0x5BD2, 0x7474,
  0x6C54, 0x5BB1, 0x3AAE, 0x21EB, 0x19AA, 0x1169, 0x1169, 0x1969, 0x1989, 0x21AA, 0x21AA, 0x1989, 0x21CA, 0x21EB, 0x21CA, 0x1989,
  0x1969, 0x1968, 0x1968, 0x1968, 0x1989, 0x21CA, 0x1989, 0x1989, 0x1968, 0x1948, 0x1148, 0x1127, 0x1127, 0x1127, 0x1127, 0x1128,
  0x1948, 0x1968, 0x1969, 0x1968, 0x1948, 0x1968, 0x1968, 0x1968, 0x1968, 0x1968, 0x1948, 0x1148, 0x1148, 0x1148, 0x1148, 0x1148,
  0x1127, 0x1127, 0x1127, 0x1127, 0x1107, 0x1106, 0x08E6, 0x08E6, 0x08E6, 0x08E6, 0x08E6, 0x08E6, 0x08E6, 0x08E6, 0x10E6, 0x1107,
  0x0906, 0x08E6, 0x08E6, 0x08E6, 0x08E6, 0x08E6, 0x1106, 0x10E7, 0x10E7, 0x0906, 0x08E6, 0x08E6, 0x08E6, 0x08E6, 0x08E6, 0x08C6,
  0x08C6, 0x08C5, 0x08C5, 0x08C5, 0x08C5, 0x08C5, 0x08E6, 0x08E6, 0x08E6, 0x08E6, 0x08C6, 0x08C6, 0x08E6, 0x08E6, 0x08C6, 0x08E6,
  0x08C6, 0x08E6, 0x08E6, 0x08E6, 0x08E6, 0x0906, 0x08E6, 0x08E6, 0x08E6, 0x08E6, 0x08E6, 0x10E6, 0x10E7, 0x1107, 0x1107, 0x1107,
  0x1107, 0x1107, 0x1107, 0x1107, 0x1107, 0x1107, 0x1107, 0x1107, 0x1107, 0x1106, 0x1106, 0x10E6, 0x1106, 0x1107, 0x1107, 0x1107,
  0x1127, 0x1127, 0x1148, 0x1148, 0x1148, 0x1148, 0x1148, 0x1127, 0x1127, 0x1127, 0x1127, 0x1148, 0x1968, 0x21A9, 0x1989, 0x1148,
  0x1148, 0x1148, 0x1948, 0x1968, 0x1989, 0x1989, 0x19A9, 0x19A9, 0x19AA, 0x21CA, 0x21AA, 0x21CA, 0x29EB, 0x2A0B, 0x2A0B, 0x21EB,
  0x21AA, 0x19AA, 0x19CA, 0x21CA, 0x2A0B, 0x2A2C, 0x2A2C, 0x3AAE, 0x4B30, 0x430F, 0x4310, 0x3AAD, 0x2A0B, 0x2A0B, 0x2A4C, 0x2A4C,
  0x2A2C, 0x2A0C, 0x2A0C, 0x326D, 0x4331, 0x6414, 0x6C75, 0x7496, 0x7495, 0x7CF7, 0x8D99, 0x8D78, 0x7CF7, 0x6455, 0x5392, 0x4B51,
  0x7D18, 0x9E1B, 0xA61B, 0x95B9, 0x6454, 0x4B72, 0x6434, 0x74B6, 0x95BA, 0xA63B, 0xC6FD, 0xCF3F, 0xCF7F, 0xBEDE, 0xB69D, 0xC73F,
  0xC75F, 0xBF1F, 0xBEDE, 0xA63C, 0x6C96, 0x53B3, 0x5BF4, 0x74B6, 0x6455, 0x6414, 0x6454, 0x6413, 0x5BF3, 0x5C14, 0x6414, 0x53D3,
  0x5BF3, 0x6434, 0x6C95, 0x6454, 0x6434, 0x5BF3, 0x5BD3, 0x6C34, 0x6C34, 0x5BD2, 0x4330, 0x3AAE, 0x328D, 0x328E, 0x328D, 0x2A2C,
  0x21EB, 0x21EB, 0x19CA, 0x19AA, 0x19AA, 0x19AA, 0x198A, 0x1989, 0x1969, 0x1989, 0x1989, 0x1989, 0x21A9, 0x19A9, 0x1989, 0x1168,
  0x1148, 0x1148, 0x1968, 0x1989, 0x19A9, 0x29EA, 0x21AA, 0x19A9, 0x1969, 0x1968, 0x1968, 0x1968, 0x1968, 0x1968, 0x1968, 0x1968,
  0x1968, 0x1968, 0x1968, 0x1148, 0x1107, 0x1107, 0x1107, 0x1107, 0x1127, 0x1127, 0x1127, 0x1127, 0x1148, 0x1148, 0x1127, 0x1107,
  0x1107, 0x1107, 0x1107, 0x1127, 0x1107, 0x1107, 0x1127, 0x1127, 0x1127, 0x1107, 0x1107, 0x08E6, 0x08E6, 0x10E6, 0x1106, 0x08E6,
  0x08E6, 0x08E6, 0x08E6, 0x08C6, 0x08C6, 0x08C6, 0x08C6, 0x08C6, 0x08E6, 0x08E6, 0x08E6, 0x08E6, 0x08E6, 0x08E6, 0x08E6, 0x0906,
  0x08E6, 0x08E6, 0x08E6, 0x08E6, 0x08E6, 0x08E6, 0x08E6, 0x08E6, 0x08E6, 0x08E6, 0x08C6, 0x08C6, 0x08C6, 0x08C6, 0x08C5, 0x08C5,
  0x08C5, 0x08C5, 0x08C5, 0x08C5, 0x08C5, 0x08C5, 0x08C5, 0x08C6, 0x08E6, 0x08E6, 0x08E6, 0x08E6, 0x08E6, 0x08E6, 0x08E6, 0x08E6,
  0x1107, 0x1107, 0x1106, 0x1106, 0x08E6, 0x08E6, 0x08E6, 0x10E6, 0x08E6, 0x0906, 0x1106, 0x1107, 0x1107, 0x1107, 0x1107, 0x1107,
  0x1107, 0x1107, 0x1107, 0x1127, 0x1127, 0x1127, 0x1127, 0x1127, 0x1127, 0x1127, 0x1127, 0x1127, 0x1127, 0x1127, 0x1127, 0x1128,
  0x1148, 0x1148, 0x1948, 0x1948, 0x1948, 0x1948, 0x1948, 0x1948, 0x1148, 0x1148, 0x1148, 0x1148, 0x1968, 0x21AA, 0x2A0B, 0x3AAE,
  0x42CE, 0x324C, 0x29EB, 0x21EB, 0x21EB, 0x29EB, 0x2A0B, 0x2A2C, 0x2A2B, 0x21EB, 0x19AA, 0x1989, 0x19AA, 0x21CA, 0x21EB, 0x21EB,
  0x21CB, 0x21CA, 0x21CB, 0x220B, 0x326D, 0x4330, 0x5BB2, 0x6414, 0x6414, 0x6C54, 0x74D6, 0x9599, 0x9DDA, 0x8538, 0x7CD7, 0x8559,
  0x95DA, 0x9DFA, 0xA61B, 0xAE5C, 0xB69D, 0x9DDA, 0x6C95, 0x6434, 0x5C14, 0x53B2, 0x53B2, 0x5BD3, 0x6C75, 0x74B6, 0x7CD6, 0x74B6,
  0x6454, 0x5BD3, 0x53B2, 0x6C75, 0x74B6, 0x6C76, 0x7CD7, 0x8517, 0x9599, 0x95B9, 0x8537, 0x6434, 0x4B71, 0x4330, 0x32CF, 0x2A8E,
  0x328E, 0x3AD0, 0x4B72, 0x53D3, 0x6414, 0x8517, 0xA61A, 0xBEBD, 0xB69C, 0x8538, 0x5BF3, 0x4B51, 0x328D, 0x2A4C, 0x2A4D, 0x2A4C,
  0x21EB, 0x21CB, 0x21CB, 0x21CB, 0x21CA, 0x19AA, 0x19AA, 0x21AA, 0x21AA, 0x1968, 0x1148, 0x1128, 0x1127, 0x1127, 0x1127, 0x1148,
  0x1148, 0x1148, 0x1148, 0x1968, 0x1989, 0x1989, 0x1989, 0x1989, 0x1989, 0x1989, 0x1968, 0x1968, 0x1948, 0x1148, 0x1127, 0x1127,
  0x1107, 0x1107, 0x1107, 0x1107, 0x1107, 0x1107, 0x1107, 0x1106, 0x08E6, 0x0907, 0x1106, 0x10E6, 0x10E7, 0x1107, 0x1107, 0x1127,
  0x1127, 0x1127, 0x1127, 0x1127, 0x1127, 0x1127, 0x1127, 0x1107, 0x1106, 0x1107, 0x08E6, 0x08E6, 0x08E6, 0x08E6, 0x1107, 0x1107,
  0x1127, 0x1127, 0x1127, 0x1127, 0x1127, 0x1127, 0x1107, 0x1107, 0x1127, 0x1127, 0x1127, 0x1107, 0x1127, 0x1127, 0x1107, 0x1107,
  0x08C5, 0x08C5, 0x08C5, 0x08C5, 0x08C6, 0x08C6, 0x08E6, 0x08E6, 0x08E6, 0x08E6, 0x08E6, 0x08E6, 0x08E6, 0x08E6, 0x08E6, 0x08E6,
  0x08C6, 0x08C6, 0x08E6, 0x08E6, 0x08E6, 0x08E6, 0x08E6, 0x0906, 0x1106, 0x1107, 0x1106, 0x1106, 0x08E6, 0x08E6, 0x1106, 0x1106,
  0x10E6, 0x1106, 0x1107, 0x1107, 0x1107, 0x1107, 0x1107, 0x1107, 0x1127, 0x1127, 0x1127, 0x1127, 0x1127, 0x1107, 0x1107, 0x1107,
  0x1107, 0x10E6, 0x08E6, 0x08E6, 0x0906, 0x0906, 0x1107, 0x1107, 0x1127, 0x1127, 0x1127, 0x1127, 0x1127, 0x1127, 0x1127, 0x1127,
  0x1127, 0x1128, 0x1948, 0x1948, 0x1969, 0x1969, 0x1969, 0x1989, 0x1989, 0x1969, 0x1968, 0x1968, 0x1968, 0x1968, 0x1969, 0x1969,
  0x1968, 0x1148, 0x1148, 0x1148, 0x1148, 0x1969, 0x1969, 0x1989, 0x19AA, 0x21CA, 0x21CA, 0x21CA, 0x21EB, 0x21EB, 0x21CB, 0x220B,
  0x2A2C, 0x328E, 0x3ACF, 0x3AEF, 0x3AEF, 0x4330, 0x4310, 0x328E, 0x32AE, 0x53B2, 0x6C75, 0x6434, 0x5BF3, 0x6434, 0x74B7, 0x7CF8,
  0x9DFB, 0xAE7D, 0xAE5C, 0xA61B, 0x9DDA, 0x9E1B, 0x95BA, 0x9599, 0x8538, 0x74D6, 0x7D17, 0x95BA, 0x9DFA, 0x95B9, 0x8538, 0x74B6,
  0x6C96, 0x5C14, 0x5C14, 0x6C76, 0x8538, 0x8539, 0x6CB7, 0x6C96, 0x7CF7, 0x95BA, 0x7CD6, 0x5BF3, 0x6C55, 0x7D18, 0x74B6, 0x53B2,
  0x4B51, 0x5392, 0x5C14, 0x6C55, 0x6434, 0x63F3, 0x5391, 0x3A8D, 0x220B, 0x21EB, 0x21EB, 0x2A0B, 0x2A2C, 0x2A0C, 0x220B, 0x2A2C,
  0x2A2C, 0x220B, 0x21EB, 0x21CB, 0x21CA, 0x19CA, 0x21CA, 0x21CB, 0x21CA, 0x21AA, 0x1989, 0x1989, 0x2189, 0x1989, 0x21A9, 0x21AA,
  0x21AA, 0x21A9, 0x19A9, 0x1989, 0x1989, 0x1989, 0x1968, 0x1148, 0x1148, 0x1127, 0x1127, 0x1127, 0x1148, 0x1148, 0x1948, 0x1968,
  0x1968, 0x1968, 0x1968, 0x1968, 0x1968, 0x1968, 0x1968, 0x1968, 0x1948, 0x1948, 0x1127, 0x1127, 0x1107, 0x1107, 0x1127, 0x1107,
  0x1107, 0x1107, 0x0906, 0x08E6, 0x08E6, 0x08E6, 0x08E6, 0x08E6, 0x08C6, 0x08C6, 0x08E6, 0x08E6, 0x10E7, 0x0907, 0x1107, 0x1107,
  0x1107, 0x1107, 0x1107, 0x1107, 0x1107, 0x1106, 0x08E6, 0x08E6, 0x08C6, 0x08C6, 0x08E6, 0x08E6, 0x08E6, 0x08E6, 0x08E6, 0x08E6,
  0x08A5, 0x08A5, 0x08C5, 0x08C5, 0x08C6, 0x08C6, 0x08C6, 0x08C6, 0x08C6, 0x08C5, 0x08C5, 0x08C6, 0x08E6, 0x08E6, 0x08E6, 0x08E6,
  0x08E6, 0x08E6, 0x08E6, 0x1106, 0x1106, 0x1106, 0x1106, 0x0906, 0x08E6, 0x08E6, 0x10E6, 0x0906, 0x0906, 0x1107, 0x08E6, 0x08E6,
  0x08E6, 0x08E6, 0x08E6, 0x08E6, 0x08E6, 0x1106, 0x1106, 0x1107, 0x1107, 0x1107, 0x1107, 0x1107, 0x1107, 0x1107, 0x1107, 0x1107,
  0x1107, 0x1107, 0x1127, 0x1127, 0x1127, 0x1127, 0x1127, 0x1127, 0x1127, 0x1127, 0x1127, 0x1127, 0x1128, 0x1128, 0x1128, 0x1128,
  0x1127, 0x1127, 0x1127, 0x1128, 0x1128, 0x1148, 0x1148, 0x1128, 0x1148, 0x1948, 0x1968, 0x1968, 0x1969, 0x1969, 0x1969, 0x1969,
  0x1989, 0x1989, 0x1989, 0x218A, 0x21AA, 0x21CA, 0x21CA, 0x21CA, 0x2A0B, 0x2A4C, 0x2A2C, 0x2A0C, 0x21EB, 0x220B, 0x324C, 0x328D,
  0x3AEF, 0x4310, 0x4B31, 0x5372, 0x53B2, 0x4B71, 0x3AEF, 0x2A6D, 0x2A4D, 0x2A2D, 0x222D, 0x2A4D, 0x32CF, 0x4B72, 0x53B3, 0x5C34,
  0x8D79, 0xA65C, 0xAE7D, 0xB6DE, 0xBEFE, 0xC6FE, 0xB69C, 0xAE3B, 0x9599, 0x8D79, 0x95BA, 0xA63C, 0xBEFE, 0xC71E, 0xCF7F, 0xC75F,
  0xBEFF, 0xAE9D, 0xA63C, 0x9DFB, 0x95DB, 0x95FB, 0x8DBA, 0x8559, 0x8D79, 0x9DDA, 0x9DFB, 0x7D17, 0x6C75, 0x6C75, 0x5C14, 0x4330,
  0x328E, 0x326E, 0x2A2C, 0x2A4D, 0x430F, 0x5BD2, 0x5392, 0x3AEF, 0x328D, 0x326D, 0x2A4C, 0x2A0B, 0x21EB, 0x21CB, 0x19AA, 0x19AA,
  0x19AA, 0x21CB, 0x21EB, 0x29EB, 0x2A0C, 0x2A2C, 0x2A0C, 0x29EB, 0x21CB, 0x21CA, 0x21CA, 0x21CA, 0x21CA, 0x21CA, 0x21CA, 0x21CA,
  0x21AA, 0x19A9, 0x1988, 0x1989, 0x1989, 0x1989, 0x1989, 0x1989, 0x1989, 0x1968, 0x1969, 0x1968, 0x1968, 0x1968, 0x1168, 0x1968,
  0x1968, 0x1968, 0x1148, 0x1148, 0x1148, 0x1148, 0x1148, 0x1127, 0x1127, 0x1107, 0x1107, 0x1107, 0x1106, 0x08E6, 0x08E6, 0x08E6,
  0x08E6, 0x1107, 0x1106, 0x1106, 0x08E6, 0x10E6, 0x1106, 0x1106, 0x1107, 0x1107, 0x1107, 0x1106, 0x1106, 0x1107, 0x1107, 0x1106,
  0x1106, 0x0906, 0x08E6, 0x08E6, 0x08E6, 0x08E6, 0x08C6, 0x08C5, 0x00A5, 0x08A5, 0x00A5, 0x08C5, 0x08C5, 0x08C5, 0x08C5, 0x08E6,
  0x08C6, 0x08E6, 0x08E5, 0x08C6, 0x08E6, 0x08C6, 0x08C6, 0x08C6, 0x08C6, 0x08C6, 0x08E6, 0x08E6, 0x08E6, 0x08E6, 0x08E6, 0x08E6,
  0x08E6, 0x08E6, 0x08E6, 0x08E6, 0x08E6, 0x08E6, 0x08E6, 0x08E6, 0x08E6, 0x08E6, 0x08E6, 0x08E6, 0x08E6, 0x08E6, 0x08E6, 0x08E6,
  0x1106, 0x1107, 0x1107, 0x1107, 0x1106, 0x1106, 0x1107, 0x1107, 0x1107, 0x1107, 0x1106, 0x10E6, 0x1106, 0x1106, 0x1107, 0x1107,
  0x1107, 0x1107, 0x1107, 0x1127, 0x1127, 0x1127, 0x1107, 0x1127, 0x1127, 0x1127, 0x1127, 0x1127, 0x1127, 0x1127, 0x1107, 0x1107,
  0x1107, 0x1107, 0x1107, 0x1107, 0x1107, 0x1107, 0x1107, 0x1107, 0x1107, 0x1107, 0x1107, 0x1127, 0x1968, 0x1968, 0x1969, 0x1969,
  0x1989, 0x21AA, 0x21CA, 0x21CA, 0x21EA, 0x21EB, 0x220B, 0x2A0B, 0x328D, 0x430F, 0x326D, 0x21EB, 0x19AA, 0x198A, 0x19AA, 0x21CB,
  0x21EB, 0x21EB, 0x21EB, 0x21CB, 0x21EB, 0x2A2C, 0x3ACF, 0x5BD3, 0x6C55, 0x6C55, 0x74B6, 0x8D59, 0x8538, 0x8559, 0x95DA, 0xA63C,
  0x95DB, 0x8559, 0x95BA, 0x9DFB, 0x9DFB, 0x9DFA, 0x9DFB, 0x8558, 0x74D7, 0x6CB6, 0x7D18, 0x9DFB, 0xAE7C, 0x95BA, 0x95BA, 0x9DFA,
  0x8D99, 0xA61B, 0xC73F, 0xCF5F, 0xAE9D, 0x95BA, 0x95BA, 0x9DFA, 0x9E1B, 0x9DFB, 0x7CF7, 0x6435, 0x5BF3, 0x53B2, 0x53B3, 0x53D3,
  0x5BF4, 0x5C14, 0x7496, 0x8D79, 0x9DFB, 0xAE3C, 0x8D99, 0x6414, 0x3ACE, 0x3AAE, 0x328E, 0x326D, 0x326D, 0x2A4C, 0x2A0B, 0x21CA,
  0x1989, 0x1168, 0x1148, 0x1169, 0x1169, 0x1168, 0x1989, 0x19A9, 0x21AA, 0x21CA, 0x21CA, 0x21CA, 0x21CA, 0x21CA, 0x21AA, 0x1989,
  0x1989, 0x1989, 0x19A9, 0x1989, 0x1989, 0x1969, 0x1968, 0x1968, 0x1968, 0x1968, 0x1968, 0x1148, 0x1148, 0x1148, 0x1147, 0x1127,
  0x1127, 0x1127, 0x1127, 0x1148, 0x1148, 0x1148, 0x1147, 0x1127, 0x1127, 0x1127, 0x1127, 0x1148, 0x1148, 0x1148, 0x1127, 0x1107,
  0x08E6, 0x1106, 0x1106, 0x1107, 0x1107, 0x1107, 0x1107, 0x10E6, 0x1106, 0x08E6, 0x08E6, 0x08E6, 0x1106, 0x1106, 0x1106, 0x08E6,
  0x08E6, 0x08E6, 0x08E6, 0x08E6, 0x08E6, 0x08E6, 0x08E6, 0x08E6, 0x08E6, 0x08E6, 0x08E6, 0x08E6, 0x08E6, 0x08E6, 0x08E6, 0x08E6,
  0x08C5, 0x08C5, 0x08C5, 0x08C5, 0x08E6, 0x08E6, 0x08E5, 0x08C5, 0x08C5, 0x08C5, 0x08C5, 0x08C5, 0x08C5, 0x08E6, 0x08E6, 0x08C6,
  0x08C5, 0x08C5, 0x08C5, 0x08C5, 0x08E5, 0x08E6, 0x08E6, 0x08E6, 0x08E6, 0x08E6, 0x08E6, 0x08E6, 0x08E6, 0x08E6, 0x08E6, 0x08E6,
  0x1106, 0x1106, 0x1107, 0x1107, 0x1107, 0x1107, 0x1107, 0x1107, 0x1107, 0x1106, 0x08E6, 0x10E6, 0x1106, 0x08E6, 0x10E6, 0x1106,
  0x1106, 0x1106, 0x0906, 0x08E6, 0x08E6, 0x08E6, 0x08E6, 0x08E6, 0x08E6, 0x08E6, 0x08E6, 0x10E6, 0x1107, 0x1107, 0x1127, 0x1127,
  0x1127, 0x1127, 0x1127, 0x1128, 0x1148, 0x1948, 0x1969, 0x19A9, 0x21CA, 0x2A0B, 0x3AAD, 0x324C, 0x21EB, 0x21AA, 0x1989, 0x1989,
  0x2189, 0x21AA, 0x21CA, 0x21CA, 0x21CA, 0x21CA, 0x21CA, 0x19AA, 0x19AA, 0x19AA, 0x21EB, 0x2A0B, 0x2A2C, 0x2A2C, 0x21EB, 0x21EB,
  0x2A0C, 0x2A2C, 0x326D, 0x32AE, 0x4B71, 0x6434, 0x6C95, 0x74D6, 0x8518, 0x74B6, 0x7CF7, 0x8538, 0x8538, 0x74B6, 0x6C75, 0x6C95,
  0x6455, 0x6434, 0x74B6, 0x8538, 0x95BA, 0x9DDB, 0x8D99, 0x74D7, 0x6455, 0x53B3, 0x53D3, 0x74B7, 0x95DA, 0x8D78, 0x8516, 0x8D77,
  0x9DD9, 0xA63B, 0xAE5B, 0xA61A, 0x9DFA, 0x9E1B, 0xA65C, 0xAE7C, 0xB6BD, 0x7D17, 0x53D2, 0x5BD3, 0x5BF3, 0x53B2, 0x4351, 0x5BD3,
  0x6455, 0x6C75, 0x95DA, 0xAE7D, 0xA61B, 0x9DFA, 0x7CF7, 0x4B50, 0x328E, 0x328E, 0x3AAE, 0x3ACE, 0x326D, 0x21EB, 0x1989, 0x1148,
  0x1148, 0x1148, 0x1148, 0x1169, 0x1989, 0x19AA, 0x21CA, 0x21CA, 0x1989, 0x1969, 0x1948, 0x1148, 0x1128, 0x1148, 0x1148, 0x1168,
  0x1969, 0x19A9, 0x21CA, 0x21CA, 0x1968, 0x1148, 0x1148, 0x1127, 0x1127, 0x1127, 0x1127, 0x1147, 0x1148, 0x1148, 0x1148, 0x1948,
  0x1148, 0x1148, 0x1148, 0x1148, 0x1147, 0x1127, 0x1127, 0x1127, 0x1147, 0x1147, 0x1148, 0x1148, 0x1147, 0x1127, 0x1127, 0x1107,
  0x1106, 0x1107, 0x1107, 0x1107, 0x08E6, 0x08E6, 0x08E6, 0x08E6, 0x10E6, 0x08E6, 0x08E6, 0x1106, 0x1107, 0x1106, 0x08E6, 0x08E6,
  0x08E6, 0x08E6, 0x1106, 0x1106, 0x1106, 0x10E6, 0x08E6, 0x0906, 0x1106, 0x1106, 0x08E6, 0x08E6, 0x08E6, 0x08E6, 0x08E6, 0x08E6,
};

#endif // CLOCK_WALLPAPER_H
