// Lavender Cat Watch Face Clean Wallpaper (240x280 RGB565)
// Autogenerated from pristine cropped reference image with no text/icons
#pragma once
#include <Arduino.h>

const uint16_t clock_lavender_bg[67200] PROGMEM = {
  0x18C3, 0x18C3, 0x10C3, 0x18C4, 0x4A2B, 0x8C15, 0xAD1A, 0xB55B, 0xB53B, 0xB53B, 0xB53B, 0xB53B, 0xB53B, 0xB53B, 0xB53B, 0xB55B,
  0xB53B, 0xB53B, 0xB53B, 0xB53B, 0xB53B, 0xB55C, 0xB55B, 0xB55B, 0xB55B, 0xBD7C, 0xBD7C, 0xBD7C, 0xBD7C, 0xBD7B, 0xBD7B, 0xB55B,
  0xBD7B, 0xBD7B, 0xBD7B, 0xBD9B, 0xBD9B, 0xC5BC, 0xC5DC, 0xC5DC, 0xC5DC, 0xC5DC, 0xC5BB, 0xC5BB, 0xC5BB, 0xC5DB, 0xCDFC, 0xCDFC,
  0xCE1C, 0xD61C, 0xD63C, 0xD63C, 0xD65C, 0xD65C, 0xD67C, 0xDE7C, 0xDE5C, 0xD65C, 0xDE7C, 0xDE7C, 0xE6BD, 0xC5DC, 0xACDB, 0xACDB,
  0xB4FB, 0xB51C, 0xB4FB, 0xB51B, 0xB51B, 0xB53B, 0xBD5B, 0xBD5B, 0xBD7B, 0xBD7C, 0xC59C, 0xC59C, 0xBD9B, 0xBD9C, 0xBD9C, 0xC59C,
  0xC5BC, 0xC5BC, 0xC5BC, 0xC59B, 0xC59B, 0xC5BB, 0xC5BC, 0xC5DC, 0xC5DC, 0xC5DC, 0xC5DC, 0xC5FC, 0xCDFC, 0xCDFC, 0xCDFC, 0xCDFC,
  0xCE1C, 0xCE1C, 0xCE1C, 0xCE1C, 0xCE1C, 0xCE1C, 0xCE1C, 0xCE1C, 0xCE3C, 0xCE3C, 0xCE3C, 0xCE3C, 0xCE3C, 0xCE5C, 0xD67C, 0xD67D,
  0xD67C, 0xD67C, 0xD67C, 0xD65C, 0xD67C, 0xD67C, 0xD67C, 0xD67C, 0xD67C, 0xD67C, 0xD69C, 0xD69C, 0xD69C, 0xD69C, 0xD69C, 0xDE9C,
  0xDEBD, 0xDEDD, 0xDEDD, 0xDEDD, 0xDEDD, 0xDEDC, 0xDEDC, 0xDEDC, 0xDEDD, 0xE6FD, 0xDEDD, 0xDEDC, 0xDEDC, 0xDEBC, 0xDEBC, 0xDEDC,
  0xDEFC, 0xDEFD, 0xDEFD, 0xDEFD, 0xE6FD, 0xDEFD, 0xDEFC, 0xDEFD, 0xE6FD, 0xE6FD, 0xE6FD, 0xDEFC, 0xE6FD, 0xE71D, 0xE71D, 0xE71D,
  0xDEFC, 0xDEFC, 0xE6FD, 0xE6FD, 0xE71D, 0xE71D, 0xE71D, 0xE73D, 0xE71D, 0xE71D, 0xE71D, 0xE71D, 0xE71D, 0xE71D, 0xE71D, 0xE71D,
  0xE71D, 0xE71D, 0xE71D, 0xE73D, 0xE73D, 0xE73D, 0xE71D, 0xE71D, 0xE71D, 0xE71D, 0xE71D, 0xE71D, 0xE71D, 0xE71D, 0xE71D, 0xE71D,
  0xE71D, 0xE71D, 0xE71D, 0xE71D, 0xE71D, 0xE73D, 0xE71D, 0xE71D, 0xE71D, 0xE71D, 0xE71D, 0xE71D, 0xE71D, 0xE71D, 0xE71D, 0xE71D,
  0xE71D, 0xE71D, 0xE73D, 0xE73D, 0xE73D, 0xE71D, 0xE73D, 0xEF3D, 0xEF3E, 0xEF3E, 0xEF3E, 0xEF3D, 0xEF3D, 0xEF3D, 0xEF3E, 0xEF3D,
  0xEF3D, 0xEF3D, 0xEF3D, 0xEF3E, 0xEF3E, 0xEF3E, 0xEF3E, 0xEF3D, 0xEF3D, 0xEF3E, 0xDEDC, 0xDEDC, 0xDEDC, 0xDEDC, 0xDEDC, 0xDEDC,
  0x18C3, 0x10A3, 0x3188, 0x9456, 0xC5DE, 0xCDFF, 0xCDDF, 0xC5BF, 0xC5BF, 0xCDBF, 0xCDBF, 0xCDBF, 0xCDBF, 0xC5BF, 0xC5BF, 0xC5BF,
  0xC5BF, 0xC5BF, 0xCD9F, 0xCD9F, 0xC5BF, 0xCDBF, 0xCDBF, 0xCDBF, 0xCDBF, 0xCDBF, 0xCDDF, 0xCDDF, 0xCDDF, 0xCDFF, 0xD5FF, 0xCDFF,
  0xD61F, 0xD61F, 0xD61F, 0xD63F, 0xD63F, 0xD63F, 0xDE5F, 0xDE5F, 0xDE5F, 0xDE5F, 0xDE5F, 0xDE5F, 0xDE7F, 0xE69F, 0xE69F, 0xE69F,
  0xE6BF, 0xEEBF, 0xEEBF, 0xEEBF, 0xEEDF, 0xEEDF, 0xEEFF, 0xEEFF, 0xEEDF, 0xEEDF, 0xEEFF, 0xF71F, 0xEEDF, 0xC57E, 0xC55F, 0xC55F,
  0xC55F, 0xC57F, 0xC57F, 0xC57F, 0xCDBF, 0xCDBF, 0xCDDF, 0xD5DF, 0xD5FF, 0xD5FF, 0xD5FF, 0xD61F, 0xD61F, 0xD61F, 0xD61F, 0xD61F,
  0xDE3F, 0xDE3F, 0xD61F, 0xDE3F, 0xDE3F, 0xDE3F, 0xDE5F, 0xDE5F, 0xDE5F, 0xDE5F, 0xDE5F, 0xDE7F, 0xDE7F, 0xDE7F, 0xDE7F, 0xDE7F,
  0xE69F, 0xE69F, 0xE6BF, 0xE6BF, 0xDE9F, 0xDE9F, 0xDE9F, 0xDE9F, 0xDEBF, 0xE6BF, 0xE6BF, 0xE6BF, 0xE6DF, 0xE6DF, 0xE6DF, 0xE6DF,
  0xE6DF, 0xE6FF, 0xE6FF, 0xE6FF, 0xE6FF, 0xE71F, 0xE71F, 0xE71F, 0xE6FF, 0xE71F, 0xEF1F, 0xEF1F, 0xEF1F, 0xEF1F, 0xEF1F, 0xEF3F,
  0xEF3F, 0xEF3F, 0xEF3F, 0xEF5F, 0xEF5F, 0xEF5F, 0xEF5F, 0xF77F, 0xF75F, 0xF75F, 0xEF5F, 0xEF5F, 0xF75F, 0xEF5F, 0xF77F, 0xF77F,
  0xF77F, 0xF77F, 0xF77F, 0xF77F, 0xF77F, 0xF79F, 0xF79F, 0xF79F, 0xF77F, 0xF77F, 0xF77F, 0xF79F, 0xF79F, 0xF79F, 0xF79F, 0xF79F,
  0xF79F, 0xF79F, 0xF79F, 0xF79F, 0xF79F, 0xF79F, 0xF79F, 0xF79F, 0xF79F, 0xF79F, 0xF79F, 0xF79F, 0xF7BF, 0xF79F, 0xF79F, 0xF7BF,
  0xF79F, 0xF79F, 0xF79F, 0xF79F, 0xF79F, 0xF79F, 0xF79F, 0xF79F, 0xF79F, 0xF79F, 0xF79F, 0xF79F, 0xF79F, 0xF79F, 0xF79F, 0xF79F,
  0xF79F, 0xF79F, 0xF79F, 0xF7BF, 0xF79F, 0xF79F, 0xF79F, 0xF79F, 0xF79F, 0xF79F, 0xF79F, 0xF79F, 0xF79F, 0xF79F, 0xFF9F, 0xF79F,
  0xF79F, 0xF79F, 0xF79F, 0xF79F, 0xF79F, 0xF79F, 0xF79F, 0xF79F, 0xF77F, 0xF77F, 0xF77F, 0xF77F, 0xF77F, 0xF79F, 0xF79F, 0xF77F,
  0xF77F, 0xF77F, 0xF77F, 0xF77F, 0xF77F, 0xF79F, 0xF79F, 0xF77F, 0xF79F, 0xF77F, 0xF77F, 0xF77F, 0xF77F, 0xF77F, 0xF77F, 0xF77F,
  0x18C3, 0x3167, 0xACFA, 0xD61F, 0xC5BF, 0xC59F, 0xCDBF, 0xCDBF, 0xCD9F, 0xCDBF, 0xCDBF, 0xCDBF, 0xC5BF, 0xC5BF, 0xC5BF, 0xC5BF,
  0xC59F, 0xC59F, 0xC59F, 0xC59F, 0xC59F, 0xC5BF, 0xCDBF, 0xCDBF, 0xCDBF, 0xCDBF, 0xCDDF, 0xCDDF, 0xCDDF, 0xCDDF, 0xCDDF, 0xCDFF,
  0xCDFF, 0xCDFF, 0xD61F, 0xD61F, 0xD61F, 0xD63F, 0xDE3F, 0xDE3F, 0xDE3F, 0xDE5F, 0xDE5F, 0xDE5F, 0xDE5F, 0xE67F, 0xE69F, 0xE69F,
  0xE69F, 0xE6BF, 0xEEBF, 0xE6BF, 0xEEBF, 0xEEBF, 0xEEDF, 0xEEDF, 0xEEDF, 0xEEDF, 0xEEFF, 0xEEFF, 0xC59E, 0xBD3F, 0xC55F, 0xC55F,
  0xC55F, 0xC55F, 0xC57F, 0xCD9F, 0xCD9F, 0xCDBF, 0xCDDF, 0xCDDF, 0xD5FF, 0xD5FF, 0xD5FF, 0xD5FF, 0xD5FF, 0xD61F, 0xD61F, 0xD61F,
  0xD61F, 0xD63F, 0xDE3F, 0xDE3F, 0xDE3F, 0xDE3F, 0xDE3F, 0xDE3F, 0xDE5F, 0xDE5F, 0xDE5F, 0xDE5F, 0xDE5F, 0xDE5F, 0xDE7F, 0xDE7F,
  0xDE7F, 0xDE9F, 0xE69F, 0xE69F, 0xDE9F, 0xDE9F, 0xDE9F, 0xDE9F, 0xDE9F, 0xDE9F, 0xE6BF, 0xE6BF, 0xE6BF, 0xE6DF, 0xE6DF, 0xE6DF,
  0xE6DF, 0xE6DF, 0xE6DF, 0xE6FF, 0xE6FF, 0xE6FF, 0xE6FF, 0xEEFF, 0xE6FF, 0xE6FF, 0xEEFF, 0xEEFF, 0xEF1F, 0xEF1F, 0xEF1F, 0xEF1F,
  0xEF1F, 0xEF3F, 0xEF3F, 0xEF3F, 0xEF3F, 0xEF3F, 0xEF5F, 0xEF5F, 0xEF5F, 0xEF5F, 0xEF5F, 0xEF5F, 0xEF5F, 0xEF5F, 0xEF5F, 0xEF5F,
  0xF77F, 0xF77F, 0xF77F, 0xF77F, 0xF77F, 0xF77F, 0xF77F, 0xF77F, 0xF77F, 0xF77F, 0xF77F, 0xF77F, 0xF77F, 0xF77F, 0xF77F, 0xF77F,
  0xF77F, 0xF77F, 0xF77F, 0xF77F, 0xF77F, 0xF77F, 0xF79F, 0xF79F, 0xF79F, 0xF79F, 0xF79F, 0xF79F, 0xF79F, 0xF79F, 0xF79F, 0xF79F,
  0xF79F, 0xF79F, 0xF79F, 0xF79F, 0xF79F, 0xF79F, 0xF79F, 0xF79F, 0xF79F, 0xF79F, 0xF79F, 0xF77F, 0xF77F, 0xF79F, 0xF79F, 0xF79F,
  0xF79F, 0xF79F, 0xF79F, 0xF79F, 0xF79F, 0xF77F, 0xF79F, 0xF79F, 0xF79F, 0xF79F, 0xF77F, 0xF79F, 0xF79F, 0xF77F, 0xF77F, 0xF77F,
  0xF77F, 0xF77F, 0xF77F, 0xF77F, 0xF77F, 0xF77F, 0xF77F, 0xF77F, 0xF77F, 0xF77F, 0xF77F, 0xF77F, 0xF77F, 0xF77F, 0xF77F, 0xF77F,
  0xF77F, 0xF77F, 0xF77F, 0xF77F, 0xF77F, 0xF77F, 0xF77F, 0xF77F, 0xF77F, 0xF77F, 0xEF5F, 0xEF5F, 0xEF5F, 0xEF5F, 0xEF5F, 0xEF5F,
  0x18C4, 0x8C35, 0xD61F, 0xC59E, 0xC5BF, 0xCDBF, 0xCDBF, 0xCDBF, 0xCDBF, 0xCDBF, 0xCDBF, 0xCDBF, 0xCDBF, 0xCDBF, 0xCDBF, 0xC5BF,
  0xC5BF, 0xCD9F, 0xCDBF, 0xCDBF, 0xCDBF, 0xCDBF, 0xCDBF, 0xCDBF, 0xCDBF, 0xCDDF, 0xCDDF, 0xCDDF, 0xCDDF, 0xCDFF, 0xCDFF, 0xD5FF,
  0xD5FF, 0xD61F, 0xD61F, 0xD61F, 0xD63F, 0xDE3F, 0xDE3F, 0xDE5F, 0xDE5F, 0xDE5F, 0xDE5F, 0xDE7F, 0xDE7F, 0xE69F, 0xE69F, 0xE69F,
  0xE6BF, 0xEEBF, 0xEEDF, 0xEEDF, 0xEEDF, 0xEEDF, 0xEEDF, 0xEEFF, 0xEEDF, 0xEEFF, 0xF71F, 0xCDBE, 0xBD3F, 0xC55F, 0xC53F, 0xC55F,
  0xC57F, 0xC57F, 0xCD9F, 0xCD9F, 0xCDBF, 0xCDBF, 0xCDDF, 0xD5FF, 0xD5FF, 0xD5FF, 0xD5FF, 0xD61F, 0xD61F, 0xD61F, 0xD61F, 0xD63F,
  0xDE3F, 0xDE3F, 0xDE3F, 0xDE3F, 0xDE5F, 0xDE5F, 0xDE5F, 0xDE5F, 0xDE5F, 0xDE5F, 0xDE7F, 0xDE7F, 0xDE7F, 0xDE7F, 0xDE7F, 0xE67F,
  0xE67F, 0xE69F, 0xE69F, 0xDE9F, 0xDE9F, 0xDE9F, 0xDE9F, 0xE6BF, 0xE6BF, 0xE6BF, 0xE6BF, 0xE6BF, 0xE6DF, 0xE6DF, 0xE6DF, 0xE6FF,
  0xE6DF, 0xE6FF, 0xE6FF, 0xE6FF, 0xEEFF, 0xEF1F, 0xEF1F, 0xEEFF, 0xEF1F, 0xEF1F, 0xEF1F, 0xEF1F, 0xEF1F, 0xEF1F, 0xEF3F, 0xEF3F,
  0xEF3F, 0xEF3F, 0xEF3F, 0xEF5F, 0xEF5F, 0xEF5F, 0xEF5F, 0xEF5F, 0xEF5F, 0xF77F, 0xF77F, 0xF77F, 0xF77F, 0xF77F, 0xF77F, 0xF77F,
  0xF77F, 0xF77F, 0xF77F, 0xF77F, 0xF77F, 0xF77F, 0xF77F, 0xF77F, 0xF77F, 0xF79F, 0xF77F, 0xF79F, 0xF79F, 0xF79F, 0xF79F, 0xF79F,
  0xF79F, 0xF79F, 0xF79F, 0xF79F, 0xF79F, 0xF79F, 0xF79F, 0xF79F, 0xF79F, 0xF79F, 0xF79F, 0xF79F, 0xF79F, 0xF79F, 0xF79F, 0xF79F,
  0xF79F, 0xF79F, 0xF79F, 0xF79F, 0xF79F, 0xF79F, 0xF79F, 0xF79F, 0xF79F, 0xF79F, 0xF79F, 0xF79F, 0xF79F, 0xF79F, 0xF79F, 0xF79F,
  0xF79F, 0xF79F, 0xF79F, 0xF79F, 0xF79F, 0xF79F, 0xF79F, 0xF79F, 0xF79F, 0xF79F, 0xF79F, 0xF79F, 0xF79F, 0xF79F, 0xF79F, 0xF79F,
  0xF79F, 0xF79F, 0xF79F, 0xF77F, 0xF77F, 0xF77F, 0xF79F, 0xF77F, 0xF77F, 0xF77F, 0xF77F, 0xF79F, 0xF77F, 0xF77F, 0xF77F, 0xF77F,
  0xF77F, 0xF77F, 0xF77F, 0xF77F, 0xF77F, 0xF77F, 0xF77F, 0xF77F, 0xF77F, 0xF77F, 0xF79F, 0xF77F, 0xF77F, 0xF77F, 0xF77F, 0xF77F,
  0x41EA, 0xC59D, 0xCDBF, 0xCDBF, 0xCDDF, 0xCDBF, 0xCDDF, 0xCDDF, 0xCDBF, 0xCDBF, 0xCDBF, 0xCDBF, 0xC5BF, 0xC5BF, 0xC5BF, 0xC5BF,
  0xC5BF, 0xC5BF, 0xCDBF, 0xCDBF, 0xCDBF, 0xCDBF, 0xCDBF, 0xCDBF, 0xCDDF, 0xCDDF, 0xCDDF, 0xCDDF, 0xCDDF, 0xCDFF, 0xD5FF, 0xD5FF,
  0xD61F, 0xD61F, 0xD61F, 0xD61F, 0xD63F, 0xDE3F, 0xDE5F, 0xDE5F, 0xDE5F, 0xDE5F, 0xDE7F, 0xDE7F, 0xE69F, 0xE69F, 0xE69F, 0xE6BF,
  0xEEBF, 0xEEDF, 0xEEDF, 0xEEDF, 0xEEDF, 0xEEDF, 0xEEDF, 0xEEDF, 0xEEFF, 0xF71F, 0xCDBE, 0xBD3F, 0xC55F, 0xC53F, 0xC55F, 0xC55F,
  0xC57F, 0xC57F, 0xCD9F, 0xCDBF, 0xCDBF, 0xCDDF, 0xD5FF, 0xD5FF, 0xD5FF, 0xD5FF, 0xD61F, 0xD61F, 0xD61F, 0xD61F, 0xD61F, 0xDE3F,
  0xDE3F, 0xDE3F, 0xDE5F, 0xDE5F, 0xDE5F, 0xDE5F, 0xDE5F, 0xDE5F, 0xDE5F, 0xDE7F, 0xDE7F, 0xDE7F, 0xE67F, 0xE67F, 0xE67F, 0xE69F,
  0xE69F, 0xE6BF, 0xE69F, 0xDE9F, 0xDE9F, 0xDE9F, 0xDE9F, 0xE6BF, 0xE6BF, 0xE6BF, 0xE6DF, 0xE6DF, 0xE6DF, 0xE6DF, 0xE6FF, 0xE6FF,
  0xE6FF, 0xE6FF, 0xE6FF, 0xE6FF, 0xEEFF, 0xEF1F, 0xEF1F, 0xE71F, 0xEF1F, 0xEF1F, 0xEF1F, 0xEF1F, 0xEF3F, 0xEF3F, 0xEF3F, 0xEF3F,
  0xEF3F, 0xEF3F, 0xEF5F, 0xEF5F, 0xEF5F, 0xEF5F, 0xEF5F, 0xF75F, 0xF77F, 0xF77F, 0xF77F, 0xF77F, 0xF77F, 0xF77F, 0xF77F, 0xF77F,
  0xF77F, 0xF77F, 0xF77F, 0xF77F, 0xF77F, 0xF77F, 0xF77F, 0xF79F, 0xF77F, 0xF79F, 0xF79F, 0xF79F, 0xF79F, 0xF79F, 0xF79F, 0xF79F,
  0xF79F, 0xF79F, 0xF77F, 0xF77F, 0xF77F, 0xF77F, 0xF77F, 0xF77F, 0xF77F, 0xF77F, 0xF77F, 0xF77F, 0xF79F, 0xF79F, 0xF79F, 0xF79F,
  0xF79F, 0xF79F, 0xF79F, 0xF79F, 0xF79F, 0xF79F, 0xF79F, 0xF79F, 0xF79F, 0xF79F, 0xF79F, 0xF79F, 0xF79F, 0xF79F, 0xF79F, 0xF79F,
  0xF79F, 0xF79F, 0xF79F, 0xF79F, 0xF79F, 0xF79F, 0xF79F, 0xF79F, 0xF79F, 0xF79F, 0xF79F, 0xF79F, 0xF79F, 0xF79F, 0xF79F, 0xF79F,
  0xF79F, 0xF79F, 0xF79F, 0xF77F, 0xF79F, 0xF79F, 0xF77F, 0xF77F, 0xF77F, 0xF79F, 0xF79F, 0xF77F, 0xF77F, 0xF77F, 0xF77F, 0xF77F,
  0xF77F, 0xF77F, 0xF77F, 0xF77F, 0xF77F, 0xF77F, 0xF77F, 0xF77F, 0xF77F, 0xF77F, 0xF77F, 0xF77F, 0xF77F, 0xF77F, 0xF77F, 0xF77F,
  0x7372, 0xCDFF, 0xC5BF, 0xCDBF, 0xCDDF, 0xCDDF, 0xCDDF, 0xCDDF, 0xCDDF, 0xCDDF, 0xCDDF, 0xCDDF, 0xCDBF, 0xCDBF, 0xCDBF, 0xC5BF,
  0xCDBF, 0xC5BF, 0xCDBF, 0xCDBF, 0xCDBF, 0xCDDF, 0xCDBF, 0xCDDF, 0xCDDF, 0xCDDF, 0xCDDF, 0xCDDF, 0xCDFF, 0xCDFF, 0xD5FF, 0xD5FF,
  0xD61F, 0xD61F, 0xD61F, 0xD63F, 0xD63F, 0xDE3F, 0xDE5F, 0xDE5F, 0xDE5F, 0xDE7F, 0xDE7F, 0xE67F, 0xE69F, 0xE69F, 0xE6BF, 0xEEBF,
  0xEEBF, 0xEEDF, 0xEEDF, 0xEEDF, 0xEEDF, 0xEEDF, 0xEEDF, 0xEEFF, 0xF71F, 0xCDBE, 0xBD3F, 0xC55F, 0xBD3F, 0xC55F, 0xC55F, 0xC57F,
  0xCD9F, 0xCD9F, 0xCDBF, 0xCDDF, 0xCDDF, 0xCDDF, 0xD5FF, 0xD5FF, 0xD61F, 0xD5FF, 0xD61F, 0xD61F, 0xD63F, 0xD63F, 0xDE3F, 0xDE3F,
  0xDE3F, 0xDE5F, 0xDE5F, 0xDE5F, 0xDE5F, 0xDE5F, 0xDE5F, 0xDE5F, 0xDE5F, 0xDE7F, 0xE67F, 0xE69F, 0xE69F, 0xE69F, 0xE69F, 0xE69F,
  0xE6BF, 0xE6BF, 0xDE9F, 0xDE9F, 0xDEBF, 0xDE9F, 0xDE9F, 0xE6BF, 0xE6BF, 0xE6DF, 0xE6DF, 0xE6DF, 0xE6DF, 0xE6DF, 0xE6FF, 0xE6FF,
  0xE6FF, 0xE6FF, 0xE6FF, 0xEEFF, 0xEEFF, 0xEF1F, 0xEF1F, 0xEF1F, 0xEF1F, 0xEF1F, 0xEF1F, 0xEF1F, 0xEF3F, 0xEF3F, 0xEF3F, 0xEF3F,
  0xEF3F, 0xEF5F, 0xEF5F, 0xEF5F, 0xEF5F, 0xF75F, 0xF75F, 0xF75F, 0xF75F, 0xF77F, 0xF77F, 0xF77F, 0xF77F, 0xF77F, 0xF77F, 0xF77F,
  0xF77F, 0xF77F, 0xF77F, 0xF79F, 0xF79F, 0xF79F, 0xF79F, 0xF79F, 0xF77F, 0xF77F, 0xF79F, 0xF79F, 0xF79F, 0xF79F, 0xF79F, 0xF77F,
  0xF77F, 0xF77F, 0xF77F, 0xF77F, 0xF77F, 0xF77F, 0xF77F, 0xF77F, 0xF77F, 0xF77F, 0xF77F, 0xF77F, 0xF77F, 0xF77F, 0xF79F, 0xF79F,
  0xF79F, 0xF79F, 0xF79F, 0xF79F, 0xF79F, 0xF79F, 0xF79F, 0xF79F, 0xF79F, 0xF79F, 0xF79F, 0xF79F, 0xF79F, 0xF79F, 0xF79F, 0xF79F,
  0xF77F, 0xF77F, 0xF77F, 0xF77F, 0xF77F, 0xF77F, 0xF77F, 0xF77F, 0xF77F, 0xF77F, 0xF77F, 0xF77F, 0xF77F, 0xF77F, 0xF77F, 0xF77F,
  0xF77F, 0xF77F, 0xF77F, 0xF77F, 0xF77F, 0xF77F, 0xF77F, 0xF77F, 0xF77F, 0xF77F, 0xF77F, 0xF77F, 0xF77F, 0xF77F, 0xF77F, 0xF77F,
  0xF77F, 0xF77F, 0xF77F, 0xF77F, 0xF77F, 0xF77F, 0xF77F, 0xF77F, 0xF77F, 0xF77F, 0xF77F, 0xF77F, 0xF77F, 0xF77F, 0xF77F, 0xF79F,
  0x8C35, 0xD5FF, 0xC5BF, 0xCDDF, 0xCDDF, 0xCDDF, 0xCDDF, 0xCDDF, 0xCDDF, 0xCDDF, 0xCDDF, 0xCDDF, 0xCDDF, 0xCDDF, 0xCDBF, 0xC5BF,
  0xCDBF, 0xCDBF, 0xCDDF, 0xCDDF, 0xCDDF, 0xCDDF, 0xCDDF, 0xCDDF, 0xCDDF, 0xCDDF, 0xCDDF, 0xCDFF, 0xD5FF, 0xD5FF, 0xD5FF, 0xD61F,
  0xD61F, 0xD61F, 0xD61F, 0xD63F, 0xD63F, 0xDE5F, 0xDE5F, 0xDE5F, 0xDE5F, 0xDE7F, 0xE69F, 0xE69F, 0xE69F, 0xE6BF, 0xEEBF, 0xEEBF,
  0xEEDF, 0xEEDF, 0xEEDF, 0xEEDF, 0xEEDF, 0xEEDF, 0xEEFF, 0xEEFF, 0xCDBE, 0xBD3F, 0xC55F, 0xC55F, 0xC55F, 0xC57F, 0xC57F, 0xCD9F,
  0xCD9F, 0xCD9F, 0xCDDF, 0xCDDF, 0xD5DF, 0xD5FF, 0xD5FF, 0xD5FF, 0xD61F, 0xD61F, 0xD61F, 0xD61F, 0xD63F, 0xDE3F, 0xDE3F, 0xDE3F,
  0xDE3F, 0xDE5F, 0xDE5F, 0xDE5F, 0xDE5F, 0xDE5F, 0xDE5F, 0xDE7F, 0xDE7F, 0xDE7F, 0xE67F, 0xE69F, 0xE69F, 0xE67F, 0xE69F, 0xE69F,
  0xEEDF, 0xE6BF, 0xDE9F, 0xDEBF, 0xDEBF, 0xDEBF, 0xE6BF, 0xE6BF, 0xE6BF, 0xE6DF, 0xE6DF, 0xE6DF, 0xE6DF, 0xE6DF, 0xE6FF, 0xE6FF,
  0xEEFF, 0xEEFF, 0xEF1F, 0xEF1F, 0xEF1F, 0xEF1F, 0xEF1F, 0xEF1F, 0xEF1F, 0xEF1F, 0xEF3F, 0xEF3F, 0xEF3F, 0xEF3F, 0xEF3F, 0xEF3F,
  0xEF3F, 0xEF5F, 0xEF5F, 0xEF5F, 0xEF5F, 0xF75F, 0xF75F, 0xF75F, 0xF75F, 0xF77F, 0xF77F, 0xF77F, 0xF77F, 0xF77F, 0xF77F, 0xF77F,
  0xF77F, 0xF77F, 0xF79F, 0xF79F, 0xF77F, 0xF79F, 0xF79F, 0xF79F, 0xF79F, 0xF79F, 0xF79F, 0xF79F, 0xF79F, 0xF79F, 0xF77F, 0xF77F,
  0xF77F, 0xF77F, 0xF77F, 0xF77F, 0xF77F, 0xF77F, 0xF77F, 0xF77F, 0xF77F, 0xF77F, 0xF77F, 0xF77F, 0xF77F, 0xF77F, 0xF77F, 0xF79F,
  0xFF9F, 0xFF9F, 0xF79F, 0xF79F, 0xF79F, 0xF79F, 0xF79F, 0xF79F, 0xF79F, 0xF77F, 0xF77F, 0xF77F, 0xF77F, 0xF77F, 0xEF1F, 0xEF1F,
  0xEF1F, 0xEF1F, 0xEF1F, 0xE71F, 0xEF1F, 0xEF1F, 0xF77F, 0xF77F, 0xF77F, 0xF77F, 0xF77F, 0xF77F, 0xF77F, 0xF77F, 0xF77F, 0xF77F,
  0xF77F, 0xF77F, 0xF77F, 0xF77F, 0xF77F, 0xF77F, 0xF77F, 0xF77F, 0xF77F, 0xF77F, 0xF77F, 0xF77F, 0xF77F, 0xF77F, 0xF77F, 0xF77F,
  0xF77F, 0xF77F, 0xF77F, 0xF77F, 0xF77F, 0xF77F, 0xF77F, 0xF77F, 0xF77F, 0xF77F, 0xF77F, 0xF77F, 0xF77F, 0xF77F, 0xF77F, 0xF77F,
  0x8C14, 0xD61F, 0xC5BF, 0xCDDF, 0xCDDF, 0xCDDF, 0xCDDF, 0xCDDF, 0xCDDF, 0xCDDF, 0xCDDF, 0xCDDF, 0xCDDF, 0xCDDF, 0xCDDF, 0xCDDF,
  0xCDDF, 0xCDDF, 0xCDBF, 0xCDDF, 0xCDDF, 0xCDDF, 0xCDDF, 0xCDDF, 0xCDDF, 0xCDDF, 0xCDFF, 0xD5FF, 0xD5FF, 0xD5FF, 0xD5FF, 0xD5FF,
  0xD61F, 0xD61F, 0xD63F, 0xD63F, 0xDE3F, 0xDE5F, 0xDE5F, 0xDE5F, 0xDE7F, 0xE67F, 0xE69F, 0xE69F, 0xE6BF, 0xEEBF, 0xEEBF, 0xEEDF,
  0xEEDF, 0xEEDF, 0xEEDF, 0xEEDF, 0xEEDF, 0xEEFF, 0xE6BF, 0xC59E, 0xBD3F, 0xC55F, 0xC55F, 0xC55F, 0xC57F, 0xC57F, 0xC59F, 0xCD9F,
  0xCD9F, 0xCDBF, 0xCDDF, 0xCDDF, 0xD5DF, 0xD5FF, 0xD5FF, 0xD5FF, 0xD61F, 0xD61F, 0xD61F, 0xD63F, 0xDE3F, 0xDE3F, 0xDE3F, 0xDE3F,
  0xDE3F, 0xDE5F, 0xDE5F, 0xDE5F, 0xDE5F, 0xDE5F, 0xDE7F, 0xDE7F, 0xE67F, 0xE67F, 0xE67F, 0xE67F, 0xE67F, 0xE67F, 0xE69F, 0xE6BF,
  0xEEDF, 0xE69F, 0xE69F, 0xDEBF, 0xDEBF, 0xE6BF, 0xE6BF, 0xE6BF, 0xE6DF, 0xE6DF, 0xE6DF, 0xE6DF, 0xE6FF, 0xE6FF, 0xE6FF, 0xE6FF,
  0xEEFF, 0xEF1F, 0xEF1F, 0xEF1F, 0xEF1F, 0xEF1F, 0xEF1F, 0xEF1F, 0xEF3F, 0xEF3F, 0xEF3F, 0xEF3F, 0xEF3F, 0xEF3F, 0xEF3F, 0xEF3F,
  0xEF5F, 0xEF5F, 0xEF5F, 0xEF5F, 0xEF5F, 0xF75F, 0xF75F, 0xF75F, 0xF77F, 0xF77F, 0xF77F, 0xF77F, 0xF77F, 0xF77F, 0xF77F, 0xF77F,
  0xF77F, 0xF77F, 0xF79F, 0xF77F, 0xF79F, 0xF79F, 0xF79F, 0xF79F, 0xF79F, 0xF79F, 0xF79F, 0xF79F, 0xF79F, 0xF77F, 0xF77F, 0xF77F,
  0xF77F, 0xF77F, 0xF77F, 0xF77F, 0xF77F, 0xF77F, 0xF77F, 0xF77F, 0xF77F, 0xF77F, 0xF77F, 0xF77F, 0xF77F, 0xF77F, 0xF77F, 0xF77F,
  0xF79F, 0xF79F, 0xF79F, 0xF79F, 0xF79F, 0xF79F, 0xF79F, 0xF79F, 0xF79F, 0xF77F, 0xF77F, 0xF77F, 0xF77F, 0xF77F, 0xEF1F, 0xEF1F,
  0xEF1F, 0xEF1F, 0xEF1F, 0xEF1F, 0xEF1F, 0xEEFF, 0xF77F, 0xF77F, 0xF77F, 0xF77F, 0xF77F, 0xF77F, 0xF77F, 0xF77F, 0xF77F, 0xF77F,
  0xF77F, 0xF77F, 0xF77F, 0xF77F, 0xF77F, 0xF77F, 0xF77F, 0xF77F, 0xF77F, 0xF77F, 0xF77F, 0xF77F, 0xF77F, 0xF77F, 0xF77F, 0xF77F,
  0xF77F, 0xF77F, 0xF77F, 0xF77F, 0xF77F, 0xF77F, 0xF77F, 0xF77F, 0xF77F, 0xF77F, 0xF77F, 0xF77F, 0xF77F, 0xF77F, 0xF77F, 0xF77F,
  0x83D3, 0xD61F, 0xCDBF, 0xCDDF, 0xCDDF, 0xCDDF, 0xCDDF, 0xCDDF, 0xCDDF, 0xCDDF, 0xCDDF, 0xCDDF, 0xCDDF, 0xCDDF, 0xCDDF, 0xCDBF,
  0xCDBF, 0xCDBF, 0xCDDF, 0xCDDF, 0xCDDF, 0xCDDF, 0xCDDF, 0xCDDF, 0xCDDF, 0xCDFF, 0xCDFF, 0xD5FF, 0xD5FF, 0xD5FF, 0xD5FF, 0xD61F,
  0xD61F, 0xD61F, 0xD63F, 0xD63F, 0xDE3F, 0xDE5F, 0xDE7F, 0xDE7F, 0xE67F, 0xE69F, 0xE69F, 0xE6BF, 0xE6BF, 0xEEBF, 0xEEDF, 0xEEDF,
  0xEEFF, 0xEEFF, 0xEEDF, 0xEEFF, 0xF71F, 0xDE7E, 0xC55E, 0xC53F, 0xC55F, 0xC55F, 0xC55F, 0xC57F, 0xC57F, 0xC57F, 0xCD9F, 0xCDBF,
  0xCDBF, 0xCDBF, 0xCDDF, 0xCDDF, 0xD5FF, 0xD5FF, 0xD5FF, 0xD61F, 0xD61F, 0xD61F, 0xDE3F, 0xDE3F, 0xDE3F, 0xDE3F, 0xDE3F, 0xDE5F,
  0xDE5F, 0xDE5F, 0xDE5F, 0xDE5F, 0xDE5F, 0xDE5F, 0xDE5F, 0xDE7F, 0xE67F, 0xDE7F, 0xDE7F, 0xE67F, 0xE69F, 0xE69F, 0xE69F, 0xEEDF,
  0xE6BF, 0xDE9F, 0xE6BF, 0xE6BF, 0xE6BF, 0xE6BF, 0xE6DF, 0xE6DF, 0xE6DF, 0xE6DF, 0xE6DF, 0xE6DF, 0xE6FF, 0xE6FF, 0xE6FF, 0xE6FF,
  0xEEFF, 0xEF1F, 0xEF1F, 0xEF1F, 0xEF1F, 0xEF1F, 0xEF1F, 0xEF1F, 0xEF3F, 0xEF3F, 0xEF3F, 0xEF3F, 0xEF3F, 0xEF3F, 0xEF3F, 0xEF3F,
  0xEF5F, 0xEF5F, 0xEF5F, 0xEF5F, 0xEF5F, 0xF77F, 0xF77F, 0xF77F, 0xF77F, 0xF77F, 0xF77F, 0xF77F, 0xF77F, 0xF77F, 0xF77F, 0xF79F,
  0xF79F, 0xF79F, 0xF77F, 0xF77F, 0xF79F, 0xF79F, 0xF79F, 0xF79F, 0xF79F, 0xF79F, 0xF79F, 0xF79F, 0xF77F, 0xF77F, 0xF77F, 0xF77F,
  0xF77F, 0xF77F, 0xF77F, 0xF77F, 0xF77F, 0xF77F, 0xF77F, 0xF77F, 0xF77F, 0xF77F, 0xF77F, 0xF77F, 0xF77F, 0xF77F, 0xF77F, 0xF77F,
  0xF77F, 0xF79F, 0xF79F, 0xF79F, 0xF79F, 0xF79F, 0xF79F, 0xF79F, 0xF79F, 0xF77F, 0xF77F, 0xF77F, 0xF77F, 0xF77F, 0xEF1F, 0xEF1F,
  0xEF1F, 0xEF1F, 0xEF1F, 0xEF1F, 0xEF1F, 0xEF1F, 0xF77F, 0xF77F, 0xF77F, 0xF77F, 0xF77F, 0xF77F, 0xF77F, 0xF77F, 0xF77F, 0xF77F,
  0xF77F, 0xF77F, 0xF77F, 0xF77F, 0xF77F, 0xF77F, 0xF77F, 0xF77F, 0xF77F, 0xF77F, 0xF77F, 0xF77F, 0xF77F, 0xF77F, 0xF77F, 0xF77F,
  0xF77F, 0xF77F, 0xF77F, 0xF77F, 0xF77F, 0xF77F, 0xF77F, 0xF77F, 0xF77F, 0xF77F, 0xF77F, 0xF77F, 0xF77F, 0xF77F, 0xF77F, 0xF77F,
  0x7BB2, 0xD63F, 0xCDBF, 0xCDDF, 0xCDDF, 0xCDDF, 0xCDDF, 0xCDDF, 0xCDDF, 0xCDDF, 0xCDDF, 0xCDDF, 0xCDDF, 0xCDDF, 0xCDDF, 0xCDDF,
  0xCDDF, 0xCDDF, 0xCDDF, 0xCDDF, 0xCDDF, 0xCDDF, 0xCDFF, 0xCDFF, 0xCDFF, 0xD5FF, 0xD5FF, 0xD5FF, 0xD5FF, 0xD61F, 0xD61F, 0xD61F,
  0xD61F, 0xD63F, 0xD63F, 0xDE3F, 0xDE5F, 0xDE5F, 0xDE7F, 0xE67F, 0xE67F, 0xE69F, 0xE6BF, 0xE6BF, 0xEEBF, 0xEEDF, 0xEEDF, 0xEEDF,
  0xEEFF, 0xEEDF, 0xEEFF, 0xF71F, 0xD61E, 0xBD3E, 0xC55F, 0xC55F, 0xC55F, 0xC57F, 0xC57F, 0xC57F, 0xCD9F, 0xCD9F, 0xCDBF, 0xCDBF,
  0xCDDF, 0xCDDF, 0xCDDF, 0xD5FF, 0xD5FF, 0xD5FF, 0xD61F, 0xD61F, 0xD61F, 0xD61F, 0xD63F, 0xDE3F, 0xDE3F, 0xDE5F, 0xDE5F, 0xDE5F,
  0xDE5F, 0xDE5F, 0xDE5F, 0xDE7F, 0xDE5F, 0xDE5F, 0xE65F, 0xE67F, 0xE67F, 0xE67F, 0xE67F, 0xDE7F, 0xE69F, 0xE69F, 0xE6BF, 0xEEDF,
  0xDE9E, 0xDEBF, 0xE6BF, 0xE6BF, 0xE6BF, 0xE6BF, 0xE6DF, 0xE6DF, 0xE6DF, 0xE6DF, 0xE6DF, 0xE6DF, 0xE6FF, 0xE6FF, 0xE6FF, 0xE6FF,
  0xEEFF, 0xEEFF, 0xEEFF, 0xEEFF, 0xEF1F, 0xEF1F, 0xEF1F, 0xEF1F, 0xEF3F, 0xEF3F, 0xEF3F, 0xEF3F, 0xEF3F, 0xEF3F, 0xEF5F, 0xEF5F,
  0xEF5F, 0xEF5F, 0xEF5F, 0xF77F, 0xF77F, 0xF77F, 0xF77F, 0xF77F, 0xF77F, 0xF77F, 0xF77F, 0xF77F, 0xF77F, 0xF77F, 0xF77F, 0xF79F,
  0xF79F, 0xF77F, 0xF79F, 0xF79F, 0xF79F, 0xF79F, 0xF79F, 0xF79F, 0xF79F, 0xF79F, 0xF79F, 0xF79F, 0xF77F, 0xF77F, 0xF77F, 0xF77F,
  0xF77F, 0xF77F, 0xF77F, 0xF77F, 0xF77F, 0xF77F, 0xF77F, 0xF77F, 0xF77F, 0xF77F, 0xF77F, 0xF77F, 0xF77F, 0xF77F, 0xF77F, 0xF77F,
  0xF77F, 0xF77F, 0xF79F, 0xF79F, 0xF79F, 0xF79F, 0xF79F, 0xF77F, 0xF77F, 0xF77F, 0xF77F, 0xF77F, 0xF77F, 0xF77F, 0xF77F, 0xEF3F,
  0xEF1F, 0xEF1F, 0xEF1F, 0xEF1F, 0xEF1F, 0xEF1F, 0xF77F, 0xF77F, 0xF77F, 0xF77F, 0xF77F, 0xF77F, 0xF77F, 0xF77F, 0xF77F, 0xF77F,
  0xF77F, 0xF77F, 0xF77F, 0xF77F, 0xF77F, 0xF77F, 0xF77F, 0xF77F, 0xF77F, 0xF77F, 0xF77F, 0xF77F, 0xF77F, 0xF77F, 0xF77F, 0xF77F,
  0xF77F, 0xF77F, 0xF77F, 0xF77F, 0xF77F, 0xF77F, 0xF77F, 0xF77F, 0xF77F, 0xF77F, 0xF77F, 0xF77F, 0xF77F, 0xF77F, 0xF77F, 0xF77F,
  0x7BB2, 0xD63F, 0xCDDF, 0xCDDF, 0xCDDF, 0xCDDF, 0xCDDF, 0xCDDF, 0xCDDF, 0xCDDF, 0xCDDF, 0xCDDF, 0xCDDF, 0xCDDF, 0xCDDF, 0xCDDF,
  0xCDDF, 0xCDDF, 0xCDDF, 0xCDDF, 0xCDDF, 0xCDDF, 0xCDFF, 0xCDFF, 0xD5FF, 0xD5FF, 0xD5FF, 0xD61F, 0xD61F, 0xD61F, 0xD61F, 0xD63F,
  0xD63F, 0xD63F, 0xDE3F, 0xDE5F, 0xDE5F, 0xDE7F, 0xE67F, 0xE69F, 0xE69F, 0xE69F, 0xE6BF, 0xEEBF, 0xEEDF, 0xEEDF, 0xEEDF, 0xEEDF,
  0xEEDF, 0xF71F, 0xEEDF, 0xCDBE, 0xBD3F, 0xC55F, 0xC55F, 0xC55F, 0xC57F, 0xC57F, 0xCD9F, 0xCD9F, 0xCD9F, 0xCDBF, 0xCDBF, 0xCDDF,
  0xD5DF, 0xD5FF, 0xD5FF, 0xD5FF, 0xD5FF, 0xD61F, 0xD61F, 0xD63F, 0xD63F, 0xDE3F, 0xDE3F, 0xDE3F, 0xDE5F, 0xDE5F, 0xDE5F, 0xDE5F,
  0xDE5F, 0xDE5F, 0xDE7F, 0xDE7F, 0xDE7F, 0xDE5F, 0xDE5F, 0xE67F, 0xE67F, 0xE67F, 0xDE7F, 0xE69F, 0xE69F, 0xE69F, 0xEEFF, 0xE6BE,
  0xDE9F, 0xDEBF, 0xE6BF, 0xE6BF, 0xE6BF, 0xE6DF, 0xE6DF, 0xE6DF, 0xE6DF, 0xE6DF, 0xE6DF, 0xE6FF, 0xE6FF, 0xE6FF, 0xE6FF, 0xE6FF,
  0xEEFF, 0xEEFF, 0xEF1F, 0xEF1F, 0xEF1F, 0xEF1F, 0xEF1F, 0xEF1F, 0xEF3F, 0xEF3F, 0xEF3F, 0xEF3F, 0xEF5F, 0xEF5F, 0xEF5F, 0xEF5F,
  0xEF5F, 0xEF5F, 0xEF5F, 0xF77F, 0xF77F, 0xF77F, 0xF77F, 0xF77F, 0xF77F, 0xF77F, 0xF77F, 0xF77F, 0xF77F, 0xF77F, 0xF77F, 0xF79F,
  0xF79F, 0xF79F, 0xF79F, 0xF79F, 0xF79F, 0xF79F, 0xF79F, 0xF79F, 0xF79F, 0xF79F, 0xF79F, 0xF77F, 0xF77F, 0xF77F, 0xF77F, 0xF77F,
  0xF77F, 0xF77F, 0xF77F, 0xF77F, 0xF77F, 0xF77F, 0xF77F, 0xF77F, 0xF77F, 0xF77F, 0xF77F, 0xF77F, 0xF77F, 0xF77F, 0xF77F, 0xF77F,
  0xF77F, 0xF77F, 0xF79F, 0xF79F, 0xF7BF, 0xF79F, 0xF77F, 0xF77F, 0xF77F, 0xF77F, 0xF77F, 0xF77F, 0xF77F, 0xF77F, 0xF77F, 0xF77F,
  0xEF1F, 0xEF1F, 0xEF1F, 0xEF1F, 0xEF1F, 0xF77F, 0xF77F, 0xF77F, 0xF77F, 0xF77F, 0xF77F, 0xF77F, 0xF77F, 0xF77F, 0xF77F, 0xF77F,
  0xF77F, 0xF77F, 0xF77F, 0xF77F, 0xF77F, 0xF77F, 0xF77F, 0xF77F, 0xF77F, 0xF77F, 0xF77F, 0xF77F, 0xF77F, 0xF77F, 0xF77F, 0xF77F,
  0xF77F, 0xF77F, 0xF77F, 0xF77F, 0xF77F, 0xF77F, 0xF77F, 0xF77F, 0xF77F, 0xF77F, 0xF77F, 0xF77F, 0xF77F, 0xF77F, 0xF77F, 0xF77F,
  0x7BB2, 0xD63F, 0xCDDF, 0xCDFF, 0xCDDF, 0xCDDF, 0xCDDF, 0xCDDF, 0xCDDF, 0xCDDF, 0xCDDF, 0xCDDF, 0xCDDF, 0xCDDF, 0xCDDF, 0xCDDF,
  0xCDDF, 0xCDDF, 0xCDDF, 0xCDDF, 0xCDDF, 0xCDDF, 0xCDFF, 0xCDFF, 0xD5FF, 0xD5FF, 0xD5FF, 0xD5FF, 0xD61F, 0xD61F, 0xD63F, 0xD63F,
  0xD63F, 0xDE3F, 0xDE5F, 0xDE5F, 0xDE7F, 0xDE7F, 0xE69F, 0xE69F, 0xE6BF, 0xE6BF, 0xEEBF, 0xEEDF, 0xEEDF, 0xEEDF, 0xEEDF, 0xF6FF,
  0xEEFF, 0xDE3E, 0xC55E, 0xBD3F, 0xC55F, 0xC55F, 0xC55F, 0xC57F, 0xC57F, 0xCD9F, 0xCD9F, 0xCD9F, 0xCDBF, 0xCDBF, 0xCDDF, 0xCDDF,
  0xD5FF, 0xD5FF, 0xD5FF, 0xD61F, 0xD61F, 0xD61F, 0xD63F, 0xDE3F, 0xDE3F, 0xDE3F, 0xDE3F, 0xDE5F, 0xDE5F, 0xDE5F, 0xDE5F, 0xDE5F,
  0xDE5F, 0xDE5F, 0xDE7F, 0xDE7F, 0xDE7F, 0xE67F, 0xE67F, 0xE67F, 0xE67F, 0xE67F, 0xE69F, 0xE69F, 0xE69F, 0xEEDF, 0xEEDF, 0xDE9F,
  0xE69F, 0xE69F, 0xE6BF, 0xE6BF, 0xE6DF, 0xE6DF, 0xE6DF, 0xE6DF, 0xE6DF, 0xE6DF, 0xE6DF, 0xE6FF, 0xE6FF, 0xE6FF, 0xEEFF, 0xEEFF,
  0xEEFF, 0xEF1F, 0xEF1F, 0xEF1F, 0xEF1F, 0xEF1F, 0xEF1F, 0xEF3F, 0xEF3F, 0xEF3F, 0xEF3F, 0xEF3F, 0xEF5F, 0xEF5F, 0xEF5F, 0xEF5F,
  0xEF5F, 0xF77F, 0xEF5F, 0xF77F, 0xF77F, 0xF77F, 0xF77F, 0xF77F, 0xF77F, 0xF77F, 0xF77F, 0xF77F, 0xF77F, 0xF77F, 0xF79F, 0xF79F,
  0xF79F, 0xF79F, 0xF79F, 0xF79F, 0xF79F, 0xF79F, 0xF79F, 0xF79F, 0xF79F, 0xF79F, 0xF79F, 0xF77F, 0xF77F, 0xF77F, 0xF77F, 0xF77F,
  0xF77F, 0xF77F, 0xF77F, 0xF77F, 0xF77F, 0xF77F, 0xF77F, 0xF77F, 0xF77F, 0xF77F, 0xF77F, 0xF77F, 0xF77F, 0xF77F, 0xF77F, 0xF77F,
  0xF77F, 0xF77F, 0xF79F, 0xF79F, 0xF79F, 0xF77F, 0xF77F, 0xF77F, 0xF77F, 0xF77F, 0xF77F, 0xF77F, 0xF77F, 0xF77F, 0xF77F, 0xF77F,
  0xF77F, 0xEF1F, 0xEF1F, 0xEF1F, 0xEF1F, 0xF77F, 0xF77F, 0xF77F, 0xF77F, 0xF77F, 0xF77F, 0xF77F, 0xF77F, 0xF77F, 0xF77F, 0xF77F,
  0xF77F, 0xF77F, 0xF77F, 0xF77F, 0xF77F, 0xF77F, 0xF77F, 0xF77F, 0xF77F, 0xF77F, 0xF77F, 0xF77F, 0xF77F, 0xF77F, 0xF77F, 0xF77F,
  0xF77F, 0xF77F, 0xF77F, 0xF77F, 0xF77F, 0xF77F, 0xF77F, 0xF77F, 0xF77F, 0xF77F, 0xF77F, 0xF77F, 0xF77F, 0xF77F, 0xF77F, 0xF77F,
  0x7BB2, 0xDE3F, 0xCDDF, 0xCDFF, 0xCDFF, 0xCDFF, 0xCDFF, 0xCDDF, 0xCDDF, 0xCDDF, 0xCDDF, 0xCDDF, 0xCDDF, 0xCDDF, 0xCDDF, 0xCDDF,
  0xCDFF, 0xCDFF, 0xCDDF, 0xCDDF, 0xCDFF, 0xCDFF, 0xCDFF, 0xCDFF, 0xD5FF, 0xD61F, 0xD61F, 0xD61F, 0xD61F, 0xD63F, 0xD63F, 0xDE3F,
  0xDE5F, 0xDE5F, 0xDE7F, 0xDE7F, 0xE67F, 0xE69F, 0xE69F, 0xE6BF, 0xE6BF, 0xE6BF, 0xEEDF, 0xEEDF, 0xEEDF, 0xEEFF, 0xEF1F, 0xE69F,
  0xCD9E, 0xBD1F, 0xC53F, 0xC55F, 0xC55F, 0xC55F, 0xC57F, 0xC57F, 0xCD9F, 0xCD9F, 0xCD9F, 0xCDBF, 0xCDBF, 0xCDDF, 0xCDDF, 0xD5DF,
  0xD5FF, 0xD5FF, 0xD61F, 0xD61F, 0xD61F, 0xD61F, 0xDE3F, 0xDE3F, 0xDE3F, 0xDE3F, 0xDE3F, 0xDE5F, 0xDE5F, 0xDE5F, 0xDE5F, 0xDE5F,
  0xDE7F, 0xDE7F, 0xDE7F, 0xDE7F, 0xDE7F, 0xE67F, 0xE67F, 0xE69F, 0xE69F, 0xE69F, 0xE69F, 0xE69F, 0xE6BF, 0xEEFF, 0xDE9F, 0xDE9F,
  0xDE9F, 0xE6BF, 0xE6BF, 0xE6DF, 0xE6DF, 0xE6DF, 0xE6DF, 0xE6DF, 0xE6DF, 0xE6DF, 0xE6FF, 0xE6FF, 0xE6FF, 0xE6FF, 0xEEFF, 0xEF1F,
  0xEF1F, 0xEF1F, 0xEF1F, 0xEF1F, 0xEF1F, 0xEF3F, 0xEF3F, 0xEF3F, 0xEF3F, 0xEF3F, 0xEF3F, 0xEF3F, 0xEF5F, 0xEF5F, 0xEF5F, 0xEF5F,
  0xEF5F, 0xF77F, 0xF77F, 0xF77F, 0xF77F, 0xF77F, 0xF77F, 0xF77F, 0xF77F, 0xF77F, 0xF77F, 0xF77F, 0xF77F, 0xF79F, 0xF79F, 0xF79F,
  0xF79F, 0xF79F, 0xF79F, 0xF79F, 0xF79F, 0xF79F, 0xF79F, 0xF79F, 0xF79F, 0xF79F, 0xF79F, 0xF79F, 0xF79F, 0xF79F, 0xF79F, 0xF79F,
  0xF79F, 0xF79F, 0xF79F, 0xF79F, 0xF79F, 0xF79F, 0xF79F, 0xF79F, 0xF79F, 0xF79F, 0xF79F, 0xF79F, 0xF79F, 0xF79F, 0xF79F, 0xF79F,
  0xF79F, 0xF79F, 0xF79F, 0xF79F, 0xF79F, 0xF79F, 0xF79F, 0xF79F, 0xF79F, 0xF79F, 0xF79F, 0xF79F, 0xF79F, 0xF79F, 0xF79F, 0xF79F,
  0xF79F, 0xEF1F, 0xEF1F, 0xEF1F, 0xF79F, 0xF79F, 0xF79F, 0xF79F, 0xF79F, 0xF79F, 0xF79F, 0xF79F, 0xF79F, 0xF79F, 0xF79F, 0xF79F,
  0xF79F, 0xF79F, 0xF79F, 0xF79F, 0xF79F, 0xF79F, 0xF79F, 0xF79F, 0xF79F, 0xF79F, 0xF79F, 0xF79F, 0xF79F, 0xF79F, 0xF79F, 0xF79F,
  0xF79F, 0xF79F, 0xF79F, 0xF79F, 0xF79F, 0xF79F, 0xF79F, 0xF79F, 0xF79F, 0xF79F, 0xF79F, 0xF79F, 0xF79F, 0xF79F, 0xF79F, 0xF79F,
  0x7BB3, 0xD63F, 0xCDDF, 0xCDFF, 0xCDFF, 0xCDFF, 0xCDFF, 0xCDFF, 0xCDFF, 0xCDFF, 0xCDFF, 0xCDFF, 0xCDFF, 0xCDFF, 0xCDFF, 0xCDFF,
  0xCDFF, 0xCDFF, 0xCDFF, 0xCDFF, 0xD5FF, 0xD5FF, 0xD5FF, 0xD5FF, 0xD61F, 0xD61F, 0xD61F, 0xD61F, 0xD63F, 0xDE3F, 0xDE5F, 0xDE5F,
  0xDE5F, 0xDE7F, 0xDE7F, 0xE67F, 0xE69F, 0xE69F, 0xE6BF, 0xE6BF, 0xEEBF, 0xE6BF, 0xEEBF, 0xEEDF, 0xEEFF, 0xE6BF, 0xCDDE, 0xBD3E,
  0xBD3F, 0xC55F, 0xC55F, 0xC55F, 0xC55F, 0xC57F, 0xCD9F, 0xCD9F, 0xCD9F, 0xCDBF, 0xCDBF, 0xCDBF, 0xD5DF, 0xD5DF, 0xD5FF, 0xD5FF,
  0xD61F, 0xD5FF, 0xD61F, 0xD63F, 0xD63F, 0xD61F, 0xDE3F, 0xDE3F, 0xDE3F, 0xDE3F, 0xDE5F, 0xDE5F, 0xDE5F, 0xDE5F, 0xDE5F, 0xDE7F,
  0xDE7F, 0xDE7F, 0xDE7F, 0xDE7F, 0xE67F, 0xE69F, 0xE69F, 0xE69F, 0xE69F, 0xE69F, 0xE69F, 0xE6BF, 0xEEFF, 0xE6BF, 0xDE9F, 0xDE9F,
  0xDE9F, 0xE6BF, 0xE6BF, 0xE6DF, 0xE6DF, 0xE6DF, 0xE6DF, 0xE6DF, 0xE6DF, 0xE6FF, 0xE6FF, 0xE6FF, 0xE6FF, 0xEEFF, 0xEEFF, 0xEF1F,
  0xEF1F, 0xEF1F, 0xEF1F, 0xEF1F, 0xEF1F, 0xEF3F, 0xEF3F, 0xEF3F, 0xEF3F, 0xEF3F, 0xEF5F, 0xEF5F, 0xEF5F, 0xF77F, 0xEF5F, 0xEF5F,
  0xF77F, 0xF77F, 0xF77F, 0xF77F, 0xF77F, 0xF77F, 0xF77F, 0xF77F, 0xF77F, 0xF77F, 0xF77F, 0xF77F, 0xF79F, 0xF79F, 0xF79F, 0xF79F,
  0xF79F, 0xF79F, 0xF79F, 0xF79F, 0xF79F, 0xF79F, 0xF79F, 0xF79F, 0xF79F, 0xF79F, 0xF77F, 0xF79F, 0xF79F, 0xF79F, 0xF79F, 0xF79F,
  0xF79F, 0xF79F, 0xF79F, 0xF79F, 0xF79F, 0xF79F, 0xF79F, 0xF79F, 0xF79F, 0xF79F, 0xF79F, 0xF79F, 0xF79F, 0xF79F, 0xF79F, 0xF79F,
  0xF79F, 0xF79F, 0xF79F, 0xF79F, 0xF79F, 0xF79F, 0xF79F, 0xF79F, 0xF79F, 0xF79F, 0xF79F, 0xF79F, 0xF79F, 0xF79F, 0xF79F, 0xF79F,
  0xF79F, 0xEF1F, 0xF79F, 0xF79F, 0xF79F, 0xF79F, 0xF79F, 0xF79F, 0xF79F, 0xF79F, 0xF79F, 0xF79F, 0xF79F, 0xF79F, 0xF79F, 0xF79F,
  0xF79F, 0xF79F, 0xF79F, 0xF79F, 0xF79F, 0xF79F, 0xF79F, 0xF79F, 0xF79F, 0xF79F, 0xF79F, 0xF79F, 0xF79F, 0xF79F, 0xF79F, 0xF79F,
  0xF79F, 0xF79F, 0xF79F, 0xF79F, 0xF79F, 0xF79F, 0xF79F, 0xF79F, 0xF79F, 0xF79F, 0xF79F, 0xF79F, 0xF79F, 0xF79F, 0xF79F, 0xF79F,
  0x83D3, 0xD65F, 0xCDFF, 0xD5FF, 0xCDFF, 0xCDFF, 0xCDFF, 0xCDFF, 0xCDFF, 0xCDFF, 0xCDFF, 0xCDFF, 0xCDFF, 0xCDFF, 0xCDFF, 0xCDFF,
  0xCDFF, 0xCDFF, 0xCDFF, 0xD5FF, 0xD61F, 0xD61F, 0xD61F, 0xD61F, 0xD61F, 0xD61F, 0xD61F, 0xD63F, 0xDE3F, 0xDE3F, 0xDE5F, 0xDE5F,
  0xDE7F, 0xDE7F, 0xE67F, 0xE69F, 0xE69F, 0xE69F, 0xE6BF, 0xE6BF, 0xE6BF, 0xEEDF, 0xEEFF, 0xE69F, 0xD5DE, 0xBD3E, 0xBD1F, 0xC53F,
  0xC55F, 0xC55F, 0xC55F, 0xC57F, 0xC57F, 0xC57F, 0xCD9F, 0xCD9F, 0xCDBF, 0xCDBF, 0xCDBF, 0xCDDF, 0xD5FF, 0xD5FF, 0xD5FF, 0xD5FF,
  0xD61F, 0xD61F, 0xD61F, 0xD63F, 0xD61F, 0xD63F, 0xDE3F, 0xDE3F, 0xDE5F, 0xDE5F, 0xDE5F, 0xDE5F, 0xDE5F, 0xDE5F, 0xDE5F, 0xE67F,
  0xE67F, 0xE67F, 0xE67F, 0xE67F, 0xE69F, 0xE69F, 0xE69F, 0xE69F, 0xE69F, 0xE6BF, 0xE6BF, 0xEEFF, 0xE6DF, 0xDE7F, 0xDE9F, 0xDE9F,
  0xDEBF, 0xE6BF, 0xE6BF, 0xE6DF, 0xE6DF, 0xE6DF, 0xE6DF, 0xE6DF, 0xE6FF, 0xE6FF, 0xE6FF, 0xEEFF, 0xEEFF, 0xEEFF, 0xEF1F, 0xEF1F,
  0xEF1F, 0xEF1F, 0xEF1F, 0xEF3F, 0xEF3F, 0xEF3F, 0xEF3F, 0xEF3F, 0xEF3F, 0xEF5F, 0xEF5F, 0xEF5F, 0xF77F, 0xEF5F, 0xEF5F, 0xEF5F,
  0xF77F, 0xF77F, 0xF77F, 0xF77F, 0xF77F, 0xF77F, 0xF77F, 0xF77F, 0xF77F, 0xF77F, 0xF79F, 0xF79F, 0xF79F, 0xF79F, 0xF79F, 0xF79F,
  0xF79F, 0xF79F, 0xF79F, 0xF79F, 0xF79F, 0xF79F, 0xF79F, 0xF79F, 0xF7BF, 0xF79F, 0xF77F, 0xF79F, 0xF79F, 0xF79F, 0xF79F, 0xF79F,
  0xF79F, 0xF79F, 0xF79F, 0xF79F, 0xF79F, 0xF79F, 0xF79F, 0xF79F, 0xF79F, 0xF79F, 0xF79F, 0xF79F, 0xF79F, 0xF79F, 0xF79F, 0xF79F,
  0xF79F, 0xF79F, 0xF79F, 0xF79F, 0xF79F, 0xF79F, 0xF79F, 0xF79F, 0xF79F, 0xF79F, 0xF79F, 0xF79F, 0xF79F, 0xF79F, 0xF79F, 0xF79F,
  0xF79F, 0xEF1F, 0xF79F, 0xF79F, 0xF79F, 0xF79F, 0xF79F, 0xF79F, 0xF79F, 0xF79F, 0xF79F, 0xF79F, 0xF79F, 0xF79F, 0xF79F, 0xF79F,
  0xF79F, 0xF79F, 0xF79F, 0xF79F, 0xF79F, 0xF79F, 0xF79F, 0xF79F, 0xF79F, 0xF79F, 0xF79F, 0xF79F, 0xF79F, 0xF79F, 0xF79F, 0xF79F,
  0xF79F, 0xF79F, 0xF79F, 0xF79F, 0xF79F, 0xF79F, 0xF79F, 0xF79F, 0xF79F, 0xF79F, 0xF79F, 0xF79F, 0xF79F, 0xF79F, 0xF79F, 0xF79F,
  0x83D3, 0xDE5F, 0xCDFF, 0xCDFF, 0xCDFF, 0xCDFF, 0xCDFF, 0xCDFF, 0xCDFF, 0xCDFF, 0xD61F, 0xD61F, 0xCDFF, 0xCDFF, 0xCDFF, 0xD61F,
  0xD61F, 0xD61F, 0xD61F, 0xD61F, 0xD61F, 0xD61F, 0xD61F, 0xD61F, 0xD61F, 0xD63F, 0xD63F, 0xDE3F, 0xDE5F, 0xDE5F, 0xDE7F, 0xDE7F,
  0xE67F, 0xE67F, 0xE69F, 0xE69F, 0xE69F, 0xE69F, 0xE6BF, 0xEEDF, 0xEEDF, 0xE69F, 0xCDDE, 0xC55F, 0xBD3F, 0xC53F, 0xC55F, 0xC55F,
  0xC55F, 0xC55F, 0xC57F, 0xC57F, 0xC57F, 0xCD9F, 0xCD9F, 0xCDBF, 0xCDBF, 0xCDDF, 0xD5DF, 0xD5DF, 0xD5FF, 0xD5FF, 0xD61F, 0xD61F,
  0xD61F, 0xD61F, 0xDE1F, 0xDE1F, 0xDE3F, 0xDE3F, 0xDE5F, 0xDE5F, 0xDE5F, 0xDE5F, 0xDE5F, 0xDE5F, 0xDE5F, 0xDE5F, 0xDE5F, 0xE67F,
  0xE67F, 0xE67F, 0xE67F, 0xE69F, 0xE69F, 0xE69F, 0xE69F, 0xE69F, 0xE6BF, 0xE6BF, 0xEEFF, 0xEEFF, 0xDE7F, 0xDE9F, 0xDE9F, 0xDE9F,
  0xDEBF, 0xE6BF, 0xE6DF, 0xE6DF, 0xE6DF, 0xE6DF, 0xE6DF, 0xE6FF, 0xE6FF, 0xE6FF, 0xE6FF, 0xEEFF, 0xEF1F, 0xEF1F, 0xEF1F, 0xEF1F,
  0xEF1F, 0xEF1F, 0xEF3F, 0xEF3F, 0xEF3F, 0xEF3F, 0xEF3F, 0xEF3F, 0xEF3F, 0xEF5F, 0xEF5F, 0xF77F, 0xF77F, 0xEF5F, 0xF77F, 0xF77F,
  0xF77F, 0xF77F, 0xF77F, 0xF77F, 0xF77F, 0xF77F, 0xF77F, 0xF77F, 0xF79F, 0xF79F, 0xF79F, 0xF79F, 0xF79F, 0xF79F, 0xF79F, 0xF79F,
  0xF79F, 0xF79F, 0xF79F, 0xF79F, 0xF79F, 0xF79F, 0xF79F, 0xF7BF, 0xF7BF, 0xF79F, 0xF79F, 0xF79F, 0xF79F, 0xF79F, 0xF79F, 0xF79F,
  0xF79F, 0xF79F, 0xF79F, 0xF79F, 0xF79F, 0xF79F, 0xF79F, 0xF79F, 0xF79F, 0xF79F, 0xF79F, 0xF79F, 0xF79F, 0xF79F, 0xF79F, 0xF79F,
  0xF79F, 0xF79F, 0xF79F, 0xF79F, 0xF79F, 0xF79F, 0xF79F, 0xF79F, 0xF79F, 0xF79F, 0xF79F, 0xF79F, 0xF79F, 0xF79F, 0xF79F, 0xF79F,
  0xF79F, 0xF79F, 0xF79F, 0xF79F, 0xF79F, 0xF79F, 0xF79F, 0xF79F, 0xF79F, 0xF79F, 0xF79F, 0xF79F, 0xF79F, 0xF79F, 0xF79F, 0xF79F,
  0xF79F, 0xF79F, 0xF79F, 0xF79F, 0xF79F, 0xF79F, 0xF79F, 0xF79F, 0xF79F, 0xF79F, 0xF79F, 0xF79F, 0xF79F, 0xF79F, 0xF79F, 0xF79F,
  0xF79F, 0xF79F, 0xF79F, 0xF79F, 0xF79F, 0xF79F, 0xF79F, 0xF79F, 0xF79F, 0xF79F, 0xF79F, 0xF79F, 0xF79F, 0xF79F, 0xF79F, 0xF79F,
  0x83D2, 0xDE7F, 0xCDFF, 0xD61F, 0xCE1F, 0xCE1F, 0xD61F, 0xD5FF, 0xD61F, 0xD61F, 0xD61F, 0xD61F, 0xD61F, 0xD61F, 0xD61F, 0xD61F,
  0xD61F, 0xD61F, 0xD61F, 0xD61F, 0xD61F, 0xD61F, 0xD61F, 0xD63F, 0xD63F, 0xD63F, 0xDE5F, 0xDE5F, 0xDE5F, 0xDE5F, 0xDE7F, 0xDE7F,
  0xE67F, 0xE69F, 0xE69F, 0xE6BF, 0xEEBF, 0xEEDF, 0xE6BF, 0xDE3E, 0xCDBE, 0xC55E, 0xBD3F, 0xC55F, 0xC55F, 0xC55F, 0xC55F, 0xC55F,
  0xC57F, 0xC57F, 0xC57F, 0xCD9F, 0xCD9F, 0xCD9F, 0xCDBF, 0xCDBF, 0xCDDF, 0xD5DF, 0xD5DF, 0xD5FF, 0xD5FF, 0xD5FF, 0xD61F, 0xD61F,
  0xDE1F, 0xDE1F, 0xDE1F, 0xDE3F, 0xDE3F, 0xDE3F, 0xDE5F, 0xDE5F, 0xDE5F, 0xDE5F, 0xDE5F, 0xDE5F, 0xDE5F, 0xDE5F, 0xDE5F, 0xE67F,
  0xE67F, 0xE67F, 0xE67F, 0xE69F, 0xE69F, 0xE69F, 0xE6BF, 0xE6BF, 0xE6BF, 0xEEFF, 0xF71F, 0xDE9F, 0xDE9F, 0xDE9F, 0xDE9F, 0xE6BF,
  0xE6BF, 0xE6BF, 0xE6DF, 0xE6DF, 0xE6FF, 0xE6FF, 0xE6FF, 0xE6FF, 0xEEFF, 0xEEFF, 0xEEFF, 0xEEFF, 0xEF1F, 0xEF1F, 0xEF1F, 0xEF1F,
  0xEF1F, 0xEF1F, 0xEF3F, 0xEF3F, 0xEF3F, 0xEF3F, 0xEF3F, 0xEF3F, 0xEF3F, 0xEF5F, 0xF77F, 0xF77F, 0xF77F, 0xF77F, 0xF77F, 0xF77F,
  0xF77F, 0xF77F, 0xF77F, 0xF77F, 0xF77F, 0xF77F, 0xF77F, 0xF77F, 0xF79F, 0xF79F, 0xF79F, 0xF79F, 0xF79F, 0xF79F, 0xF79F, 0xF79F,
  0xF79F, 0xF79F, 0xF79F, 0xF79F, 0xF79F, 0xF79F, 0xF7BF, 0xF7BF, 0xF7BF, 0xFF9F, 0xF79F, 0xF79F, 0xF79F, 0xF79F, 0xF79F, 0xF79F,
  0xF79F, 0xF79F, 0xF79F, 0xF79F, 0xF79F, 0xF79F, 0xF79F, 0xF79F, 0xF79F, 0xF79F, 0xF79F, 0xF79F, 0xF79F, 0xF79F, 0xF79F, 0xF79F,
  0xF79F, 0xF79F, 0xF79F, 0xF79F, 0xF79F, 0xF79F, 0xF79F, 0xF79F, 0xF79F, 0xF79F, 0xF79F, 0xF79F, 0xF79F, 0xF79F, 0xF79F, 0xF79F,
  0xF79F, 0xF79F, 0xF79F, 0xF79F, 0xF79F, 0xF79F, 0xF79F, 0xF79F, 0xF79F, 0xF79F, 0xF79F, 0xF79F, 0xF79F, 0xF79F, 0xF79F, 0xF79F,
  0xF79F, 0xF79F, 0xF79F, 0xF79F, 0xF79F, 0xF79F, 0xF79F, 0xF79F, 0xF79F, 0xF79F, 0xF79F, 0xF79F, 0xF79F, 0xF79F, 0xF79F, 0xF79F,
  0xF79F, 0xF79F, 0xF79F, 0xF79F, 0xF79F, 0xF79F, 0xF79F, 0xF79F, 0xF79F, 0xF79F, 0xF79F, 0xF79F, 0xF79F, 0xF79F, 0xF79F, 0xF79F,
  0x7BB2, 0xDE9F, 0xD61F, 0xD61F, 0xD61F, 0xD61F, 0xD61F, 0xD61F, 0xD61F, 0xD61F, 0xD61F, 0xD61F, 0xD61F, 0xD61F, 0xD61F, 0xD61F,
  0xD61F, 0xD61F, 0xD61F, 0xD63F, 0xD61F, 0xD63F, 0xD63F, 0xD63F, 0xDE3F, 0xDE5F, 0xDE5F, 0xDE5F, 0xDE7F, 0xDE7F, 0xDE7F, 0xE67F,
  0xE69F, 0xE6BF, 0xEEDF, 0xE6BF, 0xDE5F, 0xD5DE, 0xC57E, 0xBD3F, 0xC53F, 0xC55F, 0xC55F, 0xC55F, 0xC55F, 0xC55F, 0xC55F, 0xC57F,
  0xC57F, 0xC57F, 0xCD9F, 0xCD9F, 0xCD9F, 0xCDBF, 0xCDBF, 0xD5DF, 0xD5DF, 0xD5FF, 0xD5FF, 0xD5FF, 0xD5FF, 0xD5FF, 0xD61F, 0xDE1F,
  0xDE1F, 0xDE3F, 0xDE3F, 0xDE3F, 0xDE3F, 0xDE5F, 0xDE5F, 0xDE5F, 0xDE5F, 0xDE5F, 0xE67F, 0xDE5F, 0xDE5F, 0xDE5F, 0xDE5F, 0xE67F,
  0xE67F, 0xE67F, 0xE69F, 0xE69F, 0xE6BF, 0xE6BF, 0xEEBF, 0xEEBF, 0xEEDF, 0xF73F, 0xE6BF, 0xDE9F, 0xDE9F, 0xDEBF, 0xDEBF, 0xE6BF,
  0xE6BF, 0xE6DF, 0xE6DF, 0xE6DF, 0xE6FF, 0xE6FF, 0xE6FF, 0xE6FF, 0xEEFF, 0xE6FF, 0xE6FF, 0xEEFF, 0xEF1F, 0xEF1F, 0xEF1F, 0xEF1F,
  0xEF3F, 0xEF3F, 0xEF3F, 0xEF3F, 0xEF3F, 0xEF3F, 0xEF3F, 0xEF5F, 0xEF5F, 0xEF5F, 0xF77F, 0xEF5F, 0xEF5F, 0xF77F, 0xF77F, 0xF77F,
  0xF77F, 0xF77F, 0xF77F, 0xF77F, 0xF77F, 0xF79F, 0xF79F, 0xF79F, 0xF79F, 0xF79F, 0xF79F, 0xF79F, 0xF79F, 0xF79F, 0xF79F, 0xF79F,
  0xF79F, 0xF79F, 0xF79F, 0xF79F, 0xF79F, 0xF7BF, 0xF7BF, 0xF7BF, 0xF7BF, 0xFF9F, 0xF79F, 0xF79F, 0xF79F, 0xF79F, 0xF79F, 0xF79F,
  0xF79F, 0xF79F, 0xF79F, 0xF79F, 0xF79F, 0xF79F, 0xF79F, 0xF79F, 0xF79F, 0xF79F, 0xF79F, 0xF79F, 0xF79F, 0xF79F, 0xF79F, 0xF79F,
  0xF79F, 0xF79F, 0xF79F, 0xF79F, 0xF79F, 0xF79F, 0xF79F, 0xF79F, 0xF79F, 0xF79F, 0xF79F, 0xF79F, 0xF79F, 0xF79F, 0xF79F, 0xF79F,
  0xF79F, 0xF79F, 0xF79F, 0xF79F, 0xF79F, 0xF79F, 0xF79F, 0xF79F, 0xF79F, 0xF79F, 0xF79F, 0xF79F, 0xF79F, 0xF79F, 0xF79F, 0xF79F,
  0xF79F, 0xF79F, 0xF79F, 0xF79F, 0xF79F, 0xF79F, 0xF79F, 0xF79F, 0xF79F, 0xF79F, 0xF79F, 0xF79F, 0xF79F, 0xF79F, 0xF79F, 0xF79F,
  0xF79F, 0xF79F, 0xF79F, 0xF79F, 0xF79F, 0xF79F, 0xF79F, 0xF79F, 0xF79F, 0xF79F, 0xF79F, 0xF79F, 0xF79F, 0xF79F, 0xF79F, 0xF79F,
  0x7BD2, 0xDE9F, 0xD61F, 0xD63F, 0xD63F, 0xD61F, 0xD61F, 0xD61F, 0xD61F, 0xD61F, 0xD61F, 0xD61F, 0xD61F, 0xD61F, 0xD61F, 0xD63F,
  0xD63F, 0xD63F, 0xD63F, 0xD63F, 0xD63F, 0xDE3F, 0xDE3F, 0xDE5F, 0xDE5F, 0xDE5F, 0xDE5F, 0xDE7F, 0xDE7F, 0xE69F, 0xE69F, 0xE69F,
  0xE69F, 0xDE5F, 0xD5FE, 0xC59E, 0xBD5F, 0xBD3F, 0xC55F, 0xC55F, 0xC55F, 0xC55F, 0xC55F, 0xC55F, 0xC55F, 0xC57F, 0xC57F, 0xC57F,
  0xCD9F, 0xCD9F, 0xCD9F, 0xCDBF, 0xCDBF, 0xCDDF, 0xD5DF, 0xD5DF, 0xD5FF, 0xD5FF, 0xD5FF, 0xD5FF, 0xD61F, 0xD61F, 0xD61F, 0xDE1F,
  0xDE3F, 0xDE3F, 0xDE3F, 0xDE3F, 0xDE3F, 0xDE5F, 0xDE5F, 0xDE5F, 0xDE5F, 0xDE7F, 0xDE5F, 0xDE5F, 0xDE5F, 0xDE7F, 0xE67F, 0xE67F,
  0xE67F, 0xE69F, 0xE69F, 0xE69F, 0xE6BF, 0xEEDF, 0xEEDF, 0xEEFF, 0xF75F, 0xE6DE, 0xDE9F, 0xDE9F, 0xDE9F, 0xDEBF, 0xE6BF, 0xE6BF,
  0xE6DF, 0xE6DF, 0xE6DF, 0xE6DF, 0xE6FF, 0xE6FF, 0xE6FF, 0xEEFF, 0xEEFF, 0xEF1F, 0xEF1F, 0xEF1F, 0xEF1F, 0xEF1F, 0xEF1F, 0xEF1F,
  0xEF3F, 0xEF3F, 0xEF3F, 0xEF3F, 0xEF3F, 0xEF3F, 0xEF3F, 0xEF5F, 0xEF5F, 0xF77F, 0xEF5F, 0xEF5F, 0xEF5F, 0xF77F, 0xF77F, 0xF77F,
  0xF77F, 0xF77F, 0xF77F, 0xF77F, 0xF79F, 0xF79F, 0xF79F, 0xF79F, 0xF79F, 0xF79F, 0xF79F, 0xF79F, 0xF79F, 0xF79F, 0xF79F, 0xF79F,
  0xF79F, 0xF79F, 0xF79F, 0xF79F, 0xF7BF, 0xF7BF, 0xF7BF, 0xF7BF, 0xF7BF, 0xF79F, 0xF79F, 0xF79F, 0xF79F, 0xF79F, 0xF79F, 0xF79F,
  0xF79F, 0xF79F, 0xF79F, 0xF79F, 0xF79F, 0xF79F, 0xF79F, 0xF79F, 0xF79F, 0xF79F, 0xF79F, 0xF79F, 0xF79F, 0xF79F, 0xF79F, 0xF79F,
  0xF79F, 0xF79F, 0xF79F, 0xF79F, 0xF79F, 0xF79F, 0xF79F, 0xF79F, 0xF79F, 0xF79F, 0xF79F, 0xF79F, 0xF79F, 0xF79F, 0xF79F, 0xEEFF,
  0xEEFF, 0xF79F, 0xF79F, 0xF79F, 0xF79F, 0xF79F, 0xF79F, 0xF79F, 0xF79F, 0xF79F, 0xF79F, 0xF79F, 0xF79F, 0xF79F, 0xF79F, 0xF79F,
  0xF79F, 0xF79F, 0xF79F, 0xF79F, 0xF79F, 0xF79F, 0xF79F, 0xF79F, 0xF79F, 0xF79F, 0xF79F, 0xF79F, 0xF79F, 0xF79F, 0xF79F, 0xF79F,
  0xF79F, 0xF79F, 0xF79F, 0xF79F, 0xF79F, 0xF79F, 0xF79F, 0xF79F, 0xF79F, 0xF79F, 0xF79F, 0xF79F, 0xF79F, 0xF79F, 0xF79F, 0xF77F,
  0x7BD2, 0xDE9F, 0xD63F, 0xD65F, 0xD63F, 0xD63F, 0xD61F, 0xD61F, 0xD61F, 0xD63F, 0xD61F, 0xD63F, 0xD63F, 0xD63F, 0xD63F, 0xD63F,
  0xD63F, 0xD63F, 0xDE3F, 0xDE3F, 0xDE5F, 0xDE5F, 0xDE5F, 0xDE5F, 0xDE7F, 0xDE7F, 0xDE7F, 0xE69F, 0xE69F, 0xDE5F, 0xD61F, 0xCDDF,
  0xC59E, 0xBD5F, 0xBD3F, 0xC55F, 0xC57F, 0xC57F, 0xC55F, 0xC55F, 0xC55F, 0xC57F, 0xC57F, 0xC57F, 0xC57F, 0xCD9F, 0xCD9F, 0xCD9F,
  0xCD9F, 0xCDBF, 0xCDBF, 0xCDBF, 0xD5DF, 0xD5DF, 0xD5DF, 0xD5FF, 0xD5FF, 0xD5FF, 0xD61F, 0xD61F, 0xD61F, 0xDE1F, 0xDE3F, 0xDE3F,
  0xDE3F, 0xDE3F, 0xDE3F, 0xDE3F, 0xDE5F, 0xDE5F, 0xDE5F, 0xDE5F, 0xDE7F, 0xDE7F, 0xDE5F, 0xDE5F, 0xE67F, 0xE67F, 0xE69F, 0xE69F,
  0xE69F, 0xE69F, 0xE6BF, 0xEEBF, 0xEEDF, 0xEEDF, 0xEEFF, 0xF75F, 0xE6DF, 0xDE9F, 0xE69F, 0xDE9F, 0xE6BF, 0xE6BF, 0xE6BF, 0xE6DF,
  0xE6DF, 0xE6DF, 0xE6FF, 0xE6FF, 0xE6FF, 0xEEFF, 0xEEFF, 0xEF1F, 0xEF1F, 0xEF1F, 0xEF1F, 0xEF1F, 0xEF1F, 0xEF1F, 0xEF1F, 0xEF1F,
  0xEF3F, 0xEF3F, 0xEF3F, 0xEF3F, 0xEF3F, 0xEF3F, 0xEF3F, 0xEF5F, 0xF77F, 0xF77F, 0xEF5F, 0xF75F, 0xF77F, 0xF77F, 0xF77F, 0xF77F,
  0xF77F, 0xF77F, 0xF79F, 0xF79F, 0xF79F, 0xF79F, 0xF79F, 0xF79F, 0xF79F, 0xF79F, 0xF79F, 0xF79F, 0xF79F, 0xF79F, 0xF79F, 0xF79F,
  0xF79F, 0xF79F, 0xF79F, 0xF7BF, 0xF7BF, 0xF7BF, 0xF7BF, 0xF7BF, 0xF7BF, 0xF7BF, 0xF79F, 0xF79F, 0xF79F, 0xF79F, 0xF79F, 0xF79F,
  0xF79F, 0xF79F, 0xF79F, 0xF79F, 0xF79F, 0xF79F, 0xF79F, 0xF79F, 0xF79F, 0xF79F, 0xF79F, 0xF79F, 0xF79F, 0xF79F, 0xF79F, 0xF79F,
  0xF79F, 0xF79F, 0xF79F, 0xF79F, 0xF7BF, 0xF79F, 0xF79F, 0xF79F, 0xF79F, 0xF79F, 0xF79F, 0xF79F, 0xF79F, 0xF79F, 0xF79F, 0xF79F,
  0xEEFF, 0xF79F, 0xF79F, 0xF79F, 0xF79F, 0xF79F, 0xF79F, 0xF79F, 0xF79F, 0xF79F, 0xF79F, 0xF79F, 0xF79F, 0xF79F, 0xF79F, 0xF79F,
  0xF79F, 0xF79F, 0xF79F, 0xF79F, 0xF79F, 0xF79F, 0xF79F, 0xF79F, 0xF79F, 0xF79F, 0xF79F, 0xF79F, 0xF79F, 0xF79F, 0xF79F, 0xF79F,
  0xF79F, 0xF79F, 0xF79F, 0xF79F, 0xF79F, 0xF79F, 0xF79F, 0xF79F, 0xF79F, 0xF79F, 0xF79F, 0xF79F, 0xF79F, 0xF79F, 0xF79F, 0xF77F,
  0x83D2, 0xE6BF, 0xD63F, 0xD65F, 0xD65F, 0xDE5F, 0xDE3F, 0xD63F, 0xD63F, 0xD63F, 0xD63F, 0xD63F, 0xD63F, 0xDE5F, 0xDE5F, 0xDE5F,
  0xDE5F, 0xDE5F, 0xDE5F, 0xDE5F, 0xDE5F, 0xDE5F, 0xDE5F, 0xDE5F, 0xDE5F, 0xD63F, 0xD61F, 0xD5FF, 0xCDBE, 0xC57E, 0xC55F, 0xBD5F,
  0xC55F, 0xC57F, 0xC57F, 0xC55F, 0xC57F, 0xC57F, 0xC57F, 0xC57F, 0xC57F, 0xC57F, 0xC57F, 0xCD9F, 0xCD9F, 0xCD9F, 0xCDBF, 0xCDBF,
  0xCDBF, 0xCDBF, 0xCDDF, 0xCDDF, 0xD5DF, 0xD5FF, 0xD5FF, 0xD5FF, 0xD5FF, 0xD61F, 0xD61F, 0xD61F, 0xDE1F, 0xDE3F, 0xDE3F, 0xDE3F,
  0xDE3F, 0xDE3F, 0xDE3F, 0xDE5F, 0xDE5F, 0xDE5F, 0xDE5F, 0xDE5F, 0xDE5F, 0xDE5F, 0xDE5F, 0xE67F, 0xE67F, 0xE69F, 0xE69F, 0xE6BF,
  0xE6BF, 0xEEBF, 0xEEDF, 0xEEFF, 0xEEDF, 0xEEFF, 0xF75F, 0xE6DE, 0xDE9F, 0xE6BF, 0xE6BF, 0xE6BF, 0xE6BF, 0xE6BF, 0xE6DF, 0xE6DF,
  0xE6DF, 0xE6FF, 0xE6FF, 0xE6FF, 0xEEFF, 0xEEFF, 0xEF1F, 0xEF1F, 0xEF1F, 0xEF1F, 0xEF1F, 0xEF1F, 0xEF1F, 0xEF1F, 0xEF3F, 0xEF3F,
  0xEF3F, 0xEF3F, 0xEF3F, 0xEF3F, 0xEF3F, 0xEF5F, 0xEF5F, 0xF77F, 0xF77F, 0xEF5F, 0xEF5F, 0xEF5F, 0xF77F, 0xF77F, 0xF77F, 0xF77F,
  0xF77F, 0xF77F, 0xF77F, 0xF79F, 0xF79F, 0xF79F, 0xF79F, 0xF79F, 0xF79F, 0xF79F, 0xF79F, 0xF79F, 0xF79F, 0xF79F, 0xF79F, 0xF7BF,
  0xF7BF, 0xF7BF, 0xF7BF, 0xF7BF, 0xF7BF, 0xF7BF, 0xF7BF, 0xF7BF, 0xF7BF, 0xF7BF, 0xF79F, 0xF79F, 0xF79F, 0xF79F, 0xF79F, 0xF79F,
  0xF79F, 0xF79F, 0xF79F, 0xF79F, 0xF79F, 0xF79F, 0xF79F, 0xF79F, 0xF79F, 0xF79F, 0xF79F, 0xF79F, 0xF79F, 0xF79F, 0xF79F, 0xF79F,
  0xF79F, 0xF79F, 0xF79F, 0xF7BF, 0xFFBF, 0xF7BF, 0xF79F, 0xF79F, 0xF79F, 0xF79F, 0xF79F, 0xF79F, 0xF79F, 0xF79F, 0xF79F, 0xF79F,
  0xF79F, 0xF79F, 0xF79F, 0xF79F, 0xF79F, 0xF79F, 0xF79F, 0xF79F, 0xF79F, 0xF79F, 0xF79F, 0xF79F, 0xF79F, 0xF79F, 0xF79F, 0xF79F,
  0xF79F, 0xF79F, 0xF79F, 0xF79F, 0xF79F, 0xF79F, 0xF79F, 0xF79F, 0xF79F, 0xF79F, 0xF79F, 0xF79F, 0xF79F, 0xF79F, 0xF79F, 0xF79F,
  0xF79F, 0xF79F, 0xF79F, 0xF79F, 0xF79F, 0xF79F, 0xF79F, 0xF79F, 0xF79F, 0xF79F, 0xF79F, 0xF79F, 0xF79F, 0xF79F, 0xF79F, 0xF77F,
  0x83F3, 0xE6BF, 0xD65F, 0xD65F, 0xD65F, 0xDE5F, 0xDE5F, 0xDE5F, 0xD63F, 0xD63F, 0xD63F, 0xD61F, 0xD61F, 0xD61F, 0xD61F, 0xD61F,
  0xD61F, 0xD61F, 0xD61F, 0xD5FF, 0xCDFF, 0xCDDF, 0xCDBF, 0xCD9E, 0xC59F, 0xC57F, 0xC57F, 0xC57F, 0xC57F, 0xC57F, 0xC57F, 0xC57F,
  0xC57F, 0xC57F, 0xC57F, 0xC57F, 0xC57F, 0xC57F, 0xC59F, 0xCD9F, 0xCD9F, 0xCD9F, 0xCD9F, 0xCD9F, 0xCDBF, 0xCDBF, 0xCDBF, 0xCDBF,
  0xCDDF, 0xD5DF, 0xD5DF, 0xD5FF, 0xD5FF, 0xD5FF, 0xD61F, 0xD61F, 0xD61F, 0xDE1F, 0xDE1F, 0xDE1F, 0xDE3F, 0xDE3F, 0xDE3F, 0xDE5F,
  0xDE5F, 0xDE3F, 0xDE3F, 0xDE5F, 0xE67F, 0xE69F, 0xDE5F, 0xDE5F, 0xDE5F, 0xDE5F, 0xE67F, 0xE67F, 0xE69F, 0xE6BF, 0xE6BF, 0xEEDF,
  0xEEDF, 0xEEFF, 0xF6FF, 0xEEDF, 0xF71F, 0xF75F, 0xE6DE, 0xDE9F, 0xE6BF, 0xE6BF, 0xE6BF, 0xE6BF, 0xE6BF, 0xE6DF, 0xE6DF, 0xE6DF,
  0xE6DF, 0xE6FF, 0xE6FF, 0xE6FF, 0xEEFF, 0xEF1F, 0xEF1F, 0xEF1F, 0xEF1F, 0xEF1F, 0xEF1F, 0xEF1F, 0xEF1F, 0xEF3F, 0xEF3F, 0xEF3F,
  0xEF3F, 0xEF3F, 0xEF3F, 0xEF3F, 0xEF5F, 0xEF5F, 0xF77F, 0xF77F, 0xEF5F, 0xF75F, 0xF77F, 0xEF7F, 0xF77F, 0xF77F, 0xF77F, 0xF77F,
  0xF77F, 0xF77F, 0xF79F, 0xF79F, 0xF79F, 0xF79F, 0xF79F, 0xF79F, 0xF79F, 0xF79F, 0xF79F, 0xF79F, 0xF79F, 0xF7BF, 0xF7BF, 0xF7BF,
  0xF7BF, 0xF7BF, 0xF7BF, 0xF7BF, 0xF7BF, 0xF7BF, 0xF7BF, 0xF7BF, 0xF7BF, 0xFFBF, 0xF79F, 0xF79F, 0xF79F, 0xF79F, 0xF79F, 0xF79F,
  0xF79F, 0xF79F, 0xF79F, 0xF79F, 0xF79F, 0xF79F, 0xF79F, 0xF79F, 0xF79F, 0xF79F, 0xF79F, 0xF79F, 0xF79F, 0xF79F, 0xF79F, 0xF79F,
  0xF79F, 0xF79F, 0xF7BF, 0xFFBF, 0xFFBF, 0xF7BF, 0xF7BF, 0xF79F, 0xF79F, 0xF79F, 0xF79F, 0xF79F, 0xF79F, 0xF79F, 0xF79F, 0xF79F,
  0xF79F, 0xF79F, 0xF79F, 0xF79F, 0xF79F, 0xF79F, 0xF79F, 0xF79F, 0xF79F, 0xF79F, 0xF79F, 0xF79F, 0xF79F, 0xF79F, 0xF79F, 0xF79F,
  0xF79F, 0xF79F, 0xF79F, 0xF79F, 0xF79F, 0xF79F, 0xF79F, 0xF79F, 0xF79F, 0xF79F, 0xF79F, 0xF79F, 0xF79F, 0xF79F, 0xF79F, 0xF79F,
  0xF79F, 0xF79F, 0xF79F, 0xF79F, 0xF79F, 0xF79F, 0xF79F, 0xF79F, 0xF79F, 0xF79F, 0xF79F, 0xF79F, 0xF79F, 0xF79F, 0xF79F, 0xF77F,
  0x8C13, 0xE6BF, 0xD63F, 0xD63F, 0xD61F, 0xD5FF, 0xCDFF, 0xCDDF, 0xCDDF, 0xCDDF, 0xCDBF, 0xCDBF, 0xCDBF, 0xCDBF, 0xCD9F, 0xC59F,
  0xCDBF, 0xC59F, 0xC59F, 0xC59F, 0xC57F, 0xC57F, 0xC57F, 0xC57F, 0xC57F, 0xC59F, 0xC59F, 0xC57F, 0xC57F, 0xC59F, 0xC59F, 0xC57F,
  0xC57F, 0xC57F, 0xC57F, 0xC57F, 0xC59F, 0xC59F, 0xCD9F, 0xCD9F, 0xCDBF, 0xCDBF, 0xCDBF, 0xCDBF, 0xCDBF, 0xCDDF, 0xD5DF, 0xD5DF,
  0xD5DF, 0xD5FF, 0xD5FF, 0xD5FF, 0xD61F, 0xD61F, 0xD61F, 0xD63F, 0xDE3F, 0xDE3F, 0xDE3F, 0xDE3F, 0xDE3F, 0xDE3F, 0xDE5F, 0xDE5F,
  0xDE5F, 0xDE5F, 0xDE5F, 0xDE5F, 0xDE7F, 0xDE5F, 0xDE5F, 0xDE5F, 0xDE7F, 0xE67F, 0xE67F, 0xE69F, 0xE6BF, 0xEEBF, 0xEEDF, 0xEEFF,
  0xF6FF, 0xF6FF, 0xEEFF, 0xF73F, 0xF77F, 0xE6BE, 0xDE9F, 0xE69F, 0xE69F, 0xE6BF, 0xE6BF, 0xE6BF, 0xE6DF, 0xE6DF, 0xE6DF, 0xE6DF,
  0xE6FF, 0xE6FF, 0xE6FF, 0xE6FF, 0xEF1F, 0xEF1F, 0xEF1F, 0xEF1F, 0xEF1F, 0xEF1F, 0xEF3F, 0xEF3F, 0xEF3F, 0xEF3F, 0xEF3F, 0xEF3F,
  0xEF3F, 0xEF3F, 0xEF3F, 0xEF5F, 0xEF5F, 0xEF5F, 0xF77F, 0xF75F, 0xEF5F, 0xF75F, 0xF75F, 0xF77F, 0xF77F, 0xF77F, 0xF77F, 0xF77F,
  0xF77F, 0xF77F, 0xF79F, 0xF79F, 0xF79F, 0xF79F, 0xF79F, 0xF79F, 0xF79F, 0xF79F, 0xF79F, 0xF79F, 0xF79F, 0xF7BF, 0xFFBF, 0xF7BF,
  0xF7BF, 0xF7BF, 0xF7BF, 0xF7BF, 0xF7BF, 0xF7BF, 0xF7BF, 0xF7BF, 0xF7BF, 0xFFBF, 0xFFBF, 0xF7BF, 0xF79F, 0xF79F, 0xF79F, 0xF79F,
  0xF79F, 0xF79F, 0xF79F, 0xF79F, 0xF79F, 0xF79F, 0xF79F, 0xF79F, 0xF79F, 0xF79F, 0xF79F, 0xF79F, 0xF79F, 0xF79F, 0xF79F, 0xF79F,
  0xF79F, 0xF79F, 0xFFBF, 0xFFBF, 0xF7BF, 0xFFBF, 0xFFBF, 0xF79F, 0xF79F, 0xF79F, 0xF79F, 0xF79F, 0xF79F, 0xF79F, 0xF79F, 0xF79F,
  0xF79F, 0xF79F, 0xF79F, 0xF79F, 0xF79F, 0xF79F, 0xF79F, 0xF79F, 0xF79F, 0xF79F, 0xF79F, 0xF79F, 0xF79F, 0xF79F, 0xF79F, 0xF79F,
  0xF79F, 0xF79F, 0xF79F, 0xF79F, 0xF79F, 0xF79F, 0xF79F, 0xF79F, 0xF79F, 0xF79F, 0xF79F, 0xF79F, 0xF79F, 0xF79F, 0xF79F, 0xF79F,
  0xF79F, 0xF79F, 0xF79F, 0xF79F, 0xF79F, 0xF79F, 0xF79F, 0xF79F, 0xF79F, 0xF79F, 0xF79F, 0xF79F, 0xF79F, 0xF79F, 0xF77F, 0xF77F,
  0x83F3, 0xDE5F, 0xCDDE, 0xCDDF, 0xCDDF, 0xCDDF, 0xCDBF, 0xCDBF, 0xCDBF, 0xCDBF, 0xCDBF, 0xCDBF, 0xCDBF, 0xCDBF, 0xCDBF, 0xCDBF,
  0xCDBF, 0xCD9F, 0xC59F, 0xC59F, 0xC59F, 0xC59F, 0xC59F, 0xC59F, 0xC59F, 0xC59F, 0xCD9F, 0xC59F, 0xC59F, 0xC59F, 0xC59F, 0xC59F,
  0xC59F, 0xC59F, 0xC59F, 0xCD9F, 0xCD9F, 0xCD9F, 0xCDBF, 0xCDBF, 0xCDBF, 0xCDDF, 0xCDDF, 0xCDDF, 0xD5DF, 0xD5DF, 0xD5DF, 0xD5FF,
  0xD5FF, 0xD5FF, 0xD61F, 0xD61F, 0xD61F, 0xD63F, 0xD63F, 0xDE3F, 0xDE3F, 0xDE3F, 0xDE5F, 0xDE5F, 0xDE5F, 0xDE5F, 0xDE5F, 0xDE5F,
  0xDE5F, 0xDE5F, 0xDE5F, 0xDE5F, 0xDE5F, 0xDE5F, 0xDE5F, 0xE67F, 0xE67F, 0xE69F, 0xE69F, 0xE6BF, 0xEEBF, 0xEEDF, 0xF6FF, 0xF6FF,
  0xF6FF, 0xEF1F, 0xF77F, 0xF77F, 0xE6BE, 0xDE9F, 0xE69F, 0xE69F, 0xE6BF, 0xE6BF, 0xE6BF, 0xE6DF, 0xE6DF, 0xE6DF, 0xE6DF, 0xE6FF,
  0xE6FF, 0xE6FF, 0xE6FF, 0xEF1F, 0xEF1F, 0xEF1F, 0xEF1F, 0xEF1F, 0xEF3F, 0xEF3F, 0xEF3F, 0xEF3F, 0xEF3F, 0xEF3F, 0xEF3F, 0xEF5F,
  0xEF5F, 0xEF5F, 0xEF5F, 0xEF5F, 0xEF5F, 0xF77F, 0xF77F, 0xF75F, 0xF77F, 0xF77F, 0xF77F, 0xF77F, 0xF77F, 0xF77F, 0xF77F, 0xF77F,
  0xF77F, 0xF77F, 0xF79F, 0xF79F, 0xF79F, 0xF79F, 0xF79F, 0xF79F, 0xF79F, 0xF79F, 0xF79F, 0xF7BF, 0xF7BF, 0xF7BF, 0xF7BF, 0xF7BF,
  0xF7BF, 0xF7BF, 0xF7BF, 0xF7BF, 0xFFBF, 0xFFBF, 0xFFBF, 0xFFBF, 0xFFDF, 0xFFDF, 0xFFBF, 0xF7BF, 0xF7BF, 0xF79F, 0xF7BF, 0xF7BF,
  0xF7BF, 0xF7BF, 0xF7BF, 0xF7BF, 0xF7BF, 0xF7BF, 0xF7BF, 0xF7BF, 0xF7BF, 0xF7BF, 0xF7BF, 0xF7BF, 0xF7BF, 0xF7BF, 0xF7BF, 0xF79F,
  0xF79F, 0xFFBF, 0xFFBF, 0xFFBF, 0xF7BF, 0xFFBF, 0xFFBF, 0xF7BF, 0xF79F, 0xF79F, 0xF79F, 0xF7BF, 0xF7BF, 0xF7BF, 0xF7BF, 0xF7BF,
  0xF7BF, 0xF7BF, 0xF7BF, 0xF7BF, 0xF7BF, 0xF7BF, 0xF7BF, 0xF7BF, 0xF7BF, 0xF7BF, 0xF7BF, 0xF7BF, 0xF7BF, 0xF7BF, 0xF7BF, 0xF7BF,
  0xF7BF, 0xF7BF, 0xF7BF, 0xF7BF, 0xF7BF, 0xF7BF, 0xF7BF, 0xF7BF, 0xF7BF, 0xF7BF, 0xF7BF, 0xF7BF, 0xF7BF, 0xF7BF, 0xF7BF, 0xF7BF,
  0xF7BF, 0xF7BF, 0xF7BF, 0xF7BF, 0xF7BF, 0xF7BF, 0xF7BF, 0xF7BF, 0xF7BF, 0xF7BF, 0xF7BF, 0xF77F, 0xF77F, 0xF77F, 0xF77F, 0xF77F,
  0x7BD2, 0xD63F, 0xCDDF, 0xCDDF, 0xCDDF, 0xCDDF, 0xCDBF, 0xCDBF, 0xCDBF, 0xCDBF, 0xCDBF, 0xCDBF, 0xCDBF, 0xCDBF, 0xCDBF, 0xCDBF,
  0xCDBF, 0xC59F, 0xC59F, 0xCDBF, 0xCDBF, 0xCD9F, 0xCD9F, 0xCD9F, 0xCD9F, 0xCD9F, 0xCD9F, 0xCD9F, 0xCD9F, 0xCD9F, 0xCDBF, 0xCDBF,
  0xCD9F, 0xCD9F, 0xCDBF, 0xCDBF, 0xCDBF, 0xCDBF, 0xCDBF, 0xCDDF, 0xCDDF, 0xCDDF, 0xD5DF, 0xD5DF, 0xD5DF, 0xD5FF, 0xD5FF, 0xD5FF,
  0xD61F, 0xD61F, 0xD61F, 0xD61F, 0xDE3F, 0xDE3F, 0xDE3F, 0xDE3F, 0xDE3F, 0xDE3F, 0xDE5F, 0xDE5F, 0xDE5F, 0xDE5F, 0xDE5F, 0xDE5F,
  0xDE5F, 0xDE5F, 0xDE5F, 0xDE5F, 0xDE5F, 0xDE5F, 0xDE5F, 0xE67F, 0xE69F, 0xE69F, 0xE6BF, 0xEEDF, 0xEEFF, 0xF71F, 0xF71F, 0xF71F,
  0xF73F, 0xFF9F, 0xEF3F, 0xDE9E, 0xDE9F, 0xE69F, 0xDE9F, 0xE6BF, 0xE6BF, 0xE6BF, 0xE6DF, 0xE6DF, 0xE6DF, 0xE6DF, 0xE6FF, 0xE6FF,
  0xE6FF, 0xE6FF, 0xEEFF, 0xEF1F, 0xEF1F, 0xEF1F, 0xEF1F, 0xEF3F, 0xEF3F, 0xEF3F, 0xEF3F, 0xEF3F, 0xEF3F, 0xEF3F, 0xEF3F, 0xEF3F,
  0xEF5F, 0xEF5F, 0xEF5F, 0xEF5F, 0xF77F, 0xF77F, 0xF77F, 0xF77F, 0xF77F, 0xF77F, 0xF77F, 0xF77F, 0xF77F, 0xF77F, 0xF77F, 0xF77F,
  0xF79F, 0xF79F, 0xF79F, 0xF79F, 0xF79F, 0xF79F, 0xF79F, 0xF79F, 0xF79F, 0xF79F, 0xF7BF, 0xF7BF, 0xF7BF, 0xF7BF, 0xFFBF, 0xFFBF,
  0xFFBF, 0xFFBF, 0xFFBF, 0xFFBF, 0xFFBF, 0xFFBF, 0xFFBF, 0xFFDF, 0xFFDF, 0xFFDF, 0xFFBF, 0xFFBF, 0xF7BF, 0xF7BF, 0xF79F, 0xF77F,
  0xF7BF, 0xF7BF, 0xF7BF, 0xF7BF, 0xF7BF, 0xF7BF, 0xF7BF, 0xF7BF, 0xF7BF, 0xF7BF, 0xF7BF, 0xF7BF, 0xF7BF, 0xF7BF, 0xF77F, 0xF79F,
  0xF7BF, 0xFFBF, 0xFFBF, 0xFFBF, 0xFFBF, 0xFFBF, 0xFFBF, 0xFFBF, 0xF7BF, 0xF7BF, 0xF79F, 0xF79F, 0xF79F, 0xF7BF, 0xF7BF, 0xF7BF,
  0xF7BF, 0xF7BF, 0xF7BF, 0xF7BF, 0xF7BF, 0xF7BF, 0xF7BF, 0xF7BF, 0xF7BF, 0xF7BF, 0xF7BF, 0xF7BF, 0xF7BF, 0xF7BF, 0xF7BF, 0xF7BF,
  0xF7BF, 0xF7BF, 0xF7BF, 0xF7BF, 0xF7BF, 0xF7BF, 0xF7BF, 0xF7BF, 0xF7BF, 0xF7BF, 0xF7BF, 0xF7BF, 0xF7BF, 0xF7BF, 0xF7BF, 0xF7BF,
  0xF7BF, 0xF7BF, 0xF7BF, 0xF7BF, 0xF7BF, 0xF7BF, 0xF7BF, 0xF7BF, 0xF7BF, 0xF7BF, 0xF7BF, 0xF77F, 0xF79F, 0xF79F, 0xF79F, 0xF79F,
  0x7BB2, 0xD63F, 0xCDDF, 0xCDDF, 0xCDDF, 0xCDDF, 0xCDBF, 0xCDBF, 0xCDBF, 0xCDBF, 0xCDBF, 0xCDBF, 0xCDBF, 0xCDBF, 0xCDBF, 0xCDBF,
  0xCDBF, 0xCDBF, 0xCDBF, 0xCDBF, 0xCDBF, 0xCDBF, 0xCDBF, 0xCD9F, 0xCD9F, 0xCD9F, 0xCD9F, 0xCD9F, 0xCDBF, 0xCDBF, 0xCDBF, 0xCDBF,
  0xCDBF, 0xCDBF, 0xCDBF, 0xCDBF, 0xCDBF, 0xCDDF, 0xCDDF, 0xCDDF, 0xCDDF, 0xCDDF, 0xD5DF, 0xD5FF, 0xD5FF, 0xD5FF, 0xD5FF, 0xD61F,
  0xD61F, 0xD61F, 0xD61F, 0xDE3F, 0xDE3F, 0xDE3F, 0xDE3F, 0xDE3F, 0xDE5F, 0xDE5F, 0xDE5F, 0xDE5F, 0xDE5F, 0xDE5F, 0xDE5F, 0xDE5F,
  0xDE5F, 0xDE5F, 0xDE5F, 0xDE5F, 0xDE5F, 0xE67F, 0xE67F, 0xE69F, 0xE69F, 0xE6BF, 0xEEDF, 0xEEDF, 0xF71F, 0xEF1F, 0xF71F, 0xF77F,
  0xF77F, 0xE6FE, 0xDE9F, 0xDEBF, 0xE69F, 0xE6BF, 0xE6BF, 0xE6BF, 0xE6BF, 0xE6DF, 0xE6DF, 0xE6DF, 0xE6DF, 0xE6DF, 0xE6FF, 0xE6FF,
  0xE6FF, 0xEEFF, 0xEF1F, 0xEF1F, 0xEF1F, 0xEF1F, 0xEF1F, 0xEF3F, 0xEF3F, 0xEF3F, 0xEF3F, 0xEF3F, 0xEF3F, 0xEF3F, 0xEF3F, 0xEF5F,
  0xEF5F, 0xEF5F, 0xEF5F, 0xF79F, 0xF77F, 0xF77F, 0xF77F, 0xF77F, 0xF77F, 0xF77F, 0xF77F, 0xF77F, 0xF77F, 0xF77F, 0xF77F, 0xF79F,
  0xF79F, 0xF79F, 0xF79F, 0xF79F, 0xF79F, 0xF79F, 0xF79F, 0xF79F, 0xF79F, 0xF7BF, 0xF7BF, 0xF7BF, 0xF7BF, 0xF7BF, 0xF7BF, 0xFFBF,
  0xFFBF, 0xFFBF, 0xF7BF, 0xFFDF, 0xFFBF, 0xFFBF, 0xFFBF, 0xFFBF, 0xFFDF, 0xFFDF, 0xFFDF, 0xFFBF, 0xFFDF, 0xF7BF, 0xFFBF, 0xF79F,
  0xF77F, 0xF7BF, 0xF7BF, 0xF7BF, 0xF7BF, 0xF7BF, 0xF7BF, 0xF7BF, 0xF7BF, 0xF7BF, 0xF7BF, 0xF7BF, 0xF7BF, 0xF7BF, 0xF79F, 0xF7BF,
  0xFFBF, 0xFFBF, 0xFFBF, 0xFFBF, 0xFFBF, 0xFFBF, 0xFFBF, 0xFFBF, 0xFFBF, 0xFFBF, 0xF79F, 0xF7BF, 0xF79F, 0xF79F, 0xF79F, 0xF79F,
  0xF79F, 0xF79F, 0xF79F, 0xF79F, 0xF79F, 0xF79F, 0xF79F, 0xF79F, 0xF79F, 0xF79F, 0xF79F, 0xF79F, 0xF79F, 0xF79F, 0xF79F, 0xF79F,
  0xF79F, 0xF79F, 0xF79F, 0xF79F, 0xF79F, 0xF79F, 0xF79F, 0xF79F, 0xF77F, 0xF77F, 0xF77F, 0xF77F, 0xF77F, 0xF77F, 0xF77F, 0xF79F,
  0xF79F, 0xF77F, 0xF77F, 0xF77F, 0xF79F, 0xF79F, 0xF79F, 0xF79F, 0xF79F, 0xF77F, 0xF79F, 0xF79F, 0xF79F, 0xF79F, 0xF79F, 0xF79F,
  0x7BB2, 0xDE5F, 0xCDDF, 0xCDFF, 0xCDDF, 0xCDDF, 0xCDDF, 0xCDBF, 0xCDBF, 0xCDDF, 0xCDBF, 0xCDBF, 0xCDDF, 0xCDBF, 0xCDBF, 0xCDBF,
  0xCDBF, 0xCDBF, 0xCDBF, 0xCDBF, 0xCDBF, 0xCDBF, 0xCDBF, 0xCDBF, 0xCDBF, 0xCDBF, 0xCDBF, 0xCDBF, 0xCDBF, 0xCDBF, 0xCDBF, 0xCDBF,
  0xCDBF, 0xCDDF, 0xCDBF, 0xCDDF, 0xCDDF, 0xCDDF, 0xCDDF, 0xD5DF, 0xD5DF, 0xD5FF, 0xD5FF, 0xD5FF, 0xD5FF, 0xD5FF, 0xD61F, 0xD61F,
  0xD61F, 0xD61F, 0xD63F, 0xD63F, 0xDE3F, 0xDE3F, 0xDE3F, 0xDE5F, 0xDE5F, 0xDE5F, 0xDE5F, 0xDE5F, 0xDE5F, 0xDE5F, 0xDE5F, 0xDE5F,
  0xDE5F, 0xDE5F, 0xDE5F, 0xE67F, 0xE67F, 0xE67F, 0xE69F, 0xE6BF, 0xEEBF, 0xEEDF, 0xEEFF, 0xEEFF, 0xEF1F, 0xF73F, 0xFF7F, 0xEF3F,
  0xE6BF, 0xE69F, 0xE6BF, 0xE6BF, 0xE6BF, 0xE6BF, 0xE6BF, 0xE6DF, 0xE6DF, 0xE6DF, 0xE6DF, 0xE6DF, 0xE6DF, 0xE6FF, 0xE6FF, 0xE6FF,
  0xEF1F, 0xEF1F, 0xEF1F, 0xEF1F, 0xEF1F, 0xEF1F, 0xEF1F, 0xEF1F, 0xEF3F, 0xEF3F, 0xEF3F, 0xEF3F, 0xEF3F, 0xEF3F, 0xEF5F, 0xEF5F,
  0xEF5F, 0xEF5F, 0xF79F, 0xF77F, 0xEF5F, 0xF77F, 0xF77F, 0xF77F, 0xF77F, 0xF77F, 0xF77F, 0xF77F, 0xF77F, 0xF77F, 0xF79F, 0xF79F,
  0xF79F, 0xF79F, 0xF79F, 0xF79F, 0xF79F, 0xF79F, 0xF79F, 0xF79F, 0xF7BF, 0xF7BF, 0xF7BF, 0xFFBF, 0xF7BF, 0xFFBF, 0xFFBF, 0xFFBF,
  0xFFBF, 0xFFBF, 0xFFBF, 0xFFBF, 0xFFBF, 0xFFBF, 0xFFBF, 0xFFBF, 0xFFBF, 0xFFBF, 0xFFBF, 0xFFBF, 0xFFDF, 0xFFBF, 0xFFBF, 0xFFBF,
  0xF79F, 0xF7BF, 0xF7BF, 0xF7BF, 0xF7BF, 0xF7BF, 0xF7BF, 0xF7BF, 0xEF5F, 0xF77F, 0xF77F, 0xF79F, 0xF79F, 0xF7BF, 0xF7BF, 0xF7BF,
  0xFFBF, 0xFFBF, 0xFFBF, 0xF7BF, 0xFFBF, 0xFFBF, 0xFFBF, 0xFFBF, 0xFFBF, 0xFFBF, 0xFFBF, 0xFFBF, 0xFFBF, 0xFFBF, 0xF7BF, 0xF7BF,
  0xF7BF, 0xF7BF, 0xF79F, 0xF79F, 0xF79F, 0xF79F, 0xF79F, 0xF79F, 0xF79F, 0xF79F, 0xF79F, 0xF79F, 0xF79F, 0xF79F, 0xF79F, 0xF79F,
  0xF79F, 0xF79F, 0xF79F, 0xF79F, 0xF79F, 0xF79F, 0xF79F, 0xF79F, 0xF79F, 0xF79F, 0xF79F, 0xF79F, 0xF79F, 0xF79F, 0xF79F, 0xF79F,
  0xF79F, 0xF79F, 0xF79F, 0xF79F, 0xF79F, 0xF79F, 0xF79F, 0xF79F, 0xF79F, 0xF79F, 0xF79F, 0xF79F, 0xF79F, 0xF79F, 0xF79F, 0xF79F,
  0x7BD3, 0xDE5F, 0xCDFF, 0xCDFF, 0xCDDF, 0xCDDF, 0xCDDF, 0xCDBF, 0xCDDF, 0xCDBF, 0xCDDF, 0xCDDF, 0xCDDF, 0xCDDF, 0xCDDF, 0xCDBF,
  0xCDDF, 0xCDBF, 0xCDBF, 0xCDBF, 0xCDBF, 0xCDBF, 0xCDBF, 0xCDBF, 0xCDBF, 0xCDBF, 0xCDBF, 0xCDBF, 0xCDBF, 0xCDBF, 0xCDDF, 0xCDDF,
  0xCDDF, 0xCDDF, 0xCDDF, 0xCDDF, 0xCDDF, 0xD5DF, 0xD5FF, 0xD5FF, 0xD5FF, 0xD61F, 0xD61F, 0xD61F, 0xD61F, 0xD61F, 0xD61F, 0xD61F,
  0xD61F, 0xD61F, 0xDE3F, 0xDE3F, 0xDE3F, 0xDE5F, 0xDE5F, 0xDE5F, 0xDE5F, 0xDE5F, 0xDE5F, 0xDE5F, 0xDE5F, 0xDE5F, 0xDE5F, 0xDE5F,
  0xDE5F, 0xDE5F, 0xE67F, 0xE67F, 0xE69F, 0xE69F, 0xE6BF, 0xEEBF, 0xEEDF, 0xEEDF, 0xEEFF, 0xF71F, 0xF75F, 0xF73F, 0xE6DF, 0xDEBF,
  0xE6BF, 0xE6BF, 0xE6BF, 0xE6BF, 0xE6BF, 0xE6DF, 0xE6DF, 0xE6DF, 0xE6DF, 0xE6DF, 0xE6DF, 0xE6FF, 0xE6FF, 0xE6FF, 0xEEFF, 0xEF1F,
  0xEF1F, 0xEF1F, 0xEF1F, 0xEF1F, 0xEF1F, 0xEF1F, 0xEF1F, 0xEF1F, 0xEF3F, 0xEF3F, 0xEF3F, 0xEF3F, 0xEF3F, 0xEF3F, 0xEF5F, 0xEF5F,
  0xEF5F, 0xF79F, 0xF77F, 0xEF5F, 0xF77F, 0xF77F, 0xF77F, 0xF77F, 0xF77F, 0xF77F, 0xF77F, 0xF79F, 0xF77F, 0xF79F, 0xF79F, 0xF79F,
  0xF79F, 0xF79F, 0xF79F, 0xF79F, 0xF79F, 0xF79F, 0xF79F, 0xF7BF, 0xF7BF, 0xF7BF, 0xF7BF, 0xF7BF, 0xFFBF, 0xFFBF, 0xFFBF, 0xFFBF,
  0xFFBF, 0xFFBF, 0xFFBF, 0xFFBF, 0xFFBF, 0xFFBF, 0xFFBF, 0xFFBF, 0xFFBF, 0xFFBF, 0xFFBF, 0xFFBF, 0xFFBF, 0xFFBF, 0xFFBF, 0xFFBF,
  0xFFBF, 0xF7BF, 0xF79F, 0xF79F, 0xF79F, 0xF77F, 0xF77F, 0xF77F, 0xF79F, 0xF79F, 0xF79F, 0xF7BF, 0xF7BF, 0xF7BF, 0xF7BF, 0xF7BF,
  0xF7BF, 0xF7BF, 0xF7BF, 0xFFBF, 0xF7BF, 0xF7BF, 0xFFBF, 0xFFBF, 0xFFBF, 0xFFBF, 0xFFBF, 0xFFBF, 0xFFBF, 0xFFBF, 0xF7BF, 0xF7BF,
  0xF7BF, 0xF7BF, 0xF7BF, 0xF7BF, 0xF7BF, 0xF7BF, 0xF79F, 0xF7BF, 0xF7BF, 0xF79F, 0xF79F, 0xF79F, 0xF79F, 0xF79F, 0xF79F, 0xF79F,
  0xF79F, 0xF79F, 0xF79F, 0xF79F, 0xF79F, 0xF79F, 0xF79F, 0xF79F, 0xF79F, 0xF79F, 0xF79F, 0xF79F, 0xF79F, 0xF79F, 0xF79F, 0xF79F,
  0xF79F, 0xF79F, 0xF79F, 0xF79F, 0xFF9F, 0xF79F, 0xF79F, 0xF79F, 0xF79F, 0xF79F, 0xF79F, 0xF79F, 0xF79F, 0xF79F, 0xF79F, 0xF79F,
  0x7BD3, 0xDE5F, 0xCDFF, 0xCDFF, 0xCDDF, 0xCDDF, 0xCDDF, 0xCDDF, 0xCDDF, 0xCDDF, 0xCDDF, 0xCDDF, 0xCDDF, 0xCDDF, 0xCDDF, 0xCDDF,
  0xCDDF, 0xCDDF, 0xCDBF, 0xCDDF, 0xCDDF, 0xCDDF, 0xCDDF, 0xCDDF, 0xCDDF, 0xCDDF, 0xCDDF, 0xCDDF, 0xCDDF, 0xCDDF, 0xD5DF, 0xCDDF,
  0xCDDF, 0xCDDF, 0xCDDF, 0xD5FF, 0xD5FF, 0xD5FF, 0xD5FF, 0xD61F, 0xD61F, 0xD61F, 0xD61F, 0xD61F, 0xD61F, 0xD61F, 0xD61F, 0xD61F,
  0xD63F, 0xD61F, 0xDE3F, 0xDE3F, 0xDE5F, 0xDE5F, 0xDE5F, 0xDE5F, 0xDE5F, 0xDE5F, 0xDE5F, 0xDE5F, 0xDE5F, 0xDE5F, 0xDE5F, 0xDE5F,
  0xDE5F, 0xE67F, 0xE67F, 0xE69F, 0xE69F, 0xE6BF, 0xEEBF, 0xEEDF, 0xEEDF, 0xEEFF, 0xF73F, 0xF73F, 0xEEDF, 0xE69F, 0xE69F, 0xE6BF,
  0xE6BF, 0xE6BF, 0xE6BF, 0xE6DF, 0xE6DF, 0xE6DF, 0xE6DF, 0xE6DF, 0xE6DF, 0xE6DF, 0xE6FF, 0xE6FF, 0xE6FF, 0xEEFF, 0xEEFF, 0xEF1F,
  0xEF1F, 0xEF1F, 0xEF1F, 0xEF1F, 0xEF1F, 0xEF1F, 0xEF1F, 0xEF3F, 0xEF3F, 0xEF3F, 0xEF3F, 0xEF3F, 0xEF3F, 0xEF5F, 0xEF5F, 0xEF5F,
  0xF79F, 0xF77F, 0xEF5F, 0xF77F, 0xEF5F, 0xF77F, 0xF77F, 0xF77F, 0xF77F, 0xF77F, 0xF77F, 0xF77F, 0xF79F, 0xF79F, 0xF79F, 0xF79F,
  0xF79F, 0xF79F, 0xF79F, 0xF79F, 0xF7BF, 0xF7BF, 0xF7BF, 0xF7BF, 0xF7BF, 0xF7BF, 0xF7BF, 0xFFBF, 0xFFBF, 0xFFBF, 0xFFBF, 0xFFBF,
  0xFFBF, 0xFFBF, 0xFFBF, 0xFFBF, 0xFFBF, 0xFFBF, 0xFFBF, 0xFFBF, 0xFFBF, 0xFFBF, 0xFFBF, 0xFFBF, 0xFFBF, 0xFFBF, 0xFFDF, 0xFFDF,
  0xFFDF, 0xFFDF, 0xFFBF, 0xF7BF, 0xF7BF, 0xF7BF, 0xF7BF, 0xF7BF, 0xF7BF, 0xF7BF, 0xF7BF, 0xFFBF, 0xFFBF, 0xF7BF, 0xF7BF, 0xF7BF,
  0xF7BF, 0xFFBF, 0xF7BF, 0xF7BF, 0xF7BF, 0xF7BF, 0xFFBF, 0xFFBF, 0xFFBF, 0xFFBF, 0xFFBF, 0xF7BF, 0xF7BF, 0xF7BF, 0xF7BF, 0xF7BF,
  0xF7BF, 0xF7BF, 0xF7BF, 0xF79F, 0xF7BF, 0xFFBF, 0xF79F, 0xF7BF, 0xF79F, 0xF79F, 0xF79F, 0xF79F, 0xF79F, 0xF79F, 0xF79F, 0xF79F,
  0xF79F, 0xF79F, 0xF79F, 0xF79F, 0xF79F, 0xF79F, 0xF79F, 0xF79F, 0xF79F, 0xF79F, 0xF79F, 0xF79F, 0xF79F, 0xF79F, 0xF79F, 0xF79F,
  0xF79F, 0xF79F, 0xF79F, 0xF79F, 0xF79F, 0xF79F, 0xF79F, 0xF79F, 0xF79F, 0xF79F, 0xF79F, 0xF79F, 0xF79F, 0xF79F, 0xF79F, 0xF79F,
  0x7BB2, 0xDE5F, 0xCDFF, 0xCDFF, 0xCDFF, 0xCDDF, 0xCDDF, 0xCDDF, 0xCDDF, 0xCDDF, 0xCDDF, 0xCDDF, 0xCDDF, 0xCDDF, 0xCDDF, 0xCDDF,
  0xCDDF, 0xCDDF, 0xCDDF, 0xCDDF, 0xCDDF, 0xCDDF, 0xCDDF, 0xCDDF, 0xCDDF, 0xD5DF, 0xD5DF, 0xD5DF, 0xD5DF, 0xD5DF, 0xD5DF, 0xD5DF,
  0xD5FF, 0xD5FF, 0xD5FF, 0xD5FF, 0xD5FF, 0xD5FF, 0xD61F, 0xD61F, 0xD61F, 0xD61F, 0xD61F, 0xD61F, 0xD61F, 0xD61F, 0xD63F, 0xD63F,
  0xDE1F, 0xDE3F, 0xDE3F, 0xDE3F, 0xDE5F, 0xDE5F, 0xDE5F, 0xDE5F, 0xDE5F, 0xDE5F, 0xDE5F, 0xDE5F, 0xDE5F, 0xDE5F, 0xDE7F, 0xDE7F,
  0xE67F, 0xE69F, 0xE69F, 0xE6BF, 0xE6BF, 0xE6BF, 0xEEDF, 0xEEFF, 0xF73F, 0xF73F, 0xEEDF, 0xE69F, 0xE69F, 0xE6BF, 0xE6BF, 0xE6BF,
  0xE6BF, 0xE6BF, 0xE6DF, 0xE6DF, 0xE6DF, 0xE6DF, 0xE6DF, 0xE6FF, 0xE6FF, 0xE6FF, 0xE6FF, 0xE6FF, 0xE6FF, 0xEEFF, 0xEEFF, 0xEF1F,
  0xEF1F, 0xEF1F, 0xEF1F, 0xEF1F, 0xEF3F, 0xEF3F, 0xEF3F, 0xEF3F, 0xEF3F, 0xEF3F, 0xEF3F, 0xEF3F, 0xEF5F, 0xEF5F, 0xEF5F, 0xF79F,
  0xF77F, 0xEF5F, 0xF77F, 0xF77F, 0xF77F, 0xF77F, 0xF77F, 0xF77F, 0xF77F, 0xF77F, 0xF77F, 0xF79F, 0xF79F, 0xF79F, 0xF79F, 0xF79F,
  0xF79F, 0xF79F, 0xF79F, 0xF7BF, 0xFFBF, 0xFFBF, 0xF7BF, 0xF7BF, 0xF7BF, 0xFFBF, 0xFFBF, 0xFFBF, 0xFFBF, 0xFFBF, 0xFFBF, 0xFFBF,
  0xFFBF, 0xFFBF, 0xFFBF, 0xFFBF, 0xFFBF, 0xFFBF, 0xFFBF, 0xFFBF, 0xFFBF, 0xFFBF, 0xFFBF, 0xFFBF, 0xFFBF, 0xFFBF, 0xFFDF, 0xFFDF,
  0xFFDF, 0xFFDF, 0xFFDF, 0xFFBF, 0xFFBF, 0xFFBF, 0xFFBF, 0xFFBF, 0xFFBF, 0xFFBF, 0xFFBF, 0xF7BF, 0xFFBF, 0xF7BF, 0xFFBF, 0xF7BF,
  0xF7BF, 0xFFBF, 0xF7BF, 0xFFBF, 0xF7BF, 0xF7BF, 0xFFBF, 0xFFBF, 0xFFBF, 0xFFBF, 0xF7BF, 0xF7BF, 0xF7BF, 0xF7BF, 0xF7BF, 0xF7BF,
  0xF7BF, 0xF7BF, 0xF79F, 0xF79F, 0xF7BF, 0xF7BF, 0xF79F, 0xF7BF, 0xF79F, 0xF7BF, 0xF79F, 0xF79F, 0xF79F, 0xF79F, 0xF79F, 0xF79F,
  0xF79F, 0xF79F, 0xF79F, 0xF79F, 0xF79F, 0xF79F, 0xF79F, 0xF79F, 0xF79F, 0xF79F, 0xF79F, 0xF79F, 0xF79F, 0xF79F, 0xF79F, 0xF79F,
  0xF79F, 0xF79F, 0xF79F, 0xF79F, 0xF79F, 0xF79F, 0xF79F, 0xF79F, 0xF79F, 0xF79F, 0xF79F, 0xF79F, 0xF79F, 0xF79F, 0xF79F, 0xF79F,
  0x7BB2, 0xDE5F, 0xCDFF, 0xCDFF, 0xCDFF, 0xD5FF, 0xD5FF, 0xCDFF, 0xD5FF, 0xCDFF, 0xCDFF, 0xCDFF, 0xCDDF, 0xCDDF, 0xCDDF, 0xCDDF,
  0xCDDF, 0xCDDF, 0xD5DF, 0xD5DF, 0xD5FF, 0xD5DF, 0xD5DF, 0xD5DF, 0xCDDF, 0xD5DF, 0xD5DF, 0xD5DF, 0xD5FF, 0xD5DF, 0xD5FF, 0xD5FF,
  0xD5FF, 0xD5FF, 0xD61F, 0xD61F, 0xD61F, 0xD61F, 0xD61F, 0xD61F, 0xD61F, 0xD61F, 0xD61F, 0xD63F, 0xD61F, 0xD63F, 0xDE3F, 0xDE3F,
  0xDE3F, 0xDE3F, 0xDE3F, 0xDE3F, 0xDE5F, 0xDE5F, 0xDE5F, 0xDE5F, 0xDE5F, 0xDE5F, 0xDE5F, 0xE67F, 0xDE7F, 0xE67F, 0xE69F, 0xE69F,
  0xE69F, 0xE69F, 0xE69F, 0xE6BF, 0xEEBF, 0xEEFF, 0xF71F, 0xEF1F, 0xE6DF, 0xDE9F, 0xDE9F, 0xE69F, 0xE6BF, 0xE6BF, 0xE6BF, 0xE6BF,
  0xE6BF, 0xE6DF, 0xE6DF, 0xE6DF, 0xE6FF, 0xE6FF, 0xE6FF, 0xE6FF, 0xE6FF, 0xEEFF, 0xEEFF, 0xEEFF, 0xEEFF, 0xEF1F, 0xEF1F, 0xEF1F,
  0xEF1F, 0xEF1F, 0xEF1F, 0xEF1F, 0xEF3F, 0xEF3F, 0xEF3F, 0xEF3F, 0xEF3F, 0xEF3F, 0xEF3F, 0xEF5F, 0xEF5F, 0xF77F, 0xF79F, 0xF77F,
  0xEF5F, 0xF77F, 0xF77F, 0xF77F, 0xF77F, 0xF77F, 0xF77F, 0xF77F, 0xF77F, 0xF77F, 0xF79F, 0xF79F, 0xF79F, 0xF79F, 0xF79F, 0xF79F,
  0xF79F, 0xF79F, 0xF7BF, 0xF7BF, 0xF7BF, 0xF7BF, 0xFFBF, 0xFFBF, 0xFFBF, 0xFFBF, 0xFFBF, 0xFFBF, 0xFFBF, 0xFFBF, 0xFFBF, 0xFFBF,
  0xFFBF, 0xFFBF, 0xFFBF, 0xFFBF, 0xFFBF, 0xFFBF, 0xFFBF, 0xFFBF, 0xFFBF, 0xFFBF, 0xFFBF, 0xFFBF, 0xFFBF, 0xFFBF, 0xFFBF, 0xFFDF,
  0xFFDF, 0xFFDF, 0xFFDF, 0xFFDF, 0xFFBF, 0xFFBF, 0xFFBF, 0xFFDF, 0xFFDF, 0xFFDF, 0xFFDF, 0xFFDF, 0xFFDF, 0xFFBF, 0xFFBF, 0xFFBF,
  0xFFBF, 0xFFBF, 0xF7BF, 0xF7BF, 0xF7BF, 0xF7BF, 0xF7BF, 0xF7BF, 0xF7BF, 0xF7BF, 0xF7BF, 0xF7BF, 0xF7BF, 0xFFBF, 0xFFBF, 0xFFBF,
  0xFFBF, 0xFFBF, 0xF7BF, 0xF7BF, 0xF7BF, 0xF7BF, 0xF7BF, 0xF7BF, 0xF79F, 0xF79F, 0xF79F, 0xF79F, 0xF79F, 0xF79F, 0xF79F, 0xF79F,
  0xF79F, 0xF79F, 0xF79F, 0xF79F, 0xF79F, 0xF79F, 0xF79F, 0xF79F, 0xF79F, 0xF79F, 0xF79F, 0xF79F, 0xF79F, 0xF79F, 0xF79F, 0xF79F,
  0xF79F, 0xF79F, 0xF79F, 0xF79F, 0xF79F, 0xF79F, 0xF79F, 0xF79F, 0xF79F, 0xF79F, 0xF79F, 0xF79F, 0xF79F, 0xF79F, 0xF79F, 0xF79F,
  0x7BB2, 0xDE5F, 0xCDFF, 0xCE1F, 0xD61F, 0xD5FF, 0xD5FF, 0xD5FF, 0xD5FF, 0xD5FF, 0xCDFF, 0xD5FF, 0xD5FF, 0xD5DF, 0xCDDF, 0xD5DF,
  0xD5DF, 0xD5DF, 0xD5FF, 0xD5FF, 0xD5FF, 0xD5FF, 0xD5FF, 0xD5FF, 0xD5FF, 0xD5FF, 0xD5FF, 0xD5FF, 0xD5FF, 0xD5FF, 0xD5FF, 0xD61F,
  0xD61F, 0xD5FF, 0xD61F, 0xD61F, 0xD61F, 0xD61F, 0xD61F, 0xD61F, 0xD61F, 0xD63F, 0xDE3F, 0xDE3F, 0xDE3F, 0xDE3F, 0xDE3F, 0xDE3F,
  0xDE3F, 0xDE3F, 0xDE3F, 0xDE5F, 0xDE5F, 0xDE5F, 0xDE5F, 0xDE5F, 0xDE7F, 0xDE7F, 0xE67F, 0xE67F, 0xE69F, 0xE69F, 0xE69F, 0xE69F,
  0xE69F, 0xE6BF, 0xEEDF, 0xEEFF, 0xEF1F, 0xEEDF, 0xE6BF, 0xDE9F, 0xDE9F, 0xDE9F, 0xE6BF, 0xE6BF, 0xE6BF, 0xE6BF, 0xE6BF, 0xE6DF,
  0xE6DF, 0xE6DF, 0xE6DF, 0xE6FF, 0xE6FF, 0xE6FF, 0xE6FF, 0xEEFF, 0xEEFF, 0xE6FF, 0xEEFF, 0xEEFF, 0xEEFF, 0xEF1F, 0xEEFF, 0xEF1F,
  0xEF1F, 0xEF1F, 0xEF1F, 0xEF1F, 0xEF3F, 0xEF1F, 0xEF3F, 0xEF3F, 0xEF3F, 0xEF3F, 0xEF3F, 0xEF3F, 0xF77F, 0xF77F, 0xEF5F, 0xEF5F,
  0xF77F, 0xF77F, 0xF77F, 0xF77F, 0xF77F, 0xF77F, 0xF77F, 0xF77F, 0xF79F, 0xF79F, 0xF79F, 0xF79F, 0xF79F, 0xF79F, 0xF79F, 0xF79F,
  0xF7BF, 0xF7BF, 0xF7BF, 0xF7BF, 0xF7BF, 0xFFBF, 0xFFBF, 0xFFBF, 0xFFBF, 0xFFBF, 0xFFBF, 0xFFBF, 0xFFBF, 0xFFBF, 0xFFBF, 0xFFBF,
  0xFFBF, 0xFFBF, 0xFFBF, 0xFFBF, 0xFFBF, 0xFFBF, 0xFFBF, 0xFFBF, 0xFFBF, 0xFFBF, 0xFFDF, 0xFFBF, 0xFFBF, 0xFFBF, 0xFFDF, 0xFFBF,
  0xFFBF, 0xFFDF, 0xFFDF, 0xFFDF, 0xFFDF, 0xFFBF, 0xFFBF, 0xFFDF, 0xFFBF, 0xFFBF, 0xFFBF, 0xFFBF, 0xFFBF, 0xFFBF, 0xFFBF, 0xFFBF,
  0xFFBF, 0xFFBF, 0xF7BF, 0xF7BF, 0xFFBF, 0xFFBF, 0xF7BF, 0xF7BF, 0xF7BF, 0xF7BF, 0xF7BF, 0xF7BF, 0xF7BF, 0xFFBF, 0xFFBF, 0xFFBF,
  0xF7BF, 0xFFBF, 0xF79F, 0xF7BF, 0xF7BF, 0xF7BF, 0xF7BF, 0xF79F, 0xF79F, 0xF79F, 0xF79F, 0xF79F, 0xF79F, 0xF79F, 0xF79F, 0xF79F,
  0xF79F, 0xF79F, 0xF79F, 0xF79F, 0xF79F, 0xF79F, 0xF79F, 0xF79F, 0xF79F, 0xF79F, 0xF79F, 0xF79F, 0xF79F, 0xF79F, 0xF79F, 0xF79F,
  0xF79F, 0xF79F, 0xF79F, 0xF79F, 0xF79F, 0xF79F, 0xF79F, 0xF79F, 0xF79F, 0xF79F, 0xF79F, 0xF79F, 0xF79F, 0xF79F, 0xF79F, 0xF79F,
  0x83D3, 0xDE7F, 0xD5FF, 0xD61F, 0xD61F, 0xD61F, 0xD61F, 0xD61F, 0xD5FF, 0xD5FF, 0xD5FF, 0xD5FF, 0xD5FF, 0xD5FF, 0xD5FF, 0xD5FF,
  0xD5FF, 0xD5FF, 0xD5FF, 0xD5FF, 0xD5FF, 0xD61F, 0xD61F, 0xD61F, 0xD61F, 0xD61F, 0xD61F, 0xD61F, 0xD61F, 0xD61F, 0xD61F, 0xD61F,
  0xD61F, 0xD61F, 0xD63F, 0xDE3F, 0xD63F, 0xDE3F, 0xDE3F, 0xDE3F, 0xD63F, 0xDE3F, 0xDE5F, 0xDE5F, 0xDE5F, 0xDE5F, 0xDE5F, 0xDE5F,
  0xDE5F, 0xDE5F, 0xDE5F, 0xDE5F, 0xDE5F, 0xDE5F, 0xDE7F, 0xE67F, 0xE67F, 0xE69F, 0xE69F, 0xE69F, 0xE69F, 0xE69F, 0xE6BF, 0xEEDF,
  0xEEFF, 0xEF1F, 0xEEFF, 0xE6BF, 0xDE9F, 0xDE7F, 0xDE7F, 0xDE9F, 0xDE9F, 0xDE9F, 0xE6BF, 0xE6BF, 0xE6DF, 0xE6DF, 0xE6DF, 0xE6DF,
  0xE6DF, 0xE6DF, 0xE6FF, 0xE6FF, 0xE6FF, 0xEEFF, 0xEEFF, 0xEEFF, 0xEF1F, 0xEEFF, 0xEEFF, 0xEEFF, 0xEF1F, 0xEF1F, 0xEF1F, 0xEF1F,
  0xEF1F, 0xEF1F, 0xEF1F, 0xEF1F, 0xEF1F, 0xEF1F, 0xEF3F, 0xEF3F, 0xEF3F, 0xEF3F, 0xEF5F, 0xF77F, 0xF77F, 0xEF5F, 0xF77F, 0xF77F,
  0xF77F, 0xF77F, 0xF77F, 0xF77F, 0xF77F, 0xF77F, 0xF77F, 0xF77F, 0xF79F, 0xF79F, 0xF77F, 0xF77F, 0xF79F, 0xF79F, 0xF79F, 0xF79F,
  0xF7BF, 0xF7BF, 0xF7BF, 0xF7BF, 0xFFBF, 0xFFBF, 0xFFBF, 0xFFBF, 0xFFBF, 0xFFBF, 0xFFBF, 0xFFBF, 0xFFBF, 0xFFBF, 0xFFBF, 0xFFBF,
  0xFFBF, 0xFFBF, 0xFFBF, 0xFFBF, 0xFFBF, 0xFFBF, 0xFFBF, 0xFFBF, 0xFFBF, 0xFFDF, 0xFFDF, 0xFFDF, 0xFFDF, 0xFFBF, 0xFFBF, 0xFFBF,
  0xFFBF, 0xFFBF, 0xFFBF, 0xFFBF, 0xFFDF, 0xF7BF, 0xFFBF, 0xFFBF, 0xFFBF, 0xFFBF, 0xFFBF, 0xFFBF, 0xFFBF, 0xFFBF, 0xFFBF, 0xFFBF,
  0xF7BF, 0xF7BF, 0xF7BF, 0xF7BF, 0xFFBF, 0xF7BF, 0xF7BF, 0xF7BF, 0xF7BF, 0xF7BF, 0xF7BF, 0xFFBF, 0xFFBF, 0xFFBF, 0xFFBF, 0xFFBF,
  0xF7BF, 0xF7BF, 0xF7BF, 0xF7BF, 0xF7BF, 0xF7BF, 0xF79F, 0xF7BF, 0xF79F, 0xF79F, 0xF79F, 0xF79F, 0xF79F, 0xF79F, 0xF79F, 0xF79F,
  0xF79F, 0xF79F, 0xF79F, 0xF79F, 0xF79F, 0xF79F, 0xF79F, 0xF79F, 0xF79F, 0xF79F, 0xF79F, 0xF79F, 0xF79F, 0xF79F, 0xF79F, 0xF79F,
  0xF79F, 0xF79F, 0xF79F, 0xF79F, 0xF79F, 0xF79F, 0xF79F, 0xF79F, 0xF79F, 0xF79F, 0xF79F, 0xF79F, 0xF7BF, 0xF79F, 0xF79F, 0xF79F,
  0x83D3, 0xDE9F, 0xD61F, 0xD61F, 0xD61F, 0xD61F, 0xD61F, 0xD5FF, 0xD61F, 0xD61F, 0xD5FF, 0xD5FF, 0xD61F, 0xD5FF, 0xD5FF, 0xD61F,
  0xD5FF, 0xD61F, 0xD61F, 0xD61F, 0xD5FF, 0xD61F, 0xD61F, 0xD61F, 0xD61F, 0xD61F, 0xD61F, 0xD61F, 0xD61F, 0xD61F, 0xD61F, 0xD61F,
  0xD63F, 0xDE3F, 0xDE3F, 0xDE3F, 0xDE3F, 0xDE3F, 0xDE5F, 0xDE5F, 0xDE3F, 0xDE5F, 0xDE5F, 0xDE5F, 0xDE5F, 0xDE5F, 0xDE5F, 0xDE5F,
  0xDE5F, 0xDE5F, 0xDE5F, 0xDE5F, 0xDE7F, 0xE67F, 0xE67F, 0xE67F, 0xE69F, 0xE69F, 0xE6BF, 0xEEDF, 0xEEDF, 0xEEFF, 0xEEDF, 0xEEDF,
  0xE6BF, 0xDE7F, 0xDE7F, 0xDE7F, 0xDE9F, 0xDE9F, 0xDE9F, 0xDE9F, 0xE6BF, 0xE6BF, 0xE6BF, 0xE6DF, 0xE6DF, 0xE6DF, 0xE6DF, 0xE6DF,
  0xE6DF, 0xE6FF, 0xE6FF, 0xE6FF, 0xEEFF, 0xEEFF, 0xEF1F, 0xEF1F, 0xEF1F, 0xEF1F, 0xEF1F, 0xEF1F, 0xEF1F, 0xEF1F, 0xEF1F, 0xEF1F,
  0xEF1F, 0xEF1F, 0xEF1F, 0xEF1F, 0xEF1F, 0xEF3F, 0xEF3F, 0xEF3F, 0xEF3F, 0xF75F, 0xF77F, 0xF77F, 0xEF5F, 0xF77F, 0xF77F, 0xF77F,
  0xF77F, 0xF77F, 0xF77F, 0xF77F, 0xF77F, 0xF77F, 0xF77F, 0xF77F, 0xF77F, 0xF79F, 0xF77F, 0xF79F, 0xF79F, 0xF7BF, 0xF7BF, 0xF7BF,
  0xF7BF, 0xF7BF, 0xF7BF, 0xF7BF, 0xFFBF, 0xFFBF, 0xFFBF, 0xFFBF, 0xFFBF, 0xFFBF, 0xFFBF, 0xFFBF, 0xFFBF, 0xFFBF, 0xFFBF, 0xFFBF,
  0xFFBF, 0xFFBF, 0xFFBF, 0xFFBF, 0xFFBF, 0xFFBF, 0xFFBF, 0xFFBF, 0xFFBF, 0xFFDF, 0xFFDF, 0xFFDF, 0xFFBF, 0xFFBF, 0xFFBF, 0xFFBF,
  0xFFBF, 0xFFBF, 0xFFBF, 0xFFBF, 0xFFBF, 0xF7BF, 0xF7BF, 0xF7BF, 0xF7BF, 0xF7BF, 0xFFBF, 0xFFBF, 0xFFBF, 0xFFBF, 0xFFBF, 0xFFBF,
  0xFFBF, 0xF7BF, 0xFFBF, 0xF7BF, 0xF7BF, 0xF7BF, 0xF7BF, 0xF7BF, 0xFFBF, 0xFFBF, 0xFFBF, 0xFFBF, 0xFFBF, 0xF7BF, 0xF7BF, 0xF7BF,
  0xF7BF, 0xF7BF, 0xF7BF, 0xF7BF, 0xF79F, 0xF79F, 0xF79F, 0xF79F, 0xF79F, 0xF79F, 0xF79F, 0xF79F, 0xF79F, 0xF79F, 0xF79F, 0xF79F,
  0xF79F, 0xF79F, 0xF79F, 0xF79F, 0xF79F, 0xF79F, 0xF79F, 0xF79F, 0xF79F, 0xF79F, 0xF79F, 0xF79F, 0xF79F, 0xF79F, 0xF79F, 0xF79F,
  0xF79F, 0xF79F, 0xF79F, 0xF79F, 0xF79F, 0xF79F, 0xF79F, 0xF79F, 0xF79F, 0xF79F, 0xF79F, 0xF7BF, 0xF7BF, 0xF7BF, 0xF7BF, 0xF7BF,
  0x83F3, 0xDE9F, 0xD61F, 0xD61F, 0xD61F, 0xD61F, 0xD61F, 0xD61F, 0xD61F, 0xD61F, 0xD61F, 0xD5FF, 0xD61F, 0xD61F, 0xD5FF, 0xD61F,
  0xD61F, 0xD61F, 0xD63F, 0xDE5F, 0xDE7F, 0xE69F, 0xE6BF, 0xE6BF, 0xE6DF, 0xE6BF, 0xE6BF, 0xE6BF, 0xE6BF, 0xE6BF, 0xE69F, 0xE69F,
  0xE69F, 0xDE7F, 0xDE7F, 0xDE7F, 0xDE5F, 0xDE5F, 0xDE5F, 0xDE5F, 0xDE5F, 0xDE5F, 0xDE5F, 0xDE5F, 0xDE5F, 0xDE5F, 0xDE5F, 0xDE5F,
  0xDE7F, 0xDE7F, 0xE67F, 0xE69F, 0xE69F, 0xE6BF, 0xE6BF, 0xEEDF, 0xEEFF, 0xEEFF, 0xEEFF, 0xEEDF, 0xE6DF, 0xDE9E, 0xDE7E, 0xDE7F,
  0xDE7F, 0xDE7F, 0xDE7F, 0xDE9F, 0xE69F, 0xE69F, 0xE69F, 0xE6BF, 0xE6BF, 0xE6DF, 0xE6DF, 0xE6DF, 0xE6DF, 0xE6DF, 0xE6DF, 0xE6FF,
  0xE6FF, 0xE6FF, 0xE6FF, 0xE6FF, 0xEEFF, 0xEEFF, 0xEF1F, 0xEF1F, 0xEF1F, 0xEF1F, 0xEF1F, 0xEF1F, 0xEF1F, 0xEF1F, 0xEF1F, 0xEF1F,
  0xEF1F, 0xEF1F, 0xEF1F, 0xEF1F, 0xEF3F, 0xEF3F, 0xEF3F, 0xEF3F, 0xF75F, 0xF77F, 0xEF5F, 0xEF5F, 0xEF5F, 0xEF5F, 0xEF5F, 0xF77F,
  0xF77F, 0xF77F, 0xF77F, 0xF77F, 0xF77F, 0xF77F, 0xF77F, 0xF77F, 0xF77F, 0xF79F, 0xF79F, 0xF79F, 0xF79F, 0xF7BF, 0xF7BF, 0xFFBF,
  0xFFBF, 0xF7BF, 0xFFBF, 0xF7BF, 0xFFBF, 0xFFBF, 0xFFBF, 0xFFBF, 0xFFBF, 0xF7BF, 0xFFBF, 0xFFBF, 0xF7BF, 0xFFBF, 0xFFDF, 0xFFBF,
  0xFFBF, 0xFFBF, 0xFFBF, 0xFFBF, 0xFFBF, 0xFFBF, 0xFFBF, 0xFFBF, 0xFFBF, 0xFFBF, 0xFFBF, 0xFFBF, 0xFFBF, 0xFFBF, 0xFFBF, 0xFFBF,
  0xFFBF, 0xFFBF, 0xFFBF, 0xFFBF, 0xFFBF, 0xFFBF, 0xF7BF, 0xF7BF, 0xFFBF, 0xFFBF, 0xF7BF, 0xFFBF, 0xFFBF, 0xFFBF, 0xFFBF, 0xFFBF,
  0xF7BF, 0xF7BF, 0xF7BF, 0xF7BF, 0xFFBF, 0xF7BF, 0xF7BF, 0xFFBF, 0xFFBF, 0xFFBF, 0xFFBF, 0xF7BF, 0xFFBF, 0xFFBF, 0xF79F, 0xF7BF,
  0xF7BF, 0xF7BF, 0xF79F, 0xF79F, 0xF79F, 0xF79F, 0xF79F, 0xF79F, 0xF79F, 0xF79F, 0xF79F, 0xF79F, 0xF79F, 0xF79F, 0xF79F, 0xF79F,
  0xF79F, 0xF79F, 0xF79F, 0xF79F, 0xF79F, 0xF79F, 0xF79F, 0xF79F, 0xF79F, 0xF79F, 0xF79F, 0xF79F, 0xF79F, 0xF79F, 0xF79F, 0xF79F,
  0xF79F, 0xF79F, 0xF79F, 0xF79F, 0xF79F, 0xF79F, 0xF79F, 0xF79F, 0xF79F, 0xF79F, 0xF79F, 0xF7BF, 0xF7BF, 0xF7BF, 0xF7BF, 0xF7BF,
  0x83F3, 0xDE7F, 0xD61F, 0xD61F, 0xD61F, 0xD61F, 0xD61F, 0xD61F, 0xD61F, 0xD61F, 0xD5FF, 0xD61F, 0xD61F, 0xD63F, 0xDE7F, 0xDE9E,
  0xE69F, 0xE69F, 0xE69F, 0xE69F, 0xE69F, 0xDE9F, 0xDE7F, 0xDE5F, 0xD65E, 0xD65E, 0xD65E, 0xDE5E, 0xD65F, 0xD65F, 0xD65F, 0xDE5E,
  0xDE5F, 0xDE5F, 0xDE5F, 0xDE7F, 0xDE7F, 0xDE7F, 0xDE9F, 0xE69F, 0xE69F, 0xE6BF, 0xE6BF, 0xE6BF, 0xE6DF, 0xEEDF, 0xEEDF, 0xEEDF,
  0xEEFF, 0xEEFF, 0xEEFF, 0xEEFF, 0xEEFF, 0xE6DF, 0xE6DF, 0xE6BF, 0xE6BE, 0xDE7E, 0xDE7F, 0xDE7F, 0xDE7F, 0xDE7F, 0xDE7F, 0xDE9F,
  0xDE9F, 0xDE9F, 0xDE9F, 0xDE9F, 0xE6BF, 0xE6BF, 0xE6BF, 0xE6DF, 0xE6DF, 0xE6DF, 0xE6DF, 0xE6FF, 0xE6FF, 0xE6DF, 0xE6FF, 0xE6FF,
  0xE6FF, 0xE6FF, 0xE6FF, 0xE6FF, 0xEEFF, 0xEEFF, 0xEF1F, 0xEF1F, 0xEF1F, 0xEF1F, 0xEF1F, 0xEF1F, 0xEF1F, 0xEF1F, 0xEF1F, 0xEF1F,
  0xEF1F, 0xEF1F, 0xEF1F, 0xEF3F, 0xEF3F, 0xEF3F, 0xEF5F, 0xF75F, 0xF75F, 0xEF5F, 0xEF5F, 0xEF5F, 0xEF5F, 0xF75F, 0xF77F, 0xF77F,
  0xF77F, 0xF77F, 0xF77F, 0xF77F, 0xF77F, 0xF77F, 0xF77F, 0xF77F, 0xF79F, 0xF79F, 0xF79F, 0xF79F, 0xF7BF, 0xF7BF, 0xF7BF, 0xFFBF,
  0xFFBF, 0xF7BF, 0xF7BF, 0xF7BF, 0xF7BF, 0xFFBF, 0xFFBF, 0xF7BF, 0xFFBF, 0xFFDF, 0xFFBF, 0xFFBF, 0xFFBF, 0xFFBF, 0xFFDF, 0xFFBF,
  0xFFDF, 0xFFDF, 0xFFBF, 0xFFDF, 0xFFBF, 0xFFBF, 0xFFBF, 0xFFBF, 0xFFBF, 0xFFBF, 0xFFBF, 0xFFBF, 0xFFBF, 0xFFBF, 0xFFBF, 0xFFBF,
  0xFFBF, 0xFFBF, 0xFFBF, 0xFFBF, 0xFFBF, 0xFFBF, 0xFFBF, 0xFFBF, 0xF7BF, 0xFFBF, 0xF7BF, 0xF7BF, 0xF7BF, 0xF7BF, 0xFFBF, 0xFFBF,
  0xFFBF, 0xF7BF, 0xF7BF, 0xF7BF, 0xF7BF, 0xF7BF, 0xF7BF, 0xFFBF, 0xFFBF, 0xFFBF, 0xFFBF, 0xF7BF, 0xF7BF, 0xF7BF, 0xF7BF, 0xF7BF,
  0xF7BF, 0xF7BF, 0xF79F, 0xF79F, 0xF79F, 0xF79F, 0xF79F, 0xF79F, 0xF7BF, 0xF79F, 0xF79F, 0xF79F, 0xF79F, 0xF79F, 0xF79F, 0xF79F,
  0xF79F, 0xF79F, 0xF79F, 0xF79F, 0xF79F, 0xF79F, 0xF79F, 0xF79F, 0xF79F, 0xF79F, 0xF79F, 0xF79F, 0xF79F, 0xF79F, 0xF79F, 0xF79F,
  0xF79F, 0xF79F, 0xF79F, 0xF79F, 0xF79F, 0xF79F, 0xF79F, 0xF79F, 0xF79F, 0xF79F, 0xF79F, 0xF7BF, 0xF7BF, 0xF7BF, 0xF79F, 0xF79F,
  0x83D2, 0xDE7F, 0xD61F, 0xD63F, 0xD63F, 0xD61F, 0xD61F, 0xD61F, 0xD61F, 0xD65F, 0xDE7F, 0xDE9F, 0xDE9F, 0xDE9F, 0xDE9F, 0xDE5F,
  0xD65F, 0xD63F, 0xD63F, 0xD61F, 0xD61F, 0xD61F, 0xD61F, 0xD61F, 0xD61F, 0xD61F, 0xD61F, 0xD61F, 0xD61F, 0xD61F, 0xCE1F, 0xCE1F,
  0xD5FF, 0xD5FF, 0xD5FF, 0xD5FF, 0xD61F, 0xD61F, 0xD63F, 0xD63F, 0xD63F, 0xD65F, 0xD65F, 0xDE5F, 0xDE7F, 0xDE7F, 0xDE7F, 0xDE7F,
  0xDE9F, 0xDE7F, 0xDE7F, 0xDE7F, 0xDE7F, 0xDE7F, 0xDE7F, 0xDE7F, 0xDE7F, 0xDE7F, 0xDE7F, 0xDE7F, 0xDE9F, 0xDE9F, 0xDE9F, 0xDE9F,
  0xDE9F, 0xE69F, 0xE69F, 0xE6BF, 0xE6BF, 0xE6DF, 0xE6DF, 0xE6DF, 0xE6DF, 0xE6FF, 0xE6FF, 0xE6FF, 0xE6FF, 0xE6FF, 0xE6FF, 0xE6FF,
  0xE6FF, 0xE6FF, 0xEEFF, 0xE6FF, 0xEEFF, 0xEEFF, 0xEF1F, 0xEF1F, 0xEF1F, 0xEF1F, 0xEF1F, 0xEF1F, 0xEF1F, 0xEF1F, 0xEF1F, 0xEF1F,
  0xEF1F, 0xEF1F, 0xEF1F, 0xEF3F, 0xEF5F, 0xEF5F, 0xEF5F, 0xEF5F, 0xEF5F, 0xEF5F, 0xEF5F, 0xEF5F, 0xF75F, 0xF77F, 0xF77F, 0xF77F,
  0xF77F, 0xF77F, 0xF77F, 0xF77F, 0xF77F, 0xF77F, 0xF77F, 0xF79F, 0xF79F, 0xF79F, 0xF79F, 0xF7BF, 0xF79F, 0xF7BF, 0xFFBF, 0xFFBF,
  0xFFBF, 0xF7BF, 0xF7BF, 0xF7BF, 0xF7BF, 0xF7BF, 0xFFBF, 0xF7BF, 0xF7BF, 0xF7BF, 0xFFBF, 0xFFBF, 0xF7BF, 0xFFBF, 0xFFBF, 0xFFBF,
  0xFFDF, 0xFFBF, 0xFFBF, 0xFFBF, 0xFFBF, 0xFFBF, 0xFFBF, 0xFFBF, 0xFFBF, 0xFFBF, 0xFFBF, 0xFFBF, 0xFFBF, 0xFFBF, 0xFFBF, 0xFFBF,
  0xFFBF, 0xFFBF, 0xFFBF, 0xFFBF, 0xFFBF, 0xF7BF, 0xF7BF, 0xFFBF, 0xF7BF, 0xF7BF, 0xF7BF, 0xF7BF, 0xF7BF, 0xF7BF, 0xF7BF, 0xF7BF,
  0xF7BF, 0xF7BF, 0xF7BF, 0xF7BF, 0xF7BF, 0xF7BF, 0xFFBF, 0xFFBF, 0xFFBF, 0xF7BF, 0xFFBF, 0xF7BF, 0xF7BF, 0xF7BF, 0xF7BF, 0xF7BF,
  0xF7BF, 0xF79F, 0xF79F, 0xF79F, 0xF79F, 0xF79F, 0xF79F, 0xF79F, 0xF79F, 0xF79F, 0xF79F, 0xF79F, 0xF79F, 0xF79F, 0xF79F, 0xF79F,
  0xF79F, 0xF79F, 0xF79F, 0xF79F, 0xF79F, 0xF79F, 0xF79F, 0xF79F, 0xF79F, 0xF79F, 0xF79F, 0xF79F, 0xF79F, 0xF79F, 0xF79F, 0xF79F,
  0xF79F, 0xF79F, 0xF79F, 0xF79F, 0xF79F, 0xF79F, 0xF79F, 0xF79F, 0xF79F, 0xF79F, 0xF79F, 0xF79F, 0xF79F, 0xF79F, 0xF79F, 0xF79F,
  0x83D2, 0xE69F, 0xD63F, 0xD63F, 0xD63F, 0xD63F, 0xDE5F, 0xDE9F, 0xDE9F, 0xE69F, 0xDE9F, 0xD65F, 0xD63F, 0xD63F, 0xD63F, 0xD63F,
  0xD63F, 0xD63F, 0xD63F, 0xD63F, 0xD63F, 0xD63F, 0xD63F, 0xD63F, 0xD61F, 0xD63F, 0xD63F, 0xD63F, 0xD63F, 0xD63F, 0xD61F, 0xD61F,
  0xD61F, 0xD61F, 0xD61F, 0xD63F, 0xD63F, 0xD63F, 0xD63F, 0xD63F, 0xD63F, 0xD65F, 0xD65F, 0xD65F, 0xD65F, 0xD65F, 0xDE5F, 0xDE5F,
  0xDE7F, 0xDE7F, 0xDE7F, 0xDE7F, 0xDE7F, 0xDE7F, 0xDE9F, 0xDE9F, 0xDE9F, 0xDE9F, 0xDE9F, 0xDE9F, 0xDE9F, 0xDE9F, 0xE6BF, 0xE6BF,
  0xE6BF, 0xE6BF, 0xE6BF, 0xE6DF, 0xE6DF, 0xE6DF, 0xE6DF, 0xE6DF, 0xE6FF, 0xE6FF, 0xE6FF, 0xE6FF, 0xE6FF, 0xE6FF, 0xE6FF, 0xE6FF,
  0xE6FF, 0xE6FF, 0xE6FF, 0xE6FF, 0xEEFF, 0xEEFF, 0xEEFF, 0xEF1F, 0xEF1F, 0xEF1F, 0xEF1F, 0xEF1F, 0xEF1F, 0xEF1F, 0xEF1F, 0xEF1F,
  0xEF1F, 0xEF1F, 0xEF3F, 0xF75F, 0xEF5F, 0xEF5F, 0xEF3F, 0xEF3F, 0xEF3F, 0xEF3F, 0xEF5F, 0xF77F, 0xF77F, 0xF77F, 0xF77F, 0xF77F,
  0xF77F, 0xF77F, 0xF77F, 0xF77F, 0xF77F, 0xF79F, 0xF79F, 0xF79F, 0xF79F, 0xF79F, 0xF79F, 0xF7BF, 0xF7BF, 0xF7BF, 0xFFBF, 0xFFBF,
  0xFFBF, 0xF7BF, 0xFFBF, 0xFFBF, 0xFFBF, 0xFFBF, 0xF7BF, 0xF7BF, 0xFFBF, 0xF7BF, 0xFFBF, 0xFFBF, 0xFFBF, 0xFFBF, 0xFFBF, 0xFFBF,
  0xFFDF, 0xFFBF, 0xFFBF, 0xFFBF, 0xFFBF, 0xFFBF, 0xFFBF, 0xFFBF, 0xFFBF, 0xFFBF, 0xFFBF, 0xFFBF, 0xFFBF, 0xFFBF, 0xFFBF, 0xFFBF,
  0xFFBF, 0xFFBF, 0xFFBF, 0xFFBF, 0xFFBF, 0xFFBF, 0xF7BF, 0xF7BF, 0xF7BF, 0xF7BF, 0xF7BF, 0xF7BF, 0xF7BF, 0xF7BF, 0xF7BF, 0xFFBF,
  0xFFBF, 0xF7BF, 0xF7BF, 0xF7BF, 0xF7BF, 0xF7BF, 0xF7BF, 0xF7BF, 0xF7BF, 0xF7BF, 0xF7BF, 0xF7BF, 0xF7BF, 0xF7BF, 0xF7BF, 0xF7BF,
  0xF79F, 0xF79F, 0xF79F, 0xF79F, 0xF79F, 0xF79F, 0xF79F, 0xF79F, 0xF79F, 0xF79F, 0xF79F, 0xF79F, 0xF79F, 0xF79F, 0xF79F, 0xF79F,
  0xF79F, 0xF79F, 0xF79F, 0xF79F, 0xF79F, 0xF79F, 0xF79F, 0xF79F, 0xF79F, 0xF79F, 0xF79F, 0xF79F, 0xF79F, 0xF79F, 0xF79F, 0xF79F,
  0xF79F, 0xF79F, 0xF79F, 0xF79F, 0xF79F, 0xF79F, 0xF79F, 0xF79F, 0xF79F, 0xF79F, 0xF79F, 0xF79F, 0xF79F, 0xF79F, 0xF79F, 0xF79F,
  0x83D2, 0xE69F, 0xD63F, 0xDE5F, 0xDE7F, 0xDE9F, 0xDE9F, 0xDE7F, 0xD63F, 0xD63F, 0xD63F, 0xD63F, 0xD63F, 0xD63F, 0xD63F, 0xD63F,
  0xD63F, 0xD63F, 0xD63F, 0xD63F, 0xD63F, 0xD63F, 0xD63F, 0xD63F, 0xD63F, 0xD63F, 0xD63F, 0xD63F, 0xD63F, 0xD63F, 0xD63F, 0xD63F,
  0xD63F, 0xD63F, 0xD63F, 0xD63F, 0xD63F, 0xD63F, 0xD63F, 0xDE3F, 0xDE5F, 0xDE5F, 0xDE5F, 0xDE5F, 0xDE5F, 0xDE7F, 0xDE7F, 0xDE7F,
  0xDE7F, 0xDE9F, 0xDE9F, 0xDE9F, 0xE69F, 0xE69F, 0xE69F, 0xDE9F, 0xDE9F, 0xDE9F, 0xDE9F, 0xE6BF, 0xE6BF, 0xE6BF, 0xE6BF, 0xE6DF,
  0xE6DF, 0xE6DF, 0xE6DF, 0xE6DF, 0xE6FF, 0xE6FF, 0xE6FF, 0xE6FF, 0xE6FF, 0xE6FF, 0xEEFF, 0xEEFF, 0xE6FF, 0xEEFF, 0xE6FF, 0xE6FF,
  0xE6FF, 0xE6FF, 0xE6FF, 0xE6FF, 0xEEFF, 0xEEFF, 0xEF1F, 0xEF1F, 0xEF1F, 0xEF1F, 0xEF1F, 0xEF1F, 0xEF1F, 0xEF1F, 0xEF1F, 0xEF1F,
  0xEF3F, 0xF75F, 0xF75F, 0xEF3F, 0xEF3F, 0xEF3F, 0xEF3F, 0xEF5F, 0xEF5F, 0xEF5F, 0xEF5F, 0xEF5F, 0xF77F, 0xF77F, 0xF77F, 0xF77F,
  0xF77F, 0xF77F, 0xF77F, 0xF77F, 0xF79F, 0xF79F, 0xF79F, 0xF79F, 0xF7BF, 0xF7BF, 0xF7BF, 0xF7BF, 0xF7BF, 0xF7BF, 0xFFBF, 0xFFBF,
  0xFFBF, 0xF7BF, 0xFFBF, 0xF7BF, 0xFFBF, 0xF7BF, 0xF7BF, 0xF7BF, 0xFFBF, 0xFFBF, 0xFFBF, 0xF7BF, 0xF7BF, 0xFFBF, 0xF7BF, 0xFFBF,
  0xFFDF, 0xFFBF, 0xFFBF, 0xFFBF, 0xFFBF, 0xFFBF, 0xFFBF, 0xFFBF, 0xFFBF, 0xFFBF, 0xFFBF, 0xFFDF, 0xFFBF, 0xFFBF, 0xFFBF, 0xFFBF,
  0xFFBF, 0xF7BF, 0xF7BF, 0xFFBF, 0xFFBF, 0xF7BF, 0xF7BF, 0xF7BF, 0xF7BF, 0xF7BF, 0xF7BF, 0xF7BF, 0xF7BF, 0xF7BF, 0xF7BF, 0xFFBF,
  0xFFBF, 0xF7BF, 0xF7BF, 0xF7BF, 0xF7BF, 0xF7BF, 0xF7BF, 0xF79F, 0xF7BF, 0xF7BF, 0xF7BF, 0xF7BF, 0xF7BF, 0xF7BF, 0xF79F, 0xF79F,
  0xF79F, 0xF7BF, 0xF79F, 0xF79F, 0xF79F, 0xF79F, 0xF79F, 0xF79F, 0xF79F, 0xF79F, 0xF79F, 0xF79F, 0xF79F, 0xF79F, 0xF79F, 0xF79F,
  0xF79F, 0xF79F, 0xF79F, 0xF79F, 0xF79F, 0xF79F, 0xF79F, 0xF79F, 0xF79F, 0xF79F, 0xF79F, 0xF79F, 0xF79F, 0xF79F, 0xF79F, 0xF79F,
  0xF79F, 0xF79F, 0xF79F, 0xF79F, 0xF79F, 0xF79F, 0xF79F, 0xF79F, 0xF79F, 0xF79F, 0xF79F, 0xF79F, 0xF79F, 0xF79F, 0xF79F, 0xF79F,
  0x83F2, 0xE6BF, 0xDE7F, 0xDE9F, 0xDE7F, 0xD65F, 0xD63F, 0xD63F, 0xD63F, 0xD65F, 0xD65F, 0xD65F, 0xD65F, 0xD65F, 0xD63F, 0xD63F,
  0xD63F, 0xD63F, 0xD63F, 0xD63F, 0xD63F, 0xD63F, 0xD65F, 0xD65F, 0xD63F, 0xD63F, 0xD63F, 0xD63F, 0xD63F, 0xD63F, 0xD63F, 0xD63F,
  0xD63F, 0xD63F, 0xD63F, 0xD63F, 0xD65F, 0xDE5F, 0xDE5F, 0xDE5F, 0xDE5F, 0xDE7F, 0xDE7F, 0xDE7F, 0xDE7F, 0xDE9F, 0xDE9F, 0xDE9F,
  0xDE9F, 0xDE9F, 0xDE9F, 0xE69F, 0xE6BF, 0xE6BF, 0xE6BF, 0xE6BF, 0xE6BF, 0xE6BF, 0xE6DF, 0xE6DF, 0xE6DF, 0xE6DF, 0xE6DF, 0xE6DF,
  0xE6DF, 0xE6FF, 0xE6FF, 0xE6FF, 0xE6FF, 0xE6FF, 0xE6FF, 0xE6FF, 0xE6FF, 0xE6FF, 0xEEFF, 0xEEFF, 0xEEFF, 0xEEFF, 0xE6FF, 0xEEFF,
  0xEEFF, 0xE6FF, 0xE6FF, 0xE6FF, 0xE6FF, 0xEEFF, 0xEF1F, 0xEEFF, 0xEF1F, 0xEF1F, 0xEF1F, 0xEF1F, 0xEF1F, 0xEF1F, 0xEF3F, 0xEF3F,
  0xF75F, 0xEF3F, 0xEF3F, 0xEF3F, 0xEF3F, 0xEF3F, 0xEF5F, 0xEF5F, 0xEF5F, 0xEF5F, 0xEF5F, 0xEF5F, 0xF77F, 0xF77F, 0xF77F, 0xF77F,
  0xF77F, 0xF79F, 0xF79F, 0xF79F, 0xF79F, 0xF79F, 0xF7BF, 0xF7BF, 0xF7BF, 0xFFBF, 0xFFBF, 0xFFBF, 0xF7BF, 0xF7BF, 0xF7BF, 0xF7BF,
  0xF7BF, 0xF7BF, 0xF7BF, 0xFFBF, 0xF7BF, 0xF7BF, 0xF7BF, 0xF7BF, 0xF7BF, 0xFFBF, 0xFFBF, 0xFFBF, 0xFFBF, 0xFFBF, 0xFFDF, 0xFFBF,
  0xFFBF, 0xF7BF, 0xFFBF, 0xFFBF, 0xFFBF, 0xFFBF, 0xFFBF, 0xFFBF, 0xFFBF, 0xFFDF, 0xFFBF, 0xFFBF, 0xFFBF, 0xF7BF, 0xF7BF, 0xFFBF,
  0xFFBF, 0xFFBF, 0xF7BF, 0xFFBF, 0xF7BF, 0xF7BF, 0xFFBF, 0xF7BF, 0xF7BF, 0xF7BF, 0xF7BF, 0xF7BF, 0xF7BF, 0xF7BF, 0xF7BF, 0xF7BF,
  0xF7BF, 0xF7BF, 0xF7BF, 0xF7BF, 0xF7BF, 0xF7BF, 0xF7BF, 0xF7BF, 0xF79F, 0xF79F, 0xF79F, 0xF7BF, 0xF7BF, 0xF79F, 0xF79F, 0xF79F,
  0xF79F, 0xF79F, 0xF79F, 0xF79F, 0xF79F, 0xF79F, 0xF79F, 0xF79F, 0xF79F, 0xF79F, 0xF79F, 0xF79F, 0xF79F, 0xF79F, 0xF79F, 0xF79F,
  0xF79F, 0xF79F, 0xF79F, 0xF79F, 0xF79F, 0xF79F, 0xF79F, 0xF79F, 0xF79F, 0xF79F, 0xF79F, 0xF79F, 0xF79F, 0xF79F, 0xF79F, 0xF79F,
  0xF79F, 0xF79F, 0xF79F, 0xF79F, 0xF79F, 0xF79F, 0xF79F, 0xF79F, 0xF79F, 0xF79F, 0xF79F, 0xF79F, 0xF79F, 0xF79F, 0xF79F, 0xF79F,
  0x8413, 0xE6DF, 0xD65F, 0xDE5F, 0xDE5F, 0xD65F, 0xD65F, 0xD65F, 0xD65F, 0xD65F, 0xD65F, 0xD65F, 0xD65F, 0xD65F, 0xD65F, 0xD65F,
  0xD65F, 0xD65F, 0xD65F, 0xD65F, 0xD65F, 0xD65F, 0xD63F, 0xD65F, 0xD65F, 0xD63F, 0xD63F, 0xD63F, 0xD63F, 0xD63F, 0xD63F, 0xD63F,
  0xD63F, 0xD63F, 0xD65F, 0xD65F, 0xDE5F, 0xDE5F, 0xDE5F, 0xDE5F, 0xDE7F, 0xDE7F, 0xDE7F, 0xDE7F, 0xDE9F, 0xDE9F, 0xDE9F, 0xDE9F,
  0xE6BF, 0xE6BF, 0xE6BF, 0xE6BF, 0xE6BF, 0xE6BF, 0xE6DF, 0xE6DF, 0xE6DF, 0xE6DF, 0xE6DF, 0xE6DF, 0xE6DF, 0xE6DF, 0xE6DF, 0xE6DF,
  0xE6FF, 0xE6FF, 0xE6FF, 0xE6FF, 0xE6FF, 0xE6FF, 0xEEFF, 0xE6FF, 0xEF1F, 0xEEFF, 0xEF1F, 0xEF1F, 0xEEFF, 0xEEFF, 0xE6FF, 0xE6FF,
  0xE6FF, 0xE6FF, 0xE6FF, 0xEEFF, 0xE6FF, 0xEEFF, 0xEF1F, 0xEF1F, 0xEF1F, 0xEF1F, 0xEF1F, 0xEF1F, 0xEF3F, 0xF73F, 0xF75F, 0xEF3F,
  0xEF3F, 0xEF3F, 0xEF3F, 0xEF3F, 0xEF3F, 0xEF3F, 0xEF5F, 0xEF5F, 0xEF5F, 0xEF5F, 0xEF5F, 0xEF5F, 0xF77F, 0xF77F, 0xF77F, 0xF79F,
  0xF79F, 0xF79F, 0xF79F, 0xF79F, 0xF79F, 0xF7BF, 0xF7BF, 0xF79F, 0xF7BF, 0xFFBF, 0xFFBF, 0xF7BF, 0xF7BF, 0xF7BF, 0xF7BF, 0xF7BF,
  0xF7BF, 0xF7BF, 0xF7BF, 0xF7BF, 0xF7BF, 0xF7BF, 0xF7BF, 0xF7BF, 0xFFBF, 0xF7BF, 0xF7BF, 0xF7BF, 0xF7BF, 0xFFBF, 0xFFBF, 0xFFBF,
  0xFFBF, 0xFFBF, 0xF7BF, 0xFFBF, 0xFFDF, 0xFFBF, 0xFFBF, 0xFFBF, 0xFFBF, 0xFFDF, 0xF7BF, 0xFFBF, 0xFFBF, 0xFFBF, 0xF7BF, 0xF7BF,
  0xF7BF, 0xFFBF, 0xF7BF, 0xF7BF, 0xF7BF, 0xF7BF, 0xF7BF, 0xF7BF, 0xF7BF, 0xF7BF, 0xF7BF, 0xF7BF, 0xF7BF, 0xF7BF, 0xF7BF, 0xF7BF,
  0xF7BF, 0xF7BF, 0xF7BF, 0xF7BF, 0xF7BF, 0xF7BF, 0xF79F, 0xF79F, 0xF79F, 0xF79F, 0xF7BF, 0xF79F, 0xF7BF, 0xF79F, 0xF79F, 0xF79F,
  0xF79F, 0xF79F, 0xF79F, 0xF79F, 0xF79F, 0xF79F, 0xF79F, 0xF79F, 0xF79F, 0xF79F, 0xF79F, 0xF79F, 0xF79F, 0xF79F, 0xF79F, 0xF79F,
  0xF79F, 0xF79F, 0xF79F, 0xF79F, 0xF79F, 0xF79F, 0xF79F, 0xF79F, 0xF79F, 0xF79F, 0xF79F, 0xF79F, 0xF79F, 0xF79F, 0xF79F, 0xF79F,
  0xF79F, 0xF79F, 0xF79F, 0xF79F, 0xF79F, 0xF79F, 0xF79F, 0xF79F, 0xF79F, 0xF79F, 0xF79F, 0xF79F, 0xF79F, 0xF79F, 0xF79F, 0xF79F,
  0x8413, 0xE6DF, 0xD65F, 0xDE5F, 0xDE5F, 0xDE5F, 0xDE5F, 0xD65F, 0xD65F, 0xD65F, 0xD65F, 0xD65F, 0xDE5F, 0xDE5F, 0xD65F, 0xD65F,
  0xDE5F, 0xD65F, 0xD65F, 0xD65F, 0xD63F, 0xD63F, 0xD63F, 0xD63F, 0xD63F, 0xD63F, 0xD63F, 0xD65F, 0xD65F, 0xD65F, 0xD65F, 0xD65F,
  0xD65F, 0xD65F, 0xD63F, 0xD65F, 0xD65F, 0xDE5F, 0xDE5F, 0xDE5F, 0xDE7F, 0xDE7F, 0xDE9F, 0xDE9F, 0xDE9F, 0xDEBF, 0xE6BF, 0xE6BF,
  0xE6BF, 0xE6DF, 0xE6DF, 0xE6DF, 0xE6DF, 0xE6DF, 0xE6DF, 0xE6DF, 0xE6DF, 0xE6DF, 0xE6DF, 0xE6DF, 0xE6FF, 0xE6FF, 0xE6FF, 0xE6FF,
  0xE6FF, 0xE6FF, 0xE6FF, 0xEEFF, 0xEEFF, 0xEEFF, 0xEEFF, 0xEEFF, 0xEEFF, 0xEEFF, 0xEF1F, 0xEEFF, 0xEEFF, 0xEEFF, 0xE6FF, 0xE6FF,
  0xE6FF, 0xE6FF, 0xEEFF, 0xEF1F, 0xEF1F, 0xEF1F, 0xEF1F, 0xEF1F, 0xEF1F, 0xEF3F, 0xEF3F, 0xEF5F, 0xEF3F, 0xEF3F, 0xEF1F, 0xEF3F,
  0xEF3F, 0xEF3F, 0xEF3F, 0xEF3F, 0xEF3F, 0xEF3F, 0xEF5F, 0xEF5F, 0xEF5F, 0xEF5F, 0xEF5F, 0xF77F, 0xF77F, 0xF77F, 0xF79F, 0xF79F,
  0xF79F, 0xF79F, 0xF79F, 0xF79F, 0xF7BF, 0xF79F, 0xF7BF, 0xF7BF, 0xF7BF, 0xF7BF, 0xF7BF, 0xF7BF, 0xF7BF, 0xF7BF, 0xFFBF, 0xF7BF,
  0xF7BF, 0xFFBF, 0xF7BF, 0xF7BF, 0xF7BF, 0xFFBF, 0xFFBF, 0xF7BF, 0xF7BF, 0xF7BF, 0xFFBF, 0xFFBF, 0xF7BF, 0xFFBF, 0xF7BF, 0xF7BF,
  0xFFBF, 0xFFBF, 0xF7BF, 0xFFBF, 0xFFBF, 0xFFBF, 0xFFBF, 0xFFBF, 0xFFBF, 0xFFBF, 0xFFBF, 0xFFBF, 0xFFBF, 0xFFBF, 0xF7BF, 0xF7BF,
  0xFFBF, 0xFFBF, 0xF7BF, 0xF7BF, 0xF7BF, 0xF7BF, 0xF7BF, 0xF7BF, 0xF7BF, 0xF7BF, 0xF7BF, 0xF7BF, 0xF7BF, 0xF7BF, 0xF7BF, 0xF7BF,
  0xF7BF, 0xF7BF, 0xF7BF, 0xF7BF, 0xF7BF, 0xF7BF, 0xF7BF, 0xF79F, 0xF79F, 0xF79F, 0xF79F, 0xF79F, 0xF79F, 0xF79F, 0xF79F, 0xF79F,
  0xF79F, 0xF79F, 0xF79F, 0xF79F, 0xF79F, 0xF79F, 0xF79F, 0xF79F, 0xF79F, 0xF79F, 0xF79F, 0xF79F, 0xF79F, 0xF79F, 0xF79F, 0xF79F,
  0xF79F, 0xF79F, 0xF79F, 0xF79F, 0xF79F, 0xF79F, 0xF79F, 0xF79F, 0xF79F, 0xF79F, 0xF79F, 0xF79F, 0xF79F, 0xF79F, 0xF79F, 0xF79F,
  0xF79F, 0xF79F, 0xF79F, 0xF79F, 0xF79F, 0xF79F, 0xF79F, 0xF79F, 0xF79F, 0xF79F, 0xF79F, 0xF79F, 0xF79F, 0xF79F, 0xF79F, 0xF79F,
  0x8C33, 0xEEFF, 0xDE5F, 0xDE5F, 0xDE5F, 0xDE5F, 0xDE5F, 0xD65F, 0xD65F, 0xDE5F, 0xD65F, 0xDE5F, 0xD65F, 0xD65F, 0xD65F, 0xD65F,
  0xD65F, 0xD65F, 0xD65F, 0xDE7F, 0xDE7F, 0xDE9F, 0xDE9F, 0xE6BF, 0xE6DF, 0xE6DF, 0xEEFF, 0xEEFF, 0xEF1F, 0xEF1F, 0xEF1F, 0xEF1F,
  0xEF1F, 0xEEFF, 0xEEFF, 0xE6FF, 0xE6FF, 0xE6DF, 0xE6DF, 0xE6DF, 0xE6BF, 0xE6BF, 0xDEBF, 0xE6BF, 0xDEBF, 0xDEBF, 0xE6BF, 0xE6BF,
  0xE6BF, 0xE6DF, 0xE6DF, 0xE6DF, 0xE6DF, 0xE6DF, 0xE6DF, 0xE6DF, 0xE6DF, 0xE6FF, 0xE6FF, 0xE6FF, 0xE6FF, 0xE6FF, 0xE6FF, 0xEEFF,
  0xE6FF, 0xE6FF, 0xEEFF, 0xEEFF, 0xEEFF, 0xEF1F, 0xEEFF, 0xEEFF, 0xEF1F, 0xEEFF, 0xEEFF, 0xEEFF, 0xEEFF, 0xEEFF, 0xEEFF, 0xEEFF,
  0xE6FF, 0xEEFF, 0xEF1F, 0xEF1F, 0xEF1F, 0xEF1F, 0xEF1F, 0xEF3F, 0xEF3F, 0xEF3F, 0xEF3F, 0xEF1F, 0xEF1F, 0xEF1F, 0xEF1F, 0xEF3F,
  0xEF3F, 0xEF3F, 0xEF3F, 0xEF3F, 0xEF3F, 0xEF5F, 0xEF3F, 0xEF5F, 0xEF5F, 0xF77F, 0xF77F, 0xF79F, 0xF79F, 0xF79F, 0xF79F, 0xF79F,
  0xF79F, 0xF79F, 0xF79F, 0xF79F, 0xF79F, 0xF79F, 0xF7BF, 0xF7BF, 0xF7BF, 0xF7BF, 0xF7BF, 0xF7BF, 0xF7BF, 0xF7BF, 0xF7BF, 0xF7BF,
  0xF7BF, 0xF7BF, 0xF7BF, 0xF7BF, 0xF7BF, 0xFFBF, 0xFFBF, 0xF7BF, 0xF7BF, 0xF7BF, 0xF7BF, 0xF7BF, 0xF7BF, 0xF7BF, 0xFFBF, 0xFFBF,
  0xF7BF, 0xFFBF, 0xFFBF, 0xFFDF, 0xFFBF, 0xFFBF, 0xFFBF, 0xFFBF, 0xFFBF, 0xFFBF, 0xF7BF, 0xF7BF, 0xF7BF, 0xF7BF, 0xF7BF, 0xF7BF,
  0xF7BF, 0xFFBF, 0xF7BF, 0xF7BF, 0xF7BF, 0xF7BF, 0xFFBF, 0xFFBF, 0xF7BF, 0xF7BF, 0xF7BF, 0xF7BF, 0xF7BF, 0xF7BF, 0xF7BF, 0xF7BF,
  0xF7BF, 0xF7BF, 0xF7BF, 0xF7BF, 0xF7BF, 0xF7BF, 0xF7BF, 0xF79F, 0xF79F, 0xF79F, 0xF79F, 0xF79F, 0xF79F, 0xF79F, 0xF79F, 0xF79F,
  0xF79F, 0xF79F, 0xF79F, 0xF79F, 0xF79F, 0xF79F, 0xF79F, 0xF79F, 0xF79F, 0xF79F, 0xF79F, 0xF79F, 0xF79F, 0xF79F, 0xF79F, 0xF79F,
  0xF79F, 0xF79F, 0xF79F, 0xF79F, 0xF79F, 0xF79F, 0xF79F, 0xF79F, 0xF79F, 0xF79F, 0xF79F, 0xF79F, 0xF79F, 0xF79F, 0xF79F, 0xF79F,
  0xF79F, 0xF79F, 0xF79F, 0xF79F, 0xF79F, 0xF79F, 0xF79F, 0xF79F, 0xF79F, 0xF79F, 0xF79F, 0xF79F, 0xF79F, 0xF79F, 0xF79F, 0xF79F,
  0x8C13, 0xE6DF, 0xDE5F, 0xDE5F, 0xDE5F, 0xDE5F, 0xDE5F, 0xDE5F, 0xDE5F, 0xDE5F, 0xD65F, 0xD65F, 0xD65F, 0xD65F, 0xDE7F, 0xDE9F,
  0xE6BF, 0xE6DF, 0xEEFF, 0xEEFF, 0xEF1F, 0xEF1F, 0xEF1F, 0xEF1F, 0xEF1F, 0xEF1F, 0xEF1F, 0xEF1F, 0xEF1F, 0xEF1F, 0xEF1F, 0xEF1F,
  0xEF1F, 0xEF3F, 0xEF3F, 0xEF3F, 0xEF3F, 0xEF3F, 0xEF3F, 0xEF3F, 0xEF3F, 0xEF3F, 0xEF3F, 0xEF3F, 0xEF3F, 0xEF1F, 0xEEFF, 0xE6FF,
  0xE6FF, 0xE6DF, 0xE6DF, 0xE6DF, 0xE6DF, 0xE6DF, 0xE6DF, 0xE6FF, 0xE6FF, 0xE6FF, 0xE6FF, 0xE6FF, 0xE6FF, 0xE6FF, 0xE6FF, 0xE6FF,
  0xEEFF, 0xEEFF, 0xEEFF, 0xEEFF, 0xEEFF, 0xEF1F, 0xEF1F, 0xEF1F, 0xEF1F, 0xEF1F, 0xEEFF, 0xEEFF, 0xEEFF, 0xEEFF, 0xEEFF, 0xEEFF,
  0xEEFF, 0xEF1F, 0xEF1F, 0xEF1F, 0xEF3F, 0xEF3F, 0xEF3F, 0xEF1F, 0xEF1F, 0xEF1F, 0xEF1F, 0xEF1F, 0xEF1F, 0xEF1F, 0xEF1F, 0xEF3F,
  0xEF3F, 0xEF3F, 0xEF3F, 0xEF3F, 0xEF3F, 0xEF5F, 0xEF5F, 0xF77F, 0xF79F, 0xF79F, 0xF79F, 0xF79F, 0xF79F, 0xF79F, 0xF79F, 0xF79F,
  0xF79F, 0xF79F, 0xF7BF, 0xF7BF, 0xF79F, 0xF79F, 0xF7BF, 0xF7BF, 0xF7BF, 0xF7BF, 0xF7BF, 0xF7BF, 0xF7BF, 0xF7BF, 0xF7BF, 0xF7BF,
  0xFFBF, 0xF7BF, 0xF7BF, 0xF7BF, 0xF7BF, 0xF7BF, 0xF7BF, 0xF7BF, 0xF7BF, 0xF7BF, 0xF7BF, 0xF7BF, 0xF7BF, 0xFFBF, 0xFFBF, 0xF7BF,
  0xF7BF, 0xFFBF, 0xFFBF, 0xFFBF, 0xFFBF, 0xFFBF, 0xFFBF, 0xF7BF, 0xF7BF, 0xF7BF, 0xF7BF, 0xF7BF, 0xF7BF, 0xF7BF, 0xFFBF, 0xFFBF,
  0xF7BF, 0xF7BF, 0xF7BF, 0xFFBF, 0xF7BF, 0xF7BF, 0xFFBF, 0xFFBF, 0xF7BF, 0xF7BF, 0xF7BF, 0xF7BF, 0xF7BF, 0xF7BF, 0xF7BF, 0xF7BF,
  0xF79F, 0xF7BF, 0xF79F, 0xF79F, 0xF79F, 0xF79F, 0xF79F, 0xF79F, 0xF79F, 0xF79F, 0xF79F, 0xF79F, 0xF79F, 0xF79F, 0xF79F, 0xF79F,
  0xF79F, 0xF79F, 0xF79F, 0xF79F, 0xF79F, 0xF79F, 0xF79F, 0xF79F, 0xF79F, 0xF79F, 0xF79F, 0xF79F, 0xF79F, 0xF79F, 0xF79F, 0xF79F,
  0xF79F, 0xF79F, 0xF79F, 0xF79F, 0xF79F, 0xF79F, 0xF79F, 0xF79F, 0xF79F, 0xF79F, 0xF79F, 0xF79F, 0xF79F, 0xF79F, 0xF79F, 0xF79F,
  0xF79F, 0xF79F, 0xF79F, 0xF79F, 0xF79F, 0xF79F, 0xF79F, 0xF79F, 0xF79F, 0xF79F, 0xF79F, 0xF79F, 0xF79F, 0xF79F, 0xF79F, 0xF79F,
  0x8C13, 0xE6DF, 0xDE5F, 0xDE7F, 0xDE7F, 0xDE5F, 0xDE7F, 0xDE7F, 0xD65F, 0xD65F, 0xDE7F, 0xDE9F, 0xE6BF, 0xE6FF, 0xEEFF, 0xEF1F,
  0xEF1F, 0xEF1F, 0xEF1F, 0xEEFF, 0xE6FF, 0xE6FF, 0xEEFF, 0xEEFF, 0xEEFF, 0xEEFF, 0xEF1F, 0xEF1F, 0xEF1F, 0xEF1F, 0xEF1F, 0xEF1F,
  0xEF3F, 0xEF3F, 0xEF3F, 0xEF3F, 0xEF3F, 0xEF3F, 0xEF3F, 0xEF3F, 0xEF3F, 0xEF3F, 0xEF3F, 0xEF3F, 0xF75F, 0xF75F, 0xF75F, 0xF75F,
  0xF75F, 0xEF3F, 0xEF1F, 0xEF1F, 0xEEFF, 0xE6FF, 0xE6FF, 0xEEFF, 0xEEFF, 0xEF1F, 0xEEFF, 0xE6FF, 0xEEFF, 0xEEFF, 0xEF1F, 0xEEFF,
  0xE6FF, 0xEEFF, 0xEEFF, 0xEEFF, 0xEF1F, 0xEF1F, 0xEF1F, 0xEF1F, 0xEF1F, 0xEF1F, 0xEF1F, 0xEF1F, 0xEF1F, 0xEF1F, 0xEF1F, 0xEF1F,
  0xEF1F, 0xEF1F, 0xEF1F, 0xEF1F, 0xEF1F, 0xEF1F, 0xEF1F, 0xEF1F, 0xEF1F, 0xEF1F, 0xEF1F, 0xEF1F, 0xEF1F, 0xEF1F, 0xEF1F, 0xEF3F,
  0xEF3F, 0xEF3F, 0xEF3F, 0xEF3F, 0xEF5F, 0xF77F, 0xF77F, 0xF79F, 0xF79F, 0xF79F, 0xF79F, 0xF79F, 0xF79F, 0xF79F, 0xF79F, 0xF79F,
  0xF79F, 0xF7BF, 0xF7BF, 0xF7BF, 0xF79F, 0xF79F, 0xF7BF, 0xF7BF, 0xF7BF, 0xF7BF, 0xF7BF, 0xF7BF, 0xF7BF, 0xF7BF, 0xF7BF, 0xF7BF,
  0xF7BF, 0xF7BF, 0xF7BF, 0xF7BF, 0xF7BF, 0xF7BF, 0xF7BF, 0xF7BF, 0xF7BF, 0xF7BF, 0xF7BF, 0xF7BF, 0xF7BF, 0xF7BF, 0xFFBF, 0xF7BF,
  0xF7BF, 0xF7BF, 0xF7BF, 0xF7BF, 0xF7BF, 0xF7BF, 0xF7BF, 0xFFBF, 0xF7BF, 0xF7BF, 0xF7BF, 0xF7BF, 0xF7BF, 0xF7BF, 0xF7BF, 0xF7BF,
  0xF7BF, 0xF7BF, 0xF7BF, 0xFFBF, 0xFFBF, 0xFFBF, 0xF7BF, 0xF7BF, 0xF7BF, 0xF79F, 0xF7BF, 0xF7BF, 0xF79F, 0xF79F, 0xF7BF, 0xF79F,
  0xF79F, 0xF79F, 0xF7BF, 0xF79F, 0xF79F, 0xF79F, 0xF79F, 0xF79F, 0xF79F, 0xF79F, 0xF79F, 0xF79F, 0xF79F, 0xF79F, 0xF79F, 0xF79F,
  0xF79F, 0xF79F, 0xF79F, 0xF79F, 0xF79F, 0xF79F, 0xF79F, 0xF79F, 0xF79F, 0xF79F, 0xF79F, 0xF79F, 0xF79F, 0xF79F, 0xF79F, 0xF79F,
  0xF79F, 0xF79F, 0xF79F, 0xF79F, 0xF79F, 0xF79F, 0xF79F, 0xF79F, 0xF79F, 0xF79F, 0xF79F, 0xF79F, 0xF79F, 0xF79F, 0xF79F, 0xF79F,
  0xF79F, 0xF79F, 0xF79F, 0xF79F, 0xF79F, 0xF79F, 0xF79F, 0xF79F, 0xF79F, 0xF79F, 0xF79F, 0xF79F, 0xF79F, 0xF79F, 0xF79F, 0xF79F,
  0x8412, 0xE6DF, 0xDE7F, 0xDE7F, 0xDE7F, 0xDE5F, 0xDE7F, 0xDE9F, 0xE6BF, 0xE6DF, 0xEEFF, 0xEEFF, 0xEEFF, 0xE6FF, 0xE6FF, 0xE6FF,
  0xE6FF, 0xE6FF, 0xE6FF, 0xE6FF, 0xEEFF, 0xEEFF, 0xEEFF, 0xEF1F, 0xEEFF, 0xEF1F, 0xEF1F, 0xEF1F, 0xEF1F, 0xEF3F, 0xEF3F, 0xEF3F,
  0xEF3F, 0xEF3F, 0xEF3F, 0xEF3F, 0xEF3F, 0xEF3F, 0xEF3F, 0xEF3F, 0xEF3F, 0xEF3F, 0xEF3F, 0xEF3F, 0xEF3F, 0xEF3F, 0xEF3F, 0xEF5F,
  0xEF5F, 0xF75F, 0xF75F, 0xEF3F, 0xEF3F, 0xEF3F, 0xEF1F, 0xEEFF, 0xEEFF, 0xE6FF, 0xE6FF, 0xE6FF, 0xE6FF, 0xEEFF, 0xEF1F, 0xEF1F,
  0xEF1F, 0xEF1F, 0xEF1F, 0xEF1F, 0xEF1F, 0xEF1F, 0xEF1F, 0xEF1F, 0xEF1F, 0xEF1F, 0xEF1F, 0xEF1F, 0xEF1F, 0xEF1F, 0xEF1F, 0xEF1F,
  0xEF1F, 0xEF1F, 0xEF1F, 0xEF1F, 0xEF1F, 0xEF1F, 0xEF1F, 0xEF1F, 0xEF1F, 0xEF1F, 0xEF1F, 0xEF1F, 0xEF1F, 0xEF1F, 0xEF1F, 0xEF3F,
  0xEF3F, 0xF75F, 0xF77F, 0xF79F, 0xF79F, 0xF79F, 0xF79F, 0xF79F, 0xF79F, 0xF79F, 0xF79F, 0xF79F, 0xF79F, 0xF79F, 0xF79F, 0xF79F,
  0xF79F, 0xF7BF, 0xF7BF, 0xF7BF, 0xF7BF, 0xF79F, 0xF7BF, 0xF7BF, 0xF7BF, 0xF7BF, 0xF7BF, 0xF7BF, 0xF7BF, 0xF7BF, 0xF7BF, 0xF7BF,
  0xF7BF, 0xFFBF, 0xFFBF, 0xFFBF, 0xFFBF, 0xF7BF, 0xF7BF, 0xF7BF, 0xF7BF, 0xF7BF, 0xF7BF, 0xF7BF, 0xF7BF, 0xF7BF, 0xFFBF, 0xF7BF,
  0xF7BF, 0xF7BF, 0xF7BF, 0xF7BF, 0xF7BF, 0xF7BF, 0xF7BF, 0xF7BF, 0xF7BF, 0xF7BF, 0xF7BF, 0xF7BF, 0xFFBF, 0xF7BF, 0xF7BF, 0xF7BF,
  0xF7BF, 0xF7BF, 0xF7BF, 0xF7BF, 0xF7BF, 0xF7BF, 0xF79F, 0xF7BF, 0xF79F, 0xF79F, 0xF79F, 0xF79F, 0xF79F, 0xF79F, 0xF79F, 0xF7BF,
  0xF79F, 0xF79F, 0xF7BF, 0xF79F, 0xF79F, 0xF79F, 0xF79F, 0xF79F, 0xF79F, 0xF79F, 0xF79F, 0xF79F, 0xF79F, 0xF79F, 0xF79F, 0xF79F,
  0xF79F, 0xF79F, 0xF79F, 0xF79F, 0xF79F, 0xF79F, 0xF79F, 0xF79F, 0xF79F, 0xF79F, 0xF79F, 0xF79F, 0xF79F, 0xF79F, 0xF79F, 0xF79F,
  0xF79F, 0xF79F, 0xF79F, 0xF79F, 0xF79F, 0xF79F, 0xF79F, 0xF79F, 0xF79F, 0xF79F, 0xF79F, 0xF79F, 0xF79F, 0xF79F, 0xF79F, 0xF79F,
  0xF79F, 0xF79F, 0xF79F, 0xF79F, 0xF79F, 0xF79F, 0xF79F, 0xF79F, 0xF79F, 0xF79F, 0xF79F, 0xF79F, 0xF79F, 0xF79F, 0xF79F, 0xF79F,
  0x83F2, 0xE6DF, 0xDE7F, 0xDE7F, 0xDE7F, 0xE6BF, 0xE6FF, 0xEF1F, 0xEF1F, 0xEEFF, 0xE6FF, 0xE6DF, 0xE6FF, 0xE6FF, 0xE6FF, 0xE6FF,
  0xE6FF, 0xE6FF, 0xE6FF, 0xE6FF, 0xEEFF, 0xEEFF, 0xEF1F, 0xEEFF, 0xEF1F, 0xEF1F, 0xEF3F, 0xEF3F, 0xEF3F, 0xEF3F, 0xEF3F, 0xEF3F,
  0xEF3F, 0xEF3F, 0xEF3F, 0xEF3F, 0xEF3F, 0xEF3F, 0xEF3F, 0xEF3F, 0xEF3F, 0xEF3F, 0xEF3F, 0xEF3F, 0xEF3F, 0xEF3F, 0xEF3F, 0xEF3F,
  0xEF5F, 0xEF5F, 0xEF5F, 0xEF5F, 0xEF5F, 0xF75F, 0xF75F, 0xF75F, 0xEF3F, 0xEF3F, 0xEF1F, 0xEF1F, 0xEEFF, 0xE6FF, 0xE6FF, 0xE6FF,
  0xE6FF, 0xEEFF, 0xEF1F, 0xEF1F, 0xEF1F, 0xEF1F, 0xEEFF, 0xEF1F, 0xEF1F, 0xEF1F, 0xEF1F, 0xEF1F, 0xEF1F, 0xEF1F, 0xEF1F, 0xEF1F,
  0xEF1F, 0xEF1F, 0xEF1F, 0xEF1F, 0xEF1F, 0xEF1F, 0xEF1F, 0xEF1F, 0xEF1F, 0xEF3F, 0xEF1F, 0xEF3F, 0xEF3F, 0xEF3F, 0xF75F, 0xF77F,
  0xF79F, 0xF79F, 0xF79F, 0xF79F, 0xF79F, 0xF79F, 0xF79F, 0xF79F, 0xF79F, 0xF79F, 0xF79F, 0xF79F, 0xF79F, 0xF79F, 0xF79F, 0xF79F,
  0xF79F, 0xF79F, 0xF7BF, 0xF7BF, 0xF79F, 0xF7BF, 0xFFBF, 0xFFBF, 0xF7BF, 0xF7BF, 0xF7BF, 0xFFBF, 0xF7BF, 0xF7BF, 0xF7BF, 0xF7BF,
  0xF7BF, 0xFFBF, 0xF7BF, 0xF7BF, 0xF7BF, 0xF7BF, 0xF7BF, 0xF7BF, 0xF7BF, 0xF7BF, 0xF7BF, 0xF7BF, 0xF7BF, 0xF7BF, 0xF7BF, 0xF7BF,
  0xF7BF, 0xF7BF, 0xF7BF, 0xF7BF, 0xF7BF, 0xF7BF, 0xF7BF, 0xF7BF, 0xF7BF, 0xF7BF, 0xF7BF, 0xF7BF, 0xF7BF, 0xF7BF, 0xF7BF, 0xF7BF,
  0xF7BF, 0xF79F, 0xF7BF, 0xF79F, 0xF79F, 0xF79F, 0xF7BF, 0xF79F, 0xF79F, 0xF79F, 0xF7BF, 0xF79F, 0xF79F, 0xF79F, 0xF79F, 0xF79F,
  0xF79F, 0xF79F, 0xF79F, 0xF79F, 0xF79F, 0xF79F, 0xF79F, 0xF79F, 0xF79F, 0xF79F, 0xF79F, 0xF79F, 0xF79F, 0xF79F, 0xF79F, 0xF79F,
  0xF79F, 0xF79F, 0xF79F, 0xF79F, 0xF79F, 0xF79F, 0xF79F, 0xF79F, 0xF79F, 0xF79F, 0xF79F, 0xF79F, 0xF79F, 0xF79F, 0xF79F, 0xF79F,
  0xF79F, 0xF79F, 0xF79F, 0xF79F, 0xF79F, 0xF79F, 0xF79F, 0xF79F, 0xF79F, 0xF79F, 0xF79F, 0xF79F, 0xF79F, 0xF79F, 0xF79F, 0xF79F,
  0xF79F, 0xF79F, 0xF79F, 0xF79F, 0xF79F, 0xF79F, 0xF79F, 0xF79F, 0xF79F, 0xF79F, 0xF79F, 0xF79F, 0xF79F, 0xF79F, 0xF79F, 0xF79F,
  0x83F2, 0xE6DF, 0xDE9E, 0xE6DF, 0xE6FF, 0xEF1F, 0xEEFF, 0xE6FF, 0xE6FF, 0xE6FF, 0xE6FF, 0xE6DF, 0xE6FF, 0xE6FF, 0xE6DF, 0xE6FF,
  0xE6FF, 0xE6FF, 0xE6FF, 0xE6FF, 0xEEFF, 0xEF1F, 0xEF1F, 0xEF1F, 0xEF1F, 0xEF1F, 0xEF1F, 0xEF1F, 0xEF1F, 0xEF1F, 0xEF1F, 0xEF1F,
  0xEF3F, 0xEF3F, 0xEF3F, 0xEF3F, 0xEF3F, 0xEF3F, 0xEF3F, 0xEF3F, 0xEF3F, 0xEF3F, 0xEF3F, 0xEF3F, 0xEF3F, 0xEF3F, 0xEF3F, 0xEF5F,
  0xEF5F, 0xEF5F, 0xEF5F, 0xEF5F, 0xF75F, 0xF75F, 0xF75F, 0xF75F, 0xF75F, 0xF75F, 0xF75F, 0xF75F, 0xF75F, 0xF75F, 0xEF3F, 0xEF3F,
  0xEF1F, 0xEF1F, 0xEF1F, 0xEF1F, 0xEF1F, 0xEEFF, 0xEF1F, 0xEF1F, 0xEF1F, 0xEF1F, 0xEF1F, 0xEF1F, 0xEF1F, 0xEF1F, 0xEF1F, 0xEF1F,
  0xEF1F, 0xEF1F, 0xEEFF, 0xEF1F, 0xEF1F, 0xEF1F, 0xEF1F, 0xEF3F, 0xEF3F, 0xEF5F, 0xF77F, 0xF77F, 0xF79F, 0xF79F, 0xF79F, 0xF79F,
  0xF79F, 0xF79F, 0xF79F, 0xF79F, 0xF79F, 0xF79F, 0xF79F, 0xF79F, 0xF79F, 0xF79F, 0xF79F, 0xF79F, 0xF79F, 0xF79F, 0xF79F, 0xF79F,
  0xF79F, 0xF79F, 0xF7BF, 0xF7BF, 0xF7BF, 0xF7BF, 0xF7BF, 0xF7BF, 0xF7BF, 0xFFBF, 0xF7BF, 0xF7BF, 0xF7BF, 0xF7BF, 0xF7BF, 0xF7BF,
  0xF7BF, 0xF7BF, 0xF7BF, 0xF7BF, 0xF7BF, 0xF7BF, 0xF7BF, 0xF7BF, 0xF7BF, 0xF7BF, 0xF7BF, 0xF7BF, 0xF7BF, 0xF7BF, 0xF7BF, 0xF7BF,
  0xF7BF, 0xF7BF, 0xF7BF, 0xF7BF, 0xF7BF, 0xF7BF, 0xF7BF, 0xF7BF, 0xF7BF, 0xF7BF, 0xF7BF, 0xF7BF, 0xF7BF, 0xF7BF, 0xF7BF, 0xF7BF,
  0xF7BF, 0xF79F, 0xF7BF, 0xF7BF, 0xF79F, 0xF79F, 0xF79F, 0xF79F, 0xF79F, 0xF79F, 0xF79F, 0xF79F, 0xF79F, 0xF79F, 0xF79F, 0xF79F,
  0xF79F, 0xF79F, 0xF79F, 0xF79F, 0xF79F, 0xF79F, 0xF79F, 0xF79F, 0xF79F, 0xF79F, 0xF79F, 0xF79F, 0xF79F, 0xF79F, 0xF79F, 0xF79F,
  0xF79F, 0xF79F, 0xF79F, 0xF79F, 0xF79F, 0xF79F, 0xF79F, 0xF79F, 0xF79F, 0xF79F, 0xF79F, 0xF79F, 0xF79F, 0xF79F, 0xF79F, 0xF79F,
  0xF79F, 0xF79F, 0xF79F, 0xF79F, 0xF79F, 0xF79F, 0xF79F, 0xF79F, 0xF79F, 0xF79F, 0xF79F, 0xF79F, 0xF79F, 0xF79F, 0xF79F, 0xF79F,
  0xF79F, 0xF79F, 0xF79F, 0xF79F, 0xF79F, 0xF79F, 0xF79F, 0xF79F, 0xF79F, 0xF79F, 0xF79F, 0xF79F, 0xF79F, 0xF79F, 0xF79F, 0xF79F,
  0x8412, 0xEF1F, 0xE6DF, 0xEEFF, 0xE6FF, 0xE6FF, 0xE6FF, 0xE6FF, 0xE6FF, 0xE6FF, 0xE6DF, 0xE6FF, 0xE6FF, 0xE6FF, 0xE6DF, 0xE6FF,
  0xE6FF, 0xE6FF, 0xEEFF, 0xEF1F, 0xEF1F, 0xEF1F, 0xEF1F, 0xEF1F, 0xEEFF, 0xEEFF, 0xEF1F, 0xEF3F, 0xEF5F, 0xEF5F, 0xF77F, 0xF77F,
  0xF77F, 0xF77F, 0xF79F, 0xF79F, 0xF79F, 0xF79F, 0xF77F, 0xF79F, 0xF77F, 0xF77F, 0xF77F, 0xF77F, 0xF77F, 0xF77F, 0xF77F, 0xF77F,
  0xF77F, 0xF77F, 0xF77F, 0xF75F, 0xF75F, 0xF75F, 0xF75F, 0xF75F, 0xF75F, 0xEF7F, 0xF77F, 0xEF5F, 0xF75F, 0xF75F, 0xF75F, 0xF75F,
  0xF75F, 0xF75F, 0xF75F, 0xF75F, 0xEF3F, 0xEF3F, 0xEF3F, 0xEF3F, 0xEF3F, 0xEF1F, 0xEF1F, 0xEF1F, 0xEF1F, 0xEF1F, 0xEF1F, 0xEF1F,
  0xEF3F, 0xEF3F, 0xEF3F, 0xEF5F, 0xF75F, 0xF77F, 0xF77F, 0xF77F, 0xF77F, 0xF79F, 0xF79F, 0xF79F, 0xF79F, 0xF79F, 0xF79F, 0xF79F,
  0xF79F, 0xF79F, 0xF79F, 0xF79F, 0xF79F, 0xF79F, 0xF79F, 0xF79F, 0xF79F, 0xF79F, 0xF79F, 0xF79F, 0xF79F, 0xF79F, 0xF79F, 0xF79F,
  0xF79F, 0xF79F, 0xF7BF, 0xF7BF, 0xF79F, 0xF79F, 0xF79F, 0xF7BF, 0xF7BF, 0xF79F, 0xF79F, 0xF7BF, 0xF7BF, 0xF7BF, 0xF7BF, 0xF7BF,
  0xF7BF, 0xF7BF, 0xF7BF, 0xF7BF, 0xF7BF, 0xF7BF, 0xF7BF, 0xF7BF, 0xF7BF, 0xF7BF, 0xF7BF, 0xF7BF, 0xF7BF, 0xF7BF, 0xF7BF, 0xF7BF,
  0xF7BF, 0xF7BF, 0xF7BF, 0xF7BF, 0xF7BF, 0xFFBF, 0xF7BF, 0xF7BF, 0xF7BF, 0xFFBF, 0xFFBF, 0xF7BF, 0xF7BF, 0xF7BF, 0xF7BF, 0xF7BF,
  0xF7BF, 0xF79F, 0xF79F, 0xF79F, 0xF79F, 0xF79F, 0xF79F, 0xF79F, 0xF79F, 0xF79F, 0xF79F, 0xF79F, 0xF79F, 0xF79F, 0xF79F, 0xF79F,
  0xF79F, 0xF79F, 0xF79F, 0xF79F, 0xF79F, 0xF79F, 0xF79F, 0xF79F, 0xF79F, 0xF79F, 0xF79F, 0xF79F, 0xF79F, 0xF79F, 0xF79F, 0xF79F,
  0xF79F, 0xF79F, 0xF79F, 0xF79F, 0xF79F, 0xF79F, 0xF79F, 0xF79F, 0xF79F, 0xF79F, 0xF79F, 0xF79F, 0xF79F, 0xF79F, 0xF79F, 0xF79F,
  0xF79F, 0xF79F, 0xF79F, 0xF79F, 0xF79F, 0xF79F, 0xF79F, 0xF79F, 0xF79F, 0xF79F, 0xF79F, 0xF79F, 0xF79F, 0xF79F, 0xF79F, 0xF79F,
  0xF79F, 0xF79F, 0xF79F, 0xF79F, 0xF79F, 0xF79F, 0xF79F, 0xF79F, 0xF79F, 0xF79F, 0xF79F, 0xF79F, 0xF79F, 0xF79F, 0xF79F, 0xF79F,
  0x8C53, 0xF75F, 0xE6DF, 0xE6FF, 0xE6FF, 0xE6FF, 0xE6FF, 0xE6FF, 0xE6FF, 0xE6FF, 0xE6FF, 0xE6FF, 0xE6FF, 0xE6FF, 0xE6FF, 0xE6FF,
  0xE6FF, 0xE6FF, 0xEEFF, 0xE6FF, 0xE71F, 0xEF1F, 0xEF3F, 0xF75F, 0xF79F, 0xF7BF, 0xFFBF, 0xFFBF, 0xF7BF, 0xF79F, 0xF79F, 0xF79F,
  0xF77F, 0xF77F, 0xF77F, 0xF77F, 0xF77F, 0xF77F, 0xF77F, 0xF77F, 0xF77F, 0xF77F, 0xF77F, 0xF77F, 0xF77F, 0xF79F, 0xF79F, 0xF79F,
  0xF79F, 0xF79F, 0xF79F, 0xF79F, 0xF79F, 0xF79F, 0xF79F, 0xF79F, 0xF79F, 0xF79F, 0xF79F, 0xF79F, 0xF79F, 0xF77F, 0xF77F, 0xF77F,
  0xF77F, 0xF77F, 0xF77F, 0xF77F, 0xF77F, 0xF77F, 0xF77F, 0xF77F, 0xF77F, 0xF77F, 0xF77F, 0xF77F, 0xF79F, 0xF77F, 0xF77F, 0xF79F,
  0xF79F, 0xF79F, 0xF79F, 0xF79F, 0xF79F, 0xF79F, 0xF79F, 0xF77F, 0xF79F, 0xF79F, 0xF77F, 0xF79F, 0xF79F, 0xF79F, 0xF79F, 0xF79F,
  0xF79F, 0xF79F, 0xF79F, 0xF79F, 0xF79F, 0xF79F, 0xF79F, 0xF79F, 0xF79F, 0xF79F, 0xF79F, 0xF79F, 0xF79F, 0xF79F, 0xF79F, 0xF79F,
  0xF79F, 0xF79F, 0xF7BF, 0xF7BF, 0xF79F, 0xF79F, 0xF79F, 0xF7BF, 0xF79F, 0xF7BF, 0xF79F, 0xF79F, 0xF7BF, 0xF7BF, 0xF7BF, 0xF7BF,
  0xF7BF, 0xF7BF, 0xF7BF, 0xF7BF, 0xF7BF, 0xF7BF, 0xF7BF, 0xF7BF, 0xF7BF, 0xF7BF, 0xF7BF, 0xF7BF, 0xF7BF, 0xF7BF, 0xF7BF, 0xF7BF,
  0xF7BF, 0xF7BF, 0xF7BF, 0xFFBF, 0xF7BF, 0xF7BF, 0xF7BF, 0xF7BF, 0xFFBF, 0xF7BF, 0xF7BF, 0xF7BF, 0xF7BF, 0xF7BF, 0xF79F, 0xF79F,
  0xF79F, 0xF79F, 0xF79F, 0xF79F, 0xF79F, 0xF79F, 0xF79F, 0xF79F, 0xF79F, 0xF79F, 0xF79F, 0xF79F, 0xF79F, 0xF79F, 0xF79F, 0xF79F,
  0xF79F, 0xF79F, 0xF79F, 0xF79F, 0xF79F, 0xF79F, 0xF79F, 0xF79F, 0xF79F, 0xF79F, 0xF79F, 0xF79F, 0xF79F, 0xF79F, 0xF79F, 0xF79F,
  0xF79F, 0xF79F, 0xF79F, 0xF79F, 0xF79F, 0xF79F, 0xF79F, 0xF79F, 0xF79F, 0xF79F, 0xF79F, 0xF79F, 0xF79F, 0xF79F, 0xF79F, 0xF79F,
  0xF79F, 0xF79F, 0xF79F, 0xF79F, 0xF79F, 0xF79F, 0xF79F, 0xF79F, 0xF79F, 0xF79F, 0xF79F, 0xF79F, 0xF79F, 0xF79F, 0xF79F, 0xF79F,
  0xF79F, 0xF79F, 0xF79F, 0xF79F, 0xF79F, 0xF79F, 0xF79F, 0xF79F, 0xF79F, 0xF79F, 0xF79F, 0xF79F, 0xF79F, 0xF79F, 0xF79F, 0xF79F,
  0x8C52, 0xF75F, 0xE6FF, 0xE6FF, 0xE6FF, 0xE6FF, 0xE6FF, 0xE6FF, 0xE6FF, 0xE6FF, 0xE6FF, 0xE6FF, 0xE6FF, 0xE6FF, 0xE6FF, 0xE6FF,
  0xE6FF, 0xE71F, 0xEF3F, 0xF77F, 0xFFBF, 0xFFDF, 0xFFDF, 0xFFBF, 0xF79F, 0xF77F, 0xEF5F, 0xEF3F, 0xEF1F, 0xEF1F, 0xEF1F, 0xEF1F,
  0xEF3F, 0xEF3F, 0xEF3F, 0xEF3F, 0xEF5F, 0xEF5F, 0xEF5F, 0xEF5F, 0xEF5F, 0xEF5F, 0xF75F, 0xF77F, 0xF77F, 0xF77F, 0xF77F, 0xF77F,
  0xF77F, 0xF77F, 0xF79F, 0xF77F, 0xF79F, 0xF79F, 0xF79F, 0xF79F, 0xF79F, 0xF79F, 0xF79F, 0xF79F, 0xF79F, 0xF79F, 0xF79F, 0xF79F,
  0xF79F, 0xF79F, 0xF79F, 0xF79F, 0xF79F, 0xF79F, 0xF79F, 0xF79F, 0xF79F, 0xF79F, 0xF79F, 0xF79F, 0xF79F, 0xF79F, 0xF79F, 0xF79F,
  0xF79F, 0xF77F, 0xF77F, 0xF79F, 0xF77F, 0xF79F, 0xF79F, 0xF77F, 0xF79F, 0xF79F, 0xF79F, 0xF79F, 0xF79F, 0xF79F, 0xF79F, 0xF79F,
  0xF79F, 0xF79F, 0xF79F, 0xF79F, 0xF79F, 0xF79F, 0xF79F, 0xF79F, 0xF79F, 0xF79F, 0xF79F, 0xF79F, 0xF79F, 0xF79F, 0xF79F, 0xF79F,
  0xF79F, 0xF79F, 0xF79F, 0xF7BF, 0xF79F, 0xF79F, 0xF79F, 0xF7BF, 0xF7BF, 0xF7BF, 0xF7BF, 0xF7BF, 0xF7BF, 0xF7BF, 0xF7BF, 0xF7BF,
  0xF7BF, 0xF7BF, 0xF7BF, 0xF7BF, 0xF7BF, 0xF7BF, 0xF7BF, 0xF7BF, 0xF7BF, 0xF7BF, 0xF7BF, 0xF7BF, 0xF7BF, 0xF7BF, 0xF7BF, 0xF79F,
  0xF7BF, 0xF7BF, 0xFFBF, 0xFFBF, 0xF7BF, 0xF7BF, 0xF7BF, 0xF79F, 0xF7BF, 0xF7BF, 0xF7BF, 0xF7BF, 0xF7BF, 0xF79F, 0xF79F, 0xF79F,
  0xF79F, 0xF79F, 0xF79F, 0xF79F, 0xF79F, 0xF79F, 0xF79F, 0xF79F, 0xF79F, 0xF79F, 0xF79F, 0xF79F, 0xF79F, 0xF79F, 0xF79F, 0xF79F,
  0xF79F, 0xF79F, 0xF79F, 0xF79F, 0xF79F, 0xF79F, 0xF79F, 0xF79F, 0xF79F, 0xF79F, 0xF79F, 0xF79F, 0xF79F, 0xF79F, 0xF79F, 0xF79F,
  0xF79F, 0xF79F, 0xF79F, 0xF79F, 0xF79F, 0xF79F, 0xF79F, 0xF79F, 0xF79F, 0xF79F, 0xF79F, 0xF79F, 0xF79F, 0xF79F, 0xF79F, 0xF79F,
  0xF79F, 0xF79F, 0xF79F, 0xF79F, 0xF79F, 0xF79F, 0xF79F, 0xF79F, 0xF79F, 0xF79F, 0xF79F, 0xF79F, 0xF79F, 0xF79F, 0xF79F, 0xF79F,
  0xF79F, 0xF79F, 0xF79F, 0xF79F, 0xF79F, 0xF79F, 0xF79F, 0xF79F, 0xF79F, 0xF79F, 0xF79F, 0xF79F, 0xF79F, 0xF79F, 0xF79F, 0xF79F,
  0x8C53, 0xF77F, 0xE6FF, 0xE6FF, 0xE6FF, 0xE6FF, 0xE6FF, 0xE6FF, 0xE6FF, 0xE6FF, 0xE6FF, 0xE6FF, 0xE6FF, 0xE6FF, 0xE6FF, 0xEF3F,
  0xF79F, 0xFFDF, 0xFFDF, 0xFFBF, 0xF77F, 0xEF3F, 0xE71F, 0xE6FF, 0xE6FF, 0xE6FF, 0xE6FF, 0xEF1F, 0xEF1F, 0xEF3F, 0xEF3F, 0xEF3F,
  0xEF3F, 0xEF3F, 0xF75F, 0xF75F, 0xF75F, 0xF77F, 0xF77F, 0xF77F, 0xF77F, 0xF77F, 0xF77F, 0xF77F, 0xF77F, 0xF77F, 0xF77F, 0xF77F,
  0xF77F, 0xF79F, 0xF79F, 0xF77F, 0xF79F, 0xF79F, 0xF79F, 0xF79F, 0xF79F, 0xF79F, 0xF79F, 0xF79F, 0xF79F, 0xF79F, 0xF79F, 0xF79F,
  0xF79F, 0xF79F, 0xF79F, 0xF79F, 0xF79F, 0xF79F, 0xF79F, 0xF79F, 0xF79F, 0xF79F, 0xF79F, 0xF79F, 0xF79F, 0xF79F, 0xF79F, 0xF77F,
  0xF77F, 0xF79F, 0xF77F, 0xF79F, 0xF77F, 0xF79F, 0xF79F, 0xF79F, 0xF79F, 0xF79F, 0xF79F, 0xF79F, 0xF79F, 0xF79F, 0xF79F, 0xF79F,
  0xF79F, 0xF79F, 0xF79F, 0xF79F, 0xF79F, 0xF79F, 0xF79F, 0xF79F, 0xF79F, 0xF79F, 0xF79F, 0xF79F, 0xF79F, 0xF79F, 0xF79F, 0xF79F,
  0xF79F, 0xF79F, 0xF79F, 0xF79F, 0xF7BF, 0xF7BF, 0xF79F, 0xF79F, 0xF7BF, 0xF79F, 0xF7BF, 0xF7BF, 0xF79F, 0xF7BF, 0xF7BF, 0xF7BF,
  0xF7BF, 0xF7BF, 0xF79F, 0xF79F, 0xF7BF, 0xF7BF, 0xF7BF, 0xF7BF, 0xF7BF, 0xF7BF, 0xF7BF, 0xF7BF, 0xF7BF, 0xF79F, 0xF7BF, 0xF79F,
  0xF79F, 0xF79F, 0xF7BF, 0xF7BF, 0xF7BF, 0xF7BF, 0xF7BF, 0xF79F, 0xF79F, 0xF79F, 0xF79F, 0xF79F, 0xF79F, 0xF79F, 0xF79F, 0xF79F,
  0xF79F, 0xF79F, 0xF79F, 0xF79F, 0xF79F, 0xF79F, 0xF79F, 0xF79F, 0xF79F, 0xF79F, 0xF79F, 0xF79F, 0xF79F, 0xF79F, 0xF79F, 0xF79F,
  0xF79F, 0xF79F, 0xF79F, 0xF79F, 0xF79F, 0xF79F, 0xF79F, 0xF79F, 0xF79F, 0xF79F, 0xF79F, 0xF79F, 0xF79F, 0xF79F, 0xF79F, 0xF79F,
  0xF79F, 0xF79F, 0xF79F, 0xF79F, 0xF79F, 0xF79F, 0xF79F, 0xF79F, 0xF79F, 0xF79F, 0xF79F, 0xF79F, 0xF79F, 0xF79F, 0xF79F, 0xF79F,
  0xF79F, 0xF79F, 0xF79F, 0xF79F, 0xF79F, 0xF79F, 0xF79F, 0xF79F, 0xF79F, 0xF79F, 0xF79F, 0xF79F, 0xF79F, 0xF79F, 0xF79F, 0xF79F,
  0xEF3F, 0xEF1F, 0xFF9F, 0xF79F, 0xF79F, 0xF79F, 0xF79F, 0xF79F, 0xF79F, 0xF79F, 0xF79F, 0xF79F, 0xF79F, 0xF79F, 0xF79F, 0xF79F,
  0x8C53, 0xF77F, 0xE6FF, 0xE6FF, 0xE6FF, 0xE6FF, 0xE6FF, 0xE6FF, 0xE6FF, 0xEEFF, 0xE6FF, 0xE6FF, 0xEF1F, 0xF77F, 0xFFBF, 0xFFDF,
  0xFFBF, 0xF75F, 0xE71F, 0xE6FF, 0xE6DF, 0xE6FF, 0xE6FF, 0xEEFF, 0xEF1F, 0xEF1F, 0xEF1F, 0xEF3F, 0xEF3F, 0xEF3F, 0xEF3F, 0xF75F,
  0xF75F, 0xF75F, 0xF75F, 0xF75F, 0xF75F, 0xF75F, 0xF77F, 0xF77F, 0xF77F, 0xF77F, 0xF77F, 0xF77F, 0xF77F, 0xF77F, 0xF77F, 0xF79F,
  0xF79F, 0xF79F, 0xF79F, 0xF77F, 0xF79F, 0xF79F, 0xF79F, 0xF79F, 0xF79F, 0xF79F, 0xF79F, 0xF79F, 0xF79F, 0xF79F, 0xF79F, 0xF79F,
  0xF79F, 0xF79F, 0xF79F, 0xF79F, 0xF79F, 0xF79F, 0xF79F, 0xF79F, 0xF79F, 0xF79F, 0xF79F, 0xF79F, 0xF79F, 0xF79F, 0xF79F, 0xF79F,
  0xF79F, 0xF79F, 0xF79F, 0xF79F, 0xF79F, 0xF79F, 0xF79F, 0xF79F, 0xF79F, 0xF79F, 0xF79F, 0xF79F, 0xF79F, 0xF79F, 0xF79F, 0xF79F,
  0xF79F, 0xF79F, 0xF79F, 0xF79F, 0xF79F, 0xF79F, 0xF79F, 0xF79F, 0xF79F, 0xF79F, 0xF79F, 0xF79F, 0xF79F, 0xF79F, 0xF79F, 0xF79F,
  0xF79F, 0xF79F, 0xF79F, 0xF7BF, 0xF7BF, 0xF7BF, 0xF79F, 0xF7BF, 0xF7BF, 0xF7BF, 0xF7BF, 0xF7BF, 0xF79F, 0xF79F, 0xF79F, 0xF79F,
  0xF79F, 0xF79F, 0xF7BF, 0xF79F, 0xF79F, 0xF79F, 0xF79F, 0xF79F, 0xF7BF, 0xF7BF, 0xF7BF, 0xF79F, 0xF79F, 0xF7BF, 0xF79F, 0xF79F,
  0xF79F, 0xF79F, 0xF79F, 0xF79F, 0xF7BF, 0xF79F, 0xF7BF, 0xF7BF, 0xF7BF, 0xF79F, 0xF79F, 0xF79F, 0xF79F, 0xF79F, 0xF79F, 0xF79F,
  0xF79F, 0xF79F, 0xF79F, 0xF79F, 0xF79F, 0xF79F, 0xF79F, 0xF79F, 0xF79F, 0xF79F, 0xF79F, 0xF79F, 0xF79F, 0xF79F, 0xF79F, 0xF79F,
  0xF79F, 0xF79F, 0xF79F, 0xF79F, 0xF79F, 0xF79F, 0xF79F, 0xF79F, 0xF79F, 0xF79F, 0xF79F, 0xF79F, 0xF79F, 0xF79F, 0xF79F, 0xF79F,
  0xF79F, 0xF79F, 0xF79F, 0xF79F, 0xF79F, 0xF79F, 0xF79F, 0xF79F, 0xF79F, 0xF79F, 0xF79F, 0xF79F, 0xF79F, 0xF79F, 0xF79F, 0xF79F,
  0xF79F, 0xF79F, 0xF79F, 0xF79F, 0xF79F, 0xF79F, 0xF79F, 0xF79F, 0xF79F, 0xF79F, 0xF79F, 0xF79F, 0xF79F, 0xF79F, 0xF79F, 0xFFDF,
  0xD5DD, 0xCD9D, 0xFFDF, 0xF77F, 0xF79F, 0xF79F, 0xFF9F, 0xF79F, 0xF79F, 0xF79F, 0xF79F, 0xF79F, 0xF79F, 0xF79F, 0xF79F, 0xF79F,
  0x8C52, 0xF77F, 0xE6FF, 0xE6FF, 0xE6FF, 0xE6FF, 0xE6FF, 0xE6FF, 0xE6FF, 0xE6FF, 0xEF3F, 0xF79F, 0xFFDF, 0xFFDF, 0xF77F, 0xE71F,
  0xE6DF, 0xE6BF, 0xE6DF, 0xE6DF, 0xE6FF, 0xEF1F, 0xEEFF, 0xEF1F, 0xEF3F, 0xEF3F, 0xEF3F, 0xEF5F, 0xEF5F, 0xEF5F, 0xEF5F, 0xF75F,
  0xF75F, 0xF75F, 0xF77F, 0xF77F, 0xF77F, 0xF77F, 0xF77F, 0xF77F, 0xF77F, 0xF77F, 0xF77F, 0xF77F, 0xF77F, 0xF77F, 0xF79F, 0xF79F,
  0xF79F, 0xF79F, 0xF79F, 0xF79F, 0xF79F, 0xF79F, 0xF79F, 0xF79F, 0xF79F, 0xF79F, 0xF79F, 0xF79F, 0xF79F, 0xF79F, 0xF79F, 0xF79F,
  0xF79F, 0xF79F, 0xF79F, 0xF79F, 0xF79F, 0xF79F, 0xF79F, 0xF79F, 0xF79F, 0xF79F, 0xF79F, 0xF79F, 0xF79F, 0xF79F, 0xF79F, 0xF79F,
  0xF79F, 0xF79F, 0xF79F, 0xF79F, 0xF79F, 0xF79F, 0xF79F, 0xF79F, 0xF79F, 0xF79F, 0xF79F, 0xF79F, 0xF79F, 0xF79F, 0xF79F, 0xF79F,
  0xF79F, 0xF79F, 0xF79F, 0xF79F, 0xF79F, 0xF79F, 0xF79F, 0xF79F, 0xF79F, 0xF79F, 0xF79F, 0xF79F, 0xF79F, 0xF79F, 0xF79F, 0xF79F,
  0xF79F, 0xF79F, 0xF7BF, 0xF7BF, 0xF7BF, 0xF7BF, 0xF7BF, 0xF7BF, 0xF79F, 0xF79F, 0xF79F, 0xF7BF, 0xF79F, 0xF79F, 0xF79F, 0xF79F,
  0xF79F, 0xF7BF, 0xF7BF, 0xF79F, 0xF79F, 0xF79F, 0xF79F, 0xF79F, 0xF7BF, 0xF79F, 0xF7BF, 0xF7BF, 0xF79F, 0xF79F, 0xF79F, 0xF79F,
  0xF79F, 0xF79F, 0xF79F, 0xF79F, 0xF79F, 0xF79F, 0xF79F, 0xF79F, 0xF79F, 0xF79F, 0xF79F, 0xF7BF, 0xF79F, 0xF79F, 0xF79F, 0xF79F,
  0xF79F, 0xF79F, 0xF79F, 0xF79F, 0xF79F, 0xF79F, 0xF79F, 0xF79F, 0xF79F, 0xF79F, 0xF79F, 0xF79F, 0xF79F, 0xF79F, 0xF79F, 0xF79F,
  0xF79F, 0xF79F, 0xF79F, 0xF79F, 0xF79F, 0xF79F, 0xF79F, 0xF79F, 0xF79F, 0xF79F, 0xF79F, 0xF79F, 0xF79F, 0xF79F, 0xF79F, 0xF79F,
  0xF79F, 0xF79F, 0xF79F, 0xF79F, 0xF79F, 0xF79F, 0xF79F, 0xF79F, 0xF79F, 0xF79F, 0xF79F, 0xF79F, 0xF77F, 0xF79F, 0xF79F, 0xF79F,
  0xF79F, 0xF79F, 0xF79F, 0xF79F, 0xF79F, 0xF79F, 0xF79F, 0xF79F, 0xF79F, 0xF79F, 0xF79F, 0xF79F, 0xF79F, 0xF79F, 0xFFDF, 0xFF9F,
  0x9BDC, 0x9BBC, 0xFF7F, 0xFFDF, 0xF79F, 0xF79F, 0xF79F, 0xF79F, 0xF79F, 0xF79F, 0xF79F, 0xF79F, 0xF79F, 0xF79F, 0xF79F, 0xF79F,
  0x8C52, 0xF77F, 0xE6FF, 0xEEFF, 0xEEFF, 0xEEFF, 0xE6FF, 0xE6DE, 0xEF1E, 0xF79F, 0xFFDF, 0xF79F, 0xEF3F, 0xE6DF, 0xDEBF, 0xE6BF,
  0xE6DF, 0xE6DF, 0xE6FF, 0xEEFF, 0xEF1F, 0xEF1F, 0xEF3F, 0xEF3F, 0xEF3F, 0xEF3F, 0xEF3F, 0xEF5F, 0xEF5F, 0xF77F, 0xF77F, 0xF77F,
  0xF77F, 0xF77F, 0xF77F, 0xF77F, 0xF77F, 0xF77F, 0xF77F, 0xF77F, 0xF77F, 0xF77F, 0xF77F, 0xF77F, 0xF77F, 0xF77F, 0xF77F, 0xF79F,
  0xF79F, 0xF79F, 0xF79F, 0xF79F, 0xF79F, 0xF79F, 0xF79F, 0xF79F, 0xF79F, 0xF79F, 0xF79F, 0xF79F, 0xF79F, 0xF79F, 0xF79F, 0xF79F,
  0xF79F, 0xF79F, 0xF79F, 0xF79F, 0xF79F, 0xF79F, 0xF79F, 0xF79F, 0xF79F, 0xF79F, 0xF79F, 0xF79F, 0xF79F, 0xF79F, 0xF79F, 0xF79F,
  0xF79F, 0xF79F, 0xF79F, 0xF79F, 0xF79F, 0xF79F, 0xF79F, 0xF79F, 0xF79F, 0xF79F, 0xF79F, 0xF79F, 0xF79F, 0xF79F, 0xF79F, 0xF79F,
  0xF79F, 0xF79F, 0xF79F, 0xF79F, 0xF79F, 0xF79F, 0xF79F, 0xF79F, 0xF79F, 0xF79F, 0xF79F, 0xF79F, 0xF79F, 0xF79F, 0xF79F, 0xF79F,
  0xF79F, 0xF79F, 0xF79F, 0xF79F, 0xF7BF, 0xF7BF, 0xF7BF, 0xF79F, 0xF79F, 0xF79F, 0xF79F, 0xF79F, 0xF79F, 0xF79F, 0xF79F, 0xF79F,
  0xF79F, 0xF7BF, 0xF79F, 0xF79F, 0xF79F, 0xF7BF, 0xF79F, 0xF7BF, 0xF7BF, 0xF79F, 0xF7BF, 0xF7BF, 0xF7BF, 0xF7BF, 0xF79F, 0xF79F,
  0xF79F, 0xF79F, 0xF79F, 0xF79F, 0xF79F, 0xF79F, 0xF79F, 0xF79F, 0xF79F, 0xF79F, 0xF79F, 0xF79F, 0xF79F, 0xF79F, 0xF79F, 0xF79F,
  0xF79F, 0xF79F, 0xF79F, 0xF79F, 0xF79F, 0xF79F, 0xF79F, 0xF79F, 0xF79F, 0xF79F, 0xF79F, 0xF79F, 0xF79F, 0xF79F, 0xF79F, 0xF79F,
  0xF79F, 0xF79F, 0xF79F, 0xF79F, 0xF79F, 0xF79F, 0xF79F, 0xF79F, 0xF79F, 0xF79F, 0xF79F, 0xF79F, 0xF79F, 0xF79F, 0xF79F, 0xF79F,
  0xF79F, 0xF79F, 0xF79F, 0xF79F, 0xF79F, 0xF79F, 0xF79F, 0xF79F, 0xF79F, 0xF79F, 0xF77F, 0xF79F, 0xF79F, 0xF79F, 0xF77F, 0xF79F,
  0xF79F, 0xF79F, 0xF79F, 0xF79F, 0xF79F, 0xF79F, 0xF79F, 0xF79F, 0xF79F, 0xF79F, 0xF79F, 0xF79F, 0xF77F, 0xEF3E, 0xDE7E, 0xAC7D,
  0x8ADE, 0x82BE, 0xAC5D, 0xE67F, 0xF73F, 0xF79F, 0xF79F, 0xF77F, 0xF79F, 0xF79F, 0xF79F, 0xF79F, 0xF79F, 0xF79F, 0xF79F, 0xF79F,
  0x8C32, 0xF77F, 0xE6FF, 0xEF1F, 0xEEFF, 0xE6FF, 0xE6FF, 0xF77F, 0xFFDF, 0xF79F, 0xE71E, 0xDEBF, 0xE6BF, 0xE6BF, 0xE6DF, 0xE6DF,
  0xE6FF, 0xEF1F, 0xEF1F, 0xEF3F, 0xEF3F, 0xEF3F, 0xEF3F, 0xEF3F, 0xF75F, 0xF75F, 0xF75F, 0xF77F, 0xF77F, 0xF77F, 0xF77F, 0xF77F,
  0xF77F, 0xF77F, 0xF77F, 0xF77F, 0xF77F, 0xF77F, 0xF79F, 0xF77F, 0xF77F, 0xF77F, 0xF79F, 0xF79F, 0xF79F, 0xF79F, 0xF79F, 0xF79F,
  0xF79F, 0xF79F, 0xF79F, 0xF79F, 0xF79F, 0xF79F, 0xF79F, 0xF79F, 0xF79F, 0xF79F, 0xF79F, 0xF79F, 0xF79F, 0xF79F, 0xF79F, 0xF79F,
  0xF79F, 0xF79F, 0xF79F, 0xF79F, 0xF79F, 0xF79F, 0xF79F, 0xF79F, 0xF79F, 0xF79F, 0xF79F, 0xF79F, 0xF79F, 0xF79F, 0xF79F, 0xF79F,
  0xF79F, 0xF79F, 0xF79F, 0xF79F, 0xF79F, 0xF79F, 0xF79F, 0xF79F, 0xF79F, 0xF79F, 0xF79F, 0xF79F, 0xF79F, 0xF79F, 0xF79F, 0xF79F,
  0xF79F, 0xF79F, 0xF79F, 0xF79F, 0xF79F, 0xF79F, 0xF79F, 0xF79F, 0xF79F, 0xF79F, 0xF79F, 0xF79F, 0xF79F, 0xF79F, 0xF79F, 0xF79F,
  0xF79F, 0xF79F, 0xF79F, 0xF79F, 0xF79F, 0xF79F, 0xF79F, 0xF79F, 0xF79F, 0xF79F, 0xF79F, 0xF79F, 0xF79F, 0xF79F, 0xF79F, 0xF79F,
  0xF79F, 0xF79F, 0xF79F, 0xF79F, 0xF79F, 0xF79F, 0xF79F, 0xF79F, 0xF79F, 0xF79F, 0xF79F, 0xF79F, 0xF79F, 0xF79F, 0xF79F, 0xF79F,
  0xF79F, 0xF79F, 0xF79F, 0xF79F, 0xF79F, 0xF79F, 0xF79F, 0xF79F, 0xF79F, 0xF79F, 0xF79F, 0xF79F, 0xF79F, 0xF79F, 0xF79F, 0xF79F,
  0xF79F, 0xF79F, 0xF79F, 0xF79F, 0xF79F, 0xF79F, 0xF79F, 0xF79F, 0xF79F, 0xF79F, 0xF79F, 0xF79F, 0xF79F, 0xF79F, 0xF79F, 0xF79F,
  0xF79F, 0xF79F, 0xF79F, 0xF79F, 0xF79F, 0xF79F, 0xF79F, 0xF79F, 0xF79F, 0xF79F, 0xF79F, 0xF79F, 0xF79F, 0xF79F, 0xF79F, 0xF79F,
  0xF79F, 0xF79F, 0xF79F, 0xF79F, 0xF79F, 0xF79F, 0xF79F, 0xF79F, 0xF79F, 0xF79F, 0xF79F, 0xF79F, 0xF79F, 0xF79F, 0xF79F, 0xF79F,
  0xF77F, 0xF79F, 0xF79F, 0xF79F, 0xF79F, 0xF79F, 0xF79F, 0xF79F, 0xF79F, 0xF79F, 0xF79F, 0xF79F, 0xE6BD, 0xBD3B, 0x935B, 0x7A7D,
  0x8ADF, 0x8ABF, 0x7A5D, 0x935C, 0xC57B, 0xEF3E, 0xF79F, 0xF77F, 0xF79F, 0xF79F, 0xF79F, 0xF79F, 0xF79F, 0xF79F, 0xF79F, 0xF79F,
  0x8C32, 0xF77F, 0xE6FF, 0xEEFF, 0xE6FF, 0xEF3F, 0xFF9F, 0xF75F, 0xE6FF, 0xDEBF, 0xE6BF, 0xE6BF, 0xE6DF, 0xE6FF, 0xE6FF, 0xEEFF,
  0xEF1F, 0xEF3F, 0xEF3F, 0xEF3F, 0xEF3F, 0xEF3F, 0xF75F, 0xF75F, 0xF75F, 0xF75F, 0xF77F, 0xF77F, 0xF77F, 0xF77F, 0xF77F, 0xF77F,
  0xF77F, 0xF77F, 0xF79F, 0xF79F, 0xF79F, 0xF77F, 0xF79F, 0xF79F, 0xF79F, 0xF79F, 0xF79F, 0xF79F, 0xF79F, 0xF79F, 0xF79F, 0xF79F,
  0xF79F, 0xF79F, 0xF79F, 0xF79F, 0xF79F, 0xF79F, 0xF79F, 0xF79F, 0xF79F, 0xF79F, 0xF79F, 0xF79F, 0xF79F, 0xF79F, 0xF79F, 0xF79F,
  0xF79F, 0xF79F, 0xF79F, 0xF79F, 0xF79F, 0xF79F, 0xF79F, 0xF79F, 0xF79F, 0xF79F, 0xF79F, 0xF79F, 0xF79F, 0xF79F, 0xF79F, 0xF79F,
  0xF79F, 0xF79F, 0xF79F, 0xF79F, 0xF79F, 0xF79F, 0xF79F, 0xF79F, 0xF79F, 0xF79F, 0xF79F, 0xF79F, 0xF79F, 0xF79F, 0xF79F, 0xF79F,
  0xF79F, 0xF79F, 0xF79F, 0xF79F, 0xF79F, 0xF79F, 0xF79F, 0xF79F, 0xF79F, 0xF79F, 0xF79F, 0xF79F, 0xF79F, 0xF79F, 0xF79F, 0xF79F,
  0xF79F, 0xF79F, 0xF79F, 0xF79F, 0xF79F, 0xF79F, 0xF79F, 0xF79F, 0xF79F, 0xF79F, 0xF79F, 0xF79F, 0xF79F, 0xF79F, 0xF79F, 0xF79F,
  0xF79F, 0xF79F, 0xF79F, 0xF79F, 0xF79F, 0xF79F, 0xF79F, 0xF79F, 0xF79F, 0xF79F, 0xF79F, 0xF79F, 0xF79F, 0xF79F, 0xF79F, 0xF79F,
  0xF79F, 0xF79F, 0xF79F, 0xF79F, 0xF79F, 0xF79F, 0xF79F, 0xF79F, 0xF79F, 0xF79F, 0xF79F, 0xF79F, 0xF79F, 0xF79F, 0xF79F, 0xF79F,
  0xF79F, 0xF79F, 0xF79F, 0xF79F, 0xF79F, 0xF79F, 0xF79F, 0xF79F, 0xF79F, 0xF79F, 0xF79F, 0xF79F, 0xF79F, 0xF79F, 0xF79F, 0xF79F,
  0xF79F, 0xF79F, 0xF79F, 0xF77F, 0xF79F, 0xF79F, 0xF79F, 0xF79F, 0xF79F, 0xF79F, 0xF79F, 0xF79F, 0xF79F, 0xF79F, 0xF79F, 0xF79F,
  0xF79F, 0xF79F, 0xF79F, 0xF79F, 0xF79F, 0xF79F, 0xF79F, 0xF79F, 0xF79F, 0xF79F, 0xF79F, 0xF79F, 0xF79F, 0xF79F, 0xF79F, 0xF79F,
  0xF79F, 0xF79F, 0xF79F, 0xF79F, 0xF79F, 0xF79F, 0xF79F, 0xF79F, 0xF79F, 0xF79F, 0xF79F, 0xF79F, 0xF77F, 0xF77F, 0xF71F, 0xBD1D,
  0x82BD, 0x829E, 0xBCDD, 0xF73F, 0xFF7F, 0xF77F, 0xF79F, 0xF79F, 0xF79F, 0xF77F, 0xF79F, 0xF79F, 0xF79F, 0xF79F, 0xF79F, 0xF79F,
  0x8C32, 0xF77F, 0xE6FF, 0xEF3F, 0xF77F, 0xF75F, 0xE6DF, 0xDE9F, 0xDEBF, 0xE6DF, 0xE6DF, 0xE6DF, 0xE6FF, 0xE6FF, 0xEF1F, 0xEF1F,
  0xEF3F, 0xEF3F, 0xEF3F, 0xF75F, 0xF75F, 0xF75F, 0xF75F, 0xF77F, 0xF77F, 0xF77F, 0xF77F, 0xF77F, 0xF77F, 0xF77F, 0xF77F, 0xF77F,
  0xF79F, 0xF77F, 0xF79F, 0xF79F, 0xF79F, 0xF79F, 0xF79F, 0xF79F, 0xF79F, 0xF79F, 0xF79F, 0xF79F, 0xF79F, 0xF79F, 0xF79F, 0xF79F,
  0xF79F, 0xF79F, 0xF79F, 0xF79F, 0xF79F, 0xF79F, 0xF79F, 0xF79F, 0xF79F, 0xF79F, 0xF79F, 0xF79F, 0xF79F, 0xF79F, 0xF79F, 0xF79F,
  0xF79F, 0xF79F, 0xF79F, 0xF79F, 0xF79F, 0xF79F, 0xF79F, 0xF79F, 0xF79F, 0xF79F, 0xF79F, 0xF79F, 0xF79F, 0xF79F, 0xF79F, 0xF79F,
  0xF79F, 0xF79F, 0xF79F, 0xF79F, 0xF79F, 0xF79F, 0xF79F, 0xF79F, 0xF79F, 0xF79F, 0xF79F, 0xF79F, 0xF79F, 0xF79F, 0xF79F, 0xF79F,
  0xF79F, 0xF79F, 0xF79F, 0xF79F, 0xF79F, 0xF79F, 0xF79F, 0xF79F, 0xF79F, 0xF79F, 0xF79F, 0xF79F, 0xF79F, 0xF79F, 0xF79F, 0xF79F,
  0xF79F, 0xF79F, 0xF79F, 0xF79F, 0xF79F, 0xF79F, 0xF79F, 0xF79F, 0xF79F, 0xF79F, 0xF79F, 0xF79F, 0xF79F, 0xF7BF, 0xF79F, 0xF79F,
  0xF79F, 0xF79F, 0xF79F, 0xF79F, 0xF79F, 0xF79F, 0xF79F, 0xF79F, 0xF79F, 0xF79F, 0xF79F, 0xF79F, 0xF79F, 0xF79F, 0xF79F, 0xF79F,
  0xF79F, 0xF79F, 0xF79F, 0xF79F, 0xF79F, 0xF79F, 0xF79F, 0xF79F, 0xF79F, 0xF79F, 0xF79F, 0xF79F, 0xF79F, 0xF79F, 0xF79F, 0xF79F,
  0xF79F, 0xF79F, 0xF79F, 0xF79F, 0xF79F, 0xF79F, 0xF79F, 0xF79F, 0xF79F, 0xF79F, 0xF79F, 0xF79F, 0xF79F, 0xF79F, 0xF79F, 0xF79F,
  0xF79F, 0xF79F, 0xF79F, 0xF79F, 0xF79F, 0xF79F, 0xF79F, 0xF79F, 0xF79F, 0xF79F, 0xF79F, 0xF79F, 0xF79F, 0xF79F, 0xF79F, 0xF79F,
  0xF79F, 0xF79F, 0xF79F, 0xF79F, 0xF79F, 0xF79F, 0xF79F, 0xF79F, 0xF79F, 0xF77F, 0xF79F, 0xF79F, 0xF79F, 0xF79F, 0xF79F, 0xF79F,
  0xF79F, 0xF79F, 0xF79F, 0xF79F, 0xF79F, 0xF79F, 0xF79F, 0xF79F, 0xF79F, 0xF79F, 0xF79F, 0xF79F, 0xF79F, 0xF77F, 0xF79F, 0xFFBF,
  0xA41C, 0x9BDC, 0xFFBF, 0xF79F, 0xF79F, 0xF79F, 0xF79F, 0xF79F, 0xF79F, 0xF77F, 0xF79F, 0xF79F, 0xF79F, 0xF79F, 0xF79F, 0xF79F,
  0x8431, 0xF79F, 0xEF3F, 0xF75F, 0xE6FF, 0xDE7F, 0xDE9F, 0xE6BF, 0xE6BF, 0xE6DF, 0xE6DF, 0xEEFF, 0xEEFF, 0xEF1F, 0xEF3F, 0xEF3F,
  0xEF5F, 0xEF5F, 0xF75F, 0xF75F, 0xF75F, 0xF77F, 0xF77F, 0xF77F, 0xF77F, 0xF77F, 0xF77F, 0xF77F, 0xF77F, 0xF77F, 0xF77F, 0xF79F,
  0xF79F, 0xF79F, 0xF79F, 0xF79F, 0xF79F, 0xF79F, 0xF79F, 0xF79F, 0xF79F, 0xF79F, 0xF79F, 0xF79F, 0xF79F, 0xF79F, 0xF79F, 0xF79F,
  0xF79F, 0xF79F, 0xF79F, 0xF79F, 0xF79F, 0xF79F, 0xF79F, 0xF79F, 0xF79F, 0xF79F, 0xF79F, 0xF79F, 0xF79F, 0xF79F, 0xF79F, 0xF79F,
  0xF79F, 0xF79F, 0xF79F, 0xF79F, 0xF79F, 0xF79F, 0xF79F, 0xF79F, 0xF79F, 0xF79F, 0xF79F, 0xF79F, 0xF79F, 0xF79F, 0xF79F, 0xF79F,
  0xF79F, 0xF79F, 0xF79F, 0xF79F, 0xF79F, 0xF79F, 0xF79F, 0xF79F, 0xF79F, 0xF79F, 0xF79F, 0xF79F, 0xF79F, 0xF79F, 0xF79F, 0xF79F,
  0xF79F, 0xF79F, 0xF79F, 0xF79F, 0xF79F, 0xF79F, 0xF79F, 0xF79F, 0xF79F, 0xF79F, 0xF79F, 0xF79F, 0xF79F, 0xF79F, 0xF79F, 0xF79F,
  0xF79F, 0xF79F, 0xF79F, 0xF79F, 0xF79F, 0xF79F, 0xF79F, 0xF79F, 0xF79F, 0xF79F, 0xF79F, 0xF79F, 0xF79F, 0xF7BF, 0xF79F, 0xF79F,
  0xF79F, 0xF79F, 0xF79F, 0xF79F, 0xF79F, 0xF79F, 0xF79F, 0xF79F, 0xF79F, 0xF79F, 0xF79F, 0xF79F, 0xF79F, 0xF79F, 0xF79F, 0xF79F,
  0xF79F, 0xF79F, 0xF79F, 0xF79F, 0xF79F, 0xF79F, 0xF79F, 0xF79F, 0xF79F, 0xF79F, 0xF79F, 0xF79F, 0xF79F, 0xF79F, 0xF79F, 0xF79F,
  0xF79F, 0xF79F, 0xF79F, 0xF79F, 0xF79F, 0xF79F, 0xF79F, 0xF79F, 0xF79F, 0xF79F, 0xF79F, 0xF79F, 0xF79F, 0xF79F, 0xF77F, 0xF79F,
  0xF79F, 0xF79F, 0xF79F, 0xF79F, 0xF79F, 0xF79F, 0xF79F, 0xF79F, 0xF79F, 0xF79F, 0xF79F, 0xF79F, 0xF79F, 0xF79F, 0xF79F, 0xF7BF,
  0xF79F, 0xF79F, 0xF79F, 0xF79F, 0xF79F, 0xF79F, 0xF79F, 0xF79F, 0xF79F, 0xF79F, 0xF79F, 0xF79F, 0xF79F, 0xF77F, 0xF77F, 0xF79F,
  0xF79F, 0xF77F, 0xF79F, 0xF79F, 0xF77F, 0xF77F, 0xF79F, 0xF77F, 0xF79F, 0xF79F, 0xF77F, 0xF77F, 0xF79F, 0xF77F, 0xEF7F, 0xFFBF,
  0xD5FD, 0xD5FD, 0xFFDF, 0xF77F, 0xF79F, 0xF79F, 0xF79F, 0xF79F, 0xF79F, 0xF79F, 0xF79F, 0xF79F, 0xF79F, 0xF79F, 0xF79F, 0xF79F,
  0x8C51, 0xFFDF, 0xEF1F, 0xDE9F, 0xDE7F, 0xDE9F, 0xE6DF, 0xE6DF, 0xE6DF, 0xE6FF, 0xEEFF, 0xEF1F, 0xEF3F, 0xEF3F, 0xEF5F, 0xEF5F,
  0xF77F, 0xF77F, 0xF77F, 0xF77F, 0xF77F, 0xF77F, 0xF77F, 0xF77F, 0xF77F, 0xF77F, 0xF77F, 0xF77F, 0xF79F, 0xF79F, 0xF79F, 0xF79F,
  0xF79F, 0xF79F, 0xF79F, 0xF79F, 0xF79F, 0xF79F, 0xF79F, 0xF79F, 0xF79F, 0xF79F, 0xF79F, 0xF79F, 0xF79F, 0xF79F, 0xF79F, 0xF79F,
  0xF79F, 0xF79F, 0xF79F, 0xF79F, 0xF79F, 0xF79F, 0xF79F, 0xF79F, 0xF79F, 0xF79F, 0xF79F, 0xF79F, 0xF79F, 0xF79F, 0xF79F, 0xF79F,
  0xF79F, 0xF79F, 0xF79F, 0xF79F, 0xF79F, 0xF79F, 0xF79F, 0xF79F, 0xF79F, 0xF79F, 0xF79F, 0xF79F, 0xF79F, 0xF79F, 0xF79F, 0xF79F,
  0xF79F, 0xF79F, 0xF79F, 0xF79F, 0xF79F, 0xF79F, 0xF79F, 0xF79F, 0xF79F, 0xF79F, 0xF79F, 0xF79F, 0xF79F, 0xF79F, 0xF79F, 0xF79F,
  0xF79F, 0xF79F, 0xF79F, 0xF79F, 0xF79F, 0xF79F, 0xF79F, 0xF79F, 0xF79F, 0xF79F, 0xF79F, 0xF79F, 0xF79F, 0xF79F, 0xF79F, 0xF79F,
  0xF79F, 0xF79F, 0xF79F, 0xF79F, 0xF79F, 0xF79F, 0xF79F, 0xF79F, 0xF79F, 0xF79F, 0xF79F, 0xF79F, 0xF79F, 0xF79F, 0xF79F, 0xF79F,
  0xF79F, 0xF79F, 0xF79F, 0xF79F, 0xF79F, 0xF79F, 0xF79F, 0xF79F, 0xF79F, 0xF79F, 0xF79F, 0xF79F, 0xF79F, 0xF79F, 0xF79F, 0xF79F,
  0xF79F, 0xF79F, 0xF79F, 0xF79F, 0xF79F, 0xF79F, 0xF79F, 0xF79F, 0xF79F, 0xF79F, 0xF79F, 0xF79F, 0xF79F, 0xF79F, 0xF79F, 0xF79F,
  0xF79F, 0xF79F, 0xF79F, 0xF79F, 0xF79F, 0xF79F, 0xF79F, 0xF79F, 0xF79F, 0xF79F, 0xF79F, 0xF79F, 0xF79F, 0xF79F, 0xF79F, 0xF79F,
  0xF79F, 0xF79F, 0xF79F, 0xF79F, 0xF79F, 0xF79F, 0xF79F, 0xF79F, 0xF79F, 0xF79F, 0xF79F, 0xF79F, 0xF79F, 0xFFBF, 0xF79F, 0xEF5E,
  0xF79F, 0xF77F, 0xF79F, 0xFF9F, 0xF79F, 0xF77F, 0xF77F, 0xF77F, 0xF79F, 0xF7BF, 0xF79F, 0xF77F, 0xF79F, 0xF79F, 0xF79F, 0xF79F,
  0xF79F, 0xF77F, 0xF79F, 0xF79F, 0xF77F, 0xF79F, 0xF77F, 0xF79F, 0xF77F, 0xF77F, 0xF79F, 0xF77F, 0xF79F, 0xF77F, 0xF77F, 0xF79F,
  0xEF5F, 0xEF5F, 0xF79F, 0xF79F, 0xF77F, 0xF79F, 0xF79F, 0xF79F, 0xF79F, 0xF79F, 0xF79F, 0xF77F, 0xF79F, 0xF79F, 0xF79F, 0xF79F,
  0x8C32, 0xF75F, 0xDE9E, 0xDE7F, 0xDEBF, 0xE6DF, 0xE6DF, 0xE6FF, 0xEEFF, 0xEF1F, 0xEF3F, 0xEF3F, 0xF75F, 0xF75F, 0xF77F, 0xF77F,
  0xF77F, 0xF77F, 0xF77F, 0xF77F, 0xF77F, 0xF77F, 0xF77F, 0xF77F, 0xF77F, 0xF77F, 0xF77F, 0xF77F, 0xF77F, 0xF77F, 0xF79F, 0xF79F,
  0xF79F, 0xF79F, 0xF79F, 0xF79F, 0xF79F, 0xF79F, 0xF79F, 0xF79F, 0xF79F, 0xF79F, 0xF79F, 0xF79F, 0xF79F, 0xF79F, 0xF79F, 0xF79F,
  0xF79F, 0xF79F, 0xF79F, 0xF79F, 0xF79F, 0xF79F, 0xF79F, 0xF79F, 0xF79F, 0xF79F, 0xF79F, 0xF79F, 0xF79F, 0xF79F, 0xF79F, 0xF79F,
  0xF79F, 0xF79F, 0xF79F, 0xF79F, 0xF79F, 0xF79F, 0xF79F, 0xF79F, 0xF79F, 0xF79F, 0xF79F, 0xF79F, 0xF79F, 0xF79F, 0xF79F, 0xF79F,
  0xF79F, 0xF79F, 0xF79F, 0xF79F, 0xF79F, 0xF79F, 0xF79F, 0xF79F, 0xF79F, 0xF79F, 0xF79F, 0xF79F, 0xF79F, 0xF79F, 0xF79F, 0xF79F,
  0xF79F, 0xF79F, 0xF79F, 0xF79F, 0xF79F, 0xF79F, 0xF79F, 0xF79F, 0xF79F, 0xF79F, 0xF79F, 0xF79F, 0xF79F, 0xF79F, 0xF79F, 0xF79F,
  0xF79F, 0xF79F, 0xF79F, 0xF79F, 0xF79F, 0xF79F, 0xF79F, 0xF79F, 0xF79F, 0xF79F, 0xF79F, 0xF79F, 0xF79F, 0xF79F, 0xF79F, 0xF79F,
  0xF79F, 0xF79F, 0xF79F, 0xF79F, 0xF79F, 0xF79F, 0xF79F, 0xF79F, 0xF79F, 0xF79F, 0xF79F, 0xF79F, 0xF79F, 0xF79F, 0xF79F, 0xF79F,
  0xF79F, 0xF79F, 0xF79F, 0xF79F, 0xF79F, 0xF79F, 0xF79F, 0xF79F, 0xF79F, 0xF79F, 0xF79F, 0xF79F, 0xF79F, 0xF79F, 0xF79F, 0xF79F,
  0xF79F, 0xF79F, 0xF79F, 0xF79F, 0xF79F, 0xF79F, 0xF79F, 0xF79F, 0xF79F, 0xF77F, 0xF79F, 0xF79F, 0xF79F, 0xF79F, 0xF79F, 0xF79F,
  0xF79F, 0xF79F, 0xF79F, 0xF79F, 0xF79F, 0xF79F, 0xF79F, 0xF79F, 0xF79F, 0xF79F, 0xF79F, 0xF79F, 0xFFBF, 0xEF3E, 0xC5FA, 0xD67C,
  0xEF5E, 0xEF1E, 0xB559, 0xF79F, 0xD65C, 0xC5DA, 0xFFBF, 0xF77F, 0xB599, 0xE6DD, 0xFFBF, 0xDEBD, 0xDEBC, 0xF7BF, 0xF79F, 0xD69C,
  0xE6FD, 0xF79F, 0xF79F, 0xF79F, 0xF79F, 0xF77F, 0xF77F, 0xF77F, 0xF77F, 0xF77F, 0xF77F, 0xF77F, 0xF77F, 0xF79F, 0xF77F, 0xF77F,
  0xF79F, 0xF79F, 0xF79F, 0xF79F, 0xF77F, 0xF77F, 0xF77F, 0xF77F, 0xF77F, 0xF77F, 0xF79F, 0xF77F, 0xF79F, 0xF79F, 0xF79F, 0xF79F,
  0x8412, 0xEEFF, 0xDE7F, 0xE6BF, 0xE6DF, 0xE6FF, 0xEEFF, 0xEF1F, 0xEF3F, 0xEF3F, 0xF75F, 0xF75F, 0xF77F, 0xF77F, 0xF77F, 0xF77F,
  0xF77F, 0xF77F, 0xF77F, 0xF77F, 0xF77F, 0xF77F, 0xF77F, 0xF77F, 0xF77F, 0xF77F, 0xF77F, 0xF77F, 0xF77F, 0xF79F, 0xF79F, 0xF79F,
  0xF79F, 0xF79F, 0xF79F, 0xF79F, 0xF79F, 0xF79F, 0xF79F, 0xF79F, 0xF79F, 0xF79F, 0xF79F, 0xF79F, 0xF79F, 0xF79F, 0xF79F, 0xF79F,
  0xF79F, 0xF79F, 0xF79F, 0xF79F, 0xF79F, 0xF79F, 0xF79F, 0xF79F, 0xF79F, 0xF79F, 0xF79F, 0xF79F, 0xF79F, 0xF79F, 0xF79F, 0xF79F,
  0xF79F, 0xF79F, 0xF79F, 0xF79F, 0xF79F, 0xF79F, 0xF79F, 0xF79F, 0xF79F, 0xF79F, 0xF79F, 0xF79F, 0xF79F, 0xF79F, 0xF79F, 0xF79F,
  0xF79F, 0xF79F, 0xF79F, 0xF79F, 0xF79F, 0xF79F, 0xF79F, 0xF79F, 0xF79F, 0xF79F, 0xF79F, 0xF79F, 0xF79F, 0xF79F, 0xF79F, 0xF79F,
  0xF79F, 0xF79F, 0xF79F, 0xF79F, 0xF79F, 0xF79F, 0xF79F, 0xF79F, 0xF79F, 0xF79F, 0xF79F, 0xF79F, 0xF79F, 0xF79F, 0xF79F, 0xF79F,
  0xF79F, 0xF79F, 0xF79F, 0xF79F, 0xF79F, 0xF79F, 0xF79F, 0xF79F, 0xF79F, 0xF79F, 0xF79F, 0xF79F, 0xF79F, 0xF79F, 0xF79F, 0xF79F,
  0xF79F, 0xF79F, 0xF79F, 0xF79F, 0xF79F, 0xF79F, 0xF79F, 0xF79F, 0xF79F, 0xF79F, 0xF79F, 0xF79F, 0xF79F, 0xF79F, 0xF79F, 0xF79F,
  0xF79F, 0xF79F, 0xF79F, 0xF79F, 0xF79F, 0xF79F, 0xF79F, 0xF79F, 0xF79F, 0xF79F, 0xF79F, 0xF79F, 0xF79F, 0xF79F, 0xF79F, 0xF79F,
  0xF79F, 0xF79F, 0xF79F, 0xF79F, 0xF79F, 0xF79F, 0xF79F, 0xF79F, 0xF79F, 0xF77F, 0xF79F, 0xF79F, 0xF79F, 0xF79F, 0xF79F, 0xF79F,
  0xF79F, 0xF79F, 0xF79F, 0xF79F, 0xF79F, 0xF79F, 0xF79F, 0xF79F, 0xF79F, 0xF79F, 0xF79F, 0xF79F, 0xF7BF, 0xEF5E, 0xCE5B, 0xD67C,
  0xEF5E, 0xEF1F, 0xA4D8, 0xD67C, 0xBD9A, 0xC5DA, 0xFFFF, 0xDEDD, 0xAD39, 0xC5DB, 0xFFBF, 0xDE9C, 0xDEBC, 0xFFFF, 0xF79F, 0xCE3B,
  0xE6FE, 0xFFBF, 0xF77F, 0xF79F, 0xF79F, 0xF77F, 0xF77F, 0xF77F, 0xF77F, 0xF79F, 0xF77F, 0xF77F, 0xF77F, 0xF79F, 0xF79F, 0xF77F,
  0xF77F, 0xF77F, 0xF79F, 0xF77F, 0xF77F, 0xF77F, 0xF77F, 0xF77F, 0xF77F, 0xF77F, 0xF77F, 0xF77F, 0xF79F, 0xF79F, 0xF79F, 0xF79F,
  0x8412, 0xEEFF, 0xE6BF, 0xE6FF, 0xEEFF, 0xEF1F, 0xEF3F, 0xEF3F, 0xF75F, 0xF75F, 0xF75F, 0xF77F, 0xF77F, 0xF77F, 0xF77F, 0xF77F,
  0xF77F, 0xF77F, 0xF77F, 0xF77F, 0xF77F, 0xF77F, 0xF77F, 0xF77F, 0xF77F, 0xF79F, 0xF79F, 0xF79F, 0xF79F, 0xF79F, 0xF79F, 0xF79F,
  0xF79F, 0xF79F, 0xF79F, 0xF79F, 0xF79F, 0xF79F, 0xF79F, 0xF79F, 0xF79F, 0xF79F, 0xF79F, 0xF79F, 0xF79F, 0xF79F, 0xF79F, 0xF79F,
  0xF79F, 0xF79F, 0xF79F, 0xF79F, 0xF79F, 0xF79F, 0xF79F, 0xF79F, 0xF79F, 0xF79F, 0xF79F, 0xF79F, 0xF79F, 0xF79F, 0xF79F, 0xF79F,
  0xF79F, 0xF79F, 0xF79F, 0xF79F, 0xF79F, 0xF79F, 0xF79F, 0xF79F, 0xF79F, 0xF79F, 0xF79F, 0xF79F, 0xF79F, 0xF79F, 0xF79F, 0xF79F,
  0xF79F, 0xF79F, 0xF79F, 0xF79F, 0xF79F, 0xF7BF, 0xF79F, 0xF79F, 0xF79F, 0xF79F, 0xF79F, 0xF79F, 0xF79F, 0xF79F, 0xF79F, 0xF79F,
  0xF79F, 0xF79F, 0xF79F, 0xF79F, 0xF79F, 0xF79F, 0xF79F, 0xF79F, 0xF79F, 0xF79F, 0xF79F, 0xF79F, 0xF79F, 0xF79F, 0xF79F, 0xF79F,
  0xF79F, 0xF79F, 0xF79F, 0xF79F, 0xF79F, 0xF79F, 0xF79F, 0xF79F, 0xF79F, 0xF79F, 0xF79F, 0xF79F, 0xF79F, 0xF79F, 0xF79F, 0xF79F,
  0xF79F, 0xF79F, 0xF79F, 0xF79F, 0xF79F, 0xF79F, 0xF79F, 0xF79F, 0xF79F, 0xF79F, 0xF79F, 0xF79F, 0xF79F, 0xF79F, 0xF79F, 0xF79F,
  0xF79F, 0xF79F, 0xF79F, 0xF79F, 0xF79F, 0xF79F, 0xF79F, 0xF79F, 0xF79F, 0xF79F, 0xF79F, 0xF79F, 0xF79F, 0xF79F, 0xF79F, 0xF79F,
  0xF79F, 0xF79F, 0xF79F, 0xF79F, 0xF79F, 0xF79F, 0xF77F, 0xF77F, 0xF77F, 0xF77F, 0xF79F, 0xF79F, 0xF79F, 0xF79F, 0xF79F, 0xF79F,
  0xF79F, 0xF79F, 0xF79F, 0xF79F, 0xF79F, 0xF79F, 0xF79F, 0xF79F, 0xF79F, 0xF79F, 0xF79F, 0xF79F, 0xF79F, 0xEF3E, 0xD67B, 0xBDBA,
  0xDEBD, 0xEF1F, 0xC5FB, 0xB599, 0xC5FA, 0xCE3B, 0xFFBF, 0xBDB9, 0xCE3B, 0xB579, 0xF75F, 0xDEDD, 0xC61A, 0xE6FD, 0xF77F, 0xCE3B,
  0xCE3B, 0xEF3E, 0xF79F, 0xF79F, 0xF77F, 0xF79F, 0xF79F, 0xF79F, 0xF77F, 0xF77F, 0xF77F, 0xF77F, 0xF77F, 0xF77F, 0xF77F, 0xF77F,
  0xF77F, 0xF77F, 0xF77F, 0xF77F, 0xF77F, 0xF77F, 0xF77F, 0xF77F, 0xF77F, 0xF77F, 0xF77F, 0xF77F, 0xF77F, 0xF77F, 0xF77F, 0xF77F,
  0x8412, 0xEF5F, 0xE6FF, 0xEF1F, 0xEF3F, 0xEF3F, 0xEF3F, 0xF75F, 0xF75F, 0xF77F, 0xF77F, 0xF77F, 0xF77F, 0xF77F, 0xF77F, 0xF77F,
  0xF77F, 0xF77F, 0xF77F, 0xF77F, 0xF77F, 0xF77F, 0xF79F, 0xF79F, 0xF79F, 0xF79F, 0xF79F, 0xF79F, 0xF79F, 0xF79F, 0xF79F, 0xF79F,
  0xF79F, 0xF79F, 0xF79F, 0xF79F, 0xF79F, 0xF79F, 0xF79F, 0xF79F, 0xF79F, 0xF79F, 0xF79F, 0xF79F, 0xF79F, 0xF79F, 0xF79F, 0xF79F,
  0xF79F, 0xF79F, 0xF79F, 0xF79F, 0xF79F, 0xF79F, 0xF79F, 0xF79F, 0xF79F, 0xF79F, 0xF79F, 0xF79F, 0xF79F, 0xF79F, 0xF79F, 0xF79F,
  0xF79F, 0xF79F, 0xF79F, 0xF79F, 0xF79F, 0xF79F, 0xF79F, 0xF79F, 0xF79F, 0xF79F, 0xF79F, 0xF79F, 0xF79F, 0xF79F, 0xF79F, 0xF79F,
  0xF79F, 0xF79F, 0xF79F, 0xF79F, 0xF79F, 0xF79F, 0xF79F, 0xF79F, 0xF79F, 0xF79F, 0xF79F, 0xF79F, 0xF79F, 0xF79F, 0xF79F, 0xF79F,
  0xF79F, 0xF79F, 0xF79F, 0xF79F, 0xF79F, 0xF79F, 0xF79F, 0xF79F, 0xF79F, 0xF79F, 0xF79F, 0xF79F, 0xF79F, 0xF79F, 0xF79F, 0xF79F,
  0xF79F, 0xF79F, 0xF79F, 0xF79F, 0xF79F, 0xF79F, 0xF79F, 0xF79F, 0xF79F, 0xF79F, 0xF79F, 0xF79F, 0xF79F, 0xF79F, 0xF79F, 0xF79F,
  0xF79F, 0xF79F, 0xF79F, 0xF79F, 0xF79F, 0xF79F, 0xF79F, 0xF79F, 0xF79F, 0xF79F, 0xF79F, 0xF79F, 0xF79F, 0xF79F, 0xF79F, 0xF79F,
  0xF79F, 0xF79F, 0xF79F, 0xF79F, 0xF79F, 0xF79F, 0xF79F, 0xF79F, 0xF79F, 0xF79F, 0xF79F, 0xF79F, 0xF79F, 0xF79F, 0xF79F, 0xF79F,
  0xF79F, 0xF79F, 0xF79F, 0xF79F, 0xF77F, 0xF79F, 0xF77F, 0xF79F, 0xF79F, 0xF79F, 0xF79F, 0xF79F, 0xF79F, 0xF79F, 0xF79F, 0xF79F,
  0xF79F, 0xF79F, 0xF79F, 0xF79F, 0xF79F, 0xF79F, 0xF79F, 0xF79F, 0xF79F, 0xF79F, 0xF79F, 0xF79F, 0xF79F, 0xF77F, 0xDEBD, 0xDEBD,
  0xF77F, 0xF75F, 0xEF5E, 0xEF5E, 0xEF5F, 0xE71E, 0xEF5F, 0xE6FE, 0xF79F, 0xE71E, 0xEF5F, 0xF79F, 0xDEDC, 0xD69C, 0xEF5F, 0xE71E,
  0xDE9C, 0xE6FE, 0xF79F, 0xF79F, 0xF77F, 0xF77F, 0xF79F, 0xF77F, 0xF77F, 0xF77F, 0xF77F, 0xF77F, 0xF77F, 0xF77F, 0xF77F, 0xF77F,
  0xF77F, 0xF79F, 0xF77F, 0xF77F, 0xF77F, 0xF77F, 0xF77F, 0xF77F, 0xF77F, 0xF77F, 0xF79F, 0xF77F, 0xF77F, 0xF77F, 0xF77F, 0xF77F,
  0x8432, 0xF77F, 0xEF1F, 0xEF3F, 0xEF3F, 0xF75F, 0xF75F, 0xF77F, 0xF77F, 0xF77F, 0xF77F, 0xF77F, 0xF77F, 0xF77F, 0xF77F, 0xF77F,
  0xF77F, 0xF79F, 0xF77F, 0xF77F, 0xF77F, 0xF77F, 0xF79F, 0xF79F, 0xF79F, 0xF79F, 0xF79F, 0xF79F, 0xF79F, 0xF79F, 0xF79F, 0xF79F,
  0xF79F, 0xF79F, 0xF79F, 0xF79F, 0xF79F, 0xF79F, 0xF79F, 0xF79F, 0xF79F, 0xF79F, 0xF79F, 0xF79F, 0xF79F, 0xF79F, 0xF79F, 0xF79F,
  0xF79F, 0xF79F, 0xF79F, 0xF79F, 0xF79F, 0xF79F, 0xF79F, 0xF79F, 0xF79F, 0xF79F, 0xF79F, 0xF79F, 0xF79F, 0xF79F, 0xF79F, 0xF79F,
  0xF79F, 0xF79F, 0xF79F, 0xF79F, 0xF79F, 0xF79F, 0xF79F, 0xF79F, 0xF79F, 0xF79F, 0xF79F, 0xF79F, 0xF79F, 0xF79F, 0xF79F, 0xF79F,
  0xF79F, 0xF79F, 0xF79F, 0xF79F, 0xF79F, 0xF79F, 0xF79F, 0xF79F, 0xF79F, 0xF79F, 0xF79F, 0xF79F, 0xF79F, 0xF79F, 0xF79F, 0xF79F,
  0xF79F, 0xF79F, 0xF79F, 0xF79F, 0xF79F, 0xF79F, 0xF79F, 0xF79F, 0xF79F, 0xF79F, 0xF79F, 0xF79F, 0xF79F, 0xF79F, 0xF79F, 0xF79F,
  0xF79F, 0xF79F, 0xF79F, 0xF79F, 0xF79F, 0xF79F, 0xF79F, 0xF79F, 0xF79F, 0xF79F, 0xF79F, 0xF79F, 0xF79F, 0xF79F, 0xF79F, 0xF79F,
  0xF79F, 0xF79F, 0xF79F, 0xF79F, 0xF79F, 0xF79F, 0xF79F, 0xF79F, 0xF79F, 0xF79F, 0xF79F, 0xF79F, 0xF79F, 0xF79F, 0xF79F, 0xF79F,
  0xF79F, 0xF79F, 0xF79F, 0xF79F, 0xF79F, 0xF79F, 0xF79F, 0xF79F, 0xF79F, 0xF79F, 0xF79F, 0xF79F, 0xF79F, 0xF79F, 0xF79F, 0xF79F,
  0xF79F, 0xF79F, 0xF79F, 0xF79F, 0xF79F, 0xF79F, 0xF79F, 0xF79F, 0xF79F, 0xF79F, 0xF79F, 0xF79F, 0xF79F, 0xF79F, 0xF79F, 0xF79F,
  0xF79F, 0xF79F, 0xF79F, 0xF7BF, 0xF79F, 0xF79F, 0xF79F, 0xF79F, 0xF79F, 0xF79F, 0xF79F, 0xF79F, 0xF79F, 0xF79F, 0xF79F, 0xF79F,
  0xF77F, 0xF77F, 0xFF9F, 0xF7BF, 0xF79F, 0xF77F, 0xF75F, 0xF77F, 0xF77F, 0xF79F, 0xFF9F, 0xF79F, 0xFFBF, 0xF77F, 0xF75F, 0xF77F,
  0xFFBF, 0xF79F, 0xF77F, 0xF77F, 0xF77F, 0xF79F, 0xF77F, 0xF77F, 0xF77F, 0xF79F, 0xF77F, 0xF77F, 0xF77F, 0xF77F, 0xF77F, 0xF77F,
  0xF77F, 0xF77F, 0xF77F, 0xF77F, 0xF77F, 0xF77F, 0xF77F, 0xF77F, 0xF77F, 0xF77F, 0xF77F, 0xF77F, 0xF77F, 0xF77F, 0xF77F, 0xF77F,
  0x8432, 0xF79F, 0xEF3F, 0xF75F, 0xF75F, 0xF75F, 0xF75F, 0xF77F, 0xF77F, 0xF77F, 0xF77F, 0xF77F, 0xF77F, 0xF77F, 0xF77F, 0xF77F,
  0xF77F, 0xF79F, 0xF79F, 0xF79F, 0xF79F, 0xF79F, 0xF79F, 0xF79F, 0xF79F, 0xF79F, 0xF79F, 0xF79F, 0xF79F, 0xF79F, 0xF79F, 0xF79F,
  0xF79F, 0xF79F, 0xF79F, 0xF79F, 0xF79F, 0xF79F, 0xF79F, 0xF79F, 0xF79F, 0xF79F, 0xF79F, 0xF79F, 0xF79F, 0xF79F, 0xF79F, 0xF79F,
  0xF79F, 0xF79F, 0xF79F, 0xF79F, 0xF79F, 0xF79F, 0xF79F, 0xF79F, 0xF79F, 0xF79F, 0xF79F, 0xF79F, 0xF79F, 0xF79F, 0xF79F, 0xF79F,
  0xF79F, 0xF79F, 0xF79F, 0xF79F, 0xF79F, 0xF79F, 0xF79F, 0xF79F, 0xF79F, 0xF79F, 0xF79F, 0xF79F, 0xF79F, 0xF79F, 0xF79F, 0xF79F,
  0xF79F, 0xF79F, 0xF79F, 0xF79F, 0xF79F, 0xF79F, 0xF79F, 0xF79F, 0xF79F, 0xF79F, 0xF79F, 0xF79F, 0xF79F, 0xF79F, 0xF79F, 0xF79F,
  0xF79F, 0xF79F, 0xF79F, 0xF79F, 0xF79F, 0xF79F, 0xF79F, 0xF79F, 0xF79F, 0xF79F, 0xF79F, 0xF79F, 0xF79F, 0xF79F, 0xF79F, 0xF79F,
  0xF79F, 0xF79F, 0xF79F, 0xF79F, 0xF79F, 0xF79F, 0xF79F, 0xF79F, 0xF79F, 0xF79F, 0xF79F, 0xF79F, 0xF79F, 0xF79F, 0xF79F, 0xF79F,
  0xF79F, 0xF79F, 0xF79F, 0xF79F, 0xF79F, 0xF79F, 0xF79F, 0xF79F, 0xF79F, 0xF79F, 0xF79F, 0xF79F, 0xF79F, 0xF79F, 0xF79F, 0xF79F,
  0xF79F, 0xF79F, 0xF79F, 0xF79F, 0xF79F, 0xF79F, 0xF79F, 0xF79F, 0xF79F, 0xF79F, 0xF79F, 0xF79F, 0xF79F, 0xF79F, 0xF79F, 0xF79F,
  0xF79F, 0xF79F, 0xF79F, 0xF79F, 0xF79F, 0xF79F, 0xF77F, 0xF79F, 0xF79F, 0xF79F, 0xF79F, 0xF79F, 0xF79F, 0xF79F, 0xF79F, 0xF79F,
  0xF79F, 0xF79F, 0xF77F, 0xF75F, 0xF79F, 0xF79F, 0xF79F, 0xF79F, 0xF79F, 0xF79F, 0xF79F, 0xF79F, 0xF79F, 0xF79F, 0xF77F, 0xF77F,
  0xF77F, 0xF77F, 0xF79F, 0xF79F, 0xF79F, 0xF77F, 0xF77F, 0xF77F, 0xF79F, 0xF77F, 0xF77F, 0xF77F, 0xF77F, 0xF75F, 0xF75F, 0xF77F,
  0xF79F, 0xF77F, 0xF77F, 0xF77F, 0xF77F, 0xF77F, 0xF77F, 0xF77F, 0xF77F, 0xF77F, 0xF77F, 0xF77F, 0xF77F, 0xF77F, 0xF77F, 0xF77F,
  0xF77F, 0xF77F, 0xF77F, 0xF77F, 0xF77F, 0xF77F, 0xF77F, 0xF77F, 0xF77F, 0xF77F, 0xF77F, 0xF77F, 0xF77F, 0xF77F, 0xF77F, 0xF77F,
  0x8C32, 0xFFBF, 0xEF5F, 0xF75F, 0xF75F, 0xF77F, 0xF77F, 0xF77F, 0xF77F, 0xF77F, 0xF77F, 0xF77F, 0xF77F, 0xF77F, 0xF77F, 0xF79F,
  0xF79F, 0xF79F, 0xF79F, 0xF79F, 0xF79F, 0xF79F, 0xF79F, 0xF79F, 0xF79F, 0xF79F, 0xF79F, 0xF79F, 0xF79F, 0xF79F, 0xF79F, 0xF79F,
  0xF79F, 0xF79F, 0xF79F, 0xF79F, 0xF79F, 0xF79F, 0xF79F, 0xF79F, 0xF79F, 0xF79F, 0xF79F, 0xF79F, 0xF79F, 0xF79F, 0xF79F, 0xF79F,
  0xF79F, 0xF79F, 0xF79F, 0xF79F, 0xF79F, 0xF79F, 0xF79F, 0xF79F, 0xF79F, 0xF79F, 0xF79F, 0xF79F, 0xF79F, 0xF79F, 0xF79F, 0xF79F,
  0xF79F, 0xF79F, 0xF79F, 0xF79F, 0xF79F, 0xF79F, 0xF79F, 0xF79F, 0xF79F, 0xF79F, 0xF79F, 0xF79F, 0xF79F, 0xF79F, 0xF79F, 0xF79F,
  0xF79F, 0xF79F, 0xF79F, 0xF79F, 0xF79F, 0xF79F, 0xF79F, 0xF79F, 0xF79F, 0xF79F, 0xF79F, 0xF79F, 0xF79F, 0xF79F, 0xF79F, 0xF79F,
  0xF79F, 0xF79F, 0xF79F, 0xF79F, 0xF79F, 0xF79F, 0xF79F, 0xF79F, 0xF79F, 0xF79F, 0xF79F, 0xF79F, 0xF79F, 0xF79F, 0xF79F, 0xF79F,
  0xF79F, 0xF79F, 0xF79F, 0xF79F, 0xF79F, 0xF79F, 0xF79F, 0xF79F, 0xF79F, 0xF79F, 0xF79F, 0xF79F, 0xF79F, 0xF79F, 0xF79F, 0xF79F,
  0xF79F, 0xF79F, 0xF79F, 0xF79F, 0xF79F, 0xF79F, 0xF79F, 0xF79F, 0xF79F, 0xF79F, 0xF79F, 0xF79F, 0xF79F, 0xF79F, 0xF79F, 0xF79F,
  0xF79F, 0xF79F, 0xF79F, 0xF77F, 0xF77F, 0xF79F, 0xF79F, 0xF79F, 0xF79F, 0xF77F, 0xF79F, 0xF79F, 0xF77F, 0xF79F, 0xF79F, 0xF79F,
  0xF79F, 0xF79F, 0xF79F, 0xF79F, 0xF79F, 0xF79F, 0xF79F, 0xF79F, 0xF79F, 0xF79F, 0xF79F, 0xF79F, 0xF79F, 0xF79F, 0xF77F, 0xF79F,
  0xF79F, 0xF79F, 0xEF1E, 0xBD5B, 0xFF9F, 0xF79F, 0xF79F, 0xF79F, 0xF79F, 0xF79F, 0xF79F, 0xF79F, 0xF79F, 0xF7BF, 0xF79F, 0xF75F,
  0xF77F, 0xF75F, 0xF79F, 0xF7BF, 0xF79F, 0xF77F, 0xF79F, 0xF79F, 0xF7BF, 0xF79F, 0xF77F, 0xEF5F, 0xF75F, 0xF73F, 0xF77F, 0xF79F,
  0xFF9F, 0xF79F, 0xF77F, 0xF77F, 0xF77F, 0xF77F, 0xF77F, 0xF77F, 0xF77F, 0xF77F, 0xF77F, 0xF77F, 0xF77F, 0xF77F, 0xF77F, 0xF77F,
  0xF77F, 0xF77F, 0xF77F, 0xF77F, 0xF77F, 0xF77F, 0xF77F, 0xF77F, 0xF77F, 0xF77F, 0xF77F, 0xF77F, 0xF77F, 0xF77F, 0xF77F, 0xF77F,
  0x8C32, 0xFFDF, 0xEF5F, 0xF77F, 0xF77F, 0xF77F, 0xF77F, 0xF77F, 0xF77F, 0xF77F, 0xF79F, 0xF77F, 0xF79F, 0xF79F, 0xF79F, 0xF79F,
  0xF79F, 0xF79F, 0xF79F, 0xF79F, 0xF79F, 0xF79F, 0xF79F, 0xF79F, 0xF79F, 0xF79F, 0xF79F, 0xF79F, 0xF79F, 0xF79F, 0xF79F, 0xF79F,
  0xF79F, 0xF79F, 0xF79F, 0xF79F, 0xF79F, 0xF79F, 0xF79F, 0xF79F, 0xF79F, 0xF79F, 0xF79F, 0xF79F, 0xF79F, 0xF79F, 0xF79F, 0xF79F,
  0xF79F, 0xF79F, 0xF79F, 0xF79F, 0xF79F, 0xF79F, 0xF79F, 0xF79F, 0xF79F, 0xF79F, 0xF79F, 0xF79F, 0xF79F, 0xF79F, 0xF79F, 0xF79F,
  0xF79F, 0xF79F, 0xF79F, 0xF79F, 0xF79F, 0xF79F, 0xF79F, 0xF79F, 0xF79F, 0xF79F, 0xF79F, 0xF79F, 0xF79F, 0xF79F, 0xF79F, 0xF79F,
  0xF79F, 0xF79F, 0xF79F, 0xF79F, 0xF79F, 0xF79F, 0xF79F, 0xF79F, 0xF79F, 0xF79F, 0xF79F, 0xF79F, 0xF79F, 0xF79F, 0xF79F, 0xF79F,
  0xF79F, 0xF79F, 0xF79F, 0xF79F, 0xF79F, 0xF79F, 0xF79F, 0xF79F, 0xF7BF, 0xF79F, 0xF79F, 0xF79F, 0xF79F, 0xF79F, 0xF79F, 0xF79F,
  0xF79F, 0xF79F, 0xF79F, 0xF79F, 0xF79F, 0xF79F, 0xF79F, 0xF79F, 0xF79F, 0xF79F, 0xF79F, 0xF79F, 0xF79F, 0xF79F, 0xF79F, 0xF79F,
  0xF79F, 0xF79F, 0xF79F, 0xF79F, 0xF79F, 0xF79F, 0xF79F, 0xF79F, 0xF79F, 0xF79F, 0xF79F, 0xF79F, 0xF79F, 0xF79F, 0xF79F, 0xF79F,
  0xF79F, 0xF79F, 0xF77F, 0xF79F, 0xF77F, 0xF79F, 0xF79F, 0xF79F, 0xF79F, 0xF79F, 0xF79F, 0xF79F, 0xF79F, 0xF79F, 0xF79F, 0xF79F,
  0xF79F, 0xF79F, 0xF79F, 0xF79F, 0xF79F, 0xF79F, 0xF79F, 0xF79F, 0xF77F, 0xF77F, 0xF79F, 0xF79F, 0xF77F, 0xF77F, 0xF79F, 0xF79F,
  0xF77F, 0xF7BF, 0xEEFE, 0xBD1B, 0xFF9F, 0xF79F, 0xF79F, 0xF79F, 0xF79F, 0xF79F, 0xF79F, 0xF79F, 0xF7BF, 0xEF5E, 0xCE3B, 0xD65B,
  0xEF1E, 0xEF1E, 0xC61B, 0xC5DA, 0xE6FE, 0xF75F, 0xC61A, 0xDEBC, 0xF77E, 0xFFBF, 0xCE3B, 0xCE1C, 0xDE9D, 0xF73F, 0xD63C, 0xD67B,
  0xEF3E, 0xFFBF, 0xF77F, 0xF77F, 0xF77F, 0xF77F, 0xF77F, 0xF77F, 0xF77F, 0xF77F, 0xF77F, 0xF77F, 0xF77F, 0xF77F, 0xF75F, 0xF75F,
  0xF77F, 0xF75F, 0xF75F, 0xF75F, 0xF75F, 0xF75F, 0xF75F, 0xF77F, 0xF77F, 0xF75F, 0xF77F, 0xF77F, 0xF77F, 0xF77F, 0xF77F, 0xF77F,
  0x8C52, 0xFFDF, 0xEF5F, 0xF77F, 0xF77F, 0xF77F, 0xF77F, 0xF77F, 0xF77F, 0xF77F, 0xF79F, 0xF79F, 0xF77F, 0xF79F, 0xF79F, 0xF79F,
  0xF79F, 0xF79F, 0xF79F, 0xF79F, 0xF79F, 0xF79F, 0xF79F, 0xF79F, 0xF79F, 0xF79F, 0xF79F, 0xF79F, 0xF79F, 0xF79F, 0xF79F, 0xF79F,
  0xF79F, 0xF79F, 0xF79F, 0xF79F, 0xF79F, 0xF79F, 0xF79F, 0xF79F, 0xF79F, 0xF79F, 0xF79F, 0xF79F, 0xF79F, 0xF79F, 0xF79F, 0xF79F,
  0xF79F, 0xF79F, 0xF79F, 0xF79F, 0xF79F, 0xF79F, 0xF79F, 0xF79F, 0xF79F, 0xF79F, 0xF79F, 0xF79F, 0xF79F, 0xF79F, 0xF79F, 0xF79F,
  0xF79F, 0xF79F, 0xF79F, 0xF79F, 0xF79F, 0xF79F, 0xF79F, 0xF79F, 0xF79F, 0xF79F, 0xF79F, 0xF79F, 0xF79F, 0xF79F, 0xF79F, 0xF79F,
  0xF79F, 0xF79F, 0xF79F, 0xF79F, 0xF79F, 0xF79F, 0xF79F, 0xF79F, 0xF79F, 0xF79F, 0xF79F, 0xF79F, 0xF79F, 0xF79F, 0xF79F, 0xF79F,
  0xF79F, 0xF79F, 0xF79F, 0xF79F, 0xF79F, 0xF79F, 0xF79F, 0xF79F, 0xF79F, 0xF79F, 0xF79F, 0xF79F, 0xF79F, 0xF79F, 0xF79F, 0xF79F,
  0xF79F, 0xF79F, 0xF79F, 0xF79F, 0xF79F, 0xF79F, 0xF79F, 0xF79F, 0xF79F, 0xF79F, 0xF79F, 0xF79F, 0xF79F, 0xF79F, 0xF79F, 0xF79F,
  0xF79F, 0xF79F, 0xF79F, 0xF79F, 0xF79F, 0xF79F, 0xF79F, 0xF79F, 0xF79F, 0xF79F, 0xF79F, 0xF79F, 0xF79F, 0xF79F, 0xF79F, 0xF79F,
  0xF79F, 0xF79F, 0xF77F, 0xF79F, 0xF77F, 0xF77F, 0xF79F, 0xF79F, 0xF79F, 0xF79F, 0xF79F, 0xF79F, 0xF79F, 0xF79F, 0xF77F, 0xF79F,
  0xF79F, 0xF79F, 0xF79F, 0xF79F, 0xF79F, 0xF79F, 0xF79F, 0xF79F, 0xF79F, 0xF79F, 0xF77F, 0xF79F, 0xF77F, 0xF77F, 0xF77F, 0xF79F,
  0xF77F, 0xF7BF, 0xEEFE, 0xBD3B, 0xFF9F, 0xF79F, 0xFF9F, 0xF79F, 0xF79F, 0xF79F, 0xF77F, 0xF77F, 0xF7BF, 0xEF5E, 0xCE5B, 0xDEBD,
  0xE6FE, 0xF75F, 0xD69D, 0xC5FB, 0xFF9F, 0xEF5E, 0xB599, 0xDEBD, 0xF79F, 0xFFBF, 0xBDDA, 0xC5FB, 0xCDFB, 0xF77F, 0xCE3B, 0xD67C,
  0xEF3E, 0xFFBF, 0xF79F, 0xF77F, 0xF77F, 0xF77F, 0xF77F, 0xF77F, 0xF77F, 0xF77F, 0xF77F, 0xF77F, 0xF77F, 0xF75F, 0xF77F, 0xF75F,
  0xF77F, 0xF75F, 0xF75F, 0xF75F, 0xF75F, 0xF75F, 0xF77F, 0xF75F, 0xF77F, 0xF77F, 0xF77F, 0xF77F, 0xF77F, 0xF77F, 0xF77F, 0xF77F,
  0x8C52, 0xFFDF, 0xF77F, 0xF77F, 0xF77F, 0xF77F, 0xF77F, 0xF79F, 0xF79F, 0xF77F, 0xF79F, 0xF79F, 0xF79F, 0xF79F, 0xF79F, 0xF79F,
  0xF79F, 0xF79F, 0xF79F, 0xF79F, 0xF79F, 0xF79F, 0xF79F, 0xF79F, 0xF79F, 0xF79F, 0xF79F, 0xF79F, 0xF79F, 0xF79F, 0xF79F, 0xF79F,
  0xF79F, 0xF79F, 0xF79F, 0xF79F, 0xF79F, 0xF79F, 0xF79F, 0xF79F, 0xF79F, 0xF79F, 0xF79F, 0xF79F, 0xF79F, 0xF79F, 0xF79F, 0xF79F,
  0xF79F, 0xF79F, 0xF79F, 0xF79F, 0xF79F, 0xF79F, 0xF79F, 0xF79F, 0xF79F, 0xF79F, 0xF79F, 0xF79F, 0xF79F, 0xF79F, 0xF79F, 0xF79F,
  0xF79F, 0xF79F, 0xF79F, 0xF79F, 0xF79F, 0xF79F, 0xF79F, 0xF79F, 0xF79F, 0xF79F, 0xF79F, 0xF79F, 0xF79F, 0xF79F, 0xF79F, 0xF79F,
  0xF79F, 0xF79F, 0xFF9F, 0xFF9F, 0xF79F, 0xF79F, 0xF79F, 0xF79F, 0xF79F, 0xF79F, 0xF79F, 0xF79F, 0xF7BF, 0xF79F, 0xF7BF, 0xF7BF,
  0xF7BF, 0xF79F, 0xF79F, 0xF79F, 0xF79F, 0xF79F, 0xF79F, 0xF79F, 0xF79F, 0xF79F, 0xF79F, 0xF79F, 0xF79F, 0xF79F, 0xF79F, 0xF79F,
  0xF79F, 0xF79F, 0xF79F, 0xF79F, 0xF79F, 0xF79F, 0xF79F, 0xF79F, 0xF79F, 0xF79F, 0xF79F, 0xF79F, 0xF79F, 0xF79F, 0xF79F, 0xF79F,
  0xF79F, 0xF79F, 0xF79F, 0xF79F, 0xF79F, 0xF79F, 0xF79F, 0xF79F, 0xF79F, 0xF79F, 0xF79F, 0xF79F, 0xF79F, 0xF79F, 0xF79F, 0xF79F,
  0xF79F, 0xF79F, 0xF79F, 0xF77F, 0xF79F, 0xF79F, 0xF79F, 0xF79F, 0xF79F, 0xF79F, 0xF79F, 0xF79F, 0xF79F, 0xF79F, 0xF79F, 0xF79F,
  0xF79F, 0xF79F, 0xF77F, 0xF79F, 0xF77F, 0xF79F, 0xF77F, 0xF77F, 0xF77F, 0xF77F, 0xF77F, 0xF79F, 0xF77F, 0xF77F, 0xF79F, 0xF79F,
  0xF79F, 0xF79F, 0xEEFE, 0xBD3B, 0xFF9F, 0xF79F, 0xF79F, 0xF79F, 0xF77F, 0xF77F, 0xF77F, 0xF77F, 0xF79F, 0xEF5E, 0xDEBC, 0xBDBA,
  0xCE3C, 0xFF7F, 0xD67D, 0xC5DA, 0xFFBF, 0xF77E, 0xB599, 0xD67C, 0xE71E, 0xF77F, 0xB579, 0xD67D, 0xEF3F, 0xF77F, 0xE6FD, 0xCE3B,
  0xC61A, 0xFFBF, 0xF77F, 0xF77F, 0xF77F, 0xF77F, 0xF77F, 0xF77F, 0xF77F, 0xF77F, 0xF77F, 0xF77F, 0xF77F, 0xF75F, 0xF77F, 0xF75F,
  0xF77F, 0xF75F, 0xF77F, 0xF75F, 0xF75F, 0xF75F, 0xF77F, 0xF77F, 0xF77F, 0xF77F, 0xF75F, 0xF77F, 0xF75F, 0xF77F, 0xF77F, 0xF77F,
  0x8C72, 0xFFDF, 0xF77F, 0xF77F, 0xF77F, 0xF77F, 0xF79F, 0xF79F, 0xF79F, 0xF79F, 0xF79F, 0xF79F, 0xF79F, 0xF79F, 0xF79F, 0xF79F,
  0xF79F, 0xF79F, 0xF79F, 0xF79F, 0xF79F, 0xF79F, 0xF79F, 0xF79F, 0xF79F, 0xF79F, 0xF79F, 0xF79F, 0xF79F, 0xF79F, 0xF79F, 0xF79F,
  0xF79F, 0xF79F, 0xF79F, 0xF79F, 0xF79F, 0xF79F, 0xF79F, 0xF79F, 0xF79F, 0xF79F, 0xF79F, 0xF79F, 0xF79F, 0xF79F, 0xF79F, 0xF79F,
  0xF79F, 0xF79F, 0xF79F, 0xF79F, 0xF79F, 0xF79F, 0xF79F, 0xF79F, 0xF79F, 0xF79F, 0xF79F, 0xF79F, 0xF79F, 0xF79F, 0xF79F, 0xF79F,
  0xF79F, 0xF79F, 0xF79F, 0xF79F, 0xF79F, 0xF79F, 0xF79F, 0xF79F, 0xF79F, 0xF79F, 0xF79F, 0xF79F, 0xF79F, 0xF79F, 0xF79F, 0xF79F,
  0xF79F, 0xF7BF, 0xF7BF, 0xF7BF, 0xF79F, 0xF79F, 0xF79F, 0xF79F, 0xF7BF, 0xF79F, 0xF7BF, 0xF79F, 0xF79F, 0xF7BF, 0xF79F, 0xF79F,
  0xF7BF, 0xF79F, 0xF7BF, 0xF79F, 0xF79F, 0xF79F, 0xF79F, 0xF79F, 0xF79F, 0xF79F, 0xF79F, 0xFF9F, 0xF79F, 0xF79F, 0xF79F, 0xF79F,
  0xF79F, 0xF79F, 0xF79F, 0xF79F, 0xF79F, 0xF79F, 0xF79F, 0xF79F, 0xF7BF, 0xF79F, 0xF79F, 0xF79F, 0xF79F, 0xF79F, 0xF79F, 0xF79F,
  0xF79F, 0xF79F, 0xF79F, 0xF79F, 0xF79F, 0xF79F, 0xF79F, 0xF79F, 0xF79F, 0xF79F, 0xF79F, 0xF79F, 0xF79F, 0xF79F, 0xF79F, 0xF79F,
  0xF79F, 0xF79F, 0xF79F, 0xF77F, 0xF79F, 0xF79F, 0xF79F, 0xF79F, 0xF79F, 0xF79F, 0xF79F, 0xF79F, 0xF79F, 0xF79F, 0xF79F, 0xF79F,
  0xF79F, 0xF79F, 0xF77F, 0xF77F, 0xF77F, 0xF79F, 0xF77F, 0xF77F, 0xF77F, 0xF77F, 0xF77F, 0xF79F, 0xF77F, 0xF79F, 0xF79F, 0xF79F,
  0xF77F, 0xF7BF, 0xEEFE, 0xBD5B, 0xFF9F, 0xF79F, 0xF79F, 0xF79F, 0xF79F, 0xF79F, 0xF77F, 0xF77F, 0xF77F, 0xF75F, 0xD67C, 0xD67C,
  0xEF3F, 0xF77F, 0xE71E, 0xE6DD, 0xF79F, 0xFFBF, 0xDEBC, 0xD65C, 0xE6DE, 0xEF3F, 0xDEBE, 0xF77F, 0xF77F, 0xF79F, 0xE71D, 0xDEBC,
  0xEF5E, 0xF79F, 0xF77F, 0xF77F, 0xF77F, 0xF77F, 0xF77F, 0xF77F, 0xF77F, 0xF75F, 0xF77F, 0xF77F, 0xF77F, 0xF77F, 0xF75F, 0xF77F,
  0xF75F, 0xF75F, 0xF75F, 0xF75F, 0xF75F, 0xF75F, 0xF75F, 0xF77F, 0xF75F, 0xF75F, 0xF75F, 0xF75F, 0xF75F, 0xF75F, 0xF77F, 0xF77F,
  0x8C72, 0xFFFF, 0xF77F, 0xF77F, 0xF79F, 0xF77F, 0xF79F, 0xF79F, 0xF79F, 0xF79F, 0xF79F, 0xF79F, 0xF79F, 0xF79F, 0xF79F, 0xF79F,
  0xF79F, 0xF79F, 0xF79F, 0xF79F, 0xF79F, 0xF79F, 0xF79F, 0xF79F, 0xF7BF, 0xF7BF, 0xF7BF, 0xF7BF, 0xF7BF, 0xF79F, 0xF79F, 0xF79F,
  0xF79F, 0xF79F, 0xF79F, 0xF79F, 0xF79F, 0xF79F, 0xF79F, 0xF79F, 0xF79F, 0xF79F, 0xF79F, 0xF79F, 0xF79F, 0xF79F, 0xF79F, 0xF79F,
  0xF79F, 0xF79F, 0xF79F, 0xF79F, 0xF79F, 0xF79F, 0xF7BF, 0xF79F, 0xF79F, 0xF79F, 0xF79F, 0xF7BF, 0xF7BF, 0xF7BF, 0xF79F, 0xF79F,
  0xF79F, 0xF79F, 0xF79F, 0xF79F, 0xF79F, 0xF79F, 0xF79F, 0xF79F, 0xF79F, 0xF79F, 0xF79F, 0xF79F, 0xF79F, 0xF79F, 0xF79F, 0xF79F,
  0xF79F, 0xF7BF, 0xF79F, 0xF7BF, 0xF79F, 0xF79F, 0xF7BF, 0xF79F, 0xF79F, 0xF79F, 0xF79F, 0xF79F, 0xF7BF, 0xF7BF, 0xF79F, 0xF79F,
  0xF7BF, 0xF7BF, 0xF79F, 0xF79F, 0xF79F, 0xF79F, 0xF79F, 0xF79F, 0xF79F, 0xF79F, 0xF79F, 0xF79F, 0xF79F, 0xF79F, 0xF79F, 0xF79F,
  0xF79F, 0xF79F, 0xF79F, 0xF79F, 0xF7BF, 0xF79F, 0xF7BF, 0xF7BF, 0xF7BF, 0xF79F, 0xF79F, 0xF79F, 0xF79F, 0xF79F, 0xF79F, 0xF79F,
  0xF79F, 0xF79F, 0xF79F, 0xF79F, 0xF79F, 0xF79F, 0xF79F, 0xF79F, 0xF79F, 0xF79F, 0xF79F, 0xF79F, 0xF79F, 0xF79F, 0xF77F, 0xF77F,
  0xF77F, 0xF79F, 0xF77F, 0xF79F, 0xF79F, 0xF79F, 0xF79F, 0xF79F, 0xF79F, 0xF79F, 0xF79F, 0xF79F, 0xF79F, 0xF79F, 0xF79F, 0xF79F,
  0xF77F, 0xF79F, 0xF79F, 0xF77F, 0xF77F, 0xF77F, 0xF79F, 0xF77F, 0xF77F, 0xF77F, 0xF77F, 0xF77F, 0xF77F, 0xF79F, 0xF79F, 0xF79F,
  0xF77F, 0xF79F, 0xEF1E, 0xC57B, 0xFF9F, 0xF79F, 0xF79F, 0xF77F, 0xF77F, 0xF77F, 0xF79F, 0xF79F, 0xF79F, 0xF77F, 0xF79F, 0xF79F,
  0xF79F, 0xF79F, 0xF77F, 0xF79F, 0xF79F, 0xFF9F, 0xFFBF, 0xFF9F, 0xF75F, 0xEF5F, 0xF77F, 0xF77F, 0xF77F, 0xF79F, 0xFFBF, 0xFFDF,
  0xF77F, 0xF75F, 0xF75F, 0xF75F, 0xF77F, 0xF77F, 0xF77F, 0xF77F, 0xF77F, 0xF77F, 0xF77F, 0xF75F, 0xF75F, 0xF77F, 0xF75F, 0xF75F,
  0xF75F, 0xF75F, 0xF75F, 0xF75F, 0xF75F, 0xF75F, 0xF75F, 0xF75F, 0xF75F, 0xF75F, 0xF75F, 0xF75F, 0xF77F, 0xF77F, 0xF75F, 0xF77F,
  0x8C72, 0xFFFF, 0xF77F, 0xF79F, 0xF79F, 0xF79F, 0xF79F, 0xF79F, 0xF79F, 0xF79F, 0xF79F, 0xF79F, 0xF79F, 0xF79F, 0xF79F, 0xF79F,
  0xF79F, 0xF79F, 0xF79F, 0xF79F, 0xF79F, 0xF7BF, 0xF7BF, 0xF7BF, 0xF7BF, 0xF7BF, 0xFFBF, 0xFFBF, 0xFFBF, 0xFFBF, 0xF7BF, 0xF79F,
  0xF79F, 0xF79F, 0xF79F, 0xF79F, 0xF79F, 0xF79F, 0xF79F, 0xF79F, 0xF79F, 0xF79F, 0xF79F, 0xF79F, 0xF79F, 0xF79F, 0xF79F, 0xF79F,
  0xF79F, 0xF79F, 0xF79F, 0xF79F, 0xF79F, 0xF79F, 0xF7BF, 0xF79F, 0xF79F, 0xF79F, 0xF79F, 0xF7BF, 0xF7BF, 0xF7BF, 0xF7BF, 0xF79F,
  0xF79F, 0xF79F, 0xF79F, 0xF79F, 0xF79F, 0xF79F, 0xF79F, 0xF79F, 0xF79F, 0xF7BF, 0xF79F, 0xF79F, 0xF79F, 0xF79F, 0xFF9F, 0xF79F,
  0xF7BF, 0xF7BF, 0xF7BF, 0xF7BF, 0xF7BF, 0xF7BF, 0xF7BF, 0xF7BF, 0xF79F, 0xF7BF, 0xF7BF, 0xF79F, 0xF79F, 0xF79F, 0xF79F, 0xF7BF,
  0xF79F, 0xF79F, 0xF7BF, 0xF79F, 0xF79F, 0xF79F, 0xF79F, 0xF79F, 0xF79F, 0xF79F, 0xF79F, 0xF79F, 0xF79F, 0xF79F, 0xF79F, 0xF79F,
  0xF79F, 0xF79F, 0xF79F, 0xF79F, 0xF79F, 0xF79F, 0xF79F, 0xF79F, 0xF79F, 0xF79F, 0xF7BF, 0xF79F, 0xF79F, 0xF79F, 0xF79F, 0xF79F,
  0xF79F, 0xF79F, 0xF79F, 0xF79F, 0xF79F, 0xF79F, 0xF79F, 0xF79F, 0xF79F, 0xF79F, 0xF79F, 0xF79F, 0xF79F, 0xF79F, 0xF79F, 0xF77F,
  0xF79F, 0xF79F, 0xF77F, 0xF77F, 0xF79F, 0xF79F, 0xF79F, 0xF79F, 0xF77F, 0xF77F, 0xF79F, 0xF79F, 0xF79F, 0xF79F, 0xF79F, 0xF79F,
  0xF77F, 0xF77F, 0xF77F, 0xF77F, 0xF77F, 0xF77F, 0xF77F, 0xF79F, 0xF77F, 0xF77F, 0xF79F, 0xF79F, 0xF79F, 0xF79F, 0xF79F, 0xF77F,
  0xF77F, 0xF79F, 0xEF1E, 0xC57B, 0xFF9F, 0xF77F, 0xF79F, 0xF77F, 0xF77F, 0xF77F, 0xF79F, 0xF79F, 0xF79F, 0xF77F, 0xF75F, 0xF77F,
  0xF77F, 0xF79F, 0xF79F, 0xF77F, 0xF77F, 0xF77F, 0xF75F, 0xF75F, 0xF75F, 0xF75F, 0xF75F, 0xF77F, 0xF79F, 0xF77F, 0xF77F, 0xF75F,
  0xF75F, 0xF75F, 0xF75F, 0xF75F, 0xF77F, 0xF77F, 0xF75F, 0xF77F, 0xF77F, 0xF77F, 0xF75F, 0xF75F, 0xF75F, 0xF77F, 0xF75F, 0xF75F,
  0xF75F, 0xF75F, 0xF75F, 0xF75F, 0xF75F, 0xF75F, 0xF75F, 0xF75F, 0xF75F, 0xF75F, 0xF75F, 0xF75F, 0xF77F, 0xF75F, 0xF75F, 0xF77F,
  0x8C72, 0xFFFF, 0xF77F, 0xF79F, 0xF79F, 0xF79F, 0xF79F, 0xF79F, 0xF79F, 0xF79F, 0xF79F, 0xF79F, 0xF79F, 0xF79F, 0xF79F, 0xF79F,
  0xF79F, 0xF79F, 0xF79F, 0xF79F, 0xF7BF, 0xF7BF, 0xFFBF, 0xF7BF, 0xFFBF, 0xFFBF, 0xFFBF, 0xFFBF, 0xFFBF, 0xFFBF, 0xFFBF, 0xF7BF,
  0xF7BF, 0xF79F, 0xF79F, 0xF79F, 0xF79F, 0xF79F, 0xF79F, 0xF79F, 0xF79F, 0xF79F, 0xF79F, 0xF79F, 0xF79F, 0xF79F, 0xF79F, 0xF79F,
  0xF79F, 0xF79F, 0xF79F, 0xF79F, 0xF79F, 0xF79F, 0xF7BF, 0xF7BF, 0xF7BF, 0xF7BF, 0xF7BF, 0xF7BF, 0xF7BF, 0xF7BF, 0xF7BF, 0xF7BF,
  0xF79F, 0xF79F, 0xF79F, 0xF79F, 0xF79F, 0xF79F, 0xF79F, 0xF7BF, 0xF79F, 0xF79F, 0xF79F, 0xF79F, 0xF79F, 0xF79F, 0xF79F, 0xF79F,
  0xF79F, 0xF79F, 0xF79F, 0xF79F, 0xF7BF, 0xF7BF, 0xF7BF, 0xF7BF, 0xF79F, 0xF79F, 0xF79F, 0xF79F, 0xF79F, 0xF79F, 0xF79F, 0xF79F,
  0xF79F, 0xF79F, 0xF79F, 0xF79F, 0xF79F, 0xF79F, 0xF79F, 0xF79F, 0xF79F, 0xF79F, 0xF79F, 0xF79F, 0xF79F, 0xF79F, 0xF79F, 0xF79F,
  0xF79F, 0xF79F, 0xF79F, 0xF79F, 0xF79F, 0xF79F, 0xF79F, 0xF79F, 0xF79F, 0xF79F, 0xF7BF, 0xF7BF, 0xF7BF, 0xF79F, 0xF79F, 0xF79F,
  0xF79F, 0xF79F, 0xF79F, 0xF79F, 0xF79F, 0xF79F, 0xF79F, 0xF79F, 0xF79F, 0xF79F, 0xF79F, 0xF79F, 0xF79F, 0xF79F, 0xF79F, 0xF77F,
  0xF77F, 0xF77F, 0xF79F, 0xF77F, 0xF79F, 0xF79F, 0xF79F, 0xF79F, 0xF79F, 0xF79F, 0xF79F, 0xF79F, 0xF79F, 0xF79F, 0xF79F, 0xF79F,
  0xF79F, 0xF77F, 0xF79F, 0xF79F, 0xF79F, 0xF79F, 0xF77F, 0xF79F, 0xF77F, 0xF77F, 0xF77F, 0xF77F, 0xF79F, 0xF79F, 0xF79F, 0xF77F,
  0xF77F, 0xF79F, 0xEF1E, 0xCD9C, 0xFF9F, 0xF77F, 0xF77F, 0xF79F, 0xF77F, 0xF77F, 0xF79F, 0xF79F, 0xF79F, 0xF79F, 0xF77F, 0xF77F,
  0xF79F, 0xF79F, 0xFF9F, 0xF77F, 0xF77F, 0xF75F, 0xF75F, 0xF75F, 0xF75F, 0xFF7F, 0xFF9F, 0xFFBF, 0xFF9F, 0xFF9F, 0xF75F, 0xF75F,
  0xF73F, 0xF73F, 0xF75F, 0xF77F, 0xF77F, 0xF75F, 0xF77F, 0xF77F, 0xF77F, 0xF77F, 0xF77F, 0xF75F, 0xF77F, 0xF75F, 0xF75F, 0xF75F,
  0xF75F, 0xF75F, 0xF75F, 0xF75F, 0xF75F, 0xF75F, 0xF75F, 0xF75F, 0xF75F, 0xF75F, 0xF75F, 0xF75F, 0xF75F, 0xF75F, 0xF75F, 0xF77F,
  0x8C52, 0xFFFF, 0xF79F, 0xF79F, 0xF79F, 0xF79F, 0xF79F, 0xF79F, 0xF79F, 0xF79F, 0xF79F, 0xF79F, 0xF79F, 0xF79F, 0xF79F, 0xF79F,
  0xF79F, 0xF79F, 0xF79F, 0xF79F, 0xF7BF, 0xF7BF, 0xF7BF, 0xF7BF, 0xF7BF, 0xFFBF, 0xFFBF, 0xF7BF, 0xFFBF, 0xF7BF, 0xF7BF, 0xF7BF,
  0xF79F, 0xF7BF, 0xF79F, 0xF79F, 0xF79F, 0xF79F, 0xF79F, 0xF79F, 0xF79F, 0xF79F, 0xF79F, 0xF79F, 0xF79F, 0xF79F, 0xF79F, 0xF79F,
  0xF79F, 0xF79F, 0xF79F, 0xF79F, 0xF79F, 0xF7BF, 0xF7BF, 0xF7BF, 0xF7BF, 0xF7BF, 0xF7BF, 0xF7BF, 0xF7BF, 0xF7BF, 0xF7BF, 0xF79F,
  0xF79F, 0xF79F, 0xF79F, 0xF79F, 0xF79F, 0xF79F, 0xF79F, 0xF79F, 0xF79F, 0xF79F, 0xF79F, 0xF79F, 0xF79F, 0xF79F, 0xF79F, 0xF79F,
  0xF79F, 0xF79F, 0xF7BF, 0xF79F, 0xF7BF, 0xF7BF, 0xF7BF, 0xF7BF, 0xF79F, 0xF79F, 0xF79F, 0xF79F, 0xF79F, 0xF79F, 0xF79F, 0xF79F,
  0xF79F, 0xF79F, 0xF79F, 0xF79F, 0xF79F, 0xF79F, 0xF79F, 0xF79F, 0xF79F, 0xF79F, 0xF79F, 0xF79F, 0xF79F, 0xF79F, 0xF79F, 0xF79F,
  0xF79F, 0xF79F, 0xF79F, 0xF79F, 0xF79F, 0xF79F, 0xF79F, 0xF79F, 0xF79F, 0xF7BF, 0xF79F, 0xF7BF, 0xF7BF, 0xF79F, 0xF79F, 0xF79F,
  0xF79F, 0xF79F, 0xF79F, 0xF79F, 0xF79F, 0xF79F, 0xF79F, 0xF79F, 0xF79F, 0xF79F, 0xF79F, 0xF79F, 0xF79F, 0xF77F, 0xF77F, 0xF79F,
  0xF79F, 0xF79F, 0xF79F, 0xF77F, 0xF79F, 0xF79F, 0xF79F, 0xF79F, 0xF79F, 0xF79F, 0xF79F, 0xF79F, 0xF79F, 0xF79F, 0xF79F, 0xF79F,
  0xF79F, 0xF79F, 0xF79F, 0xF79F, 0xF79F, 0xF77F, 0xF77F, 0xF77F, 0xF77F, 0xF77F, 0xF79F, 0xF79F, 0xF79F, 0xF77F, 0xF77F, 0xF77F,
  0xF77F, 0xF79F, 0xEF1E, 0xCDBC, 0xFF9F, 0xF77F, 0xF77F, 0xF77F, 0xF79F, 0xF77F, 0xF77F, 0xF77F, 0xF79F, 0xEF5F, 0xCE1B, 0xCE1B,
  0xE6FE, 0xF75F, 0xCE1B, 0xCDFB, 0xDEBD, 0xF75F, 0xCE1C, 0xEEFE, 0xF77F, 0xD65C, 0xCE1B, 0xEF1D, 0xFFBF, 0xD65C, 0xEF1F, 0xE6DE,
  0xDE7D, 0xF73F, 0xCDFB, 0xBD9A, 0xDE7C, 0xF77F, 0xCDFB, 0xCE1B, 0xE6FD, 0xF77F, 0xCE1B, 0xCE1B, 0xE6BD, 0xF77F, 0xF75F, 0xF75F,
  0xF75F, 0xF75F, 0xF75F, 0xF75F, 0xF75F, 0xF75F, 0xF75F, 0xF75F, 0xF75F, 0xF75F, 0xF75F, 0xF75F, 0xF77F, 0xF77F, 0xF75F, 0xF77F,
  0x8C72, 0xFFFF, 0xF79F, 0xF79F, 0xF79F, 0xF79F, 0xF79F, 0xF79F, 0xF79F, 0xF79F, 0xF79F, 0xF79F, 0xF79F, 0xF79F, 0xF79F, 0xF79F,
  0xF79F, 0xF79F, 0xF79F, 0xF79F, 0xF7BF, 0xF7BF, 0xF7BF, 0xF7BF, 0xF7BF, 0xFFBF, 0xFFBF, 0xFFBF, 0xF7BF, 0xF7BF, 0xF7BF, 0xF7BF,
  0xF7BF, 0xF7BF, 0xF79F, 0xF79F, 0xF79F, 0xF79F, 0xF79F, 0xF79F, 0xF79F, 0xF79F, 0xF79F, 0xF79F, 0xF79F, 0xF79F, 0xF79F, 0xF79F,
  0xF79F, 0xF79F, 0xF79F, 0xF7BF, 0xF7BF, 0xF7BF, 0xF7BF, 0xF7BF, 0xF7BF, 0xF7BF, 0xF7BF, 0xF7BF, 0xF7BF, 0xF7BF, 0xF7BF, 0xF79F,
  0xF79F, 0xF79F, 0xF79F, 0xF79F, 0xF79F, 0xF79F, 0xF79F, 0xF79F, 0xF79F, 0xF79F, 0xF79F, 0xF79F, 0xF79F, 0xF7BF, 0xF79F, 0xF7BF,
  0xF7BF, 0xF79F, 0xF7BF, 0xF79F, 0xF7BF, 0xF7BF, 0xF7BF, 0xF7BF, 0xF79F, 0xF79F, 0xF79F, 0xF79F, 0xF79F, 0xF79F, 0xF79F, 0xF79F,
  0xF79F, 0xF79F, 0xF79F, 0xF79F, 0xF79F, 0xF79F, 0xF79F, 0xF79F, 0xF79F, 0xF79F, 0xF79F, 0xF79F, 0xF79F, 0xF79F, 0xF79F, 0xF79F,
  0xF79F, 0xF79F, 0xF79F, 0xF79F, 0xF79F, 0xF79F, 0xF79F, 0xF79F, 0xF79F, 0xF79F, 0xF79F, 0xF7BF, 0xF7BF, 0xF79F, 0xF79F, 0xF79F,
  0xF79F, 0xF79F, 0xF79F, 0xF79F, 0xF79F, 0xF79F, 0xF79F, 0xF79F, 0xF79F, 0xF79F, 0xF79F, 0xF77F, 0xF79F, 0xF79F, 0xF79F, 0xF79F,
  0xF79F, 0xF79F, 0xF79F, 0xF79F, 0xF77F, 0xF79F, 0xF79F, 0xF79F, 0xF79F, 0xF79F, 0xF79F, 0xF79F, 0xF79F, 0xF79F, 0xF79F, 0xF77F,
  0xF77F, 0xF79F, 0xF77F, 0xF77F, 0xF77F, 0xF77F, 0xF77F, 0xF77F, 0xF77F, 0xF77F, 0xF77F, 0xF77F, 0xF77F, 0xF77F, 0xF79F, 0xF77F,
  0xF77F, 0xF79F, 0xEF1E, 0xCDBC, 0xFF9F, 0xF77F, 0xF77F, 0xF77F, 0xF79F, 0xF77F, 0xF77F, 0xF77F, 0xFF9F, 0xEF1E, 0xC5DA, 0xBDDA,
  0xD65D, 0xEF1F, 0xBD79, 0xCE3C, 0xC5DA, 0xF77F, 0xBD79, 0xEF3E, 0xDE9C, 0xCE5B, 0xEF5E, 0xD67C, 0xFF9F, 0xBD9B, 0xC5BB, 0xBD9A,
  0xCDFC, 0xFF7F, 0xE6BE, 0xC5DA, 0xF75F, 0xF75F, 0xB579, 0xD65C, 0xEF1E, 0xF75F, 0xBD9A, 0xCE1C, 0xCDFB, 0xF77F, 0xF75F, 0xF75F,
  0xF75F, 0xF75F, 0xF75F, 0xF75F, 0xF75F, 0xF75F, 0xF75F, 0xF75F, 0xF75F, 0xF75F, 0xF75F, 0xF75F, 0xF75F, 0xF75F, 0xF75F, 0xF77F,
  0x8C72, 0xFFFF, 0xF79F, 0xF79F, 0xF79F, 0xF79F, 0xF79F, 0xF79F, 0xF79F, 0xF79F, 0xF79F, 0xF79F, 0xF79F, 0xF79F, 0xF79F, 0xF79F,
  0xF79F, 0xF79F, 0xF79F, 0xF7BF, 0xF79F, 0xF79F, 0xF79F, 0xF79F, 0xF79F, 0xFF9F, 0xFFBF, 0xFFBF, 0xF7BF, 0xF7BF, 0xF7BF, 0xF7BF,
  0xF79F, 0xF7BF, 0xF7BF, 0xF79F, 0xF79F, 0xF79F, 0xF79F, 0xF79F, 0xF79F, 0xF79F, 0xF79F, 0xF79F, 0xF79F, 0xF7BF, 0xF79F, 0xF79F,
  0xF79F, 0xF7BF, 0xF79F, 0xF79F, 0xF7BF, 0xF79F, 0xF7BF, 0xF7BF, 0xF7BF, 0xF7BF, 0xF7BF, 0xF7BF, 0xF7BF, 0xF7BF, 0xF7BF, 0xF7BF,
  0xF7BF, 0xF7BF, 0xF79F, 0xF79F, 0xF79F, 0xF79F, 0xF79F, 0xF79F, 0xF79F, 0xF7BF, 0xF7BF, 0xF7BF, 0xF7BF, 0xF7BF, 0xF7BF, 0xFFBF,
  0xF7BF, 0xF7BF, 0xF79F, 0xF79F, 0xF79F, 0xF79F, 0xF7BF, 0xF7BF, 0xF7BF, 0xF79F, 0xF79F, 0xF79F, 0xF79F, 0xF79F, 0xF79F, 0xF79F,
  0xF79F, 0xF79F, 0xF79F, 0xF79F, 0xF79F, 0xF79F, 0xF79F, 0xF79F, 0xF79F, 0xF79F, 0xF79F, 0xF79F, 0xF79F, 0xF79F, 0xF79F, 0xF79F,
  0xF79F, 0xF79F, 0xF79F, 0xF79F, 0xF79F, 0xF79F, 0xF79F, 0xF79F, 0xF7BF, 0xF7BF, 0xF79F, 0xF79F, 0xF79F, 0xF7BF, 0xF79F, 0xF79F,
  0xF79F, 0xF79F, 0xF79F, 0xF79F, 0xF79F, 0xF79F, 0xF79F, 0xF79F, 0xF79F, 0xF79F, 0xF79F, 0xF77F, 0xF79F, 0xF79F, 0xF79F, 0xF79F,
  0xF79F, 0xF77F, 0xF77F, 0xF77F, 0xF79F, 0xF79F, 0xF79F, 0xF79F, 0xF79F, 0xF79F, 0xF79F, 0xF79F, 0xF79F, 0xF79F, 0xF79F, 0xF77F,
  0xF79F, 0xF77F, 0xF77F, 0xF77F, 0xF77F, 0xF77F, 0xF77F, 0xF77F, 0xF77F, 0xF77F, 0xF77F, 0xF77F, 0xF77F, 0xF77F, 0xF79F, 0xF77F,
  0xF77F, 0xF79F, 0xEF1E, 0xCDDC, 0xFF9F, 0xF77F, 0xF77F, 0xF77F, 0xF77F, 0xF79F, 0xF77F, 0xF77F, 0xFF9F, 0xE6FE, 0xC5FA, 0xCE1B,
  0xCE1C, 0xEF5F, 0xBD99, 0xBDBA, 0xD65C, 0xFFBF, 0xBDBA, 0xF75F, 0xE6DD, 0xCE3B, 0xDEBD, 0xB559, 0xF75F, 0xBD9B, 0xCDFC, 0xC5DB,
  0xCDFC, 0xF75F, 0xE6FE, 0xCE1B, 0xFF9F, 0xF77F, 0xBD99, 0xD65C, 0xE6FE, 0xF73F, 0xC5BA, 0xC5DB, 0xD65C, 0xF77F, 0xF73F, 0xF75F,
  0xF75F, 0xF75F, 0xF75F, 0xF73F, 0xF75F, 0xF75F, 0xF75F, 0xF75F, 0xF75F, 0xF75F, 0xF75F, 0xF75F, 0xF75F, 0xF75F, 0xF75F, 0xF77F,
  0x8C72, 0xFFFF, 0xF79F, 0xF79F, 0xF79F, 0xF79F, 0xF79F, 0xF79F, 0xF79F, 0xF79F, 0xF79F, 0xF79F, 0xF79F, 0xF79F, 0xF79F, 0xF79F,
  0xF79F, 0xF79F, 0xF79F, 0xF7BF, 0xF79F, 0xF79F, 0xF79F, 0xF79F, 0xF79F, 0xF79F, 0xFFBF, 0xF79F, 0xF79F, 0xF79F, 0xF79F, 0xF79F,
  0xF79F, 0xF79F, 0xF79F, 0xF79F, 0xF79F, 0xF79F, 0xF79F, 0xF79F, 0xF79F, 0xF79F, 0xF79F, 0xF79F, 0xF79F, 0xF7BF, 0xF7BF, 0xF79F,
  0xF79F, 0xF7BF, 0xF7BF, 0xF7BF, 0xF7BF, 0xF79F, 0xF79F, 0xF79F, 0xF7BF, 0xF7BF, 0xFFBF, 0xF7BF, 0xF7BF, 0xF7BF, 0xF7BF, 0xF7BF,
  0xF7BF, 0xF7BF, 0xF7BF, 0xF79F, 0xF79F, 0xF79F, 0xF79F, 0xF7BF, 0xF79F, 0xF7BF, 0xF7BF, 0xF7BF, 0xF7BF, 0xF7BF, 0xF7BF, 0xFFBF,
  0xFFBF, 0xF7BF, 0xF79F, 0xF79F, 0xF79F, 0xF7BF, 0xF7BF, 0xF7BF, 0xF7BF, 0xF79F, 0xF79F, 0xF79F, 0xF79F, 0xF79F, 0xF79F, 0xF79F,
  0xF79F, 0xF79F, 0xF79F, 0xF79F, 0xF79F, 0xF7BF, 0xF79F, 0xF79F, 0xF79F, 0xF79F, 0xF79F, 0xF79F, 0xF79F, 0xF79F, 0xF79F, 0xF79F,
  0xF79F, 0xF79F, 0xF79F, 0xF79F, 0xF79F, 0xF79F, 0xF79F, 0xF79F, 0xF7BF, 0xF79F, 0xF79F, 0xF79F, 0xF79F, 0xF7BF, 0xF79F, 0xF79F,
  0xF79F, 0xF79F, 0xF79F, 0xF79F, 0xF79F, 0xF79F, 0xF79F, 0xF79F, 0xF79F, 0xF79F, 0xF77F, 0xF79F, 0xF79F, 0xF79F, 0xF79F, 0xF79F,
  0xF79F, 0xF79F, 0xF79F, 0xF79F, 0xF79F, 0xF79F, 0xF79F, 0xF79F, 0xF79F, 0xF79F, 0xF79F, 0xF77F, 0xF77F, 0xF77F, 0xF77F, 0xF77F,
  0xF77F, 0xF77F, 0xF77F, 0xF77F, 0xF77F, 0xF77F, 0xF77F, 0xF77F, 0xF77F, 0xF77F, 0xF77F, 0xF77F, 0xF77F, 0xF77F, 0xF77F, 0xF77F,
  0xF77F, 0xF79F, 0xEF1E, 0xD5FC, 0xFF7F, 0xF77F, 0xF77F, 0xF77F, 0xF77F, 0xF77F, 0xF77F, 0xF77F, 0xF77F, 0xEF1E, 0xD63C, 0xD65C,
  0xEF1E, 0xF79F, 0xE6DD, 0xEF3F, 0xDEBD, 0xFF9F, 0xDEBD, 0xEF3E, 0xFFBF, 0xDEDD, 0xD65C, 0xE6BE, 0xF73F, 0xDE7D, 0xEF1F, 0xE6DE,
  0xDE9D, 0xF73F, 0xEF1F, 0xE6DD, 0xF77F, 0xF77F, 0xDE7C, 0xD67C, 0xE6DE, 0xF75F, 0xE6DD, 0xF73F, 0xE6BD, 0xF75F, 0xF73F, 0xF75F,
  0xF73F, 0xF73F, 0xF75F, 0xF73F, 0xF73F, 0xF73F, 0xF73F, 0xF73F, 0xF75F, 0xF75F, 0xF75F, 0xF75F, 0xF75F, 0xF75F, 0xF75F, 0xF75F,
  0x8C52, 0xFFFF, 0xF79F, 0xF79F, 0xF79F, 0xF79F, 0xF79F, 0xF79F, 0xF79F, 0xF79F, 0xF79F, 0xF79F, 0xFFBF, 0xF7BF, 0xF79F, 0xF79F,
  0xF77E, 0xF79F, 0xF79F, 0xF79F, 0xF79F, 0xF79F, 0xF79F, 0xF79F, 0xF79F, 0xF79F, 0xF79F, 0xF79F, 0xF79F, 0xF79F, 0xF79F, 0xF79F,
  0xF79F, 0xF79F, 0xF79F, 0xF79F, 0xF79F, 0xF79F, 0xF79F, 0xF79F, 0xF79F, 0xF79F, 0xF79F, 0xF79F, 0xF79F, 0xF79F, 0xF79F, 0xF79F,
  0xF79F, 0xF7BF, 0xF7BF, 0xF79F, 0xF79F, 0xF79F, 0xF79F, 0xF79F, 0xF79F, 0xF7BF, 0xF7BF, 0xF7BF, 0xF7BF, 0xF7BF, 0xF7BF, 0xF7BF,
  0xF7BF, 0xF7BF, 0xF7BF, 0xF7BF, 0xF7BF, 0xF79F, 0xF7BF, 0xF7BF, 0xF7BF, 0xF7BF, 0xF7BF, 0xF7BF, 0xF7BF, 0xF7BF, 0xF7BF, 0xF7BF,
  0xF79F, 0xF79F, 0xF79F, 0xF79F, 0xF79F, 0xF7BF, 0xF7BF, 0xF79F, 0xF79F, 0xF7BF, 0xFFBF, 0xF79F, 0xF77F, 0xF79F, 0xF79F, 0xF79F,
  0xF79F, 0xF79F, 0xF79F, 0xF79F, 0xF79F, 0xF7BF, 0xF79F, 0xF79F, 0xF79F, 0xF79F, 0xF79F, 0xF79F, 0xF7BF, 0xF79F, 0xF79F, 0xF79F,
  0xF79F, 0xF79F, 0xF79F, 0xF79F, 0xF79F, 0xF79F, 0xF79F, 0xF79F, 0xF79F, 0xF79F, 0xF79F, 0xF79F, 0xF79F, 0xF79F, 0xF79F, 0xF79F,
  0xF79F, 0xF79F, 0xF79F, 0xF79F, 0xF79F, 0xF79F, 0xF79F, 0xF79F, 0xF79F, 0xF79F, 0xF77F, 0xF77F, 0xF77F, 0xF79F, 0xF79F, 0xF79F,
  0xF79F, 0xF79F, 0xF77F, 0xF77F, 0xF77F, 0xF79F, 0xF79F, 0xF79F, 0xF79F, 0xF77F, 0xF77F, 0xF77F, 0xF77F, 0xF77F, 0xF77F, 0xF77F,
  0xF77F, 0xF77F, 0xF77F, 0xF77F, 0xF77F, 0xF77F, 0xF77F, 0xF77F, 0xF77F, 0xF77F, 0xF77F, 0xF77F, 0xF77F, 0xF77F, 0xF77F, 0xF77F,
  0xF77F, 0xF77F, 0xEF1E, 0xD5FD, 0xF77F, 0xF77F, 0xF77F, 0xF77F, 0xF77F, 0xF77F, 0xF77F, 0xF77F, 0xF77F, 0xF75F, 0xF75F, 0xF77F,
  0xFF9F, 0xFF9F, 0xFF7F, 0xF75F, 0xF75F, 0xF73F, 0xF75F, 0xF75F, 0xF75F, 0xFF9F, 0xFF9F, 0xF75F, 0xF71F, 0xF75F, 0xF73F, 0xF73F,
  0xF73F, 0xF73F, 0xF75F, 0xF75F, 0xF75F, 0xF75F, 0xFF7F, 0xF75F, 0xF75F, 0xF75F, 0xF75F, 0xF73F, 0xF75F, 0xF73F, 0xF75F, 0xF73F,
  0xF73F, 0xF73F, 0xF73F, 0xF73F, 0xF73F, 0xF73F, 0xF75F, 0xF73F, 0xF75F, 0xF75F, 0xF75F, 0xF75F, 0xF75F, 0xF75F, 0xF75F, 0xF75F,
  0x8C51, 0xFFFF, 0xF79F, 0xF79F, 0xF79F, 0xF79F, 0xF79F, 0xF79F, 0xF79F, 0xF79F, 0xF79F, 0xF79F, 0xF79F, 0xF77E, 0xEF5E, 0xEF5E,
  0xEF5E, 0xEF7E, 0xF79F, 0xF7BF, 0xF79F, 0xF79F, 0xF79F, 0xF7BF, 0xF79F, 0xF79F, 0xF79F, 0xF79F, 0xF79F, 0xF79F, 0xF79F, 0xF79F,
  0xF79F, 0xF79F, 0xF7BF, 0xF79F, 0xF7BF, 0xF7BF, 0xF7BF, 0xF79F, 0xF7BF, 0xF7BF, 0xF79F, 0xF79F, 0xF79F, 0xF79F, 0xF79F, 0xF79F,
  0xF7BF, 0xF7BF, 0xF79F, 0xF79F, 0xF79F, 0xF79F, 0xF79F, 0xF79F, 0xF79F, 0xF79F, 0xF7BF, 0xF7BF, 0xF7BF, 0xF7BF, 0xF7BF, 0xF7BF,
  0xF7BF, 0xF7BF, 0xF7BF, 0xF79F, 0xF7BF, 0xF7BF, 0xF7BF, 0xF7BF, 0xF7BF, 0xF7BF, 0xF7BF, 0xF7BF, 0xF7BF, 0xF7BF, 0xF7BF, 0xF7BF,
  0xF79F, 0xF79F, 0xF79F, 0xF79F, 0xF79F, 0xF7BF, 0xF7BF, 0xF79F, 0xF79F, 0xF7BF, 0xFFBF, 0xF79F, 0xF79F, 0xF79F, 0xF79F, 0xF79F,
  0xF79F, 0xF79F, 0xF79F, 0xF79F, 0xF7BF, 0xF79F, 0xF79F, 0xF79F, 0xF79F, 0xF79F, 0xF79F, 0xF79F, 0xF7BF, 0xF79F, 0xF77F, 0xF79F,
  0xF79F, 0xF79F, 0xF79F, 0xF79F, 0xF79F, 0xF7BF, 0xF79F, 0xF79F, 0xF79F, 0xF79F, 0xF79F, 0xF79F, 0xF79F, 0xF79F, 0xF79F, 0xF79F,
  0xF79F, 0xF79F, 0xF79F, 0xF79F, 0xF79F, 0xF79F, 0xF79F, 0xF79F, 0xF79F, 0xF77F, 0xF79F, 0xF79F, 0xF79F, 0xF79F, 0xF77F, 0xF77F,
  0xF79F, 0xF79F, 0xF77F, 0xF77F, 0xF79F, 0xF79F, 0xF79F, 0xF77F, 0xF77F, 0xF77F, 0xF77F, 0xF79F, 0xF77F, 0xF77F, 0xF77F, 0xF77F,
  0xF77F, 0xF77F, 0xF77F, 0xF77F, 0xF77F, 0xF77F, 0xF77F, 0xF75F, 0xF77F, 0xF77F, 0xF77F, 0xF77F, 0xF77F, 0xF77F, 0xF77F, 0xF77F,
  0xF77F, 0xF77F, 0xEF1E, 0xD61D, 0xF77F, 0xF77F, 0xF77F, 0xF77F, 0xF75F, 0xF77F, 0xF77F, 0xF77F, 0xF77F, 0xF75F, 0xF73F, 0xF75F,
  0xF77F, 0xF77F, 0xF75F, 0xF73F, 0xF73F, 0xF73F, 0xEF3F, 0xF73F, 0xF75F, 0xF75F, 0xF75F, 0xF73F, 0xF73F, 0xF73F, 0xF73F, 0xF73F,
  0xF73F, 0xF75F, 0xF75F, 0xF73F, 0xF73F, 0xF73F, 0xF73F, 0xF73F, 0xF73F, 0xF73F, 0xF73F, 0xF73F, 0xF73F, 0xF73F, 0xF73F, 0xF73F,
  0xF73F, 0xF73F, 0xF73F, 0xF73F, 0xF73F, 0xF73F, 0xF73F, 0xF73F, 0xF73F, 0xF75F, 0xF75F, 0xF75F, 0xF75F, 0xF75F, 0xF75F, 0xF75F,
  0x8C31, 0xFFFF, 0xF79F, 0xF79F, 0xF79F, 0xF79F, 0xF79F, 0xF79F, 0xF79F, 0xF79F, 0xF79F, 0xF7BF, 0xDEDC, 0xDEDC, 0xDEFC, 0xDEDC,
  0xDEFC, 0xEF5E, 0xF79F, 0xF7BF, 0xF79F, 0xF79F, 0xF79F, 0xF79F, 0xF79F, 0xF79F, 0xF79F, 0xF79F, 0xF79F, 0xF79F, 0xF79F, 0xF79F,
  0xF79F, 0xF79F, 0xF7BF, 0xF7BF, 0xF7BF, 0xF7BF, 0xF7BF, 0xF7BF, 0xF7BF, 0xF7BF, 0xF7BF, 0xF79F, 0xF79F, 0xF79F, 0xF79F, 0xF79F,
  0xF7BF, 0xF79F, 0xF79F, 0xF79F, 0xF79F, 0xF79F, 0xF79F, 0xF79F, 0xF79F, 0xF79F, 0xF79F, 0xF7BF, 0xF7BF, 0xF7BF, 0xF7BF, 0xF7BF,
  0xF79F, 0xF79F, 0xF79F, 0xF7BF, 0xF7BF, 0xF7BF, 0xF7BF, 0xF7BF, 0xF7BF, 0xF7BF, 0xF7BF, 0xF7BF, 0xF7BF, 0xF7BF, 0xF7BF, 0xF7BF,
  0xF7BF, 0xF79F, 0xF79F, 0xF7BF, 0xF7BF, 0xF79F, 0xF79F, 0xF79F, 0xF79F, 0xF79F, 0xF79F, 0xF79F, 0xF79F, 0xF79F, 0xF79F, 0xF79F,
  0xF79F, 0xF79F, 0xF79F, 0xF79F, 0xF7BF, 0xF79F, 0xF79F, 0xF79F, 0xF79F, 0xF79F, 0xF79F, 0xF79F, 0xF79F, 0xF79F, 0xF79F, 0xF79F,
  0xF79F, 0xF79F, 0xF79F, 0xF79F, 0xF79F, 0xF79F, 0xF79F, 0xF79F, 0xF79F, 0xF79F, 0xF79F, 0xF79F, 0xF79F, 0xF79F, 0xF79F, 0xF79F,
  0xF79F, 0xF79F, 0xF79F, 0xF79F, 0xF79F, 0xF79F, 0xF79F, 0xF79F, 0xF79F, 0xF79F, 0xF79F, 0xF77F, 0xF79F, 0xF77F, 0xF77F, 0xF77F,
  0xF77F, 0xF77F, 0xF77F, 0xF79F, 0xF79F, 0xF79F, 0xF77F, 0xF77F, 0xF77F, 0xF77F, 0xF77F, 0xF77F, 0xF77F, 0xF77F, 0xF77F, 0xF77F,
  0xF77F, 0xF77F, 0xF77F, 0xF77F, 0xF77F, 0xF77F, 0xF77F, 0xF75F, 0xF77F, 0xF77F, 0xF77F, 0xF75F, 0xF75F, 0xF77F, 0xF77F, 0xF77F,
  0xF77F, 0xF77F, 0xEF1F, 0xDE3D, 0xF77F, 0xF77F, 0xF75F, 0xF75F, 0xF75F, 0xF75F, 0xF75F, 0xF77F, 0xF75F, 0xF75F, 0xF75F, 0xF77F,
  0xFF7F, 0xF77F, 0xF75F, 0xF75F, 0xF73F, 0xF71F, 0xF75F, 0xF77F, 0xFF9F, 0xF75F, 0xF75F, 0xF75F, 0xF75F, 0xF75F, 0xF73F, 0xF73F,
  0xF75F, 0xF75F, 0xF75F, 0xF75F, 0xF73F, 0xF73F, 0xF73F, 0xF73F, 0xF73F, 0xF73F, 0xF73F, 0xF73F, 0xF73F, 0xF73F, 0xF73F, 0xF73F,
  0xF73F, 0xF73F, 0xF73F, 0xF73F, 0xF73F, 0xF73F, 0xF73F, 0xF73F, 0xF73F, 0xF73F, 0xF73F, 0xF73F, 0xF75F, 0xF75F, 0xF75F, 0xF75F,
  0x8C51, 0xFFFF, 0xF79F, 0xF79F, 0xF79F, 0xF79F, 0xF79F, 0xF79F, 0xF79F, 0xF79F, 0xF79F, 0xFFBF, 0xC639, 0xC5F9, 0xCE7A, 0xCE5A,
  0xD69B, 0xE71D, 0xF79F, 0xF7BF, 0xF79F, 0xF79F, 0xF79F, 0xF79F, 0xF79F, 0xF79F, 0xF79F, 0xF79F, 0xF79F, 0xF79F, 0xF79F, 0xF79F,
  0xF79F, 0xF79F, 0xF7BF, 0xF7BF, 0xF7BF, 0xF79F, 0xF7BF, 0xF79F, 0xF7BF, 0xF7BF, 0xF7BF, 0xF7BF, 0xF7BF, 0xF7BF, 0xF7BF, 0xF7BF,
  0xF79F, 0xF79F, 0xF79F, 0xF79F, 0xF79F, 0xF79F, 0xF79F, 0xF79F, 0xF79F, 0xF79F, 0xF79F, 0xF7BF, 0xF7BF, 0xF7BF, 0xF7BF, 0xF79F,
  0xF79F, 0xF79F, 0xF79F, 0xF7BF, 0xFFBF, 0xFFBF, 0xF7BF, 0xF7BF, 0xF7BF, 0xF7BF, 0xF7BF, 0xF7BF, 0xF79F, 0xF79F, 0xF79F, 0xF7BF,
  0xF79F, 0xF79F, 0xF79F, 0xF79F, 0xF79F, 0xF79F, 0xF79F, 0xF79F, 0xF79F, 0xF79F, 0xF79F, 0xF79F, 0xF79F, 0xF79F, 0xF79F, 0xF79F,
  0xF79F, 0xF79F, 0xF79F, 0xF7BF, 0xF7BF, 0xF79F, 0xF79F, 0xF79F, 0xF79F, 0xF79F, 0xF79F, 0xF79F, 0xF79F, 0xF79F, 0xF79F, 0xF79F,
  0xF79F, 0xF79F, 0xF79F, 0xF79F, 0xF79F, 0xF7BF, 0xF7BF, 0xF79F, 0xF79F, 0xF79F, 0xF79F, 0xF79F, 0xF79F, 0xF79F, 0xF79F, 0xF79F,
  0xF79F, 0xF79F, 0xF79F, 0xF79F, 0xF79F, 0xF79F, 0xF79F, 0xF79F, 0xF79F, 0xF79F, 0xF79F, 0xF79F, 0xF79F, 0xF77F, 0xF77F, 0xF79F,
  0xF77F, 0xF77F, 0xF79F, 0xF79F, 0xF79F, 0xF77F, 0xF77F, 0xF77F, 0xF77F, 0xF77F, 0xF77F, 0xF77F, 0xF77F, 0xF77F, 0xF77F, 0xF77F,
  0xF77F, 0xF77F, 0xF77F, 0xF77F, 0xF77F, 0xF77F, 0xF77F, 0xF75F, 0xF77F, 0xF77F, 0xF75F, 0xF77F, 0xF77F, 0xF75F, 0xF75F, 0xF77F,
  0xF77F, 0xF77F, 0xF71F, 0xDE5D, 0xF77F, 0xF75F, 0xF75F, 0xF75F, 0xF75F, 0xF75F, 0xF77F, 0xF75F, 0xF79F, 0xEF3E, 0xC61B, 0xCE1B,
  0xE6FE, 0xF75F, 0xF73F, 0xC5DB, 0xE6DE, 0xF75F, 0xD67C, 0xF77F, 0xDE9C, 0xEF1E, 0xDE9D, 0xCDFB, 0xDE9C, 0xF75F, 0xF73F, 0xF73F,
  0xF75F, 0xF73F, 0xF73F, 0xF73F, 0xF73F, 0xF73F, 0xF73F, 0xF73F, 0xF73F, 0xF73F, 0xF73F, 0xF73F, 0xF73F, 0xF73F, 0xF73F, 0xF73F,
  0xF73F, 0xF73F, 0xF73F, 0xF73F, 0xF73F, 0xF73F, 0xF73F, 0xF73F, 0xF73F, 0xF73F, 0xF73F, 0xF73F, 0xF73F, 0xF75F, 0xF73F, 0xF75F,
  0x8C51, 0xFFFF, 0xF79F, 0xF79F, 0xF79F, 0xF79F, 0xF79F, 0xF79F, 0xF79F, 0xF79F, 0xF79F, 0xFFBF, 0xBDF9, 0xB5B7, 0xC619, 0xC619,
  0xCE5A, 0xE6FD, 0xF77F, 0xF7BF, 0xF79F, 0xF79F, 0xF79F, 0xF79F, 0xF79F, 0xF79F, 0xF79F, 0xF79F, 0xF79F, 0xF79F, 0xF7BF, 0xF79F,
  0xF7BF, 0xF7BF, 0xF79F, 0xF7BF, 0xF79F, 0xF79F, 0xF79F, 0xF79F, 0xF79F, 0xF77F, 0xF79F, 0xF7BF, 0xF79F, 0xF7BF, 0xF79F, 0xF7BF,
  0xF79F, 0xF79F, 0xF79F, 0xF79F, 0xF79F, 0xF79F, 0xF79F, 0xF79F, 0xF79F, 0xF79F, 0xF79F, 0xF7BF, 0xF7BF, 0xF7BF, 0xF7BF, 0xF7BF,
  0xF79F, 0xF79F, 0xF79F, 0xF7BF, 0xFFBF, 0xFFBF, 0xF7BF, 0xF7BF, 0xF7BF, 0xF7BF, 0xF7BF, 0xF7BF, 0xF79F, 0xF79F, 0xF79F, 0xF7BF,
  0xF7BF, 0xF79F, 0xF7BF, 0xF7BF, 0xF79F, 0xF79F, 0xF79F, 0xF79F, 0xF79F, 0xF79F, 0xF79F, 0xF79F, 0xF79F, 0xF79F, 0xF79F, 0xF79F,
  0xF79F, 0xF7BF, 0xF7BF, 0xF79F, 0xF79F, 0xF7BF, 0xF79F, 0xF79F, 0xF79F, 0xF79F, 0xF79F, 0xF79F, 0xF79F, 0xF79F, 0xF79F, 0xF79F,
  0xF79F, 0xF79F, 0xF79F, 0xF79F, 0xF79F, 0xF79F, 0xF79F, 0xF79F, 0xF79F, 0xF79F, 0xF79F, 0xF79F, 0xF79F, 0xF79F, 0xF79F, 0xF79F,
  0xF79F, 0xF79F, 0xF79F, 0xF79F, 0xF79F, 0xF79F, 0xF79F, 0xF79F, 0xF79F, 0xF79F, 0xF79F, 0xF79F, 0xF79F, 0xF79F, 0xF77F, 0xF79F,
  0xF79F, 0xF79F, 0xF79F, 0xF79F, 0xF79F, 0xF79F, 0xF77F, 0xF77F, 0xF77F, 0xF77F, 0xF77F, 0xF77F, 0xF77F, 0xF77F, 0xF77F, 0xF77F,
  0xF77F, 0xF77F, 0xF77F, 0xF77F, 0xF75F, 0xF75F, 0xF75F, 0xF75F, 0xF77F, 0xF77F, 0xF75F, 0xF75F, 0xF77F, 0xF77F, 0xF75F, 0xF77F,
  0xF75F, 0xF77F, 0xF71F, 0xDE5D, 0xF75F, 0xF75F, 0xF77F, 0xF75F, 0xF75F, 0xF75F, 0xF77F, 0xF75F, 0xFF9F, 0xDEDD, 0xCE3B, 0xE6FE,
  0xBD59, 0xF73F, 0xDEBE, 0xAD19, 0xD65C, 0xFFDF, 0xDEDD, 0xBDDA, 0xCE1C, 0xF73F, 0xCDFC, 0xBDBA, 0xD67C, 0xF75F, 0xF73F, 0xF73F,
  0xF73F, 0xF73F, 0xF73F, 0xF73F, 0xF73F, 0xF73F, 0xF73F, 0xF73F, 0xF73F, 0xF73F, 0xF73F, 0xF73F, 0xF73F, 0xF73F, 0xF73F, 0xF73F,
  0xF73F, 0xF73F, 0xF73F, 0xF73F, 0xF73F, 0xF73F, 0xF73F, 0xF73F, 0xF73F, 0xF73F, 0xF73F, 0xF73F, 0xF73F, 0xF73F, 0xF73F, 0xF73F,
  0x8C52, 0xFFFF, 0xF79F, 0xF79F, 0xF79F, 0xF79F, 0xF79F, 0xF79F, 0xF79F, 0xF79F, 0xF79F, 0xFFDF, 0xBDD8, 0xB597, 0xBDF9, 0xBDF8,
  0xCE5A, 0xDEFC, 0xF77F, 0xF7BF, 0xF79F, 0xF79F, 0xF79F, 0xF79F, 0xF79F, 0xF79F, 0xF79F, 0xF79F, 0xF79F, 0xF7BF, 0xF7BF, 0xF79F,
  0xF7BF, 0xF7BF, 0xF7BF, 0xF7BF, 0xF79F, 0xF79F, 0xF79F, 0xF79F, 0xF79F, 0xF79F, 0xF79F, 0xF79F, 0xF79F, 0xF79F, 0xF7BF, 0xF79F,
  0xF79F, 0xF79F, 0xF79F, 0xF79F, 0xF79F, 0xF77F, 0xF77F, 0xF79F, 0xF79F, 0xF79F, 0xF79F, 0xF79F, 0xFFBF, 0xFFBF, 0xF7BF, 0xF7BF,
  0xF7BF, 0xF79F, 0xF79F, 0xF7BF, 0xF79F, 0xF79F, 0xF79F, 0xF7BF, 0xF7BF, 0xF7BF, 0xF7BF, 0xF7BF, 0xF79F, 0xF79F, 0xF79F, 0xF7BF,
  0xF7BF, 0xF7BF, 0xF7BF, 0xF79F, 0xF79F, 0xF79F, 0xF79F, 0xF79F, 0xF79F, 0xF79F, 0xF79F, 0xF79F, 0xF79F, 0xF79F, 0xF79F, 0xF7BF,
  0xF7BF, 0xF7BF, 0xF7BF, 0xF7BF, 0xF79F, 0xF79F, 0xF79F, 0xF79F, 0xF79F, 0xF79F, 0xF79F, 0xF79F, 0xF79F, 0xF79F, 0xF79F, 0xF79F,
  0xF79F, 0xF79F, 0xF79F, 0xF79F, 0xF79F, 0xF79F, 0xF79F, 0xF79F, 0xF79F, 0xF79F, 0xF79F, 0xF79F, 0xF79F, 0xF79F, 0xF79F, 0xF79F,
  0xF79F, 0xF79F, 0xF79F, 0xF79F, 0xF79F, 0xF79F, 0xF79F, 0xF79F, 0xF79F, 0xF79F, 0xF79F, 0xF79F, 0xF79F, 0xF79F, 0xF79F, 0xF77F,
  0xF79F, 0xF79F, 0xF79F, 0xF79F, 0xF79F, 0xF77F, 0xF79F, 0xF77F, 0xF79F, 0xF77F, 0xF79F, 0xF77F, 0xF77F, 0xF77F, 0xF77F, 0xF77F,
  0xF77F, 0xF77F, 0xF77F, 0xF77F, 0xF77F, 0xF77F, 0xF77F, 0xF77F, 0xF77F, 0xF77F, 0xF77F, 0xF75F, 0xF75F, 0xF75F, 0xF75F, 0xF75F,
  0xF75F, 0xF77F, 0xF71F, 0xDE5E, 0xF75F, 0xF75F, 0xF77F, 0xF77F, 0xF75F, 0xF75F, 0xF75F, 0xF75F, 0xFF7F, 0xDEBD, 0xCE1B, 0xE6DE,
  0xBD7A, 0xF73F, 0xBD9A, 0xC5FB, 0xC5DA, 0xF77F, 0xFFBF, 0xB559, 0xE6DE, 0xF75F, 0xE6BE, 0xD65C, 0xB558, 0xEF1E, 0xF75F, 0xF73F,
  0xF73F, 0xF73F, 0xF73F, 0xF73F, 0xF73F, 0xF73F, 0xF73F, 0xF73F, 0xF73F, 0xF73F, 0xF73F, 0xF73F, 0xF73F, 0xF73F, 0xF73F, 0xF73F,
  0xF73F, 0xF73F, 0xF73F, 0xF73F, 0xF71F, 0xF73F, 0xF73F, 0xF73F, 0xF73F, 0xF73F, 0xF73F, 0xF73F, 0xF73F, 0xF73F, 0xF73F, 0xF73F,
  0x8C52, 0xFFFF, 0xF79F, 0xF79F, 0xF79F, 0xF79F, 0xF79F, 0xF79F, 0xF79F, 0xF79F, 0xF79F, 0xFFDF, 0xBDF8, 0xB5B7, 0xC619, 0xC619,
  0xCE5A, 0xE6FC, 0xF77F, 0xFFBF, 0xF79F, 0xF79F, 0xF79F, 0xF79F, 0xF79F, 0xF79F, 0xF79F, 0xF79F, 0xF79F, 0xF79F, 0xF79F, 0xF7BF,
  0xF7BF, 0xF7BF, 0xF7BF, 0xF79F, 0xF7BF, 0xF79F, 0xF79F, 0xF79F, 0xF79F, 0xF79F, 0xF79F, 0xF79F, 0xF79F, 0xF79F, 0xF7BF, 0xF79F,
  0xF79F, 0xF79F, 0xF79F, 0xF79F, 0xF79F, 0xEF5F, 0xF77F, 0xF79F, 0xF79F, 0xF79F, 0xF79F, 0xF7BF, 0xFFBF, 0xFFBF, 0xFFBF, 0xFFBF,
  0xFFBF, 0xF7BF, 0xF7BF, 0xF7BF, 0xF79F, 0xF79F, 0xF79F, 0xF79F, 0xF7BF, 0xF7BF, 0xFFBF, 0xFFBF, 0xF79F, 0xF79F, 0xF79F, 0xF79F,
  0xF7BF, 0xF7BF, 0xF7BF, 0xF7BF, 0xF7BF, 0xF79F, 0xF7BF, 0xF79F, 0xF79F, 0xF79F, 0xF79F, 0xF79F, 0xF7BF, 0xF79F, 0xF7BF, 0xF7BF,
  0xF7BF, 0xF7BF, 0xF7BF, 0xF7BF, 0xF79F, 0xF79F, 0xF79F, 0xF79F, 0xF79F, 0xF79F, 0xF79F, 0xF79F, 0xF79F, 0xF79F, 0xF79F, 0xF79F,
  0xF79F, 0xF79F, 0xFF9F, 0xF79F, 0xF79F, 0xF79F, 0xF79F, 0xF79F, 0xF79F, 0xF79F, 0xF79F, 0xF79F, 0xF79F, 0xF79F, 0xF79F, 0xF79F,
  0xF79F, 0xF79F, 0xF79F, 0xF79F, 0xF79F, 0xF79F, 0xF79F, 0xF79F, 0xF79F, 0xF79F, 0xF79F, 0xF79F, 0xF79F, 0xF79F, 0xF79F, 0xF79F,
  0xF79F, 0xF77F, 0xF79F, 0xF79F, 0xF79F, 0xF79F, 0xF77F, 0xF77F, 0xF77F, 0xF77F, 0xF77F, 0xF77F, 0xF77F, 0xF77F, 0xF77F, 0xF77F,
  0xF77F, 0xF77F, 0xF77F, 0xF77F, 0xF77F, 0xF77F, 0xF77F, 0xF77F, 0xF75F, 0xF75F, 0xF75F, 0xF77F, 0xF75F, 0xF75F, 0xF75F, 0xF75F,
  0xF75F, 0xF77F, 0xF71F, 0xDE7E, 0xF75F, 0xF75F, 0xF75F, 0xF75F, 0xF75F, 0xF75F, 0xF75F, 0xF75F, 0xF77F, 0xE6FE, 0xC5FB, 0xCE1C,
  0xEF1E, 0xEF1F, 0xD65C, 0xFF9F, 0xE6DD, 0xEF1E, 0xF75F, 0xD65C, 0xEF1F, 0xF75F, 0xE6DE, 0xCDFB, 0xD63C, 0xF73F, 0xF73F, 0xF73F,
  0xF73F, 0xF73F, 0xF73F, 0xF73F, 0xF73F, 0xF73F, 0xF73F, 0xF73F, 0xF73F, 0xF73F, 0xF73F, 0xF73F, 0xF73F, 0xF73F, 0xF73F, 0xF73F,
  0xF73F, 0xF73F, 0xF73F, 0xF73F, 0xF71F, 0xF73F, 0xF73F, 0xF73F, 0xF73F, 0xF73F, 0xF73F, 0xF73F, 0xF73F, 0xF73F, 0xF73F, 0xF73F,
  0x8C52, 0xFFFF, 0xF79F, 0xF79F, 0xF79F, 0xF79F, 0xF79F, 0xF79F, 0xF79F, 0xF79F, 0xF79F, 0xFFDF, 0xC639, 0xBDF8, 0xCE5A, 0xCE5A,
  0xD69B, 0xE71D, 0xF77F, 0xF7BF, 0xF79F, 0xF79F, 0xF79F, 0xF79F, 0xF79F, 0xF79F, 0xF79F, 0xF79F, 0xF79F, 0xF7BF, 0xF79F, 0xF7BF,
  0xF7BF, 0xF7BF, 0xF7BF, 0xF7BF, 0xF79F, 0xF79F, 0xF79F, 0xF79F, 0xF79F, 0xF79F, 0xF79F, 0xF79F, 0xF79F, 0xF79F, 0xF7BF, 0xF7BF,
  0xF7BF, 0xF7BF, 0xF79F, 0xF79F, 0xF7BF, 0xF79F, 0xF79F, 0xF79F, 0xF79F, 0xF79F, 0xF79F, 0xF7BF, 0xFFBF, 0xFFBF, 0xFFBF, 0xFFBF,
  0xFFBF, 0xFFBF, 0xF7BF, 0xF79F, 0xF79F, 0xF79F, 0xF79F, 0xF79F, 0xF7BF, 0xF7BF, 0xF7BF, 0xF7BF, 0xF7BF, 0xFFBF, 0xF7BF, 0xF7BF,
  0xF7BF, 0xF79F, 0xF79F, 0xF79F, 0xF79F, 0xF7BF, 0xF7BF, 0xF7BF, 0xF7BF, 0xF7BF, 0xF7BF, 0xF79F, 0xF7BF, 0xF7BF, 0xF7BF, 0xF7BF,
  0xF7BF, 0xF7BF, 0xF7BF, 0xF7BF, 0xF7BF, 0xF79F, 0xF79F, 0xF79F, 0xF79F, 0xF79F, 0xF79F, 0xF7BF, 0xF79F, 0xF79F, 0xF79F, 0xF79F,
  0xF79F, 0xF79F, 0xF79F, 0xF79F, 0xF79F, 0xF79F, 0xF79F, 0xF79F, 0xF79F, 0xF7BF, 0xF79F, 0xF79F, 0xF79F, 0xF79F, 0xF79F, 0xF79F,
  0xF79F, 0xF79F, 0xF79F, 0xF79F, 0xF79F, 0xF79F, 0xF79F, 0xF79F, 0xF79F, 0xF79F, 0xF79F, 0xF79F, 0xF79F, 0xF79F, 0xF79F, 0xF79F,
  0xF79F, 0xF79F, 0xF79F, 0xF79F, 0xF79F, 0xF79F, 0xF79F, 0xF79F, 0xF79F, 0xF77F, 0xF77F, 0xF77F, 0xF77F, 0xF77F, 0xF77F, 0xF77F,
  0xF77F, 0xF77F, 0xF77F, 0xF77F, 0xF77F, 0xF75F, 0xF75F, 0xF75F, 0xF75F, 0xF75F, 0xF75F, 0xF75F, 0xF75F, 0xF75F, 0xF75F, 0xF75F,
  0xF75F, 0xF77F, 0xF71F, 0xDE7E, 0xF75F, 0xF75F, 0xF75F, 0xF75F, 0xF75F, 0xF75F, 0xF75F, 0xF75F, 0xF75F, 0xF75F, 0xF75F, 0xF77F,
  0xF75F, 0xF73F, 0xF75F, 0xF73F, 0xF75F, 0xF73F, 0xEF1F, 0xF73F, 0xF73F, 0xF73F, 0xF75F, 0xF75F, 0xF75F, 0xF73F, 0xF73F, 0xF73F,
  0xF73F, 0xF73F, 0xF73F, 0xF73F, 0xF73F, 0xF71F, 0xF73F, 0xF73F, 0xF73F, 0xF73F, 0xF73F, 0xF73F, 0xF73F, 0xF73F, 0xF73F, 0xF73F,
  0xF73F, 0xF73F, 0xF73F, 0xF73F, 0xF73F, 0xF73F, 0xF73F, 0xF73F, 0xF73F, 0xF73F, 0xF73F, 0xF73F, 0xF73F, 0xF73F, 0xF73F, 0xF73F,
  0x8C52, 0xFFFF, 0xF79F, 0xF79F, 0xF79F, 0xF79F, 0xF79F, 0xF79F, 0xF79F, 0xF79F, 0xF79F, 0xFFDF, 0xD69B, 0xCE7A, 0xD6BB, 0xD6BB,
  0xDEDC, 0xEF3E, 0xF79F, 0xF7BF, 0xF7BF, 0xF79F, 0xF79F, 0xF79F, 0xF79F, 0xF79F, 0xF79F, 0xF79F, 0xF79F, 0xF79F, 0xF79F, 0xF79F,
  0xF79F, 0xF79F, 0xF7BF, 0xF7BF, 0xF79F, 0xF79F, 0xF79F, 0xF79F, 0xF79F, 0xF79F, 0xF79F, 0xF79F, 0xF79F, 0xF7BF, 0xF79F, 0xF7BF,
  0xF7BF, 0xF7BF, 0xF7BF, 0xF7BF, 0xFFBF, 0xFFBF, 0xF7BF, 0xF79F, 0xF79F, 0xF79F, 0xF79F, 0xF7BF, 0xFFBF, 0xFFBF, 0xFFBF, 0xFFBF,
  0xFFBF, 0xFFBF, 0xF79F, 0xF79F, 0xF79F, 0xF79F, 0xF79F, 0xF79F, 0xF7BF, 0xF7BF, 0xF7BF, 0xF7BF, 0xF7BF, 0xF7BF, 0xF7BF, 0xF7BF,
  0xF7BF, 0xF79F, 0xF79F, 0xF79F, 0xF79F, 0xF7BF, 0xF7BF, 0xF7BF, 0xF7BF, 0xF7BF, 0xF79F, 0xF79F, 0xF79F, 0xF7BF, 0xF7BF, 0xF7BF,
  0xF7BF, 0xF7BF, 0xF7BF, 0xF7BF, 0xF7BF, 0xF7BF, 0xF7BF, 0xF79F, 0xF7BF, 0xF79F, 0xF7BF, 0xF7BF, 0xF79F, 0xF79F, 0xF79F, 0xF79F,
  0xF79F, 0xF79F, 0xF79F, 0xF79F, 0xF79F, 0xF79F, 0xF79F, 0xF79F, 0xF79F, 0xF79F, 0xF7BF, 0xF7BF, 0xF7BF, 0xF79F, 0xF79F, 0xF79F,
  0xF79F, 0xF79F, 0xF79F, 0xF79F, 0xF79F, 0xF79F, 0xF79F, 0xF79F, 0xF79F, 0xF79F, 0xF79F, 0xF79F, 0xF79F, 0xF79F, 0xF77F, 0xF77F,
  0xF79F, 0xF79F, 0xF79F, 0xF79F, 0xF79F, 0xF79F, 0xF79F, 0xF77F, 0xF77F, 0xF77F, 0xF77F, 0xF77F, 0xF77F, 0xF77F, 0xF77F, 0xF77F,
  0xF77F, 0xF77F, 0xF75F, 0xF75F, 0xF77F, 0xF77F, 0xF75F, 0xF75F, 0xF75F, 0xF75F, 0xF75F, 0xF75F, 0xF75F, 0xF75F, 0xF75F, 0xF75F,
  0xF75F, 0xF77F, 0xF73F, 0xDE7E, 0xF75F, 0xF75F, 0xF75F, 0xF73F, 0xF75F, 0xF75F, 0xF75F, 0xF75F, 0xF75F, 0xF73F, 0xF73F, 0xF73F,
  0xF73F, 0xF73F, 0xF73F, 0xF73F, 0xF73F, 0xF73F, 0xF73F, 0xF73F, 0xF73F, 0xF73F, 0xF73F, 0xF73F, 0xF73F, 0xF73F, 0xF73F, 0xF73F,
  0xF73F, 0xF71F, 0xF73F, 0xF71F, 0xF71F, 0xF71F, 0xF71F, 0xF71F, 0xF73F, 0xF73F, 0xF73F, 0xF73F, 0xF71F, 0xF71F, 0xF71F, 0xF71F,
  0xF71F, 0xF71F, 0xF71F, 0xF71F, 0xF71F, 0xF71F, 0xF73F, 0xF73F, 0xF73F, 0xF73F, 0xF73F, 0xF73F, 0xF73F, 0xF73F, 0xF73F, 0xF73F,
  0x8C51, 0xFFFF, 0xF79F, 0xF79F, 0xF79F, 0xF79F, 0xF79F, 0xF79F, 0xF79F, 0xF79F, 0xF79F, 0xF79F, 0xEF5E, 0xE73D, 0xE73D, 0xE71D,
  0xE73D, 0xEF5E, 0xF79F, 0xF7BF, 0xF79F, 0xF79F, 0xF79F, 0xF79F, 0xF79F, 0xF79F, 0xF79F, 0xF79F, 0xF79F, 0xF79F, 0xF79F, 0xF79F,
  0xF79F, 0xF79F, 0xF79F, 0xF7BF, 0xF7BF, 0xF79F, 0xF79F, 0xF79F, 0xF79F, 0xF79F, 0xF79F, 0xF79F, 0xF79F, 0xF79F, 0xF7BF, 0xF7BF,
  0xF7BF, 0xF7BF, 0xF7BF, 0xF7BF, 0xF7BF, 0xF79F, 0xF79F, 0xF79F, 0xF7BF, 0xF79F, 0xF7BF, 0xF7BF, 0xFFBF, 0xFFBF, 0xFFBF, 0xFFBF,
  0xFFBF, 0xFFBF, 0xF79F, 0xF79F, 0xF79F, 0xF7BF, 0xF79F, 0xF79F, 0xF7BF, 0xF7BF, 0xF7BF, 0xF7BF, 0xF7BF, 0xF7BF, 0xF7BF, 0xF7BF,
  0xF7BF, 0xF79F, 0xF79F, 0xF79F, 0xF79F, 0xF7BF, 0xFFBF, 0xFFBF, 0xF79F, 0xF79F, 0xF79F, 0xF7BF, 0xF7BF, 0xF79F, 0xF79F, 0xF7BF,
  0xF7BF, 0xF7BF, 0xF7BF, 0xF7BF, 0xF7BF, 0xF7BF, 0xF7BF, 0xF7BF, 0xF7BF, 0xF79F, 0xF79F, 0xF79F, 0xF79F, 0xF79F, 0xF79F, 0xF79F,
  0xF79F, 0xF79F, 0xF79F, 0xF79F, 0xF79F, 0xF79F, 0xF79F, 0xF79F, 0xF79F, 0xF79F, 0xF79F, 0xF7BF, 0xF7BF, 0xF7BF, 0xF7BF, 0xF79F,
  0xF79F, 0xF79F, 0xF79F, 0xF79F, 0xF79F, 0xF79F, 0xF79F, 0xF79F, 0xF79F, 0xF79F, 0xF79F, 0xF79F, 0xF79F, 0xF79F, 0xF79F, 0xF79F,
  0xF79F, 0xFF9F, 0xF79F, 0xF79F, 0xF79F, 0xF79F, 0xF77F, 0xF77F, 0xF77F, 0xF77F, 0xF77F, 0xF77F, 0xF77F, 0xF77F, 0xF77F, 0xF77F,
  0xF77F, 0xF77F, 0xF75F, 0xF77F, 0xF77F, 0xF75F, 0xF75F, 0xF75F, 0xF75F, 0xF75F, 0xF75F, 0xF75F, 0xF75F, 0xF75F, 0xF75F, 0xF75F,
  0xF75F, 0xF75F, 0xF73F, 0xE69E, 0xF75F, 0xF75F, 0xF75F, 0xF73F, 0xF73F, 0xF73F, 0xF73F, 0xF75F, 0xF75F, 0xF75F, 0xF73F, 0xF73F,
  0xF73F, 0xF73F, 0xF73F, 0xF73F, 0xF73F, 0xF73F, 0xF73F, 0xF73F, 0xF73F, 0xF73F, 0xF73F, 0xF73F, 0xF73F, 0xF73F, 0xF73F, 0xF73F,
  0xF73F, 0xF73F, 0xF71F, 0xF71F, 0xF71F, 0xF71F, 0xF71F, 0xF71F, 0xF71F, 0xF71F, 0xF71F, 0xF71F, 0xF71F, 0xF71F, 0xF71F, 0xF71F,
  0xF71F, 0xF71F, 0xF71F, 0xF71F, 0xF71F, 0xF71F, 0xF71F, 0xF71F, 0xF71F, 0xF71F, 0xF73F, 0xF73F, 0xF73F, 0xF73F, 0xF73F, 0xF73F,
  0x8C51, 0xFFFF, 0xF79F, 0xF79F, 0xF79F, 0xF79F, 0xF79F, 0xF79F, 0xF79F, 0xF79F, 0xF79F, 0xF79F, 0xF7BF, 0xF79F, 0xF77E, 0xEF7E,
  0xEF7E, 0xF77E, 0xF79F, 0xF7BF, 0xF7BF, 0xF7BF, 0xF79F, 0xF79F, 0xF79F, 0xF7BF, 0xF7BF, 0xF79F, 0xF77F, 0xF79F, 0xF79F, 0xF79F,
  0xF79F, 0xF79F, 0xF7BF, 0xF7BF, 0xF7BF, 0xF79F, 0xF79F, 0xF7BF, 0xF79F, 0xF79F, 0xF79F, 0xF79F, 0xF79F, 0xF79F, 0xF7BF, 0xF7BF,
  0xF7BF, 0xF7BF, 0xF7BF, 0xF7BF, 0xF7BF, 0xF7BF, 0xF7BF, 0xF7BF, 0xF7BF, 0xF7BF, 0xF7BF, 0xFFBF, 0xFFBF, 0xFFBF, 0xFFBF, 0xFFBF,
  0xFFBF, 0xF7BF, 0xF79F, 0xF79F, 0xF77F, 0xF79F, 0xF79F, 0xF79F, 0xF79F, 0xF7BF, 0xF7BF, 0xF7BF, 0xF7BF, 0xF7BF, 0xF7BF, 0xF79F,
  0xF79F, 0xF79F, 0xF79F, 0xF79F, 0xF7BF, 0xF7BF, 0xF7BF, 0xFFBF, 0xF7BF, 0xF79F, 0xF79F, 0xF79F, 0xF79F, 0xF79F, 0xF79F, 0xF7BF,
  0xF7BF, 0xF7BF, 0xF7BF, 0xF7BF, 0xF7BF, 0xF7BF, 0xF7BF, 0xF7BF, 0xF7BF, 0xF7BF, 0xF7BF, 0xF79F, 0xF79F, 0xF79F, 0xF79F, 0xF79F,
  0xF79F, 0xF79F, 0xF79F, 0xF79F, 0xF79F, 0xF79F, 0xF79F, 0xF79F, 0xF79F, 0xF79F, 0xF79F, 0xF79F, 0xF7BF, 0xFFBF, 0xF7BF, 0xF79F,
  0xF79F, 0xF79F, 0xF79F, 0xF79F, 0xF79F, 0xF79F, 0xF79F, 0xF79F, 0xF79F, 0xF79F, 0xF79F, 0xF79F, 0xF79F, 0xF79F, 0xF79F, 0xF79F,
  0xF79F, 0xF79F, 0xF79F, 0xF79F, 0xF79F, 0xF79F, 0xF77F, 0xF77F, 0xF77F, 0xF77F, 0xF77F, 0xF77F, 0xF77F, 0xF77F, 0xF77F, 0xF77F,
  0xF77F, 0xF75F, 0xF75F, 0xF75F, 0xF75F, 0xF75F, 0xF77F, 0xF75F, 0xF75F, 0xF75F, 0xF75F, 0xF75F, 0xF75F, 0xF75F, 0xF75F, 0xF75F,
  0xF75F, 0xF75F, 0xF71F, 0xE6BE, 0xF75F, 0xF73F, 0xF73F, 0xF73F, 0xF73F, 0xF73F, 0xF73F, 0xF73F, 0xF73F, 0xF73F, 0xF73F, 0xF73F,
  0xF73F, 0xF73F, 0xF73F, 0xF73F, 0xF73F, 0xF73F, 0xF73F, 0xF73F, 0xF73F, 0xF73F, 0xF73F, 0xF73F, 0xF73F, 0xF73F, 0xF71F, 0xF71F,
  0xF71F, 0xF71F, 0xF71F, 0xF71F, 0xF71F, 0xF71F, 0xF71F, 0xF71F, 0xF71F, 0xF71F, 0xEF1F, 0xEF1F, 0xEF1F, 0xEF1F, 0xF71F, 0xF71F,
  0xEF1F, 0xEF1F, 0xEF1F, 0xF71F, 0xF71F, 0xF71F, 0xEF1F, 0xF71F, 0xF71F, 0xEF1F, 0xF73F, 0xF73F, 0xF73F, 0xF73F, 0xF73F, 0xF73F,
  0x8C51, 0xFFFF, 0xF79F, 0xF79F, 0xF79F, 0xF79F, 0xF79F, 0xF79F, 0xF79F, 0xF79F, 0xF79F, 0xF79F, 0xF7BF, 0xF79F, 0xF79F, 0xF79F,
  0xF79F, 0xF79F, 0xF79F, 0xF7BF, 0xF7BF, 0xF7BF, 0xF7BF, 0xF7BF, 0xFFBF, 0xFFBF, 0xF7BF, 0xF79F, 0xF79F, 0xF79F, 0xF79F, 0xF79F,
  0xF79F, 0xF79F, 0xF79F, 0xF7BF, 0xF79F, 0xF79F, 0xF79F, 0xF79F, 0xF79F, 0xF79F, 0xF7BF, 0xF79F, 0xF7BF, 0xF7BF, 0xF79F, 0xF79F,
  0xF7BF, 0xF7BF, 0xF7BF, 0xF7BF, 0xF7BF, 0xF7BF, 0xF7BF, 0xF7BF, 0xF7BF, 0xF7BF, 0xF7BF, 0xF7BF, 0xFFBF, 0xFFBF, 0xFFBF, 0xF7BF,
  0xF7BF, 0xF79F, 0xF79F, 0xF79F, 0xF77F, 0xF79F, 0xF79F, 0xF79F, 0xF79F, 0xF7BF, 0xF7BF, 0xF7BF, 0xF7BF, 0xF7BF, 0xF7BF, 0xF79F,
  0xF79F, 0xF7BF, 0xF79F, 0xF7BF, 0xF7BF, 0xF7BF, 0xF7BF, 0xF7BF, 0xF7BF, 0xF79F, 0xF79F, 0xF79F, 0xF79F, 0xF79F, 0xFFBF, 0xF7BF,
  0xF7BF, 0xF7BF, 0xF7BF, 0xF7BF, 0xF7BF, 0xF7BF, 0xF7BF, 0xF7BF, 0xF7BF, 0xF7BF, 0xF7BF, 0xF7BF, 0xF79F, 0xF79F, 0xF79F, 0xF79F,
  0xF79F, 0xF79F, 0xF79F, 0xF79F, 0xF79F, 0xF79F, 0xF79F, 0xF79F, 0xF79F, 0xF79F, 0xF79F, 0xF79F, 0xF79F, 0xF7BF, 0xFFBF, 0xF79F,
  0xF79F, 0xF79F, 0xF79F, 0xF79F, 0xF79F, 0xF79F, 0xF79F, 0xF79F, 0xF79F, 0xF79F, 0xF79F, 0xF79F, 0xF79F, 0xF79F, 0xF79F, 0xF79F,
  0xF79F, 0xF79F, 0xF79F, 0xF79F, 0xF79F, 0xF79F, 0xF79F, 0xF79F, 0xF79F, 0xF77F, 0xF77F, 0xF77F, 0xF77F, 0xF77F, 0xF77F, 0xF77F,
  0xF77F, 0xF75F, 0xF75F, 0xF75F, 0xF75F, 0xF75F, 0xF75F, 0xF75F, 0xF75F, 0xF75F, 0xF75F, 0xF75F, 0xF75F, 0xF75F, 0xF75F, 0xF75F,
  0xF75F, 0xF75F, 0xF71F, 0xE6BE, 0xF73F, 0xF73F, 0xF73F, 0xF73F, 0xF73F, 0xF73F, 0xF73F, 0xF73F, 0xF73F, 0xF73F, 0xF73F, 0xF73F,
  0xF73F, 0xF73F, 0xF73F, 0xF73F, 0xF73F, 0xF71F, 0xF71F, 0xF73F, 0xF71F, 0xF71F, 0xF73F, 0xF73F, 0xF73F, 0xF73F, 0xF71F, 0xF71F,
  0xF71F, 0xF71F, 0xF71F, 0xEF1F, 0xEF1F, 0xF71F, 0xF71F, 0xF71F, 0xEF1F, 0xF71F, 0xEF1F, 0xEF1F, 0xEF1F, 0xEF1F, 0xEF1F, 0xEF1F,
  0xEF1F, 0xF71F, 0xEF1F, 0xEF1F, 0xEF1F, 0xEF1F, 0xF71F, 0xF71F, 0xEF1F, 0xEF1F, 0xF73F, 0xF73F, 0xF73F, 0xF73F, 0xF73F, 0xF73F,
  0x8C72, 0xFFFF, 0xF79F, 0xF79F, 0xF79F, 0xF79F, 0xF79F, 0xF79F, 0xF79F, 0xF79F, 0xF79F, 0xF79F, 0xF79F, 0xF79F, 0xF79F, 0xF79F,
  0xF79F, 0xF79F, 0xF79F, 0xF7BF, 0xF7BF, 0xF7BF, 0xF7BF, 0xF7BF, 0xF7BF, 0xF7BF, 0xFFBF, 0xF7BF, 0xF7BF, 0xF79F, 0xF79F, 0xF79F,
  0xF79F, 0xF7BF, 0xF7BF, 0xF79F, 0xF79F, 0xF79F, 0xF79F, 0xF79F, 0xF79F, 0xF79F, 0xF7BF, 0xF79F, 0xF79F, 0xF79F, 0xF79F, 0xF79F,
  0xF79F, 0xF79F, 0xF79F, 0xF79F, 0xF7BF, 0xF7BF, 0xF7BF, 0xF7BF, 0xF79F, 0xF79F, 0xF7BF, 0xFFBF, 0xF7BF, 0xFFBF, 0xF7BF, 0xF7BF,
  0xF79F, 0xF79F, 0xF79F, 0xF79F, 0xF79F, 0xF79F, 0xF79F, 0xF79F, 0xF79F, 0xF79F, 0xF7BF, 0xF7BF, 0xF7BF, 0xF79F, 0xF79F, 0xF79F,
  0xF7BF, 0xF7BF, 0xF7BF, 0xF7BF, 0xF7BF, 0xF7BF, 0xF7BF, 0xF7BF, 0xF79F, 0xF79F, 0xF79F, 0xF79F, 0xF7BF, 0xF7BF, 0xF79F, 0xF79F,
  0xF7BF, 0xF7BF, 0xF7BF, 0xF7BF, 0xF7BF, 0xF7BF, 0xF7BF, 0xF7BF, 0xF7BF, 0xF7BF, 0xF7BF, 0xF7BF, 0xF7BF, 0xF79F, 0xF79F, 0xF79F,
  0xF79F, 0xF79F, 0xF79F, 0xF79F, 0xF79F, 0xF79F, 0xF79F, 0xF79F, 0xF79F, 0xF79F, 0xF79F, 0xF79F, 0xF77F, 0xF79F, 0xF79F, 0xF79F,
  0xF7BF, 0xF7BF, 0xF7BF, 0xF79F, 0xF79F, 0xF79F, 0xF79F, 0xF79F, 0xF79F, 0xF79F, 0xF79F, 0xF79F, 0xF79F, 0xF79F, 0xF79F, 0xF79F,
  0xF79F, 0xF79F, 0xF79F, 0xF79F, 0xF79F, 0xF79F, 0xF79F, 0xF79F, 0xF79F, 0xF79F, 0xF79F, 0xF77F, 0xF77F, 0xF77F, 0xF77F, 0xF77F,
  0xF75F, 0xF77F, 0xF75F, 0xF75F, 0xF75F, 0xF75F, 0xF75F, 0xF75F, 0xF75F, 0xF75F, 0xF75F, 0xF75F, 0xF75F, 0xF75F, 0xF75F, 0xF75F,
  0xF75F, 0xF73F, 0xF71F, 0xEEDE, 0xF73F, 0xF73F, 0xF73F, 0xF73F, 0xF73F, 0xF73F, 0xF73F, 0xF73F, 0xF73F, 0xF73F, 0xF73F, 0xF73F,
  0xF73F, 0xF73F, 0xF73F, 0xF73F, 0xF71F, 0xF73F, 0xF71F, 0xF71F, 0xF71F, 0xF71F, 0xF71F, 0xF71F, 0xF71F, 0xF71F, 0xEF1F, 0xEF1F,
  0xEF1F, 0xEF1F, 0xEF1F, 0xEF1F, 0xF71F, 0xF71F, 0xF71F, 0xF71F, 0xEF1F, 0xEF1F, 0xEF1F, 0xF71F, 0xEF1F, 0xEEFF, 0xEF1F, 0xEF1F,
  0xEEFF, 0xEEFF, 0xEEFF, 0xEF1F, 0xEEFF, 0xEEFF, 0xEF1F, 0xEF1F, 0xEF1F, 0xEF1F, 0xF71F, 0xF73F, 0xF73F, 0xF73F, 0xF73F, 0xF73F,
  0x8C72, 0xFFFF, 0xF79F, 0xF79F, 0xF79F, 0xF79F, 0xF79F, 0xF79F, 0xF79F, 0xF79F, 0xF79F, 0xF79F, 0xF79F, 0xF79F, 0xF79F, 0xF79F,
  0xF79F, 0xF79F, 0xF79F, 0xF7BF, 0xF7BF, 0xF7BF, 0xF7BF, 0xFFBF, 0xF7BF, 0xFFBF, 0xFFBF, 0xFFBF, 0xF7BF, 0xF7BF, 0xF7BF, 0xF7BF,
  0xF7BF, 0xF7BF, 0xF79F, 0xF79F, 0xF79F, 0xF79F, 0xF79F, 0xF79F, 0xF79F, 0xF79F, 0xF7BF, 0xF79F, 0xF79F, 0xF79F, 0xF79F, 0xF79F,
  0xF79F, 0xF79F, 0xF79F, 0xF79F, 0xF79F, 0xF79F, 0xF79F, 0xF79F, 0xF79F, 0xF79F, 0xF79F, 0xF7BF, 0xF7BF, 0xF7BF, 0xF7BF, 0xF7BF,
  0xF79F, 0xF79F, 0xF79F, 0xF79F, 0xF79F, 0xF79F, 0xF79F, 0xF79F, 0xF79F, 0xF79F, 0xF79F, 0xF7BF, 0xF7BF, 0xF7BF, 0xF79F, 0xF79F,
  0xF7BF, 0xF7BF, 0xF7BF, 0xF7BF, 0xF7BF, 0xF7BF, 0xF7BF, 0xF7BF, 0xF7BF, 0xF7BF, 0xF7BF, 0xF7BF, 0xF7BF, 0xF79F, 0xF79F, 0xF79F,
  0xF7BF, 0xF7BF, 0xF7BF, 0xF7BF, 0xF7BF, 0xF7BF, 0xF7BF, 0xF7BF, 0xF7BF, 0xF7BF, 0xF7BF, 0xF79F, 0xF7BF, 0xF7BF, 0xF7BF, 0xF7BF,
  0xF79F, 0xF79F, 0xF79F, 0xF79F, 0xF79F, 0xF79F, 0xF79F, 0xF79F, 0xF79F, 0xF79F, 0xF79F, 0xF79F, 0xF79F, 0xF79F, 0xF79F, 0xF79F,
  0xF7BF, 0xF7BF, 0xF7BF, 0xF79F, 0xF79F, 0xF79F, 0xF79F, 0xF79F, 0xF79F, 0xF79F, 0xF79F, 0xF79F, 0xF79F, 0xF79F, 0xF79F, 0xF79F,
  0xF79F, 0xF79F, 0xF79F, 0xF79F, 0xF79F, 0xF79F, 0xF79F, 0xF79F, 0xF79F, 0xF79F, 0xF77F, 0xF77F, 0xF77F, 0xF77F, 0xF77F, 0xF77F,
  0xF75F, 0xF77F, 0xF75F, 0xF75F, 0xF75F, 0xF75F, 0xF75F, 0xF75F, 0xF75F, 0xF75F, 0xF75F, 0xF75F, 0xF73F, 0xF75F, 0xF73F, 0xF75F,
  0xF75F, 0xF73F, 0xF71F, 0xEEDE, 0xF73F, 0xF73F, 0xF73F, 0xF73F, 0xF73F, 0xF73F, 0xF73F, 0xF73F, 0xF73F, 0xF73F, 0xF73F, 0xF73F,
  0xF73F, 0xF73F, 0xF73F, 0xF73F, 0xF71F, 0xF71F, 0xF71F, 0xF71F, 0xF71F, 0xF71F, 0xF71F, 0xF71F, 0xF71F, 0xF71F, 0xEF1F, 0xEF1F,
  0xEF1F, 0xEF1F, 0xEF1F, 0xEF1F, 0xEF1F, 0xEF1F, 0xEF1F, 0xEEFF, 0xEEFF, 0xEEFF, 0xEF1F, 0xEF1F, 0xEEFF, 0xEEFF, 0xEEFF, 0xEEFF,
  0xEEFF, 0xEEFF, 0xEEFF, 0xEEFF, 0xEF1F, 0xEF1F, 0xEF1F, 0xEF1F, 0xEF1F, 0xEF1F, 0xEF1F, 0xF71F, 0xF73F, 0xF71F, 0xF71F, 0xF73F,
  0x8C52, 0xFFFF, 0xF79F, 0xF79F, 0xF79F, 0xF79F, 0xF79F, 0xF79F, 0xF79F, 0xF79F, 0xF79F, 0xF79F, 0xF79F, 0xF79F, 0xF79F, 0xF79F,
  0xF79F, 0xF79F, 0xF7BF, 0xF7BF, 0xF7BF, 0xFFBF, 0xFFBF, 0xFFBF, 0xFFBF, 0xFFBF, 0xFFBF, 0xF7BF, 0xFFBF, 0xFFBF, 0xFFBF, 0xF7BF,
  0xF7BF, 0xF79F, 0xF79F, 0xF79F, 0xF79F, 0xF79F, 0xF79F, 0xF79F, 0xF79F, 0xF7BF, 0xF79F, 0xF79F, 0xF79F, 0xF79F, 0xF79F, 0xF79F,
  0xF79F, 0xF79F, 0xF79F, 0xF79F, 0xF79F, 0xF79F, 0xF79F, 0xF79F, 0xF79F, 0xF79F, 0xF79F, 0xF7BF, 0xF7BF, 0xF7BF, 0xF7BF, 0xF7BF,
  0xF7BF, 0xF79F, 0xF79F, 0xF79F, 0xF79F, 0xF79F, 0xF79F, 0xF79F, 0xF79F, 0xF79F, 0xF79F, 0xF79F, 0xF79F, 0xF7BF, 0xF79F, 0xF7BF,
  0xF7BF, 0xF79F, 0xF7BF, 0xF7BF, 0xF7BF, 0xF7BF, 0xF7BF, 0xF7BF, 0xF7BF, 0xF7BF, 0xF7BF, 0xF7BF, 0xF79F, 0xF7BF, 0xF7BF, 0xF7BF,
  0xF7BF, 0xF7BF, 0xF7BF, 0xF7BF, 0xF7BF, 0xF7BF, 0xF7BF, 0xF7BF, 0xF7BF, 0xF7BF, 0xF7BF, 0xF7BF, 0xF7BF, 0xF7BF, 0xF7BF, 0xF7BF,
  0xF7BF, 0xF79F, 0xF7BF, 0xF79F, 0xF79F, 0xF79F, 0xF79F, 0xF79F, 0xF79F, 0xF79F, 0xF79F, 0xF79F, 0xF79F, 0xF79F, 0xF79F, 0xF79F,
  0xF7BF, 0xF7BF, 0xF79F, 0xF79F, 0xF79F, 0xF79F, 0xF79F, 0xF79F, 0xF79F, 0xF79F, 0xF79F, 0xF79F, 0xF79F, 0xF77F, 0xF77F, 0xF77F,
  0xF77F, 0xF77F, 0xF77F, 0xF79F, 0xF79F, 0xF79F, 0xF79F, 0xF79F, 0xF79F, 0xF79F, 0xF77F, 0xF77F, 0xF77F, 0xF75F, 0xF77F, 0xF77F,
  0xF75F, 0xF75F, 0xF75F, 0xF75F, 0xF75F, 0xF75F, 0xF75F, 0xF75F, 0xF75F, 0xF75F, 0xF75F, 0xF75F, 0xF73F, 0xF73F, 0xF73F, 0xF73F,
  0xF73F, 0xF73F, 0xF73F, 0xEEFF, 0xF73F, 0xF73F, 0xF73F, 0xF73F, 0xF73F, 0xF73F, 0xF73F, 0xF73F, 0xF71F, 0xF73F, 0xF73F, 0xF73F,
  0xF73F, 0xF73F, 0xF71F, 0xF71F, 0xF71F, 0xF71F, 0xF71F, 0xF71F, 0xF71F, 0xEF1F, 0xEF1F, 0xEF1F, 0xEF1F, 0xEF1F, 0xEF1F, 0xEEFF,
  0xEEFF, 0xEEFF, 0xEF1F, 0xEF1F, 0xEF1F, 0xEEFF, 0xEF1F, 0xEEFF, 0xEEFF, 0xEEFF, 0xEEFF, 0xEEFF, 0xEEFF, 0xEF1F, 0xEEFF, 0xEEFF,
  0xEEFF, 0xEEFF, 0xEEFF, 0xEEFF, 0xEEFF, 0xEF1F, 0xEEFF, 0xEF1F, 0xEEFF, 0xEF1F, 0xEF1F, 0xEF1F, 0xF71F, 0xF71F, 0xF71F, 0xF71F,
  0x8C52, 0xFFFF, 0xF79F, 0xF79F, 0xF79F, 0xF79F, 0xF79F, 0xF79F, 0xF79F, 0xF79F, 0xF79F, 0xF79F, 0xF79F, 0xF79F, 0xF79F, 0xF79F,
  0xF79F, 0xF79F, 0xF79F, 0xF7BF, 0xF7BF, 0xF7BF, 0xFFBF, 0xFFBF, 0xFFBF, 0xFFBF, 0xFFBF, 0xFFBF, 0xFFBF, 0xFFBF, 0xF7BF, 0xFFBF,
  0xF7BF, 0xF7BF, 0xF79F, 0xF79F, 0xF79F, 0xF79F, 0xF79F, 0xF79F, 0xF79F, 0xF7BF, 0xF79F, 0xF79F, 0xF79F, 0xF79F, 0xF79F, 0xF79F,
  0xF79F, 0xF79F, 0xF79F, 0xF79F, 0xF79F, 0xF79F, 0xF79F, 0xF79F, 0xF79F, 0xF79F, 0xF79F, 0xF7BF, 0xFFBF, 0xF7BF, 0xF7BF, 0xF7BF,
  0xF7BF, 0xF7BF, 0xF79F, 0xF79F, 0xF79F, 0xF79F, 0xF79F, 0xF79F, 0xF79F, 0xF79F, 0xF79F, 0xF79F, 0xF79F, 0xF79F, 0xF7BF, 0xF7BF,
  0xF7BF, 0xF79F, 0xF79F, 0xF79F, 0xF79F, 0xF7BF, 0xF7BF, 0xF7BF, 0xF7BF, 0xF7BF, 0xF7BF, 0xF7BF, 0xF7BF, 0xF7BF, 0xF7BF, 0xF7BF,
  0xF7BF, 0xF7BF, 0xF7BF, 0xF7BF, 0xF7BF, 0xF7BF, 0xF79F, 0xF7BF, 0xF7BF, 0xF7BF, 0xF79F, 0xF7BF, 0xF7BF, 0xF7BF, 0xF7BF, 0xF7BF,
  0xF7BF, 0xF79F, 0xF79F, 0xF79F, 0xF79F, 0xF79F, 0xF79F, 0xF79F, 0xF79F, 0xF79F, 0xF79F, 0xF79F, 0xF79F, 0xF79F, 0xF79F, 0xF79F,
  0xF7BF, 0xF7BF, 0xF79F, 0xF79F, 0xF79F, 0xF79F, 0xF79F, 0xF79F, 0xF79F, 0xF79F, 0xF79F, 0xF79F, 0xF79F, 0xF77F, 0xF77F, 0xF77F,
  0xF77F, 0xF77F, 0xF77F, 0xF77F, 0xF77F, 0xF77F, 0xF77F, 0xF77F, 0xF77F, 0xF77F, 0xF77F, 0xF77F, 0xF75F, 0xF75F, 0xF75F, 0xF75F,
  0xF75F, 0xF75F, 0xF75F, 0xF75F, 0xF75F, 0xF75F, 0xF75F, 0xF75F, 0xF73F, 0xF73F, 0xF73F, 0xF75F, 0xF73F, 0xF73F, 0xF73F, 0xF73F,
  0xF73F, 0xF73F, 0xF73F, 0xF73F, 0xF73F, 0xF73F, 0xF73F, 0xF73F, 0xF73F, 0xF73F, 0xF73F, 0xF73F, 0xF71F, 0xF73F, 0xF73F, 0xF73F,
  0xF73F, 0xF73F, 0xF71F, 0xF71F, 0xF71F, 0xF71F, 0xF71F, 0xEF1F, 0xEF1F, 0xEF1F, 0xEEFF, 0xEF1F, 0xEF1F, 0xEF1F, 0xEF1F, 0xEEFF,
  0xEEFF, 0xEEFF, 0xEEFF, 0xEEFF, 0xEF1F, 0xEEFF, 0xEEFF, 0xEEFF, 0xEEFF, 0xEEFF, 0xEEFF, 0xEEFF, 0xEEFF, 0xEEFF, 0xEEFF, 0xEEFF,
  0xEEFF, 0xEEFF, 0xEEFF, 0xEEFF, 0xEEFF, 0xEF1F, 0xEEFF, 0xEEFF, 0xEEFF, 0xEEFF, 0xEF1F, 0xEF1F, 0xF71F, 0xF71F, 0xEF1F, 0xF71F,
  0x8C52, 0xFFFF, 0xF79F, 0xF79F, 0xF79F, 0xF79F, 0xF79F, 0xF79F, 0xF79F, 0xF79F, 0xF79F, 0xF79F, 0xF79F, 0xF79F, 0xF79F, 0xF79F,
  0xF79F, 0xF79F, 0xF79F, 0xF7BF, 0xF7BF, 0xF7BF, 0xF7BF, 0xFFBF, 0xFFBF, 0xFFBF, 0xFFBF, 0xFFBF, 0xFFBF, 0xFFBF, 0xF7BF, 0xF7BF,
  0xF7BF, 0xF79F, 0xF79F, 0xF79F, 0xF79F, 0xF79F, 0xF79F, 0xF79F, 0xF7BF, 0xFFBF, 0xF79F, 0xF79F, 0xF79F, 0xF79F, 0xF79F, 0xF79F,
  0xF79F, 0xF79F, 0xF79F, 0xF79F, 0xF79F, 0xF79F, 0xF79F, 0xF79F, 0xF79F, 0xF79F, 0xF79F, 0xF79F, 0xF7BF, 0xF7BF, 0xFFBF, 0xF7BF,
  0xF7BF, 0xF7BF, 0xF79F, 0xF79F, 0xF79F, 0xF79F, 0xF79F, 0xF79F, 0xF79F, 0xF79F, 0xF79F, 0xF79F, 0xF79F, 0xF79F, 0xF7BF, 0xF79F,
  0xF79F, 0xF79F, 0xF79F, 0xF79F, 0xF79F, 0xF79F, 0xF7BF, 0xF7BF, 0xF7BF, 0xF7BF, 0xF7BF, 0xF7BF, 0xF7BF, 0xF7BF, 0xF7BF, 0xF7BF,
  0xF7BF, 0xF7BF, 0xF7BF, 0xF7BF, 0xF79F, 0xF79F, 0xF79F, 0xF79F, 0xF79F, 0xF79F, 0xF7BF, 0xF79F, 0xF7BF, 0xF7BF, 0xF7BF, 0xF79F,
  0xF79F, 0xF79F, 0xF79F, 0xF79F, 0xF79F, 0xF79F, 0xF79F, 0xF79F, 0xF79F, 0xF79F, 0xF79F, 0xF79F, 0xF79F, 0xF79F, 0xF79F, 0xF79F,
  0xF79F, 0xF79F, 0xF79F, 0xF79F, 0xF79F, 0xF79F, 0xF79F, 0xF79F, 0xF79F, 0xF79F, 0xF79F, 0xF79F, 0xF79F, 0xF77F, 0xF77F, 0xF77F,
  0xF77F, 0xF77F, 0xF77F, 0xF77F, 0xF77F, 0xF77F, 0xF77F, 0xF77F, 0xF77F, 0xF77F, 0xF77F, 0xF75F, 0xF75F, 0xF75F, 0xF75F, 0xF75F,
  0xF75F, 0xF75F, 0xF75F, 0xF75F, 0xF75F, 0xF75F, 0xF75F, 0xF75F, 0xF73F, 0xF73F, 0xF73F, 0xF73F, 0xF73F, 0xF73F, 0xF73F, 0xF73F,
  0xF73F, 0xF73F, 0xF73F, 0xF73F, 0xF73F, 0xF73F, 0xF71F, 0xF71F, 0xF73F, 0xF73F, 0xF73F, 0xF71F, 0xF71F, 0xF71F, 0xF71F, 0xF71F,
  0xF71F, 0xF71F, 0xF71F, 0xF71F, 0xF71F, 0xEF1F, 0xF71F, 0xF71F, 0xEF1F, 0xEF1F, 0xEF1F, 0xEEFF, 0xEEFF, 0xEEFF, 0xEEFF, 0xEEFF,
  0xEEFF, 0xEEFF, 0xEEFF, 0xEEFF, 0xEEFF, 0xEEFF, 0xEEFF, 0xEEFF, 0xEEFF, 0xEEFF, 0xEEFF, 0xEEFF, 0xEEFF, 0xEEFF, 0xEEFF, 0xEEFF,
  0xEEFF, 0xEEFF, 0xEEFF, 0xEEFF, 0xEEFF, 0xEEFF, 0xEEFF, 0xEEFF, 0xEEFF, 0xEEFF, 0xEF1F, 0xEEFF, 0xEEFF, 0xEF1F, 0xEF1F, 0xEF1F,
  0x8C72, 0xFFFF, 0xF79F, 0xF79F, 0xF79F, 0xF79F, 0xF79F, 0xF79F, 0xF79F, 0xF79F, 0xF79F, 0xF79F, 0xF79F, 0xF79F, 0xF79F, 0xF79F,
  0xF79F, 0xF79F, 0xF79F, 0xF79F, 0xF79F, 0xF79F, 0xF7BF, 0xF7BF, 0xF7BF, 0xF7BF, 0xFFBF, 0xF7BF, 0xF7BF, 0xF7BF, 0xF7BF, 0xF7BF,
  0xF79F, 0xF79F, 0xF79F, 0xF79F, 0xF79F, 0xF79F, 0xF79F, 0xF79F, 0xF79F, 0xF79F, 0xF79F, 0xF79F, 0xF79F, 0xF79F, 0xF79F, 0xF79F,
  0xF79F, 0xF79F, 0xF79F, 0xF79F, 0xF79F, 0xF79F, 0xF79F, 0xF79F, 0xF79F, 0xF79F, 0xF79F, 0xF7BF, 0xF7BF, 0xFFBF, 0xFFBF, 0xF7BF,
  0xFFBF, 0xFFBF, 0xF79F, 0xF79F, 0xF79F, 0xF79F, 0xF79F, 0xF79F, 0xF79F, 0xF79F, 0xF79F, 0xF79F, 0xF79F, 0xF79F, 0xF79F, 0xF79F,
  0xF77F, 0xF79F, 0xF79F, 0xF79F, 0xF79F, 0xF79F, 0xF79F, 0xF79F, 0xF79F, 0xF7BF, 0xF79F, 0xF7BF, 0xF7BF, 0xF7BF, 0xF7BF, 0xF7BF,
  0xF79F, 0xF79F, 0xF79F, 0xF79F, 0xF79F, 0xF79F, 0xF79F, 0xF79F, 0xF79F, 0xF7BF, 0xF7BF, 0xF79F, 0xF79F, 0xF7BF, 0xF79F, 0xF79F,
  0xF79F, 0xF79F, 0xF79F, 0xF79F, 0xF79F, 0xF79F, 0xF79F, 0xF79F, 0xF79F, 0xF79F, 0xF79F, 0xF79F, 0xF79F, 0xF79F, 0xF79F, 0xF79F,
  0xF79F, 0xF79F, 0xF79F, 0xF79F, 0xF79F, 0xF79F, 0xF79F, 0xFF9F, 0xF79F, 0xF79F, 0xF79F, 0xF79F, 0xF79F, 0xF77F, 0xF77F, 0xF77F,
  0xF77F, 0xF77F, 0xF77F, 0xF77F, 0xF77F, 0xF77F, 0xF77F, 0xF77F, 0xF75F, 0xF75F, 0xF75F, 0xF75F, 0xF75F, 0xF75F, 0xF75F, 0xF75F,
  0xF75F, 0xF75F, 0xF75F, 0xF75F, 0xF75F, 0xF73F, 0xF75F, 0xF75F, 0xF73F, 0xF73F, 0xF73F, 0xF73F, 0xF73F, 0xF73F, 0xF73F, 0xF73F,
  0xF73F, 0xF73F, 0xF73F, 0xF73F, 0xF73F, 0xF73F, 0xF73F, 0xF71F, 0xF73F, 0xF73F, 0xF71F, 0xF71F, 0xF71F, 0xF71F, 0xF71F, 0xF71F,
  0xF71F, 0xF71F, 0xF71F, 0xF71F, 0xF71F, 0xF71F, 0xF71F, 0xEF1F, 0xEEFF, 0xEEFF, 0xEEFF, 0xEEFF, 0xEEFF, 0xEEFF, 0xEEFF, 0xEEFF,
  0xEEFF, 0xEEFF, 0xEEFF, 0xEEFF, 0xEEFF, 0xEEFF, 0xEEFF, 0xEEFF, 0xEEFF, 0xEEFF, 0xEEFF, 0xEEFF, 0xEEFF, 0xEEFF, 0xEEFF, 0xEEFF,
  0xEEFF, 0xEEFF, 0xEEFF, 0xEEFF, 0xEEFF, 0xEEFF, 0xEEFF, 0xEEFF, 0xEEFF, 0xEF1F, 0xEF1F, 0xEEFF, 0xEEFF, 0xEEFF, 0xEF1F, 0xEF1F,
  0x8C72, 0xFFFF, 0xF79F, 0xF79F, 0xF79F, 0xF79F, 0xF79F, 0xF79F, 0xF79F, 0xF79F, 0xF79F, 0xF79F, 0xF79F, 0xF79F, 0xF79F, 0xF79F,
  0xF79F, 0xF79F, 0xF79F, 0xF79F, 0xF79F, 0xF79F, 0xF79F, 0xF79F, 0xF7BF, 0xF7BF, 0xF7BF, 0xF7BF, 0xF7BF, 0xF7BF, 0xF7BF, 0xF7BF,
  0xF79F, 0xF79F, 0xF79F, 0xF79F, 0xF79F, 0xF79F, 0xF79F, 0xF79F, 0xF79F, 0xF79F, 0xF79F, 0xF79F, 0xF79F, 0xF79F, 0xF79F, 0xF79F,
  0xF79F, 0xF79F, 0xF79F, 0xF79F, 0xF79F, 0xF79F, 0xF79F, 0xF79F, 0xF79F, 0xF79F, 0xF79F, 0xF79F, 0xF7BF, 0xF7BF, 0xF7BF, 0xF7BF,
  0xFFBF, 0xFFBF, 0xF7BF, 0xF79F, 0xF79F, 0xF79F, 0xF79F, 0xF79F, 0xF79F, 0xF79F, 0xF79F, 0xF79F, 0xF79F, 0xF79F, 0xF79F, 0xF79F,
  0xF79F, 0xF79F, 0xF79F, 0xF79F, 0xF79F, 0xF79F, 0xF79F, 0xF79F, 0xF79F, 0xF79F, 0xF79F, 0xF79F, 0xF79F, 0xF79F, 0xF79F, 0xF79F,
  0xF79F, 0xF79F, 0xF79F, 0xF79F, 0xF79F, 0xF79F, 0xF79F, 0xF79F, 0xF79F, 0xF79F, 0xF79F, 0xF79F, 0xF79F, 0xF79F, 0xF79F, 0xF79F,
  0xF79F, 0xF79F, 0xF79F, 0xF79F, 0xF79F, 0xF79F, 0xF79F, 0xF79F, 0xF79F, 0xF79F, 0xF79F, 0xF79F, 0xF79F, 0xF79F, 0xF79F, 0xF79F,
  0xF79F, 0xF79F, 0xF79F, 0xF79F, 0xF79F, 0xF79F, 0xF79F, 0xFF9F, 0xF79F, 0xF79F, 0xF79F, 0xF79F, 0xF79F, 0xF79F, 0xF77F, 0xF77F,
  0xF77F, 0xF77F, 0xF77F, 0xF77F, 0xF77F, 0xF77F, 0xF77F, 0xF77F, 0xF75F, 0xF75F, 0xF75F, 0xF75F, 0xF75F, 0xF75F, 0xF75F, 0xF75F,
  0xF75F, 0xF75F, 0xF75F, 0xF75F, 0xF75F, 0xF73F, 0xF73F, 0xF73F, 0xF73F, 0xF73F, 0xF73F, 0xF73F, 0xF73F, 0xF73F, 0xF73F, 0xF73F,
  0xF73F, 0xF73F, 0xF73F, 0xF73F, 0xF73F, 0xF73F, 0xF73F, 0xF71F, 0xF71F, 0xF71F, 0xF71F, 0xF71F, 0xF71F, 0xF71F, 0xF71F, 0xF71F,
  0xF71F, 0xF71F, 0xF71F, 0xEF1F, 0xF71F, 0xF71F, 0xEF1F, 0xEEFF, 0xEF1F, 0xEEFF, 0xEEFF, 0xEEFF, 0xEEFF, 0xEEFF, 0xEEFF, 0xEEFF,
  0xEEFF, 0xEEFF, 0xEEFF, 0xEEFF, 0xEEFF, 0xEEFF, 0xEEFF, 0xEEFF, 0xEEFF, 0xEEFF, 0xEEFF, 0xEEFF, 0xEEFF, 0xEEFF, 0xEEFF, 0xEEFF,
  0xEEFF, 0xEEFF, 0xEEFF, 0xEEFF, 0xEEFF, 0xEEFF, 0xEEFF, 0xEEFF, 0xEEFF, 0xEEFF, 0xEEFF, 0xEEFF, 0xEEFF, 0xEEFF, 0xEEFF, 0xEEFF,
  0x8C51, 0xFFFF, 0xF79F, 0xF79F, 0xF79F, 0xF79F, 0xF79F, 0xF79F, 0xF79F, 0xF79F, 0xF79F, 0xF79F, 0xF79F, 0xF79F, 0xF79F, 0xF79F,
  0xF79F, 0xF79F, 0xF79F, 0xF79F, 0xF79F, 0xF79F, 0xF79F, 0xF79F, 0xF79F, 0xF79F, 0xF79F, 0xF7BF, 0xF79F, 0xF79F, 0xF79F, 0xF79F,
  0xF79F, 0xF79F, 0xF79F, 0xF79F, 0xF79F, 0xF79F, 0xF79F, 0xF79F, 0xF79F, 0xF79F, 0xF79F, 0xF79F, 0xF79F, 0xF79F, 0xF79F, 0xF79F,
  0xF79F, 0xF79F, 0xF79F, 0xF79F, 0xF79F, 0xF79F, 0xF79F, 0xF79F, 0xF79F, 0xF79F, 0xF79F, 0xF79F, 0xF79F, 0xF7BF, 0xF7BF, 0xF7BF,
  0xF7BF, 0xF7BF, 0xF7BF, 0xF79F, 0xF79F, 0xF79F, 0xF79F, 0xF79F, 0xF79F, 0xF79F, 0xF79F, 0xF79F, 0xF79F, 0xF79F, 0xF79F, 0xF79F,
  0xF79F, 0xF79F, 0xF7BF, 0xF79F, 0xF79F, 0xF79F, 0xF79F, 0xF79F, 0xF79F, 0xF79F, 0xF79F, 0xF79F, 0xF79F, 0xF79F, 0xF79F, 0xF79F,
  0xF79F, 0xF79F, 0xF79F, 0xF79F, 0xF79F, 0xF79F, 0xF79F, 0xF79F, 0xF77F, 0xF77F, 0xF79F, 0xF79F, 0xF79F, 0xF79F, 0xF79F, 0xF79F,
  0xF79F, 0xF79F, 0xF79F, 0xF79F, 0xF79F, 0xF79F, 0xF77F, 0xF79F, 0xF79F, 0xF79F, 0xF79F, 0xF79F, 0xF79F, 0xF79F, 0xF79F, 0xF79F,
  0xF79F, 0xF79F, 0xF79F, 0xF79F, 0xF79F, 0xF79F, 0xF79F, 0xF79F, 0xF79F, 0xF79F, 0xF79F, 0xF79F, 0xF77F, 0xF77F, 0xF77F, 0xF79F,
  0xF77F, 0xF77F, 0xF77F, 0xF77F, 0xF77F, 0xF77F, 0xF77F, 0xF77F, 0xF75F, 0xF75F, 0xF75F, 0xF75F, 0xF75F, 0xF75F, 0xF75F, 0xF75F,
  0xF75F, 0xF75F, 0xF75F, 0xF75F, 0xF73F, 0xF73F, 0xF73F, 0xF73F, 0xF73F, 0xF73F, 0xF73F, 0xF73F, 0xF73F, 0xF73F, 0xF73F, 0xF73F,
  0xF73F, 0xF73F, 0xF73F, 0xF71F, 0xF73F, 0xF73F, 0xF71F, 0xF71F, 0xF71F, 0xF71F, 0xF71F, 0xF71F, 0xF71F, 0xF71F, 0xF71F, 0xF71F,
  0xEF1F, 0xEF1F, 0xEF1F, 0xEF1F, 0xEF1F, 0xEF1F, 0xEF1F, 0xEF1F, 0xEEFF, 0xEEFF, 0xEEFF, 0xEEFF, 0xEEFF, 0xEEFF, 0xEEFF, 0xEEFF,
  0xEEFF, 0xEEFF, 0xEEFF, 0xEEFF, 0xEEFF, 0xEEFF, 0xEEFF, 0xEEFF, 0xEEFF, 0xEEFF, 0xEEFF, 0xEEFF, 0xEEFF, 0xEEFF, 0xEEFF, 0xEEFF,
  0xEEFF, 0xEEFF, 0xEEFF, 0xEEFF, 0xEEFF, 0xEEFF, 0xEEFF, 0xEEFF, 0xEEFF, 0xEEFF, 0xEEFF, 0xEEFF, 0xEEFF, 0xEEDF, 0xEEDF, 0xEEFF,
  0x8C52, 0xFFFF, 0xF79F, 0xF79F, 0xF79F, 0xF79F, 0xF79F, 0xF79F, 0xF79F, 0xF79F, 0xF79F, 0xF79F, 0xF79F, 0xF79F, 0xF79F, 0xF79F,
  0xF79F, 0xF79F, 0xF79F, 0xF79F, 0xF79F, 0xF79F, 0xF79F, 0xF79F, 0xF79F, 0xF7BF, 0xF7BF, 0xF7BF, 0xF79F, 0xF79F, 0xF79F, 0xF79F,
  0xF79F, 0xF79F, 0xF79F, 0xF79F, 0xF79F, 0xF79F, 0xF79F, 0xF79F, 0xF79F, 0xF79F, 0xF79F, 0xF79F, 0xF79F, 0xF79F, 0xF79F, 0xF79F,
  0xF79F, 0xF79F, 0xF79F, 0xF79F, 0xF79F, 0xF79F, 0xF79F, 0xF79F, 0xF79F, 0xF79F, 0xF79F, 0xF79F, 0xF79F, 0xF79F, 0xF79F, 0xF79F,
  0xF79F, 0xF79F, 0xF79F, 0xF79F, 0xF79F, 0xF79F, 0xF79F, 0xF79F, 0xF79F, 0xF79F, 0xF79F, 0xF79F, 0xF79F, 0xF79F, 0xF79F, 0xF79F,
  0xF79F, 0xF79F, 0xF79F, 0xF79F, 0xF79F, 0xF79F, 0xF79F, 0xF79F, 0xF79F, 0xF79F, 0xF79F, 0xF79F, 0xF79F, 0xF79F, 0xF79F, 0xF79F,
  0xF79F, 0xF79F, 0xF79F, 0xF79F, 0xF79F, 0xF79F, 0xF79F, 0xF79F, 0xF77F, 0xF79F, 0xF79F, 0xF79F, 0xF79F, 0xF79F, 0xF79F, 0xF79F,
  0xF79F, 0xF79F, 0xF79F, 0xF77F, 0xF77F, 0xF77F, 0xF77F, 0xF79F, 0xF79F, 0xF79F, 0xF79F, 0xF79F, 0xF79F, 0xF79F, 0xF79F, 0xF79F,
  0xF79F, 0xF79F, 0xF79F, 0xF79F, 0xF79F, 0xF79F, 0xF77F, 0xF79F, 0xF79F, 0xF79F, 0xF79F, 0xF77F, 0xF77F, 0xF77F, 0xF77F, 0xF77F,
  0xF77F, 0xF77F, 0xF77F, 0xF77F, 0xF77F, 0xF77F, 0xF77F, 0xF75F, 0xF75F, 0xF75F, 0xF75F, 0xF75F, 0xF75F, 0xF75F, 0xF75F, 0xF75F,
  0xF75F, 0xF75F, 0xF73F, 0xF73F, 0xF75F, 0xF73F, 0xF73F, 0xF73F, 0xF73F, 0xF73F, 0xF73F, 0xF73F, 0xF73F, 0xF73F, 0xF73F, 0xF73F,
  0xF73F, 0xF73F, 0xF71F, 0xF71F, 0xF71F, 0xF71F, 0xF71F, 0xF71F, 0xF71F, 0xF71F, 0xF71F, 0xF71F, 0xF71F, 0xF71F, 0xEF1F, 0xEF1F,
  0xEF1F, 0xEF1F, 0xEF1F, 0xEF1F, 0xEF1F, 0xEEFF, 0xEEFF, 0xEEFF, 0xEEFF, 0xEEFF, 0xEEFF, 0xEEFF, 0xEEFF, 0xEEFF, 0xEEFF, 0xEEFF,
  0xEEFF, 0xEEFF, 0xEEFF, 0xEEFF, 0xEEFF, 0xEEFF, 0xEEFF, 0xEEFF, 0xEEFF, 0xEEFF, 0xEEFF, 0xEEFF, 0xEEFF, 0xEEFF, 0xEEFF, 0xEEFF,
  0xEEFF, 0xEEFF, 0xEEFF, 0xEEFF, 0xEEFF, 0xEEFF, 0xEEFF, 0xEEFF, 0xEEFF, 0xEEDF, 0xEEDF, 0xEEDF, 0xEEDF, 0xEEDF, 0xE6DF, 0xE6BF,
  0x8C52, 0xFFFF, 0xF79F, 0xF79F, 0xF79F, 0xF79F, 0xF79F, 0xF79F, 0xF79F, 0xF79F, 0xF79F, 0xF79F, 0xF79F, 0xF79F, 0xF79F, 0xF79F,
  0xF79F, 0xF79F, 0xF79F, 0xF79F, 0xF79F, 0xF79F, 0xF79F, 0xF79F, 0xF79F, 0xF79F, 0xF79F, 0xF7BF, 0xF79F, 0xF79F, 0xF79F, 0xF79F,
  0xF79F, 0xF7BF, 0xF79F, 0xF79F, 0xF79F, 0xF79F, 0xF79F, 0xF79F, 0xF79F, 0xF79F, 0xF79F, 0xF79F, 0xF79F, 0xF79F, 0xF79F, 0xF79F,
  0xF79F, 0xF79F, 0xF79F, 0xF79F, 0xF79F, 0xF79F, 0xF79F, 0xF79F, 0xF79F, 0xF79F, 0xF79F, 0xF79F, 0xF79F, 0xF79F, 0xF79F, 0xF79F,
  0xF79F, 0xF79F, 0xF79F, 0xF79F, 0xF79F, 0xF79F, 0xF79F, 0xF79F, 0xF79F, 0xF79F, 0xF79F, 0xF79F, 0xF79F, 0xF79F, 0xF79F, 0xF79F,
  0xF79F, 0xF79F, 0xF79F, 0xFF9F, 0xF79F, 0xF79F, 0xF79F, 0xF79F, 0xF79F, 0xF79F, 0xF79F, 0xF79F, 0xF79F, 0xF79F, 0xF79F, 0xF79F,
  0xF79F, 0xF79F, 0xF79F, 0xF79F, 0xF79F, 0xF79F, 0xF79F, 0xF79F, 0xF79F, 0xF79F, 0xF79F, 0xF79F, 0xF79F, 0xF79F, 0xF79F, 0xF79F,
  0xF79F, 0xF79F, 0xF79F, 0xF77F, 0xF77F, 0xF77F, 0xF77F, 0xF77F, 0xF77F, 0xF77F, 0xF79F, 0xF79F, 0xF79F, 0xF77F, 0xF77F, 0xF77F,
  0xF77F, 0xF79F, 0xF79F, 0xF79F, 0xF77F, 0xF77F, 0xF77F, 0xF79F, 0xF79F, 0xF79F, 0xF79F, 0xF77F, 0xF77F, 0xF77F, 0xF77F, 0xF77F,
  0xF77F, 0xF77F, 0xF77F, 0xF77F, 0xF77F, 0xF77F, 0xF75F, 0xF75F, 0xF75F, 0xF75F, 0xF75F, 0xF73F, 0xF75F, 0xF75F, 0xF75F, 0xF75F,
  0xF75F, 0xF73F, 0xF73F, 0xF73F, 0xF73F, 0xF73F, 0xF73F, 0xF73F, 0xF73F, 0xF73F, 0xF73F, 0xF73F, 0xF73F, 0xF73F, 0xF73F, 0xF73F,
  0xF73F, 0xF73F, 0xF71F, 0xF71F, 0xF71F, 0xF71F, 0xF71F, 0xF71F, 0xEF1F, 0xF71F, 0xEF1F, 0xEF1F, 0xF71F, 0xF71F, 0xEF1F, 0xEF1F,
  0xEF1F, 0xEF1F, 0xEF1F, 0xEEFF, 0xEEFF, 0xEEFF, 0xEEFF, 0xEEFF, 0xEEFF, 0xEEFF, 0xEEFF, 0xEEFF, 0xEEFF, 0xEEFF, 0xEEFF, 0xEEFF,
  0xEEFF, 0xEEFF, 0xEEFF, 0xEEFF, 0xEEFF, 0xEEFF, 0xEEFF, 0xEEFF, 0xEEFF, 0xEEFF, 0xEEFF, 0xEEFF, 0xEEFF, 0xEEFF, 0xEEFF, 0xEEFF,
  0xEEFF, 0xEEFF, 0xEEFF, 0xEEFF, 0xEEFF, 0xEEFF, 0xEEFF, 0xEEDF, 0xEEDF, 0xEEDF, 0xEEDF, 0xE6DF, 0xE6BF, 0xE69F, 0xDE9F, 0xDE7F,
  0x8C51, 0xFFFF, 0xF79F, 0xF79F, 0xF79F, 0xF79F, 0xF79F, 0xF79F, 0xF79F, 0xF79F, 0xF79F, 0xF79F, 0xF79F, 0xF79F, 0xF79F, 0xF79F,
  0xF79F, 0xF79F, 0xF79F, 0xF79F, 0xF79F, 0xF79F, 0xF79F, 0xF79F, 0xF79F, 0xF79F, 0xF7BF, 0xF7BF, 0xF7BF, 0xF79F, 0xF79F, 0xF79F,
  0xF79F, 0xF79F, 0xF7BF, 0xF7BF, 0xF7BF, 0xF79F, 0xF79F, 0xF79F, 0xF79F, 0xF79F, 0xF79F, 0xF79F, 0xF79F, 0xF79F, 0xF79F, 0xF79F,
  0xF79F, 0xF79F, 0xF79F, 0xF79F, 0xF79F, 0xF7BF, 0xF79F, 0xF79F, 0xF7BF, 0xF79F, 0xF79F, 0xF79F, 0xF79F, 0xF79F, 0xF79F, 0xF79F,
  0xF79F, 0xF79F, 0xF79F, 0xF79F, 0xF79F, 0xF79F, 0xF79F, 0xF79F, 0xF79F, 0xF79F, 0xF79F, 0xF79F, 0xF79F, 0xF79F, 0xF79F, 0xF79F,
  0xF79F, 0xF79F, 0xF79F, 0xF79F, 0xF79F, 0xF79F, 0xF79F, 0xF79F, 0xF79F, 0xF79F, 0xF79F, 0xF79F, 0xF79F, 0xF79F, 0xF79F, 0xF79F,
  0xF79F, 0xF79F, 0xF79F, 0xF79F, 0xF79F, 0xF79F, 0xF79F, 0xF79F, 0xF79F, 0xF79F, 0xF77F, 0xF79F, 0xF79F, 0xF79F, 0xF79F, 0xF79F,
  0xF79F, 0xF79F, 0xF79F, 0xF77F, 0xF77F, 0xF77F, 0xF77F, 0xF77F, 0xF79F, 0xF79F, 0xF77F, 0xF77F, 0xF79F, 0xF77F, 0xF77F, 0xF77F,
  0xF77F, 0xF77F, 0xF79F, 0xF77F, 0xF77F, 0xF77F, 0xF79F, 0xF79F, 0xF79F, 0xF77F, 0xF77F, 0xF77F, 0xF77F, 0xF77F, 0xF77F, 0xF77F,
  0xF77F, 0xF77F, 0xF75F, 0xF75F, 0xF77F, 0xF75F, 0xF75F, 0xF75F, 0xF75F, 0xF75F, 0xF75F, 0xF75F, 0xF75F, 0xF75F, 0xF75F, 0xF73F,
  0xF73F, 0xF73F, 0xF73F, 0xF73F, 0xF73F, 0xF73F, 0xF73F, 0xF73F, 0xF73F, 0xF73F, 0xF73F, 0xF73F, 0xF73F, 0xF71F, 0xF71F, 0xF71F,
  0xF71F, 0xF71F, 0xF71F, 0xF71F, 0xF71F, 0xF71F, 0xF71F, 0xF71F, 0xEF1F, 0xEF1F, 0xEF1F, 0xEEFF, 0xEF1F, 0xEEFF, 0xEF1F, 0xEF1F,
  0xEF1F, 0xEEFF, 0xEEFF, 0xEEFF, 0xEEFF, 0xEEFF, 0xEEFF, 0xEEFF, 0xEEFF, 0xEEFF, 0xEEFF, 0xEEFF, 0xEEFF, 0xEEFF, 0xEEFF, 0xEEFF,
  0xEEFF, 0xEEFF, 0xEEFF, 0xEEFF, 0xEEFF, 0xEEFF, 0xEEFF, 0xEEFF, 0xEEFF, 0xEEFF, 0xEEFF, 0xEEFF, 0xEEFF, 0xEEFF, 0xEEFF, 0xEEFF,
  0xEEFF, 0xEEFF, 0xEEFF, 0xEEFF, 0xEEFF, 0xEEDF, 0xEEDF, 0xEEDF, 0xEEDF, 0xE6BF, 0xE6BF, 0xE69F, 0xE69F, 0xDE9F, 0xDE7F, 0xDE7F,
  0x8C51, 0xFFFF, 0xF79F, 0xF79F, 0xF79F, 0xF79F, 0xF79F, 0xF79F, 0xF79F, 0xF79F, 0xF79F, 0xF79F, 0xF79F, 0xF79F, 0xF79F, 0xF79F,
  0xF79F, 0xF79F, 0xF79F, 0xF79F, 0xF79F, 0xF79F, 0xF79F, 0xF79F, 0xF79F, 0xF79F, 0xF79F, 0xF7BF, 0xF7BF, 0xF79F, 0xF79F, 0xF79F,
  0xF79F, 0xF79F, 0xF79F, 0xF79F, 0xF79F, 0xF79F, 0xF79F, 0xF79F, 0xF79F, 0xF79F, 0xF79F, 0xF79F, 0xF79F, 0xF79F, 0xF79F, 0xF79F,
  0xF79F, 0xF79F, 0xF79F, 0xF79F, 0xF7BF, 0xF79F, 0xF7BF, 0xF79F, 0xF79F, 0xF79F, 0xF79F, 0xF79F, 0xF79F, 0xF79F, 0xF79F, 0xF79F,
  0xF79F, 0xF79F, 0xF79F, 0xF79F, 0xF79F, 0xF79F, 0xF79F, 0xF79F, 0xF79F, 0xF79F, 0xF79F, 0xF79F, 0xF79F, 0xF79F, 0xF79F, 0xF79F,
  0xF79F, 0xF79F, 0xF79F, 0xF79F, 0xF79F, 0xF79F, 0xF79F, 0xF79F, 0xF79F, 0xF79F, 0xF79F, 0xF79F, 0xF79F, 0xF79F, 0xF79F, 0xF79F,
  0xF79F, 0xF79F, 0xF79F, 0xF79F, 0xF79F, 0xF79F, 0xF79F, 0xF79F, 0xF79F, 0xF79F, 0xF79F, 0xF79F, 0xF79F, 0xF79F, 0xF79F, 0xF79F,
  0xF79F, 0xF79F, 0xF77F, 0xF77F, 0xF77F, 0xF77F, 0xF79F, 0xF77F, 0xF77F, 0xF77F, 0xF77F, 0xF77F, 0xF77F, 0xF77F, 0xF77F, 0xF79F,
  0xF77F, 0xF79F, 0xF77F, 0xF77F, 0xF79F, 0xF79F, 0xF77F, 0xF77F, 0xF77F, 0xF77F, 0xF77F, 0xF77F, 0xF77F, 0xF77F, 0xF77F, 0xF77F,
  0xF77F, 0xF75F, 0xF75F, 0xF75F, 0xF75F, 0xF75F, 0xF75F, 0xF75F, 0xF75F, 0xF75F, 0xF75F, 0xF75F, 0xF75F, 0xF75F, 0xF73F, 0xF73F,
  0xF73F, 0xF73F, 0xF73F, 0xF73F, 0xF73F, 0xF73F, 0xF73F, 0xF73F, 0xF73F, 0xF73F, 0xF73F, 0xF73F, 0xF71F, 0xF71F, 0xF71F, 0xF71F,
  0xF71F, 0xF71F, 0xF71F, 0xF71F, 0xF71F, 0xF71F, 0xEF1F, 0xEF1F, 0xEF1F, 0xEF1F, 0xEEFF, 0xEEFF, 0xEEFF, 0xEEFF, 0xEEFF, 0xEEFF,
  0xEEFF, 0xEEFF, 0xEEFF, 0xEEFF, 0xEEFF, 0xEEFF, 0xEEFF, 0xEEFF, 0xEEFF, 0xEEFF, 0xEEFF, 0xEEFF, 0xEEFF, 0xEEFF, 0xEEFF, 0xEEFF,
  0xEEFF, 0xEEFF, 0xEEFF, 0xEEFF, 0xEEFF, 0xEEFF, 0xEEFF, 0xEEFF, 0xEEFF, 0xEEFF, 0xEEFF, 0xEEFF, 0xEEFF, 0xEEFF, 0xEEFF, 0xEEFF,
  0xEEFF, 0xEEFF, 0xEEFF, 0xEEFF, 0xEEDF, 0xEEDF, 0xE6BF, 0xE6BF, 0xE69F, 0xE69F, 0xE69F, 0xDE9F, 0xDE7F, 0xDE7F, 0xDE7F, 0xDE7F,
  0x8C72, 0xFFFF, 0xF79F, 0xF79F, 0xF7BF, 0xF79F, 0xF79F, 0xF79F, 0xF79F, 0xF79F, 0xF79F, 0xF79F, 0xF79F, 0xF79F, 0xF79F, 0xF79F,
  0xF79F, 0xF79F, 0xF79F, 0xF79F, 0xF79F, 0xF79F, 0xF79F, 0xF79F, 0xF79F, 0xF79F, 0xF79F, 0xF79F, 0xF79F, 0xF79F, 0xF79F, 0xF79F,
  0xF79F, 0xF79F, 0xF79F, 0xF79F, 0xF79F, 0xF79F, 0xF79F, 0xF79F, 0xF79F, 0xF79F, 0xF79F, 0xF79F, 0xF79F, 0xF79F, 0xF79F, 0xF79F,
  0xF79F, 0xF79F, 0xF79F, 0xF79F, 0xF79F, 0xF79F, 0xF79F, 0xF79F, 0xF79F, 0xF79F, 0xF79F, 0xF79F, 0xF79F, 0xF79F, 0xF79F, 0xF79F,
  0xF79F, 0xF79F, 0xF79F, 0xF79F, 0xF79F, 0xF79F, 0xF79F, 0xF79F, 0xF79F, 0xF79F, 0xF79F, 0xF79F, 0xF79F, 0xF79F, 0xF79F, 0xF79F,
  0xF79F, 0xF79F, 0xF79F, 0xF79F, 0xF79F, 0xF79F, 0xF79F, 0xF79F, 0xF79F, 0xF79F, 0xF79F, 0xF79F, 0xF79F, 0xF79F, 0xF79F, 0xF79F,
  0xF79F, 0xF79F, 0xF79F, 0xF79F, 0xF79F, 0xF79F, 0xF79F, 0xF79F, 0xF79F, 0xF79F, 0xF79F, 0xF79F, 0xF79F, 0xF79F, 0xF79F, 0xF79F,
  0xF79F, 0xF79F, 0xF79F, 0xF77F, 0xF77F, 0xF77F, 0xF77F, 0xF77F, 0xF77F, 0xF77F, 0xF77F, 0xF77F, 0xF77F, 0xF77F, 0xF77F, 0xF79F,
  0xF77F, 0xF79F, 0xF77F, 0xF77F, 0xF77F, 0xF77F, 0xF77F, 0xF77F, 0xF77F, 0xF77F, 0xF77F, 0xF77F, 0xF77F, 0xF77F, 0xF77F, 0xF75F,
  0xF75F, 0xF75F, 0xF75F, 0xF75F, 0xF75F, 0xF75F, 0xF75F, 0xF75F, 0xF75F, 0xF75F, 0xF73F, 0xF73F, 0xF73F, 0xF73F, 0xF73F, 0xF73F,
  0xF73F, 0xF73F, 0xF73F, 0xF73F, 0xF73F, 0xF71F, 0xF73F, 0xF73F, 0xF71F, 0xF71F, 0xF71F, 0xF71F, 0xF71F, 0xF71F, 0xF71F, 0xF71F,
  0xF71F, 0xF71F, 0xF71F, 0xF71F, 0xEF1F, 0xEF1F, 0xF71F, 0xF71F, 0xEEFF, 0xEEFF, 0xEEFF, 0xEEFF, 0xEEFF, 0xEEFF, 0xEEFF, 0xEEFF,
  0xEEFF, 0xEEFF, 0xEEFF, 0xEEFF, 0xEEFF, 0xEEFF, 0xEEFF, 0xEEFF, 0xEEFF, 0xEEFF, 0xEEFF, 0xEEFF, 0xEEFF, 0xEEFF, 0xEEFF, 0xEEFF,
  0xEEFF, 0xEEFF, 0xEEFF, 0xEEFF, 0xEEFF, 0xEEFF, 0xEEFF, 0xEEFF, 0xEEFF, 0xEEFF, 0xEEFF, 0xEEFF, 0xEEFF, 0xEEFF, 0xEEFF, 0xEEFF,
  0xEEFF, 0xEEFF, 0xEEFF, 0xEEDF, 0xEEDF, 0xE6BF, 0xE69F, 0xE69F, 0xE69F, 0xDE9F, 0xDE7F, 0xDE7F, 0xDE7F, 0xDE7F, 0xDE7F, 0xE69F,
  0x8C72, 0xFFFF, 0xF79F, 0xF79F, 0xF79F, 0xF79F, 0xF79F, 0xF79F, 0xF79F, 0xF79F, 0xF79F, 0xF79F, 0xF79F, 0xF79F, 0xF79F, 0xF79F,
  0xF79F, 0xF79F, 0xF79F, 0xF79F, 0xF79F, 0xF79F, 0xF79F, 0xF79F, 0xF79F, 0xF79F, 0xF79F, 0xF79F, 0xF79F, 0xF79F, 0xF79F, 0xF79F,
  0xF79F, 0xF79F, 0xF79F, 0xF79F, 0xF79F, 0xF79F, 0xF79F, 0xF79F, 0xF79F, 0xF79F, 0xF79F, 0xF79F, 0xF79F, 0xF79F, 0xF79F, 0xF79F,
  0xF79F, 0xF79F, 0xF79F, 0xF79F, 0xF79F, 0xF79F, 0xF79F, 0xF79F, 0xF79F, 0xF79F, 0xF79F, 0xF79F, 0xF79F, 0xF79F, 0xF79F, 0xF79F,
  0xF79F, 0xF79F, 0xF79F, 0xF79F, 0xF79F, 0xF79F, 0xF79F, 0xF79F, 0xF79F, 0xF79F, 0xF77F, 0xF79F, 0xF79F, 0xF79F, 0xF79F, 0xF79F,
  0xF79F, 0xF79F, 0xF79F, 0xF79F, 0xF79F, 0xF79F, 0xF79F, 0xF79F, 0xF79F, 0xF79F, 0xF79F, 0xF79F, 0xF79F, 0xF79F, 0xF79F, 0xF79F,
  0xF79F, 0xF79F, 0xF79F, 0xF79F, 0xF79F, 0xF79F, 0xF77F, 0xF77F, 0xF77F, 0xF79F, 0xF77F, 0xF77F, 0xF79F, 0xF77F, 0xF79F, 0xF79F,
  0xF77F, 0xF77F, 0xF77F, 0xF77F, 0xF77F, 0xF79F, 0xF77F, 0xF77F, 0xF77F, 0xF77F, 0xF77F, 0xF77F, 0xF77F, 0xF77F, 0xF77F, 0xF79F,
  0xF77F, 0xF77F, 0xF77F, 0xF77F, 0xF77F, 0xF77F, 0xF77F, 0xF77F, 0xF77F, 0xF77F, 0xF77F, 0xF77F, 0xF77F, 0xF77F, 0xF77F, 0xF75F,
  0xF75F, 0xF75F, 0xF75F, 0xF75F, 0xF75F, 0xF75F, 0xF75F, 0xF75F, 0xF73F, 0xF73F, 0xF73F, 0xF73F, 0xF73F, 0xF73F, 0xF73F, 0xF73F,
  0xF73F, 0xF73F, 0xF73F, 0xF73F, 0xF73F, 0xF73F, 0xF73F, 0xF71F, 0xF71F, 0xF71F, 0xF71F, 0xF71F, 0xEF1F, 0xEF1F, 0xEF1F, 0xEF1F,
  0xEF1F, 0xEF1F, 0xEF1F, 0xEF1F, 0xEF1F, 0xEEFF, 0xEEFF, 0xEEFF, 0xEEFF, 0xEEFF, 0xEEFF, 0xEEFF, 0xEEFF, 0xEEFF, 0xEEFF, 0xEEFF,
  0xEEFF, 0xEEFF, 0xEEFF, 0xEEFF, 0xEEFF, 0xEEFF, 0xEEFF, 0xEEFF, 0xEEFF, 0xEEFF, 0xEEFF, 0xEEFF, 0xEEDF, 0xEEDF, 0xEEFF, 0xEEFF,
  0xEEFF, 0xEEFF, 0xEEFF, 0xEEFF, 0xEEFF, 0xEEFF, 0xEEDF, 0xEEFF, 0xEEFF, 0xEEFF, 0xEEFF, 0xEEFF, 0xEEFF, 0xEEFF, 0xEEFF, 0xEEFF,
  0xEEFF, 0xEEFF, 0xEEDF, 0xE6BF, 0xE69F, 0xE69F, 0xDE7F, 0xDE7F, 0xDE7F, 0xDE7F, 0xDE7F, 0xDE7F, 0xDE7F, 0xDE7F, 0xDE7F, 0xDE9F,
  0x8C72, 0xFFFF, 0xF79F, 0xF79F, 0xF79F, 0xF79F, 0xF79F, 0xF79F, 0xF79F, 0xF79F, 0xF79F, 0xF79F, 0xF79F, 0xF79F, 0xF79F, 0xF79F,
  0xF79F, 0xF79F, 0xF79F, 0xF75F, 0xEF3F, 0xEF1F, 0xE71F, 0xE6FF, 0xE6FF, 0xE6FF, 0xE6FF, 0xE71F, 0xE6FF, 0xE6FF, 0xE6FF, 0xE6FF,
  0xE6FF, 0xE6FF, 0xE6FF, 0xE6FF, 0xE6FF, 0xE6FF, 0xE6FF, 0xE6FF, 0xE6FF, 0xE71F, 0xE6FF, 0xE6FF, 0xE6FF, 0xE71F, 0xE6FF, 0xE71F,
  0xE71F, 0xE71F, 0xE71F, 0xE71F, 0xE71F, 0xEF1F, 0xEF1F, 0xE71F, 0xE71F, 0xE71F, 0xE71F, 0xEF1F, 0xEF1F, 0xEF1F, 0xE71F, 0xE71F,
  0xEF1F, 0xE71F, 0xE71F, 0xE71F, 0xE71F, 0xE71F, 0xE71F, 0xE71F, 0xE71F, 0xEEFF, 0xE6FF, 0xEEFF, 0xE6FF, 0xE71F, 0xE6FF, 0xE6FF,
  0xE6FF, 0xE6FF, 0xE6FF, 0xE6FF, 0xE6FF, 0xE6FF, 0xE6FF, 0xE6FF, 0xE71F, 0xE71F, 0xE6FF, 0xE6FF, 0xE6FF, 0xE6FF, 0xE71F, 0xE6FF,
  0xE6FF, 0xE6FF, 0xE6FF, 0xE6FF, 0xE6FF, 0xE6FF, 0xE6FF, 0xE6FF, 0xE6FF, 0xE6FF, 0xE6DF, 0xE6FF, 0xE6DF, 0xE6DF, 0xE6DF, 0xE6FF,
  0xE6DF, 0xE6DF, 0xE6DF, 0xE6FF, 0xEF1F, 0xEF3F, 0xF77F, 0xF79F, 0xF79F, 0xF77F, 0xF77F, 0xF77F, 0xF77F, 0xF77F, 0xF77F, 0xF77F,
  0xF77F, 0xF77F, 0xF77F, 0xF77F, 0xF77F, 0xF77F, 0xF77F, 0xF77F, 0xF77F, 0xF77F, 0xF77F, 0xF75F, 0xF75F, 0xF75F, 0xF75F, 0xF75F,
  0xF75F, 0xF75F, 0xF75F, 0xF75F, 0xF75F, 0xF75F, 0xF75F, 0xF75F, 0xF73F, 0xF73F, 0xF73F, 0xF73F, 0xF73F, 0xF73F, 0xF73F, 0xF73F,
  0xF73F, 0xF71F, 0xF73F, 0xF71F, 0xF71F, 0xF71F, 0xF71F, 0xF71F, 0xF71F, 0xEF1F, 0xF71F, 0xEF1F, 0xEF1F, 0xEF1F, 0xEF1F, 0xEF1F,
  0xEF1F, 0xEF1F, 0xEEFF, 0xEEFF, 0xEF1F, 0xEEFF, 0xEEFF, 0xEEFF, 0xEEFF, 0xEEFF, 0xEEFF, 0xEEFF, 0xEEFF, 0xEEFF, 0xEEFF, 0xEEFF,
  0xEEFF, 0xEEFF, 0xEEFF, 0xEEFF, 0xEEFF, 0xEEFF, 0xEEFF, 0xEEFF, 0xEEFF, 0xEEFF, 0xEEDF, 0xEEDF, 0xEEFF, 0xEEFF, 0xEEDF, 0xEEDF,
  0xEEFF, 0xEEFF, 0xEEDF, 0xEEFF, 0xEEFF, 0xEEFF, 0xEEFF, 0xEEFF, 0xEEFF, 0xEEFF, 0xEEFF, 0xEEFF, 0xEEFF, 0xEEFF, 0xEEFF, 0xEEFF,
  0xEEFF, 0xE6DF, 0xE69F, 0xE69F, 0xE69F, 0xDE7F, 0xDE7F, 0xDE7F, 0xDE7F, 0xDE7F, 0xDE7F, 0xDE7F, 0xDE7F, 0xDE7F, 0xDE7F, 0xE69F,
  0x8C72, 0xFFFF, 0xF79F, 0xF79F, 0xF79F, 0xF79F, 0xF79F, 0xF79F, 0xF79F, 0xF79F, 0xF79F, 0xF79F, 0xF79F, 0xF79F, 0xF79F, 0xF79F,
  0xF79F, 0xEF3F, 0xE6FF, 0xE6DF, 0xE6DF, 0xE6DF, 0xE6DF, 0xE6DF, 0xE6DF, 0xE6DF, 0xE6DF, 0xE6DF, 0xE6DF, 0xE6DF, 0xE6DF, 0xE6DF,
  0xE6DF, 0xE6DF, 0xE6DF, 0xE6DF, 0xE6DF, 0xE6DF, 0xE6DF, 0xE6DF, 0xE6DF, 0xE6DF, 0xE6DF, 0xE6DF, 0xE6DF, 0xE6DF, 0xE6DF, 0xE6DF,
  0xE6DF, 0xE6DF, 0xE6DF, 0xE6FF, 0xE6FF, 0xE6FF, 0xE6FF, 0xE6FF, 0xE6FF, 0xE6FF, 0xE6FF, 0xE6FF, 0xE6FF, 0xE6FF, 0xE6FF, 0xE6FF,
  0xE6FF, 0xE6FF, 0xE6DF, 0xE6DF, 0xE6DF, 0xE6DF, 0xE6DF, 0xE6DF, 0xE6DF, 0xE6DF, 0xE6DF, 0xE6DF, 0xE6DF, 0xE6DF, 0xE6DF, 0xE6DF,
  0xE6DF, 0xE6DF, 0xE6DF, 0xE6DF, 0xE6DF, 0xE6DF, 0xE6DF, 0xE6DF, 0xE6DF, 0xE6DF, 0xE6DF, 0xE6DF, 0xE6DF, 0xE6DF, 0xE6DF, 0xE6DF,
  0xE6DF, 0xE6DF, 0xE6DF, 0xE6DF, 0xE6DF, 0xE6DF, 0xE6DF, 0xE6DF, 0xE6DF, 0xE6BF, 0xE6BF, 0xE6DF, 0xE6BF, 0xE6BF, 0xE6BF, 0xE6BF,
  0xE6BF, 0xE6BF, 0xE6BF, 0xE6BF, 0xE6BF, 0xE6BF, 0xE6DF, 0xEF1F, 0xF77F, 0xF79F, 0xF77F, 0xF77F, 0xF77F, 0xF77F, 0xF77F, 0xF77F,
  0xF77F, 0xF77F, 0xF77F, 0xF77F, 0xF77F, 0xF77F, 0xF75F, 0xF77F, 0xF77F, 0xF77F, 0xF75F, 0xF75F, 0xF75F, 0xF75F, 0xF75F, 0xF75F,
  0xF75F, 0xF75F, 0xF75F, 0xF75F, 0xF75F, 0xF75F, 0xF75F, 0xF75F, 0xF73F, 0xF73F, 0xF73F, 0xF73F, 0xF73F, 0xF73F, 0xF73F, 0xF73F,
  0xF73F, 0xF71F, 0xF71F, 0xF71F, 0xF71F, 0xF71F, 0xF71F, 0xF71F, 0xF71F, 0xF71F, 0xEF1F, 0xEF1F, 0xEF1F, 0xEEFF, 0xEEFF, 0xEF1F,
  0xEEFF, 0xEEFF, 0xEEFF, 0xEEFF, 0xEEFF, 0xEEFF, 0xEEFF, 0xEEFF, 0xEEFF, 0xEEFF, 0xEEFF, 0xEEFF, 0xEEFF, 0xEEFF, 0xEEFF, 0xEEFF,
  0xEEFF, 0xEEDF, 0xEEDF, 0xEEDF, 0xEEDF, 0xEEFF, 0xEEDF, 0xEEFF, 0xEEFF, 0xEEFF, 0xEEFF, 0xEEDF, 0xEEFF, 0xEEDF, 0xEEDF, 0xEEDF,
  0xEEDF, 0xEEFF, 0xEEFF, 0xEEFF, 0xEEFF, 0xEEFF, 0xEEFF, 0xEEFF, 0xEEFF, 0xEEFF, 0xEEFF, 0xEEFF, 0xEEFF, 0xEEFF, 0xEF1F, 0xEEFF,
  0xE6BF, 0xE69F, 0xE69F, 0xDE7F, 0xDE7F, 0xDE7F, 0xDE7F, 0xDE7F, 0xDE7F, 0xDE7F, 0xDE7F, 0xDE7F, 0xDE7F, 0xE69F, 0xDE7F, 0xE69F,
  0x8C72, 0xFFFF, 0xF79F, 0xF79F, 0xF79F, 0xF79F, 0xF79F, 0xF79F, 0xF79F, 0xF79F, 0xF79F, 0xF79F, 0xF79F, 0xF79F, 0xF79F, 0xF77F,
  0xE6FE, 0xE6DF, 0xE6DF, 0xE6DF, 0xE6DF, 0xE6DF, 0xE6DF, 0xE6DF, 0xE6DF, 0xE6DF, 0xE6DF, 0xE6DF, 0xE6DF, 0xE6DF, 0xE6DF, 0xE6DF,
  0xE6DF, 0xE6DF, 0xE6DF, 0xE6DF, 0xE6DF, 0xE6DF, 0xE6DF, 0xE6DF, 0xE6DF, 0xE6DF, 0xE6DF, 0xE6DF, 0xE6DF, 0xE6DF, 0xE6DF, 0xE6DF,
  0xE6DF, 0xE6DF, 0xE6DF, 0xE6DF, 0xE6DF, 0xE6FF, 0xE6FF, 0xE6FF, 0xE6FF, 0xE6FF, 0xE6FF, 0xE6FF, 0xE6FF, 0xE6FF, 0xE6FF, 0xE6FF,
  0xE6FF, 0xE6FF, 0xE6FF, 0xE6DF, 0xE6DF, 0xE6DF, 0xE6DF, 0xE6DF, 0xE6DF, 0xE6DF, 0xE6DF, 0xE6DF, 0xE6DF, 0xE6DF, 0xE6DF, 0xE6DF,
  0xE6DF, 0xE6DF, 0xE6DF, 0xE6DF, 0xE6DF, 0xE6DF, 0xE6DF, 0xE6DF, 0xE6DF, 0xE6DF, 0xE6DF, 0xE6DF, 0xE6DF, 0xE6FF, 0xE6FF, 0xE6DF,
  0xE6DF, 0xE6DF, 0xE6DF, 0xE6DF, 0xE6DF, 0xE6DF, 0xE6DF, 0xE6DF, 0xE6DF, 0xE6DF, 0xE6DF, 0xE6DF, 0xE6BF, 0xE6BF, 0xE6BF, 0xE6BF,
  0xE6BF, 0xE6BF, 0xE6BF, 0xE6BF, 0xE6BF, 0xE6BF, 0xE6BF, 0xE69F, 0xE6BF, 0xEF3F, 0xF79F, 0xF77F, 0xF77F, 0xF77F, 0xF77F, 0xF77F,
  0xF77F, 0xF77F, 0xF77F, 0xF77F, 0xF77F, 0xF77F, 0xF75F, 0xF75F, 0xF75F, 0xF75F, 0xF75F, 0xF75F, 0xF75F, 0xF75F, 0xF75F, 0xF75F,
  0xF75F, 0xF75F, 0xF75F, 0xF75F, 0xF75F, 0xF75F, 0xF73F, 0xF73F, 0xF73F, 0xF73F, 0xF73F, 0xF73F, 0xF73F, 0xF73F, 0xF73F, 0xF73F,
  0xF71F, 0xF71F, 0xF71F, 0xF71F, 0xF71F, 0xF71F, 0xF71F, 0xF71F, 0xEF1F, 0xEF1F, 0xEF1F, 0xEF1F, 0xEF1F, 0xEEFF, 0xEEFF, 0xEEFF,
  0xEEFF, 0xEEFF, 0xEEFF, 0xEEFF, 0xEEFF, 0xEEFF, 0xEEFF, 0xEEFF, 0xEEFF, 0xEEFF, 0xEEFF, 0xEEFF, 0xEEFF, 0xEEFF, 0xEEFF, 0xEEFF,
  0xEEFF, 0xEEDF, 0xEEFF, 0xEEDF, 0xEEDF, 0xEEFF, 0xEEFF, 0xEEFF, 0xEEDF, 0xEEDF, 0xEEDF, 0xEEFF, 0xEEDF, 0xEEDF, 0xEEDF, 0xEEDF,
  0xEEDF, 0xEEFF, 0xEEDF, 0xEEFF, 0xEEFF, 0xEEFF, 0xEEFF, 0xEEFF, 0xEF1F, 0xEEFF, 0xEEFF, 0xEEFF, 0xEEFF, 0xEEFF, 0xE6BF, 0xE69F,
  0xE67F, 0xDE9F, 0xDE7F, 0xDE7F, 0xDE7F, 0xDE7F, 0xDE7F, 0xDE7F, 0xDE7F, 0xDE7F, 0xDE7F, 0xDE9F, 0xDE9F, 0xE69F, 0xE69F, 0xE69F,
  0x8C72, 0xFFFF, 0xF79F, 0xF79F, 0xF79F, 0xF79F, 0xF79F, 0xF79F, 0xF79F, 0xF79F, 0xF79F, 0xF79F, 0xF79F, 0xF79F, 0xF77F, 0xE6DF,
  0xE6BF, 0xE6DF, 0xE6DF, 0xE6DF, 0xE6DF, 0xE6DF, 0xE6DF, 0xE6DF, 0xE6DF, 0xE6DF, 0xE6DF, 0xE6DF, 0xE6DF, 0xE6DF, 0xE6DF, 0xE6DF,
  0xE6DF, 0xE6DF, 0xE6DF, 0xE6DF, 0xE6DF, 0xE6DF, 0xE6DF, 0xE6DF, 0xE6DF, 0xE6DF, 0xE6DF, 0xE6DF, 0xE6DF, 0xE6DF, 0xE6DF, 0xE6DF,
  0xE6FF, 0xE6DF, 0xE6DF, 0xE6DF, 0xE6DF, 0xE6DF, 0xE6DF, 0xE6DF, 0xE6DF, 0xE6FF, 0xE6FF, 0xE6FF, 0xE6FF, 0xE6FF, 0xE6FF, 0xE6FF,
  0xE6FF, 0xE6FF, 0xE6DF, 0xE6DF, 0xE6DF, 0xE6DF, 0xE6DF, 0xE6DF, 0xE6DF, 0xE6DF, 0xE6DF, 0xE6DF, 0xE6DF, 0xE6DF, 0xE6DF, 0xE6DF,
  0xE6DF, 0xE6DF, 0xE6DF, 0xE6DF, 0xE6DF, 0xE6DF, 0xE6DF, 0xE6DF, 0xE6DF, 0xE6DF, 0xE6DF, 0xE6DF, 0xE6DF, 0xE6DF, 0xE6DF, 0xE6DF,
  0xE6DF, 0xE6DF, 0xE6DF, 0xE6DF, 0xE6DF, 0xE6DF, 0xE6DF, 0xE6DF, 0xE6DF, 0xE6DF, 0xE6BF, 0xE6BF, 0xE6BF, 0xE6BF, 0xE6BF, 0xE6BF,
  0xE6BF, 0xE6BF, 0xE6BF, 0xE6BF, 0xE6BF, 0xE6BF, 0xE6BF, 0xE6BF, 0xE6BF, 0xDEBE, 0xEF3F, 0xF79F, 0xF77F, 0xF77F, 0xF77F, 0xF77F,
  0xF77F, 0xF77F, 0xF75F, 0xF75F, 0xF75F, 0xF75F, 0xF75F, 0xF75F, 0xF75F, 0xF75F, 0xF75F, 0xF75F, 0xF75F, 0xF75F, 0xF75F, 0xF75F,
  0xF75F, 0xF75F, 0xF75F, 0xF75F, 0xF75F, 0xF73F, 0xF73F, 0xF73F, 0xF73F, 0xF73F, 0xF73F, 0xF73F, 0xF73F, 0xF73F, 0xF71F, 0xF71F,
  0xF71F, 0xF71F, 0xF71F, 0xF71F, 0xF71F, 0xEF1F, 0xEF1F, 0xF71F, 0xEF1F, 0xEF1F, 0xEF1F, 0xEEFF, 0xEEFF, 0xEEFF, 0xEEFF, 0xEEFF,
  0xEEFF, 0xEEFF, 0xEEFF, 0xEEFF, 0xEEFF, 0xEEFF, 0xEEFF, 0xEEFF, 0xEEFF, 0xEEFF, 0xEEFF, 0xEEFF, 0xEEFF, 0xEEFF, 0xEEFF, 0xEEDF,
  0xEEDF, 0xEEFF, 0xEEFF, 0xEEDF, 0xEEFF, 0xEEFF, 0xEEFF, 0xEEFF, 0xEEFF, 0xEEFF, 0xEEFF, 0xEEDF, 0xEEFF, 0xEEFF, 0xEEDF, 0xEEFF,
  0xEEFF, 0xEEFF, 0xEEFF, 0xEEFF, 0xEEFF, 0xEEFF, 0xEEFF, 0xEF1F, 0xEEFF, 0xEEFF, 0xEEFF, 0xF71F, 0xEEDF, 0xE69F, 0xE69F, 0xDE9F,
  0xDE7F, 0xDE7F, 0xDE7F, 0xDE7F, 0xDE7F, 0xDE7F, 0xDE7F, 0xDE7F, 0xDE9F, 0xE69F, 0xDE9F, 0xDE9F, 0xE69F, 0xE69F, 0xDE7F, 0xD63F,
  0x8C72, 0xFFFF, 0xF79F, 0xF7BF, 0xF79F, 0xF79F, 0xF79F, 0xF79F, 0xF79F, 0xF79F, 0xF79F, 0xF79F, 0xF79F, 0xF77F, 0xE6FE, 0xE6BF,
  0xE6DF, 0xE6DF, 0xE6DF, 0xE6DF, 0xE6DF, 0xE6DF, 0xE6DF, 0xE6DF, 0xE6DF, 0xE6DF, 0xE6DF, 0xE6DF, 0xE6DF, 0xE6DF, 0xE6DF, 0xE6DF,
  0xE6DF, 0xE6DF, 0xE6DF, 0xE6DF, 0xE6DF, 0xE6DF, 0xE6DF, 0xE6DF, 0xE6DF, 0xE6DF, 0xE6DF, 0xE6DF, 0xE6DF, 0xE6DF, 0xE6DF, 0xE6DF,
  0xE6FF, 0xE6FF, 0xE6DF, 0xE6DF, 0xE6DF, 0xE6DF, 0xE6DF, 0xE6FF, 0xE6FF, 0xE6FF, 0xE6FF, 0xE6FF, 0xE6FF, 0xE71F, 0xE6FF, 0xE6FF,
  0xE6DF, 0xE6DF, 0xE6DF, 0xE6FF, 0xE6DF, 0xE6DF, 0xE6FF, 0xE6DF, 0xE6DF, 0xE6DF, 0xE6DF, 0xE6DF, 0xE6DF, 0xE6DF, 0xE6DF, 0xE6DF,
  0xE6DF, 0xE6DF, 0xE6FF, 0xE6FF, 0xE6DF, 0xE6DF, 0xE6DF, 0xE6DF, 0xE6FF, 0xE6FF, 0xE6FF, 0xE6DF, 0xE6DF, 0xE6DF, 0xE6DF, 0xE6DF,
  0xE6DF, 0xE6FF, 0xE6FF, 0xE6FF, 0xE6DF, 0xE6DF, 0xE6FF, 0xE6DF, 0xE6DF, 0xE6BF, 0xE6BF, 0xE6BF, 0xE6BF, 0xE6BF, 0xE6BF, 0xE6BF,
  0xE6BF, 0xE6BF, 0xE6BF, 0xE6BF, 0xE6BF, 0xE6BF, 0xE6BF, 0xE6BF, 0xE6BF, 0xE69F, 0xDEBE, 0xF73F, 0xF77F, 0xF77F, 0xF77F, 0xF75F,
  0xF75F, 0xF75F, 0xF75F, 0xF75F, 0xF75F, 0xF75F, 0xF75F, 0xF75F, 0xF75F, 0xF75F, 0xF75F, 0xF75F, 0xF75F, 0xF75F, 0xF75F, 0xF75F,
  0xF75F, 0xF73F, 0xF75F, 0xF73F, 0xF73F, 0xF73F, 0xF73F, 0xF73F, 0xF73F, 0xF73F, 0xF73F, 0xF73F, 0xF73F, 0xF73F, 0xF71F, 0xF71F,
  0xF71F, 0xEF1F, 0xF71F, 0xF71F, 0xF71F, 0xF71F, 0xEEFF, 0xEEFF, 0xEEFF, 0xEEFF, 0xEEFF, 0xEEFF, 0xEEFF, 0xEEFF, 0xEEFF, 0xEEFF,
  0xEEFF, 0xEEFF, 0xEEFF, 0xEEFF, 0xEEFF, 0xEEFF, 0xEEFF, 0xEEFF, 0xEEFF, 0xEEDF, 0xEEFF, 0xEEFF, 0xEEFF, 0xEEFF, 0xEEFF, 0xEEFF,
  0xEEFF, 0xEEFF, 0xEEDF, 0xEEDF, 0xEEFF, 0xEEFF, 0xEEFF, 0xEEDF, 0xEEFF, 0xEEFF, 0xEEFF, 0xEEFF, 0xEEFF, 0xEEFF, 0xEEDF, 0xEEFF,
  0xEEFF, 0xEEFF, 0xEEFF, 0xEEFF, 0xEEFF, 0xF71F, 0xEEFF, 0xEEFF, 0xEEFF, 0xF71F, 0xEF1F, 0xE6BF, 0xE69F, 0xE69F, 0xE69F, 0xDE7F,
  0xDE7F, 0xDE7F, 0xDE7F, 0xDE7F, 0xDE7F, 0xDE9F, 0xE69F, 0xE69F, 0xDE9F, 0xE69F, 0xE69F, 0xDE9F, 0xDE5F, 0xD61F, 0xD61F, 0xD5FF,
  0x8C72, 0xFFFF, 0xF79F, 0xFF9F, 0xF79F, 0xF79F, 0xF79F, 0xF79F, 0xF79F, 0xF79F, 0xF79F, 0xF79F, 0xF79F, 0xEF1F, 0xE6BF, 0xE6DF,
  0xE6DF, 0xE6DF, 0xE6DF, 0xE6DF, 0xE6DF, 0xE6DF, 0xE6DF, 0xE6DF, 0xE6DF, 0xE6DF, 0xE6DF, 0xE6DF, 0xE6DF, 0xE6DF, 0xE6DF, 0xE6DF,
  0xE6DF, 0xE6DF, 0xE6DF, 0xE6DF, 0xE6DF, 0xE6DF, 0xE6DF, 0xE6DF, 0xE6DF, 0xE6DF, 0xE6DF, 0xE6DF, 0xE6DF, 0xE6DF, 0xE6DF, 0xE6DF,
  0xE6DF, 0xE6DF, 0xE6DF, 0xE6DF, 0xE6DF, 0xE6DF, 0xE6DF, 0xE6DF, 0xE6FF, 0xE6FF, 0xE6FF, 0xE6FF, 0xE6FF, 0xE6FF, 0xE6FF, 0xE6FF,
  0xE6FF, 0xE6FF, 0xE6FF, 0xE6DF, 0xE6DF, 0xE6DF, 0xE6DF, 0xE6FF, 0xE6FF, 0xE6DF, 0xE6DF, 0xE6DF, 0xE6DF, 0xE6DF, 0xE6DF, 0xE6DF,
  0xE6DF, 0xE6DF, 0xE6DF, 0xE6DF, 0xE6DF, 0xE6DF, 0xE6DF, 0xE6DF, 0xE6FF, 0xE6FF, 0xE6DF, 0xE6DF, 0xE6DF, 0xE6DF, 0xE6DF, 0xE6DF,
  0xE6DF, 0xE6DF, 0xE6DF, 0xE6FF, 0xE6FF, 0xE6DF, 0xE6DF, 0xE6DF, 0xE6DF, 0xE6BF, 0xE6BF, 0xE6BF, 0xE6BF, 0xE6BF, 0xE6BF, 0xE6BF,
  0xE6BF, 0xE6BF, 0xE6BF, 0xE6BF, 0xE6BF, 0xE6BF, 0xE6BF, 0xE6BF, 0xE6BF, 0xE6BF, 0xDE9F, 0xE6DF, 0xF77F, 0xF77F, 0xF75F, 0xF75F,
  0xF75F, 0xF75F, 0xF75F, 0xF75F, 0xF75F, 0xF75F, 0xF75F, 0xF75F, 0xF75F, 0xF75F, 0xF75F, 0xF75F, 0xF75F, 0xF75F, 0xF73F, 0xF73F,
  0xF73F, 0xF73F, 0xF73F, 0xF73F, 0xF73F, 0xF73F, 0xF73F, 0xF73F, 0xF73F, 0xF73F, 0xF73F, 0xF71F, 0xF71F, 0xF71F, 0xF71F, 0xF71F,
  0xF71F, 0xEF1F, 0xEF1F, 0xEEFF, 0xEEFF, 0xEEFF, 0xEEFF, 0xEEFF, 0xEEFF, 0xEEFF, 0xF6FF, 0xEEFF, 0xEEFF, 0xEEFF, 0xEEFF, 0xEEFF,
  0xEEFF, 0xEEFF, 0xEEFF, 0xEEFF, 0xEEFF, 0xEEFF, 0xEEFF, 0xEEFF, 0xEEFF, 0xEEFF, 0xEEFF, 0xEEFF, 0xEEFF, 0xEEFF, 0xEEFF, 0xEEFF,
  0xEEFF, 0xEEDF, 0xEEFF, 0xEEFF, 0xEEFF, 0xEEFF, 0xEEFF, 0xEEDF, 0xEEFF, 0xEEFF, 0xEEFF, 0xEEFF, 0xEEFF, 0xEEFF, 0xEEFF, 0xEEFF,
  0xEEFF, 0xF6FF, 0xEEFF, 0xEEFF, 0xF71F, 0xF6FF, 0xEEFF, 0xEEFF, 0xF71F, 0xEEFF, 0xE69F, 0xE69F, 0xE69F, 0xE69F, 0xDE9F, 0xE69F,
  0xE69F, 0xE69F, 0xDE7F, 0xDE7F, 0xE69F, 0xE69F, 0xE69F, 0xE69F, 0xE69F, 0xDE7F, 0xD63F, 0xD61F, 0xD5FF, 0xD5FF, 0xD61F, 0xD5FF,
  0x8C72, 0xFFFF, 0xFF9F, 0xFF9F, 0xF79F, 0xF79F, 0xF79F, 0xF79F, 0xF79F, 0xF79F, 0xF79F, 0xF79F, 0xF77F, 0xE6DF, 0xE6DF, 0xE6DF,
  0xE6DF, 0xE6DF, 0xE6DF, 0xE6DF, 0xE6DF, 0xE6DF, 0xE6DF, 0xE6DF, 0xE6DF, 0xE6DF, 0xE6DF, 0xE6DF, 0xE6DF, 0xE6DF, 0xE6DF, 0xE6DF,
  0xE6DF, 0xE6DF, 0xE6DF, 0xE6DF, 0xE6DF, 0xE6DF, 0xE6DF, 0xE6DF, 0xE6DF, 0xE6DF, 0xE6FF, 0xE6DF, 0xE6DF, 0xE6FF, 0xE6FF, 0xE6FF,
  0xE6FF, 0xE6FF, 0xE6DF, 0xE6DF, 0xE6DF, 0xE6DF, 0xE6DF, 0xE6DF, 0xE6FF, 0xE6FF, 0xE6FF, 0xE6FF, 0xE6FF, 0xE6FF, 0xE6FF, 0xE6FF,
  0xE6FF, 0xE6FF, 0xE6FF, 0xE6FF, 0xE6FF, 0xE6FF, 0xE6FF, 0xE6FF, 0xE6FF, 0xE6DF, 0xE6DF, 0xE6DF, 0xE6DF, 0xE6DF, 0xE6DF, 0xE6DF,
  0xE6DF, 0xE6DF, 0xE6DF, 0xE6DF, 0xE6DF, 0xE6DF, 0xE6DF, 0xE6DF, 0xE6DF, 0xE6FF, 0xE6FF, 0xE6DF, 0xE6DF, 0xE6DF, 0xE6DF, 0xE6DF,
  0xE6DF, 0xE6FF, 0xE6FF, 0xE6DF, 0xE6FF, 0xE6DF, 0xE6DF, 0xE6DF, 0xE6DF, 0xE6BF, 0xE6BF, 0xE6BF, 0xE6BF, 0xE6BF, 0xE6BF, 0xE6BF,
  0xE6BF, 0xE6BF, 0xE6BF, 0xE6BF, 0xE6BF, 0xE6BF, 0xE6BF, 0xE6BF, 0xE6BF, 0xE6BF, 0xE6DF, 0xEF1F, 0xF75F, 0xF75F, 0xF75F, 0xF75F,
  0xF75F, 0xF75F, 0xF75F, 0xF75F, 0xF75F, 0xF75F, 0xF75F, 0xF75F, 0xF75F, 0xF75F, 0xF75F, 0xF75F, 0xF73F, 0xF73F, 0xF73F, 0xF73F,
  0xF73F, 0xF73F, 0xF73F, 0xF73F, 0xF73F, 0xF73F, 0xF73F, 0xF73F, 0xF73F, 0xF73F, 0xEF3F, 0xF71F, 0xEF1F, 0xEF1F, 0xEF1F, 0xEF1F,
  0xEF1F, 0xEF1F, 0xEF1F, 0xEEFF, 0xEEFF, 0xEEFF, 0xEEFF, 0xEEFF, 0xEEFF, 0xEEFF, 0xEEFF, 0xEEFF, 0xEEFF, 0xEEFF, 0xEEFF, 0xEEFF,
  0xEEFF, 0xEEFF, 0xEEFF, 0xEEFF, 0xEEFF, 0xEEDF, 0xEEFF, 0xEEFF, 0xEEFF, 0xEEDF, 0xEEDF, 0xEEFF, 0xEEFF, 0xEEFF, 0xEEFF, 0xEEFF,
  0xEEFF, 0xEEDF, 0xEEFF, 0xEEFF, 0xEEFF, 0xEEFF, 0xEEFF, 0xEEFF, 0xEEFF, 0xEEFF, 0xEEFF, 0xEEFF, 0xEEFF, 0xEEFF, 0xEEFF, 0xEEFF,
  0xEEFF, 0xEEFF, 0xF71F, 0xF71F, 0xEEFF, 0xEEFF, 0xF6FF, 0xEF1F, 0xE6BE, 0xE69F, 0xE69F, 0xE69F, 0xE69F, 0xE69F, 0xE69F, 0xE69F,
  0xE69F, 0xE69F, 0xE69F, 0xE69F, 0xE69F, 0xE6BF, 0xE6BF, 0xDE5F, 0xD61F, 0xD5FF, 0xD5FF, 0xD5FF, 0xD61F, 0xD5FF, 0xD61F, 0xD5FF,
  0x8C72, 0xFFFF, 0xF79F, 0xFF9F, 0xF79F, 0xF79F, 0xF79F, 0xF79F, 0xF79F, 0xF79F, 0xF79F, 0xF79F, 0xEF5F, 0xE6DF, 0xE6DF, 0xE6DF,
  0xE6DF, 0xE6DF, 0xE6DF, 0xE6DF, 0xE6DF, 0xE6DF, 0xE6DF, 0xE6DF, 0xE6DF, 0xE6DF, 0xE6DF, 0xE6DF, 0xE6DF, 0xE6DF, 0xE6DF, 0xE6DF,
  0xE6DF, 0xE6DF, 0xE6DF, 0xE6DF, 0xE6DF, 0xE6DF, 0xE6DF, 0xE6DF, 0xE6DF, 0xE6FF, 0xE6FF, 0xE6DF, 0xE6FF, 0xE6FF, 0xE6FF, 0xEEFF,
  0xE6FF, 0xE6FF, 0xE6FF, 0xE6FF, 0xE6DF, 0xE6DF, 0xE6DF, 0xE6DF, 0xE6FF, 0xE6FF, 0xE6FF, 0xE6FF, 0xE6FF, 0xE6FF, 0xE6FF, 0xE6FF,
  0xE6FF, 0xE6FF, 0xE6FF, 0xE6FF, 0xE6FF, 0xE6FF, 0xE6FF, 0xE6FF, 0xE6FF, 0xE6FF, 0xE6DF, 0xE6DF, 0xE6DF, 0xE6DF, 0xE6DF, 0xE6DF,
  0xE6DF, 0xE6DF, 0xE6DF, 0xE6DF, 0xE6DF, 0xE6DF, 0xE6DF, 0xE6FF, 0xE6FF, 0xE6DF, 0xE6FF, 0xE6DF, 0xE6DF, 0xE6DF, 0xE6DF, 0xE6DF,
  0xE6DF, 0xE6DF, 0xE6DF, 0xE6FF, 0xE6FF, 0xE6FF, 0xE6DF, 0xE6DF, 0xE6DF, 0xE6BF, 0xE6BF, 0xE6BF, 0xE6BF, 0xE6BF, 0xE6BF, 0xE6BF,
  0xE6BF, 0xE6BF, 0xE6BF, 0xE6BF, 0xE6BF, 0xE6BF, 0xE6BF, 0xE6BF, 0xE6BF, 0xE6BF, 0xEEFF, 0xEF3F, 0xF75F, 0xF75F, 0xF75F, 0xF75F,
  0xF75F, 0xF75F, 0xF75F, 0xF75F, 0xF75F, 0xF75F, 0xF75F, 0xF75F, 0xF75F, 0xF75F, 0xF73F, 0xF73F, 0xF73F, 0xF73F, 0xF73F, 0xF73F,
  0xF73F, 0xF73F, 0xF73F, 0xF73F, 0xF73F, 0xF73F, 0xF73F, 0xF73F, 0xF71F, 0xF71F, 0xF71F, 0xEF1F, 0xEF1F, 0xF71F, 0xEF1F, 0xEF1F,
  0xEF1F, 0xEF1F, 0xEEFF, 0xEEFF, 0xEEFF, 0xEEFF, 0xEEFF, 0xEEFF, 0xEEFF, 0xEEFF, 0xEEFF, 0xEEFF, 0xEEFF, 0xEEFF, 0xEEFF, 0xEEFF,
  0xEEFF, 0xEEFF, 0xEEFF, 0xEEFF, 0xEEFF, 0xEEDF, 0xEEFF, 0xEEFF, 0xEEDF, 0xEEFF, 0xEEDF, 0xEEFF, 0xEEFF, 0xEEFF, 0xEEFF, 0xEEDF,
  0xEEFF, 0xEEFF, 0xEF1F, 0xF73F, 0xEF1F, 0xEEFF, 0xEEFF, 0xEEFF, 0xEEFF, 0xEEFF, 0xEEFF, 0xEEFF, 0xEEFF, 0xEEFF, 0xEEFF, 0xEEFF,
  0xEEFF, 0xF73F, 0xF73F, 0xEEFF, 0xEEFF, 0xF71F, 0xEEFF, 0xE69F, 0xE69F, 0xE69F, 0xE69F, 0xE69F, 0xE69F, 0xE69F, 0xE69F, 0xE69F,
  0xE69F, 0xE69F, 0xE69F, 0xE6BF, 0xE6BF, 0xDE7F, 0xD61F, 0xD5FF, 0xD5FF, 0xD5FF, 0xD5FF, 0xD61F, 0xD5FF, 0xD61F, 0xD61F, 0xD61F,
  0x8C52, 0xFFFF, 0xF79F, 0xFF9F, 0xF79F, 0xF79F, 0xF79F, 0xF79F, 0xF79F, 0xF79F, 0xF79F, 0xF79F, 0xEF3F, 0xE6DF, 0xE6DF, 0xE6DF,
  0xE6DF, 0xE6DF, 0xE6DF, 0xE6DF, 0xE6DF, 0xE6DF, 0xE6DF, 0xE6DF, 0xE6DF, 0xE6DF, 0xE6DF, 0xE6DF, 0xE6DF, 0xE6DF, 0xE6FF, 0xE6FF,
  0xE6FF, 0xE6DF, 0xE6FF, 0xE6FF, 0xE6DF, 0xE6DF, 0xE6DF, 0xE6FF, 0xE6FF, 0xE6FF, 0xE6FF, 0xE6FF, 0xE6FF, 0xE6FF, 0xEEFF, 0xEF1F,
  0xEF1F, 0xEEFF, 0xE6FF, 0xE6FF, 0xE6FF, 0xE6DF, 0xE6FF, 0xE6FF, 0xE6FF, 0xE6FF, 0xE6FF, 0xE6FF, 0xE6FF, 0xE6FF, 0xE6FF, 0xE6FF,
  0xE6FF, 0xE6FF, 0xE6FF, 0xE6FF, 0xE6FF, 0xE6FF, 0xE6FF, 0xE6FF, 0xE6FF, 0xE6FF, 0xE6FF, 0xE6DF, 0xE6DF, 0xE6DF, 0xE6DF, 0xE6DF,
  0xE6DF, 0xE6DF, 0xE6DF, 0xE6DF, 0xE6DF, 0xE6DF, 0xE6FF, 0xE6FF, 0xE6DF, 0xE6FF, 0xE6FF, 0xE6DF, 0xE6DF, 0xE6DF, 0xE6DF, 0xE6DF,
  0xE6FF, 0xE6FF, 0xE6FF, 0xE6FF, 0xE6DF, 0xE6FF, 0xE6DF, 0xE6DF, 0xE6DF, 0xE6BF, 0xE6DF, 0xE6BF, 0xE6BF, 0xE6BF, 0xE6BF, 0xE6BF,
  0xE6BF, 0xE6BF, 0xE6BF, 0xE6BF, 0xE6BF, 0xE6BF, 0xE6BF, 0xE6BF, 0xE6DF, 0xEEFF, 0xEF3F, 0xF73F, 0xF75F, 0xF75F, 0xF75F, 0xF75F,
  0xF75F, 0xF75F, 0xF75F, 0xF75F, 0xF75F, 0xF75F, 0xF75F, 0xF75F, 0xF75F, 0xF75F, 0xF73F, 0xF73F, 0xF73F, 0xF73F, 0xF73F, 0xF73F,
  0xF73F, 0xF73F, 0xF73F, 0xF73F, 0xF71F, 0xF71F, 0xF71F, 0xF71F, 0xF71F, 0xF71F, 0xEF1F, 0xEF1F, 0xEF1F, 0xEF1F, 0xEF1F, 0xEF1F,
  0xEEFF, 0xEEFF, 0xEEFF, 0xEEFF, 0xEEFF, 0xEEFF, 0xEEFF, 0xEEFF, 0xEEFF, 0xEEFF, 0xEEFF, 0xEEFF, 0xEEFF, 0xEEFF, 0xEEFF, 0xEEFF,
  0xEEFF, 0xEEFF, 0xEEFF, 0xEEDF, 0xEEDF, 0xEEDF, 0xEEFF, 0xEEFF, 0xEEFF, 0xEEFF, 0xEEFF, 0xEEFF, 0xEEFF, 0xEEFF, 0xEEFF, 0xEEFF,
  0xEEFF, 0xEEFF, 0xF77F, 0xFFBF, 0xF73F, 0xEEFF, 0xEEFF, 0xEEFF, 0xEEFF, 0xEEFF, 0xEEFF, 0xF6FF, 0xF6FF, 0xF6FF, 0xF6FF, 0xEF1F,
  0xF75F, 0xF75F, 0xEEFF, 0xEEFF, 0xF71F, 0xEEDF, 0xE69F, 0xE69F, 0xE69F, 0xE69F, 0xE69F, 0xE69F, 0xE69F, 0xE69F, 0xE69F, 0xE69F,
  0xE69F, 0xE6BF, 0xE6BF, 0xDE7F, 0xD61F, 0xCDFF, 0xD5FF, 0xD5FF, 0xD5FF, 0xD5FF, 0xD5FF, 0xD61F, 0xD61F, 0xD61F, 0xD61F, 0xD61F,
  0x8C52, 0xFFFF, 0xF79F, 0xFF9F, 0xF79F, 0xF79F, 0xF79F, 0xF79F, 0xF79F, 0xF79F, 0xF79F, 0xF7BF, 0xEF3F, 0xE6DF, 0xE6DF, 0xE6DF,
  0xE6DF, 0xE6DF, 0xE6DF, 0xE6DF, 0xE6DF, 0xE6DF, 0xE6DF, 0xE6DF, 0xE6DF, 0xE6DF, 0xE6DF, 0xE6DF, 0xE6DF, 0xE6DF, 0xE6FF, 0xE6FF,
  0xE6DF, 0xE6DF, 0xE6FF, 0xE6FF, 0xE6FF, 0xE6DF, 0xE6FF, 0xE6FF, 0xE6FF, 0xE6FF, 0xE6FF, 0xE6FF, 0xEEFF, 0xEF1F, 0xE6FF, 0xEEFF,
  0xEF1F, 0xEF1F, 0xEEFF, 0xE6FF, 0xE6FF, 0xE6FF, 0xE6FF, 0xE6FF, 0xE6FF, 0xE6FF, 0xE6FF, 0xE6FF, 0xE6FF, 0xE6FF, 0xE6FF, 0xE6FF,
  0xE6FF, 0xE6FF, 0xE6FF, 0xE6FF, 0xE6DF, 0xE6FF, 0xE6FF, 0xE6FF, 0xE6FF, 0xE6FF, 0xE6FF, 0xE6DF, 0xE6DF, 0xE6DF, 0xE6DF, 0xE6DF,
  0xE6DF, 0xE6DF, 0xE6DF, 0xE6DF, 0xE6FF, 0xE6FF, 0xE6FF, 0xE6FF, 0xE6FF, 0xE6FF, 0xE6FF, 0xE6DF, 0xE6DF, 0xE6DF, 0xE6DF, 0xE6DF,
  0xE6FF, 0xE6DF, 0xE6FF, 0xE6FF, 0xE6FF, 0xE6FF, 0xE6DF, 0xE6DF, 0xE6DF, 0xE6DF, 0xE6DF, 0xE6BF, 0xE6BF, 0xE6BF, 0xE6BF, 0xE6BF,
  0xE6BF, 0xE6BF, 0xE6BF, 0xE6BF, 0xE6BF, 0xE6BF, 0xE6BF, 0xE6DF, 0xEEFF, 0xEF1F, 0xF73F, 0xF75F, 0xF75F, 0xF75F, 0xF75F, 0xF75F,
  0xF75F, 0xF75F, 0xF75F, 0xF75F, 0xF75F, 0xF75F, 0xF75F, 0xF75F, 0xF73F, 0xF73F, 0xF73F, 0xF73F, 0xF73F, 0xF73F, 0xF73F, 0xF73F,
  0xF73F, 0xF73F, 0xF73F, 0xF73F, 0xF71F, 0xF71F, 0xF71F, 0xF71F, 0xF71F, 0xF71F, 0xEF1F, 0xEF1F, 0xEF1F, 0xEEFF, 0xEEFF, 0xEEFF,
  0xEEFF, 0xEEFF, 0xEEFF, 0xEEFF, 0xEEFF, 0xEEFF, 0xEEFF, 0xEEFF, 0xEEFF, 0xEEFF, 0xEEFF, 0xEEFF, 0xEEFF, 0xEEFF, 0xEEFF, 0xEEFF,
  0xEEFF, 0xEEFF, 0xEEFF, 0xEEDF, 0xEEDF, 0xEEFF, 0xEEDF, 0xEEFF, 0xEEFF, 0xEEDF, 0xEEFF, 0xEEFF, 0xEEFF, 0xEEFF, 0xEEFF, 0xEEFF,
  0xEEFF, 0xEEFF, 0xF73F, 0xF75F, 0xEF1F, 0xEEFF, 0xEEFF, 0xEEFF, 0xEEFF, 0xEEFF, 0xF6FF, 0xF6FF, 0xF6FF, 0xF6FF, 0xF71F, 0xFF7F,
  0xF75F, 0xEEFE, 0xF71F, 0xF71F, 0xE6BF, 0xE69F, 0xE69F, 0xE69F, 0xE69F, 0xE69F, 0xE69F, 0xE69F, 0xE69F, 0xE69F, 0xE69F, 0xE6BF,
  0xEEDF, 0xE6BF, 0xD63E, 0xCDFF, 0xD5FF, 0xD5FF, 0xD5FF, 0xD5FF, 0xD5FF, 0xD5FF, 0xD5FF, 0xD5FF, 0xD5FF, 0xD61F, 0xD61F, 0xD61F,
  0x8C52, 0xFFFF, 0xF79F, 0xFF9F, 0xF79F, 0xF79F, 0xF79F, 0xF79F, 0xF79F, 0xF79F, 0xF79F, 0xF7BF, 0xEF3F, 0xE6DF, 0xE6DF, 0xE6DF,
  0xE6DF, 0xE6DF, 0xE6DF, 0xE6DF, 0xE6DF, 0xE6DF, 0xE6DF, 0xE6DF, 0xE6DF, 0xE6DF, 0xE6DF, 0xE6DF, 0xE6DF, 0xE6DF, 0xE6DF, 0xE6DF,
  0xE6FF, 0xE6FF, 0xE6FF, 0xE6DF, 0xE6DF, 0xE6FF, 0xE6FF, 0xE6FF, 0xE6FF, 0xE6FF, 0xE6FF, 0xEEFF, 0xEF1F, 0xEF1F, 0xEF1F, 0xEF1F,
  0xEF1F, 0xEEFF, 0xE6FF, 0xE6FF, 0xE6FF, 0xE6FF, 0xE6FF, 0xE6FF, 0xE6FF, 0xE6FF, 0xE6FF, 0xE6FF, 0xE6FF, 0xE6FF, 0xE6FF, 0xE6FF,
  0xE6DF, 0xE6DF, 0xE6DF, 0xE6DF, 0xE6DF, 0xE6DF, 0xE6DF, 0xE6FF, 0xE6FF, 0xE6FF, 0xE6FF, 0xE6FF, 0xE6FF, 0xE6FF, 0xE6DF, 0xE6FF,
  0xE6DF, 0xE6FF, 0xE6FF, 0xE6FF, 0xE6FF, 0xE6FF, 0xE6FF, 0xE6FF, 0xE6FF, 0xE6FF, 0xE6FF, 0xE6FF, 0xE6FF, 0xE6DF, 0xE6DF, 0xE6DF,
  0xE6DF, 0xE6FF, 0xE6FF, 0xE6FF, 0xE6FF, 0xE6DF, 0xE6DF, 0xE6DF, 0xE6DF, 0xE6DF, 0xE6BF, 0xE6BF, 0xE6BF, 0xE6BF, 0xE6BF, 0xE6BF,
  0xE6BF, 0xE6BF, 0xE6BF, 0xE6BF, 0xE6BF, 0xE6BF, 0xE6DF, 0xEEFF, 0xEF3F, 0xF73F, 0xF75F, 0xF75F, 0xF75F, 0xF75F, 0xF75F, 0xF75F,
  0xF75F, 0xF75F, 0xF75F, 0xF75F, 0xF73F, 0xF73F, 0xF73F, 0xF73F, 0xF73F, 0xF73F, 0xF73F, 0xF73F, 0xF73F, 0xF73F, 0xF73F, 0xF73F,
  0xF73F, 0xF73F, 0xF73F, 0xF73F, 0xF71F, 0xF71F, 0xEF1F, 0xEF1F, 0xEF1F, 0xF71F, 0xF71F, 0xF71F, 0xF71F, 0xEEFF, 0xEEFF, 0xEEFF,
  0xEEFF, 0xEEFF, 0xEEFF, 0xEEFF, 0xEEFF, 0xEEDF, 0xEEFF, 0xEEFF, 0xEEFF, 0xEEFF, 0xEEFF, 0xEEDF, 0xEEFF, 0xEEFF, 0xEEFF, 0xEEDF,
  0xEEFF, 0xEEDF, 0xEEFF, 0xEEFF, 0xEEFF, 0xEEFF, 0xEEDF, 0xEEFF, 0xEEFF, 0xEEFF, 0xEEFF, 0xEEDF, 0xEEFF, 0xEEFF, 0xEEFF, 0xEEFF,
  0xEEFF, 0xEEFF, 0xEEFF, 0xEF1F, 0xEEFF, 0xEEFF, 0xEEFF, 0xEEFF, 0xEEFF, 0xF6FF, 0xF6FF, 0xF6FF, 0xF6FF, 0xF73F, 0xFF9F, 0xF75F,
  0xEF1E, 0xF73F, 0xF71F, 0xE69F, 0xE67F, 0xE69F, 0xE69F, 0xE69F, 0xE69F, 0xE69F, 0xE69F, 0xE69F, 0xE69F, 0xE69F, 0xEEDF, 0xEEDF,
  0xDE5E, 0xCDFF, 0xCDDF, 0xD5FF, 0xD5FF, 0xD5FF, 0xD5FF, 0xD5FF, 0xD5FF, 0xD5FF, 0xD5FF, 0xD5FF, 0xD61F, 0xD5FF, 0xD5FF, 0xD61F,
  0x8C51, 0xFFFF, 0xF79F, 0xFF9F, 0xF79F, 0xF79F, 0xF79F, 0xF79F, 0xF79F, 0xF79F, 0xF79F, 0xF79F, 0xEF5F, 0xE6DF, 0xE6DF, 0xE6DF,
  0xE6DF, 0xE6DF, 0xE6DF, 0xE6DF, 0xE6DF, 0xE6DF, 0xE6DF, 0xE6DF, 0xE6DF, 0xE6DF, 0xE6DF, 0xE6DF, 0xE6DF, 0xE6DF, 0xE6DF, 0xE6DF,
  0xE6DF, 0xE6DF, 0xE6DF, 0xE6DF, 0xE6FF, 0xE6DF, 0xE6FF, 0xE6FF, 0xE6FF, 0xE6FF, 0xE6FF, 0xEEFF, 0xE6FF, 0xEEFF, 0xEEFF, 0xEEFF,
  0xE6FF, 0xE6FF, 0xE6FF, 0xE6FF, 0xE6FF, 0xE6FF, 0xE6FF, 0xE6FF, 0xE6FF, 0xE6FF, 0xE6FF, 0xE6FF, 0xE6FF, 0xE6FF, 0xE6FF, 0xE6DF,
  0xE6DF, 0xE6DF, 0xE6DF, 0xE6DF, 0xE6DF, 0xE6DF, 0xE6DF, 0xE6DF, 0xE6FF, 0xE6FF, 0xE6FF, 0xE6FF, 0xE6FF, 0xE6FF, 0xE6FF, 0xE6FF,
  0xE6DF, 0xE6DF, 0xE6FF, 0xE6FF, 0xE6FF, 0xE6FF, 0xE6FF, 0xEEFF, 0xEEFF, 0xEF1F, 0xEF1F, 0xEF1F, 0xEF1F, 0xEF1F, 0xEF1F, 0xEF1F,
  0xEF1F, 0xEF1F, 0xEF1F, 0xEF1F, 0xEF1F, 0xEEFF, 0xEF1F, 0xEEFF, 0xE6FF, 0xE6FF, 0xE6DF, 0xE6DF, 0xE6DF, 0xE6DF, 0xE6DF, 0xE6DF,
  0xE6DF, 0xE6DF, 0xE6DF, 0xE6DF, 0xE6DF, 0xEEFF, 0xEF1F, 0xEF3F, 0xF73F, 0xF75F, 0xF75F, 0xF75F, 0xF75F, 0xF75F, 0xF75F, 0xF75F,
  0xF75F, 0xF75F, 0xF73F, 0xF73F, 0xF73F, 0xF73F, 0xF73F, 0xF73F, 0xF73F, 0xF73F, 0xF73F, 0xF73F, 0xF73F, 0xF73F, 0xF71F, 0xF71F,
  0xF71F, 0xEF1F, 0xF71F, 0xF71F, 0xEF1F, 0xEF1F, 0xEF1F, 0xF71F, 0xF71F, 0xF71F, 0xF71F, 0xEEFF, 0xEEFF, 0xEEFF, 0xEEFF, 0xEEFF,
  0xEEFF, 0xEEFF, 0xEEFF, 0xEEFF, 0xEEFF, 0xEEFF, 0xEEFF, 0xEEFF, 0xEEFF, 0xEEFF, 0xEEFF, 0xEEDF, 0xEEFF, 0xEEDF, 0xEEFF, 0xEEDF,
  0xEEDF, 0xEEFF, 0xEEDF, 0xEEDF, 0xEEDF, 0xEEDF, 0xEEFF, 0xEEFF, 0xEEFF, 0xEEFF, 0xEEFF, 0xEEFF, 0xEEFF, 0xEEFF, 0xEEFF, 0xEEFF,
  0xEEFF, 0xEEFF, 0xEEFF, 0xEEFF, 0xEEFF, 0xEEFF, 0xEEFF, 0xF6FF, 0xF71F, 0xF71F, 0xF71F, 0xF71F, 0xF75F, 0xFFBF, 0xF75F, 0xF71E,
  0xF73F, 0xF71F, 0xE69F, 0xE67F, 0xE69F, 0xE69F, 0xE69F, 0xE69F, 0xE69F, 0xE69F, 0xE69F, 0xE69F, 0xE6BF, 0xEEFF, 0xE6BF, 0xD61F,
  0xCDDF, 0xD5FF, 0xD5FF, 0xCDFF, 0xCDFF, 0xD5FF, 0xD5FF, 0xD5FF, 0xD5FF, 0xD5FF, 0xD5FF, 0xD5FF, 0xD5FF, 0xD5FF, 0xD61F, 0xD61F,
  0x8C51, 0xFFFF, 0xF79F, 0xFF9F, 0xF79F, 0xF79F, 0xF79F, 0xF79F, 0xF79F, 0xF79F, 0xF79F, 0xF79F, 0xF79F, 0xE6FF, 0xE6DF, 0xE6DF,
  0xE6DF, 0xE6DF, 0xE6DF, 0xE6DF, 0xE6DF, 0xE6DF, 0xE6DF, 0xE6DF, 0xE6DF, 0xE6DF, 0xE6DF, 0xE6DF, 0xE6DF, 0xE6DF, 0xE6DF, 0xE6DF,
  0xE6DF, 0xE6DF, 0xE6DF, 0xE6DF, 0xE6DF, 0xE6DF, 0xE6FF, 0xE6DF, 0xE6FF, 0xE6FF, 0xE6FF, 0xE6FF, 0xE6FF, 0xE6FF, 0xE6FF, 0xE6FF,
  0xE6FF, 0xE6FF, 0xE6FF, 0xE6FF, 0xE6FF, 0xE6FF, 0xE6FF, 0xE6FF, 0xE6FF, 0xE6FF, 0xE6FF, 0xE6FF, 0xE6FF, 0xE6FF, 0xE6DF, 0xE6DF,
  0xE6DF, 0xE6DF, 0xE6DF, 0xE6DF, 0xE6DF, 0xE6DF, 0xE6DF, 0xE6DF, 0xE6DF, 0xE6FF, 0xE6FF, 0xE6FF, 0xE6FF, 0xE6FF, 0xE6DF, 0xE6DF,
  0xE6DF, 0xE6DF, 0xE6DF, 0xE6DF, 0xE6FF, 0xE6FF, 0xEEFF, 0xEEFF, 0xEF1F, 0xEF3F, 0xF75F, 0xF75F, 0xF75F, 0xF75F, 0xF75F, 0xF75F,
  0xF75F, 0xF75F, 0xF75F, 0xF73F, 0xF73F, 0xF73F, 0xF73F, 0xEF3F, 0xEF3F, 0xEF1F, 0xEF1F, 0xEF1F, 0xEEFF, 0xEEFF, 0xEEFF, 0xEEFF,
  0xEEFF, 0xEEFF, 0xEF1F, 0xEF1F, 0xEF1F, 0xEF1F, 0xF73F, 0xF73F, 0xF73F, 0xF75F, 0xF75F, 0xF75F, 0xF75F, 0xF75F, 0xF75F, 0xF75F,
  0xF73F, 0xF73F, 0xF73F, 0xF73F, 0xF73F, 0xF73F, 0xF73F, 0xF73F, 0xF73F, 0xF73F, 0xF71F, 0xF73F, 0xF73F, 0xF71F, 0xF71F, 0xF71F,
  0xF71F, 0xF71F, 0xF71F, 0xEF1F, 0xF71F, 0xEF1F, 0xEF1F, 0xF71F, 0xF71F, 0xF71F, 0xEEFF, 0xF6FF, 0xEEFF, 0xEEFF, 0xEEFF, 0xEEFF,
  0xEEFF, 0xEEFF, 0xEEFF, 0xEEFF, 0xEEFF, 0xEEFF, 0xEEFF, 0xEEFF, 0xEEFF, 0xEEFF, 0xEEFF, 0xEEDF, 0xEEFF, 0xEEFF, 0xEEFF, 0xEEFF,
  0xEEDF, 0xEEFF, 0xEEFF, 0xEEFF, 0xEEFF, 0xEEFF, 0xEEFF, 0xEEFF, 0xEEFF, 0xEEFF, 0xEEFF, 0xEEFF, 0xEEFF, 0xEEFF, 0xEEFF, 0xEEFF,
  0xEEFF, 0xEEFF, 0xEEFF, 0xEEFF, 0xEF1F, 0xEEFF, 0xF71F, 0xF71F, 0xF71F, 0xF71F, 0xF73F, 0xFF9F, 0xFFBF, 0xF73F, 0xF73F, 0xF73F,
  0xF6FF, 0xE69F, 0xE67F, 0xE69F, 0xE69F, 0xE69F, 0xE69F, 0xE69F, 0xE6BF, 0xE6BF, 0xE69F, 0xEEDF, 0xEEFF, 0xDE7E, 0xCDFE, 0xCDFF,
  0xD5FF, 0xCDFF, 0xCDFF, 0xD5FF, 0xD5FF, 0xD5FF, 0xD5FF, 0xD5FF, 0xD5FF, 0xD5FF, 0xD5FF, 0xD5FF, 0xD5FF, 0xD5FF, 0xD61F, 0xD61F,
  0x8C52, 0xFFFF, 0xF79F, 0xFF9F, 0xF79F, 0xF79F, 0xF79F, 0xF79F, 0xF79F, 0xF79F, 0xF79F, 0xF79F, 0xF79F, 0xF75F, 0xE6DF, 0xE6DF,
  0xE6DF, 0xE6DF, 0xE6DF, 0xE6DF, 0xE6DF, 0xE6DF, 0xE6DF, 0xE6DF, 0xE6DF, 0xE6DF, 0xE6DF, 0xE6DF, 0xE6FF, 0xE6DF, 0xE6DF, 0xE6DF,
  0xE6DF, 0xE6DF, 0xE6DF, 0xE6DF, 0xE6DF, 0xE6DF, 0xE6DF, 0xE6DF, 0xE6DF, 0xE6FF, 0xE6FF, 0xE6FF, 0xE6FF, 0xE6FF, 0xE6FF, 0xE6FF,
  0xE6FF, 0xE6FF, 0xE6FF, 0xE6FF, 0xE6FF, 0xE6FF, 0xE6DF, 0xE6DF, 0xE6DF, 0xE6DF, 0xE6DF, 0xE6FF, 0xE6DF, 0xE6DF, 0xE6DF, 0xE6DF,
  0xE6DF, 0xE6DF, 0xE6DF, 0xE6DF, 0xE6DF, 0xE6DF, 0xE6DF, 0xE6DF, 0xE6DF, 0xE6FF, 0xE6FF, 0xE6FF, 0xE6FF, 0xE6FF, 0xE6DF, 0xE6DF,
  0xE6DF, 0xE6DF, 0xE6DF, 0xE6DF, 0xE6FF, 0xE6FF, 0xEEFF, 0xEF1F, 0xEF1F, 0xF75F, 0xF75F, 0xF75F, 0xF77F, 0xF77F, 0xF77F, 0xF77F,
  0xF77F, 0xF77F, 0xF77F, 0xF75F, 0xF75F, 0xF75F, 0xF75F, 0xF75F, 0xF75F, 0xF75F, 0xF75F, 0xF75F, 0xF73F, 0xF73F, 0xF73F, 0xF73F,
  0xF73F, 0xF73F, 0xF73F, 0xF73F, 0xF73F, 0xF73F, 0xF73F, 0xF73F, 0xF73F, 0xF73F, 0xF73F, 0xF73F, 0xF73F, 0xF73F, 0xF73F, 0xF73F,
  0xF73F, 0xF73F, 0xF73F, 0xF73F, 0xF73F, 0xF73F, 0xF73F, 0xF73F, 0xF73F, 0xF71F, 0xF71F, 0xF71F, 0xEF1F, 0xF71F, 0xF71F, 0xEF1F,
  0xEF1F, 0xEF1F, 0xEF1F, 0xF71F, 0xEF1F, 0xF71F, 0xF71F, 0xEEFF, 0xF71F, 0xEEFF, 0xEEFF, 0xEEFF, 0xEEFF, 0xEEFF, 0xEEDF, 0xEEDF,
  0xEEFF, 0xEEDF, 0xEEFF, 0xEEFF, 0xEEFF, 0xEEFF, 0xEEFF, 0xEEFF, 0xEEDF, 0xEEFF, 0xEEDF, 0xEEFF, 0xEEFF, 0xEEDF, 0xEEDF, 0xEEDF,
  0xEEFF, 0xEEFF, 0xEEFF, 0xEEFF, 0xEEFF, 0xEEFF, 0xEEFF, 0xEEFF, 0xEEFF, 0xEEFF, 0xEEFF, 0xEEFF, 0xEEFF, 0xEEFF, 0xEEFF, 0xEEFF,
  0xEEFF, 0xEF1F, 0xF6FF, 0xF71F, 0xEF1F, 0xF71F, 0xF71F, 0xF71F, 0xF71F, 0xF75F, 0xFFBF, 0xFFBF, 0xF75F, 0xF75F, 0xF71F, 0xEEDF,
  0xEEBF, 0xE69F, 0xE69F, 0xE69F, 0xE69F, 0xE69F, 0xE6BF, 0xE6BF, 0xE6BF, 0xE6BF, 0xEEFF, 0xEEDF, 0xD63E, 0xCDFF, 0xD5FF, 0xCDFF,
  0xCDFF, 0xD5FF, 0xCDFF, 0xCDFF, 0xD5FF, 0xD5FF, 0xD5FF, 0xD5FF, 0xD5FF, 0xD5FF, 0xD5FF, 0xD5FF, 0xD5FF, 0xD61F, 0xD61F, 0xD5FF,
  0x8C52, 0xFFFF, 0xF79F, 0xFF9F, 0xF79F, 0xF79F, 0xF79F, 0xF79F, 0xF79F, 0xF79F, 0xF79F, 0xF79F, 0xF79F, 0xF79F, 0xEF3F, 0xE6FF,
  0xE6FF, 0xE6FF, 0xE6DF, 0xE6DF, 0xE6DF, 0xE6DF, 0xE6DF, 0xE6DF, 0xE6DF, 0xE6DF, 0xE6DF, 0xE6DF, 0xE6DF, 0xE6DF, 0xE6DF, 0xE6DF,
  0xE6DF, 0xE6DF, 0xE6DF, 0xE6DF, 0xE6DF, 0xE6DF, 0xE6DF, 0xE6DF, 0xE6DF, 0xE6DF, 0xE6FF, 0xE6FF, 0xE6FF, 0xE6FF, 0xE6FF, 0xE6FF,
  0xE6FF, 0xE6DF, 0xE6DF, 0xE6FF, 0xE6DF, 0xE6DF, 0xE6DF, 0xE6DF, 0xE6DF, 0xE6DF, 0xE6DF, 0xE6DF, 0xE6DF, 0xE6DF, 0xE6DF, 0xE6DF,
  0xE6DF, 0xE6DF, 0xE6DF, 0xE6DF, 0xE6DF, 0xE6DF, 0xE6DF, 0xE6DF, 0xE6DF, 0xE6FF, 0xE6FF, 0xE6FF, 0xE6FF, 0xE6FF, 0xE6DF, 0xE6DF,
  0xE6DF, 0xE6DF, 0xE6DF, 0xE6FF, 0xEEFF, 0xEEFF, 0xEEFF, 0xEF1F, 0xEF3F, 0xF75F, 0xF75F, 0xF75F, 0xF75F, 0xF77F, 0xF77F, 0xF75F,
  0xF75F, 0xF75F, 0xF75F, 0xF75F, 0xF75F, 0xF75F, 0xF75F, 0xF75F, 0xF75F, 0xF75F, 0xF75F, 0xF75F, 0xF75F, 0xF75F, 0xF75F, 0xF75F,
  0xF75F, 0xF73F, 0xF73F, 0xF73F, 0xF73F, 0xF73F, 0xF73F, 0xF73F, 0xF73F, 0xF73F, 0xF73F, 0xF73F, 0xF73F, 0xF73F, 0xF73F, 0xF73F,
  0xF73F, 0xF73F, 0xF73F, 0xF73F, 0xF73F, 0xF73F, 0xF73F, 0xF73F, 0xEF1F, 0xEF1F, 0xEF1F, 0xEF1F, 0xEF1F, 0xEF1F, 0xEF1F, 0xEF1F,
  0xEEFF, 0xEF1F, 0xEEFF, 0xEEFF, 0xEEFF, 0xEEFF, 0xEEFF, 0xEEFF, 0xEEFF, 0xEEFF, 0xEEFF, 0xEEFF, 0xEEFF, 0xEEFF, 0xEEFF, 0xEEFF,
  0xEEFF, 0xEEFF, 0xEEFF, 0xEEFF, 0xEEFF, 0xEEDF, 0xEEFF, 0xEEFF, 0xEEFF, 0xEEFF, 0xEEDF, 0xEEFF, 0xEEFF, 0xEEDF, 0xEEDF, 0xEEDF,
  0xEEFF, 0xEEDF, 0xEEFF, 0xEEFF, 0xEEFF, 0xEEFF, 0xEEFF, 0xEEFF, 0xEEFF, 0xEEFF, 0xEEFF, 0xEEFF, 0xEEFF, 0xEEFF, 0xEEFF, 0xEEFF,
  0xF6FF, 0xF6FF, 0xF71F, 0xF71F, 0xF71F, 0xF71F, 0xF71F, 0xF73F, 0xF75F, 0xFFDF, 0xFFBF, 0xF75F, 0xF73F, 0xF6FF, 0xEEDF, 0xEEBF,
  0xE69F, 0xE69F, 0xE69F, 0xE69F, 0xE69F, 0xE69F, 0xE6BF, 0xE6BF, 0xE6BF, 0xEF1F, 0xE6BF, 0xD5FE, 0xD5FF, 0xD5FF, 0xCDFF, 0xCDFF,
  0xCDFF, 0xCDFF, 0xCDFF, 0xCDFF, 0xCDFF, 0xCDFF, 0xD5FF, 0xD5FF, 0xD5FF, 0xD5FF, 0xD5FF, 0xD5FF, 0xD5FF, 0xD61F, 0xD61F, 0xD5FF,
  0x8C72, 0xFFFF, 0xF79F, 0xF79F, 0xF79F, 0xF79F, 0xF79F, 0xF79F, 0xF79F, 0xF79F, 0xF79F, 0xF79F, 0xF79F, 0xF79F, 0xF79F, 0xF75F,
  0xEF3F, 0xEF1F, 0xE6FF, 0xE6DF, 0xE6DF, 0xE6DF, 0xE6DF, 0xE6DF, 0xE6DF, 0xE6DF, 0xE6DF, 0xE6DF, 0xE6DF, 0xE6DF, 0xE6DF, 0xE6DF,
  0xE6DF, 0xE6DF, 0xE6DF, 0xE6DF, 0xE6DF, 0xE6DF, 0xE6DF, 0xE6DF, 0xE6DF, 0xE6DF, 0xE6FF, 0xE6FF, 0xE6FF, 0xE6FF, 0xE6DF, 0xE6DF,
  0xE6DF, 0xE6DF, 0xE6DF, 0xE6DF, 0xE6DF, 0xE6DF, 0xE6DF, 0xE6DF, 0xE6DF, 0xE6DF, 0xE6DF, 0xE6DF, 0xE6DF, 0xE6DF, 0xE6DF, 0xE6DF,
  0xE6DF, 0xE6DF, 0xE6DF, 0xE6DF, 0xE6DF, 0xE6DF, 0xE6DF, 0xE6DF, 0xE6DF, 0xE6FF, 0xEEFF, 0xE6FF, 0xE6FF, 0xE6FF, 0xE6DF, 0xE6DF,
  0xE6DF, 0xE6DF, 0xE6FF, 0xE6DF, 0xE6DF, 0xEEFF, 0xEF1F, 0xEF3F, 0xF75F, 0xF75F, 0xF75F, 0xF75F, 0xF77F, 0xF77F, 0xF77F, 0xF75F,
  0xF75F, 0xF75F, 0xF75F, 0xF75F, 0xF75F, 0xF75F, 0xF75F, 0xF75F, 0xF75F, 0xF75F, 0xF75F, 0xF75F, 0xF75F, 0xF75F, 0xF75F, 0xF75F,
  0xF73F, 0xF73F, 0xF73F, 0xF73F, 0xF73F, 0xF73F, 0xF73F, 0xF73F, 0xF73F, 0xF73F, 0xF73F, 0xF73F, 0xF73F, 0xF73F, 0xF73F, 0xF73F,
  0xF73F, 0xF73F, 0xF73F, 0xF73F, 0xF71F, 0xF71F, 0xF71F, 0xF71F, 0xF71F, 0xF71F, 0xEF1F, 0xEF1F, 0xEEFF, 0xEEFF, 0xEEFF, 0xEF1F,
  0xEEFF, 0xEEFF, 0xEEFF, 0xEEFF, 0xEEFF, 0xEEFF, 0xEEFF, 0xEEFF, 0xEEFF, 0xEEFF, 0xEEFF, 0xEEFF, 0xEEFF, 0xEEFF, 0xEEDF, 0xEEFF,
  0xEEDF, 0xEEDF, 0xEEFF, 0xEEFF, 0xEEFF, 0xEEFF, 0xEEFF, 0xEEFF, 0xEEFF, 0xEEFF, 0xEEFF, 0xEEFF, 0xEEDF, 0xEEFF, 0xEEFF, 0xEEFF,
  0xEEFF, 0xEEFF, 0xEEFF, 0xEEFF, 0xEEFF, 0xEEFF, 0xEEFF, 0xEEFF, 0xEEFF, 0xEEFF, 0xEEFF, 0xEEFF, 0xF6FF, 0xF6FF, 0xF6FF, 0xF6FF,
  0xF6FF, 0xF6FF, 0xF71F, 0xF71F, 0xF71F, 0xFF3F, 0xF73F, 0xFF7F, 0xFFDF, 0xFFDF, 0xFF7F, 0xF73F, 0xEEFF, 0xEEDF, 0xEEBF, 0xE69F,
  0xE69F, 0xE69F, 0xE69F, 0xE69F, 0xE6BF, 0xE6BF, 0xE6BF, 0xE6DF, 0xEF1F, 0xDE7F, 0xCDDF, 0xD5FF, 0xD5DF, 0xD5DF, 0xD5DF, 0xCDDF,
  0xD5DF, 0xCDDF, 0xD5DF, 0xD5DF, 0xCDDF, 0xCDFF, 0xD5FF, 0xD5FF, 0xD5FF, 0xD5FF, 0xD5FF, 0xD5FF, 0xD5FF, 0xD61F, 0xD61F, 0xD61F,
  0x8C72, 0xFFFF, 0xF79F, 0xF79F, 0xF79F, 0xF79F, 0xF79F, 0xF79F, 0xF79F, 0xF79F, 0xF79F, 0xF79F, 0xF79F, 0xF79F, 0xF79F, 0xF77F,
  0xF77F, 0xEF3F, 0xE6FF, 0xE6DF, 0xE6DF, 0xE6DF, 0xE6DF, 0xE6FF, 0xE6FF, 0xE6DF, 0xE6DF, 0xE6DF, 0xE6DF, 0xE6DF, 0xE6DF, 0xE6DF,
  0xE6DF, 0xE6DF, 0xE6FF, 0xE6DF, 0xE6DF, 0xE6DF, 0xE6DF, 0xE6DF, 0xE6DF, 0xE6FF, 0xE6FF, 0xE6FF, 0xE6DF, 0xE6DF, 0xE6DF, 0xE6FF,
  0xE6FF, 0xE6DF, 0xE6DF, 0xE6DF, 0xE6DF, 0xE6DF, 0xE6DF, 0xE6DF, 0xE6DF, 0xE6DF, 0xE6DF, 0xE6DF, 0xE6DF, 0xE6DF, 0xE6DF, 0xE6DF,
  0xE6DF, 0xE6DF, 0xE6DF, 0xE6DF, 0xE6DF, 0xE6DF, 0xE6DF, 0xE6DF, 0xE6DF, 0xE6FF, 0xE6FF, 0xEEFF, 0xEF1F, 0xEF1F, 0xE6FF, 0xE6DF,
  0xE6FF, 0xEEFF, 0xEF1F, 0xE6FF, 0xE6FF, 0xEF1F, 0xEF3F, 0xF75F, 0xF75F, 0xF75F, 0xF75F, 0xF75F, 0xF77F, 0xF77F, 0xF75F, 0xF75F,
  0xF75F, 0xF75F, 0xF75F, 0xF75F, 0xF75F, 0xF75F, 0xF75F, 0xF75F, 0xF75F, 0xF75F, 0xF75F, 0xF75F, 0xF75F, 0xF75F, 0xF75F, 0xF75F,
  0xF73F, 0xF73F, 0xF73F, 0xF73F, 0xF73F, 0xF73F, 0xF73F, 0xF73F, 0xF73F, 0xF73F, 0xF73F, 0xF73F, 0xF73F, 0xF73F, 0xF73F, 0xF73F,
  0xF73F, 0xF73F, 0xF73F, 0xF71F, 0xF71F, 0xF71F, 0xF71F, 0xF71F, 0xF71F, 0xF71F, 0xEF1F, 0xEEFF, 0xEEFF, 0xEEFF, 0xEEFF, 0xEEFF,
  0xEEFF, 0xEEFF, 0xEEFF, 0xEEFF, 0xEEFF, 0xEEFF, 0xEEFF, 0xEEFF, 0xEEFF, 0xEEFF, 0xEEFF, 0xEEFF, 0xEEFF, 0xEEFF, 0xEEFF, 0xEEFF,
  0xEEDF, 0xEEDF, 0xEEFF, 0xEEFF, 0xEEDF, 0xEEFF, 0xEEDF, 0xEEFF, 0xEEFF, 0xEEFF, 0xEEFF, 0xF6FF, 0xEEFF, 0xEEFF, 0xEEFF, 0xEEFF,
  0xF6FF, 0xF6FF, 0xEEFF, 0xEEFF, 0xEEFF, 0xEEFF, 0xF6FF, 0xF6FF, 0xEEFF, 0xF6FF, 0xEEFF, 0xEEFF, 0xF6FF, 0xF6FF, 0xF6FF, 0xF6FF,
  0xF71F, 0xF71F, 0xF71F, 0xF73F, 0xF73F, 0xF75F, 0xFF9F, 0xFFFF, 0xFFDF, 0xF75F, 0xF71F, 0xF6DF, 0xEEBF, 0xEEBF, 0xE69F, 0xE69F,
  0xE69F, 0xE69F, 0xE6BF, 0xEEBF, 0xEEBF, 0xE6BF, 0xEEDE, 0xEF1F, 0xDE5E, 0xCDDF, 0xD5FF, 0xD5DF, 0xD5DF, 0xCDDF, 0xD5DF, 0xD5DF,
  0xD5DF, 0xCDDF, 0xCDDF, 0xCDDF, 0xCDDF, 0xCDDF, 0xD5DF, 0xD5FF, 0xD5FF, 0xD5FF, 0xD5FF, 0xD5FF, 0xD61F, 0xD61F, 0xD5FF, 0xD61F,
  0x8C72, 0xFFFF, 0xF79F, 0xF79F, 0xF79F, 0xF79F, 0xF79F, 0xF79F, 0xF79F, 0xF79F, 0xF79F, 0xF79F, 0xF79F, 0xF79F, 0xF79F, 0xF79F,
  0xF79F, 0xF79F, 0xEF5F, 0xEF1F, 0xE6FF, 0xE6FF, 0xE6FF, 0xEF3F, 0xEF1F, 0xE6FF, 0xE6DF, 0xE6FF, 0xE6DF, 0xE6DF, 0xE6FF, 0xE6DF,
  0xE6FF, 0xE6FF, 0xE6FF, 0xE6FF, 0xE6FF, 0xE6FF, 0xE6FF, 0xE6FF, 0xE6FF, 0xE6FF, 0xE6FF, 0xE6FF, 0xE6DF, 0xE6DF, 0xE6FF, 0xE6FF,
  0xE6FF, 0xE6FF, 0xE6FF, 0xE6FF, 0xE6DF, 0xE6FF, 0xE6FF, 0xE6DF, 0xE6FF, 0xE6DF, 0xE6FF, 0xE6DF, 0xE6DF, 0xE6DF, 0xE6DF, 0xE6DF,
  0xE6DF, 0xE6DF, 0xE6DF, 0xE6DF, 0xE6DF, 0xE6DF, 0xE6DF, 0xE6DF, 0xE6DF, 0xE6DF, 0xE6DF, 0xEF1F, 0xEF1F, 0xEF1F, 0xE6DF, 0xE6DF,
  0xEF1F, 0xEF3F, 0xEF3F, 0xEF1F, 0xEF3F, 0xEF3F, 0xF75F, 0xF75F, 0xF75F, 0xF75F, 0xF75F, 0xF75F, 0xF77F, 0xF77F, 0xF75F, 0xF75F,
  0xF75F, 0xF75F, 0xF75F, 0xF75F, 0xF75F, 0xF75F, 0xF75F, 0xF75F, 0xF75F, 0xF75F, 0xF75F, 0xF75F, 0xF75F, 0xF75F, 0xF75F, 0xF73F,
  0xF73F, 0xF73F, 0xF73F, 0xF73F, 0xF73F, 0xF73F, 0xF73F, 0xF73F, 0xF73F, 0xF73F, 0xF73F, 0xF73F, 0xF73F, 0xF73F, 0xF71F, 0xF71F,
  0xF71F, 0xF71F, 0xEF1F, 0xF71F, 0xF71F, 0xEF1F, 0xEF1F, 0xEF1F, 0xEF1F, 0xEF1F, 0xEF1F, 0xEEFF, 0xEEFF, 0xEEFF, 0xEEFF, 0xEEFF,
  0xEEFF, 0xEEFF, 0xEEFF, 0xEEFF, 0xEEFF, 0xEEFF, 0xEEFF, 0xEEFF, 0xEEFF, 0xEEFF, 0xEEFF, 0xEEFF, 0xEEFF, 0xEEFF, 0xEEFF, 0xEEFF,
  0xEEFF, 0xEEDF, 0xEEDF, 0xEEFF, 0xF6FF, 0xEEFF, 0xEEFF, 0xEEFF, 0xEEFF, 0xEEFF, 0xF6FF, 0xF6FF, 0xF6FF, 0xF6FF, 0xF6FF, 0xF6FF,
  0xF6FF, 0xF6FF, 0xF6FF, 0xF6FF, 0xEEFF, 0xEEFF, 0xEEDF, 0xEEDF, 0xEEFF, 0xEEFF, 0xEEFF, 0xF6FF, 0xF6FF, 0xF6FF, 0xF6FF, 0xF71F,
  0xF71F, 0xF71F, 0xF73F, 0xF73F, 0xF75F, 0xFFBF, 0xFFFF, 0xFF9F, 0xF73F, 0xF6FF, 0xEEDF, 0xEEBF, 0xEEBF, 0xE69F, 0xE69F, 0xE69F,
  0xE69F, 0xE6BF, 0xE6BF, 0xEEBF, 0xE6BF, 0xEEDE, 0xEF1F, 0xD63E, 0xCDDF, 0xD5FF, 0xD5FF, 0xD5DF, 0xD5DF, 0xD5DF, 0xCDDF, 0xCDDF,
  0xCDDF, 0xCDDF, 0xCDDF, 0xCDDF, 0xCDDF, 0xCDDF, 0xD5DF, 0xD5DF, 0xD5FF, 0xD5FF, 0xD5FF, 0xD5FF, 0xD5FF, 0xD5FF, 0xD61F, 0xD5FF,
  0x8C72, 0xFFFF, 0xF79F, 0xF7BF, 0xF79F, 0xF79F, 0xF79F, 0xF79F, 0xF79F, 0xF79F, 0xF79F, 0xF79F, 0xF79F, 0xF79F, 0xF79F, 0xF79F,
  0xF79F, 0xF79F, 0xF79F, 0xF79F, 0xF79F, 0xF77F, 0xF77F, 0xF77F, 0xF77F, 0xF77F, 0xF77F, 0xF77F, 0xF77F, 0xF77F, 0xF77F, 0xF77F,
  0xF77F, 0xF77F, 0xF77F, 0xF77F, 0xF77F, 0xF77F, 0xF77F, 0xF77F, 0xF77F, 0xF75F, 0xF75F, 0xF77F, 0xF75F, 0xF75F, 0xF75F, 0xF75F,
  0xF77F, 0xF77F, 0xF77F, 0xF77F, 0xF75F, 0xF75F, 0xF77F, 0xF75F, 0xF75F, 0xEF5F, 0xEF5F, 0xEF5F, 0xEF5F, 0xEF5F, 0xF75F, 0xEF5F,
  0xEF5F, 0xF75F, 0xF75F, 0xF75F, 0xF75F, 0xF75F, 0xF75F, 0xF75F, 0xF75F, 0xF75F, 0xF75F, 0xF75F, 0xF75F, 0xF75F, 0xF75F, 0xF75F,
  0xF75F, 0xF77F, 0xF75F, 0xF75F, 0xF77F, 0xF75F, 0xF75F, 0xF75F, 0xF75F, 0xF75F, 0xF75F, 0xF75F, 0xF77F, 0xF75F, 0xF75F, 0xF75F,
  0xF75F, 0xF75F, 0xF75F, 0xF75F, 0xF75F, 0xF75F, 0xF75F, 0xF75F, 0xF75F, 0xF75F, 0xF75F, 0xF75F, 0xF75F, 0xF75F, 0xF73F, 0xF73F,
  0xF73F, 0xF73F, 0xF73F, 0xF73F, 0xF73F, 0xF73F, 0xF73F, 0xF73F, 0xF73F, 0xF71F, 0xF73F, 0xF73F, 0xF71F, 0xF71F, 0xF71F, 0xF71F,
  0xF71F, 0xF71F, 0xF71F, 0xEF1F, 0xF71F, 0xEF1F, 0xEF1F, 0xEF1F, 0xEEFF, 0xEEFF, 0xEEFF, 0xEEFF, 0xEEFF, 0xEEFF, 0xEEFF, 0xEEFF,
  0xEEFF, 0xEEFF, 0xEEFF, 0xEEFF, 0xEEFF, 0xEEFF, 0xEEFF, 0xEEFF, 0xEEFF, 0xEEFF, 0xEEFF, 0xEEFF, 0xEEFF, 0xEEFF, 0xEEFF, 0xEEFF,
  0xEEFF, 0xEEFF, 0xF6FF, 0xEEFF, 0xEEFF, 0xEEFF, 0xEEFF, 0xEEDF, 0xEEFF, 0xF6FF, 0xF6FF, 0xF6FF, 0xF6FF, 0xF6FF, 0xF6FF, 0xF6FF,
  0xF6FF, 0xF6FF, 0xF6FF, 0xF6FF, 0xF6FF, 0xF6FF, 0xF6FF, 0xF6FF, 0xF6FF, 0xF6FF, 0xEEFF, 0xF6FF, 0xF6FF, 0xF71F, 0xF71F, 0xF71F,
  0xF71F, 0xF73F, 0xF75F, 0xFF9F, 0xFFDF, 0xFFBF, 0xF73F, 0xEEFE, 0xEEDF, 0xEEDF, 0xEEBF, 0xE6BF, 0xE69F, 0xE69F, 0xE69F, 0xE69F,
  0xE6BF, 0xE6BF, 0xE6BF, 0xE6BF, 0xEEFF, 0xEEFF, 0xD61E, 0xCDDF, 0xD5DF, 0xD5DF, 0xD5FF, 0xD5DF, 0xCDDF, 0xCDDF, 0xCDDF, 0xCDDF,
  0xCDDF, 0xCDDF, 0xCDDF, 0xCDDF, 0xCDDF, 0xD5DF, 0xD5DF, 0xD5DF, 0xD5FF, 0xD5FF, 0xD5FF, 0xD5FF, 0xD5FF, 0xD5FF, 0xD61F, 0xD61F,
  0x8C52, 0xFFFF, 0xF79F, 0xF7BF, 0xF79F, 0xF79F, 0xF79F, 0xF79F, 0xF79F, 0xF79F, 0xF79F, 0xF79F, 0xF79F, 0xF79F, 0xF79F, 0xF79F,
  0xF79F, 0xF79F, 0xF79F, 0xF79F, 0xF79F, 0xF79F, 0xF79F, 0xF79F, 0xF79F, 0xF79F, 0xF79F, 0xF79F, 0xF79F, 0xF79F, 0xF79F, 0xF79F,
  0xF79F, 0xF79F, 0xF79F, 0xF79F, 0xF79F, 0xF79F, 0xF79F, 0xF79F, 0xF79F, 0xF79F, 0xF79F, 0xF79F, 0xF79F, 0xF79F, 0xF79F, 0xF79F,
  0xF79F, 0xF79F, 0xF79F, 0xF79F, 0xF79F, 0xF79F, 0xF79F, 0xF79F, 0xF79F, 0xF79F, 0xF79F, 0xF77F, 0xF79F, 0xF79F, 0xF77F, 0xF77F,
  0xF77F, 0xF77F, 0xF77F, 0xF77F, 0xF79F, 0xF79F, 0xF77F, 0xF79F, 0xF77F, 0xF79F, 0xF77F, 0xF77F, 0xF77F, 0xF77F, 0xF77F, 0xF77F,
  0xF77F, 0xF77F, 0xF77F, 0xF77F, 0xF77F, 0xF77F, 0xF77F, 0xF77F, 0xF77F, 0xF75F, 0xF77F, 0xF75F, 0xF75F, 0xF75F, 0xF75F, 0xF75F,
  0xF75F, 0xF75F, 0xF75F, 0xF75F, 0xF75F, 0xF75F, 0xF75F, 0xF75F, 0xF75F, 0xF75F, 0xF75F, 0xF75F, 0xF75F, 0xF75F, 0xF73F, 0xF73F,
  0xF73F, 0xF73F, 0xF73F, 0xF73F, 0xF73F, 0xF73F, 0xF73F, 0xF73F, 0xF73F, 0xF73F, 0xF71F, 0xF71F, 0xF71F, 0xF71F, 0xF71F, 0xF71F,
  0xEF1F, 0xF71F, 0xF71F, 0xEF1F, 0xEF1F, 0xEF1F, 0xF71F, 0xF71F, 0xEEFF, 0xEEFF, 0xEEFF, 0xEEFF, 0xEEFF, 0xEEFF, 0xEEFF, 0xEEFF,
  0xEEFF, 0xEEFF, 0xEEFF, 0xEEFF, 0xEEFF, 0xEEFF, 0xEEFF, 0xEEFF, 0xEEFF, 0xEEFF, 0xEEFF, 0xEEFF, 0xF6FF, 0xF6FF, 0xF6FF, 0xF6FF,
  0xF6FF, 0xF6FF, 0xF6FF, 0xF6FF, 0xF6FF, 0xF6FF, 0xF6FF, 0xF6FF, 0xF6FF, 0xF6FF, 0xF6FF, 0xF6FF, 0xF6FF, 0xF6FF, 0xF6FF, 0xF6FF,
  0xF6FF, 0xF6FF, 0xF6FF, 0xF6FF, 0xEEFF, 0xF6FF, 0xF6FF, 0xF6FF, 0xF6FF, 0xF6FF, 0xF6FF, 0xF71F, 0xF71F, 0xF71F, 0xF71F, 0xF71F,
  0xF73F, 0xFF7F, 0xFFBF, 0xFF9F, 0xF75F, 0xEEFF, 0xEEDF, 0xEEDF, 0xEEBF, 0xEEBF, 0xE6BF, 0xE69F, 0xE69F, 0xE6BF, 0xE6BF, 0xE6BF,
  0xE6BF, 0xE6BF, 0xE6BF, 0xEEDF, 0xEEFF, 0xD61E, 0xCDDF, 0xD5FF, 0xD5DF, 0xD5FF, 0xD5DF, 0xD5DF, 0xCDDF, 0xCDDF, 0xCDDF, 0xCDDF,
  0xCDDF, 0xCDDF, 0xCDDF, 0xCDDF, 0xD5DF, 0xD5DF, 0xD5FF, 0xD5DF, 0xD5DF, 0xD5FF, 0xD5FF, 0xD5FF, 0xD5FF, 0xD5FF, 0xD5FF, 0xD61F,
  0x8C51, 0xFFFF, 0xF79F, 0xF79F, 0xF79F, 0xF79F, 0xF79F, 0xF79F, 0xF79F, 0xF79F, 0xF79F, 0xF79F, 0xF79F, 0xF79F, 0xF79F, 0xF79F,
  0xF79F, 0xF79F, 0xF79F, 0xF79F, 0xF79F, 0xF79F, 0xF79F, 0xF79F, 0xF79F, 0xF79F, 0xF79F, 0xF79F, 0xF79F, 0xF79F, 0xF79F, 0xF79F,
  0xF79F, 0xF79F, 0xF79F, 0xF79F, 0xF79F, 0xF79F, 0xF79F, 0xF79F, 0xF79F, 0xF79F, 0xF79F, 0xF79F, 0xF79F, 0xF79F, 0xF79F, 0xF79F,
  0xF79F, 0xF79F, 0xF79F, 0xF79F, 0xF79F, 0xF79F, 0xF79F, 0xF79F, 0xF79F, 0xF79F, 0xF79F, 0xF79F, 0xF79F, 0xF79F, 0xF79F, 0xF79F,
  0xF79F, 0xF79F, 0xF79F, 0xF77F, 0xF77F, 0xF79F, 0xF79F, 0xF77F, 0xF77F, 0xF77F, 0xF77F, 0xF77F, 0xF77F, 0xF77F, 0xF77F, 0xF77F,
  0xF77F, 0xF77F, 0xF77F, 0xF77F, 0xF77F, 0xF77F, 0xF77F, 0xF77F, 0xF77F, 0xF75F, 0xF75F, 0xF75F, 0xF75F, 0xF75F, 0xF75F, 0xF75F,
  0xF75F, 0xF75F, 0xF75F, 0xF75F, 0xF75F, 0xF75F, 0xF75F, 0xF75F, 0xF75F, 0xF75F, 0xF75F, 0xF75F, 0xF75F, 0xF75F, 0xF73F, 0xF73F,
  0xF73F, 0xF73F, 0xF73F, 0xF73F, 0xF73F, 0xF73F, 0xF73F, 0xF73F, 0xF73F, 0xF71F, 0xF73F, 0xF71F, 0xF71F, 0xF71F, 0xEF1F, 0xEF1F,
  0xEF1F, 0xF71F, 0xEEFF, 0xF71F, 0xEEFF, 0xEEFF, 0xEEFF, 0xEEFF, 0xEEFF, 0xEEFF, 0xF71F, 0xEEFF, 0xEEFF, 0xEEFF, 0xEEFF, 0xEEFF,
  0xEEFF, 0xF6FF, 0xEEFF, 0xEEFF, 0xEEFF, 0xEEFF, 0xF6FF, 0xF6FF, 0xF6FF, 0xF6FF, 0xF6FF, 0xF6FF, 0xF6FF, 0xF6FF, 0xF6FF, 0xF6FF,
  0xF6FF, 0xF6FF, 0xF6FF, 0xF6FF, 0xF6FF, 0xF6FF, 0xF6FF, 0xF6FF, 0xF6FF, 0xF6FF, 0xF6FF, 0xF6FF, 0xF6FF, 0xF6FF, 0xF6FF, 0xF6FF,
  0xF6FF, 0xF6FF, 0xF6FF, 0xF6FF, 0xF6FF, 0xF6FF, 0xF6FF, 0xF6FF, 0xF6FF, 0xF6FF, 0xF71F, 0xF71F, 0xF71F, 0xF73F, 0xF75F, 0xFF7F,
  0xFF9F, 0xFF7F, 0xF73F, 0xEEFF, 0xEEDF, 0xEEDF, 0xF6DF, 0xEEBF, 0xEE9F, 0xEE9F, 0xE69F, 0xE6BF, 0xE6BF, 0xE6BF, 0xEEBF, 0xEEBF,
  0xEEBF, 0xE6BF, 0xEEDF, 0xEEDF, 0xD61E, 0xD5FF, 0xD5FF, 0xCDDF, 0xCDDF, 0xD5DF, 0xD5DF, 0xD5DF, 0xD5DF, 0xCDDF, 0xCDDF, 0xD5DF,
  0xCDDF, 0xCDDF, 0xCDDF, 0xCDDF, 0xD5DF, 0xD5DF, 0xD5DF, 0xCDDF, 0xD5FF, 0xD5FF, 0xD5FF, 0xD5FF, 0xD5FF, 0xD5FF, 0xD5FF, 0xD61F,
  0x8C51, 0xFFFF, 0xF79F, 0xF79F, 0xF79F, 0xF79F, 0xF79F, 0xF79F, 0xF79F, 0xF79F, 0xF79F, 0xF79F, 0xF79F, 0xF79F, 0xF79F, 0xF79F,
  0xF79F, 0xF79F, 0xF79F, 0xF79F, 0xF79F, 0xF79F, 0xF79F, 0xF79F, 0xF79F, 0xF79F, 0xF79F, 0xF79F, 0xF79F, 0xF79F, 0xF79F, 0xF79F,
  0xF79F, 0xF79F, 0xF79F, 0xF79F, 0xF79F, 0xF79F, 0xF79F, 0xF79F, 0xF79F, 0xF79F, 0xF79F, 0xF79F, 0xF79F, 0xF79F, 0xF79F, 0xF79F,
  0xF79F, 0xF79F, 0xF79F, 0xF79F, 0xF79F, 0xF79F, 0xF79F, 0xF79F, 0xF79F, 0xF79F, 0xF79F, 0xF79F, 0xF79F, 0xF79F, 0xF79F, 0xF79F,
  0xF79F, 0xF79F, 0xF79F, 0xF79F, 0xF79F, 0xF79F, 0xF79F, 0xF79F, 0xF77F, 0xF77F, 0xF77F, 0xF77F, 0xF77F, 0xF77F, 0xF77F, 0xF77F,
  0xF77F, 0xF77F, 0xF77F, 0xF77F, 0xF77F, 0xF77F, 0xF77F, 0xF77F, 0xF77F, 0xF77F, 0xF77F, 0xF77F, 0xF77F, 0xF75F, 0xF75F, 0xF75F,
  0xF75F, 0xF75F, 0xF75F, 0xF75F, 0xF75F, 0xF75F, 0xF75F, 0xF75F, 0xF75F, 0xF75F, 0xF75F, 0xF75F, 0xF75F, 0xF73F, 0xF73F, 0xF73F,
  0xF73F, 0xF73F, 0xF73F, 0xF73F, 0xF71F, 0xF71F, 0xF71F, 0xF73F, 0xF71F, 0xF71F, 0xF71F, 0xF71F, 0xF71F, 0xF71F, 0xF71F, 0xF71F,
  0xEEFF, 0xEEFF, 0xEEFF, 0xEEFF, 0xEEFF, 0xEEFF, 0xEEFF, 0xEEFF, 0xEEFF, 0xEEFF, 0xF71F, 0xEEFF, 0xEEFF, 0xEEFF, 0xEEFF, 0xEEFF,
  0xF6FF, 0xF6FF, 0xF6FF, 0xF6FF, 0xEEFF, 0xF6FF, 0xF6FF, 0xF6FF, 0xF6FF, 0xF6FF, 0xF6FF, 0xF6FF, 0xF6FF, 0xF6FF, 0xF6FF, 0xF6FF,
  0xF6FF, 0xF6FF, 0xF6FF, 0xF6FF, 0xF6FF, 0xF6FF, 0xF6FF, 0xF6FF, 0xF6FF, 0xF6FF, 0xF6FF, 0xF6FF, 0xF6FF, 0xF6FF, 0xF6FF, 0xF6FF,
  0xF6FF, 0xF6FF, 0xF6FF, 0xF6FF, 0xF6FF, 0xF6FF, 0xF71F, 0xF71F, 0xF71F, 0xF71F, 0xF71F, 0xF73F, 0xF75F, 0xFF7F, 0xFF7F, 0xF75F,
  0xF71F, 0xEEDF, 0xEEBF, 0xEEBF, 0xEEBF, 0xEEBF, 0xEEBF, 0xEE9F, 0xE6BF, 0xE69F, 0xE69F, 0xE6BF, 0xE6BF, 0xEEBF, 0xEEDF, 0xEEBF,
  0xE6BF, 0xEEDF, 0xEEDF, 0xD5FE, 0xCDDF, 0xD5FF, 0xD5DF, 0xD5DF, 0xD5DF, 0xD5DF, 0xD5DF, 0xD5DF, 0xD5DF, 0xD5FF, 0xCDBF, 0xD5DF,
  0xD5DF, 0xCDDF, 0xD5DF, 0xD5DF, 0xCDDF, 0xD5DF, 0xD5DF, 0xD5FF, 0xD5FF, 0xD5FF, 0xD5FF, 0xD5FF, 0xD5FF, 0xD5FF, 0xD61F, 0xD61F,
  0x8C51, 0xFFFF, 0xF79F, 0xF79F, 0xF79F, 0xF79F, 0xF79F, 0xF79F, 0xF79F, 0xF79F, 0xF79F, 0xF79F, 0xF79F, 0xF79F, 0xF79F, 0xF79F,
  0xF79F, 0xF79F, 0xF79F, 0xF79F, 0xF79F, 0xF79F, 0xF79F, 0xF79F, 0xF79F, 0xF79F, 0xF79F, 0xF79F, 0xF79F, 0xF79F, 0xF79F, 0xF79F,
  0xF79F, 0xF79F, 0xF79F, 0xF79F, 0xF79F, 0xF79F, 0xF79F, 0xF79F, 0xF79F, 0xF79F, 0xF79F, 0xF79F, 0xF79F, 0xF79F, 0xF79F, 0xF79F,
  0xF79F, 0xF79F, 0xF79F, 0xF79F, 0xF79F, 0xF79F, 0xF79F, 0xF79F, 0xF79F, 0xF79F, 0xF79F, 0xF79F, 0xF79F, 0xF79F, 0xF79F, 0xF79F,
  0xF79F, 0xF79F, 0xF79F, 0xF79F, 0xF79F, 0xF79F, 0xF79F, 0xF77F, 0xF77F, 0xF77F, 0xF77F, 0xF77F, 0xF77F, 0xF77F, 0xF79F, 0xF77F,
  0xF77F, 0xF77F, 0xF77F, 0xF77F, 0xF77F, 0xF77F, 0xF75F, 0xF77F, 0xF75F, 0xF77F, 0xF75F, 0xF75F, 0xF75F, 0xF75F, 0xF75F, 0xF75F,
  0xF75F, 0xF75F, 0xF75F, 0xF75F, 0xF75F, 0xF75F, 0xF75F, 0xF75F, 0xF73F, 0xF75F, 0xF73F, 0xF73F, 0xF73F, 0xF73F, 0xF73F, 0xF73F,
  0xF73F, 0xF73F, 0xF73F, 0xF73F, 0xF73F, 0xF73F, 0xF71F, 0xF71F, 0xF71F, 0xF71F, 0xF71F, 0xF71F, 0xF71F, 0xF71F, 0xF71F, 0xF71F,
  0xEEFF, 0xEEFF, 0xF71F, 0xEEFF, 0xEEFF, 0xEEFF, 0xEEFF, 0xF71F, 0xEEFF, 0xEEFF, 0xEEFF, 0xEEFF, 0xEEFF, 0xEEFF, 0xEEFF, 0xF6FF,
  0xF6FF, 0xF6FF, 0xF6FF, 0xF6FF, 0xF6FF, 0xF6FF, 0xF6FF, 0xF6FF, 0xF6FF, 0xF6FF, 0xF6FF, 0xF6FF, 0xF6FF, 0xF6FF, 0xF6FF, 0xF6FF,
  0xF71F, 0xF6FF, 0xF6FF, 0xF6FF, 0xF6FF, 0xF6FF, 0xF6FF, 0xF6FF, 0xF6FF, 0xF6FF, 0xF6FF, 0xF6FF, 0xF6FF, 0xF6FF, 0xF6FF, 0xF6FF,
  0xF6FF, 0xF6FF, 0xF6FF, 0xF6FF, 0xF6FF, 0xF71F, 0xF71F, 0xF73F, 0xF73F, 0xFF5F, 0xF75F, 0xF75F, 0xF73F, 0xF71F, 0xEEDF, 0xEEBF,
  0xEEBF, 0xEEBF, 0xEEBF, 0xEEBF, 0xEEBF, 0xEE9F, 0xE69F, 0xEE9F, 0xEEBF, 0xE6BF, 0xE6BF, 0xE6BF, 0xEEBF, 0xEEBF, 0xEEDF, 0xEEBF,
  0xEEDF, 0xEEFF, 0xD61E, 0xCDDF, 0xD5DF, 0xD5DF, 0xD5DF, 0xD5DF, 0xD5DF, 0xCDDF, 0xCDDF, 0xCDDF, 0xDE5E, 0xF71F, 0xDE3F, 0xD5FF,
  0xD5DF, 0xD5DF, 0xD5DF, 0xD5DF, 0xD5DF, 0xD5FF, 0xD5FF, 0xD5FF, 0xD5FF, 0xD5FF, 0xD5FF, 0xD5FF, 0xD61F, 0xD61F, 0xD61F, 0xD61F,
  0x8C52, 0xFFFF, 0xF79F, 0xF7BF, 0xF79F, 0xF79F, 0xF79F, 0xF79F, 0xF79F, 0xF79F, 0xF79F, 0xF79F, 0xF79F, 0xF79F, 0xF79F, 0xF79F,
  0xF79F, 0xF79F, 0xF79F, 0xF79F, 0xF79F, 0xF79F, 0xF79F, 0xF79F, 0xF79F, 0xF79F, 0xF79F, 0xF79F, 0xF79F, 0xF79F, 0xF79F, 0xF79F,
  0xF79F, 0xF79F, 0xF79F, 0xF79F, 0xF79F, 0xF79F, 0xF79F, 0xF79F, 0xF79F, 0xF79F, 0xF79F, 0xF79F, 0xF79F, 0xF79F, 0xF79F, 0xF79F,
  0xF79F, 0xF79F, 0xF79F, 0xF79F, 0xF79F, 0xF79F, 0xF79F, 0xF79F, 0xF79F, 0xF79F, 0xF79F, 0xF79F, 0xF79F, 0xF79F, 0xF79F, 0xF79F,
  0xF79F, 0xF77F, 0xF79F, 0xF79F, 0xF79F, 0xF79F, 0xF77F, 0xF79F, 0xF77F, 0xF77F, 0xF77F, 0xF77F, 0xF77F, 0xF77F, 0xF77F, 0xF77F,
  0xF77F, 0xF77F, 0xF77F, 0xF77F, 0xF77F, 0xF77F, 0xF75F, 0xF75F, 0xF75F, 0xF75F, 0xF75F, 0xF75F, 0xF75F, 0xF75F, 0xF75F, 0xF75F,
  0xF75F, 0xF75F, 0xF75F, 0xF75F, 0xF75F, 0xF75F, 0xF75F, 0xF73F, 0xF75F, 0xF73F, 0xF73F, 0xF73F, 0xF73F, 0xF73F, 0xF73F, 0xF73F,
  0xF73F, 0xF73F, 0xF73F, 0xF73F, 0xF73F, 0xF73F, 0xF71F, 0xF71F, 0xF71F, 0xF71F, 0xEF1F, 0xF71F, 0xF71F, 0xF71F, 0xF71F, 0xF71F,
  0xEEFF, 0xEEFF, 0xEEFF, 0xEEFF, 0xF71F, 0xEEFF, 0xEEFF, 0xEEFF, 0xEEFF, 0xEEFF, 0xEEFF, 0xEEFF, 0xEEFF, 0xF6FF, 0xF6FF, 0xF6FF,
  0xF6FF, 0xF6FF, 0xF6FF, 0xF6FF, 0xF6FF, 0xF6FF, 0xF6FF, 0xF6FF, 0xF6FF, 0xF6FF, 0xF6FF, 0xF6FF, 0xF6FF, 0xF6FF, 0xF71F, 0xF71F,
  0xF71F, 0xF71F, 0xF71F, 0xF71F, 0xF71F, 0xF71F, 0xF71F, 0xF6FF, 0xF71F, 0xF71F, 0xF6FF, 0xF6FF, 0xF6FF, 0xF6FF, 0xF71F, 0xF71F,
  0xF71F, 0xF71F, 0xF73F, 0xF73F, 0xF73F, 0xF73F, 0xF73F, 0xF73F, 0xF71F, 0xEEFF, 0xEEDF, 0xEEDF, 0xEEBF, 0xEEBF, 0xEEBF, 0xEEBF,
  0xEEBF, 0xEEBF, 0xEEBF, 0xEEBF, 0xEE9F, 0xE69F, 0xEE9F, 0xEEBF, 0xEEBF, 0xE6BF, 0xE6BF, 0xEEBF, 0xEEBF, 0xEEDF, 0xEEBF, 0xEEFF,
  0xEEFF, 0xD61E, 0xCDDF, 0xD5DF, 0xD5DF, 0xD5DF, 0xD5DF, 0xD5DF, 0xD5DF, 0xCDDF, 0xCDDF, 0xD5FF, 0xEEFF, 0xF75F, 0xDE3F, 0xD5DF,
  0xD5DF, 0xD5DF, 0xD5DF, 0xCDDF, 0xD5DF, 0xD5FF, 0xD5FF, 0xD5FF, 0xD5FF, 0xD5FF, 0xD5FF, 0xD5FF, 0xD61F, 0xD61F, 0xD61F, 0xD61F,
  0x9472, 0xFFFF, 0xF79F, 0xF79F, 0xF79F, 0xF79F, 0xF79F, 0xF79F, 0xF79F, 0xF79F, 0xF79F, 0xF79F, 0xF79F, 0xF79F, 0xF79F, 0xF79F,
  0xF79F, 0xF79F, 0xF79F, 0xF79F, 0xF79F, 0xF79F, 0xF79F, 0xF79F, 0xF79F, 0xF79F, 0xF79F, 0xF79F, 0xF79F, 0xF79F, 0xF79F, 0xF79F,
  0xF79F, 0xF79F, 0xF79F, 0xF79F, 0xF79F, 0xF79F, 0xF79F, 0xF79F, 0xF79F, 0xF79F, 0xF79F, 0xF79F, 0xF79F, 0xF79F, 0xF79F, 0xF79F,
  0xF79F, 0xF79F, 0xF79F, 0xF79F, 0xF79F, 0xF79F, 0xF79F, 0xF79F, 0xF79F, 0xF79F, 0xF79F, 0xF79F, 0xF79F, 0xF79F, 0xF79F, 0xF79F,
  0xF77F, 0xF77F, 0xF79F, 0xF77F, 0xF77F, 0xF77F, 0xF77F, 0xF79F, 0xF77F, 0xF77F, 0xF77F, 0xF77F, 0xF77F, 0xF77F, 0xF77F, 0xF77F,
  0xF77F, 0xF77F, 0xF77F, 0xF77F, 0xF77F, 0xF77F, 0xF77F, 0xF75F, 0xF75F, 0xF75F, 0xF75F, 0xF75F, 0xF75F, 0xF75F, 0xF75F, 0xF75F,
  0xF75F, 0xF75F, 0xF75F, 0xF75F, 0xF75F, 0xF75F, 0xF75F, 0xF73F, 0xF73F, 0xF73F, 0xF73F, 0xF73F, 0xF73F, 0xF73F, 0xF73F, 0xF73F,
  0xF73F, 0xF71F, 0xF73F, 0xF73F, 0xF71F, 0xEF1F, 0xEF1F, 0xF71F, 0xF71F, 0xF71F, 0xF71F, 0xF71F, 0xEF1F, 0xEF1F, 0xEEFF, 0xF6FF,
  0xF6FF, 0xF71F, 0xEEFF, 0xEEFF, 0xEEFF, 0xEEFF, 0xEEFF, 0xEEFF, 0xEEFF, 0xEEFF, 0xEEFF, 0xEEFF, 0xF6FF, 0xF6FF, 0xF6FF, 0xF6FF,
  0xF6FF, 0xF6FF, 0xF71F, 0xF71F, 0xF6FF, 0xF6FF, 0xF6FF, 0xF6FF, 0xF71F, 0xF71F, 0xF73F, 0xF73F, 0xF73F, 0xF73F, 0xF73F, 0xF71F,
  0xF6FF, 0xF6FF, 0xF6FF, 0xF6FF, 0xEEFF, 0xEEFF, 0xF6DF, 0xF6DF, 0xEEDF, 0xEEDF, 0xF6DF, 0xF6DF, 0xF6DF, 0xF6FF, 0xEEDF, 0xEEDF,
  0xF6FF, 0xF6FF, 0xEEFF, 0xEEDF, 0xEEDF, 0xEEBF, 0xEEBE, 0xEEBF, 0xEE9F, 0xEE9F, 0xEEBF, 0xEEBF, 0xEEBF, 0xEEBF, 0xEEBF, 0xEE9F,
  0xEE9F, 0xEEBF, 0xEEBF, 0xE69F, 0xE69F, 0xE69F, 0xEEBF, 0xEEBF, 0xEEBF, 0xEEBF, 0xEEBF, 0xEEDF, 0xEEDF, 0xEEDF, 0xEEFF, 0xEEFF,
  0xD61E, 0xCDDF, 0xD5FF, 0xCDDF, 0xCDDF, 0xCDDF, 0xCDDF, 0xD5DF, 0xD5DF, 0xD5DF, 0xD5DF, 0xD5DF, 0xD61E, 0xD61F, 0xCDDF, 0xD5DF,
  0xD5DF, 0xD5DF, 0xD5DF, 0xD5DF, 0xD5DF, 0xD5FF, 0xD5FF, 0xD5FF, 0xD5FF, 0xD5FF, 0xD5FF, 0xD61F, 0xD61F, 0xD61F, 0xD61F, 0xD61F,
  0x9492, 0xFFFF, 0xF79F, 0xF7BF, 0xF79F, 0xF79F, 0xF79F, 0xF79F, 0xF79F, 0xF79F, 0xF79F, 0xF79F, 0xF79F, 0xF79F, 0xF79F, 0xF79F,
  0xF79F, 0xF79F, 0xF79F, 0xF79F, 0xF79F, 0xF79F, 0xF79F, 0xF79F, 0xF79F, 0xF79F, 0xF79F, 0xF79F, 0xF79F, 0xF79F, 0xF79F, 0xF79F,
  0xF79F, 0xF79F, 0xF79F, 0xF79F, 0xF79F, 0xF79F, 0xF79F, 0xF79F, 0xF79F, 0xF79F, 0xF79F, 0xF79F, 0xF79F, 0xF79F, 0xF79F, 0xF79F,
  0xF79F, 0xF79F, 0xF79F, 0xF79F, 0xF79F, 0xF79F, 0xF79F, 0xF79F, 0xF79F, 0xF79F, 0xF79F, 0xF79F, 0xF79F, 0xF79F, 0xF79F, 0xF77F,
  0xF77F, 0xF77F, 0xF77F, 0xF77F, 0xF77F, 0xF77F, 0xF77F, 0xF77F, 0xF77F, 0xF77F, 0xF77F, 0xF77F, 0xF77F, 0xF77F, 0xF77F, 0xF77F,
  0xF75F, 0xF75F, 0xF75F, 0xF75F, 0xF75F, 0xF75F, 0xF75F, 0xF75F, 0xF75F, 0xF75F, 0xF75F, 0xF75F, 0xF75F, 0xF75F, 0xF75F, 0xF75F,
  0xF75F, 0xF75F, 0xF75F, 0xF73F, 0xF73F, 0xF73F, 0xF73F, 0xF73F, 0xF73F, 0xF73F, 0xF73F, 0xF73F, 0xF73F, 0xF73F, 0xF73F, 0xF73F,
  0xF71F, 0xF71F, 0xF71F, 0xF71F, 0xF71F, 0xF71F, 0xF71F, 0xF71F, 0xEF1F, 0xEF1F, 0xEF1F, 0xEF1F, 0xEF1F, 0xF71F, 0xF71F, 0xF71F,
  0xF71F, 0xEEFF, 0xEEFF, 0xEEFF, 0xEEFF, 0xEEFF, 0xEEFF, 0xF6FF, 0xF6FF, 0xF6FF, 0xF6FF, 0xF6FF, 0xF6FF, 0xF6FF, 0xF6FF, 0xF6FF,
  0xF6FF, 0xF6FF, 0xF6FF, 0xF6FF, 0xF71F, 0xF73F, 0xF75F, 0xF73F, 0xF73F, 0xF71F, 0xF6FF, 0xEEDF, 0xEEBF, 0xE69F, 0xE69F, 0xE67F,
  0xE67F, 0xE67F, 0xE67F, 0xE67F, 0xE67F, 0xE67F, 0xE67F, 0xE67F, 0xE67F, 0xE67F, 0xE67F, 0xE67F, 0xE67F, 0xE67F, 0xE67F, 0xE67F,
  0xE67F, 0xE67F, 0xE67E, 0xE69F, 0xE69F, 0xE69F, 0xEE9F, 0xEE9F, 0xEE9F, 0xEEBF, 0xEE9F, 0xEEBF, 0xEEBF, 0xEEBF, 0xEE9F, 0xEE9F,
  0xEEBF, 0xEE9F, 0xE69F, 0xE69F, 0xEE9F, 0xEEBF, 0xEEBF, 0xEEBF, 0xEEBF, 0xEEBF, 0xEEBF, 0xEEDF, 0xEEDF, 0xEEFF, 0xEEFF, 0xD61E,
  0xCDDF, 0xD5FF, 0xD5DF, 0xCDDF, 0xCDDF, 0xCDDF, 0xCDDF, 0xCDDF, 0xD5DF, 0xD5DF, 0xD5DF, 0xD5DF, 0xCDDF, 0xCDBF, 0xD5DF, 0xD5DF,
  0xD5DF, 0xD5DF, 0xD5DF, 0xD5FF, 0xD5FF, 0xD5FF, 0xD5FF, 0xD5FF, 0xD5FF, 0xD5FF, 0xD5FF, 0xD61F, 0xD61F, 0xD61F, 0xDE1F, 0xDE1F,
  0x9472, 0xFFFF, 0xF79F, 0xF7BF, 0xF79F, 0xF79F, 0xF79F, 0xF79F, 0xF79F, 0xF79F, 0xF79F, 0xF79F, 0xF79F, 0xF79F, 0xF79F, 0xF79F,
  0xF79F, 0xF79F, 0xF79F, 0xF79F, 0xF79F, 0xF79F, 0xF79F, 0xF79F, 0xF79F, 0xF79F, 0xF79F, 0xF79F, 0xF79F, 0xF79F, 0xF79F, 0xF79F,
  0xF79F, 0xF79F, 0xF79F, 0xF79F, 0xF79F, 0xF79F, 0xF79F, 0xF79F, 0xF79F, 0xF79F, 0xF79F, 0xF79F, 0xF79F, 0xF79F, 0xF79F, 0xF79F,
  0xF79F, 0xF79F, 0xF79F, 0xF79F, 0xF79F, 0xF79F, 0xF79F, 0xF79F, 0xF77F, 0xF79F, 0xF79F, 0xF77F, 0xF77F, 0xF77F, 0xF79F, 0xF77F,
  0xF77F, 0xF77F, 0xF77F, 0xF77F, 0xF77F, 0xF77F, 0xF77F, 0xF77F, 0xF77F, 0xF77F, 0xF77F, 0xF77F, 0xF77F, 0xF77F, 0xF77F, 0xF75F,
  0xF75F, 0xF75F, 0xF75F, 0xF75F, 0xF75F, 0xF75F, 0xF75F, 0xF75F, 0xF75F, 0xF75F, 0xF75F, 0xF75F, 0xF75F, 0xF75F, 0xF75F, 0xF75F,
  0xF75F, 0xF75F, 0xF73F, 0xF73F, 0xF73F, 0xF73F, 0xF73F, 0xF73F, 0xF73F, 0xF73F, 0xF73F, 0xF73F, 0xF73F, 0xF73F, 0xF71F, 0xF73F,
  0xF71F, 0xF71F, 0xF71F, 0xF71F, 0xF71F, 0xF71F, 0xF71F, 0xEF1F, 0xEF1F, 0xEF1F, 0xEF1F, 0xEF1F, 0xF71F, 0xEEFF, 0xF71F, 0xF6FF,
  0xEEFF, 0xEEFF, 0xEEFF, 0xEEFF, 0xEEFF, 0xEEFF, 0xF6FF, 0xF6FF, 0xF6FF, 0xF6FF, 0xF71F, 0xF6FF, 0xF6FF, 0xF6FF, 0xF6FF, 0xF6FF,
  0xF6FF, 0xF71F, 0xF73F, 0xF73F, 0xF73F, 0xF73F, 0xEEDF, 0xE6BE, 0xE69F, 0xE67F, 0xE65F, 0xE67F, 0xE65F, 0xE65F, 0xE65F, 0xE67F,
  0xE65F, 0xE65F, 0xE67F, 0xE67F, 0xE67F, 0xE67F, 0xE67F, 0xE67F, 0xE67F, 0xE67F, 0xE67F, 0xE67F, 0xE67F, 0xE67F, 0xE67F, 0xE67F,
  0xE67F, 0xE69F, 0xE69F, 0xEE9F, 0xEE9F, 0xEE9F, 0xEE9F, 0xEE9F, 0xEE9F, 0xEE9F, 0xEE9F, 0xEE9F, 0xEE9F, 0xEE9F, 0xEE9F, 0xEEBF,
  0xEEBF, 0xEE9F, 0xEEBF, 0xEEBF, 0xEEBF, 0xEEBF, 0xEEBF, 0xEEBF, 0xEEBF, 0xEEBF, 0xEEBF, 0xEEDF, 0xEEFF, 0xF71F, 0xD63E, 0xCDDF,
  0xD5DF, 0xCDDF, 0xCDDF, 0xD5DF, 0xD5DF, 0xD5DF, 0xD5DF, 0xD5DF, 0xD5DF, 0xD5DF, 0xD5DF, 0xD5DF, 0xD5DF, 0xD5DF, 0xD5DF, 0xD5DF,
  0xD5DF, 0xD5DF, 0xD5DF, 0xD5DF, 0xD5FF, 0xD5FF, 0xD5FF, 0xD5FF, 0xD5FF, 0xD5FF, 0xDE1F, 0xDE1F, 0xD61F, 0xD61F, 0xDE1F, 0xDE1F,
  0x8C72, 0xFFFF, 0xF79F, 0xF7BF, 0xF7BF, 0xF79F, 0xF79F, 0xF79F, 0xF79F, 0xF79F, 0xF79F, 0xF79F, 0xF79F, 0xF79F, 0xF79F, 0xF79F,
  0xF79F, 0xF79F, 0xF79F, 0xF79F, 0xF79F, 0xF79F, 0xF79F, 0xF79F, 0xF79F, 0xF79F, 0xF79F, 0xF79F, 0xF79F, 0xF79F, 0xF79F, 0xF79F,
  0xF79F, 0xF79F, 0xF79F, 0xF79F, 0xF79F, 0xF79F, 0xF79F, 0xF79F, 0xF79F, 0xF79F, 0xF79F, 0xF79F, 0xF79F, 0xF79F, 0xF79F, 0xF79F,
  0xF79F, 0xF79F, 0xF79F, 0xF79F, 0xF79F, 0xF79F, 0xF77F, 0xF77F, 0xF77F, 0xF77F, 0xF79F, 0xF79F, 0xF79F, 0xF79F, 0xF77F, 0xF77F,
  0xF79F, 0xF79F, 0xF77F, 0xF77F, 0xF77F, 0xF77F, 0xF77F, 0xF77F, 0xF77F, 0xF77F, 0xF77F, 0xF75F, 0xF75F, 0xF77F, 0xF77F, 0xF75F,
  0xF75F, 0xF75F, 0xF75F, 0xF75F, 0xF75F, 0xF75F, 0xF75F, 0xF75F, 0xF75F, 0xF75F, 0xF75F, 0xF75F, 0xF75F, 0xF75F, 0xF75F, 0xF73F,
  0xF75F, 0xF75F, 0xF73F, 0xF73F, 0xF73F, 0xF73F, 0xF73F, 0xF73F, 0xF73F, 0xF73F, 0xF73F, 0xF73F, 0xF73F, 0xF71F, 0xF71F, 0xF71F,
  0xF71F, 0xF71F, 0xF71F, 0xF71F, 0xEF1F, 0xEF1F, 0xF71F, 0xEF1F, 0xEEFF, 0xEEFF, 0xF71F, 0xF71F, 0xF71F, 0xEEFF, 0xF6FF, 0xF6FF,
  0xF6FF, 0xEEFF, 0xEEFF, 0xEEFF, 0xEEFF, 0xF6FF, 0xF6FF, 0xF6FF, 0xF6FF, 0xF71F, 0xF71F, 0xF6FF, 0xEF1F, 0xEF1F, 0xF71F, 0xF75F,
  0xF75F, 0xF73F, 0xEEFF, 0xEEBF, 0xE69F, 0xE67F, 0xE67F, 0xE67F, 0xE67F, 0xE65F, 0xE65F, 0xE67F, 0xE65F, 0xE65F, 0xE65F, 0xE65F,
  0xE65F, 0xE65F, 0xE65F, 0xE67F, 0xE67F, 0xE67F, 0xE67F, 0xE67F, 0xE67F, 0xE67F, 0xE67F, 0xE67F, 0xE67F, 0xE67F, 0xE67F, 0xE69F,
  0xE69F, 0xE69F, 0xE69F, 0xE69F, 0xE69F, 0xE69F, 0xE69F, 0xE69F, 0xE69F, 0xE69F, 0xEE9F, 0xEE9F, 0xEE9F, 0xEE9F, 0xEEBF, 0xEEBF,
  0xEE9F, 0xEEBF, 0xEEBF, 0xEEBF, 0xEEBF, 0xEEBF, 0xEEBF, 0xEEBF, 0xEEDF, 0xEEDF, 0xEEDF, 0xEEFF, 0xEEFF, 0xD61F, 0xD61F, 0xD5FF,
  0xD5FF, 0xD5FF, 0xD5DF, 0xD5FF, 0xD5FF, 0xD5DF, 0xD5DF, 0xD5DF, 0xD5DF, 0xD5DF, 0xD5DF, 0xCDDF, 0xD5DF, 0xD5DF, 0xD5DF, 0xD5DF,
  0xD5DF, 0xD5DF, 0xD5FF, 0xD5FF, 0xD5FF, 0xD5FF, 0xD5FF, 0xD5FF, 0xD5FF, 0xD5FF, 0xD61F, 0xD61F, 0xD61F, 0xDE1F, 0xDE1F, 0xDE3F,
  0x8C72, 0xFFFF, 0xF79F, 0xF79F, 0xF79F, 0xF79F, 0xF79F, 0xF79F, 0xF79F, 0xF79F, 0xF79F, 0xF79F, 0xF79F, 0xF79F, 0xF79F, 0xF79F,
  0xF79F, 0xF79F, 0xF79F, 0xF79F, 0xF79F, 0xF79F, 0xF79F, 0xF79F, 0xF79F, 0xF79F, 0xF79F, 0xF79F, 0xF79F, 0xF79F, 0xF79F, 0xF79F,
  0xF79F, 0xF79F, 0xF79F, 0xF79F, 0xF79F, 0xF79F, 0xF79F, 0xF79F, 0xF79F, 0xF79F, 0xF79F, 0xF79F, 0xF79F, 0xF79F, 0xF79F, 0xF79F,
  0xF79F, 0xF79F, 0xF79F, 0xF79F, 0xF79F, 0xF79F, 0xF77F, 0xF77F, 0xF79F, 0xF77F, 0xF79F, 0xF79F, 0xF77F, 0xF77F, 0xF77F, 0xF79F,
  0xF77F, 0xF77F, 0xF77F, 0xF77F, 0xF77F, 0xF77F, 0xF77F, 0xF77F, 0xF77F, 0xF77F, 0xF75F, 0xF75F, 0xF75F, 0xF75F, 0xF75F, 0xF75F,
  0xF75F, 0xF75F, 0xF75F, 0xF75F, 0xF75F, 0xF75F, 0xF75F, 0xF75F, 0xF75F, 0xF75F, 0xF75F, 0xF75F, 0xF73F, 0xF73F, 0xF75F, 0xF73F,
  0xF73F, 0xF73F, 0xF73F, 0xF73F, 0xF73F, 0xF73F, 0xF73F, 0xF73F, 0xF73F, 0xF73F, 0xF71F, 0xF73F, 0xF71F, 0xF71F, 0xF71F, 0xF71F,
  0xF71F, 0xEF1F, 0xEF1F, 0xF71F, 0xF71F, 0xF71F, 0xF71F, 0xEEFF, 0xF71F, 0xF71F, 0xEEFF, 0xEEFF, 0xEEFF, 0xF71F, 0xF6FF, 0xF6FF,
  0xF6FF, 0xF6FF, 0xF6FF, 0xF6FF, 0xF6FF, 0xF6FF, 0xF6FF, 0xF71F, 0xF6FF, 0xF6FF, 0xF6FF, 0xF71F, 0xF75F, 0xF77F, 0xF75F, 0xEEFF,
  0xEEBF, 0xE67F, 0xE67F, 0xEE7F, 0xE67F, 0xE67F, 0xE67F, 0xE67F, 0xE67F, 0xE67F, 0xE65F, 0xE65F, 0xE65F, 0xE65F, 0xE65F, 0xE65F,
  0xE65F, 0xE67F, 0xE65F, 0xE67F, 0xE67F, 0xE67F, 0xE67F, 0xE67F, 0xE67F, 0xE67F, 0xE67F, 0xE67F, 0xE67F, 0xE67F, 0xE67F, 0xE69F,
  0xE69F, 0xE69F, 0xE69F, 0xE69F, 0xE69F, 0xE69F, 0xE69F, 0xEE9F, 0xEE9F, 0xEE9F, 0xEE9F, 0xEE9F, 0xEE9F, 0xEEBF, 0xEEBF, 0xEEBF,
  0xEEBF, 0xEEBF, 0xEEBF, 0xEEBF, 0xEEBF, 0xEEBF, 0xEEDF, 0xEEDF, 0xEEDF, 0xEEDF, 0xF71F, 0xEEFF, 0xD61F, 0xD5DF, 0xD5FF, 0xD5FF,
  0xD5FF, 0xD5FF, 0xD5FF, 0xD5FF, 0xD5DF, 0xD5FF, 0xD5DF, 0xD5DF, 0xD5DF, 0xD5DF, 0xD5DF, 0xD5DF, 0xD5DF, 0xD5DF, 0xD5DF, 0xD5DF,
  0xD5DF, 0xD5DF, 0xD5DF, 0xD5FF, 0xD5FF, 0xD5FF, 0xD5FF, 0xD5FF, 0xD61F, 0xDE1F, 0xDE1F, 0xDE1F, 0xDE1F, 0xDE3F, 0xDE3F, 0xDE3F,
  0x8C72, 0xFFFF, 0xF79F, 0xF79F, 0xF79F, 0xF79F, 0xF79F, 0xF79F, 0xF79F, 0xF79F, 0xF79F, 0xF79F, 0xF79F, 0xF79F, 0xF79F, 0xF79F,
  0xF79F, 0xF79F, 0xF79F, 0xF79F, 0xF79F, 0xF79F, 0xF79F, 0xF79F, 0xF79F, 0xF79F, 0xF79F, 0xF79F, 0xF79F, 0xF79F, 0xF79F, 0xF79F,
  0xF79F, 0xF79F, 0xF79F, 0xF79F, 0xF79F, 0xF79F, 0xF79F, 0xF79F, 0xF79F, 0xF79F, 0xF79F, 0xF79F, 0xF79F, 0xF79F, 0xF79F, 0xF79F,
  0xF79F, 0xF77F, 0xF77F, 0xF77F, 0xF77F, 0xF77F, 0xF77F, 0xF77F, 0xF77F, 0xF77F, 0xF77F, 0xF77F, 0xF77F, 0xF77F, 0xF77F, 0xF77F,
  0xF77F, 0xF77F, 0xF77F, 0xF77F, 0xF77F, 0xF77F, 0xF77F, 0xF75F, 0xF75F, 0xF75F, 0xF75F, 0xF75F, 0xF75F, 0xF75F, 0xF75F, 0xF75F,
  0xF75F, 0xF75F, 0xF75F, 0xF75F, 0xF75F, 0xF75F, 0xF75F, 0xF75F, 0xF75F, 0xF75F, 0xF73F, 0xF73F, 0xF75F, 0xF73F, 0xF73F, 0xF73F,
  0xF73F, 0xF73F, 0xF73F, 0xF73F, 0xF73F, 0xF73F, 0xF73F, 0xF73F, 0xF73F, 0xF71F, 0xF71F, 0xF71F, 0xF71F, 0xF71F, 0xF71F, 0xF71F,
  0xF71F, 0xF71F, 0xEEFF, 0xEEFF, 0xF71F, 0xF6FF, 0xEEFF, 0xEEFF, 0xF71F, 0xF71F, 0xEEFF, 0xEEFF, 0xF71F, 0xF6FF, 0xF6FF, 0xF6FF,
  0xF6FF, 0xF6FF, 0xF6FF, 0xF6FF, 0xF6FF, 0xF6FF, 0xF71F, 0xF71F, 0xF71F, 0xF73F, 0xFF7F, 0xFF9F, 0xF73F, 0xEEDF, 0xEE9E, 0xEE7F,
  0xEE7F, 0xEE7F, 0xE67F, 0xE67F, 0xE67F, 0xE67F, 0xE67F, 0xE67F, 0xE67F, 0xE65F, 0xE65F, 0xE67F, 0xE67F, 0xE67F, 0xE67F, 0xE67F,
  0xE67F, 0xE67F, 0xE67F, 0xE67F, 0xE67F, 0xE67F, 0xE67F, 0xE67F, 0xE67F, 0xE67F, 0xE67F, 0xE67F, 0xE67F, 0xE67F, 0xE67F, 0xE67F,
  0xEE9F, 0xEE9F, 0xEE9F, 0xEE9F, 0xEE9F, 0xEE9F, 0xEE9F, 0xEE9F, 0xEE9F, 0xEE9F, 0xEE9F, 0xEEBF, 0xEEBF, 0xEEBF, 0xEEBF, 0xEEBF,
  0xEEBF, 0xEEBF, 0xEEBF, 0xEEBF, 0xEEBF, 0xEEDF, 0xEEDF, 0xEEDF, 0xEEBF, 0xF71F, 0xEEBF, 0xD5FE, 0xD5DF, 0xD5FF, 0xD5DF, 0xD5DF,
  0xD5DF, 0xD5FF, 0xD5FF, 0xD5FF, 0xD5FF, 0xDE1F, 0xD5DF, 0xD5DF, 0xD5DF, 0xD5DF, 0xD5DF, 0xD5DF, 0xD5DF, 0xD5DF, 0xD5DF, 0xD5DF,
  0xD5DF, 0xD5DF, 0xD5FF, 0xD5FF, 0xD5FF, 0xD5FF, 0xD5FF, 0xDDFF, 0xDDFF, 0xDE1F, 0xDE1F, 0xDE1F, 0xDE3F, 0xDE3F, 0xDE3F, 0xDE3F,
  0x8C72, 0xFFFF, 0xF79F, 0xF79F, 0xF79F, 0xF79F, 0xF79F, 0xF79F, 0xF79F, 0xF79F, 0xF79F, 0xF79F, 0xF79F, 0xF79F, 0xF79F, 0xF79F,
  0xF79F, 0xF79F, 0xF79F, 0xF79F, 0xF79F, 0xF79F, 0xF79F, 0xF79F, 0xF79F, 0xF79F, 0xF79F, 0xF79F, 0xF79F, 0xF79F, 0xF79F, 0xF79F,
  0xF79F, 0xF79F, 0xF79F, 0xF79F, 0xF79F, 0xF79F, 0xF79F, 0xF79F, 0xF79F, 0xF79F, 0xF79F, 0xF79F, 0xF79F, 0xF79F, 0xF79F, 0xF79F,
  0xF77F, 0xF77F, 0xF77F, 0xF77F, 0xF77F, 0xF77F, 0xF77F, 0xF77F, 0xF77F, 0xF77F, 0xF77F, 0xF77F, 0xF77F, 0xF77F, 0xF77F, 0xF77F,
  0xF77F, 0xF77F, 0xF77F, 0xF77F, 0xF77F, 0xF75F, 0xF75F, 0xF75F, 0xF75F, 0xF75F, 0xF75F, 0xF75F, 0xF75F, 0xF75F, 0xF75F, 0xF75F,
  0xF75F, 0xF75F, 0xF75F, 0xF75F, 0xF75F, 0xF73F, 0xF73F, 0xF73F, 0xF73F, 0xF73F, 0xF75F, 0xF75F, 0xF73F, 0xF73F, 0xF73F, 0xF73F,
  0xF73F, 0xF73F, 0xF73F, 0xF73F, 0xF73F, 0xF71F, 0xF71F, 0xF71F, 0xF71F, 0xF71F, 0xF71F, 0xF71F, 0xF71F, 0xF71F, 0xF71F, 0xF71F,
  0xF71F, 0xEEFF, 0xF71F, 0xEEFF, 0xEEFF, 0xEEFF, 0xEEFF, 0xEEFF, 0xF71F, 0xF71F, 0xEF1F, 0xEEFF, 0xF71F, 0xF71F, 0xF6FF, 0xF6FF,
  0xF6FF, 0xF71F, 0xF71F, 0xF71F, 0xF71F, 0xF6FF, 0xF71F, 0xF75F, 0xFF9F, 0xFFBF, 0xF75F, 0xEEDF, 0xEE9F, 0xEE7F, 0xEE7F, 0xEE7F,
  0xEE7F, 0xEE7F, 0xE67F, 0xE67F, 0xE67F, 0xE67F, 0xE67F, 0xE67F, 0xE65F, 0xE65F, 0xE65F, 0xE67F, 0xE67F, 0xE67F, 0xE67F, 0xE67F,
  0xE67F, 0xE67F, 0xE67F, 0xE67F, 0xE67F, 0xE67F, 0xE67F, 0xE67F, 0xE67F, 0xE67F, 0xE67F, 0xE67F, 0xE67F, 0xE67F, 0xE69F, 0xE69F,
  0xEE9F, 0xEE9F, 0xEE9F, 0xEE9F, 0xEE9F, 0xEE9F, 0xEE9F, 0xEE9F, 0xEE9F, 0xEE9F, 0xEEBF, 0xEEBF, 0xEEBF, 0xEEBF, 0xEEBF, 0xEEBF,
  0xEEBF, 0xEEBF, 0xEEBF, 0xEEBF, 0xEEDF, 0xEEDF, 0xEEDF, 0xEEDF, 0xF71F, 0xEEDF, 0xD5FF, 0xD5FF, 0xD5FF, 0xD5FF, 0xD5DF, 0xD5FF,
  0xD5FF, 0xD5FF, 0xD5FF, 0xD5FF, 0xD5FF, 0xD5DF, 0xD5DF, 0xD5DF, 0xD5DF, 0xD5DF, 0xD5DF, 0xD5DF, 0xD5DF, 0xD5DF, 0xD5DF, 0xD5DF,
  0xD5FF, 0xD5FF, 0xD5FF, 0xD5FF, 0xD5FF, 0xD5FF, 0xD5FF, 0xDDFF, 0xDDFF, 0xDE1F, 0xDE3F, 0xDE3F, 0xDE3F, 0xDE3F, 0xDE5F, 0xE65F,
  0x8C71, 0xFFFF, 0xF79F, 0xF79F, 0xF7BF, 0xF7BF, 0xF79F, 0xF79F, 0xF79F, 0xF79F, 0xF79F, 0xF79F, 0xF79F, 0xF79F, 0xF79F, 0xF79F,
  0xF79F, 0xF79F, 0xF79F, 0xF79F, 0xF79F, 0xF79F, 0xF79F, 0xF79F, 0xF79F, 0xF79F, 0xF79F, 0xF79F, 0xF79F, 0xF79F, 0xF79F, 0xF79F,
  0xF79F, 0xF79F, 0xF79F, 0xF79F, 0xF79F, 0xF79F, 0xF79F, 0xF79F, 0xF79F, 0xF79F, 0xF79F, 0xF79F, 0xF79F, 0xF79F, 0xF79F, 0xF79F,
  0xF79F, 0xF79F, 0xF77F, 0xF77F, 0xF77F, 0xF77F, 0xF77F, 0xF77F, 0xF77F, 0xF77F, 0xF77F, 0xF77F, 0xF77F, 0xF77F, 0xF77F, 0xF77F,
  0xF77F, 0xF77F, 0xF77F, 0xF75F, 0xF75F, 0xF75F, 0xF75F, 0xF75F, 0xF75F, 0xF75F, 0xF75F, 0xF75F, 0xF75F, 0xF75F, 0xF75F, 0xF75F,
  0xF75F, 0xF75F, 0xF75F, 0xF75F, 0xF73F, 0xF73F, 0xF73F, 0xF73F, 0xF75F, 0xF73F, 0xF73F, 0xF73F, 0xF73F, 0xF73F, 0xF73F, 0xF73F,
  0xF73F, 0xF73F, 0xF73F, 0xF73F, 0xF73F, 0xF71F, 0xF71F, 0xF71F, 0xF71F, 0xF71F, 0xF71F, 0xF71F, 0xF71F, 0xF71F, 0xF71F, 0xF71F,
  0xEEFF, 0xEEFF, 0xF71F, 0xF71F, 0xF71F, 0xF71F, 0xEEFF, 0xF71F, 0xF71F, 0xF71F, 0xF6FF, 0xF6FF, 0xF6FF, 0xF6FF, 0xF71F, 0xF6FF,
  0xF71F, 0xF71F, 0xF71F, 0xF71F, 0xF71F, 0xF73F, 0xFF7F, 0xFFBF, 0xFF9F, 0xEEFE, 0xEE9F, 0xEE9F, 0xEE9F, 0xEE7F, 0xEE7F, 0xE67F,
  0xE67F, 0xE67F, 0xE67F, 0xE67F, 0xE67F, 0xE67F, 0xE67F, 0xE67F, 0xE67F, 0xE65F, 0xE65F, 0xE67F, 0xE67F, 0xE67F, 0xE67F, 0xE67F,
  0xE65F, 0xE67F, 0xE67F, 0xEE7F, 0xEE7F, 0xEE7F, 0xEE7F, 0xE67F, 0xE67F, 0xE67F, 0xEE7F, 0xEE7F, 0xEE7F, 0xEE9F, 0xEE9F, 0xEE9F,
  0xEE9F, 0xEE9F, 0xEE9F, 0xEE9F, 0xEE9F, 0xEE9F, 0xEE9F, 0xEE9F, 0xEEBF, 0xEEBF, 0xEEBF, 0xEEBF, 0xEEBF, 0xEEBF, 0xF6DF, 0xF6DF,
  0xF6DF, 0xF6DF, 0xF6BF, 0xF6DF, 0xF6DF, 0xEEDF, 0xF6FF, 0xF6FF, 0xE69F, 0xD5FF, 0xD5FF, 0xDE1F, 0xDE1F, 0xD5FF, 0xD5FF, 0xD5FF,
  0xD5FF, 0xD5DF, 0xD5FF, 0xD5FF, 0xD5DF, 0xD5DF, 0xD5DF, 0xD5DF, 0xD5DF, 0xD5DF, 0xD5DF, 0xD5DF, 0xD5DF, 0xD5DF, 0xD5FF, 0xD5FF,
  0xD5FF, 0xD5FF, 0xD5FF, 0xD5FF, 0xDDFF, 0xDE1F, 0xDDFF, 0xDDFF, 0xDE1F, 0xDE1F, 0xDE3F, 0xDE3F, 0xDE5F, 0xE65F, 0xE65F, 0xE65F,
  0x8C51, 0xFFDF, 0xF77F, 0xF77F, 0xF77F, 0xF77F, 0xF77F, 0xF77F, 0xF77F, 0xF79F, 0xF79F, 0xF79F, 0xF79F, 0xF79F, 0xF7BF, 0xF79F,
  0xF7BF, 0xF79F, 0xF79F, 0xF79F, 0xF79F, 0xF79F, 0xF79F, 0xF79F, 0xF79F, 0xF79F, 0xF79F, 0xF79F, 0xF79F, 0xF79F, 0xF79F, 0xF79F,
  0xF79F, 0xF79F, 0xF79F, 0xF79F, 0xF79F, 0xF79F, 0xF79F, 0xF79F, 0xF79F, 0xF79F, 0xF79F, 0xF79F, 0xF79F, 0xF79F, 0xF79F, 0xF77F,
  0xF79F, 0xF79F, 0xF77F, 0xF77F, 0xF77F, 0xF77F, 0xF77F, 0xF77F, 0xF77F, 0xF77F, 0xF77F, 0xF77F, 0xF77F, 0xF77F, 0xF77F, 0xF77F,
  0xF77F, 0xF77F, 0xF75F, 0xF75F, 0xF75F, 0xF75F, 0xF75F, 0xF75F, 0xF75F, 0xF75F, 0xF75F, 0xF75F, 0xF75F, 0xF75F, 0xF75F, 0xF75F,
  0xF75F, 0xF75F, 0xF75F, 0xF73F, 0xF73F, 0xF73F, 0xF73F, 0xF73F, 0xF73F, 0xF73F, 0xF73F, 0xF73F, 0xF73F, 0xF73F, 0xF73F, 0xF73F,
  0xF73F, 0xF73F, 0xF71F, 0xF71F, 0xF71F, 0xF71F, 0xF71F, 0xF71F, 0xF71F, 0xF71F, 0xF71F, 0xF71F, 0xF71F, 0xF71F, 0xEEFF, 0xEEFF,
  0xF71F, 0xF71F, 0xF71F, 0xF71F, 0xF71F, 0xF71F, 0xF71F, 0xF71F, 0xF71F, 0xF71F, 0xF6FF, 0xF6FF, 0xF6FF, 0xF6FF, 0xF71F, 0xF71F,
  0xF71F, 0xF73F, 0xF71F, 0xF71F, 0xF77F, 0xFFBF, 0xF77F, 0xF75F, 0xF71F, 0xEE9F, 0xEE9F, 0xE67F, 0xE67F, 0xE67F, 0xE67F, 0xE67F,
  0xE67F, 0xE67F, 0xE67F, 0xE67F, 0xE67F, 0xE67F, 0xE67F, 0xE67F, 0xE67F, 0xE67F, 0xE67F, 0xE67F, 0xE67F, 0xE65F, 0xE67F, 0xE67F,
  0xE67F, 0xEE7F, 0xE67F, 0xE67F, 0xEE7F, 0xEE7F, 0xEE7F, 0xEE7F, 0xEE7F, 0xEE9F, 0xEE9F, 0xEE9F, 0xEE9F, 0xEE9F, 0xEE9F, 0xEE9F,
  0xEE9F, 0xEE9F, 0xEE9F, 0xEE9F, 0xEE9F, 0xEE9F, 0xEEBF, 0xF6DF, 0xF6DF, 0xF6DF, 0xF6DF, 0xF6DF, 0xF6DF, 0xF6DF, 0xF6DF, 0xF6DF,
  0xF6DF, 0xF6DF, 0xF6DF, 0xEEDF, 0xEEDF, 0xF6FF, 0xEEDF, 0xDE5F, 0xDE1F, 0xD5FF, 0xD5FF, 0xD5FF, 0xD5FF, 0xD5FF, 0xD5FF, 0xD5FF,
  0xD5FF, 0xD5FF, 0xD5FF, 0xD5FF, 0xD5DF, 0xD5DF, 0xD5DF, 0xD5DF, 0xD5DF, 0xD5DF, 0xD5DF, 0xD5DF, 0xD5FF, 0xD5FF, 0xD5FF, 0xD5FF,
  0xD5FF, 0xD5FF, 0xD5FF, 0xDDFF, 0xDDFF, 0xDDFF, 0xDE1F, 0xDE1F, 0xDE1F, 0xDE3F, 0xDE3F, 0xE65F, 0xE65F, 0xE65F, 0xE65F, 0xE65F,
  0x83F1, 0xE6FF, 0xDE9F, 0xDE9F, 0xDE9F, 0xDE9F, 0xDE9F, 0xDE9F, 0xDE9F, 0xDEBF, 0xE6BF, 0xE6DF, 0xE6DF, 0xE6FF, 0xEF3F, 0xEF5F,
  0xF77F, 0xF77F, 0xF77F, 0xF7BF, 0xF7BF, 0xF79F, 0xF79F, 0xF79F, 0xF79F, 0xF79F, 0xF79F, 0xF79F, 0xF79F, 0xF79F, 0xF79F, 0xF79F,
  0xF79F, 0xF79F, 0xF79F, 0xF79F, 0xF79F, 0xF79F, 0xF79F, 0xF79F, 0xF79F, 0xF79F, 0xF79F, 0xF79F, 0xF79F, 0xF79F, 0xF79F, 0xF79F,
  0xF79F, 0xF77F, 0xF77F, 0xF77F, 0xF77F, 0xF77F, 0xF77F, 0xF77F, 0xF77F, 0xF77F, 0xF77F, 0xF77F, 0xF77F, 0xF77F, 0xF77F, 0xF77F,
  0xF75F, 0xF75F, 0xF75F, 0xF75F, 0xF75F, 0xF75F, 0xF75F, 0xF75F, 0xF75F, 0xF75F, 0xF75F, 0xF75F, 0xF75F, 0xF75F, 0xF75F, 0xF75F,
  0xF75F, 0xF73F, 0xF73F, 0xF73F, 0xF73F, 0xF73F, 0xF73F, 0xF73F, 0xF73F, 0xF73F, 0xF73F, 0xF73F, 0xF73F, 0xF73F, 0xF71F, 0xF73F,
  0xF73F, 0xF73F, 0xF71F, 0xF71F, 0xF71F, 0xF71F, 0xF71F, 0xF71F, 0xF71F, 0xF71F, 0xF71F, 0xF71F, 0xF71F, 0xF71F, 0xF71F, 0xF71F,
  0xF71F, 0xF71F, 0xF6FF, 0xF71F, 0xF6FF, 0xF6FF, 0xF6FF, 0xF6FF, 0xF71F, 0xF6FF, 0xF71F, 0xF71F, 0xF71F, 0xF71F, 0xF71F, 0xF71F,
  0xF73F, 0xF73F, 0xF75F, 0xFFDF, 0xFFDF, 0xF77F, 0xF73F, 0xF6FF, 0xEEBF, 0xEE9F, 0xE67F, 0xE67F, 0xE67F, 0xE67F, 0xE67F, 0xE67F,
  0xE67F, 0xE67F, 0xE67F, 0xE67F, 0xE67F, 0xE67F, 0xE67F, 0xE67F, 0xE67F, 0xE67F, 0xE67F, 0xE67F, 0xE67F, 0xE67F, 0xE67F, 0xE67F,
  0xEE7F, 0xEE7F, 0xEE7F, 0xEE7F, 0xEE7F, 0xEE9F, 0xEE9F, 0xEE9F, 0xEE9F, 0xEE9F, 0xEE9F, 0xEE9F, 0xEE9F, 0xEE9F, 0xEE9F, 0xEE9F,
  0xEE9F, 0xEE9F, 0xEE9F, 0xEEBF, 0xEEBF, 0xEEBF, 0xF6DF, 0xF6DF, 0xF6DF, 0xF6DF, 0xF6DF, 0xF6DF, 0xF6DF, 0xF6DF, 0xF6DF, 0xF6DF,
  0xF6DF, 0xF6DF, 0xEEDF, 0xF6DF, 0xF6FF, 0xE69F, 0xDDFF, 0xDE1F, 0xD5FF, 0xDDFF, 0xDDFF, 0xD5FF, 0xD5FF, 0xD5FF, 0xD5FF, 0xD5FF,
  0xD5FF, 0xD5FF, 0xD5DF, 0xD5DF, 0xD5DF, 0xD5DF, 0xD5DF, 0xD5DF, 0xD5DF, 0xD5FF, 0xD5FF, 0xD5FF, 0xD5FF, 0xD5FF, 0xD5FF, 0xD5FF,
  0xDDFF, 0xDDFF, 0xDDFF, 0xDDFF, 0xDE1F, 0xDDFF, 0xDE3F, 0xDE1F, 0xDE1F, 0xE63F, 0xE63F, 0xE65F, 0xE65F, 0xE65F, 0xE65F, 0xE65F,
  0x83F2, 0xEEFF, 0xDE7F, 0xDE7F, 0xDE7F, 0xDE7F, 0xDE7F, 0xDE7F, 0xDE7F, 0xDE7F, 0xDE7F, 0xDE7F, 0xDE7F, 0xDE7F, 0xDE7F, 0xE6DF,
  0xE6FF, 0xEF1F, 0xEF1F, 0xE71F, 0xEF3F, 0xF77F, 0xF79F, 0xFFBF, 0xF7BF, 0xF79F, 0xF79F, 0xF79F, 0xF79F, 0xF79F, 0xF79F, 0xF79F,
  0xF79F, 0xF79F, 0xF79F, 0xF79F, 0xF79F, 0xF79F, 0xF79F, 0xF79F, 0xF79F, 0xF79F, 0xF79F, 0xF79F, 0xF79F, 0xF79F, 0xF79F, 0xF79F,
  0xF77F, 0xF77F, 0xF77F, 0xF77F, 0xF77F, 0xF77F, 0xF77F, 0xF77F, 0xF77F, 0xF77F, 0xF77F, 0xF77F, 0xF77F, 0xF75F, 0xF75F, 0xF75F,
  0xF75F, 0xF77F, 0xF75F, 0xF75F, 0xF75F, 0xF75F, 0xF75F, 0xF75F, 0xF75F, 0xF75F, 0xF75F, 0xF75F, 0xF75F, 0xF75F, 0xF75F, 0xF75F,
  0xF73F, 0xF73F, 0xF73F, 0xF73F, 0xF73F, 0xF73F, 0xF73F, 0xF73F, 0xF73F, 0xF75F, 0xF75F, 0xF73F, 0xF73F, 0xF73F, 0xF71F, 0xF71F,
  0xF73F, 0xF71F, 0xF71F, 0xF71F, 0xF71F, 0xF71F, 0xF71F, 0xF71F, 0xF71F, 0xF71F, 0xF71F, 0xF71F, 0xF71F, 0xF71F, 0xF71F, 0xF71F,
  0xF71F, 0xF6FF, 0xF6FF, 0xF6FF, 0xF71F, 0xF6FF, 0xF6FF, 0xF6FF, 0xF6FF, 0xF6FF, 0xF71F, 0xF71F, 0xF71F, 0xF71F, 0xF73F, 0xF73F,
  0xF73F, 0xFF9F, 0xFFDF, 0xFF9F, 0xF73F, 0xF71F, 0xEEDF, 0xEEBF, 0xEE9F, 0xE67F, 0xE67F, 0xE67F, 0xE67F, 0xE67F, 0xE67F, 0xE65F,
  0xE65F, 0xE67F, 0xE67F, 0xE67F, 0xE67F, 0xEE7F, 0xE67F, 0xE67F, 0xE67F, 0xE67F, 0xE67F, 0xEE7F, 0xE67F, 0xE67F, 0xE67F, 0xEE7F,
  0xEE7F, 0xEE7F, 0xEE7F, 0xEE7F, 0xEE7F, 0xEE7F, 0xEE7F, 0xEE9F, 0xEE9F, 0xEE9F, 0xEE9F, 0xEE9F, 0xEE9F, 0xEE9F, 0xEE9F, 0xEEBF,
  0xEEBF, 0xEEBF, 0xEEBF, 0xEEBF, 0xF6DF, 0xF6DF, 0xF6DE, 0xF6DF, 0xF6DF, 0xF6FF, 0xF6FF, 0xF6FF, 0xF6FF, 0xF6FF, 0xF6DF, 0xF6FF,
  0xF6DF, 0xF6DF, 0xF6FF, 0xEEDF, 0xE65E, 0xD5FF, 0xDE1F, 0xD5FF, 0xD5DF, 0xD5FF, 0xD5FF, 0xD5FF, 0xD5FF, 0xD5FF, 0xD5FF, 0xD5FF,
  0xD5FF, 0xD5DF, 0xD5DF, 0xD5DF, 0xD5DF, 0xD5DF, 0xD5DF, 0xD5DF, 0xD5FF, 0xD5FF, 0xD5FF, 0xD5FF, 0xD5FF, 0xDDFF, 0xDDFF, 0xDDFF,
  0xDDFF, 0xDDFF, 0xDDFF, 0xDE1F, 0xDE1F, 0xDE3F, 0xDE1F, 0xDE3F, 0xE63F, 0xE63F, 0xE65F, 0xE65F, 0xE65F, 0xE65F, 0xE67F, 0xE67F,
  0x83F2, 0xE6FF, 0xDE7F, 0xDE7F, 0xDE7F, 0xDE7F, 0xDE7F, 0xDE7F, 0xDE7F, 0xDE7F, 0xDE7F, 0xDE7F, 0xDE7F, 0xDE7F, 0xDE7F, 0xDE7F,
  0xDE9F, 0xDE9F, 0xDE9F, 0xD67F, 0xD67F, 0xDE9F, 0xDEBF, 0xE6FF, 0xEF5F, 0xF79F, 0xF7BF, 0xF7BF, 0xF79F, 0xF79F, 0xF79F, 0xF79F,
  0xF79F, 0xF79F, 0xF79F, 0xF79F, 0xF79F, 0xF79F, 0xF79F, 0xF79F, 0xF79F, 0xF79F, 0xF79F, 0xF79F, 0xF79F, 0xF79F, 0xF79F, 0xF77F,
  0xF77F, 0xF77F, 0xF77F, 0xF77F, 0xF77F, 0xF77F, 0xF77F, 0xF77F, 0xF77F, 0xF77F, 0xF77F, 0xF77F, 0xF75F, 0xF75F, 0xF75F, 0xF75F,
  0xF75F, 0xF77F, 0xF75F, 0xF75F, 0xF75F, 0xF75F, 0xF75F, 0xF75F, 0xF75F, 0xF75F, 0xF75F, 0xF73F, 0xF73F, 0xF73F, 0xF73F, 0xF73F,
  0xF73F, 0xF73F, 0xF73F, 0xF73F, 0xF73F, 0xF73F, 0xF73F, 0xF73F, 0xF73F, 0xF73F, 0xF73F, 0xF73F, 0xF73F, 0xF73F, 0xF71F, 0xF71F,
  0xF71F, 0xF71F, 0xF71F, 0xF71F, 0xF71F, 0xF71F, 0xF71F, 0xF71F, 0xF71F, 0xF71F, 0xF71F, 0xF71F, 0xF6FF, 0xF6FF, 0xF6FF, 0xF6FF,
  0xF6FF, 0xF6FF, 0xF6FF, 0xF6FF, 0xF6FF, 0xF6FF, 0xF6FF, 0xF6FF, 0xF6FF, 0xF6FF, 0xF6FF, 0xF71F, 0xF71F, 0xF73F, 0xF73F, 0xF73F,
  0xFFBF, 0xFFDF, 0xF75F, 0xEEDE, 0xEEBF, 0xEEBF, 0xEE9F, 0xEE7F, 0xEE7F, 0xE67F, 0xE67F, 0xE67F, 0xE67F, 0xE67F, 0xE67F, 0xE67F,
  0xE67F, 0xEE7F, 0xEE7F, 0xE67F, 0xEE7F, 0xEE9F, 0xEE7F, 0xEE7F, 0xEE7F, 0xEE7F, 0xEE7F, 0xEE9F, 0xEE7F, 0xEE7F, 0xEE9F, 0xEE9F,
  0xEE9F, 0xEE9F, 0xEE9F, 0xEE9F, 0xEE9F, 0xEE9F, 0xEE9F, 0xEE9F, 0xEE9F, 0xEEBF, 0xEEBF, 0xEEBF, 0xEEBF, 0xEEBF, 0xEEBF, 0xF6BF,
  0xEEBF, 0xEEBF, 0xF6BF, 0xF6DF, 0xF6DF, 0xF6DF, 0xF6DE, 0xF6DF, 0xF6FF, 0xF6FF, 0xF6DF, 0xF6DF, 0xF6DF, 0xF6FF, 0xF6FF, 0xF6FF,
  0xF6FF, 0xF6FF, 0xE67F, 0xDDFE, 0xD5DF, 0xDE1F, 0xDDFF, 0xD5DF, 0xD5DF, 0xD5FF, 0xD5FF, 0xD5FF, 0xDDFF, 0xD5FF, 0xD5FF, 0xD5FF,
  0xD5FF, 0xD5FF, 0xD5DF, 0xD5FF, 0xD5FF, 0xD5FF, 0xD5FF, 0xD5FF, 0xD5FF, 0xD5FF, 0xD5FF, 0xD5FF, 0xD5FF, 0xDDFF, 0xDDFF, 0xDDFF,
  0xDDFF, 0xDDFF, 0xDE1F, 0xDE1F, 0xDE1F, 0xE63F, 0xE63F, 0xE63F, 0xE63F, 0xE63F, 0xE65F, 0xE65F, 0xE65F, 0xE67F, 0xE67F, 0xE67F,
  0x7BD1, 0xE6DF, 0xD67F, 0xDE7F, 0xDE7F, 0xDE7F, 0xDE7F, 0xDE7F, 0xDE7F, 0xDE7F, 0xDE7F, 0xDE7F, 0xDE7F, 0xDE7F, 0xDE7F, 0xDE7F,
  0xDE7F, 0xDE5F, 0xD65F, 0xDE7F, 0xDE7F, 0xD65F, 0xD67F, 0xD67F, 0xD67F, 0xDEBF, 0xE6FF, 0xEF3F, 0xF77F, 0xF7BF, 0xF7BF, 0xF79F,
  0xF79F, 0xF79F, 0xF79F, 0xF79F, 0xF79F, 0xF79F, 0xF79F, 0xF79F, 0xF79F, 0xF79F, 0xF79F, 0xF79F, 0xF79F, 0xF77F, 0xF77F, 0xF77F,
  0xF77F, 0xF77F, 0xF77F, 0xF77F, 0xF77F, 0xF77F, 0xF77F, 0xF77F, 0xF77F, 0xF77F, 0xF77F, 0xF75F, 0xF75F, 0xF75F, 0xF75F, 0xF75F,
  0xF75F, 0xF75F, 0xF75F, 0xF75F, 0xF75F, 0xF75F, 0xF75F, 0xF75F, 0xF75F, 0xF75F, 0xF73F, 0xF75F, 0xF75F, 0xF73F, 0xF73F, 0xF73F,
  0xF73F, 0xF73F, 0xF73F, 0xF71F, 0xF73F, 0xF73F, 0xF73F, 0xF73F, 0xF71F, 0xF73F, 0xF73F, 0xF73F, 0xF73F, 0xF73F, 0xF71F, 0xF71F,
  0xF71F, 0xF71F, 0xF71F, 0xF71F, 0xF71F, 0xF71F, 0xF71F, 0xF71F, 0xF71F, 0xF71F, 0xF71F, 0xF71F, 0xF71F, 0xF6FF, 0xF6FF, 0xF71F,
  0xF6FF, 0xF6FF, 0xF71F, 0xF6FF, 0xF6FF, 0xF6FF, 0xF6FF, 0xF6FF, 0xF71F, 0xF71F, 0xF71F, 0xF73F, 0xF73F, 0xFF1F, 0xF75F, 0xFFDF,
  0xFFBF, 0xF71F, 0xEEBE, 0xEEBF, 0xEE9F, 0xEE7F, 0xE67F, 0xE67F, 0xE67F, 0xE67F, 0xE67F, 0xEE7F, 0xEE7F, 0xEE7F, 0xEE7F, 0xEE7F,
  0xEE7F, 0xEE7F, 0xEE7F, 0xEE7F, 0xEE7F, 0xEE7F, 0xEE9F, 0xEE7F, 0xEE7F, 0xEE7F, 0xEE7F, 0xEE7F, 0xEE7F, 0xEE7F, 0xEE9F, 0xEE9F,
  0xEE9F, 0xEE9F, 0xEE9F, 0xEE9F, 0xEE9F, 0xEEBF, 0xEE9F, 0xEE9F, 0xEEBF, 0xEEBF, 0xEEBF, 0xF6BF, 0xEEBF, 0xEEBF, 0xF6BF, 0xF6BF,
  0xF6BF, 0xF6DF, 0xF6FF, 0xF6FF, 0xF6DF, 0xF6DF, 0xF6DF, 0xF6DF, 0xF6FF, 0xF6DF, 0xF6FF, 0xF6FF, 0xF6FF, 0xF6FF, 0xF71F, 0xFF1F,
  0xF6DF, 0xDE3F, 0xD5DF, 0xDDDF, 0xDDFF, 0xDDFF, 0xD5FF, 0xD5FF, 0xD5FF, 0xD5FF, 0xD5FF, 0xD5FF, 0xDDFF, 0xD5FF, 0xD5FF, 0xD5FF,
  0xD5FF, 0xD5FF, 0xD5DF, 0xD5FF, 0xD5FF, 0xD5FF, 0xDDFF, 0xD5FF, 0xD5FF, 0xD5FF, 0xD5FF, 0xD5FF, 0xDDFF, 0xDDFF, 0xDDFF, 0xDDFF,
  0xDDFF, 0xDE1F, 0xDE1F, 0xDE1F, 0xE63F, 0xE63F, 0xE63F, 0xE63F, 0xE65F, 0xE65F, 0xE65F, 0xE65F, 0xE67F, 0xEE7F, 0xEE7F, 0xE69F,
  0x7BB1, 0xE6DF, 0xDE7F, 0xDE7F, 0xDE7F, 0xDE7F, 0xDE7F, 0xDE7F, 0xDE7F, 0xDE7F, 0xDE7F, 0xDE7F, 0xDE7F, 0xDE7F, 0xDE7F, 0xD65F,
  0xDE7F, 0xDE7F, 0xDE7F, 0xDE7F, 0xDE7F, 0xDE7F, 0xDE7F, 0xDE7F, 0xDE7F, 0xDE7F, 0xDE7F, 0xDE7F, 0xDE9F, 0xE6DF, 0xEF3F, 0xF79F,
  0xF7BF, 0xF7BF, 0xF79F, 0xF79F, 0xF79F, 0xF79F, 0xF79F, 0xF79F, 0xF79F, 0xF79F, 0xF79F, 0xF79F, 0xF77F, 0xF77F, 0xF77F, 0xF77F,
  0xF77F, 0xF77F, 0xF77F, 0xF77F, 0xF77F, 0xF77F, 0xF77F, 0xF77F, 0xF77F, 0xF77F, 0xF75F, 0xF75F, 0xF75F, 0xF75F, 0xF75F, 0xF75F,
  0xF75F, 0xF75F, 0xF75F, 0xF75F, 0xF75F, 0xF75F, 0xF75F, 0xF73F, 0xF73F, 0xF75F, 0xF73F, 0xF73F, 0xF73F, 0xF73F, 0xF73F, 0xF73F,
  0xF73F, 0xF75F, 0xF73F, 0xF73F, 0xF73F, 0xF73F, 0xF73F, 0xF71F, 0xF71F, 0xF71F, 0xF73F, 0xF73F, 0xF73F, 0xF73F, 0xF71F, 0xF71F,
  0xF71F, 0xF71F, 0xF71F, 0xF71F, 0xF71F, 0xF71F, 0xF71F, 0xF71F, 0xF71F, 0xF71F, 0xF71F, 0xF71F, 0xF71F, 0xF71F, 0xF71F, 0xF71F,
  0xF6FF, 0xF6FF, 0xF6FF, 0xF6FF, 0xF6FF, 0xF6FF, 0xF6FF, 0xF6FF, 0xF6FF, 0xF71F, 0xF73F, 0xF73F, 0xF73F, 0xFF5F, 0xFFDF, 0xFFBF,
  0xF6FE, 0xEEBF, 0xEE9F, 0xEE7F, 0xEE7F, 0xEE7F, 0xE67F, 0xE67F, 0xE67F, 0xE69F, 0xEE9F, 0xEE9F, 0xEE7F, 0xEE7F, 0xEE7F, 0xEE7F,
  0xEE7F, 0xEE7F, 0xEE7F, 0xEE9F, 0xEE7F, 0xEE7F, 0xEE7F, 0xEE9F, 0xEE9F, 0xEE9F, 0xEE7F, 0xEE9F, 0xEE9F, 0xEE9F, 0xEE9F, 0xEE9F,
  0xEE9F, 0xEE9E, 0xEE9E, 0xEE9E, 0xEE9E, 0xEE9E, 0xEE9F, 0xEEBF, 0xEE9F, 0xEEBF, 0xEEBF, 0xF6BF, 0xF6BF, 0xF6BF, 0xF6BF, 0xF6DF,
  0xF6DF, 0xF6FF, 0xF6FE, 0xF6FF, 0xF6FF, 0xF6FF, 0xF6FF, 0xF6FF, 0xF6FF, 0xF6FF, 0xF6FF, 0xF6FF, 0xFF1E, 0xFF1F, 0xF6FF, 0xE67F,
  0xDE1F, 0xDDFF, 0xDDFF, 0xDDFF, 0xDDFF, 0xD5FF, 0xD5FF, 0xD5FF, 0xD5FF, 0xD5FF, 0xD5FF, 0xD5FF, 0xD5FF, 0xD5FF, 0xDDFF, 0xDDFF,
  0xD5FF, 0xD5FF, 0xD5FF, 0xD5FF, 0xD5FF, 0xDDFF, 0xDDFF, 0xDDFF, 0xDDFF, 0xDDFF, 0xDDFF, 0xDDFF, 0xDDFF, 0xDE1F, 0xDDFF, 0xDDFF,
  0xDDFF, 0xDE1F, 0xDE1F, 0xDE3F, 0xE63F, 0xE63F, 0xE63F, 0xE65F, 0xE65F, 0xE65F, 0xE65F, 0xE65F, 0xE67F, 0xEE7F, 0xEE9F, 0xEE9F,
  0x7B91, 0xE6DF, 0xDE7F, 0xDE9F, 0xDE9F, 0xDE9F, 0xDE7F, 0xDE7F, 0xDE7F, 0xDE7F, 0xDE7F, 0xDE7F, 0xDE7F, 0xDE7F, 0xDE7F, 0xDE7F,
  0xDE7F, 0xDE7F, 0xDE7F, 0xDE7F, 0xDE7F, 0xDE7F, 0xDE7F, 0xDE7F, 0xDE7F, 0xDE7F, 0xDE7F, 0xDE7F, 0xDE7F, 0xDE7F, 0xDE7F, 0xDE9E,
  0xEF1F, 0xF77F, 0xFFBF, 0xF79F, 0xF79F, 0xF79F, 0xF79F, 0xF79F, 0xF79F, 0xF79F, 0xF79F, 0xF79F, 0xF77F, 0xF77F, 0xF79F, 0xF79F,
  0xF77F, 0xF77F, 0xF77F, 0xF77F, 0xF77F, 0xF77F, 0xF77F, 0xF77F, 0xF77F, 0xF75F, 0xF75F, 0xF75F, 0xF75F, 0xF75F, 0xF75F, 0xF75F,
  0xF75F, 0xF75F, 0xF75F, 0xF75F, 0xF75F, 0xF75F, 0xF75F, 0xF75F, 0xF73F, 0xF73F, 0xF73F, 0xF73F, 0xF73F, 0xF73F, 0xF75F, 0xFF5F,
  0xFF5F, 0xFF5F, 0xFF7F, 0xFFBF, 0xFF9F, 0xF75F, 0xF73F, 0xF71F, 0xF71F, 0xF71F, 0xF71F, 0xF73F, 0xF73F, 0xF73F, 0xF71F, 0xF71F,
  0xF71F, 0xF71F, 0xF71F, 0xF71F, 0xF71F, 0xF6FF, 0xF71F, 0xF71F, 0xF71F, 0xF71F, 0xF71F, 0xF71F, 0xF71F, 0xF71F, 0xF71F, 0xF71F,
  0xF6FF, 0xF6FF, 0xF6FF, 0xF6FF, 0xF71F, 0xF71F, 0xF71F, 0xF71F, 0xF71F, 0xF73F, 0xF73F, 0xF73F, 0xFF7F, 0xFFDF, 0xFF7F, 0xEEDF,
  0xEEBF, 0xEE9F, 0xEE9F, 0xE67F, 0xE67F, 0xE67F, 0xEE7F, 0xEE7F, 0xEE7F, 0xEE9F, 0xEE9F, 0xEE7F, 0xEE7F, 0xEE7F, 0xEE7F, 0xEE7F,
  0xEE7F, 0xEE9F, 0xEE9F, 0xEE9F, 0xEE9F, 0xEE9F, 0xEE9F, 0xEE9F, 0xEE9F, 0xEE9F, 0xEE7F, 0xEE7E, 0xEE9F, 0xEE9F, 0xEE9F, 0xEE9F,
  0xEE9F, 0xEE9E, 0xEEBF, 0xEEBF, 0xEE9F, 0xEE9F, 0xEE9F, 0xEEBF, 0xEEBF, 0xEEBF, 0xF6BF, 0xF6BF, 0xF6BE, 0xF6BE, 0xF6DF, 0xF6FF,
  0xF6FE, 0xF6FF, 0xF6FF, 0xF6FF, 0xF6FE, 0xFEFE, 0xFEFF, 0xFEFF, 0xFEFF, 0xFEFF, 0xFF1F, 0xFF1F, 0xF6FF, 0xEE9F, 0xDE3E, 0xDE1F,
  0xDE1F, 0xDDFF, 0xDDFF, 0xDDFF, 0xDDFF, 0xD5FF, 0xD5FF, 0xDDFF, 0xDDFF, 0xD5FF, 0xD5FF, 0xDDFF, 0xD5FF, 0xD5FF, 0xDDFF, 0xDDFF,
  0xDDFF, 0xDDFF, 0xDDFF, 0xDDFF, 0xDDFF, 0xDDFF, 0xDDFF, 0xDDFF, 0xDDFF, 0xDDFF, 0xDDFF, 0xDDFF, 0xDE1F, 0xDE1F, 0xDDFF, 0xDDFF,
  0xDE1F, 0xDE1F, 0xDE1F, 0xE63F, 0xE63F, 0xE63F, 0xE63F, 0xE65F, 0xE65F, 0xE65F, 0xEE7F, 0xEE7F, 0xEE7F, 0xEE7F, 0xEE9F, 0xEE9F,
  0x7B91, 0xE6DF, 0xDE7F, 0xDE9F, 0xDE9F, 0xDE9F, 0xDE7F, 0xDE7F, 0xDE7F, 0xDE7F, 0xDE7F, 0xDE7F, 0xDE7F, 0xDE7F, 0xDE7F, 0xDE7F,
  0xDE7F, 0xDE7F, 0xDE7F, 0xDE7F, 0xDE7F, 0xDE7F, 0xDE7F, 0xDE7F, 0xDE7F, 0xDE7F, 0xDE7F, 0xDE7F, 0xDE7F, 0xDE7F, 0xDE7F, 0xDE7F,
  0xDE7F, 0xDE9F, 0xE6FF, 0xEF3F, 0xF79F, 0xF79F, 0xF79F, 0xF79F, 0xF79F, 0xF79F, 0xF79F, 0xF77F, 0xF77F, 0xF77F, 0xF77F, 0xF79F,
  0xF77F, 0xF77F, 0xF77F, 0xF77F, 0xF77F, 0xF77F, 0xF77F, 0xF77F, 0xF75F, 0xF75F, 0xF75F, 0xF75F, 0xF75F, 0xF75F, 0xF75F, 0xF75F,
  0xF75F, 0xF75F, 0xF73F, 0xF73F, 0xF73F, 0xF73F, 0xF73F, 0xF73F, 0xF73F, 0xF73F, 0xF73F, 0xF73F, 0xF73F, 0xFF5F, 0xFF5F, 0xFF5F,
  0xFF5F, 0xFF5F, 0xFF7F, 0xFFBF, 0xFFBF, 0xFF7F, 0xF73F, 0xF73F, 0xF71F, 0xF71F, 0xF73F, 0xF73F, 0xF73F, 0xF71F, 0xF71F, 0xF71F,
  0xF71F, 0xF71F, 0xF71F, 0xF6FF, 0xF71F, 0xF6FF, 0xF71F, 0xF71F, 0xF71F, 0xF71F, 0xF71F, 0xF6FF, 0xF71F, 0xF71F, 0xF71F, 0xF6FF,
  0xF71F, 0xF71F, 0xF71F, 0xF71F, 0xF71F, 0xF71F, 0xF71F, 0xF73F, 0xFF3F, 0xF73F, 0xF73F, 0xFF9F, 0xFFDF, 0xF77F, 0xF6DF, 0xF6BF,
  0xEEBF, 0xEE9F, 0xE67F, 0xE67F, 0xE67F, 0xE67F, 0xEE7F, 0xEE9F, 0xEE9F, 0xEE9F, 0xEE9F, 0xEE9F, 0xEE9F, 0xEE9F, 0xEE9F, 0xEE9F,
  0xEE9F, 0xEE9F, 0xEE9F, 0xEE7F, 0xEE7F, 0xEE7F, 0xEE7E, 0xEE7F, 0xEE7F, 0xEE7F, 0xEE7E, 0xEE7E, 0xEE7E, 0xEE7E, 0xEE7E, 0xEE7E,
  0xEE7E, 0xEE9F, 0xEE9E, 0xEE9E, 0xEE9E, 0xEE9F, 0xEE9F, 0xF6BF, 0xF6BF, 0xF6BF, 0xF6BF, 0xF6BE, 0xF6DF, 0xF6FF, 0xFEFF, 0xF6FE,
  0xF6FE, 0xF6FE, 0xFEFF, 0xFEFF, 0xFF1F, 0xFF1F, 0xFF1E, 0xFF1E, 0xFF3E, 0xFF1F, 0xF6DF, 0xEE9F, 0xE63E, 0xDE1F, 0xDE1F, 0xDE3F,
  0xDE1F, 0xDE1F, 0xDDFF, 0xDDFF, 0xDDFF, 0xDDFF, 0xDDFF, 0xDDFF, 0xDDFF, 0xDDFF, 0xDDFF, 0xDDFF, 0xDDFF, 0xDDFF, 0xDDFF, 0xDE1F,
  0xDE1F, 0xDE1F, 0xDDFF, 0xDDFF, 0xDDFF, 0xDDFF, 0xDDFF, 0xDE1F, 0xDDFF, 0xDDFF, 0xDDFF, 0xDDFF, 0xDDFF, 0xDE1F, 0xDE1F, 0xDE1F,
  0xDE1F, 0xE61F, 0xE61F, 0xE63F, 0xE63F, 0xE65F, 0xE65F, 0xE65F, 0xE65F, 0xEE7F, 0xEE7F, 0xEE7F, 0xEE7F, 0xEE9F, 0xEE9F, 0xEE9F,
  0x7BD1, 0xEEFF, 0xDE7F, 0xDE7F, 0xDE9F, 0xDE7F, 0xDE7F, 0xDE7F, 0xDE7F, 0xDE7F, 0xDE7F, 0xDE7F, 0xDE7F, 0xDE7F, 0xDE7F, 0xDE7F,
  0xDE7F, 0xDE7F, 0xDE7F, 0xDE7F, 0xDE7F, 0xDE7F, 0xDE7F, 0xDE7F, 0xDE7F, 0xDE7F, 0xDE7F, 0xDE7F, 0xDE7F, 0xDE7F, 0xDE7F, 0xDE7F,
  0xDE9F, 0xDE7F, 0xDE9F, 0xDE9F, 0xE6DF, 0xEF1F, 0xF77F, 0xFFBF, 0xF79F, 0xF79F, 0xF79F, 0xF77F, 0xF77F, 0xF77F, 0xF77F, 0xF77F,
  0xF77F, 0xF77F, 0xF77F, 0xF77F, 0xF77F, 0xF75F, 0xF75F, 0xF75F, 0xF75F, 0xF75F, 0xF75F, 0xF75F, 0xF75F, 0xF75F, 0xF75F, 0xF75F,
  0xF75F, 0xF73F, 0xF75F, 0xF73F, 0xF73F, 0xF73F, 0xF73F, 0xF73F, 0xF73F, 0xF73F, 0xF73F, 0xF73F, 0xF75F, 0xF75F, 0xFF5F, 0xFF5F,
  0xFF5F, 0xFF5F, 0xFF5F, 0xFF5F, 0xFF5F, 0xFF5F, 0xFF5F, 0xF73F, 0xF73F, 0xF73F, 0xF73F, 0xF73F, 0xF71F, 0xF71F, 0xF71F, 0xF71F,
  0xF71F, 0xF71F, 0xF71F, 0xF71F, 0xF71F, 0xF71F, 0xF71F, 0xF71F, 0xF71F, 0xF71F, 0xF71F, 0xF71F, 0xF71F, 0xF71F, 0xF71F, 0xF6FF,
  0xF6FF, 0xF71F, 0xF71F, 0xF71F, 0xF71F, 0xF71F, 0xF73F, 0xF73F, 0xF73F, 0xF73F, 0xFF9F, 0xFFDF, 0xF75F, 0xF6DF, 0xEEBF, 0xEEBF,
  0xEE9F, 0xEE7F, 0xE67F, 0xE67F, 0xE67F, 0xEE7F, 0xEE9F, 0xEE9F, 0xEE9F, 0xEE9F, 0xEE9F, 0xEE9F, 0xEE9F, 0xEEBF, 0xEEBF, 0xEE9F,
  0xEE9E, 0xEE7E, 0xEE7F, 0xEE7E, 0xEE7E, 0xEE7E, 0xEE7F, 0xEE7F, 0xEE7F, 0xEE7F, 0xEE7E, 0xEE7E, 0xEE7E, 0xEE7E, 0xEE7E, 0xEE7E,
  0xEE7E, 0xEE9F, 0xEE9E, 0xEE9E, 0xEE7E, 0xEE9E, 0xEE9E, 0xEE9E, 0xEE9E, 0xEE9E, 0xF6BE, 0xF6BE, 0xF6BE, 0xF6DE, 0xF6DE, 0xF6FE,
  0xF6FF, 0xF6FF, 0xF6FF, 0xF6FF, 0xF6FF, 0xF6FF, 0xF6FF, 0xF6FF, 0xF6BF, 0xE67E, 0xE63F, 0xDE3F, 0xE63F, 0xE63F, 0xE63F, 0xE63F,
  0xDE1F, 0xDE1F, 0xDE1F, 0xDE1F, 0xDDFF, 0xDDFF, 0xDDFF, 0xDDFF, 0xDE1F, 0xDE1F, 0xDDFF, 0xDDFF, 0xDDFF, 0xDDFF, 0xDE1F, 0xDE1F,
  0xDE1F, 0xDE1F, 0xDE1F, 0xDE1F, 0xDE1F, 0xDDFF, 0xDDFF, 0xDDFF, 0xDDFF, 0xDE1F, 0xDDFF, 0xDDFF, 0xDDFF, 0xDE1F, 0xDE1F, 0xDE1F,
  0xE63F, 0xE63F, 0xE63F, 0xE63F, 0xE63F, 0xE65F, 0xE65F, 0xE65F, 0xEE7F, 0xEE7F, 0xEE7F, 0xEE7F, 0xEE9F, 0xEE9F, 0xEE9F, 0xEE9F,
  0x7BD1, 0xEF1F, 0xDE7F, 0xDE7F, 0xDE7F, 0xDE7F, 0xDE7F, 0xDE7F, 0xDE7F, 0xDE7F, 0xDE7F, 0xDE7F, 0xDE7F, 0xDE7F, 0xDE7F, 0xDE7F,
  0xDE7F, 0xDE7F, 0xDE7F, 0xDE7F, 0xDE7F, 0xDE7F, 0xDE7F, 0xDE7F, 0xDE7F, 0xDE7F, 0xDE7F, 0xDE7F, 0xDE7F, 0xDE7F, 0xDE7F, 0xDE7F,
  0xDE9F, 0xDE7F, 0xDE9F, 0xDE9F, 0xDE9F, 0xDE9F, 0xE6BE, 0xEF3F, 0xF79F, 0xFF9F, 0xF79F, 0xF77F, 0xF77F, 0xF77F, 0xF77F, 0xF77F,
  0xF77F, 0xF77F, 0xF77F, 0xF77F, 0xF77F, 0xF77F, 0xF75F, 0xF75F, 0xF75F, 0xF75F, 0xF75F, 0xF75F, 0xF75F, 0xF75F, 0xF75F, 0xF75F,
  0xF75F, 0xF75F, 0xF75F, 0xF75F, 0xF75F, 0xF75F, 0xF75F, 0xF75F, 0xF73F, 0xF73F, 0xF73F, 0xF73F, 0xF73F, 0xF73F, 0xF75F, 0xFF3F,
  0xFF5F, 0xFF5F, 0xFF5F, 0xFF5F, 0xFF5F, 0xFF5F, 0xFF5F, 0xF73F, 0xF73F, 0xF73F, 0xF73F, 0xF73F, 0xF73F, 0xFF5F, 0xFF5F, 0xF73F,
  0xF71F, 0xF71F, 0xF71F, 0xF71F, 0xF71F, 0xF71F, 0xF71F, 0xF71F, 0xF71F, 0xF71F, 0xF71F, 0xF71F, 0xF71F, 0xF71F, 0xF71F, 0xF71F,
  0xF71F, 0xF71F, 0xF71F, 0xF71F, 0xF73F, 0xF73F, 0xF73F, 0xF73F, 0xF75F, 0xFF7F, 0xFF9F, 0xF73F, 0xF6DF, 0xF6BF, 0xEEBF, 0xEE9F,
  0xEE7F, 0xEE7F, 0xE67F, 0xE67F, 0xEE9F, 0xEE9F, 0xEE9F, 0xEE9F, 0xEEBF, 0xEEBF, 0xF6BF, 0xEEBF, 0xEE9F, 0xEE9F, 0xEE7E, 0xEE7E,
  0xEE7E, 0xEE9E, 0xEE9E, 0xEE7E, 0xEE7E, 0xEE7E, 0xEE7E, 0xEE9E, 0xEE7E, 0xEE7E, 0xEE7E, 0xEE7E, 0xEE7E, 0xEE7E, 0xEE7E, 0xEE7E,
  0xEE9E, 0xEE9E, 0xEE9E, 0xEE9E, 0xEE9E, 0xEE9E, 0xEE9E, 0xEE9E, 0xEE9E, 0xEE9E, 0xEE9E, 0xEE9E, 0xEE9E, 0xEE9E, 0xEE9E, 0xEE9E,
  0xEE9E, 0xEE9E, 0xEE9E, 0xEE9E, 0xEE9E, 0xEE9F, 0xEE7F, 0xE65E, 0xE63E, 0xE63F, 0xE63F, 0xE63F, 0xE63F, 0xE63F, 0xE63F, 0xE63F,
  0xDE1F, 0xDE1F, 0xDE1F, 0xDE1F, 0xDE1F, 0xDDFF, 0xDDFF, 0xDE1F, 0xDE1F, 0xDE1F, 0xDE1F, 0xDE1F, 0xDE1F, 0xDE1F, 0xDE1F, 0xDE1F,
  0xDE1F, 0xDE1F, 0xDE1F, 0xDE1F, 0xDE1F, 0xDDFF, 0xDDFF, 0xDDFF, 0xDE1F, 0xE63F, 0xE63F, 0xE63F, 0xE61F, 0xDE1F, 0xDE1F, 0xE63F,
  0xE63F, 0xE63F, 0xE63F, 0xE63F, 0xE65F, 0xE65F, 0xE65F, 0xE65F, 0xEE7F, 0xEE7F, 0xEE7F, 0xEE7F, 0xEE9F, 0xEE9F, 0xEE9F, 0xEE9F,
  0x83F1, 0xF75F, 0xE6BF, 0xDE9F, 0xDE7F, 0xDE7F, 0xDE7F, 0xDE9F, 0xDE9F, 0xDE9F, 0xDE7F, 0xDE7F, 0xDE7F, 0xDE7F, 0xDE7F, 0xDE7F,
  0xDE7F, 0xDE7F, 0xDE7F, 0xDE7F, 0xDE7F, 0xDE7F, 0xDE7F, 0xDE7F, 0xDE7F, 0xDE7F, 0xDE7F, 0xDE7F, 0xDE7F, 0xDE7F, 0xDE7F, 0xDE7F,
  0xDE7F, 0xDE9F, 0xDE9F, 0xDE9F, 0xDE9F, 0xDE9F, 0xDE9F, 0xDE9F, 0xE6DF, 0xEF3F, 0xF77F, 0xF79F, 0xF77F, 0xF77F, 0xF77F, 0xF77F,
  0xF77F, 0xF77F, 0xF77F, 0xF77F, 0xF75F, 0xF75F, 0xF75F, 0xF75F, 0xF75F, 0xF75F, 0xF75F, 0xF75F, 0xF75F, 0xF75F, 0xF75F, 0xF75F,
  0xF75F, 0xF75F, 0xF75F, 0xF75F, 0xF75F, 0xF75F, 0xF75F, 0xF75F, 0xF75F, 0xF75F, 0xF75F, 0xF73F, 0xF73F, 0xF73F, 0xF73F, 0xF73F,
  0xF73F, 0xFF3F, 0xFF5F, 0xFF5F, 0xFF3F, 0xFF3F, 0xFF5F, 0xFF5F, 0xFF3F, 0xFF5F, 0xFF5F, 0xFF5F, 0xFF5F, 0xFF5F, 0xFF5F, 0xFF5F,
  0xFF3F, 0xF73F, 0xFF3F, 0xFF3F, 0xF71F, 0xF71F, 0xF71F, 0xF71F, 0xF71F, 0xF71F, 0xF71F, 0xF71F, 0xF71F, 0xF71F, 0xF71F, 0xF71F,
  0xF71F, 0xF71F, 0xF71F, 0xF73F, 0xFF3F, 0xF73F, 0xF73F, 0xFF5F, 0xFF5F, 0xF73F, 0xF71F, 0xF6BF, 0xEEBF, 0xEEBF, 0xEE9F, 0xEE7F,
  0xEE7F, 0xE67F, 0xEE9F, 0xEE9F, 0xEE9F, 0xEEBF, 0xEEBF, 0xEEBF, 0xF6BF, 0xEEBF, 0xEE9F, 0xEE9E, 0xEE7E, 0xEE7E, 0xEE9E, 0xEE9E,
  0xEE7E, 0xEE9E, 0xEE7E, 0xEE7E, 0xEE9E, 0xEE9E, 0xEE9E, 0xEE9E, 0xEE9E, 0xEE7E, 0xEE9E, 0xEE9E, 0xEE7E, 0xEE7E, 0xEE7E, 0xEE7E,
  0xEE7E, 0xEE9E, 0xEE9E, 0xEE9E, 0xF69E, 0xEE9E, 0xF69E, 0xF69E, 0xEE9E, 0xF69E, 0xEE9E, 0xF69E, 0xF6BE, 0xEE9E, 0xEE9E, 0xEE9E,
  0xEE9E, 0xEE9F, 0xEE9F, 0xEE7F, 0xEE7F, 0xE65F, 0xE65F, 0xE65F, 0xE65F, 0xE65F, 0xE63F, 0xE65F, 0xE63F, 0xE63F, 0xE63F, 0xDE1F,
  0xDE1F, 0xDE1F, 0xDE1F, 0xDE1F, 0xDE1F, 0xDE1F, 0xDE1F, 0xDE1F, 0xDE1F, 0xDE1F, 0xDE1F, 0xDE1F, 0xDE1F, 0xDE1F, 0xDE1F, 0xDE1F,
  0xDE1F, 0xDE1F, 0xDE1F, 0xDE1F, 0xDE1E, 0xE65E, 0xEE7F, 0xF6BF, 0xF6DF, 0xFEFF, 0xFEDF, 0xF6BF, 0xF6BF, 0xEE7F, 0xEE5F, 0xE63F,
  0xE63F, 0xE63F, 0xE63F, 0xE65F, 0xE65F, 0xE65F, 0xE65F, 0xE65F, 0xEE7F, 0xEE7F, 0xEE7F, 0xEE9F, 0xEE9F, 0xEE9F, 0xEE9F, 0xEE9F,
  0x7B91, 0xDE7F, 0xCDFF, 0xCDFF, 0xCDFF, 0xD5FF, 0xD61F, 0xD63F, 0xDE5F, 0xDE7F, 0xDE7F, 0xDE9F, 0xDE9F, 0xDE9F, 0xDE7F, 0xDE7F,
  0xDE7F, 0xDE7F, 0xDE7F, 0xDE7F, 0xDE7F, 0xDE7F, 0xDE7F, 0xDE7F, 0xDE7F, 0xDE7F, 0xDE7F, 0xDE7F, 0xDE7F, 0xDE7F, 0xDE9F, 0xDE7F,
  0xDE9F, 0xDE9F, 0xDE9F, 0xDE9F, 0xDE9F, 0xDE9F, 0xDE9F, 0xDE9F, 0xDE9F, 0xDE9F, 0xE6DE, 0xEF3F, 0xF79F, 0xF79F, 0xF77F, 0xF77F,
  0xF77F, 0xF77F, 0xF77F, 0xF77F, 0xF75F, 0xF75F, 0xF75F, 0xF75F, 0xF75F, 0xF75F, 0xF75F, 0xF75F, 0xF75F, 0xF75F, 0xF75F, 0xF75F,
  0xF75F, 0xF75F, 0xF75F, 0xF75F, 0xF75F, 0xF75F, 0xF73F, 0xF73F, 0xF73F, 0xF73F, 0xF73F, 0xF73F, 0xF73F, 0xF73F, 0xF73F, 0xF73F,
  0xF73F, 0xFF3F, 0xFF3F, 0xF73F, 0xFF3F, 0xFF3F, 0xFF3F, 0xFF3F, 0xFF5F, 0xFF3F, 0xFF3F, 0xFF3F, 0xFF5F, 0xFF5F, 0xFF3F, 0xFF3F,
  0xFF3F, 0xFF3F, 0xFF3F, 0xFF3F, 0xFF3F, 0xFF3F, 0xF71F, 0xF71F, 0xF71F, 0xF71F, 0xF71F, 0xF71F, 0xF6FF, 0xF71F, 0xF71F, 0xFF1F,
  0xFF1F, 0xF71F, 0xF71F, 0xF73F, 0xF73F, 0xFF5F, 0xFF5F, 0xF71F, 0xF71E, 0xF6FF, 0xEEBF, 0xEE9F, 0xEE9F, 0xEE9F, 0xEE9F, 0xEE9F,
  0xEE9F, 0xEE9F, 0xEEBF, 0xEEBF, 0xEEBF, 0xF6DF, 0xEEBF, 0xEEBF, 0xEE9E, 0xEE9F, 0xEE9E, 0xEE9E, 0xEE7E, 0xEE7E, 0xEE7F, 0xEE9E,
  0xEE9E, 0xEE9E, 0xEE9E, 0xEE9E, 0xEE9E, 0xEE9E, 0xEE9E, 0xEE9E, 0xEE9E, 0xEE9E, 0xEE9E, 0xEE9E, 0xEE9E, 0xF69E, 0xEE7E, 0xEE9E,
  0xEE9E, 0xEE9E, 0xF69E, 0xF69E, 0xF69E, 0xF69E, 0xF69E, 0xF69E, 0xF69E, 0xF69E, 0xF69E, 0xF69E, 0xF69E, 0xEE9E, 0xEE9E, 0xEE9E,
  0xEE9E, 0xEE9F, 0xEE7F, 0xEE7F, 0xEE7F, 0xEE7F, 0xE65F, 0xE65F, 0xE65F, 0xE65F, 0xE65F, 0xE63F, 0xE65F, 0xE63F, 0xE63F, 0xE61F,
  0xDE1F, 0xDE1F, 0xDE1F, 0xDE1F, 0xDE1F, 0xDE1F, 0xDE1F, 0xDE1F, 0xDE1F, 0xDE1F, 0xDE1F, 0xDE1F, 0xDE1F, 0xDE1F, 0xDE1F, 0xE61F,
  0xE63F, 0xE63F, 0xDE1F, 0xE65E, 0xF6DF, 0xFF3F, 0xFF3F, 0xFF1F, 0xFEFF, 0xFEFF, 0xFEDF, 0xFEBF, 0xF6BF, 0xF6BF, 0xF69F, 0xF69F,
  0xEE5F, 0xE63F, 0xE65F, 0xE65F, 0xEE5F, 0xEE7F, 0xEE7F, 0xEE7F, 0xEE7F, 0xEE7F, 0xEE9F, 0xEE9F, 0xEE9F, 0xEE9F, 0xEE9F, 0xEE9F,
  0x6B11, 0xC55F, 0xB4FE, 0xB4FF, 0xB4FF, 0xB4FF, 0xB51F, 0xBD1E, 0xBD3F, 0xBD3F, 0xBD5E, 0xC59F, 0xC5BF, 0xCDFF, 0xD61F, 0xD65F,
  0xDE7F, 0xDE9F, 0xDE9F, 0xDE9F, 0xDE7F, 0xDE7F, 0xDE7F, 0xDE7F, 0xDE7F, 0xDE7F, 0xDE7F, 0xDE9F, 0xDE7F, 0xDE7F, 0xDE7F, 0xDE9F,
  0xDE9F, 0xDE9F, 0xDE9F, 0xDE9F, 0xDE9F, 0xDE9F, 0xDE9F, 0xDE9F, 0xDE9F, 0xDE9F, 0xDE9F, 0xDE9F, 0xE6DE, 0xF77F, 0xF79F, 0xF77F,
  0xF77F, 0xF77F, 0xF77F, 0xF77F, 0xF75F, 0xF77F, 0xF75F, 0xF75F, 0xF75F, 0xF75F, 0xF75F, 0xF75F, 0xF75F, 0xF75F, 0xF75F, 0xF75F,
  0xF75F, 0xF75F, 0xF75F, 0xF75F, 0xF73F, 0xF73F, 0xF73F, 0xF73F, 0xF73F, 0xF73F, 0xF73F, 0xF73F, 0xF73F, 0xF73F, 0xF73F, 0xF73F,
  0xF73F, 0xF73F, 0xF73F, 0xF73F, 0xFF3F, 0xFF3F, 0xF73F, 0xFF3F, 0xFF3F, 0xF73F, 0xF73F, 0xFF3F, 0xF73F, 0xFF3F, 0xFF3F, 0xFF3F,
  0xFF3F, 0xFF3F, 0xFF3F, 0xFF3F, 0xF71F, 0xF71F, 0xF71F, 0xF71F, 0xF71F, 0xF71F, 0xF71F, 0xF71F, 0xF71F, 0xFF3F, 0xF73F, 0xFF3F,
  0xFF3F, 0xF73F, 0xF73F, 0xFF3F, 0xFF5F, 0xF73F, 0xEEFE, 0xF6FF, 0xF6DF, 0xEE9F, 0xEE9F, 0xEE9F, 0xEE9F, 0xEE9F, 0xEE9F, 0xEE9F,
  0xEEBF, 0xEEBF, 0xEEBF, 0xF6DF, 0xEEBF, 0xEEBF, 0xEE9F, 0xEE9F, 0xEE9F, 0xEE9E, 0xEE9F, 0xEE9E, 0xEE7E, 0xEE9E, 0xEE9E, 0xEE9E,
  0xEE9E, 0xEE9E, 0xEE9E, 0xEE9E, 0xF69E, 0xF69E, 0xF69E, 0xEE9E, 0xF69E, 0xF69E, 0xF69E, 0xF69E, 0xF69E, 0xF69E, 0xF69E, 0xF69E,
  0xF69E, 0xF69E, 0xF69E, 0xF69E, 0xF69E, 0xF69E, 0xF69E, 0xF69E, 0xF69E, 0xF69E, 0xF69E, 0xF69E, 0xF69E, 0xF69E, 0xEE9E, 0xEE7F,
  0xEE7E, 0xEE7E, 0xEE7F, 0xEE7F, 0xEE7F, 0xEE5F, 0xE65F, 0xE65F, 0xE65F, 0xE65F, 0xE65F, 0xE65F, 0xE65F, 0xE63F, 0xE63F, 0xE63F,
  0xE61F, 0xE61F, 0xDE1F, 0xDE1F, 0xDE1F, 0xDE1F, 0xDE1F, 0xDE1F, 0xDE1F, 0xDE1F, 0xDE1F, 0xDE1F, 0xE63F, 0xE63F, 0xE63F, 0xE63F,
  0xE63F, 0xDE3F, 0xE69E, 0xFF3F, 0xFF5E, 0xFF3F, 0xFF1E, 0xFEFE, 0xFEFF, 0xFEFF, 0xFEDF, 0xFEBF, 0xF6BF, 0xF6BF, 0xF69F, 0xF69F,
  0xEE9F, 0xEE7F, 0xEE5F, 0xEE5F, 0xEE9F, 0xF6BF, 0xF6BF, 0xEE9F, 0xEE9F, 0xEE9F, 0xEE7F, 0xEE9F, 0xEE9F, 0xEE9F, 0xEE9F, 0xEE9F,
  0x62F1, 0xBD3F, 0xB4FF, 0xB51F, 0xBD1F, 0xBD1F, 0xBD1F, 0xB4FF, 0xB4FF, 0xB4FF, 0xB4FF, 0xB4FF, 0xB4DF, 0xB4DF, 0xB4DE, 0xB51E,
  0xBD5E, 0xC59E, 0xCDFF, 0xD63F, 0xDE7F, 0xDE9F, 0xDE9F, 0xDE9F, 0xDE7F, 0xDE7F, 0xDE7F, 0xDE9F, 0xDE9F, 0xDE9F, 0xDE9F, 0xDE9F,
  0xDE9F, 0xDE9F, 0xDE9F, 0xDE9F, 0xDE9F, 0xDE9F, 0xDE9F, 0xDE9F, 0xDE9F, 0xDE9F, 0xDE9F, 0xDEBF, 0xDE9F, 0xDEBF, 0xEF1F, 0xF77F,
  0xF79F, 0xF77F, 0xF77F, 0xF77F, 0xF77F, 0xF77F, 0xF75F, 0xF75F, 0xF75F, 0xF75F, 0xF75F, 0xF75F, 0xF75F, 0xF75F, 0xF75F, 0xF75F,
  0xF75F, 0xF75F, 0xF75F, 0xF75F, 0xF73F, 0xF73F, 0xF73F, 0xF73F, 0xF73F, 0xF73F, 0xF73F, 0xF73F, 0xF73F, 0xF73F, 0xF73F, 0xF73F,
  0xF73F, 0xF73F, 0xF73F, 0xF73F, 0xF73F, 0xF73F, 0xF73F, 0xF73F, 0xF73F, 0xF73F, 0xF71F, 0xF71F, 0xF73F, 0xF71F, 0xF71F, 0xFF3F,
  0xF71F, 0xF71F, 0xF71F, 0xFF3F, 0xF71F, 0xF73F, 0xF71F, 0xF71F, 0xF73F, 0xFF3F, 0xFF3F, 0xFF3F, 0xFF3F, 0xF73F, 0xF73F, 0xF73F,
  0xF73F, 0xF73F, 0xFF3F, 0xFF3F, 0xF6FF, 0xEEDF, 0xF6DF, 0xEEDF, 0xE67F, 0xE67F, 0xEE9F, 0xEE9F, 0xEE9F, 0xEE9F, 0xEEBF, 0xEEBF,
  0xF6DF, 0xF6DF, 0xF6DF, 0xEEBF, 0xEE9E, 0xEE9F, 0xEE9F, 0xEE9F, 0xEE9F, 0xEE9E, 0xEE9E, 0xEE9E, 0xEE9E, 0xEE9E, 0xEE9E, 0xEE9E,
  0xEE9E, 0xF69E, 0xF6BE, 0xF69E, 0xF69E, 0xF69E, 0xF69E, 0xEE9E, 0xF69E, 0xF6BE, 0xF6BD, 0xF6BE, 0xF6BD, 0xF6BD, 0xF69D, 0xF69D,
  0xF69E, 0xF69E, 0xF69E, 0xF69E, 0xF69E, 0xF69E, 0xF69E, 0xF69E, 0xF69E, 0xF69E, 0xF69E, 0xF69E, 0xEE9E, 0xEE9E, 0xEE7E, 0xEE7E,
  0xEE7E, 0xEE7E, 0xEE7F, 0xEE7F, 0xEE7F, 0xEE5F, 0xEE5F, 0xEE5F, 0xEE5F, 0xEE5F, 0xE65F, 0xE65F, 0xE65F, 0xE63F, 0xE63F, 0xE63F,
  0xE63F, 0xE61F, 0xE61F, 0xDE1F, 0xE61F, 0xE61F, 0xE61F, 0xDE1F, 0xE61F, 0xDE3F, 0xE63F, 0xE63F, 0xE63F, 0xE63F, 0xE63F, 0xE63F,
  0xDE3F, 0xEE9E, 0xFF5F, 0xFF5E, 0xFF3E, 0xFF1E, 0xFF1F, 0xFF1F, 0xFEFF, 0xFEFF, 0xFEDF, 0xF6DF, 0xF6BF, 0xF6BF, 0xF69F, 0xF69F,
  0xEE9F, 0xF69F, 0xEE7F, 0xEE9F, 0xF6BF, 0xF6BF, 0xEE9F, 0xEE9F, 0xEE9F, 0xEE9F, 0xEE9F, 0xEE9F, 0xEE9F, 0xEE9F, 0xEE9F, 0xEE9F,
  0x62D0, 0xBD1F, 0xB4FF, 0xB4FF, 0xB4FF, 0xBD1F, 0xB4FF, 0xB4FF, 0xB4FF, 0xB4FF, 0xB4FF, 0xB4FF, 0xB4FF, 0xB4FF, 0xB4DF, 0xB4DF,
  0xB4DF, 0xB4DF, 0xB4DE, 0xB4FE, 0xB51E, 0xBD7E, 0xCDFE, 0xDE5F, 0xDE9F, 0xE6BF, 0xDE9F, 0xDE7F, 0xDE7F, 0xDE9F, 0xDE9F, 0xDE9F,
  0xDE9F, 0xDE9F, 0xDE9F, 0xDE9F, 0xDE9F, 0xDE9F, 0xDE9F, 0xDE9F, 0xDE9F, 0xDE9F, 0xDE9F, 0xDEBF, 0xDE9F, 0xDE9F, 0xDE9F, 0xE6DE,
  0xEF3F, 0xF79F, 0xF77F, 0xF77F, 0xF77F, 0xF77F, 0xF75F, 0xF75F, 0xF75F, 0xF75F, 0xF75F, 0xF75F, 0xF75F, 0xF75F, 0xF75F, 0xF75F,
  0xF75F, 0xF75F, 0xF75F, 0xF73F, 0xF73F, 0xF73F, 0xF73F, 0xF73F, 0xF73F, 0xF73F, 0xF73F, 0xF73F, 0xF73F, 0xF73F, 0xF73F, 0xF73F,
  0xF73F, 0xF73F, 0xF73F, 0xF73F, 0xF73F, 0xF71F, 0xF71F, 0xF71F, 0xF73F, 0xF73F, 0xF71F, 0xF71F, 0xF71F, 0xF71F, 0xF6FF, 0xF71F,
  0xF71F, 0xF71F, 0xF71F, 0xF71F, 0xF73F, 0xF73F, 0xFF5F, 0xFF3F, 0xFF3F, 0xFF3F, 0xFF3F, 0xFF3F, 0xF73F, 0xF71F, 0xFF3F, 0xFF5F,
  0xFF5F, 0xFF3F, 0xF6FF, 0xEEDF, 0xEEBF, 0xF6FF, 0xF6FF, 0xEEBF, 0xEE9F, 0xEE9F, 0xEE9F, 0xEEBF, 0xF6BF, 0xF6BF, 0xEEDF, 0xF6DF,
  0xF6DF, 0xF6DF, 0xEEBF, 0xEE9F, 0xEE9F, 0xEE9F, 0xEE9F, 0xEE9F, 0xEE9E, 0xEE9E, 0xEE9E, 0xEE9E, 0xEE9E, 0xEE9E, 0xF69E, 0xF6BE,
  0xF6BE, 0xF6BE, 0xF6BE, 0xF6BE, 0xF6DE, 0xF6FD, 0xF71E, 0xFF3E, 0xFF5E, 0xFF5E, 0xFF7E, 0xFF7E, 0xFF5E, 0xFF5D, 0xFF3D, 0xFF1D,
  0xF6FD, 0xF6DD, 0xF6BD, 0xF69E, 0xF6BE, 0xF6BE, 0xF69E, 0xF69E, 0xF69E, 0xF69E, 0xF69E, 0xF69E, 0xEE9E, 0xF69E, 0xEE9E, 0xEE9E,
  0xEE7E, 0xEE7E, 0xEE7E, 0xEE7E, 0xEE7E, 0xEE7F, 0xEE7F, 0xEE7F, 0xEE7F, 0xEE5F, 0xE65F, 0xE65F, 0xE63F, 0xE63F, 0xE63F, 0xE63F,
  0xE63F, 0xE63F, 0xE63F, 0xE61F, 0xE63F, 0xE63F, 0xE63F, 0xE63F, 0xE63F, 0xE63F, 0xE63F, 0xE63F, 0xE63F, 0xE63F, 0xE63F, 0xE63F,
  0xEE9E, 0xFF5F, 0xFF3E, 0xFF3E, 0xFF3F, 0xFF1F, 0xFF1F, 0xFEFF, 0xFEFF, 0xFEDF, 0xFEDF, 0xF6BF, 0xF6BF, 0xF6BF, 0xF69F, 0xF69F,
  0xEE9F, 0xEE9F, 0xF69F, 0xF69F, 0xF69F, 0xF69F, 0xEE9F, 0xEE9F, 0xF69F, 0xEE9F, 0xEE9F, 0xEE9F, 0xEE9F, 0xEE9F, 0xEE9F, 0xEE7F,
  0x62D0, 0xBD3F, 0xB4DF, 0xB4FF, 0xB4FF, 0xB4FF, 0xB4FF, 0xB4FF, 0xB4FF, 0xB4DF, 0xB4DF, 0xB4DF, 0xB4DF, 0xB4DF, 0xB4DF, 0xB4DF,
  0xB4DF, 0xB4DF, 0xB4DF, 0xB4DF, 0xB4DF, 0xACBF, 0xACBE, 0xB4FE, 0xBD3E, 0xC5DE, 0xDE5F, 0xDE9F, 0xE6BF, 0xDE9F, 0xDE9F, 0xDE9F,
  0xDE9F, 0xDE9F, 0xDE9F, 0xDE9F, 0xDE9F, 0xDE9F, 0xDE9F, 0xDE9F, 0xDE9F, 0xDE9F, 0xDE9F, 0xDE9F, 0xDE9F, 0xDE9F, 0xDE9F, 0xDEBF,
  0xDE9F, 0xE6FF, 0xF77F, 0xF77F, 0xF77F, 0xF75F, 0xF77F, 0xF75F, 0xF75F, 0xF75F, 0xF75F, 0xF75F, 0xF75F, 0xF75F, 0xF75F, 0xF75F,
  0xF75F, 0xF75F, 0xF75F, 0xF75F, 0xF73F, 0xF73F, 0xF73F, 0xF73F, 0xF73F, 0xF73F, 0xF73F, 0xF73F, 0xF73F, 0xF73F, 0xF73F, 0xF73F,
  0xF73F, 0xF71F, 0xF71F, 0xF71F, 0xF71F, 0xF71F, 0xF71F, 0xF71F, 0xF71F, 0xF71F, 0xF71F, 0xF71F, 0xF71F, 0xF71F, 0xF71F, 0xFF3F,
  0xF71F, 0xF71F, 0xFF3F, 0xFF5F, 0xFF5F, 0xFF5F, 0xFF5F, 0xFF3F, 0xF73F, 0xFF3F, 0xFF3F, 0xFF5F, 0xFF5F, 0xFF3F, 0xF73F, 0xF71F,
  0xEEDF, 0xEEBF, 0xEE9F, 0xEE9F, 0xEEBF, 0xEEBF, 0xEE9F, 0xEEBF, 0xEEBF, 0xF6DF, 0xF6DF, 0xF6DF, 0xF6FF, 0xF6FF, 0xF6FF, 0xF6DF,
  0xEEBF, 0xEE9F, 0xEE9F, 0xEEBF, 0xEE9F, 0xEE9F, 0xEE9F, 0xEE9E, 0xEE9E, 0xEE9E, 0xEE9E, 0xF69E, 0xF69E, 0xF6BE, 0xF6BE, 0xF6BE,
  0xF6BE, 0xF6BE, 0xF6FE, 0xFF5E, 0xFF7E, 0xFF9E, 0xFF9D, 0xFF9D, 0xFF9D, 0xFF9D, 0xFF9D, 0xFF9D, 0xFF9D, 0xFF9D, 0xFF9D, 0xFF9D,
  0xFF9E, 0xFF9E, 0xFF5E, 0xF71E, 0xF6DD, 0xF69E, 0xF69E, 0xF6BE, 0xF6BE, 0xF69E, 0xF69E, 0xF69E, 0xEE9E, 0xEE9E, 0xEE9E, 0xEE9E,
  0xEE7E, 0xEE7E, 0xEE7E, 0xEE7E, 0xEE7F, 0xEE7F, 0xEE7F, 0xEE7F, 0xEE7F, 0xEE7F, 0xE65F, 0xE65F, 0xE65F, 0xE63F, 0xE63F, 0xE63F,
  0xE63F, 0xE63F, 0xE63F, 0xE63F, 0xE63F, 0xE63F, 0xE63F, 0xE63F, 0xE63F, 0xE63F, 0xE63F, 0xE63F, 0xE63F, 0xE63F, 0xE63F, 0xE65F,
  0xFF3F, 0xFF5E, 0xFF3E, 0xFF3E, 0xFF1E, 0xFF1F, 0xFF1F, 0xFEFF, 0xFEFF, 0xFEDF, 0xFEDF, 0xF6BF, 0xF6BF, 0xF6BF, 0xF69F, 0xF69F,
  0xEE9F, 0xF69F, 0xF69F, 0xEE9F, 0xF69F, 0xF69F, 0xEE9F, 0xEE9F, 0xEE9F, 0xEE9F, 0xEE9F, 0xEE9F, 0xEE9F, 0xEE7F, 0xEE5F, 0xE63F,
  0x62D0, 0xBD3F, 0xB4FF, 0xB4FF, 0xB4FF, 0xB4FF, 0xB4FF, 0xB4DF, 0xB4DF, 0xB4DF, 0xB4DF, 0xB4DF, 0xB4DF, 0xB4DF, 0xB4DF, 0xB4DF,
  0xB4BF, 0xB4DF, 0xACBF, 0xB4DF, 0xACDF, 0xACDF, 0xB4DF, 0xACBF, 0xACBF, 0xACBE, 0xB4DE, 0xBD5E, 0xCDDE, 0xDE9F, 0xE6BF, 0xE6BF,
  0xDE9F, 0xDE9F, 0xDE9F, 0xDE9F, 0xDE9F, 0xDE9F, 0xDE9F, 0xDE9F, 0xDE9F, 0xE69F, 0xDE9F, 0xDE9F, 0xDE9F, 0xDE9F, 0xDE9F, 0xE69F,
  0xE6BF, 0xDEBF, 0xE6BF, 0xEF3F, 0xFF9F, 0xF77F, 0xF77F, 0xF75F, 0xF75F, 0xF75F, 0xF75F, 0xF75F, 0xF75F, 0xF75F, 0xF75F, 0xF75F,
  0xF75F, 0xF73F, 0xF75F, 0xF73F, 0xF73F, 0xF73F, 0xF73F, 0xF73F, 0xF73F, 0xF73F, 0xF73F, 0xF73F, 0xF73F, 0xF73F, 0xF73F, 0xF73F,
  0xF71F, 0xF71F, 0xF71F, 0xF71F, 0xF71F, 0xF71F, 0xF73F, 0xF6FF, 0xF6FF, 0xF71F, 0xF73F, 0xF73F, 0xF73F, 0xF71F, 0xF71F, 0xF73F,
  0xFF3F, 0xFF3F, 0xFF5F, 0xF75F, 0xFF3F, 0xFF3F, 0xFF5F, 0xFF5F, 0xFF5F, 0xFF5F, 0xFF3F, 0xF6FF, 0xEEDF, 0xEE9F, 0xE67F, 0xE65F,
  0xE65F, 0xE65F, 0xE67F, 0xE67F, 0xE63F, 0xDE3F, 0xDE3F, 0xE65F, 0xE65F, 0xE65F, 0xE65E, 0xE65E, 0xE67F, 0xEE9F, 0xEEBF, 0xEEBF,
  0xEE9F, 0xEE9F, 0xEE9F, 0xEEBF, 0xEEBF, 0xEE9F, 0xEE9E, 0xEEBE, 0xEE9E, 0xF6BE, 0xEEBE, 0xF6BE, 0xF6BE, 0xF6BE, 0xF6BE, 0xF6BE,
  0xF6FE, 0xFF5E, 0xFF9E, 0xFFBD, 0xFF9D, 0xFF9D, 0xFF9D, 0xFF9D, 0xFF9D, 0xFF9D, 0xFF9D, 0xFF9D, 0xFF9D, 0xFF9D, 0xFF9D, 0xFF9D,
  0xFF9D, 0xFF9D, 0xFF9D, 0xFF9D, 0xFF7E, 0xFF1D, 0xF6DD, 0xF6BE, 0xF6BE, 0xF6BE, 0xF69E, 0xF69E, 0xF69E, 0xF69E, 0xF69E, 0xEE9E,
  0xEE9E, 0xEE7F, 0xEE7E, 0xEE7E, 0xEE7F, 0xEE7F, 0xEE7F, 0xEE7F, 0xEE5F, 0xEE7F, 0xEE5F, 0xEE5F, 0xE65F, 0xE65F, 0xE63F, 0xE63F,
  0xE63F, 0xE63F, 0xE63F, 0xE63F, 0xE63F, 0xE63F, 0xE63F, 0xE63F, 0xE63F, 0xE63F, 0xE63F, 0xE63F, 0xE63F, 0xE65F, 0xE63F, 0xEEDF,
  0xFF7E, 0xFF5E, 0xFF3E, 0xFF3E, 0xFF1E, 0xFF1F, 0xFEFF, 0xFEFF, 0xFEDF, 0xF6DF, 0xF6BF, 0xF6BF, 0xF6BF, 0xF6BF, 0xF69F, 0xF69F,
  0xEE9F, 0xF69F, 0xF69F, 0xF69F, 0xF69F, 0xF69F, 0xEE9F, 0xEE9F, 0xEE9F, 0xF6BF, 0xEE9F, 0xEE9F, 0xEE7F, 0xEE5F, 0xE63F, 0xDE1F,
  0x62D1, 0xBD3F, 0xB4FF, 0xB4FF, 0xB4DF, 0xB4DF, 0xB4DF, 0xB4DF, 0xB4DF, 0xB4DF, 0xB4DF, 0xB4DF, 0xB4DF, 0xB4DF, 0xB4DF, 0xB4DF,
  0xACBF, 0xACBF, 0xACBE, 0xACBE, 0xACBF, 0xACBF, 0xACBF, 0xACBF, 0xB4DE, 0xB4DF, 0xB4DF, 0xACBF, 0xACBE, 0xB4FE, 0xC59E, 0xD63F,
  0xE6BF, 0xE6DF, 0xDE9F, 0xDE9F, 0xDE9F, 0xDE9F, 0xE69F, 0xDE9F, 0xDE9F, 0xE6BF, 0xDE9F, 0xE69F, 0xDE9F, 0xDE9F, 0xDE9F, 0xDE9F,
  0xE69F, 0xE6BF, 0xE6BF, 0xDE9F, 0xEEFF, 0xF75F, 0xF77F, 0xF75F, 0xF75F, 0xF75F, 0xF75F, 0xF75F, 0xF75F, 0xF75F, 0xF75F, 0xF75F,
  0xF75F, 0xF75F, 0xF73F, 0xF73F, 0xF73F, 0xF73F, 0xF73F, 0xF73F, 0xF73F, 0xF73F, 0xF73F, 0xF73F, 0xF73F, 0xF73F, 0xF73F, 0xF73F,
  0xF73F, 0xF71F, 0xF71F, 0xF71F, 0xF71F, 0xF71F, 0xF71F, 0xF71F, 0xF71F, 0xF73F, 0xF73F, 0xF73F, 0xFF3F, 0xF71F, 0xF73F, 0xFF3F,
  0xFF3F, 0xFF3F, 0xFF3F, 0xFF5F, 0xFF5F, 0xFF7F, 0xFF7F, 0xF73F, 0xF6FF, 0xEEBF, 0xEE9F, 0xE67F, 0xE67F, 0xEE7F, 0xEE7F, 0xE67F,
  0xE67F, 0xEE5F, 0xEE9F, 0xE65F, 0xE63F, 0xE63F, 0xE63F, 0xE65F, 0xE65F, 0xE63F, 0xE63F, 0xE63F, 0xE63F, 0xE65F, 0xEE7F, 0xEE7F,
  0xEE7F, 0xEE7F, 0xEE7F, 0xEE9F, 0xEE9F, 0xEE9F, 0xEEBF, 0xF6BE, 0xF69E, 0xF6BE, 0xF6BE, 0xF6BE, 0xF6BE, 0xF6BD, 0xF6DE, 0xFF5E,
  0xFF9E, 0xFF9D, 0xFF9D, 0xFF9D, 0xFF9D, 0xFF9D, 0xFF9D, 0xFF9D, 0xFF9D, 0xFF9D, 0xFF9D, 0xFF9D, 0xFF9D, 0xFF9D, 0xFF9D, 0xFF9D,
  0xFF9D, 0xFF9D, 0xFF9D, 0xFF7C, 0xFF9C, 0xFF9D, 0xFF7D, 0xF6FD, 0xF6BD, 0xF6BE, 0xF69E, 0xF69E, 0xF69E, 0xF69E, 0xF69E, 0xF69E,
  0xEE9E, 0xEE7E, 0xEE7E, 0xEE7E, 0xEE7E, 0xEE7F, 0xEE7F, 0xEE7F, 0xEE5F, 0xEE7F, 0xEE7F, 0xEE5F, 0xEE5F, 0xEE5F, 0xE65F, 0xE65F,
  0xE65F, 0xE65F, 0xE65F, 0xE63F, 0xE63F, 0xE63F, 0xE63F, 0xE63F, 0xE63F, 0xE63F, 0xE63F, 0xE63F, 0xE63F, 0xE65F, 0xE65E, 0xFF3F,
  0xFF5E, 0xFF5E, 0xFF3E, 0xFF3E, 0xFF1E, 0xFF1F, 0xFEFF, 0xFEDF, 0xF6DF, 0xF6BF, 0xF6BF, 0xF6BF, 0xF69F, 0xF6BF, 0xF69F, 0xF69F,
  0xF69F, 0xF69F, 0xF69F, 0xF69F, 0xF69F, 0xF69F, 0xEE9F, 0xF6BF, 0xF6BF, 0xF6BF, 0xEE9F, 0xEE7F, 0xE65F, 0xDE3F, 0xDE1F, 0xDE1F,
  0x62D1, 0xBD3F, 0xB4DF, 0xB4DF, 0xB4DF, 0xB4DF, 0xB4DF, 0xB4DF, 0xB4DF, 0xB4DF, 0xB4DF, 0xB4DF, 0xACDF, 0xB4BF, 0xACBF, 0xB4BF,
  0xACBF, 0xACBF, 0xACBF, 0xACBF, 0xACBF, 0xACBF, 0xACBF, 0xACBF, 0xACBF, 0xACBF, 0xB4BF, 0xB4DF, 0xB4DF, 0xB4DF, 0xB4DE, 0xB4DE,
  0xBD3E, 0xCDFE, 0xE69F, 0xE6DF, 0xE6BF, 0xE69F, 0xE6BF, 0xE6BF, 0xE6BF, 0xE6BF, 0xDE9F, 0xE6BF, 0xE6BF, 0xE6BF, 0xE6BF, 0xE6BF,
  0xE69F, 0xE69F, 0xE6BF, 0xE6BF, 0xE6BF, 0xE6DF, 0xEF3F, 0xFF7F, 0xF75F, 0xF75F, 0xF75F, 0xF75F, 0xF75F, 0xF75F, 0xF75F, 0xF75F,
  0xF75F, 0xF75F, 0xF73F, 0xF73F, 0xF73F, 0xF73F, 0xF73F, 0xF73F, 0xF73F, 0xF73F, 0xF73F, 0xF73F, 0xF73F, 0xF73F, 0xF73F, 0xF73F,
  0xF73F, 0xF73F, 0xF73F, 0xF71F, 0xF71F, 0xF71F, 0xF73F, 0xF73F, 0xF73F, 0xF73F, 0xF73F, 0xF71F, 0xFF3F, 0xFF3F, 0xFF3F, 0xFF3F,
  0xF73F, 0xFF5F, 0xFF7F, 0xFF7F, 0xF73F, 0xEEFE, 0xEE9E, 0xEE7F, 0xEE7F, 0xEE7F, 0xEE7F, 0xE67F, 0xE67F, 0xEE7F, 0xEE7F, 0xE67F,
  0xEE7F, 0xEE7F, 0xE65F, 0xE63F, 0xE65F, 0xE63F, 0xE63F, 0xE63F, 0xE63F, 0xE65F, 0xE65F, 0xE65F, 0xE65F, 0xEE7F, 0xEE7F, 0xEE7F,
  0xEE7F, 0xEE7E, 0xEE9F, 0xEE9F, 0xEE9E, 0xEE9E, 0xF69E, 0xF69E, 0xF69E, 0xF6BE, 0xF6BE, 0xF6BE, 0xEEBD, 0xF6FD, 0xFF7E, 0xFF9D,
  0xFF9D, 0xFF9D, 0xFF9D, 0xFF9D, 0xFF9D, 0xFF9D, 0xFF9D, 0xFF9D, 0xFF9D, 0xFF9D, 0xFF9D, 0xFF9D, 0xFF7D, 0xFF9D, 0xFF9D, 0xFF9D,
  0xFF9D, 0xFF9D, 0xFF9D, 0xFF7D, 0xFF9C, 0xFF7C, 0xFF9D, 0xFF7D, 0xFF3D, 0xF6DD, 0xF6BE, 0xF69E, 0xF69E, 0xF69E, 0xF69E, 0xF69E,
  0xF69E, 0xF69E, 0xF69E, 0xEE7E, 0xEE7F, 0xEE7F, 0xEE7E, 0xEE7F, 0xEE7F, 0xEE7F, 0xEE7F, 0xEE5F, 0xEE5F, 0xEE5F, 0xEE5F, 0xEE5F,
  0xEE5F, 0xEE5F, 0xEE5F, 0xEE5F, 0xEE5F, 0xEE5F, 0xE63F, 0xE65F, 0xE65F, 0xE65F, 0xE65F, 0xE65F, 0xE65F, 0xE65F, 0xEE9E, 0xFF5F,
  0xFF5E, 0xFF3E, 0xFF3E, 0xFF1E, 0xFF1F, 0xFEFF, 0xFEFF, 0xFEDF, 0xFEDF, 0xF6DF, 0xF6BF, 0xF69F, 0xF69F, 0xF69F, 0xF69F, 0xF69F,
  0xF69F, 0xF69F, 0xF69F, 0xF69F, 0xF69F, 0xF69F, 0xF6BF, 0xF6DF, 0xF6BF, 0xEE9F, 0xE65F, 0xDE1F, 0xDDFF, 0xDDFF, 0xDE1F, 0xDE1F,
  0x62D1, 0xBD3F, 0xB4DF, 0xB4DF, 0xB4DF, 0xB4DF, 0xB4DF, 0xACBF, 0xB4DF, 0xACBF, 0xACBF, 0xACBF, 0xACBF, 0xACBF, 0xACBF, 0xB4BF,
  0xACBF, 0xACBF, 0xACBF, 0xACBF, 0xACBF, 0xACBF, 0xACBF, 0xACBF, 0xACBF, 0xACBF, 0xACBF, 0xACBF, 0xB4DF, 0xB4DF, 0xB4DF, 0xB4DF,
  0xB4DF, 0xB4BE, 0xB51E, 0xCDBE, 0xDE7F, 0xEEDF, 0xE6DF, 0xE6BF, 0xE6BF, 0xE6BF, 0xE6BF, 0xE6BF, 0xE6BF, 0xE6BF, 0xE6BF, 0xE6BF,
  0xE6BF, 0xE6BF, 0xE6BF, 0xE6BF, 0xE6BF, 0xE6BF, 0xE6BE, 0xEF1F, 0xFF7F, 0xF77F, 0xF75F, 0xF77F, 0xF75F, 0xF75F, 0xF75F, 0xF75F,
  0xF75F, 0xF75F, 0xF73F, 0xF73F, 0xF73F, 0xF73F, 0xF73F, 0xF73F, 0xF73F, 0xF73F, 0xF73F, 0xF73F, 0xF73F, 0xF73F, 0xF73F, 0xF73F,
  0xF73F, 0xF71F, 0xF71F, 0xF73F, 0xF73F, 0xF73F, 0xF73F, 0xF73F, 0xF73F, 0xFF3F, 0xF71F, 0xFF3F, 0xFF3F, 0xFF5F, 0xFF5F, 0xFF7F,
  0xFF7F, 0xF73F, 0xF6FF, 0xEEBF, 0xE67F, 0xEE7F, 0xEE5F, 0xEE7F, 0xEE7F, 0xEE7F, 0xE65F, 0xE65F, 0xEE7F, 0xEE7F, 0xE67F, 0xEE7F,
  0xEE7F, 0xE63F, 0xE63F, 0xE63F, 0xE65F, 0xE63F, 0xE63F, 0xDE3F, 0xE63F, 0xE63F, 0xE65F, 0xE65F, 0xE65F, 0xEE7F, 0xEE7F, 0xEE7F,
  0xEE7F, 0xEE9F, 0xEE9F, 0xEE9E, 0xEE9E, 0xF6BE, 0xF6BE, 0xF6BE, 0xF6BE, 0xF6BE, 0xF6BE, 0xF6BD, 0xF71E, 0xFF9E, 0xFF9D, 0xFF9D,
  0xFF9D, 0xFF9D, 0xFF9D, 0xFF9D, 0xFF9D, 0xFF9D, 0xFF9D, 0xFF9D, 0xFF9D, 0xFF9D, 0xFF9C, 0xFF9D, 0xFF7D, 0xFF7D, 0xFF7D, 0xFF7D,
  0xFF7D, 0xFF7C, 0xFF9C, 0xFF9C, 0xFF7D, 0xFF7D, 0xFF7C, 0xFF9C, 0xFF9D, 0xFF5D, 0xF6DD, 0xF69E, 0xF69E, 0xF6BE, 0xF69E, 0xF69E,
  0xF69E, 0xF69E, 0xF69E, 0xF69E, 0xF69F, 0xF69F, 0xEE7E, 0xEE7F, 0xEE7F, 0xEE7F, 0xEE5F, 0xEE5F, 0xEE5F, 0xEE5F, 0xEE5F, 0xEE5F,
  0xEE5F, 0xEE5F, 0xEE5F, 0xEE5F, 0xEE5F, 0xEE5F, 0xEE5F, 0xEE5F, 0xEE5F, 0xEE5F, 0xE65F, 0xE65F, 0xE65F, 0xE65F, 0xEEBF, 0xFF5F,
  0xFF3E, 0xFF3E, 0xFF1E, 0xFF1E, 0xFEFF, 0xFEFF, 0xFEDF, 0xFEDF, 0xFEDF, 0xF6BF, 0xF6BF, 0xF69F, 0xF69F, 0xF69F, 0xF69F, 0xF69F,
  0xF69F, 0xF69F, 0xF69F, 0xF69F, 0xF69F, 0xF69F, 0xF6BF, 0xF69F, 0xEE5F, 0xE61F, 0xDDFF, 0xDDFF, 0xDDDF, 0xDDFF, 0xDDFF, 0xDE1F,
  0x62D1, 0xBD3F, 0xB4DF, 0xB4DF, 0xB4DF, 0xB4DF, 0xB4BF, 0xACBF, 0xACBF, 0xACBF, 0xACBF, 0xACBF, 0xACBF, 0xACBF, 0xACBF, 0xACBF,
  0xACBF, 0xACBF, 0xACBF, 0xACBE, 0xACBF, 0xACBF, 0xACBF, 0xACBF, 0xACBF, 0xACBF, 0xACBF, 0xACBF, 0xACBF, 0xB4DF, 0xB4DF, 0xB4DF,
  0xB4DF, 0xB4DF, 0xB4DF, 0xB4DE, 0xB4FE, 0xCDBE, 0xE69F, 0xEEFF, 0xE6DF, 0xE6BF, 0xE6BF, 0xE6BF, 0xE6BF, 0xE6BF, 0xE6BF, 0xE6BF,
  0xE6BF, 0xE6BF, 0xE6BF, 0xE6BF, 0xE6BF, 0xE6BF, 0xE6BF, 0xE6BF, 0xE6FE, 0xF75F, 0xFF7F, 0xF75F, 0xF75F, 0xF75F, 0xF75F, 0xF75F,
  0xF75F, 0xF73F, 0xF73F, 0xF73F, 0xF73F, 0xF73F, 0xF73F, 0xF73F, 0xF73F, 0xF73F, 0xF73F, 0xF73F, 0xF73F, 0xF73F, 0xF73F, 0xF73F,
  0xF73F, 0xF73F, 0xF73F, 0xF73F, 0xF73F, 0xF73F, 0xF73F, 0xFF5F, 0xFF3F, 0xFF3F, 0xFF3F, 0xFF5F, 0xFF5F, 0xFF5F, 0xFF5F, 0xF71F,
  0xEEBF, 0xE67E, 0xE67F, 0xEE7F, 0xEE7F, 0xE65F, 0xE67F, 0xE65F, 0xE65F, 0xE65F, 0xE65F, 0xEE7F, 0xEE7F, 0xEE7F, 0xEE9F, 0xEE7F,
  0xE65F, 0xE65F, 0xE65F, 0xE65F, 0xE65F, 0xE65F, 0xE63F, 0xE63F, 0xE63F, 0xE65F, 0xE65F, 0xE65F, 0xE65F, 0xE67F, 0xEE7F, 0xEE7F,
  0xEE9F, 0xEE9F, 0xEE9E, 0xEE9E, 0xF69E, 0xF69E, 0xF6BE, 0xF6BE, 0xF6BE, 0xF6BE, 0xF6BE, 0xFF1E, 0xFF9E, 0xFF9D, 0xFF9D, 0xFF9D,
  0xFF9D, 0xFF9D, 0xFF9D, 0xFF9D, 0xFF9D, 0xFF9D, 0xFF9D, 0xFF9D, 0xFF9D, 0xFF9D, 0xFF9D, 0xFF9C, 0xFF9C, 0xFF9C, 0xFF9D, 0xFF9C,
  0xFF9C, 0xFF9C, 0xFF7C, 0xFF7D, 0xFF7C, 0xFF9D, 0xFF7D, 0xFF7D, 0xFF7C, 0xFF9D, 0xFF5D, 0xF6DD, 0xF6BE, 0xF69E, 0xF6BE, 0xF69E,
  0xF69E, 0xF69E, 0xF69E, 0xF69E, 0xF69F, 0xF69E, 0xF69E, 0xEE7E, 0xEE7F, 0xEE7F, 0xEE7F, 0xEE5E, 0xEE7F, 0xEE7F, 0xEE5F, 0xEE5F,
  0xEE7F, 0xEE7F, 0xEE7F, 0xEE7F, 0xEE7F, 0xEE7F, 0xEE7F, 0xEE5F, 0xEE5F, 0xEE9F, 0xEE9F, 0xF6BF, 0xEEBF, 0xEE9F, 0xF6BF, 0xFF3F,
  0xFF1E, 0xFF1F, 0xFF1F, 0xFEFF, 0xFEDF, 0xFEDF, 0xFEDF, 0xF6BF, 0xF6BF, 0xF6BF, 0xF69F, 0xF69F, 0xF69F, 0xF69F, 0xF69F, 0xF69F,
  0xF69F, 0xF69F, 0xF69F, 0xF69F, 0xF6BF, 0xF6BF, 0xEE7F, 0xE61E, 0xDDDF, 0xD5DF, 0xDDFF, 0xDDFF, 0xDDFF, 0xDDFF, 0xDDFF, 0xDE1F,
  0x62D1, 0xBD1F, 0xB4DF, 0xB4DF, 0xB4DF, 0xB4DF, 0xB4DF, 0xACBF, 0xACBF, 0xACBF, 0xACBF, 0xACBF, 0xACBF, 0xACBF, 0xAC9F, 0xAC9F,
  0xACBF, 0xACBF, 0xACBF, 0xACBF, 0xAC9F, 0xACBF, 0xAC9F, 0xAC9F, 0xACBF, 0xACBF, 0xACBF, 0xACBF, 0xACBF, 0xB4BF, 0xACDF, 0xACDF,
  0xB4BF, 0xB4DF, 0xB4DF, 0xB4DF, 0xB4FF, 0xB4DF, 0xB4FE, 0xCDDE, 0xE6BF, 0xE71F, 0xE6DF, 0xE6BF, 0xE6DF, 0xE6BF, 0xE6BF, 0xE6BF,
  0xE6BF, 0xE6BF, 0xE6BF, 0xE6BF, 0xDEBF, 0xE6BF, 0xE6BF, 0xE6BF, 0xE6BF, 0xE6DF, 0xF73F, 0xFF7F, 0xF77F, 0xF75F, 0xF75F, 0xF75F,
  0xF75F, 0xF75F, 0xF75F, 0xF75F, 0xF75F, 0xF73F, 0xF73F, 0xF73F, 0xF73F, 0xF73F, 0xF73F, 0xF73F, 0xF73F, 0xF73F, 0xF73F, 0xF73F,
  0xFF3F, 0xFF3F, 0xFF3F, 0xFF3F, 0xFF3F, 0xFF3F, 0xFF3F, 0xFF3F, 0xFF3F, 0xFF5F, 0xFF5F, 0xFF5F, 0xFF3F, 0xF6FF, 0xEEBF, 0xEE9F,
  0xEE7F, 0xEE7F, 0xEE7F, 0xEE5F, 0xE65F, 0xEE7F, 0xE65F, 0xE65F, 0xE65F, 0xEE5F, 0xE65F, 0xE65F, 0xEE7F, 0xEE7F, 0xE65F, 0xE65F,
  0xE65F, 0xE65F, 0xE65F, 0xE67F, 0xE65F, 0xE63F, 0xE65F, 0xE65F, 0xE65F, 0xE65F, 0xE65F, 0xEE5F, 0xEE7F, 0xEE7F, 0xEE7F, 0xEE7F,
  0xEE7F, 0xEE9F, 0xEE9E, 0xF69E, 0xF69E, 0xF69E, 0xF6BE, 0xF6BE, 0xF6BE, 0xF6BE, 0xF71E, 0xFF9E, 0xFF9D, 0xFF9D, 0xFF9D, 0xFF9D,
  0xFF9D, 0xFF9D, 0xFF9D, 0xFF9D, 0xFF9D, 0xFF9D, 0xFF9D, 0xFF9D, 0xFF9D, 0xFF9D, 0xFF9C, 0xFF9C, 0xFF9C, 0xFF9C, 0xFF9C, 0xFF9C,
  0xFF9C, 0xFF9C, 0xFF7C, 0xFF7C, 0xFF7C, 0xFF9C, 0xFF7C, 0xFF7D, 0xFF7D, 0xFF7C, 0xFF9D, 0xFF5D, 0xF6BD, 0xF6BE, 0xF6BE, 0xF6BE,
  0xF6BE, 0xF6BE, 0xF69E, 0xF69E, 0xF69E, 0xF69E, 0xF69F, 0xF69F, 0xEE7F, 0xF67F, 0xEE7F, 0xEE7F, 0xEE7E, 0xEE7F, 0xEE7F, 0xEE7F,
  0xEE7F, 0xEE7F, 0xEE7F, 0xEE5F, 0xEE7F, 0xEE7F, 0xEE7E, 0xF6BF, 0xFEFF, 0xFF1F, 0xFF3F, 0xFF3F, 0xFF3F, 0xFF1F, 0xFEFF, 0xFF1E,
  0xFEFE, 0xFEFF, 0xFEFF, 0xF6DF, 0xF6DF, 0xFEDF, 0xF6BF, 0xF6BF, 0xF6BF, 0xF69F, 0xF69F, 0xF69F, 0xF69F, 0xF69F, 0xF6BF, 0xF69F,
  0xF69F, 0xF69F, 0xF69F, 0xF6BF, 0xF6BF, 0xE65F, 0xDDFE, 0xDDDF, 0xDDDF, 0xD5DF, 0xDDFF, 0xDDFF, 0xDE1F, 0xDE1F, 0xDE1F, 0xDE1F,
  0x62F1, 0xBD1F, 0xB4BF, 0xB4DF, 0xB4BF, 0xB4BF, 0xACBF, 0xACBF, 0xACBF, 0xACBF, 0xACBF, 0xAC9F, 0xACBF, 0xACBF, 0xAC9F, 0xAC9F,
  0xAC9F, 0xAC9F, 0xAC9F, 0xAC9F, 0xAC9F, 0xAC9F, 0xAC9F, 0xAC9F, 0xACBF, 0xACBF, 0xACBF, 0xACBF, 0xACBF, 0xACBF, 0xACBF, 0xACBF,
  0xACBF, 0xB4DF, 0xB4DF, 0xB4DF, 0xB4DF, 0xB4FF, 0xB4FF, 0xB4FF, 0xBD3E, 0xCDFE, 0xE6BF, 0xEEFF, 0xE6BF, 0xE6BF, 0xE6BF, 0xE6BF,
  0xE6BF, 0xE6BF, 0xE6BF, 0xE6BF, 0xE6BF, 0xE6BF, 0xE6BF, 0xE6BF, 0xE6BF, 0xE6BF, 0xE6DF, 0xEF1F, 0xF77F, 0xF77F, 0xF75F, 0xF75F,
  0xF75F, 0xF75F, 0xF75F, 0xF75F, 0xFF5F, 0xF75F, 0xF75F, 0xF75F, 0xF73F, 0xF73F, 0xF73F, 0xFF3F, 0xFF3F, 0xFF3F, 0xFF3F, 0xFF3F,
  0xFF3F, 0xFF3F, 0xFF3F, 0xFF3F, 0xFF3F, 0xFF3F, 0xFF3F, 0xFF3F, 0xFF5F, 0xFF5F, 0xF71F, 0xEEDF, 0xEE9F, 0xEE7F, 0xEE7F, 0xEE7F,
  0xEE7F, 0xEE5F, 0xE65F, 0xE65F, 0xE65F, 0xE67F, 0xE67F, 0xE67F, 0xE67F, 0xE65F, 0xE65F, 0xEE7F, 0xEE7F, 0xE65F, 0xE63F, 0xE65F,
  0xE65F, 0xE67F, 0xEE7F, 0xE67F, 0xE65F, 0xE65F, 0xE65F, 0xE65F, 0xE65F, 0xE65F, 0xEE5F, 0xEE7F, 0xEE7F, 0xEE7F, 0xEE7F, 0xEE7F,
  0xEE7F, 0xEE9F, 0xF69E, 0xF69E, 0xF69E, 0xF69E, 0xF6BE, 0xF6BE, 0xF6BE, 0xF6FE, 0xFF7E, 0xFF9D, 0xFF9D, 0xFF9D, 0xFF9D, 0xFF9D,
  0xFF9D, 0xFF9D, 0xFF9D, 0xFF9D, 0xFF9D, 0xFF9D, 0xFF9D, 0xFF9C, 0xFF9D, 0xFF9C, 0xFF9C, 0xFF9C, 0xFF9C, 0xFF9C, 0xFF9C, 0xFF9C,
  0xFF7C, 0xFF9C, 0xFF7C, 0xFF7C, 0xFF7C, 0xFF7C, 0xFF7C, 0xFF7C, 0xFF7C, 0xFF7C, 0xFF7C, 0xFF7D, 0xFF1D, 0xF6BE, 0xF6BE, 0xF6BE,
  0xF6BE, 0xF6BE, 0xF69E, 0xF69E, 0xF69E, 0xF69E, 0xF69E, 0xF69E, 0xF69E, 0xEE7E, 0xEE7F, 0xEE7F, 0xEE7F, 0xEE7F, 0xEE7F, 0xEE7F,
  0xEE7F, 0xEE7F, 0xEE7F, 0xEE7F, 0xEE7F, 0xEE9E, 0xFF1F, 0xFF5F, 0xFF3E, 0xFF3E, 0xFF1E, 0xFF1E, 0xFF1F, 0xFEFF, 0xFF1E, 0xFEFE,
  0xFEFF, 0xFEDF, 0xF6DF, 0xFEDF, 0xFEDF, 0xF6DF, 0xF6BF, 0xF6BF, 0xF69F, 0xF69F, 0xF69F, 0xF69F, 0xF69F, 0xF69F, 0xF69F, 0xF69F,
  0xF69F, 0xF6BF, 0xF6BF, 0xEE7F, 0xE61F, 0xDDFF, 0xDDFF, 0xDDFF, 0xD5DF, 0xD5DF, 0xDDFF, 0xDDFF, 0xDE1F, 0xDE1F, 0xDE1F, 0xDE1F,
  0x62D1, 0xBD1F, 0xACBF, 0xACBF, 0xB4BF, 0xB4BF, 0xACBF, 0xACBF, 0xACBF, 0xACBF, 0xAC9F, 0xAC9F, 0xAC9F, 0xAC9F, 0xAC9F, 0xAC9F,
  0xAC9F, 0xAC9F, 0xAC9F, 0xAC9F, 0xAC9F, 0xAC9F, 0xAC9F, 0xAC9F, 0xAC9F, 0xACBF, 0xACBF, 0xACBF, 0xACBF, 0xACBF, 0xACBF, 0xACBF,
  0xACBF, 0xB4DF, 0xB4DF, 0xB4DF, 0xB4DF, 0xB4DF, 0xB4FF, 0xB4FF, 0xB4FF, 0xB4DF, 0xBD3E, 0xD63E, 0xE6DF, 0xEEFF, 0xE6BF, 0xE6BF,
  0xE6BF, 0xE6BF, 0xE6BF, 0xE6BF, 0xE6BF, 0xE6BF, 0xE6BF, 0xE6BF, 0xE6BF, 0xE6BF, 0xE6DF, 0xE6DF, 0xEEFF, 0xF75F, 0xFF7F, 0xF75F,
  0xFF5F, 0xF75F, 0xF75F, 0xF75F, 0xFF5F, 0xFF5F, 0xF75F, 0xF75F, 0xF73F, 0xF73F, 0xF75F, 0xF75F, 0xFF3F, 0xFF3F, 0xFF3F, 0xFF3F,
  0xFF5F, 0xFF3F, 0xFF3F, 0xFF3F, 0xFF3F, 0xFF3F, 0xFF5F, 0xFF5F, 0xF71F, 0xEEBF, 0xEE9F, 0xEE7F, 0xEE7F, 0xEE7F, 0xEE7F, 0xEE7F,
  0xEE7F, 0xE67F, 0xE65F, 0xE65F, 0xE67F, 0xE67F, 0xE67F, 0xE67F, 0xE67F, 0xE67F, 0xEE7F, 0xEE7F, 0xE63F, 0xE63F, 0xE67F, 0xE67F,
  0xE67F, 0xEE7F, 0xEE7F, 0xE65F, 0xE65F, 0xE65F, 0xE65F, 0xE65F, 0xEE5F, 0xEE5F, 0xEE7F, 0xEE7F, 0xEE7F, 0xEE7F, 0xEE7F, 0xEE7F,
  0xEE7F, 0xEE9F, 0xF69E, 0xF69E, 0xF69E, 0xF69E, 0xF6BE, 0xF6BE, 0xF6BE, 0xFF5E, 0xFF9D, 0xFF9C, 0xFF7D, 0xFF9D, 0xFF9D, 0xFF7D,
  0xFF7D, 0xFF9D, 0xFF9D, 0xFF9C, 0xFF9C, 0xFF9C, 0xFF9C, 0xFF9D, 0xFF9C, 0xFF9C, 0xFF9C, 0xFF9C, 0xFF9C, 0xFF7C, 0xFF9C, 0xFF9C,
  0xFF7C, 0xFF7C, 0xFF7C, 0xFF7C, 0xFF7C, 0xFF7C, 0xFF7C, 0xFF7C, 0xFF7C, 0xFF7C, 0xFF7C, 0xFF7C, 0xFF7D, 0xF6FD, 0xF6BE, 0xFEBE,
  0xF6BE, 0xF6BE, 0xF69E, 0xF69E, 0xF69E, 0xF69E, 0xF69E, 0xF69E, 0xF69E, 0xF67E, 0xF69F, 0xEE7F, 0xEE7F, 0xEE7F, 0xEE7F, 0xEE7F,
  0xEE7F, 0xEE7F, 0xEE7F, 0xEE7F, 0xEE9E, 0xFF3F, 0xFF7E, 0xFF5E, 0xFF3E, 0xFF3E, 0xFF1E, 0xFEFF, 0xFEFF, 0xFEFF, 0xFEFF, 0xFEDF,
  0xFEDF, 0xF6DF, 0xF6BF, 0xF6BF, 0xF6BF, 0xF6BF, 0xF6BF, 0xF6BF, 0xF69F, 0xF69F, 0xF69F, 0xF69F, 0xF6BF, 0xF69F, 0xF69F, 0xF69F,
  0xF6BF, 0xF69F, 0xEE5F, 0xDE1F, 0xDDFF, 0xDDFF, 0xDDFF, 0xDDFF, 0xDDFF, 0xDDDF, 0xDDFF, 0xE63F, 0xEE5F, 0xEE7F, 0xEE7F, 0xE67F,
  0x62D1, 0xBD1F, 0xAC9F, 0xB4BF, 0xB4BF, 0xB4BF, 0xACBF, 0xACBF, 0xACBF, 0xACBF, 0xAC9F, 0xAC9F, 0xAC9F, 0xAC9F, 0xAC9F, 0xAC9F,
  0xAC9F, 0xAC9F, 0xAC9F, 0xAC9F, 0xAC9F, 0xAC9F, 0xAC9F, 0xAC9F, 0xAC9F, 0xAC9F, 0xACBF, 0xACBF, 0xACBF, 0xAC9F, 0xACBF, 0xACBF,
  0xACBF, 0xACBF, 0xB4BF, 0xB4DF, 0xB4DF, 0xB4DF, 0xB4DF, 0xB4DF, 0xB4DF, 0xB4FF, 0xB4FF, 0xB4FF, 0xC59E, 0xDE7E, 0xE6DF, 0xE6DF,
  0xDE9F, 0xE6BF, 0xE6BF, 0xE6BF, 0xE6BF, 0xE6BF, 0xE6BF, 0xE6BF, 0xE6BF, 0xE6DF, 0xE6BF, 0xE6DF, 0xE6DF, 0xEEFF, 0xF75F, 0xFF7F,
  0xF75F, 0xF75F, 0xFF5F, 0xFF5F, 0xFF5F, 0xFF5F, 0xFF5F, 0xF75F, 0xF75F, 0xF75F, 0xF75F, 0xF73F, 0xF75F, 0xF75F, 0xFF5F, 0xFF5F,
  0xFF5F, 0xFF5F, 0xFF3F, 0xFF5F, 0xFF5F, 0xFF3F, 0xF6FF, 0xEE9F, 0xEE7F, 0xEE7F, 0xEE7F, 0xE67F, 0xE67F, 0xE67F, 0xE67F, 0xE65F,
  0xE65F, 0xE65F, 0xE65F, 0xE67F, 0xE67F, 0xE67F, 0xE67F, 0xEE7F, 0xEE7F, 0xEE7F, 0xEE7F, 0xE65F, 0xE63F, 0xEE5F, 0xE65F, 0xE65F,
  0xEE7F, 0xE65F, 0xE65F, 0xE65F, 0xEE7F, 0xE65F, 0xEE5F, 0xEE5F, 0xEE7F, 0xEE7F, 0xEE7F, 0xEE7F, 0xEE7F, 0xEE7F, 0xEE7F, 0xEE7F,
  0xEE9F, 0xF69E, 0xF69E, 0xF69E, 0xF69E, 0xF6BE, 0xF6BE, 0xF6BE, 0xF71E, 0xFF9E, 0xFF9C, 0xFF9D, 0xFF7D, 0xFF9D, 0xFF9C, 0xFF7D,
  0xFF7D, 0xFF7D, 0xFF7D, 0xFF9D, 0xFF9D, 0xFF9C, 0xFF9D, 0xFF9D, 0xFF9C, 0xFF9C, 0xFF7C, 0xFF7C, 0xFF7C, 0xFF7C, 0xFF7C, 0xFF7C,
  0xFF7C, 0xFF7C, 0xFF7C, 0xFF7C, 0xFF7C, 0xFF7C, 0xFF7C, 0xFF7C, 0xFF7C, 0xFF7C, 0xFF7C, 0xFF7C, 0xFF7C, 0xFF3D, 0xF6DD, 0xFEBE,
  0xFEBE, 0xF6BE, 0xF6BE, 0xF6BE, 0xF69E, 0xF69E, 0xF69E, 0xF69E, 0xF69E, 0xF69F, 0xF69F, 0xEE7F, 0xF69F, 0xF69F, 0xEE7F, 0xEE7F,
  0xEE7F, 0xEE7F, 0xF67F, 0xEE7E, 0xFF1F, 0xFF5F, 0xFF5E, 0xFF3E, 0xFF3E, 0xFF1F, 0xFEFE, 0xFEFE, 0xFEFF, 0xFEFE, 0xFEDF, 0xFEDF,
  0xFEDF, 0xF6BF, 0xF6BF, 0xF6BF, 0xF6BF, 0xF6BF, 0xF6BF, 0xF6BF, 0xF6BF, 0xF69F, 0xF69F, 0xF69F, 0xF69F, 0xF69F, 0xF69F, 0xF69F,
  0xEE9F, 0xE63F, 0xDE1F, 0xDDFF, 0xDE1F, 0xDDFF, 0xDE1F, 0xDDFF, 0xDDFF, 0xE65F, 0xF6BF, 0xF6BF, 0xF6BF, 0xF6BF, 0xF6BF, 0xF6BF,
  0x62D1, 0xBD1F, 0xACBF, 0xACBF, 0xACBF, 0xB4BF, 0xACBF, 0xACBF, 0xACBF, 0xACBF, 0xAC9F, 0xAC9F, 0xAC9F, 0xAC9F, 0xAC9F, 0xAC9F,
  0xAC9F, 0xAC9F, 0xAC9F, 0xAC9F, 0xAC9F, 0xAC9F, 0xAC9F, 0xAC9F, 0xAC9F, 0xAC9F, 0xAC9F, 0xACBF, 0xACBF, 0xACBF, 0xACBF, 0xACBF,
  0xACBF, 0xACBF, 0xACDF, 0xB4DF, 0xB4DF, 0xB4DF, 0xB4DF, 0xB4DF, 0xB4DF, 0xB4DF, 0xB4FF, 0xB4FF, 0xBD1F, 0xB51E, 0xC59E, 0xE69E,
  0xEEFF, 0xE6BF, 0xE6BF, 0xE6BF, 0xE6BF, 0xE6BF, 0xE6BF, 0xE6BF, 0xE6BF, 0xE6BF, 0xE6BF, 0xE6BF, 0xE6BF, 0xE6BF, 0xE6DE, 0xF73F,
  0xFF7F, 0xFF7F, 0xFF5F, 0xFF5F, 0xFF5F, 0xFF5F, 0xFF5F, 0xFF5F, 0xFF5F, 0xFF5F, 0xF75F, 0xFF5F, 0xFF5F, 0xFF5F, 0xFF5F, 0xFF5F,
  0xFF3F, 0xFF3F, 0xFF5F, 0xFF3F, 0xF6FF, 0xEEBF, 0xEE7F, 0xEE7F, 0xEE7F, 0xEE7F, 0xE67F, 0xE67F, 0xE67F, 0xE67F, 0xE65F, 0xE65F,
  0xE67F, 0xE65F, 0xE67F, 0xEE7F, 0xEE7F, 0xEE7F, 0xEE7F, 0xEE7F, 0xEE7F, 0xE65F, 0xE65F, 0xE65F, 0xEE5F, 0xE65F, 0xE63F, 0xE65F,
  0xE65F, 0xE65F, 0xE65F, 0xE65F, 0xEE5F, 0xEE5F, 0xEE5F, 0xEE5F, 0xEE7F, 0xEE7F, 0xEE7F, 0xEE7F, 0xEE7E, 0xEE7F, 0xEE7F, 0xEE9F,
  0xEE9E, 0xEE9E, 0xF69E, 0xF69E, 0xF6BE, 0xF6BE, 0xF6BE, 0xF6BE, 0xFF5E, 0xFF9D, 0xFF9D, 0xFF9D, 0xFF9D, 0xFF9C, 0xFF9C, 0xFF9C,
  0xFF7C, 0xFF7D, 0xFF7D, 0xFF9D, 0xFF9C, 0xFF9C, 0xFF9D, 0xFF9C, 0xFF7C, 0xFF7C, 0xFF7C, 0xFF7C, 0xFF7C, 0xFF7C, 0xFF7C, 0xFF7C,
  0xFF7C, 0xFF7C, 0xFF7C, 0xFF7C, 0xFF7C, 0xFF7C, 0xFF7C, 0xFF7C, 0xFF7C, 0xFF7C, 0xFF7C, 0xFF7C, 0xFF7C, 0xFF7D, 0xFEFD, 0xFEBE,
  0xFEBE, 0xFEBE, 0xF6BE, 0xF6BE, 0xF6BE, 0xF69E, 0xF69E, 0xF69E, 0xF69E, 0xF69E, 0xF69E, 0xF69E, 0xF69F, 0xF69F, 0xF69F, 0xF69F,
  0xEE9F, 0xEE7E, 0xF69F, 0xF6DE, 0xFF5F, 0xFF3E, 0xFF3E, 0xFF3E, 0xFF1E, 0xFEFE, 0xFEFE, 0xFEDF, 0xFEDF, 0xFEDF, 0xFEDF, 0xF6BF,
  0xF6BF, 0xF6BF, 0xF6BF, 0xF6BF, 0xF6BF, 0xF6BF, 0xF6BF, 0xF6BF, 0xF69F, 0xF69F, 0xF69F, 0xEE7F, 0xF67F, 0xF69F, 0xF69F, 0xEE7F,
  0xDE1F, 0xDDFF, 0xDDFF, 0xDE1F, 0xDE1F, 0xDE1F, 0xDE1F, 0xDE1F, 0xEE9F, 0xF6DF, 0xF6BF, 0xF6BF, 0xF69F, 0xF69F, 0xEEBF, 0xF6BF,
  0x62D1, 0xBD1F, 0xACBF, 0xACBF, 0xB4BF, 0xACBF, 0xB4BF, 0xACBF, 0xACBF, 0xACBF, 0xACBF, 0xACBF, 0xAC9F, 0xAC9F, 0xAC9F, 0xAC9F,
  0xAC9F, 0xAC9F, 0xAC9F, 0xAC9F, 0xAC9F, 0xAC9F, 0xAC9F, 0xAC9F, 0xAC9F, 0xAC9F, 0xAC9F, 0xAC9F, 0xAC9F, 0xACBF, 0xACBF, 0xACBF,
  0xACBF, 0xACBF, 0xACBF, 0xACBF, 0xB4DF, 0xB4DF, 0xB4DF, 0xB4DF, 0xB4DF, 0xB4DF, 0xB4FF, 0xB4FF, 0xB51F, 0xBD1F, 0xB4FF, 0xB51E,
  0xCDFE, 0xE6DF, 0xE6FF, 0xE6BF, 0xE6BF, 0xE6BF, 0xE6BF, 0xE6BF, 0xE6BF, 0xE6BF, 0xE6BF, 0xE6BF, 0xE6BF, 0xE6BF, 0xE6BF, 0xE6BF,
  0xEF1F, 0xFF7F, 0xFF7F, 0xFF5F, 0xFF5F, 0xFF5F, 0xFF5F, 0xFF5F, 0xFF5F, 0xFF5F, 0xFF5F, 0xFF5F, 0xFF5F, 0xFF5F, 0xFF5F, 0xFF5F,
  0xFF5F, 0xFF5F, 0xF6FF, 0xEE9F, 0xEE7F, 0xEE7F, 0xEE9F, 0xEE7F, 0xEE7F, 0xEE7F, 0xE67F, 0xE67F, 0xE67F, 0xE67F, 0xE67F, 0xE67F,
  0xE67F, 0xE67F, 0xE67F, 0xEE7F, 0xEE7F, 0xEE9F, 0xEE9F, 0xE67F, 0xE65F, 0xE65F, 0xE65F, 0xE65F, 0xE65F, 0xE65F, 0xE65F, 0xE65F,
  0xE65F, 0xE65F, 0xE65F, 0xE65F, 0xE65F, 0xEE5F, 0xEE7F, 0xEE7F, 0xEE7F, 0xEE7F, 0xEE7F, 0xEE7F, 0xEE9F, 0xEE9F, 0xEE7E, 0xEE9E,
  0xF69E, 0xF69E, 0xF69E, 0xF69E, 0xF6BE, 0xF6BE, 0xF6BE, 0xF6DE, 0xFF7D, 0xFF9D, 0xFF9D, 0xFF9D, 0xFF9C, 0xFF9C, 0xFF9C, 0xFF9C,
  0xFF9C, 0xFF9C, 0xFF7C, 0xFF9C, 0xFF9C, 0xFF9C, 0xFF9C, 0xFF9C, 0xFF7C, 0xFF7C, 0xFF7C, 0xFF7C, 0xFF7C, 0xFF7C, 0xFF7C, 0xFF7C,
  0xFF7C, 0xFF7C, 0xFF7C, 0xFF7C, 0xFF7C, 0xFF7C, 0xFF7C, 0xFF7C, 0xFF7C, 0xFF7C, 0xFF7C, 0xFF7C, 0xFF7C, 0xFF7C, 0xFF3D, 0xFEBD,
  0xFEBE, 0xFEBE, 0xF6BE, 0xF6BE, 0xF6BE, 0xF6BE, 0xF6BE, 0xF69E, 0xF69E, 0xF69E, 0xF69E, 0xF69E, 0xF69E, 0xF69E, 0xF69F, 0xF69F,
  0xF69F, 0xF69F, 0xF6BE, 0xFF1F, 0xFF5E, 0xFF3E, 0xFF1E, 0xFF1F, 0xFEFF, 0xFEFF, 0xFEDF, 0xFEDF, 0xFEDF, 0xF6BF, 0xF6BF, 0xF6BF,
  0xF6BF, 0xF6BF, 0xF6BF, 0xF6BF, 0xF6BF, 0xF69F, 0xF69F, 0xF69F, 0xF69F, 0xEE7F, 0xEE9F, 0xF69F, 0xF6BF, 0xF6BF, 0xEE5F, 0xDE1F,
  0xDE1F, 0xDE1F, 0xDDFF, 0xDDFF, 0xDE1F, 0xDE1F, 0xDE1F, 0xEE9F, 0xFEDF, 0xF6BF, 0xF6BF, 0xF6BF, 0xF69F, 0xEE9F, 0xEE9F, 0xEE9F,
  0x62D1, 0xBD1F, 0xACBF, 0xB4DF, 0xB4BF, 0xB4BF, 0xB4BF, 0xACBF, 0xACBF, 0xACBF, 0xACBF, 0xAC9F, 0xAC9F, 0xAC9F, 0xAC9F, 0xAC9F,
  0xAC9F, 0xAC9F, 0xAC9F, 0xAC9F, 0xAC9F, 0xAC9F, 0xAC9F, 0xAC9F, 0xAC9F, 0xAC9F, 0xAC9F, 0xAC9F, 0xAC9F, 0xAC9F, 0xAC9F, 0xAC9F,
  0xAC9F, 0xACBF, 0xACBF, 0xACBF, 0xACBF, 0xB4DF, 0xB4DF, 0xB4DF, 0xB4DF, 0xB4DF, 0xB4DF, 0xB4DF, 0xB4FF, 0xB51F, 0xBCFF, 0xBD1F,
  0xB4FF, 0xBD3E, 0xD65E, 0xEEFF, 0xE6DF, 0xE6BF, 0xE6BF, 0xE6BF, 0xE6BF, 0xE69F, 0xE69F, 0xE69F, 0xE69F, 0xE69F, 0xE69F, 0xE6BF,
  0xE6BF, 0xEEFE, 0xFF7F, 0xFF7F, 0xF75F, 0xFF7F, 0xFF5F, 0xFF5F, 0xFF5F, 0xFF5F, 0xFF5F, 0xFF5F, 0xFF5F, 0xFF5F, 0xFF5F, 0xFF5F,
  0xF71F, 0xEEDF, 0xEE9F, 0xEE7F, 0xEE9F, 0xEE9F, 0xEE9F, 0xEE9F, 0xEE7F, 0xEE7F, 0xE67F, 0xE67F, 0xE67F, 0xE67F, 0xEE7F, 0xE67F,
  0xE67F, 0xE67F, 0xE67F, 0xE67F, 0xE65F, 0xE67F, 0xE67F, 0xE65F, 0xE65F, 0xEE7F, 0xE65F, 0xE65F, 0xE65F, 0xE65F, 0xE65F, 0xE65F,
  0xE65F, 0xE65F, 0xE65F, 0xE65F, 0xEE5F, 0xEE5F, 0xEE5F, 0xEE7F, 0xEE7F, 0xEE7F, 0xEE7F, 0xEE7F, 0xEE7F, 0xEE9F, 0xF69F, 0xF69E,
  0xF69E, 0xF6BE, 0xF6BE, 0xF6BE, 0xF6BE, 0xF6BE, 0xF6BE, 0xFF1D, 0xFF9D, 0xFF7D, 0xFF9D, 0xFF9C, 0xFF9C, 0xFF9C, 0xFF9C, 0xFF7C,
  0xFF9C, 0xFF7C, 0xFF7C, 0xFF7C, 0xFF7C, 0xFF7C, 0xFF9C, 0xFF7C, 0xFF7C, 0xFF7C, 0xFF7C, 0xFF7C, 0xFF7C, 0xFF7C, 0xFF7C, 0xFF7C,
  0xFF7C, 0xFF7C, 0xFF7C, 0xFF7C, 0xFF7C, 0xFF7C, 0xFF7C, 0xFF7C, 0xFF5C, 0xFF7C, 0xFF7C, 0xFF7C, 0xFF7C, 0xFF7C, 0xFF5D, 0xFEDD,
  0xFEBE, 0xFEBE, 0xFEBE, 0xF6BE, 0xF6BE, 0xF6BE, 0xF6BE, 0xF6BE, 0xF69E, 0xF69E, 0xF69E, 0xF69E, 0xF69E, 0xF69F, 0xF69F, 0xF69F,
  0xF69E, 0xF69E, 0xF6BE, 0xFF3E, 0xFF3E, 0xFF1E, 0xFEFE, 0xFEFF, 0xFEDF, 0xFEDF, 0xF6DF, 0xF6DF, 0xF6BF, 0xF6BF, 0xF6BF, 0xF6BF,
  0xF6BF, 0xF6BF, 0xF6BF, 0xF69F, 0xF69F, 0xF67F, 0xF67F, 0xF67F, 0xF67F, 0xF69F, 0xF69F, 0xF6BF, 0xEE9F, 0xE65F, 0xDE1F, 0xDE1F,
  0xDE1F, 0xDDFF, 0xDDFF, 0xDE1F, 0xDE1F, 0xDE1F, 0xE63F, 0xF6DF, 0xF6BE, 0xF6BF, 0xF6BF, 0xF6BF, 0xF6BF, 0xEE9F, 0xEE9F, 0xEE9F,
  0x62D1, 0xBD1F, 0xACBF, 0xB4DF, 0xB4DF, 0xB4DF, 0xB4BF, 0xACBF, 0xB4BF, 0xACBF, 0xAC9F, 0xAC9F, 0xAC9F, 0xAC9F, 0xAC9F, 0xAC9F,
  0xAC9F, 0xAC9F, 0xAC9F, 0xAC9F, 0xAC9F, 0xAC9F, 0xAC9F, 0xAC9F, 0xAC9F, 0xACBF, 0xAC9F, 0xAC9F, 0xAC9F, 0xAC9F, 0xAC9F, 0xAC9F,
  0xAC9F, 0xAC9F, 0xAC9F, 0xAC9F, 0xACBF, 0xB4BF, 0xB4BF, 0xB4DF, 0xB4DF, 0xB4DF, 0xB4DF, 0xB4DF, 0xB4DF, 0xB4FF, 0xB4FF, 0xB4FF,
  0xBD1F, 0xBD1F, 0xB51E, 0xCDBE, 0xE6BF, 0xEEDF, 0xE69F, 0xE69F, 0xE69F, 0xE69F, 0xE67F, 0xE67F, 0xE69F, 0xE69F, 0xE69F, 0xE69F,
  0xEEBF, 0xEEBF, 0xEEDE, 0xFF7F, 0xFF9F, 0xFF7F, 0xFF7F, 0xFF5F, 0xFF5F, 0xFF5F, 0xFF7F, 0xFF5F, 0xFF5F, 0xF73F, 0xF6FF, 0xEEBF,
  0xEEBF, 0xEEBF, 0xEEBF, 0xEE9F, 0xEE9F, 0xEE9F, 0xEE9F, 0xEE9F, 0xEE9F, 0xEE7F, 0xEE7F, 0xE67F, 0xEE7F, 0xEE7F, 0xEE7F, 0xEE7F,
  0xEE7F, 0xEE7F, 0xE67F, 0xE65F, 0xE65F, 0xE65F, 0xE65F, 0xE65F, 0xEE5F, 0xE65F, 0xE65F, 0xE65F, 0xE65F, 0xEE7F, 0xE65F, 0xE65F,
  0xE65F, 0xE65F, 0xE65F, 0xEE5F, 0xEE7F, 0xEE7F, 0xEE7F, 0xEE7F, 0xEE7F, 0xEE7F, 0xEE7F, 0xEE7F, 0xEE9F, 0xF69F, 0xF69E, 0xF69E,
  0xF69E, 0xF69E, 0xF69E, 0xF6BE, 0xF6BE, 0xF6BE, 0xF6BD, 0xFF5D, 0xFF9D, 0xFF7D, 0xFF7C, 0xFF7C, 0xFF7C, 0xFF7C, 0xFF7C, 0xFF7C,
  0xFF7C, 0xFF9C, 0xFF7C, 0xFF7C, 0xFF7C, 0xFF7C, 0xFF7C, 0xFF7C, 0xFF7C, 0xFF7C, 0xFF7C, 0xFF7C, 0xFF7C, 0xFF7C, 0xFF7C, 0xFF7C,
  0xFF7C, 0xFF7C, 0xFF7C, 0xFF7C, 0xFF7C, 0xFF7C, 0xFF5C, 0xFF5C, 0xFF5C, 0xFF7C, 0xFF5C, 0xFF5C, 0xFF7C, 0xFF7C, 0xFF5D, 0xFEFD,
  0xFEBE, 0xFEBE, 0xFEBE, 0xFEBE, 0xFEBE, 0xFEBE, 0xF6BE, 0xF6BE, 0xF6BE, 0xF69E, 0xF69E, 0xF69E, 0xF69E, 0xF69E, 0xF6BE, 0xF6DE,
  0xFEFF, 0xFF1F, 0xFF1E, 0xFF3E, 0xFF1E, 0xFEFE, 0xFEFE, 0xFEDF, 0xFEDF, 0xF6DF, 0xF6DF, 0xF6BF, 0xF6BF, 0xF6BF, 0xF6BF, 0xF6BF,
  0xF6BF, 0xF69F, 0xEE7F, 0xEE9F, 0xEE9F, 0xEE9F, 0xF69F, 0xF69F, 0xF69F, 0xF69F, 0xF69F, 0xEE7F, 0xE63F, 0xDE1F, 0xDE1F, 0xDE1F,
  0xDE1F, 0xDE1F, 0xDE1F, 0xDE1F, 0xE63F, 0xDDFF, 0xDE1E, 0xF6BF, 0xF6BF, 0xF6BF, 0xF6BF, 0xF6BF, 0xF6BF, 0xEE9F, 0xEE9F, 0xEE9F,
  0x62D1, 0xBD1F, 0xB4BF, 0xB4DF, 0xB4DF, 0xB4DF, 0xB4BF, 0xB4DF, 0xB4BF, 0xACBF, 0xACBF, 0xAC9F, 0xAC9F, 0xAC9F, 0xAC9F, 0xAC9F,
  0xAC9F, 0xAC9F, 0xAC9F, 0xAC9F, 0xAC9F, 0xAC9F, 0xAC9F, 0xAC9F, 0xAC9F, 0xAC9F, 0xAC9F, 0xACBF, 0xAC9F, 0xAC9F, 0xAC9F, 0xAC9F,
  0xAC9F, 0xAC9F, 0xAC9F, 0xAC9F, 0xB4BF, 0xB4BF, 0xB4BF, 0xB4DF, 0xB4DF, 0xB4DF, 0xB4DF, 0xB4DF, 0xB4DF, 0xB4FF, 0xB4FF, 0xB4FF,
  0xB4FF, 0xBD1F, 0xBD1F, 0xBD1F, 0xBD3E, 0xD5FE, 0xE6DF, 0xE6BF, 0xE69F, 0xE69F, 0xE69F, 0xE67F, 0xE69F, 0xE69F, 0xE69F, 0xE69F,
  0xE69F, 0xEEBF, 0xE6BF, 0xEEDE, 0xFF7F, 0xFF9F, 0xFF7F, 0xFF7F, 0xFF5F, 0xFF5F, 0xF73F, 0xF6FF, 0xF6DF, 0xEEBF, 0xEEBF, 0xEE9F,
  0xEE9F, 0xEE9F, 0xEE9F, 0xEE9F, 0xEE9F, 0xEE9F, 0xEE9F, 0xEE9F, 0xEE9F, 0xEE9F, 0xEE7F, 0xEE7F, 0xE67F, 0xE67F, 0xEE7F, 0xE65F,
  0xE65F, 0xE67F, 0xE65F, 0xE65F, 0xE65F, 0xE65F, 0xE65F, 0xE65F, 0xEE7F, 0xE65F, 0xE65F, 0xEE7F, 0xEE7F, 0xEE7F, 0xEE7F, 0xEE5F,
  0xEE5F, 0xEE5F, 0xEE5F, 0xEE5F, 0xEE7F, 0xEE7F, 0xEE7F, 0xEE7F, 0xEE7F, 0xEE7F, 0xEE9F, 0xEE7F, 0xF69F, 0xF69E, 0xF69E, 0xF69E,
  0xF69E, 0xF69E, 0xF6BE, 0xF6BE, 0xF6BE, 0xFEBE, 0xF6DD, 0xFF5D, 0xFF9D, 0xFF7D, 0xFF7C, 0xFF7C, 0xFF7C, 0xFF7C, 0xFF7C, 0xFF7C,
  0xFF7C, 0xFF7C, 0xFF7C, 0xFF7C, 0xFF7C, 0xFF7C, 0xFF7C, 0xFF7C, 0xFF7C, 0xFF7C, 0xFF7C, 0xFF7C, 0xFF5C, 0xFF7C, 0xFF7C, 0xFF7C,
  0xFF5C, 0xFF7C, 0xFF5C, 0xFF5C, 0xFF5C, 0xFF5C, 0xFF5C, 0xFF5C, 0xFF5C, 0xFF5C, 0xFF5C, 0xFF5C, 0xFF5C, 0xFF5C, 0xFF5C, 0xFF1D,
  0xFEDE, 0xFEBE, 0xFEBE, 0xFEBE, 0xFEBE, 0xFEBE, 0xF6BE, 0xF6BE, 0xF6BE, 0xF6BE, 0xF69E, 0xF6BE, 0xF6BE, 0xF6BE, 0xFEFE, 0xFF1F,
  0xFF3E, 0xFF3E, 0xFF1F, 0xFF1E, 0xFEFE, 0xFEFF, 0xFEFF, 0xFEDF, 0xF6BE, 0xF6BF, 0xF6BF, 0xF6BF, 0xF6BF, 0xF6BF, 0xF69F, 0xEE7F,
  0xEE7F, 0xEE7F, 0xEE7F, 0xF69F, 0xF69F, 0xF69F, 0xF69F, 0xF69F, 0xF69F, 0xEE9F, 0xEE5F, 0xE63F, 0xE61F, 0xDE1F, 0xDE1F, 0xDE1F,
  0xDE1F, 0xDE1F, 0xDE1F, 0xDE1F, 0xDE1F, 0xE63F, 0xEE7F, 0xF6BF, 0xF69F, 0xF69F, 0xF69F, 0xEE9F, 0xEE9F, 0xEE9F, 0xEE9F, 0xEE9F,
  0x6AF1, 0xBD3F, 0xB4DF, 0xB4DF, 0xB4DF, 0xB4DF, 0xB4DF, 0xB4DF, 0xB4BF, 0xB4BF, 0xB4BF, 0xB4BF, 0xACBF, 0xACBF, 0xACBF, 0xAC9F,
  0xAC9F, 0xAC9F, 0xAC9F, 0xAC9F, 0xAC9F, 0xAC9F, 0xAC9F, 0xAC9F, 0xAC9F, 0xAC9F, 0xACBF, 0xAC9F, 0xAC9F, 0xAC9F, 0xAC9F, 0xAC9F,
  0xAC9F, 0xAC9F, 0xAC9F, 0xAC9F, 0xAC9F, 0xB4BF, 0xB4BF, 0xB4BF, 0xB4BF, 0xB4DF, 0xB4DF, 0xB4DF, 0xB4DF, 0xB4DF, 0xB4DF, 0xB4DF,
  0xB4FF, 0xB4FF, 0xBD1F, 0xBD1F, 0xBD1F, 0xB51F, 0xCDBE, 0xDE7F, 0xE6BF, 0xE69F, 0xE69F, 0xE69F, 0xE69F, 0xE69F, 0xE67F, 0xE67F,
  0xE69F, 0xE69F, 0xEE9F, 0xEEBF, 0xEEDF, 0xF75F, 0xFF9F, 0xF75F, 0xF73F, 0xF71F, 0xF6DF, 0xEEBF, 0xEEBF, 0xEEBF, 0xEEBF, 0xEEBF,
  0xEE9F, 0xEE9F, 0xEE9F, 0xEE9F, 0xEE9F, 0xEE9F, 0xEE7F, 0xEE7F, 0xEE7F, 0xEE7F, 0xEE7F, 0xEE7F, 0xE67F, 0xEE7F, 0xEE9F, 0xF6BF,
  0xF6DF, 0xF6DF, 0xF6FF, 0xF6FF, 0xF6BF, 0xEE7F, 0xE65F, 0xEE5F, 0xEE5F, 0xEE7F, 0xEE7F, 0xEE7F, 0xEE7F, 0xEE7F, 0xE65F, 0xEE7F,
  0xEE7F, 0xEE5F, 0xEE5F, 0xEE5F, 0xEE7F, 0xEE7F, 0xEE7F, 0xEE7F, 0xEE7F, 0xEE9F, 0xF69F, 0xF69F, 0xF69F, 0xF69F, 0xF69E, 0xF69E,
  0xF6BE, 0xF6BE, 0xF6BE, 0xF6BE, 0xF6BE, 0xFEBE, 0xF6DD, 0xFF5D, 0xFF7D, 0xFF7D, 0xFF7C, 0xFF7C, 0xFF7C, 0xFF7C, 0xFF7C, 0xFF7C,
  0xFF7C, 0xFF7C, 0xFF7C, 0xFF7C, 0xFF7C, 0xFF7C, 0xFF7C, 0xFF7C, 0xFF7C, 0xFF7C, 0xFF7C, 0xFF7C, 0xFF7C, 0xFF7C, 0xFF7C, 0xFF5C,
  0xFF5C, 0xFF5C, 0xFF5C, 0xFF5C, 0xFF5C, 0xFF5C, 0xFF5C, 0xFF5C, 0xFF5C, 0xFF5C, 0xFF5C, 0xFF5C, 0xFF5C, 0xFF5C, 0xFF5C, 0xFF1D,
  0xFEDD, 0xFEDE, 0xFEDE, 0xFEBE, 0xFEBE, 0xFEBE, 0xFEBE, 0xF6BE, 0xF6BE, 0xF6BE, 0xF6BE, 0xF6BE, 0xFEFE, 0xFF1F, 0xFF3E, 0xFF1E,
  0xFF1E, 0xFEFE, 0xFEFE, 0xFEFE, 0xFEFE, 0xFEDF, 0xF6DF, 0xF6DE, 0xF6BF, 0xF6BF, 0xF69F, 0xF69F, 0xF67F, 0xEE7F, 0xEE7F, 0xEE7F,
  0xEE7F, 0xEE9F, 0xF69F, 0xEE9F, 0xF69F, 0xF69F, 0xF69F, 0xF69F, 0xEE5F, 0xE63F, 0xE63F, 0xE63F, 0xE63F, 0xE61F, 0xE63F, 0xE63F,
  0xDE1F, 0xDE1F, 0xDE1F, 0xE63F, 0xE65F, 0xEE5F, 0xF6BF, 0xF6BF, 0xF69F, 0xF69F, 0xEE9F, 0xEE9F, 0xEE9F, 0xEE9F, 0xEE9F, 0xEE9F,
  0x6AF1, 0xBD3F, 0xB4DF, 0xB4DF, 0xB4DF, 0xB4DF, 0xB4DF, 0xB4DF, 0xB4DF, 0xB4DF, 0xB4DF, 0xB4DF, 0xB4BF, 0xB4BF, 0xB4BF, 0xB4BF,
  0xACBF, 0xACBF, 0xAC9F, 0xAC9F, 0xACBF, 0xAC9F, 0xAC9F, 0xAC9F, 0xAC9F, 0xAC9F, 0xAC9F, 0xAC9F, 0xAC9F, 0xAC9F, 0xAC9F, 0xAC9F,
  0xAC9F, 0xAC9F, 0xAC9F, 0xACBF, 0xACBF, 0xACBF, 0xACBF, 0xACBF, 0xACBF, 0xB4DF, 0xB4DF, 0xB4DF, 0xB4DF, 0xB4DF, 0xB4DF, 0xB4DF,
  0xB4DF, 0xB4FF, 0xB4FF, 0xB4FF, 0xBD1F, 0xBD1F, 0xBD1F, 0xBD3E, 0xCDDE, 0xE6BF, 0xE6BF, 0xE69F, 0xE69F, 0xE69F, 0xE67F, 0xE67F,
  0xE69F, 0xE69F, 0xE69F, 0xE67F, 0xE67F, 0xE67E, 0xF71F, 0xFF5F, 0xF73F, 0xF6FF, 0xF6FF, 0xF6FF, 0xF6DF, 0xF6BF, 0xEEBF, 0xEEBF,
  0xEE9F, 0xEE9F, 0xEE9F, 0xEE9F, 0xEE9F, 0xEE9F, 0xEE9F, 0xEE7F, 0xEE7F, 0xEE9F, 0xEE7F, 0xEE7F, 0xEE9F, 0xF6DF, 0xF6FF, 0xFEFF,
  0xFEFF, 0xFEFF, 0xFF1F, 0xFF1F, 0xFF3F, 0xFF1F, 0xFEFF, 0xEE9F, 0xEE7F, 0xEE7F, 0xEE7F, 0xEE7F, 0xEE7F, 0xEE7F, 0xEE7F, 0xEE7F,
  0xEE7F, 0xEE7F, 0xEE7F, 0xEE7F, 0xEE7F, 0xEE7F, 0xEE7F, 0xEE7F, 0xF67F, 0xF69F, 0xF69E, 0xF69E, 0xF69F, 0xF69E, 0xF69E, 0xF6BE,
  0xF6BE, 0xF6BE, 0xF6BE, 0xFEBE, 0xFEDE, 0xFEDE, 0xF6DD, 0xFF7D, 0xFF9C, 0xFF7C, 0xFF7D, 0xFF7C, 0xFF7C, 0xFF7C, 0xFF7C, 0xFF7C,
  0xFF7C, 0xFF7C, 0xFF7C, 0xFF7C, 0xFF7C, 0xFF7C, 0xFF7C, 0xFF7C, 0xFF5C, 0xFF5C, 0xFF5C, 0xFF5C, 0xFF5C, 0xFF5C, 0xFF5C, 0xFF5C,
  0xFF5C, 0xFF5C, 0xFF5C, 0xFF5C, 0xFF5C, 0xFF5C, 0xFF5C, 0xFF5C, 0xFF5C, 0xFF5C, 0xFF5C, 0xFF5C, 0xFF5C, 0xFF5C, 0xFF5C, 0xFF1D,
  0xFEDD, 0xFEDE, 0xFEBE, 0xFEBE, 0xFEBE, 0xFEBE, 0xF6BE, 0xF6BE, 0xFEBE, 0xF6BE, 0xF6DE, 0xFF1F, 0xFF1E, 0xFF1E, 0xFEFE, 0xFEFE,
  0xFEFE, 0xFEFE, 0xFEDE, 0xFEDE, 0xFEDE, 0xF6DF, 0xF6BF, 0xF6BF, 0xF69F, 0xF67F, 0xEE7F, 0xEE7F, 0xEE7F, 0xEE7F, 0xEE7F, 0xEE9F,
  0xEE9F, 0xF69F, 0xF69F, 0xF69F, 0xF69F, 0xEE9F, 0xEE7F, 0xE63F, 0xE63F, 0xE63F, 0xE63F, 0xE63F, 0xE63F, 0xE63F, 0xE63F, 0xE63F,
  0xE61F, 0xDE1F, 0xE63F, 0xF6DF, 0xFEDF, 0xF69F, 0xF6BF, 0xF69F, 0xF69F, 0xF69F, 0xEE7F, 0xEE7F, 0xEE7F, 0xEE9F, 0xEE9F, 0xEE9F,
  0x6AF1, 0xBD3F, 0xB4DF, 0xB4FF, 0xB4DF, 0xB4DF, 0xB4FF, 0xB4DF, 0xB4DF, 0xB4DF, 0xB4DF, 0xB4DF, 0xB4BF, 0xACBF, 0xACBF, 0xACBF,
  0xB4BF, 0xB4BF, 0xACBF, 0xAC9F, 0xACBF, 0xACBF, 0xACBF, 0xAC9F, 0xAC9F, 0xAC9F, 0xAC9F, 0xAC9F, 0xAC9F, 0xAC9F, 0xAC9F, 0xAC9F,
  0xAC9F, 0xAC9F, 0xAC9F, 0xAC9F, 0xACBF, 0xAC9F, 0xACBF, 0xACBF, 0xAC9F, 0xB4BF, 0xB4BF, 0xB4DF, 0xB4BF, 0xB4DF, 0xB4DF, 0xB4DF,
  0xB4DF, 0xB4FF, 0xB4FF, 0xB4FF, 0xBD1F, 0xBD1F, 0xBD1F, 0xBD3F, 0xBD1E, 0xC57E, 0xDE7F, 0xEEDF, 0xE69F, 0xDE7F, 0xDE5F, 0xDE5F,
  0xE67F, 0xE67F, 0xE65F, 0xE65F, 0xE65F, 0xE65F, 0xE67F, 0xF6FF, 0xFF3F, 0xFF5F, 0xF71F, 0xF6FF, 0xF6FF, 0xF6DF, 0xF6DF, 0xF6BF,
  0xEE9F, 0xEE9F, 0xEE9F, 0xEE9F, 0xEE9F, 0xEE9F, 0xEE7F, 0xEE7F, 0xEE9F, 0xEE9F, 0xEE9F, 0xF6BF, 0xF6DF, 0xF6DF, 0xF6DF, 0xFEFF,
  0xFEFF, 0xFEFF, 0xFEFF, 0xFF1F, 0xFF1F, 0xFF1F, 0xFF3F, 0xFF3F, 0xF6FF, 0xEE9F, 0xEE9F, 0xEE7F, 0xEE7F, 0xEE7F, 0xEE7F, 0xEE7F,
  0xEE7F, 0xEE7F, 0xEE7F, 0xEE7F, 0xEE7F, 0xEE7F, 0xF67F, 0xF69F, 0xF69F, 0xF69F, 0xF69E, 0xF69E, 0xF69E, 0xF69E, 0xF69E, 0xF6BE,
  0xFEBE, 0xFEBE, 0xF6BE, 0xFEBE, 0xFEDE, 0xFEDE, 0xFEDD, 0xFF5D, 0xFF7C, 0xFF7C, 0xFF7C, 0xFF7C, 0xFF7C, 0xFF7C, 0xFF7C, 0xFF7C,
  0xFF7C, 0xFF7C, 0xFF7C, 0xFF7C, 0xFF7C, 0xFF7C, 0xFF5C, 0xFF5C, 0xFF5C, 0xFF5C, 0xFF5C, 0xFF5C, 0xFF5C, 0xFF5C, 0xFF5C, 0xFF5C,
  0xFF5C, 0xFF5C, 0xFF5C, 0xFF5C, 0xFF5C, 0xFF5C, 0xFF5C, 0xFF5C, 0xFF5C, 0xFF5C, 0xFF3C, 0xFF3C, 0xFF5C, 0xFF5C, 0xFF5C, 0xFF1D,
  0xFEDE, 0xFEDE, 0xFEDE, 0xFEDE, 0xFEBE, 0xFEBE, 0xF6BE, 0xF6BE, 0xFEBE, 0xFEDE, 0xFEFE, 0xFEFE, 0xFEFE, 0xFEFE, 0xFEDE, 0xFEDE,
  0xFEDE, 0xFEDF, 0xFEDF, 0xF6BF, 0xF6BF, 0xF69F, 0xF69F, 0xEE7F, 0xEE7F, 0xEE7F, 0xEE7F, 0xEE7F, 0xEE7F, 0xEE7F, 0xEE7F, 0xEE9F,
  0xF69F, 0xF69F, 0xF69F, 0xEE9F, 0xEE7F, 0xE65F, 0xE63F, 0xE63F, 0xE63F, 0xE63F, 0xE63F, 0xE63F, 0xE63F, 0xE61F, 0xE63F, 0xE63F,
  0xE63F, 0xE61F, 0xEE7F, 0xFEDF, 0xF6BF, 0xF69F, 0xEE9F, 0xF69F, 0xF69F, 0xEE9F, 0xEE7F, 0xEE7F, 0xEE7F, 0xEE7F, 0xEE7F, 0xEE7F,
  0x6AF1, 0xC55F, 0xB4DF, 0xB4FF, 0xB4FF, 0xB4FF, 0xB4FF, 0xB4DF, 0xB4DF, 0xB4DF, 0xB4DF, 0xB4DF, 0xB4DF, 0xB4DF, 0xB4DF, 0xB4BF,
  0xB4BF, 0xB4BF, 0xB4BF, 0xACBF, 0xACBF, 0xACBF, 0xACBF, 0xAC9F, 0xAC9F, 0xAC9F, 0xAC9F, 0xACBF, 0xAC9F, 0xAC9F, 0xAC9F, 0xACBF,
  0xAC9F, 0xAC9F, 0xAC9F, 0xAC9F, 0xACBF, 0xACBF, 0xAC9F, 0xAC9F, 0xAC9F, 0xB4BF, 0xB4BF, 0xB4BF, 0xB4BF, 0xB4BF, 0xB4BF, 0xB4DF,
  0xB4DF, 0xB4FF, 0xB4FF, 0xB4FF, 0xBCFF, 0xBCFF, 0xBD1F, 0xBD1F, 0xBD3F, 0xBD3F, 0xBD3F, 0xCDDE, 0xDE7F, 0xE67F, 0xDE5F, 0xDE5F,
  0xDE5F, 0xDE5F, 0xDE5F, 0xDE5F, 0xE65F, 0xE65F, 0xE65F, 0xE65E, 0xF6DF, 0xF73F, 0xFF5F, 0xF73F, 0xF6FE, 0xF6FF, 0xF6FF, 0xF6DF,
  0xF6BF, 0xF6DF, 0xF6DF, 0xF6DF, 0xF6DF, 0xF6BF, 0xEE9F, 0xEE7F, 0xEE9F, 0xEE9F, 0xF6DF, 0xF6DF, 0xF6DF, 0xF6DF, 0xF6DF, 0xFEDF,
  0xFEFF, 0xFEFF, 0xFEFF, 0xFEFF, 0xFF1F, 0xFF1F, 0xFF3E, 0xFF3F, 0xFF5F, 0xF6FF, 0xEE7F, 0xEE9F, 0xEE9F, 0xEE9F, 0xEE7F, 0xEE7F,
  0xEE7F, 0xEE7F, 0xEE7F, 0xEE7F, 0xF67F, 0xF67F, 0xF67F, 0xF69F, 0xF69F, 0xF69F, 0xF69E, 0xF69E, 0xF6BE, 0xF6BE, 0xF6BE, 0xFEBE,
  0xFEBE, 0xFEBE, 0xFEBE, 0xFEBE, 0xFEBD, 0xFEDE, 0xFEDD, 0xFF5D, 0xFF7D, 0xFF7C, 0xFF7C, 0xFF7C, 0xFF7C, 0xFF7C, 0xFF7C, 0xFF7C,
  0xFF7C, 0xFF7C, 0xFF7C, 0xFF7C, 0xFF7C, 0xFF5C, 0xFF5C, 0xFF5C, 0xFF5C, 0xFF5C, 0xFF5C, 0xFF5C, 0xFF5C, 0xFF5C, 0xFF5C, 0xFF5C,
  0xFF5C, 0xFF3C, 0xFF3C, 0xFF3C, 0xFF3C, 0xFF3C, 0xFF3C, 0xFF3C, 0xFF3C, 0xFF3C, 0xFF5C, 0xFF3C, 0xFF3C, 0xFF5C, 0xFF5D, 0xFF1D,
  0xFEDE, 0xFEDE, 0xFEDE, 0xFEDE, 0xFEDE, 0xFEDE, 0xFEDE, 0xFEDE, 0xFEFE, 0xFEFE, 0xFEDE, 0xFEDE, 0xFEDE, 0xFEBE, 0xF6BE, 0xF6BE,
  0xF6BE, 0xF6BF, 0xF6BE, 0xF69F, 0xF69F, 0xEE7F, 0xEE7F, 0xEE7F, 0xEE7F, 0xEE7F, 0xEE7F, 0xEE7F, 0xEE7F, 0xEE7F, 0xEE7F, 0xF69F,
  0xF69F, 0xEE9F, 0xEE7F, 0xE65F, 0xE65F, 0xE63F, 0xE63F, 0xE63F, 0xE63F, 0xE63F, 0xE63F, 0xE63F, 0xE63F, 0xEE5F, 0xF6BF, 0xF6BF,
  0xF6BF, 0xF69F, 0xF69F, 0xF69F, 0xF69F, 0xEE7F, 0xEE7F, 0xEE7F, 0xEE7F, 0xEE7F, 0xEE7F, 0xEE7F, 0xEE7F, 0xEE7F, 0xEE7F, 0xEE7F,
  0x6AF1, 0xC55F, 0xB4FF, 0xB4FF, 0xB4FF, 0xB4FF, 0xB4FF, 0xB4FF, 0xB4DF, 0xB4DF, 0xB4DF, 0xB4DF, 0xB4DF, 0xB4DF, 0xB4DF, 0xB4DF,
  0xB4DF, 0xB4BF, 0xB4BF, 0xB4BF, 0xB4BF, 0xB4BF, 0xB4BF, 0xACBF, 0xAC9F, 0xACBF, 0xACBF, 0xAC9F, 0xB4BF, 0xACBF, 0xACBF, 0xACBF,
  0xACBF, 0xACBF, 0xACBF, 0xAC9F, 0xAC9F, 0xAC9F, 0xAC9F, 0xACBF, 0xACBF, 0xB4BF, 0xB4BF, 0xB4BF, 0xB4BF, 0xB4BF, 0xB4DF, 0xB4DF,
  0xB4DF, 0xB4DF, 0xB4DF, 0xB4FF, 0xB4FF, 0xB4FF, 0xB4FF, 0xBCFF, 0xBD1F, 0xBD1F, 0xBD3F, 0xBD1F, 0xC55E, 0xD5FE, 0xE69F, 0xDE7F,
  0xDE3F, 0xDE3F, 0xDE5F, 0xDE3F, 0xE65F, 0xE65F, 0xE65F, 0xE65F, 0xE67F, 0xF6DF, 0xF6FF, 0xF73F, 0xFF3F, 0xF71F, 0xF6FF, 0xF6FF,
  0xF6FF, 0xFF1F, 0xFF1F, 0xFF1F, 0xFF1F, 0xFF1F, 0xF6FF, 0xF6DF, 0xF6BF, 0xEEBF, 0xF6DF, 0xF6DF, 0xF6DF, 0xF6DF, 0xF6DF, 0xFEDF,
  0xFEDF, 0xFEFF, 0xFEFF, 0xFEFF, 0xFEFF, 0xFF1F, 0xFF3F, 0xFF3E, 0xFF3E, 0xFF5F, 0xF6BF, 0xEE9F, 0xF69F, 0xEE7F, 0xEE9F, 0xEE7F,
  0xEE7F, 0xEE7F, 0xEE7F, 0xF69F, 0xF69F, 0xF69F, 0xF69F, 0xF69F, 0xF69E, 0xF69E, 0xF69E, 0xF69E, 0xF6BE, 0xF6BE, 0xF6BE, 0xFEBE,
  0xFEBE, 0xFEBE, 0xFEBE, 0xFEBE, 0xFEDE, 0xFEDE, 0xFEDD, 0xFF3D, 0xFF7D, 0xFF7C, 0xFF7D, 0xFF7C, 0xFF7C, 0xFF7C, 0xFF7C, 0xFF5C,
  0xFF5C, 0xFF5C, 0xFF5C, 0xFF5C, 0xFF5C, 0xFF5C, 0xFF5C, 0xFF5C, 0xFF5C, 0xFF5C, 0xFF5C, 0xFF5C, 0xFF5C, 0xFF5C, 0xFF5C, 0xFF3C,
  0xFF3C, 0xFF3C, 0xFF3C, 0xFF3C, 0xFF3C, 0xFF3C, 0xFF3C, 0xFF3C, 0xFF3C, 0xFF3C, 0xFF3C, 0xFF3C, 0xFF3C, 0xFF3C, 0xFF3D, 0xFEFD,
  0xFEDE, 0xFEDE, 0xFEDE, 0xFEDE, 0xFEDE, 0xFEFE, 0xFEFE, 0xFEDE, 0xFEDE, 0xFEDE, 0xFEBE, 0xFEBE, 0xFEBE, 0xF6BE, 0xF6BE, 0xF6BE,
  0xF6BF, 0xF69F, 0xF69F, 0xF69E, 0xEE7E, 0xEE7F, 0xEE7F, 0xEE7F, 0xEE7F, 0xEE7F, 0xEE7F, 0xEE7F, 0xEE7F, 0xEE7F, 0xF69F, 0xEE7F,
  0xEE7F, 0xE65F, 0xE65F, 0xE65F, 0xE63F, 0xE63F, 0xE63F, 0xE63F, 0xE65F, 0xE65F, 0xE63F, 0xE63F, 0xEE7F, 0xFEFF, 0xFEDF, 0xF6BF,
  0xF69F, 0xF69F, 0xF69F, 0xF69F, 0xEE9F, 0xEE7F, 0xEE7F, 0xEE7F, 0xEE7F, 0xEE7F, 0xEE7F, 0xEE7F, 0xE67F, 0xE67F, 0xE67F, 0xE67F,
  0x6AF1, 0xC55F, 0xB4FF, 0xB4FF, 0xB4FF, 0xB4FF, 0xB4FF, 0xB4FF, 0xB4FF, 0xB4FF, 0xB4DF, 0xB4DF, 0xB4DF, 0xB4DF, 0xB4DF, 0xB4FF,
  0xB4FF, 0xB4DF, 0xB4DF, 0xB4BF, 0xB4BF, 0xB4BF, 0xACBF, 0xACBF, 0xACBF, 0xACBF, 0xACBF, 0xACBF, 0xB4BF, 0xB4BF, 0xACBF, 0xACBF,
  0xAC9F, 0xAC9F, 0xAC9F, 0xAC9F, 0xAC9F, 0xACBF, 0xACBF, 0xB4BF, 0xB4DF, 0xB4BF, 0xB4BF, 0xACBF, 0xB4BF, 0xB4BF, 0xB4DF, 0xB4DF,
  0xB4DF, 0xB4DF, 0xB4DF, 0xB4FF, 0xB4FF, 0xB4FF, 0xB4FF, 0xB4FF, 0xBCFF, 0xBCFF, 0xBD1F, 0xBD1F, 0xBD1F, 0xB4FE, 0xC57E, 0xDE5F,
  0xE67F, 0xDE5F, 0xDE5F, 0xE65F, 0xE65F, 0xE65F, 0xE65F, 0xE67F, 0xE67F, 0xE65E, 0xEEBF, 0xF6FF, 0xF71F, 0xFF3F, 0xFF3F, 0xFF1F,
  0xFF1F, 0xFF1F, 0xFF1F, 0xFF1F, 0xFF1F, 0xFEFF, 0xFF1F, 0xFF1F, 0xFF1F, 0xF6FF, 0xF6DF, 0xF6FF, 0xF6DF, 0xF6DF, 0xF6DF, 0xFEDF,
  0xFEDF, 0xFEFF, 0xFEFF, 0xFEFF, 0xFEFF, 0xFF1F, 0xFF1F, 0xFF1E, 0xFF3E, 0xFF3F, 0xF6FF, 0xEE9F, 0xF69F, 0xF67F, 0xEE9F, 0xF6BF,
  0xF6BF, 0xF6DE, 0xF6BE, 0xEE9E, 0xF69F, 0xF69F, 0xF69F, 0xF69E, 0xF69E, 0xF69E, 0xF69E, 0xF6BE, 0xF6BE, 0xFEBE, 0xFEBE, 0xFEBE,
  0xFEBE, 0xFEBE, 0xFEDE, 0xFEBE, 0xFEDE, 0xFEDE, 0xFEDD, 0xFF3D, 0xFF7D, 0xFF7C, 0xFF7D, 0xFF7D, 0xFF7C, 0xFF7C, 0xFF5C, 0xFF5C,
  0xFF5C, 0xFF5C, 0xFF5C, 0xFF5C, 0xFF5C, 0xFF5C, 0xFF5C, 0xFF5C, 0xFF5C, 0xFF3C, 0xFF3C, 0xFF3C, 0xFF3C, 0xFF3C, 0xFF3C, 0xFF3C,
  0xFF3C, 0xFF3C, 0xFF3C, 0xFF3C, 0xFF3C, 0xFF3C, 0xFF3C, 0xFF3C, 0xFF3C, 0xFF3C, 0xFF3C, 0xFF3C, 0xFF3C, 0xFF3C, 0xFF3D, 0xFEFD,
  0xFEFE, 0xFEFE, 0xFEFE, 0xFEFE, 0xFEDE, 0xFEDE, 0xFEDE, 0xFEDE, 0xFEBE, 0xFEBE, 0xFEDE, 0xF6BE, 0xFEBE, 0xFEBE, 0xFEBE, 0xF6BF,
  0xF69F, 0xF69F, 0xF67F, 0xEE7F, 0xEE7F, 0xEE7F, 0xEE7F, 0xEE7F, 0xEE7F, 0xEE7F, 0xEE7F, 0xEE7F, 0xEE7F, 0xEE7F, 0xEE7F, 0xEE5F,
  0xEE5F, 0xE65F, 0xE65F, 0xE63F, 0xE63F, 0xE63F, 0xE65F, 0xE65F, 0xE65F, 0xE65F, 0xE63F, 0xEE5F, 0xF6DF, 0xF6BE, 0xF6BF, 0xF69F,
  0xF67F, 0xF67F, 0xF69F, 0xEE7F, 0xEE7F, 0xEE7F, 0xEE7F, 0xEE7F, 0xEE7F, 0xE65F, 0xE67F, 0xE67F, 0xE67F, 0xEE7F, 0xEE7F, 0xEE7F,
  0x6AF1, 0xC55F, 0xB4FF, 0xB4FF, 0xB4FF, 0xB4FF, 0xB4FF, 0xB4FF, 0xB4FF, 0xB4FF, 0xB4FF, 0xB4FF, 0xB4FF, 0xB4FF, 0xB4DF, 0xB4DF,
  0xB4DF, 0xB4DF, 0xB4FF, 0xB4DF, 0xB4DF, 0xB4DF, 0xACBF, 0xB4BF, 0xB4DF, 0xB4BF, 0xACBF, 0xB4BF, 0xB4BF, 0xB4BF, 0xB4DF, 0xB4BF,
  0xACBF, 0xACBF, 0xACBF, 0xAC9F, 0xACBF, 0xAC9F, 0xAC7F, 0xC55E, 0xC59E, 0xAC9E, 0xB4BF, 0xACBF, 0xB4BF, 0xB4DF, 0xB4DF, 0xB4DF,
  0xB4DF, 0xB4DF, 0xB4DF, 0xB4DF, 0xB4DF, 0xB4DF, 0xB4DF, 0xB4DF, 0xBCFF, 0xBCFF, 0xBCFF, 0xBCFF, 0xBCFF, 0xBCFF, 0xB4FF, 0xBD1E,
  0xD5DE, 0xE67F, 0xE67F, 0xE65F, 0xE65F, 0xE65F, 0xE65F, 0xE65F, 0xE65F, 0xE65F, 0xE65F, 0xEEBF, 0xF6DF, 0xF6DE, 0xFF3F, 0xFF3F,
  0xFF1E, 0xFF1F, 0xFF1F, 0xFF1F, 0xFF1F, 0xFEFF, 0xFEFF, 0xFEFF, 0xFEFF, 0xFEFF, 0xF6DF, 0xF6DF, 0xF6DF, 0xF6DF, 0xF6DF, 0xF6DF,
  0xF6DF, 0xFEDF, 0xFEDF, 0xFEFF, 0xFEFF, 0xFEFF, 0xFF1F, 0xFF1F, 0xFF1F, 0xFF1F, 0xF6FF, 0xEE9E, 0xF6BE, 0xFEFF, 0xFF1F, 0xFF3F,
  0xFF5F, 0xFF7F, 0xFF7F, 0xFF5F, 0xFF1E, 0xF6DE, 0xF69E, 0xF69F, 0xF6BE, 0xF6BE, 0xF6BE, 0xF6BE, 0xF6BE, 0xFEBE, 0xFEBE, 0xFEBE,
  0xFEBE, 0xFEDE, 0xFEDE, 0xFEDE, 0xFEDE, 0xFEDE, 0xFEDE, 0xFF1D, 0xFF7D, 0xFF7D, 0xFF7C, 0xFF7D, 0xFF7C, 0xFF5C, 0xFF5C, 0xFF5C,
  0xFF5C, 0xFF5C, 0xFF5C, 0xFF5C, 0xFF5C, 0xFF5C, 0xFF5C, 0xFF5C, 0xFF3C, 0xFF3C, 0xFF3C, 0xFF3C, 0xFF3C, 0xFF3C, 0xFF3C, 0xFF3C,
  0xFF3C, 0xFF3C, 0xFF3C, 0xFF3C, 0xFF3C, 0xFF3C, 0xFF3C, 0xFF3C, 0xFF3C, 0xFF3C, 0xFF3C, 0xFF3C, 0xFF3C, 0xFF3C, 0xFF1D, 0xFEFD,
  0xFEFE, 0xFEDE, 0xFEDE, 0xFEDE, 0xFEDE, 0xFEDE, 0xFEDE, 0xFEDE, 0xFEDE, 0xFEDE, 0xFEDE, 0xF6BE, 0xFEDE, 0xFEBE, 0xF6BE, 0xF69E,
  0xF69F, 0xF67F, 0xF67F, 0xEE7F, 0xF67F, 0xF67F, 0xEE7F, 0xEE7F, 0xEE7F, 0xEE7F, 0xEE7F, 0xEE9F, 0xEE7F, 0xEE7F, 0xEE5F, 0xEE5F,
  0xE65F, 0xE63F, 0xE65F, 0xE63F, 0xE63F, 0xE65F, 0xE65F, 0xE65F, 0xE65F, 0xE65F, 0xE63F, 0xF69F, 0xF6DF, 0xF6BF, 0xF69F, 0xF67F,
  0xEE7F, 0xEE7F, 0xEE7F, 0xEE7F, 0xE65F, 0xE65F, 0xE65F, 0xE65F, 0xE65F, 0xE65F, 0xE65F, 0xE67F, 0xEE7F, 0xEE7F, 0xDE1F, 0xD59F,
  0x6AF1, 0xC55F, 0xB4DE, 0xB4FF, 0xB4FF, 0xB4FF, 0xB51F, 0xBD1F, 0xBD1F, 0xB4FF, 0xB4FF, 0xB4FF, 0xB4DF, 0xB4DF, 0xB4DF, 0xB4DF,
  0xB4DF, 0xB4DF, 0xB4FF, 0xB4FF, 0xB4FF, 0xB4DF, 0xB4DF, 0xB4DF, 0xB4DF, 0xB4DF, 0xB4BF, 0xB4DF, 0xB4DF, 0xB4DF, 0xB4DF, 0xB4DF,
  0xB4DF, 0xB4DF, 0xACDF, 0xACBF, 0xB4DF, 0xB4FF, 0xC57E, 0xF75F, 0xF77F, 0xC59E, 0xB4FF, 0xB4DF, 0xB4DF, 0xB4DF, 0xB4DF, 0xB4DF,
  0xB4DF, 0xB4DF, 0xB4DF, 0xB4DF, 0xB4DF, 0xB4DF, 0xB4DF, 0xB4DF, 0xB4FF, 0xBCFF, 0xBCFF, 0xBCFF, 0xBCFF, 0xBCFF, 0xBCFF, 0xBCFF,
  0xBCFE, 0xC57E, 0xDE3F, 0xEE9F, 0xE65F, 0xE65F, 0xE65F, 0xE65F, 0xE65F, 0xE67F, 0xE67F, 0xE65F, 0xEE9F, 0xF6BF, 0xEEBE, 0xF6FF,
  0xFF3F, 0xFF3F, 0xFF1F, 0xFF1F, 0xFF1F, 0xFF1F, 0xFF1F, 0xFEFF, 0xFEFF, 0xFEFF, 0xF6DF, 0xF6DF, 0xF6DF, 0xF6FF, 0xF6DF, 0xF6DF,
  0xF6FF, 0xF6DF, 0xFEDF, 0xFEFF, 0xFEFF, 0xFEFF, 0xFEFF, 0xFEFF, 0xFEFF, 0xFF1E, 0xFF1F, 0xFF1F, 0xFF1F, 0xFF3E, 0xFF3E, 0xFF3E,
  0xFF5E, 0xFF5E, 0xFF7E, 0xFF7E, 0xFF9E, 0xFF7F, 0xFF3F, 0xF6DE, 0xF6BE, 0xF6BE, 0xF6BE, 0xFEBE, 0xFEBE, 0xFEBE, 0xFEBE, 0xFEDE,
  0xFEDE, 0xFEDE, 0xFEDE, 0xFEDE, 0xFEDE, 0xFEDE, 0xFEDE, 0xFEFD, 0xFF5D, 0xFF7D, 0xFF7D, 0xFF5C, 0xFF5C, 0xFF5C, 0xFF5C, 0xFF5C,
  0xFF5C, 0xFF5C, 0xFF5C, 0xFF5C, 0xFF5C, 0xFF5C, 0xFF3C, 0xFF3C, 0xFF3C, 0xFF3C, 0xFF3C, 0xFF3C, 0xFF3C, 0xFF3C, 0xFF3C, 0xFF3C,
  0xFF3C, 0xFF3C, 0xFF3C, 0xFF3C, 0xFF3C, 0xFF3C, 0xFF3C, 0xFF3C, 0xFF3C, 0xFF3C, 0xFF3D, 0xFF3C, 0xFF3C, 0xFF3D, 0xFF1D, 0xFEFD,
  0xFEFE, 0xFEFE, 0xFEDE, 0xFEDE, 0xFEDE, 0xFEDE, 0xFEDE, 0xFEDE, 0xFEDE, 0xFEDE, 0xFEDE, 0xFEDE, 0xF6BE, 0xF69E, 0xF69E, 0xF69F,
  0xF69F, 0xF67F, 0xF67F, 0xF69F, 0xF69F, 0xF69F, 0xF67F, 0xF67F, 0xEE7F, 0xEE9F, 0xF69F, 0xEE7F, 0xEE7F, 0xEE5F, 0xEE5F, 0xEE5F,
  0xE65F, 0xE63F, 0xE63F, 0xE65F, 0xE65F, 0xE65F, 0xE65F, 0xEE5F, 0xEE7F, 0xEE9F, 0xF69F, 0xF6BF, 0xF6BF, 0xF69F, 0xEE7F, 0xEE7F,
  0xEE7F, 0xEE7F, 0xEE7F, 0xEE5F, 0xE65F, 0xE65F, 0xE65F, 0xE65F, 0xE65F, 0xE65F, 0xE65F, 0xEE7F, 0xE61F, 0xCD9E, 0xC53E, 0xC53F,
  0x6B11, 0xC59F, 0xBD1F, 0xBD1F, 0xB4FF, 0xBD1F, 0xBD1F, 0xBD1F, 0xBD1F, 0xB51F, 0xB51F, 0xBD1F, 0xBD1F, 0xBD1F, 0xB4FF, 0xB4DF,
  0xB4FF, 0xB4FF, 0xB4FF, 0xB4FF, 0xB4FF, 0xB4FF, 0xB4DF, 0xB4DF, 0xB4DF, 0xB4DF, 0xB4DF, 0xB4DF, 0xB4DF, 0xB4DF, 0xB4DF, 0xB4DF,
  0xB4DF, 0xB4DF, 0xB4DF, 0xB4DF, 0xB4DF, 0xB4FF, 0xC59E, 0xEF3F, 0xF75F, 0xC57E, 0xB4FF, 0xB4DF, 0xB4DF, 0xB4DF, 0xB4DF, 0xB4DF,
  0xB4DF, 0xB4DF, 0xB4DF, 0xB4DF, 0xB4DF, 0xB4DF, 0xB4DF, 0xB4DF, 0xB4FF, 0xB4FF, 0xBCFF, 0xBCFF, 0xBCFF, 0xBCFF, 0xBCFF, 0xBCFF,
  0xBCFF, 0xBCFF, 0xBD1E, 0xD5DE, 0xE67F, 0xEE7F, 0xE65F, 0xE65F, 0xE65F, 0xE65F, 0xE67F, 0xE67F, 0xE65F, 0xEE9F, 0xF6BF, 0xEEBF,
  0xF6DE, 0xFF3F, 0xFF5F, 0xFF1F, 0xFF1F, 0xFF1F, 0xFF1F, 0xFF1F, 0xFEFF, 0xF6FF, 0xF6FF, 0xF6FF, 0xF6FF, 0xF6FF, 0xF6DF, 0xF6FF,
  0xF6FF, 0xF6DF, 0xF6DF, 0xF6DF, 0xF6DF, 0xFEDF, 0xFEDF, 0xFEDF, 0xFEDF, 0xFEFE, 0xFF1E, 0xFF1E, 0xFF1F, 0xFF3E, 0xFF3F, 0xFF3E,
  0xFF3E, 0xFF5E, 0xFF5E, 0xFF7E, 0xFF7D, 0xFF7E, 0xFF9E, 0xFF5E, 0xF6DE, 0xF6BE, 0xFEBE, 0xFEBE, 0xFEDE, 0xFEDE, 0xFEDE, 0xFEDE,
  0xFEDE, 0xFEDE, 0xFEDE, 0xFEDE, 0xFEDE, 0xFEDE, 0xFEDE, 0xFEFD, 0xFF1D, 0xFF5D, 0xFF5D, 0xFF5C, 0xFF5C, 0xFF5C, 0xFF5C, 0xFF5C,
  0xFF5C, 0xFF5C, 0xFF3C, 0xFF3C, 0xFF3C, 0xFF3C, 0xFF3C, 0xFF3C, 0xFF3C, 0xFF3C, 0xFF3C, 0xFF3C, 0xFF3C, 0xFF3C, 0xFF3C, 0xFF3C,
  0xFF3C, 0xFF3C, 0xFF3C, 0xFF3C, 0xFF3C, 0xFF3C, 0xFF3C, 0xFF3C, 0xFF3C, 0xFF3C, 0xFF1D, 0xFF3D, 0xFF3D, 0xFF1D, 0xFEFD, 0xFEFE,
  0xFEFE, 0xFEFE, 0xFEFE, 0xFEDE, 0xFEDE, 0xFEDE, 0xFEDE, 0xFEDE, 0xFEDE, 0xFEDE, 0xFEDE, 0xF6BE, 0xF69E, 0xF69F, 0xF69F, 0xF69F,
  0xF69F, 0xF69F, 0xF67F, 0xF69F, 0xF69F, 0xF69F, 0xF67F, 0xF67F, 0xF69F, 0xF69F, 0xEE7F, 0xEE7F, 0xEE7F, 0xEE7F, 0xEE5F, 0xE65F,
  0xE65F, 0xE65F, 0xE65F, 0xE65F, 0xEE5F, 0xEE5F, 0xEE9F, 0xF6BF, 0xF6BF, 0xF69F, 0xF69F, 0xF69F, 0xEE7F, 0xEE7F, 0xEE7F, 0xEE5F,
  0xEE5F, 0xEE7F, 0xEE7F, 0xEE5F, 0xE65F, 0xE65F, 0xE67F, 0xE67F, 0xE65F, 0xE65F, 0xEE7F, 0xE61F, 0xC53E, 0xC53F, 0xC55F, 0xC55F,
  0x5A90, 0xB4DE, 0xACBE, 0xB4DE, 0xB4FF, 0xBD1F, 0xBD5F, 0xC55F, 0xC55F, 0xBD3F, 0xBD1F, 0xBD1F, 0xBD1F, 0xBD3F, 0xBD3F, 0xBD3F,
  0xBD3F, 0xBD3F, 0xBD3F, 0xB51F, 0xB4FF, 0xB4FF, 0xB4FF, 0xB4FF, 0xB4FF, 0xB4FF, 0xB4FF, 0xB4DF, 0xB4DF, 0xB4DF, 0xB4DF, 0xB4DF,
  0xB4DF, 0xB4DF, 0xB4DF, 0xB4DF, 0xB4DF, 0xB4DF, 0xACBE, 0xC57E, 0xC59E, 0xAC9E, 0xB4DF, 0xB4DF, 0xB4DF, 0xB4DF, 0xB4DF, 0xB4BF,
  0xB4DF, 0xB4DF, 0xB4DF, 0xB4DF, 0xB4DF, 0xB4DF, 0xB4DF, 0xB4FF, 0xB4FF, 0xBCFF, 0xBCFF, 0xBCFF, 0xBCFF, 0xBCFF, 0xBCFF, 0xBCFF,
  0xBCFF, 0xBCFF, 0xBD1F, 0xBD1F, 0xC55E, 0xDE1E, 0xE69F, 0xE67F, 0xE65F, 0xE65F, 0xE65F, 0xE67F, 0xE67F, 0xE65F, 0xEE7F, 0xEE9F,
  0xEEBF, 0xEEBE, 0xFF1F, 0xFF3F, 0xFF1F, 0xFF1F, 0xFF1F, 0xFF1F, 0xFF1F, 0xFEFF, 0xFEFF, 0xFEFF, 0xFEFF, 0xFEFF, 0xFEFF, 0xF6FF,
  0xF6FF, 0xF6FF, 0xF6FF, 0xFEFF, 0xF6FF, 0xF6DF, 0xFEFF, 0xFEFF, 0xFEFF, 0xFF1F, 0xFF1E, 0xFF1F, 0xFF1F, 0xFF1E, 0xFF3F, 0xFF3E,
  0xFF3E, 0xFF5E, 0xFF5E, 0xFF5E, 0xFF5E, 0xFF7E, 0xFF7D, 0xFF9E, 0xFF3F, 0xF6DE, 0xFEDE, 0xFEDE, 0xFEDE, 0xFEDE, 0xFEDE, 0xFEDE,
  0xFEDE, 0xFEDE, 0xFEDE, 0xFEDE, 0xFEDE, 0xFEDE, 0xFEDE, 0xFEFE, 0xFEFD, 0xFF3D, 0xFF5D, 0xFF7C, 0xFF5C, 0xFF5D, 0xFF5D, 0xFF5C,
  0xFF5C, 0xFF5C, 0xFF3C, 0xFF3C, 0xFF3C, 0xFF3C, 0xFF3C, 0xFF3C, 0xFF3C, 0xFF3C, 0xFF3C, 0xFF3C, 0xFF3C, 0xFF3C, 0xFF3C, 0xFF3C,
  0xFF3D, 0xFF3D, 0xFF1C, 0xFF3C, 0xFF1C, 0xFF1C, 0xFF3D, 0xFF3D, 0xFF1D, 0xFF3D, 0xFF1D, 0xFF1D, 0xFF3D, 0xFF1D, 0xFEFE, 0xFEFE,
  0xFEFE, 0xFEFE, 0xFEFE, 0xFEFE, 0xFEDE, 0xFEDE, 0xFEDE, 0xFEDE, 0xFEDE, 0xFEDE, 0xF69E, 0xF69E, 0xF69E, 0xF69E, 0xF69F, 0xF69F,
  0xF69F, 0xF69F, 0xF69F, 0xF69F, 0xF69F, 0xF69F, 0xF67F, 0xEE7F, 0xEE7F, 0xEE7F, 0xEE7F, 0xEE7F, 0xEE7F, 0xEE5F, 0xEE5F, 0xEE5F,
  0xEE5F, 0xEE5F, 0xEE5F, 0xEE5F, 0xEE5F, 0xF69F, 0xF6BF, 0xF69F, 0xEE7F, 0xEE7F, 0xEE7F, 0xEE7F, 0xEE7F, 0xEE7F, 0xEE7F, 0xEE7F,
  0xEE7F, 0xEE7F, 0xEE7F, 0xEE7F, 0xEE7F, 0xE65F, 0xE67F, 0xE67F, 0xE65F, 0xE65F, 0xE61F, 0xCD5E, 0xC51F, 0xC53F, 0xC53F, 0xC53F,
  0x5A71, 0xA45F, 0x9C1E, 0x9C1E, 0x9C1E, 0xA43E, 0xA45E, 0xAC9E, 0xACBE, 0xBD1E, 0xC55E, 0xC55E, 0xC57F, 0xC55F, 0xBD1F, 0xB51E,
  0xBD1F, 0xBD3F, 0xC55F, 0xC55F, 0xBD3F, 0xBD3F, 0xBD3F, 0xB4FF, 0xB4FF, 0xB4FF, 0xB4FF, 0xBCFF, 0xB4FF, 0xB4FF, 0xB4FF, 0xB4FF,
  0xB4DF, 0xB4DF, 0xB4DF, 0xB4DF, 0xB4DF, 0xB4DF, 0xB4DF, 0xB4FF, 0xB4DF, 0xB4DF, 0xB4DF, 0xB4DF, 0xB4DF, 0xB4DF, 0xB4DF, 0xB4DF,
  0xB4DF, 0xB4DF, 0xB4FF, 0xBCFF, 0xB4DF, 0xB4DF, 0xB4DF, 0xB4FF, 0xBCFF, 0xBCFF, 0xBCFF, 0xBCFF, 0xBCFF, 0xBCFF, 0xBCFF, 0xBCFF,
  0xBCFF, 0xBCFF, 0xBD1F, 0xBD1F, 0xBD1F, 0xBD1E, 0xCD9E, 0xE65F, 0xEE7F, 0xE67F, 0xE65F, 0xE67F, 0xE67F, 0xE65F, 0xE65F, 0xEE5F,
  0xEE9F, 0xF69F, 0xEE9E, 0xF6DE, 0xFF1F, 0xFF3F, 0xFF1F, 0xFF1F, 0xFF1F, 0xFF1F, 0xFEFF, 0xFF1F, 0xFF1F, 0xFF1F, 0xFEFF, 0xFF1F,
  0xFF1F, 0xFF1F, 0xFF1F, 0xFF1F, 0xFF1F, 0xFEFF, 0xFF1F, 0xFF1F, 0xFF1F, 0xFF3F, 0xFF1F, 0xFF1F, 0xFF1F, 0xFF1E, 0xFF1E, 0xFF1E,
  0xFF3E, 0xFF3E, 0xFF3E, 0xFF3E, 0xFF5E, 0xFF5E, 0xFF7E, 0xFF7E, 0xFF7E, 0xFF1E, 0xFEDE, 0xFEDE, 0xFEDE, 0xFEFE, 0xFEDE, 0xFEDE,
  0xFEDE, 0xFEDE, 0xFEDE, 0xFEDE, 0xFEDE, 0xFEFE, 0xFEDD, 0xFEDD, 0xFEFE, 0xFF1D, 0xFF5D, 0xFF5C, 0xFF5C, 0xFF5D, 0xFF5C, 0xFF5C,
  0xFF5C, 0xFF3C, 0xFF3C, 0xFF3C, 0xFF3C, 0xFF3C, 0xFF3C, 0xFF3C, 0xFF3C, 0xFF3C, 0xFF3C, 0xFF3C, 0xFF3C, 0xFF3C, 0xFF3C, 0xFF1C,
  0xFF1C, 0xFF3D, 0xFF3D, 0xFF1C, 0xFF1D, 0xFF1D, 0xFF1D, 0xFF1D, 0xFF1D, 0xFF1C, 0xFF1D, 0xFF1D, 0xFF1D, 0xFEFD, 0xFEFE, 0xFEFE,
  0xFEFE, 0xFEFE, 0xFEFE, 0xFEFE, 0xFEFE, 0xFEDE, 0xFEFE, 0xFEDE, 0xFEBE, 0xF6BE, 0xF69E, 0xF69F, 0xF69F, 0xF69F, 0xF69F, 0xF69F,
  0xF69F, 0xF67F, 0xF69F, 0xF69F, 0xF69F, 0xF69F, 0xEE7F, 0xF67F, 0xEE7F, 0xEE7F, 0xEE7F, 0xEE7F, 0xEE7F, 0xEE7F, 0xEE7F, 0xEE7F,
  0xEE7F, 0xEE5F, 0xEE5F, 0xEE7F, 0xEE7F, 0xEE9F, 0xEE7F, 0xEE7F, 0xEE7F, 0xEE5F, 0xEE7F, 0xEE7F, 0xEE7F, 0xEE7F, 0xEE7F, 0xEE7F,
  0xEE7F, 0xEE7F, 0xEE7F, 0xE65F, 0xE65F, 0xE65F, 0xE65F, 0xE65F, 0xE65F, 0xDE1F, 0xCD3E, 0xC51F, 0xC53F, 0xC53F, 0xBD3F, 0xBD1F,
  0x5A71, 0xA47F, 0x9C1F, 0x9C3F, 0x9C3F, 0xA43F, 0x9C3F, 0x9C1F, 0x9BFE, 0x9C1E, 0xA43E, 0xA45E, 0xACBE, 0xBD3E, 0xC57E, 0xBD5E,
  0xC57F, 0xBD5F, 0xBD1F, 0xB51F, 0xBD1F, 0xBD5F, 0xC59F, 0xC57F, 0xC55F, 0xBD5F, 0xBD1F, 0xBCFF, 0xB4FF, 0xB4FF, 0xB4FF, 0xB4FF,
  0xB4FF, 0xB4FF, 0xB4FF, 0xB4FF, 0xB4FF, 0xB4FF, 0xB4FF, 0xB4FF, 0xB4DF, 0xB4DF, 0xB4FF, 0xB4FF, 0xB4FF, 0xB4FF, 0xB4FF, 0xB4FF,
  0xB4FF, 0xBCFF, 0xBCFF, 0xBCFF, 0xBCFF, 0xBCFF, 0xBCFF, 0xB4FF, 0xBCFF, 0xBCFF, 0xBCFF, 0xBCFF, 0xBD1F, 0xBCFF, 0xBCFF, 0xBCFF,
  0xBCFF, 0xBCFF, 0xBCFF, 0xBD1F, 0xBD1F, 0xBD1F, 0xBD1F, 0xC53E, 0xD5BE, 0xE65F, 0xEE7F, 0xE65F, 0xE65F, 0xE65F, 0xE65F, 0xEE5F,
  0xEE7F, 0xEE9F, 0xEE9F, 0xEE7F, 0xEE9E, 0xF6FF, 0xFF3F, 0xFF3F, 0xFF1F, 0xFF1F, 0xFF1F, 0xFF1F, 0xFF1F, 0xFF1F, 0xFF1F, 0xFF1F,
  0xFF1F, 0xFF1F, 0xFF1F, 0xFF1F, 0xFF1F, 0xFF1F, 0xFF1F, 0xFF1F, 0xFF1F, 0xFF1F, 0xFF1F, 0xFF1F, 0xFF1F, 0xFF1F, 0xFF1F, 0xFF1F,
  0xFF1F, 0xFF3E, 0xFF3E, 0xFF3E, 0xFF5E, 0xFF5E, 0xFF5E, 0xFF7E, 0xFF7E, 0xFF5E, 0xFEFE, 0xFEDE, 0xFEDE, 0xFEFE, 0xFEFE, 0xFEDE,
  0xFEDE, 0xFEDE, 0xFEDE, 0xFEDE, 0xFEDE, 0xFEDE, 0xFEFD, 0xFEDD, 0xFEFE, 0xFEFE, 0xFF1D, 0xFF5D, 0xFF5D, 0xFF5D, 0xFF5C, 0xFF5C,
  0xFF5C, 0xFF3C, 0xFF3C, 0xFF3C, 0xFF3C, 0xFF3C, 0xFF3C, 0xFF3C, 0xFF3C, 0xFF1C, 0xFF3D, 0xFF3D, 0xFF1C, 0xFF1C, 0xFF3C, 0xFF1D,
  0xFF1C, 0xFF1D, 0xFF1D, 0xFF1D, 0xFF3D, 0xFF3D, 0xFF1D, 0xFF1D, 0xFF1D, 0xFF3D, 0xFF1D, 0xFF1D, 0xFF1D, 0xFF1E, 0xFEFE, 0xFEFE,
  0xFEFE, 0xFEFE, 0xFEFE, 0xFEFE, 0xFEDE, 0xFEDE, 0xFEDE, 0xF6BE, 0xF69E, 0xF69E, 0xF69E, 0xF69E, 0xF69F, 0xF69F, 0xF69F, 0xF69F,
  0xF69F, 0xF67F, 0xF69F, 0xF69F, 0xF69F, 0xF69F, 0xF69F, 0xF69F, 0xF67F, 0xEE9F, 0xEE7F, 0xEE7F, 0xEE7F, 0xEE7F, 0xEE7F, 0xEE7F,
  0xEE7F, 0xEE5F, 0xEE7F, 0xEE7F, 0xEE7F, 0xEE7F, 0xEE7F, 0xEE7F, 0xEE5F, 0xEE5F, 0xEE5F, 0xEE7F, 0xEE7F, 0xEE7F, 0xEE7F, 0xEE7F,
  0xEE7F, 0xEE7F, 0xE65F, 0xE65F, 0xE65F, 0xE65F, 0xE65F, 0xE65F, 0xE63F, 0xCD5E, 0xC51F, 0xC53F, 0xBD3F, 0xBD3F, 0xBD3F, 0xC53F,
  0x5A71, 0xA45F, 0x9C1F, 0x9C3F, 0xA43F, 0xA43F, 0x9C3E, 0x9C3E, 0x9C1E, 0x9C1E, 0x9C1E, 0x9C1E, 0x9C1E, 0x9BFE, 0x9C1E, 0xA43D,
  0xB4FD, 0xC5BE, 0xC59E, 0xC57E, 0xC57F, 0xBD3F, 0xB51F, 0xBD3F, 0xC55F, 0xC59F, 0xCDBF, 0xC59E, 0xC55E, 0xBD1E, 0xB4FF, 0xB4FF,
  0xB4FF, 0xBCFF, 0xBD1F, 0xBCFF, 0xB4FF, 0xBCFF, 0xB4FF, 0xB4FF, 0xB4FF, 0xB4FF, 0xB4FF, 0xBCFF, 0xB4FF, 0xB4FF, 0xBCFF, 0xBCFF,
  0xBCFF, 0xBD1F, 0xBD1F, 0xBCFF, 0xBCFF, 0xBCFF, 0xBD1F, 0xBD1F, 0xBD1F, 0xBD1F, 0xBD1F, 0xBD1F, 0xBD1F, 0xBD1F, 0xBCFF, 0xBD1F,
  0xBCFF, 0xBD1F, 0xBD1F, 0xBD1F, 0xBD1F, 0xBD1F, 0xBD1F, 0xBD1F, 0xBD1F, 0xC55E, 0xDE1F, 0xEE9F, 0xEE7F, 0xE65F, 0xE65F, 0xEE7F,
  0xEE7F, 0xEE7F, 0xEE7F, 0xEE9F, 0xEE9F, 0xEE7E, 0xF6BF, 0xFF3F, 0xFF3F, 0xFF3F, 0xFF1F, 0xFF1F, 0xFF1F, 0xFF1F, 0xFF1F, 0xFF1F,
  0xFF1F, 0xFF1F, 0xFF1F, 0xFF1F, 0xFF1F, 0xFF1F, 0xFF1F, 0xFF1F, 0xFF1F, 0xFF1F, 0xFF1E, 0xFF1E, 0xFF1E, 0xFF1F, 0xFF1F, 0xFF1E,
  0xFF1E, 0xFF1E, 0xFF3E, 0xFF3E, 0xFF3E, 0xFF5E, 0xFF5E, 0xFF5E, 0xFF5E, 0xFF5E, 0xFF1E, 0xFEFE, 0xFEFE, 0xFEFE, 0xFEFE, 0xFEDE,
  0xFEDE, 0xFEDE, 0xFEDE, 0xFEDE, 0xFEFE, 0xFEDE, 0xFEDE, 0xFEFD, 0xFEFD, 0xFEFE, 0xFEFD, 0xFF1D, 0xFF5D, 0xFF5C, 0xFF5D, 0xFF3D,
  0xFF3C, 0xFF3D, 0xFF3D, 0xFF3C, 0xFF3C, 0xFF3C, 0xFF3C, 0xFF3C, 0xFF3D, 0xFF1D, 0xFF1C, 0xFF1C, 0xFF1C, 0xFF1C, 0xFF1D, 0xFF1D,
  0xFF1C, 0xFF1D, 0xFF1C, 0xFF1D, 0xFF1D, 0xFF1D, 0xFF3D, 0xFF3D, 0xFF1D, 0xFF1D, 0xFF1D, 0xFF1D, 0xFF1E, 0xFF1E, 0xFEFE, 0xFEFE,
  0xFF1E, 0xFEFE, 0xFEDE, 0xFEDE, 0xFEBE, 0xF6BE, 0xF6BE, 0xF69E, 0xF69F, 0xF69F, 0xF69E, 0xF69E, 0xF69F, 0xF69F, 0xF69F, 0xF69F,
  0xF69F, 0xF69F, 0xF69F, 0xF69F, 0xF69F, 0xF69F, 0xF69F, 0xF69F, 0xF67F, 0xEE9F, 0xEE7F, 0xEE9F, 0xEE9F, 0xEE7F, 0xEE7F, 0xEE7F,
  0xEE7F, 0xEE9F, 0xEE7F, 0xEE7F, 0xEE7F, 0xEE7F, 0xEE7F, 0xEE7F, 0xEE7F, 0xEE7F, 0xEE9F, 0xEE9F, 0xEE7F, 0xEE7F, 0xEE7F, 0xE67F,
  0xE67F, 0xE65F, 0xE65F, 0xE65F, 0xE65F, 0xE65F, 0xE63F, 0xE63F, 0xD5BF, 0xC51F, 0xC53F, 0xC53F, 0xC53F, 0xBD3F, 0xBD3F, 0xBD3F,
  0x5A71, 0xA45F, 0x9C1F, 0x9C3F, 0xA43F, 0xA43F, 0x9C3E, 0x9C3E, 0x9C1E, 0x9C1E, 0x9C1E, 0x9C1E, 0x9C1E, 0x9C1E, 0x9BFE, 0x9BFE,
  0x9BFE, 0x9C1E, 0x9C3E, 0xA47D, 0xBD3E, 0xCDDE, 0xCDBF, 0xC57F, 0xBD3E, 0xBD1F, 0xBD5F, 0xC57F, 0xCDBE, 0xCDDE, 0xC59E, 0xC57F,
  0xBD1F, 0xBCFF, 0xBD1F, 0xBD1F, 0xBD1F, 0xBD1F, 0xBD1F, 0xBCFF, 0xBCFF, 0xBD1F, 0xBD1F, 0xBD1F, 0xBD1F, 0xBD1F, 0xBD1F, 0xBD1F,
  0xBD1F, 0xBD1F, 0xBD1F, 0xBD1F, 0xBD1F, 0xBD1F, 0xBD1F, 0xBD1F, 0xBD1F, 0xBD1F, 0xBD1F, 0xBD1F, 0xBD1F, 0xBD1F, 0xBD1F, 0xBD1F,
  0xBD1F, 0xBD1F, 0xBD1F, 0xBD1F, 0xBD1F, 0xBD1F, 0xBD1F, 0xC51F, 0xC53F, 0xBD3F, 0xBD3E, 0xD5BE, 0xE67F, 0xEE9F, 0xEE7F, 0xEE7F,
  0xEE7F, 0xEE7F, 0xEE5F, 0xEE7F, 0xEE9F, 0xEE9F, 0xEE9F, 0xF6BF, 0xF6FF, 0xFF3F, 0xFF3F, 0xFF3F, 0xFF3F, 0xFF1F, 0xFF1F, 0xFF1F,
  0xFF1F, 0xFF1F, 0xFF1F, 0xFF1F, 0xFF1F, 0xFF1F, 0xFF1F, 0xFF1F, 0xFF1F, 0xFF1F, 0xFF1F, 0xFF1F, 0xFF1F, 0xFF1E, 0xFF1F, 0xFF1E,
  0xFF1E, 0xFF1E, 0xFF1E, 0xFF3E, 0xFF3E, 0xFF3E, 0xFF3E, 0xFF5E, 0xFF5E, 0xFF7E, 0xFF5E, 0xFF5E, 0xFF7E, 0xFF7E, 0xFF5E, 0xFF1E,
  0xFEDE, 0xFEDE, 0xFEFE, 0xFEDE, 0xFEDE, 0xFEDE, 0xFEDD, 0xFEDD, 0xFEFD, 0xFEFD, 0xFEFE, 0xFEFD, 0xFF1D, 0xFF5D, 0xFF5D, 0xFF3D,
  0xFF3D, 0xFF3D, 0xFF3D, 0xFF3D, 0xFF3C, 0xFF3C, 0xFF3C, 0xFF1D, 0xFF1D, 0xFF1D, 0xFF1C, 0xFF1D, 0xFF1D, 0xFF1C, 0xFF1C, 0xFF1C,
  0xFF1D, 0xFF1D, 0xFF1D, 0xFF1D, 0xFF1D, 0xFF1D, 0xFF1D, 0xFF1D, 0xFF1D, 0xFF1D, 0xFF1E, 0xFEFE, 0xFF1E, 0xFEFE, 0xFEFE, 0xFEFE,
  0xFEFE, 0xFEDE, 0xF6BE, 0xF6BE, 0xF6BF, 0xF6BF, 0xF6BE, 0xF69F, 0xF69F, 0xF69E, 0xF69E, 0xF69E, 0xF69F, 0xF69F, 0xF69F, 0xF69F,
  0xF69F, 0xF69F, 0xF69F, 0xF69F, 0xF69F, 0xF69F, 0xF69F, 0xF69F, 0xF67F, 0xF67F, 0xF67F, 0xEE7F, 0xEE9F, 0xEE9F, 0xEE9F, 0xEE9F,
  0xEE9F, 0xEE9F, 0xEE7F, 0xEE7F, 0xEE7F, 0xEE9F, 0xEE9F, 0xEE7F, 0xE65F, 0xE63F, 0xDE3F, 0xE63F, 0xE63F, 0xDE3F, 0xDE3F, 0xE65F,
  0xE67F, 0xE67F, 0xE67F, 0xE65F, 0xE65F, 0xE65F, 0xE61F, 0xDE1F, 0xCD7F, 0xC53F, 0xC53F, 0xC53F, 0xC53F, 0xBD3F, 0xBD3F, 0xBD3F,
  0x5A71, 0xA45F, 0x9C1F, 0x9C3F, 0xA43F, 0x9C3E, 0x9C1E, 0x9C1E, 0x9C1E, 0x9C1E, 0x9C1E, 0x9C1E, 0x9C1E, 0x9BFE, 0x9BFE, 0x9C1E,
  0x9C1E, 0x9C1E, 0x9C1F, 0x93FF, 0x93FE, 0xA45D, 0xACBD, 0xC57E, 0xCDBE, 0xC59E, 0xC57F, 0xBD3F, 0xBD3F, 0xC55F, 0xC57E, 0xCDDE,
  0xCDFF, 0xC59E, 0xBD3F, 0xBD1F, 0xBD3F, 0xBD3F, 0xBD1F, 0xBD1F, 0xBD1F, 0xBD1F, 0xBD1F, 0xBD1F, 0xBD1F, 0xBD1F, 0xBD1F, 0xBD1F,
  0xBD1F, 0xBD3F, 0xBD3F, 0xBD1F, 0xBD1F, 0xBD3F, 0xBD3F, 0xBD3F, 0xBD1F, 0xBD1F, 0xBD3F, 0xBD1F, 0xBD3F, 0xBD1F, 0xBD1F, 0xBD1F,
  0xBD1F, 0xBD1F, 0xBD1F, 0xBD1F, 0xBD1F, 0xBD1F, 0xBD1F, 0xC51F, 0xC53F, 0xC53F, 0xC53F, 0xC53F, 0xC55E, 0xDDDE, 0xEE7F, 0xEE9F,
  0xEE7F, 0xEE5F, 0xE65F, 0xE65F, 0xE65F, 0xEE7F, 0xEE7F, 0xEE5F, 0xEE5F, 0xEE9E, 0xF6FF, 0xFF3F, 0xFF3F, 0xFF1F, 0xFF1F, 0xFF1F,
  0xFF1F, 0xFF1F, 0xFF1F, 0xFF1F, 0xFF1F, 0xFF1F, 0xFF1F, 0xFF1F, 0xFF1F, 0xFF1F, 0xFF1F, 0xFF1F, 0xFF1F, 0xFF1F, 0xFF1E, 0xFF1F,
  0xFF1F, 0xFF1F, 0xFF1F, 0xFF1E, 0xFF3E, 0xFF3E, 0xFF3E, 0xFF3E, 0xFF3E, 0xFF5E, 0xFF5E, 0xFF7D, 0xFF7D, 0xFF7D, 0xFF7D, 0xFF7E,
  0xFF3E, 0xFEFE, 0xFEDE, 0xFEFE, 0xFEFE, 0xFEFD, 0xFEDD, 0xFEDD, 0xFEFD, 0xFEDD, 0xFEDD, 0xFEFD, 0xFEFD, 0xFF1D, 0xFF3D, 0xFF5D,
  0xFF3D, 0xFF3D, 0xFF3D, 0xFF3D, 0xFF1D, 0xFF1D, 0xFF1D, 0xFF1D, 0xFF1D, 0xFF1D, 0xFF1D, 0xFF1D, 0xFF3D, 0xFF1D, 0xFF1C, 0xFF1C,
  0xFF1D, 0xFF1D, 0xFF1D, 0xFF1D, 0xFF1D, 0xFF1D, 0xFF1D, 0xFF1D, 0xFEFE, 0xFEDE, 0xFEDE, 0xFEBE, 0xF6BE, 0xF6BE, 0xF6BE, 0xF6BE,
  0xF6BE, 0xF6BE, 0xF6BF, 0xF6BE, 0xF6BE, 0xF6BF, 0xF6BF, 0xF6BF, 0xF69F, 0xF69F, 0xF69F, 0xF69F, 0xF6BF, 0xF6BF, 0xF69F, 0xF69F,
  0xF69F, 0xF69F, 0xF6BF, 0xF69F, 0xF69F, 0xF69F, 0xF69F, 0xF69F, 0xF69F, 0xF69F, 0xF69F, 0xF69F, 0xF69F, 0xF69F, 0xF69F, 0xEE9F,
  0xEE7F, 0xEE9F, 0xEE9F, 0xEE9F, 0xE61E, 0xE63F, 0xDDFF, 0xCD9E, 0xC53E, 0xC53F, 0xC53F, 0xBD3E, 0xBD3E, 0xC53F, 0xC53F, 0xC55F,
  0xCD7E, 0xCD9E, 0xCDBE, 0xD5FF, 0xDE1F, 0xDE1F, 0xDDFF, 0xD5BF, 0xC51F, 0xC53F, 0xC53F, 0xC53F, 0xC53F, 0xBD3F, 0xBD3F, 0xBD3F,
  0x5A71, 0xA47F, 0x9C1F, 0x9C3F, 0xA43F, 0xA43E, 0x9C1E, 0x9C1E, 0x9C1E, 0x9C1E, 0x9C1E, 0x9C1E, 0x9C1E, 0x9C1E, 0x9C1E, 0x9C1E,
  0x9C1E, 0x9C1E, 0x9C1E, 0x9C1E, 0x9C1E, 0x9BFE, 0x9BFE, 0x93FD, 0xA43D, 0xB4DD, 0xCDDE, 0xCDFE, 0xC59E, 0xBD3F, 0xBD1F, 0xBD3F,
  0xC57E, 0xCDBF, 0xD5FF, 0xCDBE, 0xC55F, 0xBD3F, 0xBD1F, 0xBD3F, 0xBD1F, 0xBD3F, 0xBD3F, 0xBD3F, 0xBD3F, 0xBD3F, 0xBD3F, 0xBD3F,
  0xBD3F, 0xC53F, 0xC53F, 0xBD3F, 0xBD3F, 0xBD3F, 0xC53F, 0xC53F, 0xBD3F, 0xBD3F, 0xC53F, 0xC53F, 0xBD3F, 0xBD3F, 0xBD1F, 0xBD3F,
  0xBD3F, 0xBD3F, 0xBD1F, 0xBD3F, 0xBD3F, 0xBD3F, 0xC53F, 0xC53F, 0xC53F, 0xC53F, 0xC53F, 0xC55F, 0xC55F, 0xC55F, 0xCD9F, 0xDE1F,
  0xE67F, 0xE65F, 0xE63F, 0xE65F, 0xE65F, 0xE65F, 0xE65F, 0xE65F, 0xEE5F, 0xEE7F, 0xEE7E, 0xEE9E, 0xF6FF, 0xFF3F, 0xFF3F, 0xFF1F,
  0xFF1F, 0xFF1F, 0xFF1F, 0xFF1F, 0xFF1F, 0xFF1F, 0xFF1F, 0xFF1F, 0xFF1F, 0xFF1F, 0xFF1F, 0xFF1F, 0xFF1F, 0xFF1F, 0xFF1F, 0xFF1F,
  0xFF1F, 0xFF1F, 0xFF1F, 0xFF1E, 0xFF1E, 0xFF1E, 0xFF1E, 0xFF1E, 0xFF1E, 0xFF3E, 0xFF3E, 0xFF5E, 0xFF5E, 0xFF5E, 0xFF7D, 0xFF7D,
  0xFF7E, 0xFF5E, 0xFEFD, 0xFEFE, 0xFEFE, 0xFEFD, 0xFEFD, 0xFEDD, 0xFEDD, 0xFEDE, 0xFEDD, 0xFEDD, 0xFEFD, 0xFEFD, 0xFEFD, 0xFF3D,
  0xFF3D, 0xFF3D, 0xFF3D, 0xFF3D, 0xFF3D, 0xFF1D, 0xFF3D, 0xFF1D, 0xFF1D, 0xFF1D, 0xFF1D, 0xFF1D, 0xFF3D, 0xFF1D, 0xFF1D, 0xFF1D,
  0xFF1D, 0xFF1D, 0xFF1D, 0xFF1D, 0xFF1D, 0xFF1D, 0xFF1D, 0xFEFE, 0xF6DE, 0xF6DE, 0xF6BE, 0xF6BE, 0xF6BE, 0xF6BE, 0xF6BE, 0xF69E,
  0xF69E, 0xF69E, 0xF69F, 0xF69E, 0xF69F, 0xF69F, 0xF69E, 0xF69F, 0xF69E, 0xF69E, 0xF69F, 0xF6BF, 0xF6BF, 0xF6BF, 0xF6BF, 0xF6BF,
  0xF6BF, 0xF69F, 0xF69F, 0xF69F, 0xF69F, 0xF69F, 0xF69F, 0xF69F, 0xF69F, 0xF69F, 0xF69F, 0xF69F, 0xF69F, 0xF69F, 0xF67F, 0xF69F,
  0xF69F, 0xEE9F, 0xE65F, 0xD5FF, 0xC55E, 0xC51F, 0xBD1F, 0xBD1E, 0xBD1E, 0xBD3F, 0xBD3F, 0xBD3F, 0xBD3F, 0xBD3F, 0xBD3F, 0xBD3F,
  0xBD3F, 0xBD1F, 0xBD1E, 0xC53F, 0xC55F, 0xC57F, 0xC55F, 0xC51F, 0xBD1F, 0xBD1F, 0xBD1F, 0xBD3F, 0xBD3F, 0xBD3F, 0xBD3F, 0xBD3F,
  0x5A70, 0xAC7F, 0x9C3F, 0xA43F, 0xA43F, 0xA43E, 0x9C3E, 0x9C3E, 0x9C1E, 0x9C1E, 0x9C1E, 0x9C1E, 0x9C1E, 0x9C1E, 0x9C1E, 0x9C1E,
  0x9C1E, 0x9C1E, 0x9C1E, 0x9C1E, 0x9BFE, 0x9BFE, 0x9C1E, 0x9C1E, 0x9BFE, 0x9BFE, 0x9C3E, 0xAC9D, 0xC57E, 0xCDDF, 0xC57E, 0xC55F,
  0xC55F, 0xC55F, 0xC55F, 0xCDBE, 0xD5FF, 0xD5DF, 0xC57F, 0xBD1F, 0xBD1F, 0xBD3F, 0xC53F, 0xC53F, 0xBD3F, 0xBD3F, 0xC53F, 0xC55F,
  0xC55F, 0xC55F, 0xC55F, 0xC53F, 0xC53F, 0xC55F, 0xC53F, 0xC53F, 0xC55F, 0xC55F, 0xC53F, 0xC55F, 0xC53F, 0xC53F, 0xC53F, 0xC53F,
  0xC53F, 0xC53F, 0xC53F, 0xC53F, 0xC53F, 0xC55F, 0xC55F, 0xC53F, 0xC53F, 0xC53F, 0xC55F, 0xC55F, 0xC55F, 0xC55F, 0xCD7F, 0xCD7F,
  0xD5DF, 0xE65F, 0xE65F, 0xE65F, 0xE65F, 0xE65F, 0xE65F, 0xE65F, 0xE65F, 0xEE5F, 0xEE5F, 0xEE5F, 0xEE7F, 0xF6BF, 0xFF1F, 0xFF3F,
  0xFF3F, 0xFF1F, 0xFF1F, 0xFF1F, 0xFF1F, 0xFF1F, 0xFF1F, 0xFF1F, 0xFF1F, 0xFF1F, 0xFF1F, 0xFF1F, 0xFF1F, 0xFF1F, 0xFF1F, 0xFF1F,
  0xFF1F, 0xFF1F, 0xFF1E, 0xFF1E, 0xFF1E, 0xFF1E, 0xFF1E, 0xFF1E, 0xFF1E, 0xFF1E, 0xFF3E, 0xFF3E, 0xFF5E, 0xFF5E, 0xFF5E, 0xFF5D,
  0xFF7E, 0xFF7E, 0xFF1D, 0xFEFD, 0xFEDE, 0xFEDE, 0xFEFE, 0xFEDD, 0xFEDD, 0xFEDD, 0xFEDD, 0xFEDD, 0xFEDD, 0xFEFD, 0xFEFD, 0xFEFD,
  0xFEFD, 0xFF1D, 0xFF3D, 0xFF3D, 0xFF3D, 0xFF3D, 0xFF3D, 0xFF3D, 0xFF1D, 0xFF1D, 0xFF1D, 0xFF3D, 0xFF1D, 0xFF3D, 0xFF3D, 0xFF3D,
  0xFF3D, 0xFF1D, 0xFF1D, 0xFF1D, 0xFF1E, 0xFF1E, 0xFEFE, 0xFEDE, 0xF6DE, 0xF6DE, 0xF6BE, 0xF6BE, 0xFEBE, 0xF6BE, 0xF69E, 0xF69E,
  0xF69E, 0xF69E, 0xF69F, 0xF69F, 0xF69F, 0xF69F, 0xF6BE, 0xF69F, 0xF69F, 0xF69F, 0xF69F, 0xF69F, 0xF69F, 0xF6BF, 0xF69F, 0xF69F,
  0xF69F, 0xF69F, 0xF69F, 0xF6BF, 0xF6BF, 0xF6BF, 0xF6BF, 0xF6BF, 0xF6BF, 0xF6BF, 0xF6BF, 0xF6BF, 0xF69F, 0xF6BF, 0xF6BF, 0xEE9F,
  0xDE1E, 0xCD9E, 0xC55F, 0xBD1F, 0xBD1F, 0xBD1F, 0xBD1F, 0xBD1F, 0xBD1F, 0xBD3F, 0xBD3F, 0xBD3F, 0xBD3F, 0xBD3F, 0xBD1F, 0xBD3F,
  0xBD3F, 0xBD3F, 0xC53F, 0xC53F, 0xBD3F, 0xBD3F, 0xBD1F, 0x9C1C, 0xAC9E, 0xC53F, 0xBD1F, 0xBD1F, 0xBD3F, 0xBD3F, 0xBD3F, 0xBD3F,
  0x5A91, 0xAC7F, 0xA43F, 0xA45F, 0xA43F, 0xA43F, 0xA43E, 0xA43E, 0xA43E, 0xA43E, 0x9C3E, 0x9C1E, 0x9C1F, 0x9C1E, 0x9C1E, 0x9C1E,
  0x9BFE, 0x9C1E, 0x9BFE, 0x93FE, 0x9BFE, 0x9BFE, 0x9BFE, 0x9BFE, 0x9BFE, 0x9BFD, 0x9BFE, 0x9BFE, 0xA45E, 0xACBE, 0xBD1E, 0xCDDE,
  0xCDDE, 0xC57E, 0xC55F, 0xC55F, 0xC57F, 0xCDBE, 0xD5FE, 0xD5FE, 0xC57E, 0xBD3F, 0xC55F, 0xC55F, 0xBD3F, 0xC55F, 0xC55F, 0xC55F,
  0xC55F, 0xC55F, 0xC55F, 0xC55F, 0xC55F, 0xC55F, 0xC55F, 0xC55F, 0xC55F, 0xC55F, 0xC55F, 0xC55F, 0xC55F, 0xC55F, 0xC55F, 0xC55F,
  0xC55F, 0xC55F, 0xC55F, 0xC55F, 0xC55F, 0xC55F, 0xC55F, 0xC55F, 0xC55F, 0xC55F, 0xC55F, 0xC55F, 0xC55F, 0xC57F, 0xCD7F, 0xCD9F,
  0xCD7F, 0xCD9F, 0xDE1F, 0xEE7F, 0xEE7F, 0xE65F, 0xE65F, 0xE65F, 0xE65F, 0xE65F, 0xEE5F, 0xEE5F, 0xEE5F, 0xEE7F, 0xEE7E, 0xF6BE,
  0xFEFF, 0xFF3F, 0xFF5F, 0xFF5F, 0xFF3F, 0xFF3F, 0xFF3F, 0xFF3F, 0xFF1F, 0xFF3F, 0xFF3F, 0xFF3F, 0xFF3F, 0xFF3F, 0xFF1E, 0xFF1E,
  0xFF3E, 0xFF3F, 0xFF3E, 0xFF3E, 0xFF1E, 0xFF1E, 0xFF1F, 0xFF1E, 0xFF1E, 0xFF1E, 0xFF3E, 0xFF3E, 0xFF3E, 0xFF3E, 0xFF3E, 0xFF5E,
  0xFF5E, 0xFF5E, 0xFF3E, 0xFF1D, 0xFEFD, 0xFEFD, 0xFEFD, 0xFEDD, 0xFEDD, 0xFEFD, 0xFEFD, 0xFEFD, 0xFEFE, 0xFEFD, 0xFEDD, 0xFEDD,
  0xFEDD, 0xFEFD, 0xFF1D, 0xFF1D, 0xFF3D, 0xFF3D, 0xFF3D, 0xFF3D, 0xFF3D, 0xFF3D, 0xFF3D, 0xFF3D, 0xFF1D, 0xFF3D, 0xFF3D, 0xFF3D,
  0xFF3D, 0xFF1D, 0xFF1D, 0xFEFE, 0xFEFE, 0xFEDE, 0xFEDE, 0xFEDE, 0xFEDE, 0xFEDE, 0xFEDE, 0xFEDE, 0xFEBE, 0xF6BE, 0xF6BE, 0xF6BF,
  0xF6BF, 0xF6BF, 0xF6BF, 0xF6BF, 0xF6BF, 0xF6BF, 0xF6BF, 0xF69F, 0xF69F, 0xF69F, 0xF6BF, 0xF6BF, 0xF6BF, 0xF6BF, 0xF6BF, 0xF6BF,
  0xF6BF, 0xF6BF, 0xF6BF, 0xF6DF, 0xF6DF, 0xF6DF, 0xF6DF, 0xF6DF, 0xF6DF, 0xF6DF, 0xF6BF, 0xF6BF, 0xF6DF, 0xEEBF, 0xDE1E, 0xCD7E,
  0xC53E, 0xC53F, 0xBD3F, 0xBD3F, 0xBD3F, 0xBD1F, 0xBD1F, 0xBD1F, 0xBD1F, 0xBD1F, 0xBD3F, 0xBD3F, 0xBD3F, 0xBD3F, 0xBD3F, 0xBD3F,
  0xC53F, 0xBD3F, 0xBD3F, 0xBD3F, 0xBD1F, 0xBD1F, 0xBCDF, 0xA41C, 0xB4DE, 0xC53F, 0xBD1F, 0xBD3F, 0xBD3F, 0xBD3F, 0xC55F, 0xBD3F,
  0x5A91, 0xAC9F, 0xA43F, 0xA45F, 0xA43F, 0xA43F, 0xA43E, 0xA43E, 0xA43E, 0xA43E, 0x9C3E, 0x9C1E, 0x9C1F, 0x9C1E, 0x9C1E, 0x9C1E,
  0x9C1E, 0x9C1E, 0x9BFE, 0x9BFE, 0x9BFE, 0x9BFE, 0x93FE, 0x9BFE, 0x9BFE, 0x9BFE, 0x9BFE, 0x9C1E, 0x9C3E, 0x9C1E, 0x9C1D, 0xA47D,
  0xBD3E, 0xD5FE, 0xCDDF, 0xC57F, 0xC55F, 0xC57F, 0xC59F, 0xCDDF, 0xD61E, 0xD63E, 0xCDDE, 0xC57F, 0xC57F, 0xC59F, 0xC57F, 0xC55F,
  0xC55F, 0xC55F, 0xC55F, 0xC55F, 0xC55F, 0xC55F, 0xC57F, 0xC57F, 0xC55F, 0xC55F, 0xC57F, 0xC57F, 0xC57F, 0xC57F, 0xC57F, 0xC57F,
  0xC57F, 0xC57F, 0xC57F, 0xC57F, 0xC57F, 0xC57F, 0xC57F, 0xC57F, 0xC57F, 0xC57F, 0xC57F, 0xC57F, 0xC57F, 0xCD7F, 0xCD7F, 0xCD9F,
  0xCD9F, 0xCD9F, 0xCD9F, 0xD5DE, 0xE63F, 0xEE7F, 0xE65F, 0xE65F, 0xE65F, 0xEE5F, 0xEE5F, 0xEE5F, 0xE65F, 0xEE7F, 0xEE9F, 0xEE7F,
  0xEE7F, 0xEEBF, 0xEEBF, 0xE67E, 0xDE1E, 0xD5DE, 0xCDBE, 0xCD9E, 0xCD9E, 0xD5BE, 0xD5DE, 0xE65E, 0xF6DF, 0xFF3F, 0xFF5F, 0xFF3E,
  0xFF3E, 0xFF3E, 0xFF3E, 0xFF3E, 0xFF3E, 0xFF3E, 0xFF1E, 0xFF1E, 0xFF1E, 0xFF1E, 0xFF1E, 0xFF1E, 0xFF3E, 0xFF3E, 0xFF3E, 0xFF3E,
  0xFF5E, 0xFF5E, 0xFF5E, 0xFF5E, 0xFF5E, 0xFF5E, 0xFF3E, 0xFEFD, 0xFEFD, 0xFEFD, 0xFEFD, 0xFEFE, 0xFEFD, 0xFEFD, 0xFEDD, 0xFEDD,
  0xFEDD, 0xFEFD, 0xFEDD, 0xFEFD, 0xFEFD, 0xFF1D, 0xFF1D, 0xFF1D, 0xFF1D, 0xFF1D, 0xFF1D, 0xFF1D, 0xFF1D, 0xFF1D, 0xFF1D, 0xFF1D,
  0xFEFE, 0xFEFE, 0xFEFE, 0xFEFE, 0xFEDE, 0xFEDE, 0xFEDE, 0xFEDE, 0xFEDE, 0xFEDE, 0xF6BE, 0xF6BE, 0xF6BE, 0xF69E, 0xF69E, 0xF69E,
  0xF69E, 0xF69F, 0xF69F, 0xF6BF, 0xF6BF, 0xF6BF, 0xF6BE, 0xF6BF, 0xF6BF, 0xF6BF, 0xF6BF, 0xF6BF, 0xF6BE, 0xF6BF, 0xF6BF, 0xF6DF,
  0xF6DF, 0xF6DF, 0xFEDF, 0xF6DF, 0xFEDF, 0xFEDF, 0xFEDF, 0xFEDE, 0xFEDF, 0xFEDF, 0xFEFF, 0xF6DF, 0xDE1E, 0xCD7E, 0xC53F, 0xC55F,
  0xC53F, 0xC53F, 0xC53F, 0xC53F, 0xBD3F, 0xBD1F, 0xBD1F, 0xBD3F, 0xBD3F, 0xBD3F, 0xC53F, 0xBD1F, 0xBD1F, 0xBD3F, 0xBD3F, 0xBD3F,
  0xC53F, 0xBD3F, 0xBD3F, 0xBD3F, 0xBD1F, 0xBD1F, 0x939B, 0x939B, 0xC55F, 0xBD3F, 0xBD3F, 0xBD3F, 0xBD3F, 0xC55F, 0xC55F, 0xC55F,
  0x5A91, 0xAC9F, 0xA45F, 0xA45F, 0xA45F, 0xA45F, 0xA45F, 0xA43F, 0xA43F, 0xA43F, 0x9C3E, 0x9C1E, 0x9C1F, 0x9C1E, 0x9C1E, 0x9C1E,
  0x9C1E, 0x9BFE, 0x9BFE, 0x9BFE, 0x93FE, 0x93FE, 0x93FE, 0x93FE, 0x93FE, 0x93FE, 0x9BFE, 0x9BFE, 0x9C1E, 0x9C1E, 0x9C1E, 0x9C1E,
  0x9C1D, 0xA47D, 0xBD3E, 0xCDDE, 0xCDDF, 0xC57F, 0xC59F, 0xC59F, 0xC57E, 0xCDDE, 0xDE5F, 0xDE7F, 0xD5FF, 0xCDDF, 0xCDDF, 0xCDDF,
  0xCDBF, 0xCDBF, 0xCD9F, 0xCD9F, 0xC57F, 0xC55F, 0xC57F, 0xC55F, 0xC57F, 0xC57F, 0xC57F, 0xC57F, 0xC57F, 0xCD9F, 0xCD9F, 0xC57F,
  0xCD9F, 0xCD9F, 0xCD9F, 0xCD9F, 0xC57F, 0xC57F, 0xC57F, 0xC57F, 0xC57F, 0xCD9F, 0xCD9F, 0xC57F, 0xC57F, 0xCD7F, 0xCD7F, 0xCD7F,
  0xCD7F, 0xC57F, 0xCD9F, 0xCD9F, 0xCD9F, 0xD5DF, 0xDDFF, 0xE65F, 0xEE7F, 0xEE7F, 0xEE7F, 0xEE7F, 0xE65F, 0xE63F, 0xDDFF, 0xD5BE,
  0xCD7E, 0xC51E, 0xBCFE, 0xB4FE, 0xBCFE, 0xBCFE, 0xBCFF, 0xBD1F, 0xBCFE, 0xBCFF, 0xBCFE, 0xC4FE, 0xCD5E, 0xDDFE, 0xEE9E, 0xFEFF,
  0xFF3F, 0xFF5F, 0xFF5E, 0xFF3E, 0xFF1E, 0xFF3E, 0xFF3E, 0xFF3E, 0xFF1E, 0xFF1E, 0xFF3E, 0xFF1E, 0xFF1E, 0xFF1E, 0xFF3E, 0xFF3E,
  0xFF3E, 0xFF3E, 0xFF5E, 0xFF5D, 0xFF5D, 0xFF7E, 0xFF7E, 0xFF3E, 0xFEFD, 0xFEFD, 0xFEDD, 0xFEDE, 0xFEDD, 0xFEDD, 0xFEDD, 0xFEDD,
  0xFEDD, 0xFEDD, 0xFEFE, 0xFEFE, 0xFEFE, 0xFEFD, 0xFEFD, 0xFEFD, 0xFEFD, 0xFEFE, 0xFEFD, 0xFEFD, 0xFEFE, 0xFEFE, 0xFEFE, 0xFEFE,
  0xFEFE, 0xFEFE, 0xFEFE, 0xFEDE, 0xFEDE, 0xFEDE, 0xFEDE, 0xFEBE, 0xFEBE, 0xFEBE, 0xFEBE, 0xFEBE, 0xF6BE, 0xF69E, 0xF69E, 0xF69E,
  0xF69E, 0xF69E, 0xF69E, 0xF69E, 0xF6BF, 0xF6BF, 0xF6BE, 0xF6BF, 0xF6BF, 0xF6BF, 0xF6BF, 0xF6BF, 0xF6BE, 0xF6DF, 0xF6DF, 0xFEFF,
  0xFEFF, 0xFEFF, 0xFEDF, 0xFEDF, 0xFEDF, 0xF6DF, 0xFEDF, 0xFEDF, 0xFEFF, 0xF6DF, 0xE63E, 0xD59E, 0xC53E, 0xC53F, 0xC55F, 0xC53F,
  0xC53F, 0xC53F, 0xC53F, 0xBD3F, 0xBD1F, 0xBD1F, 0xBD3F, 0xBD3F, 0xBD3F, 0xC53F, 0xC53F, 0xBD3F, 0xBD3F, 0xBD3F, 0xBD3F, 0xC53F,
  0xC53F, 0xBD3F, 0xBD3F, 0xBD3F, 0xBD1F, 0xC53F, 0xA47D, 0xACBD, 0xC57F, 0xBD3F, 0xBD3F, 0xBD3F, 0xBD3F, 0xC55F, 0xC55F, 0xC55F,
  0x5A91, 0xAC9F, 0xA45F, 0xA45F, 0xA45F, 0xA45F, 0xA45F, 0xA45F, 0xA43F, 0xA43F, 0x9C3E, 0x9C1E, 0x9C1F, 0x9C1E, 0x9C1E, 0x9C1E,
  0x9C1E, 0x9C1E, 0x9BFE, 0x9BFE, 0x93FE, 0x93FE, 0x93FE, 0x93FE, 0x93FE, 0x93FE, 0x93FE, 0x9BFE, 0x9BFE, 0x9BFE, 0x9C1E, 0x9C1E,
  0x9C1E, 0x9C1E, 0x9BFE, 0xA45D, 0xBD3D, 0xD5FE, 0xD5DF, 0xC59F, 0xC59F, 0xC59F, 0xCD9F, 0xD5FE, 0xDE5F, 0xDE3F, 0xCDFF, 0xCDDF,
  0xCDFF, 0xD5FF, 0xD5FF, 0xD5FF, 0xCDDF, 0xCDBF, 0xCDBF, 0xCD9F, 0xC59F, 0xC57F, 0xC57F, 0xC57F, 0xCD9F, 0xC57F, 0xCD7F, 0xCD9F,
  0xCD9F, 0xCD9F, 0xCD9F, 0xCD9F, 0xCD9F, 0xCD9F, 0xCD9F, 0xCD9F, 0xCD9F, 0xCD9F, 0xCD9F, 0xCD9F, 0xCD9F, 0xCD9F, 0xCD7F, 0xCD7F,
  0xCD7F, 0xCD7F, 0xCD9F, 0xCD9F, 0xCD9F, 0xCD9F, 0xCD9F, 0xD5BF, 0xDE1F, 0xDE1F, 0xD5DF, 0xCD9F, 0xC55E, 0xC53E, 0xBD1E, 0xBCFF,
  0xBCFF, 0xBCFF, 0xBD1F, 0xBD1F, 0xBD1F, 0xBD1F, 0xBD1F, 0xBD1F, 0xBD1F, 0xBD1F, 0xBD1F, 0xC4FF, 0xC51F, 0xD55F, 0xDD9E, 0xE5FE,
  0xEE5E, 0xF6DE, 0xFF1E, 0xFF5F, 0xFF5E, 0xFF5E, 0xFF3E, 0xFF3E, 0xFF3E, 0xFF3E, 0xFF3E, 0xFF3E, 0xFF1E, 0xFF1E, 0xFF1E, 0xFF1E,
  0xFF1E, 0xFF3E, 0xFF3E, 0xFF3E, 0xFF3E, 0xFF5D, 0xFF5D, 0xFF5E, 0xFF3E, 0xFF1E, 0xFEFD, 0xFEDD, 0xFEFD, 0xFEFE, 0xFEDD, 0xFEFD,
  0xFEFD, 0xFEFD, 0xFEFE, 0xFEFE, 0xFEFE, 0xFEFE, 0xFEFE, 0xFEFE, 0xFEFE, 0xFEFE, 0xFEFE, 0xFEFE, 0xFEDE, 0xFEFE, 0xFEFE, 0xFEFE,
  0xFEFE, 0xFEFE, 0xFEFE, 0xFEDE, 0xFEDE, 0xFEDE, 0xFEDE, 0xFEDE, 0xFEBE, 0xFEBE, 0xFEBE, 0xFEBE, 0xFEBE, 0xFEBE, 0xF6BE, 0xF6BF,
  0xF6BE, 0xF6BE, 0xF6BF, 0xF6BF, 0xF6BF, 0xF69F, 0xF6BF, 0xF69F, 0xF69F, 0xF6BF, 0xF6BF, 0xF6DF, 0xFEFF, 0xFEFF, 0xFEFF, 0xFEFE,
  0xFEFF, 0xF6DE, 0xFEDF, 0xFEDF, 0xFEDF, 0xFEFF, 0xFEFF, 0xFEFF, 0xEE7F, 0xD5BE, 0xCD5E, 0xC55F, 0xC55F, 0xC55F, 0xC55F, 0xC53F,
  0xC53F, 0xC53F, 0xC53F, 0xBD3F, 0xBD3F, 0xBD3F, 0xBD3F, 0xC53F, 0xC53F, 0xBD3F, 0xBD3F, 0xC53F, 0xC53F, 0xBD3F, 0xBD3F, 0xBD3F,
  0xBD3F, 0xBD3F, 0xBD3F, 0xBD3F, 0xC53F, 0xC53F, 0xBD1E, 0xC55F, 0xBD1F, 0xC55F, 0xC53F, 0xC55F, 0xC55F, 0xC55F, 0xC55F, 0xC57F,
  0x6291, 0xACBF, 0xA45F, 0xA45F, 0xA45F, 0xA45F, 0xA45F, 0xA45F, 0xA43F, 0xA43E, 0x9C3E, 0x9C1F, 0x9C1F, 0x9C1F, 0x9C1E, 0x9C1E,
  0x9C1E, 0x9C1E, 0x9C1E, 0x9BFE, 0x9BFE, 0x93FE, 0x93FE, 0x93FE, 0x93FE, 0x93FE, 0x93FE, 0x9BFE, 0x9BFE, 0x9BFE, 0x9BFE, 0x9C1E,
  0x9C1E, 0x9C1E, 0x9C1E, 0x9C1E, 0x9BFD, 0xA45D, 0xC55E, 0xD61F, 0xCDDE, 0xC59E, 0xCD9F, 0xCD9F, 0xCD9F, 0xD61F, 0xDE7F, 0xDE5F,
  0xD5FF, 0xD5FF, 0xD5FF, 0xCDFF, 0xD5FF, 0xD5FF, 0xD5DF, 0xD5DF, 0xD5DF, 0xCDDF, 0xCDBF, 0xCDBF, 0xCDBF, 0xCDBF, 0xCDBF, 0xCD9F,
  0xCD9F, 0xCDBF, 0xCDBF, 0xCDBF, 0xCDBF, 0xCDBF, 0xCDBF, 0xCDBF, 0xCDBF, 0xCDBF, 0xCDBF, 0xCDBF, 0xCD9F, 0xCD9F, 0xCD9F, 0xCD9F,
  0xCD9F, 0xCD9F, 0xCD9F, 0xCD9F, 0xCD9F, 0xCD7F, 0xC57F, 0xC55F, 0xC53F, 0xBD1E, 0xBD1F, 0xBD1F, 0xBD1F, 0xBD3F, 0xBD3F, 0xBD1F,
  0xBD1F, 0xBD1F, 0xBCFF, 0xBD1F, 0xBD1F, 0xBD1F, 0xBD1F, 0xBD1F, 0xBD1F, 0xBD1E, 0xBD1F, 0xBD1F, 0xC51F, 0xCD5F, 0xCD7F, 0xD5BF,
  0xDDBE, 0xE5FE, 0xEE3E, 0xF69E, 0xF6FE, 0xFF3E, 0xFF5F, 0xFF5E, 0xFF3E, 0xFF3E, 0xFF3E, 0xFF3E, 0xFF3E, 0xFF3E, 0xFF1E, 0xFF1E,
  0xFF1E, 0xFF1E, 0xFF1E, 0xFF1E, 0xFF1E, 0xFF3E, 0xFF3E, 0xFF3E, 0xFF3E, 0xFF3E, 0xFF1E, 0xFEFD, 0xFEFD, 0xFEFD, 0xFEFE, 0xFEFE,
  0xFEFE, 0xFEFE, 0xFEFE, 0xFEFE, 0xFEFE, 0xFEFD, 0xFEFE, 0xFEFE, 0xFEFE, 0xFEFE, 0xFEFE, 0xFEFE, 0xFEFE, 0xFEFE, 0xFEFE, 0xFEFE,
  0xFEFE, 0xFEFE, 0xFEFE, 0xFEFE, 0xFEDE, 0xFEDE, 0xFEDE, 0xFEDE, 0xFEBE, 0xFEBE, 0xFEBE, 0xFEBE, 0xFEBE, 0xF6BE, 0xF6BE, 0xF6BE,
  0xF6BE, 0xFEBE, 0xFEBF, 0xFEBF, 0xF6BF, 0xF6BE, 0xF6BE, 0xF6BF, 0xF6BE, 0xF6DE, 0xFEFF, 0xFEFF, 0xFEFE, 0xFEFE, 0xFEFE, 0xFEFE,
  0xFEFE, 0xFEFF, 0xFEFF, 0xFEFF, 0xFEFF, 0xFEFF, 0xEE9F, 0xDDFE, 0xCD7E, 0xCD7F, 0xCD7F, 0xC55F, 0xC55F, 0xC55F, 0xC55F, 0xC53F,
  0xC53F, 0xC53F, 0xC53F, 0xC53F, 0xC53F, 0xC53F, 0xC53F, 0xC53F, 0xC55F, 0xC55F, 0xC53F, 0xC53F, 0xCD5F, 0xC55F, 0xBD3F, 0xBD3F,
  0xBD3F, 0xBD3F, 0xBD3F, 0xC55F, 0xC57F, 0xBCFE, 0xB4BE, 0xAC7E, 0xB49E, 0xC55F, 0xC55F, 0xC55F, 0xC55F, 0xC55F, 0xC57F, 0xC57F,
  0x62B1, 0xACBF, 0xA45F, 0xA47F, 0xA45F, 0xA45F, 0xA45F, 0xA45F, 0xA43F, 0xA43F, 0x9C3F, 0x9C3F, 0x9C3F, 0x9C1E, 0x9C1E, 0x9C1E,
  0x9C1E, 0x9C1E, 0x9C1E, 0x9BFE, 0x9BFE, 0x9BFE, 0x93FE, 0x93FE, 0x93FE, 0x93FE, 0x93FE, 0x9BFE, 0x9BFE, 0x9BFE, 0x9BFE, 0x9BFE,
  0x9BFE, 0x9BFE, 0x9C1D, 0x9BFE, 0x9C1E, 0x9BFE, 0x9BFD, 0xACBD, 0xCDBE, 0xD61E, 0xCD9F, 0xCD9F, 0xCDBF, 0xCDBF, 0xD5DF, 0xDE5F,
  0xDE7F, 0xD63E, 0xCDFF, 0xD5FF, 0xD5FF, 0xD5FF, 0xD5FF, 0xD5FF, 0xD5FF, 0xD5FF, 0xD5FF, 0xD5DF, 0xD5DF, 0xD5DF, 0xD5DF, 0xD5DF,
  0xD5DF, 0xCDDF, 0xCDDF, 0xCDDF, 0xCDDF, 0xCDBF, 0xCDBF, 0xCDDF, 0xCDBF, 0xCDBF, 0xCDBF, 0xCDBF, 0xCDBF, 0xCDBF, 0xCD9F, 0xCD9F,
  0xC57F, 0xC55F, 0xC57F, 0xC55F, 0xBD3F, 0xBD1F, 0xBD1F, 0xBD1F, 0xBD3F, 0xBD3F, 0xBD3F, 0xBD3F, 0xBD1F, 0xBD1F, 0xBD1F, 0xBD1F,
  0xBD1F, 0xBD1F, 0xBD1F, 0xBD1F, 0xBD1F, 0xBD1F, 0xBD1F, 0xBCFF, 0xBD1F, 0xBD1F, 0xBD1F, 0xBD1F, 0xBD1F, 0xC53F, 0xCD5F, 0xCD7F,
  0xD5BF, 0xD5BE, 0xDDDE, 0xE5FE, 0xEE1E, 0xEE5E, 0xF6BE, 0xFEFE, 0xFF5F, 0xFF5E, 0xFF5E, 0xFF3E, 0xFF3E, 0xFF3E, 0xFF1E, 0xFF3E,
  0xFF3E, 0xFF1E, 0xFF1E, 0xFF1E, 0xFF1E, 0xFF1E, 0xFF1E, 0xFF1E, 0xFF1E, 0xFF3E, 0xFF3E, 0xFF3E, 0xFF3E, 0xFF1E, 0xFEFE, 0xFEFE,
  0xFEFE, 0xFEFE, 0xFEFE, 0xFEFE, 0xFEFE, 0xFEFE, 0xFEFE, 0xFEFE, 0xFEFE, 0xFEFE, 0xFEFE, 0xFEFE, 0xFEFE, 0xFEFE, 0xFEFE, 0xFEFE,
  0xFEFE, 0xFEFE, 0xFEFE, 0xFEFE, 0xFEDE, 0xFEDE, 0xFEDE, 0xFEDE, 0xFEBE, 0xFEBE, 0xFEBE, 0xFEBE, 0xFEBE, 0xF6BE, 0xF6BE, 0xF6BE,
  0xF6BE, 0xF6DE, 0xF6BE, 0xF6BE, 0xF6DE, 0xFEFE, 0xFF1F, 0xFF1F, 0xFF1F, 0xFF1E, 0xFF1E, 0xFF1E, 0xFF1E, 0xFF1E, 0xFF1E, 0xFF1E,
  0xFF1E, 0xFEFE, 0xFF1F, 0xFF1F, 0xF6BF, 0xDE1E, 0xCD9E, 0xCD7F, 0xCD9F, 0xCD7F, 0xCD7F, 0xC55F, 0xC55F, 0xC55F, 0xC55F, 0xC55F,
  0xC55F, 0xC55F, 0xC55F, 0xC55F, 0xC55F, 0xC55F, 0xC55F, 0xC55F, 0xC55F, 0xBD5F, 0xC53F, 0xCD5F, 0xAC7C, 0xB4DE, 0xC57F, 0xBD3F,
  0xC55F, 0xC55F, 0xC55F, 0xC59F, 0xC55F, 0x835A, 0x9BDC, 0xBD1F, 0xBD3F, 0xC57F, 0xC57F, 0xC57F, 0xC57F, 0xC57F, 0xC57F, 0xC57F,
  0x62B2, 0xB4BF, 0xA47F, 0xA47F, 0xA47F, 0xA47F, 0xA45F, 0xA45F, 0xA45F, 0xA45F, 0xA43F, 0xA43F, 0xA43F, 0x9C3F, 0x9C1E, 0x9C1E,
  0x9C1E, 0x9C1E, 0x9C1E, 0x9C1E, 0x9C1E, 0x9BFE, 0x93FE, 0x93FE, 0x93FE, 0x93FE, 0x93FE, 0x93FE, 0x93FE, 0x93FE, 0x93FE, 0x93FE,
  0x9BFE, 0x9BFE, 0x9BFE, 0x9BFD, 0x9BFE, 0x9BFE, 0x9C1E, 0x9C1E, 0xA43D, 0xBD1D, 0xD5FE, 0xD5FF, 0xCDBF, 0xCDBF, 0xD5DF, 0xCDBF,
  0xD5FF, 0xE67F, 0xDE7F, 0xD63F, 0xD61F, 0xD61F, 0xD61F, 0xD61F, 0xD61F, 0xD5FF, 0xD5FF, 0xD5FF, 0xD5FF, 0xD5FF, 0xD5FF, 0xD5FF,
  0xD5DF, 0xD5DF, 0xD5FF, 0xD5FF, 0xD5FF, 0xD5FF, 0xD5FF, 0xD5FF, 0xD5FF, 0xD5FF, 0xD5FF, 0xD5DF, 0xCDBF, 0xC57F, 0xC55F, 0xBD3F,
  0xBD1F, 0xBD1F, 0xBD1F, 0xBD1F, 0xBD1F, 0xBD1F, 0xBD1F, 0xBD1F, 0xBD1F, 0xBD1F, 0xBD1F, 0xBD1F, 0xBD1F, 0xBD1F, 0xBD1F, 0xBD1F,
  0xBD1F, 0xBD1F, 0xBD1F, 0xBD1F, 0xBD1F, 0xBD1F, 0xBD1F, 0xBD1F, 0xBD1F, 0xBD1F, 0xBD1F, 0xBD1F, 0xC53F, 0xC53F, 0xC55F, 0xCD5E,
  0xCD7E, 0xD59E, 0xD5BE, 0xD5BF, 0xDDDE, 0xE5FE, 0xE61E, 0xEE3D, 0xF69E, 0xF6BE, 0xFF1E, 0xFF5E, 0xFF3E, 0xFF3E, 0xFF3E, 0xFF3E,
  0xFF3E, 0xFF1E, 0xFF1E, 0xFF3E, 0xFF1E, 0xFF1E, 0xFF1E, 0xFF1E, 0xFF1E, 0xFF1E, 0xFF1E, 0xFF1E, 0xFF1E, 0xFF3E, 0xFF1E, 0xFF1E,
  0xFF1D, 0xFEFE, 0xFEFE, 0xFEFE, 0xFEFE, 0xFEFE, 0xFEFE, 0xFEFE, 0xFEFE, 0xFEFE, 0xFEFE, 0xFEFE, 0xFEFE, 0xFEFE, 0xFEFE, 0xFEFE,
  0xFEFE, 0xFEFE, 0xFEFE, 0xFEFE, 0xFEDE, 0xFEDE, 0xFEDE, 0xFEDE, 0xFEDE, 0xFEDE, 0xFEDE, 0xFEBE, 0xFEBE, 0xFEBE, 0xFEDE, 0xFEDE,
  0xFEDE, 0xFEDE, 0xFEFE, 0xFEFE, 0xFF1F, 0xFF3F, 0xFF3E, 0xFF1E, 0xFF1E, 0xFF1E, 0xFF1E, 0xFF1E, 0xFF1E, 0xFF1E, 0xFF1E, 0xFF1E,
  0xFF1E, 0xFF1F, 0xF6DF, 0xE63E, 0xD5BE, 0xCD9F, 0xCD9F, 0xCD9F, 0xCD7F, 0xCD7F, 0xCD7F, 0xC55F, 0xC55F, 0xC55F, 0xC55F, 0xC55F,
  0xC55F, 0xC55F, 0xC55F, 0xC55F, 0xC55F, 0xC55F, 0xC55F, 0xC55F, 0xC55F, 0xC55F, 0xC57F, 0xC53D, 0x7AB7, 0x7AF8, 0xB4FE, 0xC55F,
  0xBD5F, 0xC57F, 0xC57F, 0xC59F, 0xC57F, 0x8BBA, 0xB4DE, 0xC55F, 0xC55F, 0xC57F, 0xC57F, 0xC59F, 0xC59F, 0xCD9F, 0xCD9F, 0xCD9F,
  0x62D2, 0xACBF, 0xA47F, 0xAC7F, 0xAC7F, 0xAC7F, 0xA47F, 0xA45F, 0xA45F, 0xA45F, 0xA43F, 0xA43F, 0xA43F, 0x9C1F, 0x9C1E, 0x9C1F,
  0x9C1E, 0x9C1E, 0x9C1E, 0x9C1E, 0x9C1E, 0x9BFE, 0x9BFE, 0x9BFE, 0x93FE, 0x93FE, 0x93FE, 0x93FE, 0x93FE, 0x93FE, 0x93FE, 0x93FE,
  0x93FE, 0x9BFE, 0x9BFE, 0x9BFE, 0x9BFE, 0x9C1E, 0x9C1E, 0x9C1E, 0xA43E, 0x9C1E, 0xA47D, 0xCD9E, 0xDE3F, 0xD5FF, 0xCDBF, 0xD5BF,
  0xD5BF, 0xD5DF, 0xDE3E, 0xE69F, 0xDE7F, 0xD61F, 0xD61F, 0xD61F, 0xD61F, 0xD61F, 0xD5FF, 0xD5FF, 0xD61F, 0xD5FF, 0xD61F, 0xD61F,
  0xD5FF, 0xD5FF, 0xD5FF, 0xD5FF, 0xD5FF, 0xD5FF, 0xD61F, 0xD5FF, 0xD5DF, 0xCDBF, 0xCDBF, 0xC57F, 0xC55E, 0xBD3F, 0xBD3F, 0xBD1F,
  0xBD1F, 0xBD1F, 0xBD3F, 0xBD3F, 0xBD1F, 0xBD1F, 0xBD1F, 0xBD1F, 0xBD1F, 0xBD1F, 0xBD1F, 0xBD1F, 0xBD1F, 0xBD1F, 0xBD1F, 0xBD1F,
  0xBD1F, 0xBD1F, 0xBD1F, 0xBD1F, 0xBD1F, 0xBD1F, 0xBD1F, 0xBD1F, 0xBD1F, 0xBD1F, 0xBD1F, 0xBD1F, 0xC53F, 0xC53F, 0xC55F, 0xC55F,
  0xCD5E, 0xCD7E, 0xD59F, 0xD59F, 0xD59E, 0xD5BE, 0xDDDE, 0xDDFE, 0xE5FE, 0xE61E, 0xEE3E, 0xF6BE, 0xFF1F, 0xFF3E, 0xFF3E, 0xFF3E,
  0xFF3E, 0xFF3E, 0xFF3E, 0xFF3E, 0xFF1E, 0xFF1E, 0xFF1E, 0xFF1E, 0xFF1E, 0xFF1E, 0xFF1E, 0xFF1E, 0xFF1E, 0xFF1E, 0xFF1E, 0xFF1E,
  0xFF1E, 0xFF1E, 0xFF1E, 0xFF1E, 0xFF1E, 0xFEFE, 0xFEFE, 0xFEFE, 0xFEFE, 0xFEFE, 0xFEFE, 0xFEFE, 0xFEFE, 0xFEFE, 0xFEFE, 0xFEFE,
  0xFEFE, 0xFEDE, 0xFEDE, 0xFEDE, 0xFEDE, 0xFEDE, 0xFEDE, 0xFEDE, 0xFEBE, 0xFEDE, 0xFEDE, 0xFEDE, 0xFEDE, 0xFEDE, 0xFEDE, 0xFEFE,
  0xFEFE, 0xFF1E, 0xFF1E, 0xFF1E, 0xFF3E, 0xFF1E, 0xFF1E, 0xFF1E, 0xFF1E, 0xFF1E, 0xFF1E, 0xFF1E, 0xFF1E, 0xFF1E, 0xFF1E, 0xFF1F,
  0xF6DF, 0xE63E, 0xD5DF, 0xD5BF, 0xD5BF, 0xD5BF, 0xCD9F, 0xCD9F, 0xCD9F, 0xCD7F, 0xCD7F, 0xC57F, 0xC55F, 0xC55F, 0xC57F, 0xC55F,
  0xC55F, 0xC55F, 0xC55F, 0xC55F, 0xC55F, 0xC55F, 0xC55F, 0xC55F, 0xC55F, 0xC55F, 0xCD7F, 0xCD5D, 0x8318, 0x6A98, 0x9C3C, 0xCD9F,
  0xBD5F, 0xC57F, 0xC57F, 0xC59F, 0xC55F, 0xB4FD, 0xCD9F, 0xC57F, 0xC59F, 0xC59F, 0xC59F, 0xC59F, 0xCD9F, 0xCDBF, 0xCDBF, 0xCDBF,
  0x62D2, 0xB4DF, 0xA47F, 0xAC7F, 0xAC9F, 0xAC7F, 0xAC7F, 0xA47F, 0xA45F, 0xA45E, 0xA45F, 0xA43F, 0xA43F, 0x9C3E, 0x9C1E, 0x9C3E,
  0x9C1E, 0x9C1E, 0x9C1E, 0x9C1E, 0x9C1E, 0x9BFE, 0x9C1E, 0x9BFE, 0x9BFE, 0x9BFE, 0x9BFE, 0x93FE, 0x93FE, 0x93FE, 0x93FE, 0x93FE,
  0x9BFE, 0x9BFE, 0x9BFE, 0x9BFE, 0x9BFE, 0x9BFE, 0x9BFE, 0x9C1E, 0x9C1E, 0x9C3E, 0x9C1E, 0x9BFD, 0xB4DD, 0xD5FE, 0xD61F, 0xCD9F,
  0xD5BF, 0xD5DF, 0xD5DF, 0xD5FE, 0xDE3F, 0xE67F, 0xDE5F, 0xD61F, 0xD61F, 0xD61F, 0xD61F, 0xD61F, 0xD61F, 0xD61F, 0xD61F, 0xD61F,
  0xD61F, 0xD61F, 0xD5FF, 0xD5FF, 0xD5DF, 0xCDDF, 0xCDBF, 0xC57F, 0xC55F, 0xC53F, 0xBD3F, 0xBD3F, 0xC53F, 0xC53F, 0xBD3F, 0xBD3F,
  0xBD1F, 0xBD3F, 0xBD3F, 0xBD3F, 0xBD1F, 0xBD1F, 0xBD1F, 0xBD1F, 0xBD1F, 0xBD1F, 0xBD1F, 0xBD1F, 0xBD1F, 0xBD1F, 0xBD1F, 0xBD1F,
  0xBD1F, 0xBD1F, 0xBD1F, 0xBD1F, 0xBD1F, 0xBD1F, 0xBD1F, 0xBD1F, 0xBD1F, 0xBD1F, 0xBD1F, 0xC53F, 0xC53F, 0xC53F, 0xC55F, 0xC55F,
  0xC55F, 0xCD5F, 0xCD7E, 0xCD9F, 0xD59E, 0xD59F, 0xD5BF, 0xDDDF, 0xDDDF, 0xDDFF, 0xE5FF, 0xE5FE, 0xE63E, 0xF69E, 0xF6DE, 0xFF1E,
  0xFF3F, 0xFF3E, 0xFF3E, 0xFF3E, 0xFF3E, 0xFF3E, 0xFF1E, 0xFF1E, 0xFF1E, 0xFF1E, 0xFF1E, 0xFF1E, 0xFF1E, 0xFF1E, 0xFF1E, 0xFF1E,
  0xFF1E, 0xFF1E, 0xFF1E, 0xFF1E, 0xFF1E, 0xFF1E, 0xFF1E, 0xFF1E, 0xFF1E, 0xFEFE, 0xFEFE, 0xFEFE, 0xFEFE, 0xFEFE, 0xFEDE, 0xFEFE,
  0xFEDE, 0xFEDE, 0xFEDE, 0xFEDE, 0xFEDE, 0xFEDE, 0xFEDE, 0xFEDE, 0xFEBE, 0xFEBE, 0xFEBE, 0xFEDE, 0xF6DE, 0xFEDE, 0xFEFE, 0xFF1E,
  0xFF1E, 0xFF1E, 0xFF1E, 0xFF1E, 0xFF1E, 0xFF1E, 0xFF1E, 0xFF1E, 0xFF1E, 0xFF1E, 0xFF1E, 0xFF1E, 0xFF1E, 0xFF1F, 0xF6FF, 0xEE7F,
  0xDDFE, 0xD5BF, 0xD5DF, 0xD5BF, 0xD5BF, 0xD5BF, 0xCD9F, 0xCD9F, 0xCD9F, 0xCD7F, 0xCD7F, 0xC57F, 0xC57F, 0xC57F, 0xC57F, 0xC57F,
  0xC57F, 0xC57F, 0xC57F, 0xC57F, 0xC57F, 0xC57F, 0xC57F, 0xC57F, 0xC57F, 0xC57F, 0xC57F, 0xD5BF, 0x93BA, 0x6A77, 0x9C1B, 0xCD9F,
  0xC57F, 0xC55F, 0xC55F, 0xC57F, 0xBCFE, 0xBD5E, 0xCDBF, 0xCD9F, 0xCDBF, 0xCDBF, 0xCDBF, 0xCD9F, 0xCD9F, 0xCD9F, 0xCDBF, 0xD5BF,
  0x6AD2, 0xB4DF, 0xAC9F, 0xAC9F, 0xAC9F, 0xAC7F, 0xAC9F, 0xAC7F, 0xA47F, 0xA45F, 0xA45F, 0xA45F, 0xA43F, 0xA43F, 0xA43E, 0xA43E,
  0xA43E, 0x9C3E, 0x9C1E, 0x9C1E, 0x9C1E, 0x9C1E, 0x9C1E, 0x9BFE, 0x9C1E, 0x9BFE, 0x9BFE, 0x9BFE, 0x9BFE, 0x9BFE, 0x93FE, 0x93FE,
  0x93FE, 0x9BFE, 0x9BFE, 0x9BFE, 0x9BFE, 0x9BFE, 0x9BFE, 0x9BFE, 0x9C1E, 0x9BFE, 0x9C1E, 0x9C1E, 0x9BFE, 0xA43D, 0xC57E, 0xDE1F,
  0xD5DE, 0xD5BF, 0xD5DF, 0xD5FF, 0xD5DF, 0xD5FF, 0xDE5F, 0xE67F, 0xDE5F, 0xD61F, 0xDE3F, 0xDE3F, 0xD61F, 0xD61F, 0xD5FF, 0xCDDF,
  0xCDDF, 0xCDBF, 0xCD9F, 0xC57F, 0xC55F, 0xC55F, 0xC55F, 0xC55F, 0xC55F, 0xC55F, 0xC55F, 0xC55F, 0xC55F, 0xC55F, 0xC53F, 0xC53F,
  0xBD3F, 0xBD3F, 0xC53F, 0xBD3F, 0xBD3F, 0xBD3F, 0xBD3F, 0xBD3F, 0xBD3F, 0xBD3F, 0xBD3F, 0xBD1F, 0xBD3F, 0xBD3F, 0xBD1F, 0xBD1F,
  0xBD1F, 0xBD1F, 0xBD1F, 0xBD3F, 0xBD1F, 0xBD3F, 0xBD3F, 0xBD3F, 0xC53F, 0xC53F, 0xC53F, 0xC53F, 0xC53F, 0xC53F, 0xC55F, 0xC55F,
  0xC55F, 0xCD5F, 0xCD5F, 0xCD7F, 0xCD9F, 0xCD9F, 0xD59F, 0xD5BF, 0xD5BE, 0xD5DF, 0xDDDF, 0xDDFF, 0xDDFF, 0xE61E, 0xEE5F, 0xEE7E,
  0xF69E, 0xF6DE, 0xFF1F, 0xFF3F, 0xFF3E, 0xFF3E, 0xFF3E, 0xFF3E, 0xFF3E, 0xFF3E, 0xFF1E, 0xFF1E, 0xFF1E, 0xFF1E, 0xFF1E, 0xFF1E,
  0xFF1E, 0xFF1E, 0xFF1E, 0xFF1E, 0xFF1E, 0xFF1E, 0xFF1E, 0xFEFE, 0xFEFE, 0xFF1E, 0xFEFE, 0xFEFE, 0xFEFE, 0xFEFE, 0xFEFE, 0xFEFE,
  0xFEDE, 0xFEDE, 0xFEDE, 0xFEDE, 0xFEDE, 0xFEDE, 0xFEDE, 0xFEDE, 0xFEDE, 0xFEDE, 0xFEDE, 0xFEDE, 0xFEDE, 0xFEFE, 0xFEFE, 0xFF1E,
  0xFF1E, 0xFF1E, 0xFF1E, 0xFF1E, 0xFF1E, 0xFF1F, 0xFF1E, 0xFF1E, 0xFF1E, 0xFF1E, 0xFF1E, 0xFF1F, 0xFEFF, 0xEE9F, 0xDE1E, 0xDDDF,
  0xD5DF, 0xD5DF, 0xD5DF, 0xD5BF, 0xD5BF, 0xCDBF, 0xCD9F, 0xCD9F, 0xCD9F, 0xCD9F, 0xC57F, 0xC57F, 0xC57F, 0xC57F, 0xC57F, 0xCD7F,
  0xCD9F, 0xC57F, 0xC57F, 0xC57F, 0xC57F, 0xC57F, 0xC57F, 0xC57F, 0xC57F, 0xCD9F, 0xC59F, 0xCDBF, 0xC55E, 0x8358, 0xA45C, 0xC57F,
  0xB4FE, 0xC57F, 0xC57F, 0xC57F, 0xB4DD, 0xC57F, 0xCDBF, 0xCDBF, 0xCDBF, 0xCDBF, 0xCDBF, 0xCDBF, 0xCDBF, 0xCD9F, 0xCD5F, 0xC4FE,
  0x6AF2, 0xB4FF, 0xAC9F, 0xAC9F, 0xAC9F, 0xAC9F, 0xAC9F, 0xAC7F, 0xAC7F, 0xA47F, 0xA45F, 0xA45F, 0xA45F, 0xA45F, 0xA43F, 0xA43E,
  0xA43E, 0xA43E, 0x9C3E, 0x9C1E, 0x9C1E, 0x9C1E, 0x9C1E, 0x9C1E, 0x9C1E, 0x9C1E, 0x9BFE, 0x9BFE, 0x9BFE, 0x9BFE, 0x9BFE, 0x93DE,
  0x9BFE, 0x9BFE, 0x9BFE, 0x9BFE, 0x9BFE, 0x9BFE, 0x9BFE, 0x9BFE, 0x9BFE, 0x9BFE, 0x9BFE, 0x9C1E, 0x9C1E, 0x9C1E, 0x9C1D, 0xBD3E,
  0xDE1F, 0xD5FF, 0xCDBF, 0xD5DF, 0xD5DF, 0xD5DF, 0xD5DF, 0xD5FF, 0xE65F, 0xDE5F, 0xCDDE, 0xCDDF, 0xCDBF, 0xC59E, 0xC57F, 0xC57F,
  0xC55F, 0xC57F, 0xC57F, 0xC57F, 0xC55F, 0xC55F, 0xC55F, 0xC55F, 0xC55F, 0xC55F, 0xC55F, 0xC55F, 0xC55F, 0xC55F, 0xC55F, 0xC55F,
  0xC55F, 0xC55F, 0xC53F, 0xC53F, 0xC53F, 0xBD3F, 0xBD3F, 0xBD3F, 0xBD3F, 0xBD3F, 0xBD3F, 0xBD3F, 0xBD3F, 0xBD3F, 0xBD3F, 0xBD1F,
  0xBD1F, 0xBD3F, 0xBD3F, 0xC53F, 0xC53F, 0xC53F, 0xC53F, 0xC53F, 0xC53F, 0xC53F, 0xC53F, 0xC55F, 0xC55F, 0xC55F, 0xC55F, 0xC55F,
  0xC55F, 0xC55F, 0xC55F, 0xCD7F, 0xCD7F, 0xCD9F, 0xCD9F, 0xCD9F, 0xD5BF, 0xD5BF, 0xD5BE, 0xD5DE, 0xDDDE, 0xDDFF, 0xDDFF, 0xE61E,
  0xEE5F, 0xEE5E, 0xEE5E, 0xEE7E, 0xF6DE, 0xFF1E, 0xFF3E, 0xFF3E, 0xFF3E, 0xFF3E, 0xFF3E, 0xFF3E, 0xFF3E, 0xFF3E, 0xFF3E, 0xFF3E,
  0xFF3E, 0xFF3E, 0xFF1E, 0xFF1E, 0xFF1E, 0xFF1E, 0xFF3E, 0xFF3E, 0xFF5E, 0xFF5E, 0xFF5E, 0xFF3E, 0xFF3E, 0xFF1E, 0xFEFE, 0xFEFE,
  0xFF1E, 0xFF1E, 0xFF1E, 0xFF1E, 0xFF1E, 0xFEFE, 0xFEFE, 0xFEFE, 0xFEFE, 0xFEDE, 0xFEFE, 0xFEFE, 0xFEDE, 0xFEDE, 0xFEDE, 0xFEDE,
  0xFEDE, 0xFEDE, 0xFEDE, 0xFEDF, 0xFEDF, 0xFEFF, 0xFEFE, 0xFEFE, 0xFEFF, 0xFEFF, 0xF6DF, 0xF69E, 0xE63F, 0xDDFF, 0xDDFF, 0xDDFF,
  0xD5DF, 0xD5DF, 0xD5DF, 0xD5BF, 0xD5BF, 0xCDBF, 0xCDBF, 0xCD9F, 0xCD9F, 0xCD9F, 0xCD9F, 0xCD9F, 0xCD9F, 0xCD9F, 0xCD9F, 0xCD9F,
  0xCD9F, 0xCD9F, 0xCD9F, 0xCD9F, 0xCD9F, 0xCD9F, 0xCD9F, 0xC59F, 0xCD9F, 0xCD9F, 0xCDBF, 0xCDDF, 0xD61F, 0xD5FF, 0xB4FD, 0x93DA,
  0x7AF7, 0xCD9F, 0xCD9F, 0xC57F, 0xB4FE, 0xCDBF, 0xCDBF, 0xCDBF, 0xCD9F, 0xCDBF, 0xCDDF, 0xCDBF, 0xD5BF, 0xC4FE, 0xB47E, 0xB49E,
  0x6AD2, 0xB4FF, 0xAC9F, 0xACBF, 0xAC9F, 0xAC9F, 0xAC9F, 0xAC7F, 0xAC7F, 0xAC7F, 0xA45F, 0xA45F, 0xA45F, 0xA45F, 0xA45F, 0xA45F,
  0xA43E, 0xA43E, 0xA43E, 0xA43E, 0x9C1E, 0x9C1E, 0x9C3F, 0x9C1F, 0x9C1E, 0x9C1E, 0x9C1E, 0x9C1E, 0x9BFE, 0x9BFE, 0x9BFE, 0x9BFE,
  0x9BFE, 0x9BFE, 0x9BFE, 0x9BFE, 0x9BFE, 0x9BFE, 0x9BFE, 0x93FE, 0x9BFE, 0x9BFE, 0x9BFE, 0x9BFE, 0x9C1D, 0x9C1E, 0x9C1E, 0x9C3E,
  0xA45D, 0xCD7E, 0xDE1F, 0xD5BF, 0xD5BF, 0xD5BF, 0xD5DF, 0xD5DF, 0xD5DF, 0xDE1F, 0xDE7F, 0xD61F, 0xCDBF, 0xC57F, 0xC57F, 0xC57F,
  0xC57F, 0xC59F, 0xCD9F, 0xC57F, 0xC57F, 0xC57F, 0xC57F, 0xC57F, 0xC57F, 0xC57F, 0xC57F, 0xC57F, 0xC57F, 0xC57F, 0xC57F, 0xC57F,
  0xC55F, 0xC55F, 0xC55F, 0xC55F, 0xC55F, 0xC55F, 0xC55F, 0xC55F, 0xC55F, 0xC55F, 0xC53F, 0xC53F, 0xBD3F, 0xBD3F, 0xBD3F, 0xBD3F,
  0xBD3F, 0xC53F, 0xC53F, 0xC53F, 0xC55F, 0xC55F, 0xC55F, 0xC53F, 0xC55F, 0xC55F, 0xC55F, 0xC55F, 0xC55F, 0xC55F, 0xC55F, 0xC55E,
  0xC55F, 0xC55F, 0xCD5F, 0xCD7F, 0xCD7F, 0xCD7F, 0xCD9F, 0xCD9F, 0xCD9F, 0xD59E, 0xD5BE, 0xD5BF, 0xDDDE, 0xDDDE, 0xDDDF, 0xDDFE,
  0xE5FE, 0xE63E, 0xEE5F, 0xEE5F, 0xEE3E, 0xEE3E, 0xEE7E, 0xF6BE, 0xFEFE, 0xFF1E, 0xFF3E, 0xFF3E, 0xFF3E, 0xFF3E, 0xFF3E, 0xFF3E,
  0xFF3E, 0xFF3D, 0xFF3E, 0xFF5E, 0xFF5E, 0xFF5E, 0xFF7D, 0xFF7E, 0xFF7D, 0xFF7D, 0xFF7D, 0xFF7D, 0xFF5E, 0xFF5E, 0xFF3E, 0xFF3E,
  0xFF1E, 0xFF1E, 0xFF1E, 0xFF1E, 0xFF1E, 0xFF1E, 0xFF1E, 0xFF1E, 0xFEFE, 0xFEFE, 0xFEFE, 0xFEFE, 0xFEDE, 0xFEDE, 0xFEDE, 0xFEDE,
  0xFEDE, 0xFEDE, 0xFEBE, 0xFEBF, 0xF6BF, 0xF6BE, 0xF6BE, 0xF6BF, 0xF6BF, 0xEE7E, 0xE63E, 0xE61E, 0xDDFF, 0xDDFF, 0xDDFF, 0xD5FF,
  0xD5FF, 0xD5DF, 0xD5DF, 0xD5DF, 0xD5BF, 0xD5BF, 0xCDBF, 0xCDBF, 0xCDBF, 0xCDBF, 0xCD9F, 0xCDBF, 0xCD9F, 0xCDBF, 0xCDBF, 0xCD9F,
  0xCD9F, 0xCDBF, 0xCDBF, 0xCD9F, 0xCD9F, 0xCD9F, 0xCD9F, 0xCDBF, 0xCDBF, 0xCDBF, 0xCDBF, 0xD5FF, 0xC57E, 0x9C19, 0xA45C, 0x6A97,
  0x93DA, 0xD5FF, 0xCDBF, 0xC57E, 0xC57E, 0xD5FF, 0xCDBF, 0xCDBF, 0xCD9F, 0xC57F, 0xC55F, 0xD59F, 0xC51E, 0xB47D, 0xAC7E, 0xB47E,
  0x62D2, 0xB4FF, 0xAC9F, 0xACBF, 0xAC9F, 0xAC9F, 0xAC9F, 0xAC9F, 0xAC7F, 0xAC7F, 0xA47F, 0xA47F, 0xA47F, 0xA45F, 0xA45F, 0xA45F,
  0xA45F, 0xA45E, 0xA45E, 0xA43F, 0xA43E, 0xA43E, 0xA43F, 0x9C3E, 0x9C1E, 0x9C1E, 0x9C1E, 0x9C1E, 0x9BFE, 0x9BFE, 0x9BFE, 0x9BFE,
  0x9BFE, 0x9BFE, 0x9BFE, 0x9BFE, 0x9BFE, 0x9BFE, 0x9BFE, 0x9BFE, 0x93FE, 0x9BFE, 0x9BFE, 0x9BFE, 0x9BFE, 0x9BFE, 0x9BFE, 0x9BFE,
  0x9BFE, 0x9BDD, 0xB4DD, 0xD5FE, 0xD5DF, 0xD5BF, 0xD5DF, 0xD5FF, 0xD5DF, 0xD5DF, 0xD5FF, 0xDE1F, 0xDE3F, 0xD5FF, 0xC59F, 0xC55F,
  0xC57F, 0xC55F, 0xBD3E, 0xCD7F, 0xC57F, 0xC59F, 0xC59F, 0xC59F, 0xC59F, 0xC59F, 0xC59F, 0xC59F, 0xC59F, 0xC59F, 0xCD9F, 0xC59F,
  0xC57F, 0xC57F, 0xC57F, 0xC57F, 0xC57F, 0xC57F, 0xC57F, 0xC57F, 0xC57F, 0xC55F, 0xC55F, 0xC55F, 0xC55F, 0xC55F, 0xC55F, 0xC55F,
  0xC55F, 0xC55F, 0xC55F, 0xC55F, 0xC55F, 0xC55F, 0xC55F, 0xC55F, 0xC55F, 0xC57F, 0xC55F, 0xC55F, 0xC57F, 0xCD7F, 0xC57F, 0xC57F,
  0xCD7F, 0xCD7F, 0xCD7F, 0xCD7F, 0xCD7F, 0xCD9F, 0xCD7F, 0xCD9F, 0xCD9F, 0xD59F, 0xD59F, 0xD5BF, 0xD5BF, 0xD5DF, 0xDDDF, 0xDDDF,
  0xDDFF, 0xDDFF, 0xE61E, 0xE61F, 0xEE3F, 0xEE3E, 0xE63E, 0xE61E, 0xE63E, 0xEE5E, 0xF69E, 0xFEDE, 0xFF1E, 0xFF5E, 0xFF5E, 0xFF7E,
  0xFF7D, 0xFF7D, 0xFF7D, 0xFF7D, 0xFF7D, 0xFF7D, 0xFF5D, 0xFF5D, 0xFF5D, 0xFF5E, 0xFF5E, 0xFF5D, 0xFF5D, 0xFF5D, 0xFF5E, 0xFF5E,
  0xFF3E, 0xFF3E, 0xFF1E, 0xFF1E, 0xFF1E, 0xFF1E, 0xFF1E, 0xFF1E, 0xFEFE, 0xFEFE, 0xFF1E, 0xFEFE, 0xFEFE, 0xFEFE, 0xFEDE, 0xFEDE,
  0xFEDE, 0xFEDE, 0xFEDE, 0xF6DF, 0xFEDF, 0xFEDF, 0xF6BF, 0xF69E, 0xEE5E, 0xE63E, 0xE63F, 0xDDFF, 0xDDFF, 0xDDFF, 0xDDFF, 0xDDFF,
  0xD5FF, 0xD5FF, 0xD5DF, 0xD5DF, 0xD5DF, 0xD5DF, 0xD5DF, 0xD5DF, 0xCDBF, 0xCDBF, 0xCDBF, 0xCDBF, 0xCDBF, 0xCDBF, 0xCDBF, 0xCDBF,
  0xCDBF, 0xCDBF, 0xCDBF, 0xCDBF, 0xCDBF, 0xCDBF, 0xCDBF, 0xCDBF, 0xCDBF, 0xCDBF, 0xCDBF, 0xCDDF, 0xD5FF, 0xA45B, 0x72B7, 0x8379,
  0xCDBF, 0xD5FF, 0xD5FF, 0xC55E, 0xCDBE, 0xD61F, 0xD5FF, 0xC57F, 0xB4DE, 0xACBE, 0xBCDE, 0xD53E, 0xBCBE, 0xB4BF, 0xB49E, 0xB47E,
  0x62D1, 0xB4FF, 0xAC9F, 0xAC9F, 0xAC9F, 0xAC9F, 0xAC9F, 0xAC9F, 0xAC7F, 0xAC7F, 0xA47F, 0xA47F, 0xA47F, 0xA45F, 0xA45F, 0xA45E,
  0xA45F, 0xA45F, 0xA45F, 0xA45F, 0xA45F, 0xA43E, 0xA43E, 0x9C3E, 0x9C3F, 0x9C3F, 0x9C3F, 0x9C1E, 0x9C1E, 0x9C1E, 0x9C1E, 0x9C1E,
  0x9C1E, 0x9BFE, 0x9C1E, 0x9BFE, 0x9BFE, 0x9BFE, 0x9BFE, 0x9BFE, 0x93DE, 0x93DE, 0x9BFE, 0x9BFE, 0x9BFE, 0x9BFE, 0x93DE, 0x93DE,
  0x9BFE, 0x9BFE, 0x9BDD, 0xAC5D, 0xD5DE, 0xDE3F, 0xDDDF, 0xDDDF, 0xDDFF, 0xD5DF, 0xD5BF, 0xD5BF, 0xD5BF, 0xDE1F, 0xDE3F, 0xCDDE,
  0xC57F, 0x7B58, 0x7B18, 0xC53E, 0xCD7F, 0xC59F, 0xCD9F, 0xCD9F, 0xCD9F, 0xCD9F, 0xCD9F, 0xCD9F, 0xCD9F, 0xCD9F, 0xCD9F, 0xCD9F,
  0xCD9F, 0xCD9F, 0xC59F, 0xCD9F, 0xCD9F, 0xC59F, 0xC57F, 0xC57F, 0xC57F, 0xC57F, 0xC57F, 0xC55F, 0xC55F, 0xC55F, 0xC55F, 0xC55F,
  0xC57F, 0xC57F, 0xC57F, 0xC55F, 0xC55F, 0xCD7F, 0xCD7F, 0xCD7F, 0xCD7F, 0xCD7F, 0xCD7F, 0xCD7F, 0xCD9F, 0xCD9F, 0xCD9F, 0xCD9F,
  0xCD7F, 0xCD7F, 0xCD9F, 0xCD9F, 0xCD9F, 0xCD9F, 0xCD9F, 0xCD9F, 0xCD9F, 0xD59F, 0xD5BF, 0xD5BF, 0xD5BF, 0xD5DF, 0xD5DF, 0xD5DF,
  0xDDDE, 0xDDFF, 0xDDFF, 0xDDFF, 0xDDFE, 0xE63E, 0xE63F, 0xE61E, 0xE61E, 0xE61E, 0xE61E, 0xE63E, 0xE65E, 0xEE9E, 0xF6DE, 0xFF3E,
  0xFF5E, 0xFF5E, 0xFF7E, 0xFF7E, 0xFF7E, 0xFF7D, 0xFF7D, 0xFF7D, 0xFF5D, 0xFF5D, 0xFF5D, 0xFF5D, 0xFF5D, 0xFF5D, 0xFF5D, 0xFF5E,
  0xFF5E, 0xFF5E, 0xFF3E, 0xFF3E, 0xFF1E, 0xFF1E, 0xFF1E, 0xFF1E, 0xFF1D, 0xFF1E, 0xF6BE, 0xFF3F, 0xFF3E, 0xFEFE, 0xFEFE, 0xFEDE,
  0xFEDE, 0xFEDE, 0xFEDE, 0xFEDF, 0xF6BF, 0xF69F, 0xEE5E, 0xEE5E, 0xE63F, 0xE63F, 0xDE1F, 0xDE1F, 0xDE1F, 0xDDFF, 0xDDFF, 0xDDFF,
  0xD5FF, 0xD5FF, 0xD5FF, 0xD5FF, 0xD5DF, 0xD5DF, 0xD5DF, 0xD5DF, 0xCDDF, 0xCDDF, 0xD5DF, 0xD5DF, 0xCDDF, 0xCDDF, 0xCDBF, 0xCDBF,
  0xCDDF, 0xCDBF, 0xCDBF, 0xCDDF, 0xCDDF, 0xD5DF, 0xCDDF, 0xCDDF, 0xCDDF, 0xCDDF, 0xD5DF, 0xD5FF, 0xD5DF, 0xD5FF, 0xB4DD, 0xB4DD,
  0xD5DF, 0xCDDF, 0xD61F, 0xC57E, 0xCD9F, 0xC55E, 0xB4FE, 0xB4DE, 0xB4BF, 0xB4DE, 0xCD3F, 0xBC9D, 0xB49E, 0xB4BF, 0xB4BE, 0xB49E,
  0x62B2, 0xAC9F, 0xA45F, 0xAC9F, 0xAC9F, 0xAC9F, 0xAC9F, 0xAC9F, 0xAC9F, 0xAC7F, 0xA47F, 0xA47F, 0xA47F, 0xA47F, 0xA47F, 0xA45F,
  0xA45F, 0xA47F, 0xA47F, 0xA45F, 0xA45F, 0xA45F, 0xA43E, 0xA43E, 0xA43F, 0xA43F, 0xA43F, 0x9C1E, 0x9C1E, 0x9C1E, 0x9C3E, 0x9C1E,
  0x9C1E, 0x9C1E, 0x9C1E, 0x9C1E, 0x9BFE, 0x9BFE, 0x9BFE, 0x9BFE, 0x9BFE, 0x93DE, 0x9BFE, 0x9BFE, 0x9BFE, 0x93FE, 0x93DE, 0x93DE,
  0x93DE, 0x9BFD, 0x9BFE, 0x9BFE, 0xA43D, 0xC53D, 0xE65F, 0xDDFF, 0xD5DF, 0xD5DF, 0xD5BF, 0xD5BF, 0xCDBF, 0xCDBF, 0xD5FF, 0xE69F,
  0xA47A, 0x5A56, 0x6277, 0x9BFA, 0xD5BF, 0xCDBF, 0xCDBF, 0xCDBF, 0xCDBF, 0xCDDF, 0xCDDF, 0xCDBF, 0xCDBF, 0xCDBF, 0xCDBF, 0xCDBF,
  0xCDBF, 0xCDBF, 0xCDBF, 0xCDBF, 0xCDBF, 0xCDBF, 0xCDBF, 0xCD9F, 0xC59F, 0xC57F, 0xC57F, 0xC57F, 0xCD9F, 0xCD9F, 0xC57F, 0xC57F,
  0xC57F, 0xC57F, 0xC57F, 0xC57F, 0xC57F, 0xCD7F, 0xCD9F, 0xCD9F, 0xCD9F, 0xCD9F, 0xCD9F, 0xCD9F, 0xCD9F, 0xCD9F, 0xCD9F, 0xCD9F,
  0xCD9F, 0xCDBF, 0xCDBF, 0xD5BF, 0xCDBF, 0xCDBF, 0xD5BF, 0xD5BF, 0xD5BF, 0xD5BF, 0xD5DF, 0xD5DF, 0xD5DF, 0xD5DF, 0xD5DF, 0xDDDF,
  0xDDDF, 0xDDDE, 0xDDDE, 0xDDFF, 0xDDFF, 0xDDFF, 0xDDFF, 0xE61E, 0xE61E, 0xE61E, 0xE61E, 0xE61E, 0xE61E, 0xE5FE, 0xE61E, 0xE61E,
  0xE63E, 0xE65E, 0xEE7E, 0xF6BE, 0xF6FE, 0xFF1E, 0xFF5E, 0xFF5E, 0xFF7E, 0xFF5D, 0xFF5E, 0xFF5E, 0xFF5E, 0xFF5E, 0xFF5E, 0xFF5E,
  0xFF5E, 0xFF3E, 0xFF3E, 0xFF3E, 0xFF3E, 0xFF3E, 0xFF3E, 0xFF1E, 0xFF7F, 0xD5BA, 0x51CC, 0x8B93, 0xF6FE, 0xFF5F, 0xFEDE, 0xFEFE,
  0xFEFE, 0xFEDE, 0xFEDE, 0xF69E, 0xEE7E, 0xEE3E, 0xE63E, 0xE63F, 0xE63F, 0xE63F, 0xE61F, 0xDE1F, 0xDE1F, 0xDE1F, 0xDE1F, 0xDDFF,
  0xD5FF, 0xD5FF, 0xD5FF, 0xD5FF, 0xD5FF, 0xD5FF, 0xD5FF, 0xD5FF, 0xD5FF, 0xD5DF, 0xD5FF, 0xD5FF, 0xD5FF, 0xD5DF, 0xCDDF, 0xCDDF,
  0xD5DF, 0xCDDF, 0xD5DF, 0xD5FF, 0xD5FF, 0xD5FF, 0xD5FF, 0xD5FF, 0xD5FF, 0xD61F, 0xBD3E, 0x8B79, 0xAC9D, 0xCDBF, 0xBD3E, 0xAC9C,
  0xCDBF, 0xCDBF, 0x9C1B, 0xAC9D, 0xBD1F, 0xB4BE, 0xB4DF, 0xBD1F, 0xBCFF, 0xCD3F, 0xC4FE, 0xAC5E, 0xB49F, 0xB49F, 0xB4BF, 0xB4BE,
  0x62B2, 0xA45F, 0x9C1E, 0xA45F, 0xA45F, 0xAC7F, 0xAC9F, 0xAC7F, 0xA45E, 0xA45F, 0xAC7F, 0xA47F, 0xA47F, 0xA47F, 0xA47F, 0xA47F,
  0xA47F, 0xA47F, 0xA47F, 0xA47F, 0xA45F, 0xA45F, 0xA45F, 0xA45E, 0xA45F, 0xA45F, 0xA43F, 0xA43E, 0xA43E, 0xA43E, 0x9C1E, 0x9C3E,
  0x9C1E, 0x9C1E, 0x9C1E, 0x9BFE, 0x9BFE, 0x9BFE, 0x9BFE, 0x9BFE, 0x9BFE, 0x9BFE, 0x9BFE, 0x9BFE, 0x93FE, 0x93FE, 0x93FE, 0x93DD,
  0x93DE, 0x9BFE, 0x9BFE, 0x9BFD, 0x93BD, 0x939D, 0xAC7C, 0xDDFE, 0xDDFF, 0xD5BF, 0xD5BF, 0xD5BF, 0xCDBF, 0xCDBF, 0xD5DF, 0xB4DC,
  0x72F6, 0x6AB7, 0x6AB8, 0x7AF7, 0xBD1D, 0xCDBF, 0xCDBF, 0xCDBF, 0xCDBF, 0xCDDF, 0xCDDF, 0xCDDF, 0xCDDF, 0xCDDF, 0xCDBF, 0xCDBF,
  0xCDBF, 0xCDBF, 0xCDDF, 0xCDDF, 0xCDDF, 0xCDDF, 0xCDDF, 0xCDDF, 0xCDDF, 0xD5DF, 0xCDBF, 0xCDBF, 0xCDBF, 0xCDBF, 0xCD9F, 0xCD9F,
  0xCD9F, 0xCD9F, 0xCD9F, 0xCD9F, 0xCD9F, 0xCD9F, 0xCD9F, 0xCD9F, 0xCDBF, 0xCDBF, 0xCDBF, 0xCDBF, 0xCDBF, 0xCDBF, 0xCD9F, 0xCDBF,
  0xD5BF, 0xD5BF, 0xD5BF, 0xD5BF, 0xD5BF, 0xD5BF, 0xD5BF, 0xD5DF, 0xD5DF, 0xD5DF, 0xD5FF, 0xD5DF, 0xD5DF, 0xDDDF, 0xDDFF, 0xDDFF,
  0xDDFF, 0xDDFF, 0xDDDF, 0xDDDE, 0xDDDE, 0xDDFE, 0xDDFF, 0xDDFE, 0xDDFE, 0xDDFE, 0xDDFE, 0xE5FE, 0xE5FE, 0xE5FE, 0xE5FE, 0xE5FE,
  0xE5FE, 0xE5FE, 0xE61E, 0xE61E, 0xE61E, 0xE63E, 0xEE5E, 0xEE9D, 0xF6DE, 0xFF3E, 0xFF5E, 0xFF7E, 0xFF5E, 0xFF5E, 0xFF5E, 0xFF5D,
  0xFF5D, 0xFF5D, 0xFF5E, 0xFF5E, 0xFF3E, 0xFF3E, 0xFF3E, 0xFF3E, 0xFF5F, 0x8B31, 0x2888, 0x20A9, 0x5A2F, 0xDDDC, 0xFF1F, 0xFEBE,
  0xFEDE, 0xF69E, 0xEE7E, 0xEE7E, 0xEE5E, 0xEE3E, 0xE63E, 0xE63E, 0xE61F, 0xDE1F, 0xE63F, 0xEE7F, 0xE65F, 0xDE1F, 0xDE1F, 0xDE1F,
  0xDE1F, 0xDE1F, 0xDDFF, 0xDE1F, 0xDE1F, 0xD5FF, 0xD5FF, 0xD5FF, 0xD5FF, 0xD5FF, 0xD61F, 0xD5FF, 0xD5FF, 0xD5DF, 0xD5DF, 0xD5FF,
  0xD5FF, 0xD5FF, 0xD5FF, 0xD5FF, 0xD5FF, 0xD5FF, 0xD5FF, 0xD5FF, 0xD5FF, 0xD5FF, 0xBD3E, 0x6A98, 0x6A78, 0xA47C, 0xCDBF, 0xAC7B,
  0xCDBF, 0xAC9D, 0x72B9, 0x8B7B, 0xACBE, 0xBD1F, 0xB4FF, 0xBD1F, 0xBD1F, 0xD59F, 0xBC9D, 0xB45F, 0xB47F, 0xB49E, 0xB49E, 0xB4BE,
  0x62B2, 0xA45F, 0x9C1F, 0xA43F, 0xA45F, 0xA43F, 0xA45F, 0xA43F, 0x9C3F, 0xA43F, 0xA45F, 0xA47F, 0xA47F, 0xA47F, 0xAC7F, 0xAC9F,
  0xAC9F, 0xAC9F, 0xA47F, 0xA47F, 0xA45F, 0xA45F, 0xA45F, 0xA45F, 0xA45F, 0xA45F, 0xA45F, 0xA45F, 0xA45F, 0xA43E, 0xA43E, 0xA43F,
  0x9C3E, 0x9C3E, 0x9C1E, 0x9C1E, 0x9BFE, 0x9BFE, 0x9BFE, 0x9BFE, 0x9BFE, 0x9BFE, 0x9BFE, 0x9BFE, 0x93FE, 0x93FE, 0x93FE, 0x93FE,
  0x93DE, 0x9BDE, 0x93DE, 0x93BD, 0x8B9D, 0x93BD, 0x8B7C, 0xAC9D, 0xDDFE, 0xDDFE, 0xDDFF, 0xD5BF, 0xD5BF, 0xCD9F, 0xCD9F, 0x7B17,
  0x6256, 0x6296, 0x6AB7, 0x72D7, 0xB4BC, 0xD5DF, 0xCDBF, 0xCDBF, 0xCDDF, 0xCDDF, 0xCDDF, 0xCDDF, 0xCDDF, 0xCDDF, 0xCDDF, 0xCDDF,
  0xCDDF, 0xCDDF, 0xCDDF, 0xCDDF, 0xCDDF, 0xCDDF, 0xCDBF, 0xCDDF, 0xCDDF, 0xD5DF, 0xD5FF, 0xD5FF, 0xD5FF, 0xD5FF, 0xCDDF, 0xCDBF,
  0xCD9F, 0xCDBF, 0xCD9F, 0xCDBF, 0xCDBF, 0xCDBF, 0xCDBF, 0xCDBF, 0xCDBF, 0xD5BF, 0xD5DF, 0xD5DF, 0xD5DF, 0xD5BF, 0xD5BF, 0xD5DF,
  0xD5DF, 0xD5DF, 0xD5DF, 0xD5DF, 0xD5DF, 0xD5DF, 0xD5DF, 0xD5DF, 0xD5FF, 0xD5FF, 0xDDFF, 0xDDFF, 0xDDFF, 0xDDFF, 0xDDFF, 0xDDFF,
  0xDDFF, 0xDDFF, 0xDDFF, 0xDDFF, 0xDDDF, 0xDDFF, 0xDDFF, 0xDDFF, 0xDDFF, 0xDDFE, 0xDDFE, 0xDDFE, 0xDDFE, 0xE5FE, 0xE5FE, 0xE5FE,
  0xE61E, 0xE61E, 0xE61E, 0xE61E, 0xE61E, 0xE61E, 0xE61E, 0xE61E, 0xE61E, 0xEE5E, 0xF6BE, 0xFEFE, 0xFF5E, 0xFF5E, 0xFF5E, 0xFF5E,
  0xFF5E, 0xFF5E, 0xFF5E, 0xFF5E, 0xFF5E, 0xFF3E, 0xFF1E, 0xFF3E, 0xEE3B, 0x61CC, 0x28C9, 0x20C8, 0x2088, 0x498E, 0xCD7B, 0xFEFF,
  0xF69E, 0xF6BE, 0xF6BF, 0xEE7E, 0xEE3E, 0xE63F, 0xE63E, 0xE63E, 0xE63F, 0xEE7F, 0xEE7E, 0xC55A, 0xBCFA, 0xE63F, 0xDE1F, 0xDE3F,
  0xDE3F, 0xDE1F, 0xDE1F, 0xDE1F, 0xDE1F, 0xDE1F, 0xDE1F, 0xDE1F, 0xDE1F, 0xD61F, 0xD61F, 0xD61F, 0xD61F, 0xD5FF, 0xD5FF, 0xD5FF,
  0xCDBE, 0xD5DF, 0xD5FF, 0xD5FF, 0xD5FF, 0xD5FF, 0xD5FF, 0xD5FF, 0xD5FF, 0xCDDF, 0xCDDF, 0xA45C, 0x6AB8, 0x72D9, 0xC55E, 0xACBC,
  0xBCFF, 0x8B5B, 0x7AFB, 0x8B9B, 0xB4BE, 0xBCFF, 0xBCFF, 0xBD1F, 0xCD7F, 0xD57E, 0xB47E, 0xB47E, 0xAC5E, 0xAC5E, 0xB47E, 0xBCBE,
  0x62D1, 0xACBE, 0xA45E, 0xA45E, 0x9C3E, 0x9C1F, 0x9BFE, 0x9BFE, 0x9C1F, 0x9C1F, 0x9C1E, 0xA45F, 0xAC7F, 0xAC7F, 0xAC7F, 0xAC9F,
  0xAC9F, 0xAC9F, 0xAC7F, 0xAC7F, 0xA47F, 0xA47F, 0xA47F, 0xA45F, 0xA45F, 0xA45F, 0xA45F, 0xA45F, 0xA47F, 0xA45F, 0xA45E, 0xA43E,
  0xA43E, 0xA43E, 0x9C3E, 0x9C1E, 0x9C1E, 0x9C1E, 0x9BFE, 0x9C1E, 0x9C1E, 0x9BFE, 0x9BFE, 0x9BFE, 0x9BFE, 0x9BFE, 0x93FE, 0x9BFE,
  0x93DE, 0x93DE, 0x939D, 0x835C, 0x833B, 0x8B9D, 0x93BD, 0x9C1D, 0xB4DE, 0xB4DD, 0xD5FF, 0xDDFF, 0xCD7F, 0xCD7F, 0xBD1E, 0x8379,
  0x6276, 0x6256, 0x6A97, 0x7B17, 0xB4DC, 0xDDDF, 0xD61F, 0xD5FF, 0xD5DF, 0xCDDF, 0xCDDF, 0xCDDF, 0xCDDF, 0xD5DF, 0xD5DF, 0xD5FF,
  0xD5FF, 0xD5FF, 0xD5FF, 0xCDDF, 0xCDDF, 0xCDDF, 0xCDDF, 0xD5FF, 0xD5FF, 0xD5FF, 0xD5FF, 0xD5FF, 0xD5FF, 0xD61F, 0xD61F, 0xD61F,
  0xD5FF, 0xCDDF, 0xCDDF, 0xD5DF, 0xD5DF, 0xCDDF, 0xD5BF, 0xD5DF, 0xD5DF, 0xD5DF, 0xD5DF, 0xD5DF, 0xD5DF, 0xD5DF, 0xD5DF, 0xD5DF,
  0xD5DF, 0xD5DF, 0xD5FF, 0xD5FF, 0xD5FF, 0xD5FF, 0xDDFF, 0xDDFF, 0xDDFF, 0xDE1F, 0xDE1F, 0xDE1F, 0xDDFF, 0xDDFF, 0xDE1F, 0xDE1F,
  0xDE1F, 0xDE1F, 0xDDFF, 0xDDFF, 0xDDFF, 0xDDFF, 0xDDFF, 0xDDFF, 0xDDFF, 0xDDFF, 0xDDFF, 0xDDFE, 0xDDFE, 0xE5FE, 0xE61E, 0xE61E,
  0xE61E, 0xE61E, 0xE61E, 0xE61E, 0xE5FE, 0xE5FE, 0xE61E, 0xE61E, 0xE61E, 0xE61E, 0xE63E, 0xE63E, 0xEE7E, 0xF6BE, 0xF6FE, 0xFF3E,
  0xFF5E, 0xFF5E, 0xFF5E, 0xFF5E, 0xFF3E, 0xFF1E, 0xFEDE, 0xFF1E, 0xC4F7, 0x410A, 0x20C9, 0x18A7, 0x18A7, 0x20A9, 0x51CE, 0xCD5A,
  0xEE1C, 0xEDFB, 0xEDFB, 0xF63D, 0xFE7E, 0xF69F, 0xEE7F, 0xF69F, 0xEE3D, 0xBC76, 0x7AB0, 0x416C, 0x392C, 0xC55C, 0xE67F, 0xDE3F,
  0xDE5F, 0xDE3F, 0xDE3F, 0xDE3F, 0xDE3F, 0xDE3F, 0xDE3F, 0xDE3F, 0xDE3F, 0xDE1F, 0xD61F, 0xD61F, 0xD61F, 0xD5FF, 0xD5FF, 0xD5DF,
  0xD5DF, 0xD5DF, 0xD5DF, 0xD5FF, 0xD5FF, 0xD5FF, 0xD5FF, 0xD5FF, 0xD5FF, 0xCDDF, 0xCDBF, 0xCDDF, 0xB4FD, 0x837A, 0x8B99, 0xA45C,
  0xA45E, 0x7AFB, 0x7ADA, 0xA45D, 0xBD3F, 0xB4FF, 0xBCFF, 0xBCFF, 0xCD7F, 0xC4FD, 0xB47E, 0xAC7E, 0xAC7E, 0xB49E, 0xB47E, 0xA3FB,
  0x7372, 0xD5FF, 0xC57E, 0xC57E, 0xBD5E, 0xBD3E, 0xBD1E, 0xB51E, 0xB51E, 0xB4FE, 0xACBE, 0xA47D, 0xAC9E, 0xA47E, 0xA45E, 0xA45E,
  0xA45F, 0xA45F, 0xA47F, 0xAC9F, 0xAC9F, 0xAC9F, 0xAC9F, 0xA47F, 0xA45E, 0xA45F, 0xA45F, 0xA47F, 0xAC7F, 0xA47F, 0xA45F, 0xA45F,
  0xA45F, 0xA43F, 0xA43E, 0x9C3E, 0x9C1E, 0xA41E, 0x9C1E, 0x9C1E, 0x9C1E, 0x9C1E, 0x9C1E, 0x9BFE, 0x9BFE, 0x9BFE, 0x93DE, 0x93DE,
  0x93DE, 0x93DE, 0x939D, 0x7B1B, 0x833B, 0x8B7C, 0x93BD, 0x93DD, 0xA43E, 0x93DD, 0x9C1C, 0xC55D, 0xD5FF, 0xC55E, 0x72B7, 0x5A35,
  0x5A76, 0x5A56, 0x6276, 0x6AB7, 0x72D7, 0xA419, 0xE65F, 0xDE7F, 0xD63F, 0xD5FF, 0xD5FF, 0xD5FF, 0xD5FF, 0xD5FF, 0xD61F, 0xD61F,
  0xD61F, 0xD61F, 0xD5FF, 0xCDDF, 0xD5FF, 0xCDDF, 0xD5DF, 0xD5FF, 0xD5FF, 0xD61F, 0xD5FF, 0xD5FF, 0xD5FF, 0xD61F, 0xD61F, 0xDE3F,
  0xDE3F, 0xDE5F, 0xDE3F, 0xD5FF, 0xD5DF, 0xCDDF, 0xD5DF, 0xD5DF, 0xD5DF, 0xD5DF, 0xD5FF, 0xD5FF, 0xD5FF, 0xDE1F, 0xD5FF, 0xD5FF,
  0xD5FF, 0xD5FF, 0xD5FF, 0xD5FF, 0xDE1F, 0xDE1F, 0xDE1F, 0xDE1F, 0xDE1F, 0xDE1F, 0xDE1F, 0xDE1F, 0xDE1F, 0xDE1F, 0xDE1F, 0xDE1F,
  0xDE1F, 0xDE1F, 0xDE1F, 0xDE1F, 0xDE1F, 0xDE1F, 0xDE1F, 0xDDFF, 0xDDFE, 0xDDFE, 0xDDFF, 0xDE1F, 0xE61F, 0xE61E, 0xE61F, 0xE61E,
  0xE61E, 0xE61E, 0xE61E, 0xE5FE, 0xE5FE, 0xE5FE, 0xE5FE, 0xE61E, 0xE61E, 0xE61E, 0xE63E, 0xE63E, 0xE61E, 0xE61E, 0xE61E, 0xE65E,
  0xEE7E, 0xF6BE, 0xF6DE, 0xFEFE, 0xFEFE, 0xFEFE, 0xFEDE, 0xFF1E, 0xABF4, 0x30C9, 0x20A8, 0x1887, 0x1886, 0x18A8, 0x310B, 0x518E,
  0x7250, 0x7A50, 0x8271, 0x92F3, 0xABD5, 0xC498, 0xDD9B, 0xBC56, 0x722F, 0x496C, 0x310B, 0x28EA, 0x30EB, 0xB51A, 0xEE9F, 0xDE3F,
  0xE65F, 0xE65F, 0xDE3F, 0xDE3F, 0xDE3F, 0xDE3F, 0xDE3F, 0xDE5F, 0xDE3F, 0xDE3F, 0xDE3F, 0xD61F, 0xD5FF, 0xD5FF, 0xD5FF, 0xD5FF,
  0xD5FF, 0xD5FF, 0xD5FF, 0xD61F, 0xD61F, 0xD5FF, 0xD5FF, 0xD5DF, 0xD5FF, 0xCDDF, 0xCDDF, 0xCDDF, 0xD61F, 0xCDDF, 0xA47D, 0x8B9A,
  0x9C1D, 0x729A, 0x93DC, 0xBD3F, 0xBCFF, 0xB4FF, 0xB4FF, 0xB4DE, 0xCD1E, 0xB45E, 0xB47E, 0xB4BE, 0xC4FE, 0xAC3C, 0x82F9, 0x7298,
  0x7332, 0xC59F, 0xB51F, 0xB51E, 0xB51F, 0xBD3F, 0xBD5F, 0xC57F, 0xC59F, 0xCDDF, 0xCDDE, 0xCDDE, 0xC5BE, 0xC59E, 0xC59E, 0xBD5E,
  0xB51E, 0xB4FE, 0xACBE, 0xACBE, 0xACBE, 0xACBF, 0xA45E, 0xAC7E, 0xA47E, 0xA45F, 0xA47F, 0xA47F, 0xAC9F, 0xAC9F, 0xAC7F, 0xA47F,
  0xA45E, 0xA45E, 0xA43F, 0xA43F, 0xA43E, 0xA43E, 0xA43E, 0x9C1E, 0x9C1E, 0x9C1E, 0x9C1E, 0x9C1E, 0x9C1E, 0x9BFE, 0x93DE, 0x93DE,
  0x93DE, 0x93DE, 0x8B7C, 0x835B, 0x835B, 0x835B, 0x8B9D, 0x939D, 0x93BD, 0x93BD, 0x939D, 0x93BC, 0xB4DD, 0xC57E, 0x7B17, 0x5A35,
  0x5A55, 0x5A55, 0x5A75, 0x62B6, 0x6AB7, 0x93B9, 0xD5DF, 0xD5FF, 0xD5FF, 0xCDDF, 0xCDBF, 0xCDBF, 0xCD9F, 0xC59F, 0xCD9F, 0xCD9F,
  0xCD9F, 0xCD9F, 0xC57E, 0xCDBF, 0xD5DF, 0xD61F, 0xD61F, 0xDE1F, 0xDE1F, 0xD61F, 0xD61F, 0xD61F, 0xDE1F, 0xDE3F, 0xDE3F, 0xDE3F,
  0xDE3F, 0xDE5F, 0xDE5F, 0xDE5F, 0xDE3F, 0xD61F, 0xD61F, 0xD5FF, 0xD5FF, 0xD5FF, 0xD5FF, 0xD61F, 0xDE1F, 0xDE1F, 0xDE3F, 0xDE1F,
  0xDE1F, 0xDE1F, 0xDE1F, 0xDE1F, 0xDE1F, 0xDE3F, 0xDE3F, 0xDE1F, 0xDE1F, 0xDE1F, 0xDE3F, 0xDE3F, 0xDE3F, 0xDE3F, 0xE63F, 0xDE3F,
  0xDE3E, 0xDE3E, 0xDE3F, 0xE63F, 0xE61F, 0xE61F, 0xE61F, 0xE61E, 0xE61E, 0xE61E, 0xE61E, 0xE61F, 0xE61E, 0xE61E, 0xE61F, 0xE61E,
  0xE61E, 0xE61E, 0xE61E, 0xE61E, 0xE61E, 0xE61E, 0xE61E, 0xE61E, 0xE61E, 0xE61E, 0xE61E, 0xE61E, 0xE61E, 0xE61E, 0xE61E, 0xE63E,
  0xE61E, 0xE61E, 0xE63E, 0xEE3E, 0xEE7E, 0xF69E, 0xF6BE, 0xFF3E, 0x9B72, 0x28A8, 0x20C8, 0x20A8, 0x18A8, 0x20E9, 0x28EB, 0x28EB,
  0x310B, 0x310C, 0x414D, 0x496E, 0x518F, 0x59B0, 0x6A11, 0x59AF, 0x30EB, 0x28EA, 0x20C9, 0x20C9, 0x310C, 0xBD5B, 0xEE9F, 0xDE3F,
  0xE65F, 0xE65F, 0xE65F, 0xDE5F, 0xE65F, 0xE65F, 0xE65F, 0xE65F, 0xDE3F, 0xDE3F, 0xD61F, 0xD5FF, 0xD5FF, 0xD5FF, 0xD61F, 0xD5FF,
  0xD5FF, 0xD5FF, 0xCDBE, 0xD5FF, 0xD61F, 0xD5FF, 0xCDDF, 0xCDDF, 0xCDBF, 0xCDBF, 0xCDBF, 0xCDBF, 0xC59F, 0xBD5F, 0xC55F, 0xAC9D,
  0x8B9B, 0x8B9C, 0xB4FF, 0xB4FF, 0xB4DF, 0xB4DF, 0xB4DF, 0xBCFE, 0xC49D, 0xAC1D, 0xBCBE, 0xBCBD, 0x939A, 0x7AD8, 0x72D9, 0x72B9,
  0x7352, 0xC57F, 0xB4FF, 0xB51F, 0xB4FF, 0xB51F, 0xB51F, 0xB51F, 0xB51F, 0xB51F, 0xB51F, 0xBD3F, 0xBD3F, 0xBD3F, 0xBD3F, 0xC57E,
  0xCDBE, 0xCDDE, 0xCDDE, 0xCDBE, 0xCDDE, 0xA49D, 0x6AD8, 0x8BBA, 0xACBE, 0xA47E, 0xA47E, 0xA47F, 0xAC7F, 0xAC9F, 0xAC9F, 0xAC9F,
  0xAC7F, 0xA45F, 0xA45E, 0xA45F, 0xA45F, 0xA45E, 0xA45E, 0xA43F, 0x9C3E, 0x9C1E, 0x9C1E, 0x9C1E, 0x9BFE, 0x9BFE, 0x93DE, 0x93DE,
  0x93DE, 0x9BFE, 0x837C, 0x835B, 0x835B, 0x835B, 0x8B9C, 0x8B9D, 0x8B9D, 0x8B9D, 0x93BD, 0x93DE, 0x93BD, 0x9BFC, 0x8B99, 0x6256,
  0x6256, 0x6275, 0x6275, 0x6275, 0x6AB7, 0xA45C, 0xC53F, 0xBD1E, 0xBD1F, 0xBD1F, 0xBD1F, 0xBCFF, 0xBD1F, 0xBCFF, 0xBD1F, 0xBCFF,
  0xB4FF, 0xB4FF, 0xB4FF, 0xBCFE, 0xBD1E, 0xC55E, 0xCD9F, 0xD5FF, 0xDE3F, 0xDE3F, 0xDE3F, 0xDE3F, 0xDE3F, 0xDE3F, 0xDE3F, 0xDE3F,
  0xDE3F, 0xDE3F, 0xDE3F, 0xDE5F, 0xDE5F, 0xDE5F, 0xDE5F, 0xDE5F, 0xE65F, 0xE65F, 0xDE5F, 0xDE5F, 0xDE5F, 0xE67F, 0xE67F, 0xE67F,
  0xDE5F, 0xE65F, 0xE65F, 0xE65F, 0xE65F, 0xE65F, 0xDE3F, 0xDE3F, 0xDE3F, 0xDE3F, 0xDE3F, 0xE65F, 0xE65F, 0xE65F, 0xE65F, 0xE65F,
  0xE65F, 0xE65F, 0xE65F, 0xE65F, 0xE65F, 0xE63F, 0xE65F, 0xE65F, 0xE63E, 0xE63F, 0xE63E, 0xE63E, 0xE63E, 0xE61E, 0xE61E, 0xE61E,
  0xE61E, 0xE63E, 0xE63E, 0xE63E, 0xE63E, 0xE63E, 0xE63E, 0xE63E, 0xE61E, 0xE61E, 0xE61E, 0xE61E, 0xE61E, 0xE61E, 0xE61E, 0xE63E,
  0xE63E, 0xE63E, 0xE61E, 0xE61E, 0xE63E, 0xE61E, 0xF67E, 0xEE3C, 0x82B1, 0x30EB, 0x290B, 0x20CA, 0x20C9, 0x20C9, 0x20C9, 0x20C9,
  0x20C9, 0x20CA, 0x28EB, 0x310B, 0x310C, 0x312D, 0x394D, 0x396E, 0x396D, 0x20EA, 0x18A7, 0x20C9, 0x312D, 0xC57C, 0xE67F, 0xE63F,
  0xE65F, 0xE65F, 0xE65F, 0xE65F, 0xE65F, 0xDE3F, 0xDE3F, 0xDE1F, 0xD61F, 0xD61F, 0xD61F, 0xD61F, 0xD61F, 0xD5FF, 0xD5FF, 0xD5FF,
  0xD5FF, 0xDE1F, 0xBD1D, 0xA43B, 0xCD9F, 0xC55F, 0xC55F, 0xC55F, 0xC55F, 0xC55F, 0xC55F, 0xC55F, 0xB4FE, 0xBD1F, 0xBD3F, 0xB4FE,
  0x8359, 0xBCFF, 0xBD1F, 0xB4FF, 0xB4FF, 0xB4DF, 0xACBF, 0xC51E, 0xCCFD, 0xBC9D, 0x9BDA, 0x82D9, 0x72B9, 0x72F9, 0x72D9, 0x72B9,
  0x7332, 0xBD3F, 0xB4DE, 0xB4FF, 0xB51F, 0xB51F, 0xB51F, 0xBD3F, 0xB51F, 0xB51F, 0xB51F, 0xBD1F, 0xBD1F, 0xBD1F, 0xB51F, 0xBD1F,
  0xBD3F, 0xBD3F, 0xBD1F, 0xBD1F, 0xBD1E, 0x7B38, 0x6298, 0x7318, 0xC59D, 0xCDFE, 0xC57E, 0xB51E, 0xACBE, 0xA49E, 0xA47E, 0xA47F,
  0xA47F, 0xAC7F, 0xA47F, 0xA47F, 0xA47F, 0xA47F, 0xA45E, 0xA45F, 0xA43F, 0xA43E, 0xA41E, 0x9C1E, 0x9C1E, 0x9BFE, 0x9BFE, 0x93DE,
  0x9BFE, 0x93DD, 0x837B, 0x835B, 0x835B, 0x835B, 0x8B7C, 0x8B7D, 0x8B9D, 0x8B9D, 0x8B9D, 0x93BC, 0x8B7C, 0x6277, 0x5A35, 0x6276,
  0x6275, 0x5A55, 0x5A56, 0x6275, 0x6276, 0x6A96, 0x93BA, 0xBCDE, 0xBD1F, 0xBD3F, 0xBD3F, 0xBD3F, 0xBD3F, 0xBD1F, 0xBD1F, 0xB4FF,
  0xB4FF, 0xB4FF, 0xBCFF, 0xBD1F, 0xBCFF, 0xB4DF, 0xB4DF, 0xBCFE, 0xC55E, 0xD5BF, 0xDE1F, 0xE65F, 0xE65F, 0xDE3F, 0xDE3F, 0xDE3F,
  0xDE3F, 0xDE3F, 0xDE3F, 0xDE3F, 0xDE3F, 0xDE5F, 0xDE5F, 0xDE5F, 0xE65F, 0xE65F, 0xE67F, 0xE65F, 0xE67F, 0xC55E, 0xB4BC, 0xE65F,
  0xE67F, 0xE65F, 0xE67F, 0xE67F, 0xE67F, 0xE67F, 0xE67F, 0xE67F, 0xE65F, 0xE65F, 0xDE3E, 0xE63F, 0xE63F, 0xE63F, 0xE63F, 0xE63F,
  0xE63F, 0xE61F, 0xDE1E, 0xDE1E, 0xDE1E, 0xDE1E, 0xDE1E, 0xDE1E, 0xE61E, 0xE5FE, 0xDDFE, 0xDDFE, 0xDDFE, 0xDDFE, 0xDDFE, 0xDDFE,
  0xDDFE, 0xDDFE, 0xDDFE, 0xDDFE, 0xE5FE, 0xE5FE, 0xE5FE, 0xE5FE, 0xE5FE, 0xE5FE, 0xE61E, 0xE61E, 0xE61E, 0xE61E, 0xE61E, 0xE61F,
  0xE61E, 0xE61E, 0xE61E, 0xE63E, 0xE61E, 0xEE3E, 0xEDDC, 0x8AB2, 0x598F, 0x392D, 0x28EB, 0x20EA, 0x20C9, 0x20A9, 0x20A8, 0x18A8,
  0x18C9, 0x20C9, 0x20C9, 0x20CA, 0x20CA, 0x28EB, 0x290C, 0x310C, 0x310D, 0x392E, 0x20EA, 0x1888, 0x418D, 0xD5FE, 0xE67F, 0xE65F,
  0xE65F, 0xE65F, 0xDE5F, 0xDE3F, 0xDE1F, 0xD61F, 0xD61F, 0xD5FF, 0xD61F, 0xD61F, 0xD61F, 0xD61F, 0xD61F, 0xD5FF, 0xD5FF, 0xD5FF,
  0xD5FF, 0xDE3F, 0xBCFD, 0x7AF9, 0xACBE, 0xC53F, 0xBD3F, 0xBD3F, 0xBD3F, 0xBD3F, 0xBD3F, 0xAC9E, 0x72D8, 0x9C1C, 0xC57F, 0xBD1E,
  0x9C1B, 0xBD1F, 0xBCFF, 0xB4FF, 0xB4DF, 0xAC9F, 0xB4BE, 0xDDBE, 0xB4BB, 0x8318, 0x7278, 0x72B9, 0x72D8, 0x72B8, 0x72B9, 0x72B8,
  0x7333, 0xBD3F, 0xB4DF, 0xB4FF, 0xB4FF, 0xB4FF, 0xB51F, 0xB51F, 0xB4FF, 0xB4FF, 0xB4FF, 0xB51F, 0xBD1F, 0xBD1F, 0xBD1F, 0xBD3F,
  0xBD3F, 0xBD3F, 0xBD1F, 0xBD1F, 0xA47E, 0x6298, 0x6AD8, 0x6AD7, 0xA49C, 0xCDDF, 0xCDDE, 0xD61E, 0xD63E, 0xCDFE, 0xC5BE, 0xBD5E,
  0xB4FE, 0xAC9E, 0xA47E, 0xA47F, 0xA45F, 0xA47F, 0xAC7F, 0xAC7F, 0xA45F, 0xA43F, 0xA43E, 0xA43E, 0x9C1E, 0x9BFE, 0x9BFE, 0x93DD,
  0x9BFE, 0x93DD, 0x837C, 0x835B, 0x835B, 0x835B, 0x8B7C, 0x8B9D, 0x8B9D, 0x8B9D, 0x8B9C, 0x8B9C, 0x7B3B, 0x6276, 0x6276, 0x6275,
  0x5A55, 0x5A55, 0x5A55, 0x5A75, 0x6275, 0x6A96, 0x6A76, 0xA43C, 0xBD1F, 0xBD1F, 0xBD3F, 0xBD3F, 0xBD3F, 0xBD1F, 0xBD1F, 0xBCFF,
  0xB4FF, 0xBCFF, 0xBCFF, 0xBCFF, 0xB4FF, 0xB4DF, 0xB4DF, 0xBCFF, 0xBCFF, 0xBCFE, 0xC53E, 0xCDBE, 0xE65F, 0xE65F, 0xE65F, 0xDE3F,
  0xDE1F, 0xDE3F, 0xDE1F, 0xDE3F, 0xDE3F, 0xDE3F, 0xDE5F, 0xDE5F, 0xDE5F, 0xE65F, 0xE65F, 0xE65F, 0xD5DF, 0x9BFC, 0x9BDD, 0xC57E,
  0xE69F, 0xE67F, 0xE67F, 0xE65F, 0xE65F, 0xE65F, 0xE65F, 0xE63F, 0xE63F, 0xDE3F, 0xDE1F, 0xDE1F, 0xDE1F, 0xDE1F, 0xDE1F, 0xDE1F,
  0xDE1F, 0xDE1F, 0xDE1F, 0xDE1F, 0xDE1F, 0xDE1F, 0xDE1F, 0xE61F, 0xE61F, 0xE61E, 0xE5FF, 0xDDFE, 0xDDFE, 0xDDFE, 0xDDFE, 0xDDFE,
  0xDDFE, 0xDDFE, 0xE5FE, 0xE5FE, 0xE5FE, 0xE5FE, 0xE5FE, 0xDDFE, 0xE5FE, 0xE5FE, 0xE5FE, 0xE61E, 0xE61E, 0xE61E, 0xE61E, 0xE61E,
  0xE61E, 0xE61E, 0xE63E, 0xE63E, 0xE61E, 0xEE1D, 0x9B33, 0x514E, 0x414E, 0x310C, 0x28EB, 0x28EA, 0x20C9, 0x20A9, 0x20A8, 0x18A8,
  0x18A9, 0x18A8, 0x20A9, 0x20C9, 0x20C9, 0x20CA, 0x20CB, 0x28EB, 0x290D, 0x312F, 0x3970, 0x208A, 0x6A92, 0xDE3F, 0xDE1F, 0xDE3F,
  0xDE3F, 0xDE1F, 0xDE1F, 0xDE1F, 0xD61F, 0xD61F, 0xD61F, 0xD61F, 0xD61F, 0xD5FF, 0xD5FF, 0xD61F, 0xD61F, 0xD61F, 0xD61F, 0xD5FF,
  0xCDFF, 0xD5FF, 0xC57F, 0x9C1C, 0x9BFC, 0xB4FE, 0xC55F, 0xBD3F, 0xBD3F, 0xBD3F, 0xBD1F, 0xACBE, 0x7B19, 0x72D8, 0xB4DE, 0xC55F,
  0x93BA, 0xB4DF, 0xB4FF, 0xB4FF, 0xB4FE, 0xC53E, 0xE5FF, 0xB47B, 0x72B7, 0x72D9, 0x72B8, 0x72B8, 0x6A98, 0x72B8, 0x72B8, 0x72B8,
  0x7333, 0xBD3F, 0xB4DF, 0xB4FF, 0xB4FF, 0xB4FF, 0xB4FF, 0xB4FF, 0xB4DF, 0xB4DF, 0xB4FF, 0xB4FF, 0xB51F, 0xB51F, 0xBD1F, 0xBD1F,
  0xBD1F, 0xBD3F, 0xB4FF, 0xBD1F, 0xACDE, 0x6AF8, 0x6AD8, 0x5A56, 0x941C, 0xBD5F, 0xBD5E, 0xC57F, 0xC59F, 0xCDBF, 0xCDDE, 0xCDFF,
  0xD63E, 0xD63E, 0xCDFE, 0xC59E, 0xB51E, 0xAC9E, 0xA45E, 0xA45F, 0xA45F, 0xA45F, 0xA45E, 0xA45E, 0xA43E, 0x9C1E, 0x93DD, 0x8B7C,
  0x8B7C, 0x837C, 0x835B, 0x835B, 0x835B, 0x835B, 0x835B, 0x835B, 0x8B7C, 0x8B7C, 0x8B7C, 0x8B7C, 0x7B3B, 0x6AB7, 0x6276, 0x5A55,
  0x5A55, 0x5A55, 0x5A55, 0x6275, 0x6276, 0x6296, 0x8378, 0xBD1F, 0xBCFF, 0xBD1F, 0xBD1F, 0xBD3F, 0xBD1F, 0xBD1F, 0xBD1F, 0xBD1F,
  0xBCFF, 0xBCFF, 0xBD1F, 0xBCFF, 0xB4DF, 0xA45E, 0xB4BF, 0xBCFF, 0xBD1F, 0xBD1F, 0xBD1F, 0xBD3F, 0xC55F, 0xCDBF, 0xD5DE, 0xDE1F,
  0xDE3F, 0xDE3F, 0xDE3F, 0xDE3F, 0xDE1F, 0xD61F, 0xD61F, 0xD5FF, 0xD5FF, 0xD5FF, 0xD5FF, 0xD5FF, 0xAC7D, 0x9BDD, 0x9BFE, 0xA45C,
  0xD5FF, 0xE65F, 0xDE3E, 0xDE1E, 0xDDFF, 0xDE1F, 0xDE1E, 0xDE1F, 0xDE1F, 0xDE1F, 0xDE1F, 0xDDFF, 0xDDFF, 0xDDFF, 0xDE1F, 0xDE1F,
  0xDE1F, 0xE61F, 0xDE1F, 0xE61E, 0xE61E, 0xDE1E, 0xDE1E, 0xE61F, 0xE61E, 0xE61E, 0xE61E, 0xE5FE, 0xE5FE, 0xDDFE, 0xE5FE, 0xE5FE,
  0xE5FE, 0xE5FE, 0xE5FE, 0xE5FE, 0xE5FE, 0xE5FE, 0xE5FE, 0xE5FE, 0xE61E, 0xE61E, 0xE61E, 0xE61E, 0xE61E, 0xE61E, 0xE61E, 0xE61E,
  0xE63F, 0xE61E, 0xE61E, 0xDDFE, 0xE63F, 0xD53A, 0x61AE, 0x414D, 0x312C, 0x290B, 0x28EA, 0x20CA, 0x20C9, 0x20A9, 0x20A9, 0x18A8,
  0x18A8, 0x18A8, 0x18A8, 0x18A8, 0x20A9, 0x20C9, 0x20CA, 0x20EB, 0x28EC, 0x312F, 0x4172, 0x4172, 0xA47B, 0xD5BF, 0xCD9E, 0xCDBF,
  0xCDBF, 0xCDBF, 0xD5DF, 0xD5FF, 0xD61F, 0xD61F, 0xD61F, 0xD61F, 0xD5FF, 0xD5FF, 0xD5FF, 0xD5FF, 0xD5FF, 0xD5FF, 0xD5FF, 0xCDDF,
  0xCDDF, 0xCDBF, 0xC59F, 0xC55F, 0xB4FF, 0xB4BE, 0x8B7A, 0xA47D, 0xC55F, 0xBD1F, 0xB4FF, 0xBD1F, 0xAC9E, 0x8359, 0x8B9A, 0xBD1F,
  0x8B9A, 0xA47E, 0xACBF, 0xBD1E, 0xCD3E, 0xB49B, 0xCCFC, 0x8B19, 0x72B8, 0x72B9, 0x7298, 0x6A97, 0x6A98, 0x6A98, 0x6A98, 0x6AB8,
  0x7333, 0xBD3F, 0xB4DF, 0xB4FF, 0xB4DF, 0xB4DF, 0xB4FF, 0xB4DF, 0xB4DF, 0xB4DF, 0xB4DF, 0xB4DF, 0xB4FF, 0xB4FF, 0xB4FF, 0xB4FF,
  0xBD1F, 0xB51F, 0xB4FF, 0xB4FF, 0xBD5F, 0x839A, 0x5A76, 0x6AD7, 0xB4DF, 0xBD1F, 0xBD3F, 0xC55F, 0xC55F, 0xC57F, 0xC57F, 0xC57F,
  0xC57F, 0xC5BF, 0xCDDF, 0xD61E, 0xDE5E, 0xD63E, 0xC5BE, 0xBD3E, 0xB4DE, 0xA47E, 0xA45E, 0xA43F, 0xA43F, 0x9C1E, 0x8B9C, 0x837C,
  0x837C, 0x837B, 0x835C, 0x835B, 0x835B, 0x835B, 0x835B, 0x835B, 0x837C, 0x8B7D, 0x8B7D, 0x8BBD, 0x72D9, 0x6256, 0x6276, 0x5A55,
  0x5A55, 0x5A55, 0x5A55, 0x6275, 0x6276, 0x6A96, 0x7B37, 0x9C1B, 0xBD1F, 0xB51F, 0xBD1F, 0xBD1F, 0xBD1F, 0xBD1F, 0xBD3F, 0xBD3F,
  0xBD1F, 0xBD1F, 0xBCFF, 0xBCFF, 0xAC5E, 0x93BC, 0xB4BF, 0xBD1F, 0xBCFF, 0xBD1F, 0xBD1F, 0xBD1F, 0xBD1F, 0xC53F, 0xC53F, 0xC55E,
  0xD5BF, 0xDDFF, 0xD5FF, 0xD5DF, 0xCDDF, 0xCDBF, 0xCDBF, 0xCDBF, 0xCDBF, 0xCDBF, 0xCDDF, 0xCDBF, 0xAC7D, 0x9BFD, 0x9BFD, 0x9C3D,
  0xCD7E, 0xDE1F, 0xDDFF, 0xDDFF, 0xD5FF, 0xD5FF, 0xDDFF, 0xDDFF, 0xDE1F, 0xDDFF, 0xDDFF, 0xDDFF, 0xDDFE, 0xDDFE, 0xDDFE, 0xDDFF,
  0xDDFF, 0xDE1F, 0xE61F, 0xE63F, 0xE63F, 0xE61E, 0xE61E, 0xE61E, 0xE61E, 0xE61E, 0xE61E, 0xE61F, 0xE61F, 0xE61F, 0xE61E, 0xE61E,
  0xE61E, 0xE61E, 0xE61E, 0xE61E, 0xE5FE, 0xE61E, 0xE5FE, 0xE61E, 0xE61E, 0xE61E, 0xE61E, 0xE61E, 0xE63E, 0xE63E, 0xE61E, 0xE63E,
  0xE63E, 0xDDFE, 0xDDDE, 0xDDDF, 0xF69F, 0x8B52, 0x2889, 0x418E, 0x310C, 0x28EB, 0x28CA, 0x20C9, 0x20A9, 0x20A9, 0x18A8, 0x18A8,
  0x18A8, 0x18A8, 0x18A8, 0x18A8, 0x18A8, 0x18A9, 0x20C9, 0x20CA, 0x28EB, 0x310E, 0x3930, 0x4994, 0xAC7D, 0xCD9F, 0xCD9F, 0xCD9F,
  0xCD9F, 0xCD9F, 0xCD9F, 0xCD9F, 0xCDBF, 0xCDBF, 0xCDDF, 0xD5DF, 0xD5FF, 0xD5FF, 0xD5FF, 0xD5FF, 0xD5DF, 0xCDDF, 0xCDDF, 0xCDDF,
  0xC59F, 0xC55F, 0xBD3F, 0xBD1F, 0xB4FF, 0x8B9A, 0x6236, 0x835A, 0xC57F, 0xBD1F, 0xBCFF, 0xB4FF, 0xAC7E, 0xAC9F, 0x9C1D, 0x93DB,
  0x8B7A, 0x9C1D, 0xBCDE, 0xC4DD, 0x9359, 0x8338, 0x9379, 0x7298, 0x6A98, 0x6A98, 0x6A78, 0x6A77, 0x6A98, 0x6A77, 0x6A77, 0x6A97,
  0x7333, 0xBD3F, 0xACDF, 0xB4DF, 0xB4DF, 0xB4DF, 0xB4DF, 0xB4DF, 0xB4DF, 0xB4DF, 0xB4DF, 0xB4DF, 0xB4DF, 0xB4DF, 0xB4DF, 0xB4DF,
  0xB4FF, 0xB4FF, 0xBD1F, 0xBD5F, 0xC57F, 0xA47D, 0x6AB7, 0xA49E, 0xBD3F, 0xBD3F, 0xBD3F, 0xBD3F, 0xBD3F, 0xBD3F, 0xC57F, 0xC57F,
  0xC57F, 0xC57F, 0xC57F, 0xC57F, 0xC59F, 0xCDBF, 0xCDDF, 0xD5FF, 0xD63E, 0xD61E, 0xC57D, 0xB4DE, 0xA43E, 0x8BBD, 0x833B, 0x8B7C,
  0x8B9C, 0x8B9C, 0x8B7C, 0x835C, 0x837C, 0x835C, 0x835B, 0x835B, 0x835C, 0x8B9D, 0x8B9D, 0x93BD, 0x837B, 0x6277, 0x5A55, 0x5A55,
  0x5A55, 0x5A34, 0x5A34, 0x6275, 0x6276, 0x6296, 0x6AB6, 0x8BBA, 0xBD1F, 0xB4FF, 0xB4FF, 0xBCFF, 0xBCFF, 0xBCFF, 0xBD1F, 0xBD3F,
  0xBD1F, 0xBD1F, 0xBCFF, 0xB4BF, 0x9BDD, 0x9BFE, 0xAC7E, 0xBD1F, 0xBD1F, 0xBCFF, 0xBD1F, 0xBD1F, 0xBCFF, 0xBD1F, 0xC53F, 0xC53F,
  0xC53E, 0xC57E, 0xCDBF, 0xCDBF, 0xCDBF, 0xCDBF, 0xCDBF, 0xCDBF, 0xCDBF, 0xCDBF, 0xCDBF, 0xACBD, 0x9BFD, 0x9BFD, 0x9BFD, 0x9BFD,
  0x9C1B, 0xCD7F, 0xD5DF, 0xD5DF, 0xD5DF, 0xDDFF, 0xDDFF, 0xDDFF, 0xDDFF, 0xDDFF, 0xD5FF, 0xD5FF, 0xDDFF, 0xDDFF, 0xDDFF, 0xDDFF,
  0xDDFF, 0xDDFF, 0xDDFE, 0xDE1F, 0xE63F, 0xE63E, 0xE63E, 0xE63E, 0xE61E, 0xE61F, 0xE63F, 0xE63E, 0xE61E, 0xE63E, 0xE63E, 0xE61E,
  0xE61E, 0xE61E, 0xE61E, 0xE61E, 0xE61E, 0xE61E, 0xE61E, 0xE61E, 0xE61E, 0xE61E, 0xEE3E, 0xEE1E, 0xE61E, 0xE61E, 0xE61E, 0xE5FE,
  0xDDFE, 0xDDFF, 0xD57D, 0xC4FB, 0xE5DD, 0x61CE, 0x412D, 0x414E, 0x30EB, 0x28EA, 0x20C9, 0x20A8, 0x18A9, 0x18A8, 0x18A8, 0x18A8,
  0x18A8, 0x1888, 0x18A7, 0x18A8, 0x18A8, 0x18A8, 0x20A9, 0x20AA, 0x20CB, 0x28EC, 0x312F, 0x3932, 0x7AF9, 0xCD9F, 0xCD7F, 0xCD9F,
  0xCD9F, 0xCD9F, 0xCD9F, 0xCD9F, 0xCD9F, 0xC57F, 0xC57E, 0xCD9F, 0xCDBF, 0xCDBF, 0xCDDF, 0xCDDF, 0xCDBF, 0xCDBF, 0xCDBF, 0xC57F,
  0xC55F, 0xC55F, 0xBD3F, 0xBD1F, 0xBD3F, 0x9C1B, 0x72D7, 0x93DA, 0xCD9F, 0xBD3F, 0xBD1F, 0xAC9E, 0x939D, 0x93BD, 0xAC9F, 0xA45E,
  0x7AF9, 0xAC5D, 0xC4DD, 0x82D7, 0x72D8, 0x8339, 0x7AF8, 0x6A77, 0x6A77, 0x6A77, 0x6A97, 0x6A97, 0x6A97, 0x6A97, 0x6A77, 0x6A77,
  0x7333, 0xBD1F, 0xACBF, 0xB4DF, 0xB4DF, 0xB4BF, 0xACBF, 0xB4DF, 0xB4DF, 0xB4BF, 0xB4DF, 0xB4BF, 0xACBF, 0xB4DF, 0xB4BF, 0xB4DF,
  0xB4DF, 0xB51F, 0xACBE, 0x8BDA, 0xACDE, 0xACBF, 0x93FC, 0xBD3F, 0xB51E, 0xB51E, 0xBD3F, 0xBD1F, 0xBD1F, 0xBD1F, 0xBD3F, 0xBD5F,
  0xC57F, 0xC57F, 0xC59F, 0xC59F, 0xC59F, 0xC57F, 0xC57F, 0xC59F, 0xC59F, 0xCDDF, 0xD5FF, 0xD61E, 0xD5FE, 0xBD5D, 0x9C5C, 0x93FB,
  0x8BBC, 0x8B9C, 0x8B9C, 0x8B7C, 0x8B7C, 0x8B7C, 0x835B, 0x835C, 0x835C, 0x8B7C, 0x93BD, 0x835A, 0x6297, 0x6276, 0x5A76, 0x5A55,
  0x5A55, 0x5A35, 0x5234, 0x5A55, 0x6276, 0x6296, 0x7B18, 0xA45C, 0xBCDF, 0xBCFF, 0xBCFF, 0xBCFF, 0xBD1F, 0xBD1F, 0xBD1F, 0xBD1F,
  0xBCFF, 0xB4FF, 0xBCFF, 0xAC7E, 0x93DD, 0x9BFE, 0x9C1D, 0xB4DF, 0xBCFF, 0xBCFF, 0xBCFF, 0xBCFF, 0xBD1F, 0xBCFF, 0xBD1F, 0xBD3F,
  0xC53F, 0xC53F, 0xC55F, 0xCD9F, 0xCD9F, 0xCD9F, 0xCDBF, 0xCDBF, 0xCD9F, 0xCD9F, 0xC57F, 0xAC7D, 0x9BDD, 0x9BFD, 0x9BFD, 0x9BFD,
  0x9BFD, 0xC55F, 0xD5DF, 0xD5DF, 0xD5DF, 0xD5DF, 0xD5FF, 0xD5FF, 0xDDFF, 0xDDFF, 0xDE1F, 0xDE1F, 0xDE1F, 0xDDFF, 0xDDFF, 0xDDFF,
  0xDDFF, 0xDDFF, 0xDDFF, 0xDDFF, 0xDDFF, 0xE61F, 0xE61F, 0xE61F, 0xDDFE, 0xDDFE, 0xE61F, 0xE63F, 0xE63F, 0xE63E, 0xE63E, 0xEE3E,
  0xEE3E, 0xE63E, 0xEE3E, 0xEE3E, 0xEE3E, 0xEE3E, 0xEE3E, 0xEE3E, 0xEE5E, 0xEE3E, 0xEE3E, 0xE61E, 0xE5FE, 0xE5FE, 0xE5FE, 0xE5FE,
  0xE5FF, 0xDDDE, 0xD59E, 0xDDDC, 0xABF5, 0x61AF, 0x498F, 0x310C, 0x30EB, 0x28EA, 0x20C9, 0x20A9, 0x18A8, 0x18A8, 0x18A8, 0x18A8,
  0x18A8, 0x1887, 0x1887, 0x18A7, 0x18A7, 0x18A7, 0x18A8, 0x20A9, 0x20CA, 0x28CB, 0x310D, 0x3931, 0x6257, 0xC53F, 0xC57F, 0xC59F,
  0xCD9F, 0xCD9F, 0xCDBF, 0xCD9F, 0xCD9F, 0xCD9F, 0xC57F, 0xCD9F, 0xCD9F, 0xCD9F, 0xCDBF, 0xCD9F, 0xCDBF, 0xCD9F, 0xC57F, 0xC57F,
  0xC57F, 0xBD1F, 0xBD1F, 0xBD3F, 0xBD5F, 0xC59F, 0xC57F, 0xACBD, 0xBD3E, 0x9C3C, 0xAC7E, 0xA43E, 0x8B5C, 0x8B9C, 0xA45E, 0xB4BF,
  0x8B9A, 0xC4FC, 0x9359, 0x6A78, 0x72B8, 0x8B19, 0x7297, 0x6A77, 0x6A57, 0x6277, 0x6237, 0x6277, 0x6AB8, 0x6A77, 0x6277, 0x6A77,
  0x7333, 0xBD1F, 0xACBF, 0xB4DF, 0xB4BF, 0xB4BF, 0xACBF, 0xB4BF, 0xACBF, 0xA47E, 0xACBF, 0xACBF, 0xACBF, 0xB4BF, 0xB4BF, 0xACBF,
  0xB4DF, 0xBD1F, 0x8BDA, 0x5A55, 0x7318, 0x9C3D, 0x9C3D, 0x9C1C, 0x6AD7, 0x6AB6, 0xA49D, 0xBD3F, 0xBD1F, 0xBD1F, 0xBD1F, 0xBD3F,
  0xBD3F, 0xC55F, 0xC57F, 0xC57F, 0xC59F, 0xC57F, 0xC57F, 0xC57F, 0xC59F, 0xC57F, 0xC57F, 0xC59F, 0xCDBF, 0xD5FF, 0xD63F, 0xD63E,
  0xCDBD, 0xACDC, 0x93FC, 0x837C, 0x835C, 0x8B7C, 0x8B7C, 0x835B, 0x835C, 0x835C, 0x8B7C, 0x6A97, 0x5A56, 0x5A76, 0x5A76, 0x5A76,
  0x5A76, 0x5A55, 0x5A35, 0x6276, 0x6256, 0x6296, 0x6296, 0x6A76, 0x8B7A, 0xBCDF, 0xBD1F, 0xC55F, 0xAC9D, 0x9C1C, 0xBD3F, 0xBD1F,
  0xBCFF, 0xB4FF, 0xB4FF, 0xA43D, 0x9BFD, 0x9BFE, 0x9C1E, 0xAC7E, 0xB4DF, 0xB4BE, 0xBCFF, 0xBCFF, 0xBCFF, 0xB4FF, 0xBD1F, 0xBD1F,
  0xBD3F, 0xBD3F, 0xC53F, 0xC55F, 0xC55F, 0xCD9F, 0xCDBF, 0xCDBF, 0xCD9F, 0xCD9F, 0xB4DE, 0x93DD, 0x9BFD, 0x9BFD, 0x9BFD, 0x9BFD,
  0x9BDD, 0xB4DE, 0xD5FF, 0xD5FF, 0xDE3F, 0xDE1F, 0xD5FF, 0xD5DF, 0xD5FF, 0xD5FF, 0xDDFF, 0xDE1F, 0xDE1F, 0xDE1F, 0xDE1F, 0xDDFE,
  0xDDFF, 0xDE1F, 0xDDFF, 0xDDFF, 0xDDFF, 0xDDFF, 0xDDFF, 0xDDFF, 0xDDDE, 0xDDFE, 0xDDFE, 0xE5FE, 0xE61E, 0xEE3E, 0xEE5E, 0xEE5E,
  0xEE5E, 0xEE5E, 0xEE5E, 0xEE5E, 0xEE5E, 0xEE5E, 0xEE5E, 0xEE5E, 0xEE5E, 0xEE3E, 0xE61E, 0xE61E, 0xE61E, 0xE61E, 0xE61E, 0xE5FE,
  0xE5FE, 0xDDDE, 0xDDDE, 0xF67E, 0x9333, 0x516F, 0x392D, 0x310C, 0x28EB, 0x20EA, 0x20C9, 0x20A9, 0x18A8, 0x18A8, 0x18A8, 0x18A8,
  0x1887, 0x1887, 0x1887, 0x1887, 0x1887, 0x1887, 0x18A8, 0x18A9, 0x20A9, 0x20CB, 0x310D, 0x3930, 0x5A16, 0xC53F, 0xCD7F, 0xC57F,
  0xCD9F, 0xCD9F, 0xCDBF, 0xCDBF, 0xCD9F, 0xCD9F, 0xCD9F, 0xCD9F, 0xCD9F, 0xCD9F, 0xCD9F, 0xCD9F, 0xC59F, 0xC59F, 0xC57F, 0xC57F,
  0xC57F, 0xB4FF, 0xB51F, 0xBD5F, 0xBD5F, 0xC55F, 0xB4BD, 0xA45C, 0xAC7D, 0x7B19, 0x8B7B, 0x9C1E, 0x8B7D, 0x93BD, 0xA45E, 0xBCFF,
  0xAC3A, 0x9B99, 0x7AB7, 0x6A78, 0x7AB8, 0x82D8, 0x6277, 0x6A77, 0x6277, 0x5A36, 0x8378, 0xA45B, 0x6A97, 0x6A77, 0x6277, 0x6257,
  0x7332, 0xB51F, 0xACBF, 0xACBF, 0xB4BF, 0xB4BF, 0xACBF, 0xB4BF, 0xB4DF, 0xAC9F, 0xA45E, 0xA47E, 0xAC9F, 0xACBF, 0xACBF, 0xACBF,
  0xACBF, 0xBD1F, 0x9C3C, 0x5A75, 0x5A56, 0x8B9B, 0x8BDC, 0x5A76, 0x5A55, 0x6AD7, 0xACDE, 0xB4FF, 0xB4FF, 0xB51F, 0xBD1F, 0xBD3F,
  0xBD3F, 0xBD3F, 0xBD3F, 0xBD3F, 0xBD5F, 0xC57F, 0xC57F, 0xC57F, 0xC57F, 0xC57F, 0xC57F, 0xC59F, 0xCD9F, 0xC59F, 0xC59F, 0xCDBE,
  0xD61F, 0xDE5F, 0xD63E, 0xC59D, 0xA47C, 0x93DB, 0x8B7B, 0x831B, 0x835C, 0x8B7B, 0x8B9C, 0x7B19, 0x6276, 0x6276, 0x6276, 0x6256,
  0x6276, 0x5A55, 0x5A55, 0x6276, 0x6256, 0x6275, 0x6276, 0x6A97, 0x6AB7, 0x9BFC, 0xAC7E, 0xACBE, 0x8B7A, 0x7B39, 0xAC7D, 0xB4FF,
  0xB4BF, 0xB4DF, 0xB4BF, 0x9C1E, 0x9C1E, 0x9BFE, 0x9C1E, 0xA45E, 0xB4DF, 0xAC7E, 0xBCFF, 0xBCFF, 0xBCFF, 0xBD1F, 0xC51F, 0xBD3F,
  0xBD1E, 0xBD1F, 0xBD1F, 0xBD1F, 0xC53F, 0xC55F, 0xCD9F, 0xCDBF, 0xCDBF, 0xCD9F, 0xB4BE, 0x9BFD, 0x9BFD, 0x9BFD, 0x9BFD, 0x9BFD,
  0x9BFD, 0xB4DE, 0xD5DF, 0xDE3F, 0xC57E, 0xD5DF, 0xDE1F, 0xD5DF, 0xD5DF, 0xD5DF, 0xDDFF, 0xDDFF, 0xDE1F, 0xDE1F, 0xDE1F, 0xDE1F,
  0xDE1F, 0xE61F, 0xDE1F, 0xDE1F, 0xDE1E, 0xDDFF, 0xDDFF, 0xDE1F, 0xDDFF, 0xDDFE, 0xDDFE, 0xE5FF, 0xE5FE, 0xE61E, 0xE61E, 0xEE3E,
  0xEE5E, 0xEE7E, 0xEE7E, 0xF67E, 0xF67E, 0xF67E, 0xEE5E, 0xEE3E, 0xEE3E, 0xEE3E, 0xEE3E, 0xEE1E, 0xE61E, 0xE61E, 0xE61E, 0xE5FE,
  0xE5FE, 0xDDFE, 0xDDFE, 0xEE7E, 0x9313, 0x516E, 0x392D, 0x310B, 0x28EB, 0x28EA, 0x20C9, 0x20A9, 0x20A8, 0x18A8, 0x18A8, 0x18A7,
  0x1887, 0x1887, 0x1887, 0x1887, 0x1887, 0x1887, 0x18A8, 0x18A8, 0x20A9, 0x20EB, 0x310D, 0x3932, 0x6257, 0xC55F, 0xC57E, 0xC57F,
  0xCD9F, 0xCD9F, 0xCD9F, 0xCDBF, 0xCDBF, 0xCDBF, 0xCDBF, 0xCDBF, 0xCDBF, 0xCD9F, 0xCD9F, 0xCD9F, 0xC57F, 0xC57F, 0xC57F, 0xC57F,
  0xC55F, 0xBD1F, 0xBD1F, 0xBD3F, 0xC55F, 0xC57F, 0x8BBA, 0x6236, 0x72D8, 0x7AF8, 0xA43D, 0x9C1E, 0x8B9D, 0x8B7C, 0xA45D, 0xC4DD,
  0x9357, 0x7AB6, 0x6A97, 0x6A78, 0x7AB8, 0x7297, 0x6A77, 0x6A76, 0x6277, 0x6236, 0xC55C, 0xB4DC, 0x6236, 0x6277, 0x6277, 0x6257,
  0x7332, 0xBD1F, 0xACBF, 0xB4BF, 0xB4BF, 0xB4BF, 0xB4BF, 0xB4BF, 0xACBF, 0xAC9F, 0xA45E, 0xA47F, 0xAC9F, 0xAC9F, 0xAC9F, 0xACBF,
  0xACBF, 0xB4DF, 0xB51F, 0x8BBA, 0x6276, 0x72F9, 0x6AB8, 0x49D3, 0x5A35, 0x93FB, 0xBD1F, 0xB4DF, 0xB4FF, 0xB4FF, 0xB51F, 0xB51F,
  0xB51F, 0xBD1F, 0xBD1F, 0xBD3F, 0xBD3F, 0xBD3F, 0xBD5F, 0xC55F, 0xC57F, 0xC57F, 0xC57F, 0xC59F, 0xC59F, 0xC59F, 0xC59F, 0xC59F,
  0xC59F, 0xC59F, 0xCDBF, 0xD5FF, 0xD63F, 0xD61E, 0xC57D, 0x9C1B, 0x8B7B, 0x835B, 0x7B1A, 0x72F9, 0x6AD8, 0x6297, 0x6276, 0x6276,
  0x6296, 0x5A75, 0x5A34, 0x6276, 0x6276, 0x6275, 0x6296, 0x6AB6, 0x72F8, 0x93DD, 0x9BFE, 0x8B9B, 0x7319, 0x7B19, 0x8339, 0xAC5E,
  0xB49F, 0xB4BF, 0xA43E, 0x9C1E, 0x9C1E, 0x9BFE, 0x9C1E, 0xA43E, 0xAC7E, 0xAC5E, 0xB4DF, 0xB4DF, 0xB4DF, 0xBCFF, 0xC51F, 0xC53F,
  0xC53F, 0xBD1F, 0xBD1F, 0xBD1F, 0xC53F, 0xC53F, 0xC55E, 0xC59F, 0xCDBF, 0xBCFE, 0x93DC, 0x9BFD, 0x9BFD, 0x9BFD, 0x9BDD, 0x9BFD,
  0x9BFD, 0x939C, 0xC55E, 0xD5DF, 0xA43D, 0xB4FD, 0xDDFF, 0xD5DF, 0xD5DF, 0xD5BF, 0xD5BF, 0xD5FF, 0xDDFF, 0xDDFF, 0xDDFF, 0xDE1F,
  0xDE1F, 0xDE1F, 0xDE1F, 0xE61F, 0xE61F, 0xDDFE, 0xE5FE, 0xE5FF, 0xE5FF, 0xDDFE, 0xDDFE, 0xDDFE, 0xE5FE, 0xE5FE, 0xE5FE, 0xE5FE,
  0xE61E, 0xEE5E, 0xF65D, 0xF67D, 0xF65D, 0xEE3D, 0xEE3D, 0xEE3D, 0xEE3E, 0xEE3E, 0xEE1D, 0xEE1D, 0xE63D, 0xE61E, 0xE61E, 0xE5FE,
  0xE5FE, 0xE61E, 0xDE1E, 0xF69E, 0xBC36, 0x598E, 0x496E, 0x392C, 0x310B, 0x28EB, 0x20CA, 0x20C9, 0x20A9, 0x18A8, 0x18A7, 0x1887,
  0x1887, 0x1887, 0x1087, 0x1087, 0x1087, 0x1887, 0x1887, 0x18A8, 0x20A9, 0x28CB, 0x310E, 0x3932, 0x8319, 0xCD9F, 0xC55E, 0xC57F,
  0xC57F, 0xCD9F, 0xCD9F, 0xCD9F, 0xCD9F, 0xCD9F, 0xCD9F, 0xCDBF, 0xCDBF, 0xCD9F, 0xCD9F, 0xCD7F, 0xC59F, 0xC57F, 0xC57F, 0xC57F,
  0xBD3E, 0xBD1F, 0xBD1F, 0xC55F, 0xC55F, 0xC55F, 0xBCFF, 0x9C1C, 0x8BBB, 0x93DB, 0xA45D, 0x93DC, 0x8B5C, 0xA41C, 0x9B9A, 0x82D8,
  0x82D7, 0x6215, 0x6A78, 0x6A97, 0x7AD8, 0x7277, 0x6A77, 0x6256, 0x6256, 0x6A77, 0x6A57, 0x6216, 0x6236, 0x6256, 0x6256, 0x6257,
  0x7332, 0xBD1F, 0xACBF, 0xB4BF, 0xB4BF, 0xB4DF, 0xB4DF, 0xACBF, 0xACBF, 0xAC9F, 0xA45F, 0x7B3A, 0x8B9C, 0xA47F, 0xAC7F, 0xAC9E,
  0xACBF, 0xB4DF, 0xB4DF, 0xB4DF, 0xAC9F, 0x72F9, 0x7318, 0x8359, 0x93FC, 0xACBF, 0xB4DF, 0xB4DF, 0xB4FF, 0xB4FF, 0xB4FF, 0xB4FF,
  0xB4FF, 0xB4FF, 0xB4FF, 0xBD1F, 0xBD1F, 0xBD3F, 0xBD3F, 0xBD3F, 0xBD5F, 0xC57F, 0xC57F, 0xC57F, 0xC59F, 0xC57F, 0xC57F, 0xC57F,
  0xC59F, 0xC59F, 0xC59F, 0xC59F, 0xCDBF, 0xCDDF, 0xD5FF, 0xDE3F, 0xD61E, 0xBD5D, 0x8379, 0x6AB7, 0x6AB8, 0x72F9, 0x6AB7, 0x6296,
  0x6AB7, 0x5A55, 0x51F3, 0x5A55, 0x5A55, 0x5A55, 0x6276, 0x6AD8, 0x93BC, 0x9BFD, 0x8BBD, 0x7B1A, 0x72F9, 0x72D9, 0x7AF8, 0xA41D,
  0xA45E, 0xA43E, 0x9C1E, 0x9C1E, 0x9C1E, 0x9BFE, 0x9BFE, 0x9C1E, 0xA41E, 0xA43E, 0xAC9F, 0xB4DF, 0x8BBB, 0x7B18, 0xBCDE, 0xBCDF,
  0xBCDF, 0xBD1F, 0xBD1F, 0xC53F, 0xC53F, 0xBD3F, 0xBD3F, 0xC55F, 0xCD9F, 0xBD3F, 0x9BFD, 0x9BFD, 0x9BFD, 0x93DD, 0x9BFD, 0x9C1D,
  0x9BFD, 0xAC9D, 0xE63F, 0xC53E, 0xA41D, 0xB4BD, 0xE63F, 0xE65F, 0xE63F, 0xE63F, 0xE63F, 0xE63F, 0xEE5F, 0xEE5F, 0xEE7F, 0xEE7F,
  0xEE7F, 0xEE7F, 0xEE7E, 0xEE7E, 0xEE7E, 0xEE7E, 0xF67E, 0xF67E, 0xF67E, 0xF69E, 0xF69E, 0xF69E, 0xF69E, 0xF6BE, 0xF6BE, 0xF6DE,
  0xF6DE, 0xF6FE, 0xF71E, 0xFF1E, 0xF71E, 0xF71E, 0xF73E, 0xF73E, 0xF71E, 0xF71E, 0xF71E, 0xF6FE, 0xF71E, 0xF6FE, 0xF6DE, 0xF6BE,
  0xF6BE, 0xF6BE, 0xF6BE, 0xF6FE, 0xEE3C, 0x8A71, 0x59AF, 0x496E, 0x392D, 0x310B, 0x28EA, 0x20C9, 0x20A9, 0x18A8, 0x1887, 0x1887,
  0x1887, 0x1087, 0x1087, 0x1087, 0x1087, 0x1087, 0x1887, 0x18A8, 0x20A9, 0x28EC, 0x390F, 0x4973, 0xC53D, 0xE67F, 0xD61E, 0xDE1F,
  0xDE1F, 0xD5FF, 0xDE1F, 0xDE1F, 0xD5FF, 0xCDBF, 0xD5FF, 0xDE1F, 0xD5FF, 0xD5FF, 0xD5DF, 0xD5BF, 0xCDBF, 0xCDBF, 0xCD9F, 0xC59F,
  0xC57F, 0xC57F, 0xBD3E, 0xC55E, 0xCD9F, 0xBD3F, 0xB4FF, 0xAC9E, 0xA45E, 0x9C1C, 0x8B7A, 0x7AF9, 0x9BDC, 0xA39A, 0x7258, 0x8B19,
  0x8317, 0x59F4, 0x6AB8, 0x72B8, 0x72B7, 0x6A77, 0x6277, 0x51F4, 0x5A15, 0x6256, 0x6236, 0x6236, 0x6236, 0x6256, 0x6256, 0x6256,
  0x7332, 0xBD1F, 0xACBF, 0xB4DF, 0xB4DF, 0xB4DF, 0xB4DF, 0xACBF, 0xAC9F, 0xAC9F, 0x93FD, 0x5A56, 0x6277, 0x93BC, 0x93FC, 0xAC9E,
  0xACBF, 0xACBF, 0xACBF, 0xACBF, 0xBD1F, 0x8379, 0xA47D, 0xBD1F, 0xB4BF, 0xACBF, 0xB4BF, 0xB4DF, 0xB4DF, 0xB4FF, 0xB4FF, 0xB4FF,
  0xBD1F, 0xBD1F, 0xB4FF, 0xB4FF, 0xB51F, 0xBD1F, 0xBD1F, 0xBD3F, 0xBD3F, 0xBD3F, 0xC57F, 0xC55F, 0xC57F, 0xC57F, 0xC57F, 0xC57F,
  0xC57F, 0xC57F, 0xC59F, 0xC59F, 0xCDBF, 0xCDBF, 0xC59F, 0xCDBF, 0xD5FF, 0xDE7F, 0xD61E, 0xBD5C, 0x9C59, 0x7B58, 0x72F8, 0x6AD8,
  0x7B1A, 0x6AD7, 0x5A34, 0x6AB8, 0x6A97, 0x6AB8, 0x7B19, 0x7B5A, 0x8B7C, 0x93BD, 0x8B9C, 0x72D9, 0x72F9, 0x72D9, 0x72D8, 0x9BDC,
  0xB4DF, 0xA43E, 0x9C1E, 0x9C1E, 0x9C1E, 0x9C1E, 0x9C1E, 0x9C1E, 0xA41E, 0xA41E, 0xA45E, 0x9BFD, 0x6A97, 0x6A77, 0x939A, 0xB4BF,
  0xB4BE, 0xBCFE, 0xBD1F, 0xBD1F, 0xBD1F, 0xBD1E, 0xBD3F, 0xBD1F, 0xBD1F, 0xC53F, 0xB4FE, 0xA45D, 0x9C3D, 0xA45D, 0xA43D, 0xAC7E,
  0xA45E, 0xBD1E, 0xD5BF, 0xAC7D, 0xA41E, 0xA45D, 0xCD9E, 0xFEDF, 0xFEBF, 0xFEBF, 0xF69F, 0xF69F, 0xF69F, 0xF6BF, 0xF6BE, 0xF6BE,
  0xFEBE, 0xFEBE, 0xFEBE, 0xFEBE, 0xFEBE, 0xFEBE, 0xFEBE, 0xFEDE, 0xFEDE, 0xFEDE, 0xFEDE, 0xFEFE, 0xFEFD, 0xFEFD, 0xFF1D, 0xFF1D,
  0xFF3D, 0xFF3D, 0xFF5D, 0xFF5D, 0xFF7D, 0xFF9D, 0xFFBD, 0xFFDE, 0xFFDE, 0xFFDE, 0xFFBD, 0xFF9D, 0xFF9D, 0xFF7D, 0xFF3D, 0xFF3D,
  0xFF1D, 0xFF1D, 0xFF1D, 0xFEFD, 0xFF1E, 0xDD59, 0x8A71, 0x61B0, 0x496E, 0x390C, 0x28EB, 0x28EA, 0x20C9, 0x20A8, 0x18A8, 0x1887,
  0x1087, 0x1086, 0x1086, 0x1086, 0x1086, 0x1086, 0x1087, 0x18A7, 0x20C9, 0x310D, 0x38F0, 0x9378, 0xEE7F, 0xEE7F, 0xEEBF, 0xEE9F,
  0xEE7F, 0xE67F, 0xE65F, 0xE67F, 0xE61F, 0xC57E, 0xD5DF, 0xDDFF, 0xD5FF, 0xCDBF, 0xCDBF, 0xD5DF, 0xD5DF, 0xCDDF, 0xCDBF, 0xCDDF,
  0xCDDF, 0xD5DF, 0xB4BE, 0xAC9D, 0xCDBF, 0xBD3F, 0xACBF, 0x9C1D, 0x9BDE, 0x93DD, 0x72B7, 0x7298, 0xABFB, 0x82B8, 0x7AB8, 0x8B39,
  0x8318, 0x51F3, 0x72B8, 0x72B7, 0x6A97, 0x6A77, 0x6255, 0x51D3, 0x5A15, 0x51F4, 0x59F4, 0x6236, 0x6236, 0x6256, 0x6256, 0x6256,
  0x7332, 0xBD1F, 0xACBF, 0xACDF, 0xB4DF, 0xB4DF, 0xACBF, 0xACBF, 0xAC9F, 0xAC7F, 0xA45F, 0x6AB8, 0x5A36, 0x72F9, 0x72F8, 0xA47E,
  0xACBF, 0xAC9F, 0xACBF, 0xB4BF, 0xB4FF, 0x8BDA, 0xB4FF, 0xB4FF, 0xB4DF, 0xACBF, 0xB4DF, 0xB4DF, 0xB4DF, 0xACBF, 0xB4DF, 0xBD1F,
  0xACBE, 0xA45D, 0xB4DF, 0xB4FF, 0xB4FF, 0xB51F, 0xBD1F, 0xBD1F, 0xBD3F, 0xBD1F, 0xBD3F, 0xBD5F, 0xBD5F, 0xBD5F, 0xC55F, 0xC57F,
  0xC57F, 0xC57F, 0xC57F, 0xC57F, 0xC59F, 0xCDBF, 0xCDBF, 0xCDBF, 0xCDBF, 0xCDBF, 0xCDDF, 0xD63F, 0xDE7F, 0xD63D, 0xBD5B, 0x8BD9,
  0x72F9, 0x6277, 0x5A35, 0x7B1A, 0x7AFA, 0x7B3A, 0x833A, 0x7B3A, 0x72FA, 0x835B, 0x7B1A, 0x72D9, 0x6AD8, 0x6AD8, 0x7AF9, 0x8B5A,
  0xA45D, 0xAC9F, 0xA45E, 0xA45E, 0xA43E, 0xA43E, 0xA43E, 0xA43E, 0xA43E, 0xA43E, 0xA45E, 0x7B19, 0x6277, 0x6A98, 0x72D8, 0xAC5E,
  0xB49F, 0xB4DE, 0xB4DE, 0xBCFF, 0xBD1F, 0xBD1F, 0xBD1F, 0xB4FE, 0xB4DF, 0xBD1F, 0xBD3F, 0xBD1F, 0xBCFF, 0xAC9E, 0x9C1D, 0xAC9E,
  0xAC9E, 0xAC9E, 0xB4BE, 0xA45D, 0xA41E, 0x9C1D, 0xAC9C, 0xEE9F, 0xFEBF, 0xF6BF, 0xDDBE, 0xE5FE, 0xFE9F, 0xF69E, 0xFEBE, 0xF6BE,
  0xF6BE, 0xF6BE, 0xF6BE, 0xFEBE, 0xFEBE, 0xFEBE, 0xFEBE, 0xFEDE, 0xFEBE, 0xFEDE, 0xFEDE, 0xFEDD, 0xFEDD, 0xFEFD, 0xFEFD, 0xFEFD,
  0xFF1D, 0xFF1D, 0xFF3D, 0xFF5D, 0xFF7D, 0xFF7D, 0xFF7D, 0xFF9D, 0xFFBD, 0xFFBD, 0xFF9D, 0xFF7D, 0xFF7C, 0xFF5D, 0xFF3D, 0xFF3D,
  0xFF1D, 0xFF1D, 0xFEFD, 0xFEFD, 0xFEDD, 0xFF5E, 0xE5DB, 0x9AD3, 0x616E, 0x494D, 0x310B, 0x28C9, 0x20A8, 0x18A8, 0x1887, 0x1087,
  0x1086, 0x1086, 0x1086, 0x1066, 0x1066, 0x1086, 0x1086, 0x1086, 0x18A8, 0x208A, 0x72F4, 0xF69F, 0xEE5F, 0xE65F, 0xEE9F, 0xEE7F,
  0xEE7F, 0xEE7F, 0xE67F, 0xE65F, 0xCD9E, 0xC55F, 0xC59F, 0xCD9F, 0xC57E, 0xD5FE, 0xDDBD, 0xD57D, 0xDDDF, 0xD5DF, 0xCDDF, 0xCDDF,
  0xD5DF, 0xCDBF, 0xAC9E, 0xA41D, 0xB4DE, 0xB4BF, 0xA41D, 0x9BFD, 0x9BFD, 0x9BDD, 0x833A, 0x8B1A, 0xA3BA, 0x7297, 0x7AD9, 0x8319,
  0x72D7, 0x51D4, 0x72B8, 0x6A97, 0x6A76, 0x6256, 0x51D3, 0x49D2, 0x51D3, 0x5214, 0x6255, 0x6236, 0x6236, 0x6256, 0x6256, 0x6256,
  0x6B12, 0xBD1F, 0xACBF, 0xB4DF, 0xB4DF, 0xB4DF, 0xB4DF, 0xB4DF, 0xACBF, 0xAC9F, 0xAC9F, 0x941E, 0x7319, 0x6AD8, 0x72D7, 0xA47D,
  0xB4DF, 0xACBF, 0xACBF, 0xACDF, 0xACBE, 0x8BBA, 0xB4FF, 0xB4DF, 0xB4DF, 0xB4FF, 0xB4FF, 0xB4DF, 0xACBF, 0xACBF, 0xA45E, 0x8B9B,
  0x72F8, 0x72F8, 0xACBF, 0xB4FF, 0xB4DF, 0xB4FF, 0xB51F, 0xBD1F, 0xBD1F, 0xBD1F, 0xBD1F, 0xBD3F, 0xBD3F, 0xBD3F, 0xBD3F, 0xBD5F,
  0xC55F, 0xC57F, 0xC57F, 0xC57F, 0xC57F, 0xC59F, 0xCDBF, 0xCDBF, 0xCDBF, 0xCDBF, 0xCDDF, 0xCDBF, 0xCDBF, 0xD61F, 0xE67F, 0xDE5F,
  0xC59D, 0x93F8, 0x6275, 0x72D9, 0x7AFA, 0x833A, 0x833A, 0x7B3A, 0x7B1A, 0x7B1A, 0x72D9, 0x72D8, 0x6AB7, 0x6AB8, 0x72F9, 0x72D8,
  0x8B7A, 0xB4BF, 0xAC5E, 0xAC7E, 0xAC7F, 0xAC7F, 0xA45E, 0xA45E, 0xA45E, 0xAC7E, 0x9C1D, 0x72D8, 0x6A97, 0x6A97, 0x6A97, 0x939B,
  0xB4BF, 0xB4BE, 0xB4BE, 0xB4DF, 0xB4FF, 0xBCFF, 0xB4FF, 0xB4DE, 0xB4DF, 0xB4FE, 0xB4DE, 0xB4DE, 0xB4BE, 0xA43D, 0x9BFD, 0xAC9E,
  0xAC7E, 0xAC7F, 0xA45E, 0xA43E, 0x9C1D, 0x9C1E, 0xA45D, 0xDDFF, 0xEE3E, 0xDDFE, 0xD57E, 0xDDBE, 0xF69F, 0xFEBE, 0xFEBE, 0xFEBE,
  0xFEBE, 0xF6BE, 0xFEBE, 0xFEBE, 0xFEDE, 0xFEBE, 0xFEDE, 0xFEDE, 0xFEDE, 0xFEDD, 0xFEDD, 0xFEDD, 0xFEFD, 0xFEFD, 0xFEFD, 0xFEFD,
  0xFF1D, 0xFF1D, 0xFF3D, 0xFF3D, 0xFF5D, 0xFF5D, 0xFF7C, 0xFF9C, 0xFFBD, 0xFFBD, 0xFF9D, 0xFF7D, 0xFF7C, 0xFF7C, 0xFF5D, 0xFF3D,
  0xFF1D, 0xFF1D, 0xFEFD, 0xFEFD, 0xFEDD, 0xFEDD, 0xFF1E, 0xF61C, 0xB3F5, 0x516D, 0x30CA, 0x20A8, 0x18A7, 0x18A7, 0x1887, 0x1086,
  0x1086, 0x1086, 0x1086, 0x1086, 0x1086, 0x1086, 0x1086, 0x1887, 0x18C7, 0x20C9, 0x418D, 0xAC79, 0xF6BF, 0xEE9F, 0xEE9F, 0xEE9F,
  0xE65F, 0xDE3F, 0xE65F, 0xDE3F, 0xCDBF, 0xCDBF, 0xCDBF, 0xC5BE, 0xE65E, 0xE53A, 0x92F3, 0x61F1, 0x8316, 0xC55F, 0xC59F, 0xBD1E,
  0xB4FE, 0xB4FF, 0xB4BF, 0x939B, 0x9BDD, 0xAC5F, 0xA41E, 0xA41E, 0x93BD, 0x8B9B, 0xA3DB, 0xABFA, 0x9B99, 0x72B8, 0x7AD8, 0x7AD8,
  0x6A96, 0x51F3, 0x6A97, 0x6A77, 0x6256, 0x5A35, 0x4170, 0x51F3, 0x5A35, 0x5A36, 0x5A35, 0x5A35, 0x6236, 0x6236, 0x6256, 0x6256,
  0x7312, 0xBD3F, 0xACDF, 0xB4DF, 0xB4FF, 0xB4DF, 0xB4DF, 0xB4FF, 0xAC9F, 0xACBF, 0xAC9F, 0xA47F, 0xACDF, 0x8BBB, 0x72F8, 0xB4DF,
  0xA45D, 0xA45D, 0xB4DF, 0xACDF, 0xA47E, 0x8BBB, 0xB4DF, 0xAC9F, 0xB4DF, 0xB4DF, 0xAC9E, 0xB4DF, 0xB4BF, 0x9C3D, 0x6AB8, 0x72F9,
  0x6AB7, 0x941C, 0xB4DF, 0xB4DF, 0xB4DF, 0xB4FF, 0xB4FF, 0xBD1F, 0xB51F, 0xB51F, 0xBD1F, 0xBD1F, 0xBD1F, 0xBD1F, 0xBD3F, 0xBD3F,
  0xBD3F, 0xC55F, 0xC55F, 0xC57F, 0xC57F, 0xC57F, 0xC59F, 0xCDBF, 0xCDBF, 0xCDBF, 0xCDBF, 0xCDDF, 0xD5DF, 0xCDDF, 0xCDDF, 0xCDDF,
  0xD61E, 0xE67F, 0xD61D, 0xB51C, 0x93FA, 0x7B39, 0x7B1A, 0x7B3A, 0x7B1A, 0x72D9, 0x6AB8, 0x6AB8, 0x6AB8, 0x6AB7, 0x72D8, 0x72D8,
  0x835A, 0xA45E, 0xAC9F, 0xAC7E, 0xA45E, 0xA45E, 0xA45E, 0xAC7F, 0xA47E, 0xACBF, 0x8B9B, 0x6A97, 0x6A97, 0x6A97, 0x6A97, 0x93DB,
  0xBCFF, 0xB4BE, 0xB4BF, 0xB4DF, 0xB4DF, 0xB4DE, 0xB4DE, 0xB4BF, 0xB4BF, 0xB4BE, 0xB4BE, 0xB4BF, 0xB4DF, 0xA45E, 0x9BFD, 0xAC7F,
  0xAC7E, 0xAC7E, 0xA45E, 0xA43E, 0x9C1D, 0x9C1D, 0xA41D, 0xBCDD, 0xDDDF, 0xDDBE, 0xCD7E, 0xD5BE, 0xDDFE, 0xDDDD, 0xF69F, 0xFEBE,
  0xFE9E, 0xFEBE, 0xFEBE, 0xFEBE, 0xFEDE, 0xFEBE, 0xFEDE, 0xFEDE, 0xFEDE, 0xFEDD, 0xFEDE, 0xFEFE, 0xFEFE, 0xFEFD, 0xFF1E, 0xFF1D,
  0xFF1D, 0xFF1D, 0xFF3D, 0xFF5D, 0xFF5D, 0xFF5D, 0xFF7D, 0xFF9D, 0xFF9D, 0xFF9D, 0xFF9D, 0xFF7D, 0xFF7C, 0xFF7C, 0xFF5D, 0xFF5D,
  0xFF3D, 0xFF1D, 0xFEFD, 0xFEFD, 0xFEFD, 0xFEDD, 0xFE9C, 0xFF1E, 0xCCF8, 0x596C, 0x390B, 0x28E9, 0x20C8, 0x18A7, 0x18A7, 0x1887,
  0x1086, 0x1087, 0x1086, 0x1086, 0x1086, 0x1086, 0x1087, 0x1887, 0x18A7, 0x20C9, 0x20AA, 0x30EE, 0xA439, 0xF6BF, 0xDE3F, 0xD5FF,
  0xD5DF, 0xCDDF, 0xD5DF, 0xD5DF, 0xCDBF, 0xCDBF, 0xCDBF, 0xE67F, 0xF61B, 0xA2F3, 0x518F, 0x310D, 0x30EE, 0x93FC, 0xB4DF, 0xAC9E,
  0xACBE, 0xB4BF, 0xAC7E, 0x7AD9, 0x8B5B, 0xAC5F, 0xA41E, 0x833B, 0x72B9, 0x8B3A, 0x9BBA, 0x9BB8, 0x9378, 0x7AD8, 0x72B8, 0x72B8,
  0x6A76, 0x49D2, 0x6256, 0x6256, 0x6A77, 0x51F4, 0x5214, 0x6256, 0x6235, 0x5A15, 0x5A35, 0x6255, 0x6236, 0x6256, 0x6256, 0x6256,
  0x7332, 0xBD3F, 0xACDF, 0xB4DF, 0xB4DF, 0xB4DF, 0xB4DF, 0xB4DF, 0xACBF, 0xAC9F, 0xACBF, 0x9C3D, 0x72F8, 0x93FC, 0x9BFC, 0xACBF,
  0x72F8, 0x72F8, 0xACBF, 0xB4BF, 0x9C3D, 0x8BBB, 0xACBF, 0xAC9F, 0xA47E, 0x7B39, 0x9C3D, 0xB4DF, 0xB4DF, 0x837B, 0x6257, 0x7319,
  0x9C1C, 0xACBF, 0xACBF, 0xB4DF, 0xB4FF, 0xB4FF, 0xB4FF, 0xB4FF, 0xB4FF, 0xB51F, 0xB4FF, 0xB51F, 0xBD1F, 0xBD1F, 0xBD3F, 0xBD5F,
  0xBD3F, 0xBD3F, 0xC55F, 0xC57F, 0xC57F, 0xC57F, 0xC57F, 0xC59F, 0xCDBF, 0xCDBF, 0xCDBF, 0xCDBF, 0xCDDF, 0xCDDF, 0xCDDF, 0xCDDF,
  0xCDDF, 0xD5FF, 0xDE5F, 0xE69F, 0xE6BE, 0xCDDD, 0xA45B, 0x7B39, 0x6AB9, 0x6A98, 0x72D9, 0x72D9, 0x6AB8, 0x6AB7, 0x72D8, 0x72D8,
  0x6A97, 0x835A, 0xAC7E, 0xA45E, 0xA43E, 0xA43E, 0xA45E, 0xA45E, 0xAC7F, 0x93BC, 0x6A97, 0x6A97, 0x6A97, 0x6297, 0x6AB7, 0x7B18,
  0xA45D, 0xB4DF, 0xB4BE, 0xB4BF, 0xB4DF, 0xB4BF, 0xB4BE, 0xB4BE, 0xAC9E, 0xAC9F, 0xAC9E, 0xAC9E, 0xB4BF, 0xAC7E, 0x9C1D, 0xAC7E,
  0xAC7E, 0xAC9E, 0xAC9E, 0xAC9E, 0xA45E, 0xA45E, 0xAC7E, 0xB4BE, 0xC53E, 0xCD7F, 0xCD7E, 0xCD9E, 0xCD7E, 0xCD7E, 0xDDDE, 0xEE3E,
  0xF67F, 0xEE5D, 0xFEBE, 0xFEFF, 0xFEDE, 0xFEBD, 0xFEDE, 0xFEDE, 0xFEBE, 0xFEBE, 0xFEDE, 0xFEDE, 0xFEDD, 0xFEDE, 0xFEDE, 0xFEFD,
  0xFEFD, 0xFF1D, 0xFF1D, 0xFF3D, 0xFF3D, 0xFF3D, 0xFF5D, 0xFF5D, 0xFF7D, 0xFF7D, 0xFF7C, 0xFF5C, 0xFF5C, 0xFF3C, 0xFF3D, 0xFF1D,
  0xFF1D, 0xFEFD, 0xFEFD, 0xFEDD, 0xFEDD, 0xFEBD, 0xFEFD, 0xF65B, 0x92D0, 0x598D, 0x392B, 0x28EA, 0x20C8, 0x18A8, 0x18A7, 0x18A7,
  0x1887, 0x1887, 0x1087, 0x1087, 0x1887, 0x18A7, 0x18A7, 0x1887, 0x18A7, 0x18A8, 0x20C9, 0x290C, 0x4151, 0xA41B, 0xD5BF, 0xC59E,
  0xCDBF, 0xCDDF, 0xCDDF, 0xCDDF, 0xCDBF, 0xCDBF, 0xCDBE, 0xF6BE, 0xCC57, 0x69F0, 0x394D, 0x28EC, 0x3950, 0x9BFD, 0xB49F, 0xAC9F,
  0xAC9F, 0xB4BF, 0xA45D, 0x8339, 0x8B5B, 0x93BD, 0x7AFA, 0x72DA, 0x7AD9, 0x9B7A, 0x7AB7, 0x7AF8, 0x8B38, 0x7297, 0x72B8, 0x7AD8,
  0x6256, 0x49B2, 0x6256, 0x6257, 0x5A35, 0x49D3, 0x6A76, 0x6256, 0x6256, 0x6235, 0xB4BC, 0x8B99, 0x5A15, 0x6256, 0x6256, 0x6256,
  0x7333, 0xBD5F, 0xB4DF, 0xB4DF, 0xB4DF, 0xB4BF, 0xB4BF, 0xACBF, 0xAC9F, 0xAC9F, 0xB4DF, 0x93FC, 0x6277, 0x7B19, 0x9C1C, 0x93FC,
  0x72F8, 0x6AD7, 0xACBE, 0xB4BF, 0x9C3D, 0x93DC, 0xB4BF, 0xAC9F, 0x7319, 0x6297, 0x9C1C, 0xB4DF, 0xACBF, 0x72F9, 0x6277, 0xA47E,
  0xB4DF, 0xACBF, 0xB4DF, 0xB4FF, 0xB4FF, 0xB4FF, 0xB4DF, 0xB4DF, 0xB4FF, 0xB4FF, 0xB4FF, 0xB4FF, 0xB4FF, 0xBD1F, 0xBD1F, 0xBD3F,
  0xBD3F, 0xBD3F, 0xBD5F, 0xBD5F, 0xBD5F, 0xC55F, 0xC57F, 0xC57F, 0xC57F, 0xC59F, 0xCDBF, 0xCD9F, 0xCDBF, 0xCDBF, 0xCDDF, 0xCDDF,
  0xCDDF, 0xD5FF, 0xD5FF, 0xD5FF, 0xDE3F, 0xDE7F, 0xE69E, 0xCDFD, 0xA49B, 0x8359, 0x6A98, 0x6AB9, 0x6AD8, 0x72D8, 0x72D8, 0x72B8,
  0x72B8, 0x8B9B, 0xAC7E, 0xA45E, 0xA43E, 0xA43E, 0xA45E, 0xA43E, 0xA47F, 0x93DC, 0x6277, 0x6277, 0x6296, 0x6297, 0x6AB7, 0x72D8,
  0x93FB, 0xB4FF, 0xB4BE, 0xACBF, 0xACBE, 0xB4BE, 0xB4BF, 0xB4BF, 0xAC9E, 0xAC7E, 0xAC7E, 0xAC7E, 0xAC9E, 0xA45E, 0xA43D, 0xAC7E,
  0xAC7E, 0xAC7E, 0xAC5E, 0xAC7E, 0xAC5E, 0xAC7E, 0xAC7E, 0xAC7D, 0xB4BE, 0xBCBD, 0xC51E, 0xCD7E, 0xCD9E, 0xCD9F, 0xCD7E, 0xCD5D,
  0xD59E, 0xD57D, 0xD5BE, 0xE61E, 0xF67E, 0xFEDE, 0xF67E, 0xEE5E, 0xFEBE, 0xFEBE, 0xFEBE, 0xFEDD, 0xFEDD, 0xFEDD, 0xFEDD, 0xFEDD,
  0xFEDD, 0xFEFD, 0xFEFD, 0xFF1D, 0xFF1C, 0xFF1C, 0xFF3D, 0xFF3D, 0xFF5C, 0xFF5C, 0xFF5C, 0xFF3C, 0xFF1C, 0xFF1C, 0xFEFD, 0xFEFD,
  0xFEFC, 0xFEFD, 0xFEDD, 0xFEDD, 0xFEBD, 0xFEBD, 0xFEFD, 0xCCB5, 0x824F, 0x51AD, 0x392B, 0x30EA, 0x28C9, 0x20C8, 0x18A8, 0x18A8,
  0x18A7, 0x1887, 0x1887, 0x1887, 0x1887, 0x18A7, 0x18A7, 0x1887, 0x1887, 0x18A8, 0x20C9, 0x290B, 0x314E, 0x5194, 0xA43C, 0xD5FF,
  0xCDBF, 0xCDDF, 0xCDBF, 0xCDBF, 0xCDBF, 0xCDBF, 0xD5DE, 0xEE1C, 0x9B33, 0x498E, 0x312C, 0x28EB, 0x51F3, 0xB49F, 0xAC7F, 0xAC9E,
  0xAC7E, 0xAC7F, 0xAC5E, 0xA41C, 0x7AD8, 0x7B1A, 0x7AFA, 0x7AFA, 0x831A, 0x9B79, 0x7277, 0x72D7, 0x82F7, 0x6A56, 0x6A97, 0x6A77,
  0x6256, 0x49B2, 0x6256, 0x6A77, 0x51F3, 0x5A34, 0x6277, 0x6256, 0x6257, 0x6296, 0x7B37, 0x6A76, 0x6256, 0x6256, 0x6256, 0x6256,
  0x7333, 0xBD3F, 0xACDF, 0xB4DF, 0xACBF, 0xACBF, 0xACBF, 0xACBF, 0xAC9F, 0xAC9F, 0xACBF, 0xACBF, 0x839B, 0x6257, 0x6277, 0x72F8,
  0x6276, 0x839A, 0xB4DF, 0xB4DF, 0x9C3D, 0x9C1C, 0xBD1F, 0xA47D, 0x6AB7, 0x6AB7, 0xA43D, 0xACBF, 0xA45E, 0x6AB8, 0x8BBC, 0x8B9B,
  0x9C1D, 0xACBF, 0xB4DF, 0xB4FF, 0xB4FF, 0xB4DF, 0xB4DF, 0xB4DF, 0xBCFF, 0xB4FF, 0xB4FF, 0xB4FF, 0xB4FF, 0xB4FF, 0xBD1F, 0xBD1F,
  0xBD1F, 0xBD3F, 0xBD3F, 0xBD3F, 0xBD3F, 0xBD5F, 0xC55F, 0xC57F, 0xC57F, 0xC57F, 0xC57F, 0xC59F, 0xC59F, 0xC59F, 0xC59F, 0xCDBF,
  0xCDDF, 0xD5FF, 0xD5FF, 0xD5FF, 0xD5FF, 0xD5FF, 0xD5DF, 0xD61F, 0xE67F, 0xDE7E, 0xB51B, 0x8BD9, 0x6AD7, 0x6A97, 0x72D9, 0x72D8,
  0x72D8, 0x7B19, 0x93DC, 0xA47E, 0xA43E, 0xA43E, 0xA45E, 0xA43E, 0x9C3D, 0x7B3A, 0x6277, 0x6277, 0x6276, 0x6296, 0x6A97, 0x72D8,
  0x93FC, 0xAC9F, 0xAC9F, 0xB4BF, 0xB4BF, 0xB4FF, 0xB4DF, 0xB4DF, 0xACBE, 0xAC9E, 0xAC9E, 0xAC9F, 0xAC9F, 0xAC9F, 0xB4BF, 0xAC9F,
  0xAC9E, 0xB49E, 0xB4DE, 0xB4DE, 0xBCFE, 0xBCFE, 0xBD1E, 0xC55E, 0xCD9E, 0xCD7E, 0xCD7D, 0xDDFE, 0xDE1E, 0xDE3E, 0xDE1E, 0xDDDE,
  0xDDDE, 0xDDFE, 0xDDDE, 0xDE1E, 0xEE7D, 0xF6FF, 0xE63E, 0xDDDD, 0xF6BF, 0xFEDE, 0xF6DE, 0xFEDE, 0xFEDE, 0xFEDE, 0xFEDE, 0xFEFE,
  0xFEFE, 0xFF1E, 0xFF1E, 0xFF3E, 0xFF3D, 0xFF3D, 0xFF5D, 0xFF5D, 0xFF7D, 0xFF7D, 0xFF7D, 0xFF5D, 0xFF5D, 0xFF3D, 0xFF1D, 0xFF1D,
  0xFF1D, 0xFF1D, 0xFEFD, 0xFEFD, 0xFEDE, 0xFF1D, 0xFE9B, 0xB393, 0x720F, 0x498D, 0x392B, 0x30EA, 0x28E9, 0x20C9, 0x20C8, 0x18A8,
  0x18A7, 0x1887, 0x1887, 0x1887, 0x1887, 0x18A7, 0x18A7, 0x1887, 0x1887, 0x20A8, 0x20A9, 0x20EA, 0x292C, 0x3971, 0x6216, 0xC51E,
  0xD5FF, 0xCDBF, 0xCDDF, 0xCDDF, 0xCDDF, 0xCDDF, 0xD5DF, 0xDD9B, 0x7A71, 0x394D, 0x310C, 0x28EB, 0x4991, 0xA45E, 0xA45E, 0xAC9F,
  0xAC7E, 0x93BC, 0x8B3B, 0x8319, 0x6AB8, 0x831A, 0x7B1A, 0x7B1A, 0x8B5A, 0x9B79, 0x6A77, 0x72B7, 0x6A75, 0x5A14, 0x6A96, 0x6A77,
  0x6255, 0x49B1, 0x6255, 0x6256, 0x51D3, 0x5A35, 0x5A36, 0x5A35, 0x6276, 0x5214, 0x4192, 0x6256, 0x6256, 0x6256, 0x6256, 0x6256,
  0x7333, 0xC55F, 0xB4DF, 0xB4DF, 0xACBF, 0xACBF, 0xACBF, 0xACBF, 0xACBF, 0xACBF, 0xACBF, 0xACBF, 0xACBF, 0x9C3E, 0x93FD, 0x7B3A,
  0x6A97, 0xA47E, 0xAC9F, 0xB4DF, 0x9C5D, 0xA45C, 0xC55F, 0x8BBA, 0x6AB7, 0x93FC, 0xA47F, 0xAC9F, 0x837B, 0x833A, 0x835A, 0x6AB8,
  0x9C1E, 0xB4BF, 0xB4DF, 0xB4FF, 0xB4DF, 0xB4DF, 0xACBF, 0xACBF, 0x9C1D, 0xACBE, 0xBCFF, 0xB4FF, 0xB4FF, 0xB4FF, 0xBD1F, 0xBD1F,
  0xB51F, 0xBD1F, 0xBD3F, 0xBD1F, 0xBD3F, 0xBD3F, 0xBD5F, 0xBD5F, 0xC55F, 0xC57F, 0xC57F, 0xC57F, 0xC57F, 0xC57F, 0xC59F, 0xC59F,
  0xCD9F, 0xCDBF, 0xD5FF, 0xD5FF, 0xD5DF, 0xCDDF, 0xD5DF, 0xD5FF, 0xD5FF, 0xDE3F, 0xE69F, 0xEEDF, 0xCDDC, 0x9C19, 0x72D7, 0x6A78,
  0x72D9, 0x7AF9, 0x8B9B, 0xA45E, 0xA43E, 0xA45E, 0xA45E, 0xA47E, 0x9C1D, 0x6A97, 0x6297, 0x6297, 0x6296, 0x6296, 0x6A97, 0x6AB8,
  0x6A97, 0x93BC, 0xB4BF, 0xB4BF, 0xB4BE, 0xBD1F, 0xBD1F, 0xBCFF, 0xB4DF, 0xB4DF, 0xB4DF, 0xB4DE, 0xB4DF, 0xB4DF, 0xB4BE, 0xB4DF,
  0xBCFF, 0xBCFF, 0xBCFF, 0xBCFE, 0xBD1E, 0xC53E, 0xCD7F, 0xD5BF, 0xD5DF, 0xD5BE, 0xD5BE, 0xDDFF, 0xDE1E, 0xE63F, 0xE63E, 0xE65F,
  0xEE7F, 0xEE7F, 0xEE5E, 0xEE9F, 0xF69F, 0xEE9E, 0xE65E, 0xDDFE, 0xEE5E, 0xEE7E, 0xEE7E, 0xF67E, 0xF69E, 0xF69E, 0xF69E, 0xF69D,
  0xF69E, 0xF6BE, 0xF6BE, 0xF6BD, 0xFEBD, 0xFEFD, 0xFF1D, 0xFF1C, 0xFF3D, 0xFF3C, 0xFF1C, 0xFF1C, 0xFF1D, 0xFF1D, 0xFEFD, 0xFEBD,
  0xFEBD, 0xFEDD, 0xFEBE, 0xF6BE, 0xF69D, 0xFF1E, 0xEDB9, 0x9AD2, 0x69EF, 0x496C, 0x392B, 0x310B, 0x28EA, 0x28EA, 0x20C9, 0x20A8,
  0x18A8, 0x18A7, 0x18A7, 0x1887, 0x1887, 0x18A7, 0x18A8, 0x18A7, 0x18A8, 0x18A8, 0x20C9, 0x20EB, 0x290D, 0x396F, 0x4973, 0x7AD8,
  0xD5BF, 0xCDDF, 0xCDBF, 0xCDDF, 0xCDBF, 0xCDDF, 0xD5FE, 0xDDBC, 0x6A30, 0x310C, 0x28EA, 0x28EB, 0x30EE, 0x8B9B, 0xB49F, 0xA3FD,
  0x8B7B, 0x831A, 0x833B, 0x831B, 0x6A77, 0x7AB9, 0x7AFA, 0x7AF9, 0x9BBA, 0x9379, 0x72B7, 0x72B7, 0x72B7, 0x5A33, 0x6255, 0x6A77,
  0x6255, 0x49B1, 0x6235, 0x5A14, 0x49B2, 0x6235, 0x6A35, 0x8317, 0x6255, 0x49D2, 0x5A35, 0x6256, 0x5A35, 0x6235, 0x6255, 0x6256,
  0x6B13, 0xB4FF, 0xACBF, 0xACBF, 0xACBF, 0xB4BF, 0xB4BF, 0xB4DF, 0xACBF, 0xACBF, 0xACBF, 0xAC9F, 0xAC9F, 0xAC9F, 0xAC9F, 0xACBF,
  0x8BBC, 0xA45E, 0xAC7F, 0xACBF, 0x9C3C, 0x9C5D, 0xAC9E, 0x8359, 0xB4FE, 0xA47E, 0x8BBC, 0xAC7F, 0x8B9B, 0xB4DF, 0x9C1D, 0xA45E,
  0xAC9F, 0xACBF, 0xB4DF, 0xB4DF, 0xB4DF, 0xB4DF, 0xAC9F, 0x833A, 0x6A98, 0xAC7E, 0xBD1F, 0xB4FF, 0xB4FF, 0xB4FF, 0xB51F, 0xB51F,
  0xBD1F, 0xBD1F, 0xBD3F, 0xBD3F, 0xBD3F, 0xBD3F, 0xBD3F, 0xBD5F, 0xC55F, 0xC55F, 0xC57F, 0xC57F, 0xC57F, 0xC57F, 0xC57F, 0xC57F,
  0xC59F, 0xCD9F, 0xCD9F, 0xCDBF, 0xCDDF, 0xCDDF, 0xCDDF, 0xD5FF, 0xD5FF, 0xD5FF, 0xD5FF, 0xDE1F, 0xE67F, 0xE69F, 0xD5FD, 0xA49A,
  0x8B99, 0x72F8, 0x72D9, 0x93BC, 0xA43E, 0xA45D, 0xA45E, 0xA43D, 0x93BB, 0x72D8, 0x6A97, 0x6A97, 0x6276, 0x6276, 0x6AB7, 0x6AB8,
  0x6AB8, 0x93DB, 0xBD1F, 0xBCFF, 0xA43D, 0xAC7D, 0xBD3F, 0xBD1F, 0xBD1F, 0xBD1F, 0xBD1E, 0xBD1F, 0xBCFF, 0xBCFF, 0xBCFF, 0xBD1F,
  0xBD1F, 0xC53F, 0xBD1F, 0xBD1F, 0xBD3E, 0xC53F, 0xCD7F, 0xD5BF, 0xD5DE, 0xDDFF, 0xDDFF, 0xDE1F, 0xDDFE, 0xDE1F, 0xE67F, 0xEE9F,
  0xEE9F, 0xE65E, 0xE65F, 0xE63F, 0xE63F, 0xEE3F, 0xE63F, 0xE61F, 0xEE3F, 0xEE5E, 0xEE5E, 0xEE3E, 0xEE3E, 0xF67F, 0xF69E, 0xF69E,
  0xF69D, 0xFE9E, 0xFE9E, 0xFEBD, 0xFEBD, 0xFEDD, 0xFF1D, 0xFF1D, 0xFF1D, 0xFF1D, 0xFF1D, 0xFF1D, 0xFF1D, 0xFEFD, 0xFEBD, 0xF67D,
  0xF67E, 0xF67D, 0xF67E, 0xF67E, 0xEE7D, 0xFEFD, 0xD4D7, 0x8A71, 0x61CE, 0x496C, 0x392B, 0x310B, 0x290A, 0x28EA, 0x20C9, 0x20C8,
  0x18A8, 0x18A8, 0x18A7, 0x1887, 0x18A8, 0x18A8, 0x18A8, 0x18A7, 0x18A8, 0x18A8, 0x20C9, 0x20CA, 0x28EC, 0x312D, 0x3950, 0x5194,
  0x8319, 0xCD7F, 0xCD9F, 0xCD9F, 0xCDDF, 0xD5FF, 0xCDDF, 0xD5BE, 0x7AB2, 0x30EB, 0x20EA, 0x20EA, 0x20CC, 0x5A14, 0x9C1D, 0x8B5A,
  0x833B, 0x833B, 0x833B, 0x833B, 0x7AD9, 0x939A, 0x8B5A, 0x7AD9, 0xA3FB, 0x8B38, 0x7AD8, 0x7AB8, 0x72B7, 0x72D6, 0x5A14, 0x6A97,
  0x6255, 0x4991, 0x6255, 0x49B2, 0x49F2, 0x6235, 0x7AF7, 0x7AF6, 0x51F3, 0x49B2, 0x6236, 0x6236, 0x6256, 0x6255, 0x6256, 0x6256,
  0x62B3, 0x9C3F, 0x9BDE, 0x93FE, 0x9C1E, 0xA43F, 0xB4BE, 0xCD7F, 0xAC9E, 0xAC9F, 0xAC9F, 0xAC9F, 0xAC7F, 0xAC9F, 0xAC9F, 0xAC9F,
  0x9C1E, 0x93FD, 0xAC9F, 0xACBF, 0x93FC, 0x9C1D, 0x837A, 0xA47E, 0xC55F, 0xA49D, 0x835A, 0x93DD, 0xA45D, 0x8B9A, 0x72D7, 0x9C1C,
  0xB4DF, 0xAC9F, 0xACBF, 0xACBF, 0xB4DF, 0xBD1F, 0x9BFD, 0x72B8, 0x93BC, 0xB4DF, 0xB4FF, 0xB4FF, 0xB4FF, 0xB4FF, 0xB4FF, 0xB4FF,
  0xB51F, 0xBD1F, 0xBD1F, 0xBD1F, 0xBD1F, 0xBD3F, 0xBD3F, 0xBD3F, 0xBD5F, 0xBD5F, 0xBD5F, 0xBD5F, 0xC55F, 0xC55F, 0xC57F, 0xC57F,
  0xC57F, 0xC59F, 0xC59F, 0xC59F, 0xC59F, 0xCDBF, 0xCDDF, 0xD5FF, 0xD5DF, 0xD5FF, 0xD5FF, 0xD5FF, 0xD5FF, 0xD5FF, 0xDE3F, 0xE6BF,
  0xE6BE, 0xC59C, 0x8BB9, 0x8B7B, 0x9C1E, 0xA43E, 0xAC7E, 0x93BB, 0x6AB7, 0x6AB8, 0x6AB7, 0x6297, 0x5A55, 0x5A56, 0x6AB8, 0x6AB8,
  0x8379, 0xC57E, 0xD5FF, 0xAC9D, 0x8B9B, 0x93BB, 0xB4FE, 0xC55F, 0xC57F, 0xC57F, 0xBD5F, 0xBD3F, 0xBD3F, 0xBD1F, 0xBD1F, 0xBD3F,
  0xBD3F, 0xC57F, 0xCD7F, 0xCD7F, 0xCD7F, 0xCD9F, 0xCDBF, 0xDE1E, 0xE67F, 0xE67F, 0xE67F, 0xE67F, 0xE65F, 0xE65F, 0xE63F, 0xE63F,
  0xE65F, 0xE65F, 0xE65F, 0xE65F, 0xE63F, 0xE63F, 0xE65F, 0xEE5F, 0xEE5F, 0xEE5E, 0xEE5E, 0xEE7F, 0xF67E, 0xFEBE, 0xFEDE, 0xFEFE,
  0xFEFE, 0xFEFE, 0xFEFE, 0xFF1E, 0xFF1E, 0xFF1E, 0xFF1D, 0xFF3D, 0xFF3D, 0xFF3D, 0xFF3D, 0xFF3D, 0xFF3E, 0xFF1D, 0xFEFD, 0xFEDD,
  0xFEBE, 0xFEBE, 0xF6BE, 0xF69E, 0xF6BE, 0xFEFD, 0xCC55, 0x8A91, 0x59CE, 0x416D, 0x392C, 0x310B, 0x290A, 0x28E9, 0x20C9, 0x20C9,
  0x20A8, 0x18A8, 0x18A8, 0x18A8, 0x18A8, 0x18A8, 0x18A8, 0x18A8, 0x18A8, 0x18A8, 0x20A9, 0x20C9, 0x20CA, 0x28EC, 0x310E, 0x3951,
  0x4994, 0x8B5A, 0xCD7F, 0xCD9F, 0xCD7F, 0xC53E, 0xACBD, 0xAC7D, 0x9357, 0x390C, 0x28EB, 0x20C9, 0x20EA, 0x310F, 0x7AD9, 0x8B7B,
  0x833B, 0x833B, 0x833A, 0x7AF9, 0xA41B, 0x9B79, 0x7AD9, 0x7AD9, 0x9379, 0x7AB7, 0x72B7, 0x6A77, 0x7297, 0x72D7, 0x5A13, 0x6255,
  0x6276, 0x49B2, 0x6255, 0x49B2, 0x6235, 0x6276, 0x6275, 0x6235, 0x51D3, 0x51D3, 0x5A36, 0x6236, 0x5A35, 0x6255, 0x6276, 0x6276,
  0x62B3, 0x9C1E, 0x93BE, 0x93DE, 0x93BE, 0x93BF, 0x9BDC, 0xB4FE, 0xB4BF, 0xAC9F, 0xAC7F, 0xAC7F, 0xAC9F, 0x93BC, 0x93DD, 0x9C1E,
  0xA45F, 0x93DC, 0xACBF, 0xB4DF, 0x9C3D, 0x7B59, 0x8B9B, 0xB4FF, 0xBD1F, 0xB4FF, 0x7B19, 0x7B1A, 0x7B19, 0x72D8, 0x941C, 0xB51F,
  0xB4BF, 0xACBF, 0xACBF, 0xAC9F, 0xAC9E, 0xB4FF, 0x93DB, 0x9C1C, 0xACBE, 0xB4FF, 0xB4FF, 0xB4FF, 0xB4FF, 0xB4FF, 0xB4FF, 0xB4FF,
  0xB4FF, 0xBD1F, 0xBD1F, 0xBD1F, 0xBD1F, 0xBD1F, 0xBD1F, 0xBD1F, 0xBD3F, 0xBD3F, 0xBD5F, 0xBD5F, 0xBD5F, 0xBD5F, 0xC55F, 0xC57F,
  0xC57F, 0xC57F, 0xC57F, 0xC59F, 0xCD9F, 0xC59F, 0xCDBF, 0xCDBF, 0xCDDF, 0xCDDF, 0xCDDF, 0xD5DF, 0xD5FF, 0xD5FF, 0xD61F, 0xD61F,
  0xDE3F, 0xE67F, 0xDE3F, 0xD5FE, 0xBD3D, 0xACBD, 0xA47E, 0x837B, 0x72D8, 0x72D8, 0x6AB7, 0x6297, 0x5A35, 0x6255, 0x6A97, 0x6AB7,
  0x6AB7, 0x941A, 0xD61F, 0x93DB, 0x8B9B, 0x837B, 0x9C3C, 0xC57F, 0xCD9F, 0xCD9F, 0xC59F, 0xC55F, 0xC55F, 0xBD3F, 0xBD3F, 0xC55F,
  0xC57F, 0xC57F, 0xCD9F, 0xCD9F, 0xCD9F, 0xCD9F, 0xCD9F, 0xD5DE, 0xDE3F, 0xDE1F, 0xDE3F, 0xDE3F, 0xDE3F, 0xDE3F, 0xDE3F, 0xE63F,
  0xE65F, 0xE65F, 0xE65F, 0xE65F, 0xE63F, 0xE63F, 0xE63F, 0xE63F, 0xE65F, 0xE65F, 0xEE5F, 0xEE7F, 0xEE7F, 0xEE7E, 0xF69E, 0xF69E,
  0xF69E, 0xFE9E, 0xFEBE, 0xFEBE, 0xFEBE, 0xFEDE, 0xFEFE, 0xFEFD, 0xFEFD, 0xFEFD, 0xFEFD, 0xFEFD, 0xFEFD, 0xFEDD, 0xFEBD, 0xFE9E,
  0xF67E, 0xF67E, 0xF67E, 0xF65E, 0xEE9E, 0xF6BC, 0xC3F4, 0x8271, 0x61EF, 0x496D, 0x414C, 0x390B, 0x310A, 0x28EA, 0x28C9, 0x20C9,
  0x20C8, 0x20C8, 0x20A8, 0x18A8, 0x18A8, 0x18A8, 0x18A8, 0x18A7, 0x18A7, 0x18A8, 0x18A8, 0x20A9, 0x20CA, 0x28CB, 0x28EC, 0x312E,
  0x3951, 0x4994, 0xA41C, 0xBCBE, 0xAC3D, 0xAC3D, 0xAC1D, 0xAC1D, 0xAC1B, 0x518F, 0x28CA, 0x20C9, 0x20E9, 0x28CC, 0x5A35, 0x8B7B,
  0x831B, 0x831B, 0x833B, 0x831A, 0xABFB, 0x9338, 0x7AF9, 0x7AD8, 0x9318, 0x7297, 0x7AD7, 0x9378, 0x6A76, 0x6A97, 0x6255, 0x51F3,
  0x6275, 0x51B2, 0x6254, 0x49B1, 0x6276, 0x6276, 0x6255, 0x6255, 0x5A35, 0x5A14, 0x5A35, 0x51F4, 0x51F3, 0x6276, 0x6276, 0x6276,
  0x6293, 0x9BDE, 0x939E, 0x93DE, 0x93DD, 0x9BFE, 0x8B9C, 0x833A, 0x93DC, 0xAC7F, 0xA45F, 0xA47F, 0xAC9F, 0x93FD, 0x837C, 0x8B9D,
  0x93BD, 0x9C3D, 0x9C3C, 0xBD1F, 0xA45D, 0x837A, 0x9C1C, 0xB4FF, 0xB4FF, 0xBD5F, 0x837A, 0x7B19, 0x9C3D, 0xACBF, 0xBD1F, 0xBD1F,
  0xB4DF, 0xB4BF, 0xB4BF, 0x9BFD, 0x833A, 0xA47E, 0xA45D, 0x839A, 0xA45C, 0xBD3F, 0xB4FF, 0xB4FF, 0xB4FF, 0xB4FF, 0xB4FF, 0xB4FF,
  0xB4FF, 0xB51F, 0xB51F, 0xB51F, 0xB51F, 0xB51F, 0xB51F, 0xBD1F, 0xBD1F, 0xB51F, 0xB51F, 0xBD3F, 0xBD3F, 0xBD3F, 0xBD3F, 0xBD5F,
  0xBD5F, 0xBD5F, 0xC55F, 0xC57F, 0xC57F, 0xC57F, 0xC59F, 0xC57F, 0xC57F, 0xCDBF, 0xCDDF, 0xCDDF, 0xD5DF, 0xD5DF, 0xD5FF, 0xD5FF,
  0xD61F, 0xD5FF, 0xD5DE, 0xD61F, 0xE67F, 0xE6BF, 0xD61D, 0x9419, 0x72F8, 0x6A98, 0x72D8, 0x72F8, 0x6275, 0x6296, 0x72F8, 0x6AB8,
  0x72B8, 0x7B18, 0xA47C, 0x8B9A, 0x835B, 0x835A, 0x93DB, 0xCD9F, 0xCDBF, 0xCDBF, 0xCDBF, 0xC57F, 0xC55F, 0xC55F, 0xC55F, 0xC55F,
  0xC55F, 0xC57F, 0xCD9F, 0xCDBF, 0xCDBF, 0xCD9F, 0xCDBF, 0xD5FF, 0xDE1F, 0xDE1F, 0xDE3F, 0xDE3F, 0xDE3F, 0xDE3F, 0xDE3F, 0xDE3F,
  0xDE3F, 0xE63F, 0xE63F, 0xE63F, 0xE63F, 0xE61F, 0xE63F, 0xE63F, 0xE63F, 0xE63F, 0xE61E, 0xE61F, 0xE61F, 0xE63F, 0xE63E, 0xEE3E,
  0xEE3E, 0xF65E, 0xF67F, 0xF67E, 0xF67E, 0xF69E, 0xFEBE, 0xFEDE, 0xFEDE, 0xFEDE, 0xFEDE, 0xFEDE, 0xFEBE, 0xF69E, 0xF67E, 0xF65E,
  0xEE5E, 0xEE5E, 0xEE3E, 0xEE3E, 0xEE5E, 0xF67C, 0xBBB3, 0x8271, 0x61EF, 0x496D, 0x392C, 0x390B, 0x310B, 0x30EA, 0x28EA, 0x20C9,
  0x20C9, 0x20C9, 0x20C8, 0x20C8, 0x20A8, 0x18A8, 0x18A8, 0x18A8, 0x18A7, 0x18A7, 0x18A8, 0x20A8, 0x20A9, 0x20CA, 0x28EB, 0x290D,
  0x312E, 0x3931, 0x6217, 0x9B9D, 0x9BBC, 0x939C, 0x939C, 0x939C, 0xAC1C, 0x6A73, 0x28CA, 0x20C9, 0x20C9, 0x20AA, 0x49B2, 0x8B5B,
  0x833B, 0x831A, 0x7B1A, 0x835A, 0xA3DA, 0x9B79, 0x82F8, 0x7AF8, 0x9339, 0x7278, 0x9B79, 0xBC7B, 0x7296, 0x6255, 0x6A76, 0x51D3,
  0x5A34, 0x51D2, 0x5212, 0x49B1, 0x6A77, 0x6A76, 0x6235, 0x6255, 0x5A34, 0x5A35, 0x5A34, 0x41B1, 0x51F4, 0x5A15, 0x6275, 0x7B36,
  0x5A72, 0x93DE, 0x939E, 0x93BE, 0x93BE, 0x9BDE, 0x93DD, 0x7B3A, 0x7B1A, 0x8B9C, 0xA45F, 0xA45F, 0xAC7F, 0xAC9F, 0x9C3E, 0xA43F,
  0xA45E, 0xACDF, 0x941B, 0xB4DF, 0xA47D, 0x941B, 0x9C1C, 0xB4FF, 0xB4FF, 0xB51F, 0x8BBA, 0xACDF, 0xB4DF, 0xACDF, 0xB4DF, 0xB4FF,
  0xBD1F, 0xACBF, 0xAC7F, 0xA45F, 0x72DA, 0x835A, 0xACBE, 0xB51F, 0xBD1F, 0xB4FF, 0xB4FF, 0xB4FF, 0xB51F, 0xB4FF, 0xB4FF, 0xB4FF,
  0xB4FF, 0xB4FF, 0xB4FF, 0xB4FF, 0xB4FF, 0xB4FF, 0xB4FF, 0xB4FF, 0xB51F, 0xB51F, 0xB51F, 0xB51F, 0xBD3F, 0xBD3F, 0xBD3F, 0xBD3F,
  0xBD3F, 0xBD3F, 0xBD3F, 0xC55F, 0xC55F, 0xC57F, 0xC57F, 0xC57F, 0xC57F, 0xC59E, 0xCDBF, 0xCDBF, 0xCDDF, 0xCDDF, 0xD5DF, 0xD5FF,
  0xD5DF, 0xD5DF, 0xD5FF, 0xD5FF, 0xD61F, 0xDE5F, 0xE69F, 0xE69F, 0xCDDD, 0x9C5A, 0x8358, 0x72F8, 0x6276, 0x6AB7, 0x837B, 0x7B19,
  0x72D8, 0x72B8, 0x72D9, 0x7B19, 0x7B19, 0x833A, 0x8B9A, 0xC57E, 0xD5DF, 0xCDDF, 0xCDDF, 0xCD9F, 0xBD5F, 0xBD3F, 0xC55F, 0xC55F,
  0xC57F, 0xC57F, 0xCD9F, 0xCD9F, 0xCD9F, 0xCDBF, 0xCDBF, 0xD5FF, 0xDE3F, 0xDE1F, 0xDE3F, 0xDE3F, 0xDE5F, 0xDE3F, 0xDE3F, 0xDE3F,
  0xE65F, 0xE65F, 0xE65F, 0xE65F, 0xE63F, 0xE63F, 0xE63F, 0xE63F, 0xE63F, 0xE65F, 0xE65F, 0xE65F, 0xEE5F, 0xEE5E, 0xEE5F, 0xEE5F,
  0xEE7F, 0xF69E, 0xF6BE, 0xFEBE, 0xFEDE, 0xFEFE, 0xFEFE, 0xFEFE, 0xFF1E, 0xFF1E, 0xFF1E, 0xFEFE, 0xFEDE, 0xFEBE, 0xF69E, 0xF69E,
  0xF67E, 0xF67E, 0xEE5F, 0xEE3F, 0xE63E, 0xF65C, 0xBBB3, 0x7A50, 0x59AE, 0x494C, 0x59CE, 0x51AE, 0x416D, 0x392B, 0x28EA, 0x20C9,
  0x20E9, 0x20C9, 0x20C9, 0x20A8, 0x18A8, 0x18A8, 0x18A8, 0x18A8, 0x18A7, 0x18A7, 0x18A8, 0x18A8, 0x20A9, 0x20C9, 0x20CA, 0x28EB,
  0x290D, 0x392F, 0x4993, 0x8B3C, 0x9BBD, 0x8B9C, 0x8B7C, 0x8B7C, 0x9BDC, 0x7AD4, 0x28CA, 0x20C9, 0x20C9, 0x18A9, 0x396F, 0x835B,
  0x8B3B, 0x831A, 0xA3DB, 0xA3FB, 0x9B9A, 0xABFA, 0x8318, 0x82F8, 0x8AF8, 0x7277, 0x82B8, 0x8B18, 0x82F8, 0x6234, 0x6276, 0x51F3,
  0x51F3, 0x51D2, 0x51D1, 0x51F3, 0x6A96, 0x6235, 0x5A34, 0x5213, 0x5A14, 0x5A14, 0x49B2, 0x49B1, 0x72B5, 0x9BF8, 0xCD5C, 0xDDDE,
  0x5A72, 0x93DE, 0x939E, 0x93BE, 0x93BE, 0x93BE, 0x93FE, 0x835B, 0x72F9, 0x6A98, 0x8B9D, 0xA43F, 0xA43E, 0xA45E, 0x93FD, 0xA43E,
  0xACBF, 0xB4FF, 0xAC9D, 0x941C, 0xA49D, 0x9C3C, 0x9BFC, 0xB4DF, 0xB4FF, 0x9C3D, 0x941B, 0xBD5F, 0xB4DF, 0xACDF, 0xACDF, 0xB4DF,
  0xBD5F, 0x9C1C, 0x8BBB, 0xACBF, 0x8B9C, 0x8B9C, 0xA45E, 0xB51F, 0xB4FF, 0xB4FF, 0xB4DF, 0xB4FF, 0xB51F, 0xBD1F, 0xBD1F, 0xB4FF,
  0xB4FF, 0xB51F, 0xB51F, 0xB4FF, 0xB4FF, 0xB4FF, 0xB4FF, 0xB4FF, 0xB4FF, 0xB4FF, 0xB51F, 0xB4FF, 0xBD1F, 0xBD3F, 0xBD1F, 0xBD3F,
  0xBD3F, 0xBD3F, 0xBD5F, 0xBD5F, 0xBD5F, 0xBD5F, 0xC55F, 0xC57F, 0xC57F, 0xC57F, 0xC57F, 0xC59F, 0xC59F, 0xCDBF, 0xCDDF, 0xCDDF,
  0xCDDF, 0xCDDF, 0xD5DF, 0xD5FF, 0xD61F, 0xDE1F, 0xD61F, 0xD61F, 0xDE3F, 0xE67F, 0xDE7E, 0xCDDC, 0x8BD7, 0x72F7, 0x7B19, 0x72F9,
  0x7B19, 0x7AF9, 0x72D9, 0x72F9, 0x72F9, 0x7B3A, 0x833A, 0x9C1B, 0xC55F, 0xBD3E, 0xBD3F, 0xBD3F, 0xBD3F, 0xBD1F, 0xB4BE, 0xBD1F,
  0xBD1E, 0xC55F, 0xC57F, 0xCD7F, 0xBD1E, 0xCDBF, 0xDE3F, 0xDE3F, 0xDE3F, 0xDE1F, 0xDE1F, 0xDE3F, 0xDE3F, 0xDE3F, 0xDE5F, 0xE65F,
  0xE67F, 0xE65F, 0xE65F, 0xE67F, 0xE67F, 0xE65F, 0xE65F, 0xE65F, 0xE65F, 0xE65F, 0xE65F, 0xE65F, 0xE65F, 0xEE5F, 0xEE5F, 0xEE5F,
  0xEE5F, 0xEE7F, 0xEE7F, 0xEE9E, 0xF6BE, 0xFEDE, 0xFEFE, 0xFEFE, 0xFEFE, 0xFF1E, 0xFEFE, 0xFEDE, 0xFEBE, 0xF67E, 0xEE5E, 0xEE5E,
  0xEE5F, 0xE63E, 0xDDDE, 0xDDBE, 0xE5FE, 0xF65D, 0xC414, 0x7A2F, 0x598D, 0x8AF1, 0x82B1, 0x61EF, 0x518D, 0x394C, 0x312B, 0x28EA,
  0x20C9, 0x20C9, 0x20C9, 0x20A8, 0x18A8, 0x18A8, 0x18A8, 0x18A8, 0x18A7, 0x1887, 0x1887, 0x18A8, 0x18A8, 0x20A9, 0x20C9, 0x20EB,
  0x290C, 0x312E, 0x4171, 0x7299, 0x9BBD, 0x8B9C, 0x937C, 0x8B7C, 0x939C, 0x7AD4, 0x28CA, 0x20C9, 0x20C9, 0x18A8, 0x394F, 0x833A,
  0x835B, 0x8B5B, 0xB47C, 0x8B18, 0x82D8, 0x9379, 0x9379, 0x8318, 0x8318, 0x7A98, 0x7298, 0x7AB8, 0x82D8, 0x6A75, 0x5A35, 0x5A34,
  0x49B1, 0x51D2, 0x51D2, 0x5A34, 0x6275, 0x5A14, 0x51F4, 0x49D2, 0x5A54, 0x72B5, 0x93D8, 0xBCDB, 0xD57E, 0xE5DF, 0xDDBF, 0xDD9E,
  0x5A73, 0x9BFF, 0x939E, 0x93BE, 0x93BE, 0x93BE, 0x93BE, 0x837C, 0x6A98, 0x6258, 0x833B, 0xA43F, 0x93BC, 0x7B1A, 0x7B1A, 0x835B,
  0xAC7E, 0xB4DF, 0xBCFF, 0x8B9A, 0x8BDB, 0x9C3D, 0x9BFC, 0xB4FF, 0xB4DF, 0x837B, 0xACDF, 0xBD1F, 0xB4FF, 0xB4FF, 0xB4FF, 0x9C3D,
  0xB4FF, 0xA45D, 0x93FB, 0xA47E, 0xA45E, 0xA47F, 0xACBF, 0xB4DF, 0xB4FF, 0xB4FF, 0xB4DF, 0xB4FF, 0xBD3F, 0xB4FF, 0xACDE, 0xB51F,
  0xB4FF, 0xB51F, 0xBD1F, 0xBD1F, 0xB51F, 0xBD1F, 0xB4FF, 0xB4FF, 0xB4FF, 0xB4FF, 0xB4FF, 0xB51F, 0xBD1F, 0xBD1F, 0xBD3F, 0xBD3F,
  0xBD3F, 0xBD3F, 0xBD3F, 0xBD3F, 0xBD3F, 0xBD3F, 0xBD5F, 0xC55F, 0xC57F, 0xC57F, 0xC57F, 0xC57F, 0xC59F, 0xC59F, 0xCD9F, 0xCDBF,
  0xCDDF, 0xCDDF, 0xCDDF, 0xD5DF, 0xD5FF, 0xD5FF, 0xD61F, 0xD61F, 0xD5FF, 0xD5FF, 0xDE3F, 0xE69F, 0xE69F, 0xD61E, 0xBD3C, 0x93F9,
  0x7B18, 0x6A98, 0x6A98, 0x72D9, 0x7AF9, 0x7B39, 0x833A, 0x9BFC, 0xBD1F, 0xBD1E, 0xBD1F, 0xBD1F, 0xBD5F, 0xAC9D, 0x939B, 0xB4BF,
  0xB4DE, 0xBCFE, 0xBD3F, 0xB4DE, 0xB4BD, 0xBD3E, 0xD61F, 0xDE3F, 0xDE3F, 0xD5FF, 0xB4DD, 0xCD9F, 0xDE1F, 0xDE1F, 0xDE3F, 0xDE3F,
  0xDE1F, 0xDE1F, 0xDE3F, 0xDE3F, 0xDE3F, 0xDE1F, 0xDE3F, 0xDE3F, 0xDE1F, 0xDE1F, 0xDE1F, 0xDE1F, 0xDE1F, 0xDDFF, 0xDDFE, 0xDDFE,
  0xDDFE, 0xE61F, 0xE61F, 0xE61F, 0xE5FE, 0xEE1E, 0xF67E, 0xFEBE, 0xFEBD, 0xFEDE, 0xFEDD, 0xFEBE, 0xF67E, 0xEE3E, 0xE61E, 0xE63E,
  0xEE5F, 0xE5FF, 0xCD5D, 0xD55D, 0xD57E, 0xEDFD, 0xCC55, 0x720E, 0xA3D4, 0xAB73, 0x71CE, 0x59AE, 0x496D, 0x394C, 0x310B, 0x28EA,
  0x28C9, 0x20A9, 0x20C9, 0x18A8, 0x20A8, 0x18A8, 0x1887, 0x18A8, 0x1887, 0x1887, 0x1887, 0x18A7, 0x18A8, 0x18A9, 0x20C9, 0x20CA,
  0x28EB, 0x310D, 0x3951, 0x59F6, 0x937C, 0x939C, 0x937B, 0x8B5C, 0x939C, 0x72B3, 0x28C9, 0x20C9, 0x20C8, 0x18A8, 0x4170, 0x831B,
  0x8B5B, 0x8B7A, 0xAC1B, 0x9359, 0x82D8, 0x82F9, 0x8B59, 0x8318, 0x7AF8, 0x7A97, 0x7297, 0x72B7, 0x7AB8, 0x6A96, 0x5A14, 0x6256,
  0x49B0, 0x49D1, 0x51F2, 0x6255, 0x51F4, 0x51F3, 0x72D5, 0x9C18, 0xCD5C, 0xDDBE, 0xE5DF, 0xDD9F, 0xD57E, 0xD55E, 0xD55F, 0xD57E,
  0x5A92, 0x9BFF, 0x93BE, 0x93BE, 0x93DE, 0x93BE, 0x93BE, 0x8B7E, 0x833D, 0x6ABA, 0x7B1A, 0xA43E, 0xA43E, 0x833A, 0x72F9, 0x72F9,
  0x7AF9, 0x8B9B, 0xA45E, 0x8BBC, 0x7B39, 0x9C1D, 0x93DB, 0xBD1F, 0xA45E, 0x837A, 0x9C3D, 0x8B9B, 0xACBE, 0xB4FF, 0xBCFF, 0x9C1D,
  0xAC9F, 0xAC9F, 0x93FC, 0x93FB, 0x7B19, 0x9C1D, 0xB4DF, 0xB4DF, 0xB4FF, 0xB4FF, 0xB4FF, 0xB4FF, 0xA47D, 0x7B39, 0x7318, 0xACBE,
  0xBD1F, 0xB4FF, 0xBD1F, 0xB51F, 0xB51F, 0xBD1F, 0xBD1F, 0xBD1F, 0xB51F, 0xB51F, 0xB51F, 0xB51F, 0xB51F, 0xBD1F, 0xBD1F, 0xBD1F,
  0xBD3F, 0xBD3F, 0xBD3F, 0xBD3F, 0xBD3F, 0xBD3F, 0xBD3F, 0xBD5F, 0xC55F, 0xC55F, 0xC55F, 0xC57F, 0xC57F, 0xC59F, 0xC59F, 0xC59F,
  0xCD9F, 0xCDBF, 0xCDDF, 0xCDBF, 0xCDBF, 0xCDDF, 0xD5DF, 0xD5DF, 0xD5FF, 0xD5FF, 0xD5FF, 0xD5FF, 0xD5FF, 0xDE1F, 0xE67F, 0xE67F,
  0xD5FD, 0xB4FB, 0x8BB8, 0x7B18, 0x72D8, 0x7B19, 0x833A, 0x8339, 0x9C1C, 0xBD1F, 0xBD1F, 0xBD1F, 0xBD3F, 0xA47E, 0x8B7B, 0x9C1D,
  0xBCFF, 0xBD1F, 0xBD1F, 0xBCFF, 0xBD1F, 0xBD3E, 0xCDBE, 0xD61F, 0xD5FF, 0xC55E, 0x9BFC, 0xB4BD, 0xDE1F, 0xDE1F, 0xDE3F, 0xDE3F,
  0xDE1F, 0xDE1F, 0xDE1F, 0xDE1F, 0xDE3F, 0xDE3F, 0xDE3F, 0xDE1F, 0xDE1F, 0xDE1F, 0xDE1F, 0xDE1F, 0xDE1F, 0xDE1F, 0xDE1F, 0xE61F,
  0xE63F, 0xE63F, 0xE63F, 0xEE3F, 0xEE1F, 0xEE3E, 0xF65E, 0xFEBE, 0xFEBD, 0xFEBE, 0xFEBE, 0xFE9E, 0xEE5E, 0xEE1E, 0xEE3F, 0xE5FE,
  0xEE1F, 0xD57E, 0xC4DD, 0xBCBD, 0xB47C, 0xDD7C, 0xB3D3, 0x9311, 0xDD18, 0x928F, 0x69EF, 0x51AE, 0x416C, 0x392B, 0x310B, 0x28EA,
  0x28C9, 0x20A9, 0x20A8, 0x18A8, 0x18A8, 0x18A8, 0x18A7, 0x18A7, 0x1887, 0x1887, 0x1887, 0x18A7, 0x18A8, 0x18A8, 0x20A9, 0x20C9,
  0x20EA, 0x290C, 0x394F, 0x4993, 0x7ADA, 0x937C, 0x8B9B, 0x8B5B, 0x9BBB, 0x5A10, 0x20C9, 0x20C9, 0x20C9, 0x20CA, 0x51D3, 0x82FB,
  0x8B3A, 0xA3FB, 0x9BBA, 0x9B99, 0x82D8, 0x82F9, 0x82F8, 0x82F8, 0x8317, 0xA3B9, 0x7AB7, 0x7AB7, 0x7297, 0x72B7, 0x51D2, 0x6256,
  0x4991, 0x394E, 0x5210, 0x8356, 0xAC39, 0xC4FB, 0xE5FE, 0xEE3F, 0xE5DF, 0xDD7F, 0xD55E, 0xD55E, 0xD57E, 0xD55E, 0xCD3F, 0xCD3E,
  0x6292, 0x9BFE, 0x93BE, 0x93DE, 0x9BFE, 0x837C, 0x7AFB, 0x833C, 0x8B5D, 0x8B9D, 0x72FA, 0x93DD, 0x9C1E, 0xA41E, 0x7B3A, 0x72F9,
  0x6AB9, 0x6A99, 0x7B1B, 0x833B, 0x6AD8, 0x837A, 0x837B, 0x9C3F, 0x839B, 0x7B19, 0x833B, 0x837B, 0xA47E, 0xB51F, 0xB4FF, 0xA45E,
  0xB4DF, 0x9C1D, 0x9C1C, 0xB4FE, 0xACDE, 0xB4FF, 0xB4DF, 0xB4DF, 0xB4DF, 0xB4FF, 0xB4FF, 0xBD1F, 0x835A, 0x5A36, 0x7B19, 0xB4DF,
  0xB51F, 0xB51F, 0xBD1F, 0xBD1F, 0xBD1F, 0xBD1F, 0xBD1F, 0xB51F, 0xB51F, 0xB51F, 0xB51F, 0xBD1F, 0xBD1F, 0xB51F, 0xBD1F, 0xBD1F,
  0xBD3F, 0xBD3F, 0xBD3F, 0xBD3F, 0xBD3F, 0xBD3F, 0xBD5F, 0xBD5F, 0xBD5F, 0xC55F, 0xC55F, 0xC55F, 0xC55F, 0xC57F, 0xC57F, 0xC57F,
  0xC57F, 0xC59F, 0xCD9F, 0xCDBF, 0xCDBF, 0xCD9F, 0xCDBF, 0xCDBF, 0xCDDF, 0xD5DF, 0xD5DF, 0xD5FF, 0xD5FF, 0xD5FF, 0xD5FF, 0xDE1F,
  0xDE5F, 0xE6BF, 0xE6BF, 0xD63D, 0xBD5B, 0x9C59, 0x7B58, 0x72D8, 0x7B3A, 0xB4DF, 0xBD1E, 0xBD3F, 0xAC9E, 0x8B9B, 0x8B9C, 0x939C,
  0xB4BE, 0xC55F, 0xC55F, 0xC55F, 0xC55E, 0xC55F, 0xC55F, 0xC55E, 0xC55E, 0xBD3E, 0xB4DE, 0xB4BD, 0xC57E, 0xDE1F, 0xDE3F, 0xDE3F,
  0xDE1F, 0xDE3F, 0xDE1F, 0xDE1F, 0xDE3F, 0xDE3F, 0xDE3F, 0xDE1F, 0xDE1F, 0xDE1F, 0xDDFF, 0xDDFF, 0xDE1F, 0xDE1F, 0xDE1F, 0xDE1F,
  0xDE1F, 0xDE1F, 0xE61F, 0xD59E, 0xE5FF, 0xEE1F, 0xEE5E, 0xF69E, 0xF69D, 0xF69E, 0xFEBE, 0xF69E, 0xEE3E, 0xE5FE, 0xD55D, 0xCD3D,
  0xC4FD, 0xB4BD, 0xB49D, 0xB49D, 0xB47C, 0xE59C, 0xA331, 0xBC95, 0xDCF7, 0x8A70, 0x69EF, 0x518D, 0x414C, 0x392B, 0x310A, 0x28EA,
  0x28C9, 0x20C9, 0x20A8, 0x18A8, 0x18A8, 0x18A8, 0x18A7, 0x1887, 0x1887, 0x1887, 0x1887, 0x18A7, 0x18A7, 0x18A8, 0x18A8, 0x20A9,
  0x20CA, 0x28EC, 0x314E, 0x4172, 0x7299, 0x937C, 0x8B9C, 0x93BC, 0x9377, 0x390B, 0x20E9, 0x20E9, 0x20CA, 0x310D, 0x6A56, 0x8B1A,
  0x9B9A, 0x9B7A, 0x8B59, 0x8B59, 0x82F8, 0x7AF8, 0x7AF8, 0x7AF8, 0x9379, 0xA3DA, 0x9BB9, 0x7AB7, 0x7277, 0x6A76, 0x4991, 0x6253,
  0x8355, 0x9C37, 0xCD9B, 0xE61E, 0xEDFF, 0xE5BE, 0xDD9E, 0xD57E, 0xD57E, 0xD59E, 0xD57F, 0xCD3E, 0xCD5F, 0xCD3F, 0xCD3F, 0xC51F,
  0x5A72, 0x93BE, 0x8B9E, 0x93DE, 0x93DF, 0x93BE, 0x6ABA, 0x6279, 0x72D9, 0x839C, 0x837C, 0x831B, 0x939D, 0x833B, 0x7AF9, 0x7B1A,
  0x72DA, 0x6278, 0x72DA, 0x835B, 0x72F8, 0x7318, 0x837B, 0x93DD, 0x6AD8, 0x7B3A, 0x839C, 0x835C, 0x9C1D, 0xB4BF, 0xB4BF, 0xA45D,
  0xACBE, 0x93DB, 0xB4DF, 0xBD3F, 0xBD3F, 0xBD1F, 0xB4FF, 0xB4DF, 0xB4DF, 0xB4DF, 0xB4FF, 0xACBE, 0x93DC, 0x8BBB, 0xA49E, 0xB51F,
  0xB51F, 0xBD1F, 0xB51F, 0xBD1F, 0xBD1F, 0xB51F, 0xBD1F, 0xB4FF, 0xB51F, 0xB51F, 0xB4FF, 0xB51F, 0xBD1F, 0xBD1F, 0xBD1F, 0xBD3F,
  0xBD3F, 0xBD3F, 0xBD3F, 0xBD3F, 0xBD3F, 0xBD3F, 0xBD5F, 0xBD5F, 0xBD3F, 0xBD5F, 0xBD3F, 0xBD3F, 0xBD3F, 0xC55F, 0xC55F, 0xC55F,
  0xC57F, 0xC55F, 0xC55F, 0xC57F, 0xC57F, 0xCD9F, 0xCD9F, 0xCD9F, 0xCDBF, 0xCDBF, 0xCDDF, 0xCDDF, 0xD5DF, 0xD5FF, 0xD5FF, 0xDE1F,
  0xDE1F, 0xDE1F, 0xDE1F, 0xE65F, 0xEEBF, 0xEEBF, 0xD61E, 0xC55C, 0xACBA, 0xBD1D, 0xB51E, 0x9C1B, 0x8B9B, 0x8B9B, 0x93BC, 0x93BD,
  0x9BFC, 0xBD3F, 0xC57F, 0xC57E, 0xC55E, 0xC55F, 0xC53F, 0xC53F, 0xC55E, 0xC57E, 0xC59F, 0xC59F, 0xCD7F, 0xCD9F, 0xCDBF, 0xD5FF,
  0xDE1F, 0xDE1F, 0xDE1F, 0xDE3F, 0xDE3F, 0xDE3F, 0xDE3F, 0xDE3F, 0xDE3F, 0xDE1F, 0xDE1F, 0xDE1F, 0xDE1F, 0xDE1F, 0xDE1F, 0xDDFF,
  0xDDFF, 0xDDFF, 0xD5BF, 0xB47C, 0xC53E, 0xDDBF, 0xDDBE, 0xEE3E, 0xF69D, 0xFE9E, 0xF67E, 0xF67E, 0xD57D, 0xBCBD, 0xB4BD, 0xBCDD,
  0xB4BD, 0xB49D, 0xB49D, 0xB49D, 0xB47C, 0xDD9B, 0xA331, 0xDD98, 0xCC55, 0x8A50, 0x69EE, 0x518D, 0x414C, 0x390B, 0x310A, 0x28EA,
  0x28C9, 0x20C9, 0x20A8, 0x18A8, 0x18A8, 0x18A8, 0x18A7, 0x18A7, 0x1887, 0x18A7, 0x1887, 0x1887, 0x1887, 0x18A7, 0x18A8, 0x18A8,
  0x20CA, 0x28EC, 0x312D, 0x4151, 0x7298, 0x939C, 0x8B7B, 0xAC3C, 0x7292, 0x28CA, 0x28EA, 0x28C9, 0x28EB, 0x4171, 0x7AD9, 0x8B3A,
  0x8B39, 0x7AB8, 0x82F8, 0x8B39, 0x8B39, 0x8318, 0x8318, 0x82F8, 0x8B38, 0x8B38, 0x9BD9, 0x7AD6, 0x7AF7, 0x9BF8, 0xB4B9, 0xD5BC,
  0xF69E, 0xF69F, 0xEDFE, 0xDD7D, 0xDD7E, 0xD57E, 0xD55E, 0xD55E, 0xD57E, 0xD57F, 0xCD5F, 0xCD3F, 0xCD3F, 0xC51F, 0xC4FE, 0xC4FF,
  0x6AF3, 0xAC9E, 0xA43E, 0x9C3E, 0x93BD, 0x8B9D, 0x7B3C, 0x6278, 0x6AB9, 0x6AD9, 0x837C, 0x72BA, 0x831B, 0x72BA, 0x6A98, 0x6A77,
  0x72FA, 0x6AB9, 0x6A98, 0x835B, 0x7B39, 0x6275, 0x835B, 0x7B1A, 0x6277, 0x837C, 0x837C, 0x93BC, 0xB4BF, 0xA41D, 0xB49F, 0xA45E,
  0x8BBB, 0xAC9E, 0xBD3F, 0xB4FF, 0xB4FF, 0xBD1F, 0xBD1F, 0xB4FF, 0xA43D, 0xACBF, 0xB4DF, 0x9C3C, 0xB51F, 0xB51F, 0xB4FF, 0xB4FF,
  0xBD1F, 0xBD1F, 0xB51F, 0xBD1F, 0xBD1F, 0xB51F, 0xB51F, 0xB51F, 0xB51F, 0xB51F, 0xB51F, 0xB51F, 0xB4FF, 0xBD1F, 0xBD1F, 0xBD1F,
  0xBD3F, 0xBD3F, 0xBD3F, 0xBD3F, 0xBD3F, 0xBD5F, 0xBD3F, 0xBD3F, 0xBD3F, 0xBD3F, 0xBD3F, 0xBD3F, 0xBD3F, 0xBD3F, 0xBD3F, 0xC55F,
  0xC55F, 0xC55F, 0xC55F, 0xC55F, 0xC55F, 0xC57F, 0xC57F, 0xC59F, 0xCD9F, 0xCD9F, 0xCD9F, 0xCDBF, 0xCDBF, 0xCDDF, 0xD5DF, 0xD5FF,
  0xD5FF, 0xD61F, 0xD61F, 0xDE1F, 0xDE1F, 0xDE1F, 0xE65F, 0xEEBF, 0xF6FF, 0xEE9F, 0xDE3E, 0xBD3C, 0xAC9C, 0x9C1B, 0x8B9A, 0x8B9B,
  0x93BB, 0xA43C, 0xB4FE, 0xC59F, 0xC55F, 0xC55F, 0xC55E, 0xC53F, 0xC55F, 0xC55F, 0xC57E, 0xC57E, 0xC55F, 0xC55F, 0xC55E, 0xC55E,
  0xCD7E, 0xD5BF, 0xD5FF, 0xD5FF, 0xD5FF, 0xD5FF, 0xDE1F, 0xDE3F, 0xDE3F, 0xDE1F, 0xDE1F, 0xDE1F, 0xDE1F, 0xDE1F, 0xDE1F, 0xDE1F,
  0xD5FF, 0xDDFF, 0xCD5E, 0xAC5D, 0xB47D, 0xCD7E, 0xDDBF, 0xE5DE, 0xE5FE, 0xDD9D, 0xC51D, 0xC4FD, 0xB49D, 0xB47E, 0xB49D, 0xB4BD,
  0xB49D, 0xB49D, 0xB47D, 0xB47D, 0xB49C, 0xDD9B, 0xA331, 0xE599, 0xC3F4, 0x822F, 0x61EE, 0x498D, 0x414C, 0x312B, 0x310A, 0x28EA,
  0x20C9, 0x20C9, 0x20A8, 0x18A8, 0x18A8, 0x18A8, 0x1887, 0x1887, 0x1887, 0x18A7, 0x1887, 0x1887, 0x1887, 0x18A7, 0x18A8, 0x18A8,
  0x20C9, 0x20EA, 0x312C, 0x4151, 0x7299, 0x937C, 0x9BDB, 0x8B35, 0x310B, 0x20CA, 0x20E9, 0x28EA, 0x310D, 0x6235, 0x8B7B, 0x833A,
  0x7297, 0x6276, 0x6A55, 0x9B59, 0x8B19, 0x8319, 0x7AF7, 0x82F7, 0x9BB8, 0xAC9A, 0xCD7C, 0xDDBC, 0xEE7E, 0xFE9E, 0xFE5F, 0xF63E,
  0xEDFD, 0xE5BE, 0xDD7E, 0xDD7E, 0xD55E, 0xD53E, 0xD53E, 0xD55E, 0xCD5E, 0xCD3E, 0xC51E, 0xC51F, 0xC51F, 0xC51E, 0xC4FF, 0xBCFF,
  0x7353, 0xCD9F, 0xBD5F, 0xC55F, 0xB4DF, 0xA47E, 0xA45E, 0x8BBB, 0x7B59, 0x72F8, 0x6AB8, 0x6AB9, 0x72BA, 0x7ADB, 0x72BA, 0x6256,
  0x6277, 0x72DA, 0x6277, 0x6AD8, 0x7B5A, 0x49D3, 0x7B3A, 0x6257, 0x6A98, 0x7B3B, 0x8B7B, 0xB49E, 0x9BDC, 0x7299, 0x831A, 0x93DC,
  0x837A, 0xBD3F, 0xB51F, 0xB4FF, 0x9C1C, 0xACBE, 0xBD3F, 0xBD1F, 0x7B19, 0x9C3D, 0x9C3D, 0xB4FF, 0xBD3F, 0xB4DF, 0xB4FF, 0xB4FF,
  0xB51F, 0xBD1F, 0xBD1F, 0xBD1F, 0xBD1F, 0xBD1F, 0xB51F, 0xB51F, 0xBD1F, 0xBD1F, 0xBD1F, 0xB51F, 0xB51F, 0xBD1F, 0xB51F, 0xB51F,
  0xBD1F, 0xBD1F, 0xBD3F, 0xBD3F, 0xBD3F, 0xBD3F, 0xC55F, 0xC55F, 0xC53F, 0xBD3F, 0xBD3F, 0xBD3F, 0xBD3F, 0xBD3F, 0xBD3F, 0xBD3F,
  0xC55F, 0xC55F, 0xC55F, 0xC55F, 0xC57F, 0xC57F, 0xC57F, 0xC57F, 0xC59F, 0xCD9F, 0xCD9F, 0xCD9F, 0xCD9F, 0xCDBF, 0xCDBF, 0xCDDF,
  0xD5DF, 0xD5FF, 0xD5FF, 0xD5FF, 0xD61F, 0xDE1F, 0xDE3F, 0xDE3F, 0xDE3F, 0xDE3F, 0xE65F, 0xE67F, 0xEE9F, 0xE67E, 0xD5DD, 0xC55C,
  0xB4FC, 0xAC9C, 0xA47B, 0xBD5E, 0xBD5F, 0xB4FE, 0xBD1E, 0xC55F, 0xC55E, 0xC57F, 0xC57E, 0xC57E, 0xCD7F, 0xC55E, 0xC55E, 0xC57F,
  0xC55F, 0xC57E, 0xCDBF, 0xD5DF, 0xD5DF, 0xD5DF, 0xD5DF, 0xD5FF, 0xDE1F, 0xD5FE, 0xD5DE, 0xD5DF, 0xD5DF, 0xD5DF, 0xDDFF, 0xDDFF,
  0xDDFF, 0xDDFF, 0xCD3E, 0xBCBD, 0xBCBD, 0xBCDD, 0xC51E, 0xBCDD, 0xB47D, 0xB47D, 0xB49D, 0xB49D, 0xB49D, 0xB49E, 0xB49D, 0xB49D,
  0xB49D, 0xB49D, 0xAC7D, 0xAC5D, 0xB49C, 0xD55B, 0x9AF1, 0xCCD7, 0xC414, 0x7A2F, 0x61CE, 0x496D, 0x412C, 0x310B, 0x28EA, 0x28C9,
  0x20C9, 0x20C8, 0x20A8, 0x18A8, 0x18A7, 0x1887, 0x1887, 0x1887, 0x18A7, 0x18A7, 0x1887, 0x1887, 0x1887, 0x1887, 0x18A7, 0x18A8,
  0x20A9, 0x20CA, 0x290D, 0x4151, 0x82FA, 0xA3FC, 0x6252, 0x28C9, 0x20C9, 0x20C9, 0x20C9, 0x30EC, 0x4171, 0x7B1A, 0x8B7B, 0x8339,
  0x6A96, 0x6235, 0x6A33, 0xA3B8, 0xA3B8, 0xA45A, 0xBD3B, 0xDE1C, 0xF69E, 0xFEDE, 0xFE9E, 0xFE9E, 0xF63E, 0xEDFD, 0xEDDD, 0xEDDE,
  0xE5BE, 0xE5BE, 0xDD9F, 0xD55E, 0xCD3E, 0xCD3E, 0xCD3E, 0xCD1E, 0xCD3F, 0xC51F, 0xBCDE, 0xC4FF, 0xBCFF, 0xC4FF, 0xBCFF, 0xBCDE,
  0x7353, 0xC57F, 0xB4FF, 0xB4FF, 0xB4FF, 0xBCFF, 0xBD1F, 0xC55F, 0xBD5F, 0xB4FE, 0x9C3C, 0x93FB, 0x8BBA, 0x835A, 0x6A79, 0x5A36,
  0x5214, 0x72D9, 0x72F9, 0x6297, 0x72F8, 0x49D3, 0x72F9, 0x6236, 0x7B1A, 0x7AFA, 0x72B8, 0x7AF9, 0x6A99, 0x6278, 0x7B1A, 0x7AF9,
  0xA43D, 0xBD3F, 0xB4FE, 0xBD1F, 0xAC7E, 0xB4DF, 0xB51F, 0xBD3F, 0x8BDB, 0x9C3C, 0xB4FF, 0xB51F, 0xA47D, 0xACBF, 0xB4FF, 0xB4FF,
  0xB51F, 0xB51F, 0xBD1F, 0xBD1F, 0xBD1F, 0xBD1F, 0xBD1F, 0xBD1F, 0xBD1F, 0xBD1F, 0xBD1F, 0xBD1F, 0xBD1F, 0xB51F, 0xB51F, 0xB51F,
  0xBD3F, 0xBD3F, 0xBD3F, 0xBD3F, 0xBD3F, 0xBD3F, 0xBD3F, 0xC55F, 0xC55F, 0xC55F, 0xC55F, 0xC55F, 0xBD5F, 0xC55F, 0xC55F, 0xBD5F,
  0xBD5F, 0xBD5F, 0xBD5F, 0xC55F, 0xC55F, 0xC57F, 0xC57F, 0xC59F, 0xC59F, 0xCD9F, 0xCD9F, 0xCDBF, 0xCDBF, 0xCD9F, 0xCD9F, 0xCDBF,
  0xCDBF, 0xCDDF, 0xCDDF, 0xCDDF, 0xD5FF, 0xD5FF, 0xD61F, 0xDE1F, 0xDE1F, 0xDE1F, 0xDE1F, 0xDE1F, 0xDE3F, 0xE67F, 0xEEBF, 0xEEBF,
  0xEEDF, 0xEEBF, 0xDE5E, 0xDE3E, 0xDE1E, 0xD5DE, 0xCD9E, 0xC57E, 0xC55E, 0xC57E, 0xC57E, 0xCD7E, 0xC57E, 0xCD7E, 0xC57E, 0xC57E,
  0xCD9E, 0xCD9F, 0xCD9F, 0xCD9F, 0xD5DF, 0xD5FF, 0xD5FF, 0xD5DF, 0xD5DF, 0xD5DF, 0xD5FF, 0xD5FF, 0xD5DF, 0xD5DF, 0xDDFF, 0xDDFF,
  0xCD5E, 0xC4FD, 0xB49D, 0xB47D, 0xAC5D, 0xB47D, 0xB49D, 0xB49D, 0xB47D, 0xB49D, 0xB49D, 0xB49D, 0xB49D, 0xB47E, 0xB49D, 0xB49D,
  0xB49D, 0xB49D, 0xAC5C, 0xAC5D, 0xAC5C, 0xCD1C, 0x92D1, 0x9B51, 0xCC35, 0x7A2F, 0x59AE, 0x496C, 0x392B, 0x30EA, 0x28EA, 0x20C9,
  0x20A8, 0x20A8, 0x18A8, 0x18A7, 0x18A7, 0x1887, 0x18A7, 0x1087, 0x18A7, 0x1087, 0x1887, 0x1887, 0x1887, 0x1887, 0x18A7, 0x18A8,
  0x20A8, 0x20C9, 0x28EC, 0x51D2, 0x9BDA, 0x49F0, 0x1867, 0x18C8, 0x18C9, 0x18C9, 0x28CB, 0x390F, 0x6A76, 0x833A, 0x8B59, 0x93B9,
  0x93F8, 0xA458, 0xBCD9, 0xE5FC, 0xF69E, 0xFEFE, 0xFF1E, 0xFEFE, 0xFE9D, 0xF63D, 0xEDDD, 0xEDFE, 0xE5DD, 0xE5DE, 0xE5DE, 0xDDBE,
  0xCD3D, 0xCD3E, 0xD55E, 0xCD3E, 0xCD3F, 0xC51E, 0xC51E, 0xC51F, 0xA41C, 0xB4BE, 0xC4FF, 0xBCFF, 0xBCFF, 0xBCDF, 0xBCDF, 0xBCDE,
  0x7353, 0xBD3F, 0xB4DF, 0xB4DF, 0xB4BF, 0xB4DF, 0xB4FF, 0xBD1F, 0xBD1F, 0xBD1F, 0xBD3F, 0xC55F, 0xC57F, 0xBD3F, 0xA45D, 0x8BBB,
  0x7317, 0x7B39, 0x72FA, 0x6277, 0x5A35, 0x49D3, 0x6296, 0x6A97, 0x7B1A, 0x6AB8, 0x6257, 0x6AB9, 0x6A79, 0x72B8, 0x93BB, 0x7298,
  0x9BFD, 0x8BBB, 0x837A, 0xACBD, 0xBCFF, 0xB4DF, 0xB4FF, 0xBD3F, 0xACBD, 0xA49D, 0x9C5C, 0x72D8, 0x72D8, 0xAC9E, 0xB4FF, 0xB51F,
  0xB51F, 0xBD1F, 0xBD1F, 0xBD1F, 0xBD1F, 0xBD1F, 0xBD1F, 0xBD1F, 0xBD1F, 0xBD1F, 0xBD1F, 0xBD1F, 0xBD1F, 0xBD3F, 0xBD3F, 0xBD3F,
  0xBD3F, 0xBD3F, 0xBD3F, 0xBD3F, 0xBD3F, 0xBD3F, 0xBD3F, 0xBD3F, 0xBD3F, 0xC55F, 0xC55F, 0xC55F, 0xC57F, 0xC57F, 0xC59F, 0xC57F,
  0xC57F, 0xC57F, 0xC57F, 0xC57F, 0xC57F, 0xC57F, 0xC57F, 0xC57F, 0xCD9F, 0xC59F, 0xC57F, 0xC59F, 0xCD9F, 0xCDBF, 0xCD9F, 0xCD9F,
  0xCDBF, 0xCDBF, 0xCDBF, 0xCDDF, 0xCDDF, 0xD5DF, 0xD5FF, 0xD5FF, 0xD5FF, 0xD5FF, 0xD5FF, 0xDDFF, 0xDE1E, 0xDE3F, 0xE65F, 0xE63F,
  0xE65F, 0xE65E, 0xE65F, 0xE65F, 0xEE9F, 0xEEBF, 0xF6DF, 0xEE9F, 0xE67F, 0xDE3E, 0xD5FE, 0xD5BE, 0xCD9E, 0xCD9E, 0xCD9E, 0xCD9E,
  0xCD9E, 0xCD9E, 0xCD9E, 0xC59E, 0xCD9E, 0xD5DE, 0xD5DE, 0xD5BE, 0xD5BF, 0xD5FF, 0xDDFF, 0xDDFF, 0xDDFF, 0xD59F, 0xBCDD, 0xB4BD,
  0xAC5C, 0xAC5D, 0xAC5D, 0xAC5D, 0xAC5D, 0xB47D, 0xB49D, 0xB49D, 0xB47D, 0xB47D, 0xB47D, 0xB47D, 0xB49D, 0xB47D, 0xB49E, 0xAC7C,
  0xB47D, 0xB49D, 0xAC5C, 0xAC5C, 0xA41C, 0xBCBC, 0x9B32, 0x61AC, 0xC476, 0x824F, 0x59AE, 0x494C, 0x392B, 0x310A, 0x28E9, 0x20C9,
  0x20A8, 0x18A8, 0x18A8, 0x1887, 0x1887, 0x1887, 0x18A7, 0x1087, 0x1087, 0x1087, 0x1086, 0x1887, 0x1887, 0x1887, 0x1887, 0x1887,
  0x18A7, 0x18A8, 0x20C9, 0x312C, 0x290A, 0x1088, 0x20C8, 0x18C8, 0x18A8, 0x20E9, 0x28CC, 0x6A94, 0xC57C, 0xCDBC, 0xDE3D, 0xF6DE,
  0xFF3E, 0xFF1E, 0xFEDE, 0xFE7D, 0xFE5D, 0xF65D, 0xF63D, 0xEE3D, 0xF63E, 0xE5DD, 0xE5BE, 0xE5BE, 0xDDBE, 0xDD9E, 0xDD7E, 0xD55E,
  0xCD3E, 0xCD1E, 0xCD1E, 0xC4FF, 0xC4DE, 0xC4DE, 0xC51F, 0xAC5D, 0x6256, 0x8B9B, 0xC4FF, 0xBCBE, 0xBCDF, 0xB4BE, 0xB4BE, 0xB4BE,
  0x7333, 0xBD1F, 0xACBF, 0xACBF, 0xB4BF, 0xB4BF, 0xB4DF, 0xBCFF, 0xB4FF, 0xB4DF, 0xB4FF, 0xBCFF, 0xBD1F, 0xBD1F, 0xBD1F, 0xBD3F,
  0xC55F, 0xBD5E, 0xAC9D, 0x93FB, 0x7317, 0x51F2, 0x51F3, 0x6A97, 0x72D9, 0x6A98, 0x6277, 0x6276, 0x6257, 0x72F9, 0x8B9A, 0x72B9,
  0x7AFA, 0x7B1A, 0x833A, 0xA45C, 0xC53F, 0xB4DF, 0xACBF, 0xAC9E, 0x941B, 0xBD5F, 0xACDE, 0xA47D, 0xB4DF, 0xB4FF, 0xBD1F, 0xBD1F,
  0xBD1F, 0xB4FF, 0xB4FF, 0xBD1F, 0xBD1F, 0xBD1F, 0xB51F, 0xBD1F, 0xBD1F, 0xBD1F, 0xBD1F, 0xBD1F, 0xBD1F, 0xBD1F, 0xBD1F, 0xBD1F,
  0xBD3F, 0xBD3F, 0xBD3F, 0xBD3F, 0xBD3F, 0xBD3F, 0xBD3F, 0xBD3F, 0xBD3F, 0xBD5F, 0xC55F, 0xC55F, 0xC57F, 0xC57F, 0xC57F, 0xC57F,
  0xC59F, 0xC59F, 0xC59F, 0xC59F, 0xC59F, 0xC59F, 0xC59F, 0xC59F, 0xC59F, 0xC57F, 0xC57F, 0xC57F, 0xC57F, 0xC57F, 0xC59F, 0xC59F,
  0xCD9F, 0xCD9F, 0xCDBF, 0xCDBF, 0xCDBF, 0xCDDF, 0xCDDF, 0xCDDF, 0xCDDF, 0xD5DF, 0xD5DF, 0xD5DF, 0xD5FE, 0xDDFE, 0xDE1E, 0xDE3E,
  0xE63F, 0xE65E, 0xE65E, 0xE65E, 0xEE7E, 0xEE9F, 0xF6BF, 0xF6DE, 0xF6FE, 0xF71F, 0xF71F, 0xFF1F, 0xF71F, 0xEEFF, 0xEEDE, 0xF6FF,
  0xEEFE, 0xEEDE, 0xE6BE, 0xE6BE, 0xE69E, 0xE67E, 0xE67E, 0xDE5E, 0xDE3E, 0xDE1E, 0xCD7D, 0xCD5D, 0xCD3E, 0xAC5C, 0xA3FC, 0xA41D,
  0xA43D, 0xB49D, 0xB47D, 0xAC7D, 0xAC7D, 0xAC9D, 0xB4BD, 0xBCDE, 0xB47D, 0xAC7D, 0xAC7D, 0xAC5D, 0xB47D, 0xB49D, 0xB47D, 0xAC7D,
  0xAC5D, 0xAC5D, 0xAC7C, 0xAC7D, 0x9C1C, 0xBC9C, 0xB3B6, 0x38C9, 0x82F0, 0xA372, 0x598D, 0x496C, 0x392B, 0x30EA, 0x28C9, 0x20C8,
  0x20A8, 0x18A8, 0x1887, 0x18A7, 0x1887, 0x1887, 0x10A7, 0x1087, 0x1086, 0x1087, 0x1886, 0x1887, 0x1887, 0x1886, 0x1887, 0x1887,
  0x1886, 0x1066, 0x1086, 0x1086, 0x1887, 0x20A8, 0x18A8, 0x18C8, 0x20C9, 0x20AB, 0x5A11, 0xE65D, 0xFF7F, 0xFF3E, 0xFF1E, 0xFEBD,
  0xFE7D, 0xFE5D, 0xF63D, 0xF61D, 0xF61D, 0xEDFD, 0xEDFD, 0xEDFE, 0xE5DE, 0xDD9E, 0xDD9E, 0xD57E, 0xD55E, 0xD55E, 0xD53E, 0xCD3E,
  0xC4FE, 0xC4DE, 0xBCDE, 0xBCDE, 0xBCBE, 0xBCBE, 0xBCDF, 0x93BB, 0x5A16, 0x7B1A, 0xBCDF, 0xB49E, 0xB4BF, 0xB4BE, 0xB4BE, 0xB4BE,
  0x7313, 0xB4DF, 0xAC9F, 0xAC9F, 0xB4BF, 0xB4BF, 0xB4BF, 0xACBF, 0xB4DF, 0xB4DF, 0xB4DF, 0xB4FF, 0xBCFF, 0xBCFF, 0xBCFF, 0xBD1F,
  0xBD1F, 0xBD1F, 0xBD3F, 0xC55F, 0xC57F, 0xB53D, 0x9C5A, 0x93DA, 0x8359, 0x6277, 0x51D5, 0x51F5, 0x6298, 0x6277, 0x6AB7, 0x7B19,
  0x7AFA, 0x7AFA, 0x7B19, 0x8B9A, 0xA43C, 0xACBE, 0x93DC, 0x8B9C, 0xACBE, 0xBD3F, 0xBD5F, 0xBD3F, 0xB4FF, 0xBD1F, 0xBD3F, 0xBD3F,
  0xB4FF, 0xAC9E, 0xB4FF, 0xB51F, 0xBD1F, 0xBD1F, 0xBD1F, 0xBD1F, 0xBD3F, 0xBD1F, 0xBD3F, 0xBD3F, 0xBD3F, 0xBD3F, 0xBD3F, 0xBD3F,
  0xBD3F, 0xBD3F, 0xBD5F, 0xBD5F, 0xBD5F, 0xBD3F, 0xBD5F, 0xBD5F, 0xBD5F, 0xBD5F, 0xBD5F, 0xC57F, 0xC57F, 0xC57F, 0xC57F, 0xC57F,
  0xC57F, 0xC57F, 0xC57F, 0xC59F, 0xC59F, 0xC59F, 0xC59F, 0xCDBF, 0xCDBF, 0xCDBF, 0xCDBF, 0xCDBF, 0xCDBF, 0xCDBF, 0xCD9F, 0xCD9F,
  0xCDBF, 0xCDBF, 0xCDBF, 0xCDBF, 0xCDBF, 0xCDBF, 0xCDBF, 0xCDBF, 0xD5DF, 0xD5FF, 0xD61F, 0xDE1F, 0xDE3F, 0xE65F, 0xE67F, 0xEE9F,
  0xEEBF, 0xEEBF, 0xEEBF, 0xF6BF, 0xF6DF, 0xF6FF, 0xF6FF, 0xF6FF, 0xF6FE, 0xF6FE, 0xF6FE, 0xFEFE, 0xFF1E, 0xFF1F, 0xFF3F, 0xFF3F,
  0xFF5E, 0xFF3E, 0xFF5E, 0xFF5E, 0xFF5E, 0xFF7E, 0xFF5E, 0xFF5E, 0xFF5F, 0xFF5E, 0xF71E, 0xF6FE, 0xEE7E, 0xDE1D, 0xCDBD, 0xC55C,
  0xBD1C, 0xBCFC, 0xB4BC, 0xAC9C, 0xAC7C, 0xAC5C, 0xAC5C, 0xAC5D, 0xAC5D, 0xAC5D, 0xAC5D, 0xB45D, 0xBCBD, 0xBCDD, 0xB45D, 0xAC3D,
  0xAC1C, 0xAC5C, 0xB49C, 0xAC5B, 0xBCFC, 0xD51A, 0x8AD0, 0x3109, 0x2066, 0x828F, 0x826F, 0x494C, 0x392B, 0x30EA, 0x20C9, 0x20C8,
  0x20A8, 0x18A7, 0x1887, 0x18A7, 0x1887, 0x1887, 0x1087, 0x1086, 0x1887, 0x1887, 0x1086, 0x1086, 0x1087, 0x1887, 0x1887, 0x1887,
  0x1887, 0x1087, 0x1887, 0x18A7, 0x18A7, 0x18A8, 0x20C9, 0x20AA, 0x208B, 0x6231, 0xE5FD, 0xFEBE, 0xFE7D, 0xF67D, 0xFE7D, 0xF65E,
  0xF63D, 0xEE1E, 0xEDFE, 0xEDFD, 0xEDDE, 0xE5DE, 0xE5BE, 0xDD9E, 0xD57E, 0xD53E, 0xCD1E, 0xCD1E, 0xC4FE, 0xC4FE, 0xBCDE, 0xAC7D,
  0xBCBE, 0xBCBE, 0xBCBE, 0xBCBE, 0xBCBE, 0xBCBE, 0xBCBF, 0x9BDC, 0x5A16, 0x93BC, 0xB49F, 0xB49E, 0xB49F, 0xB49F, 0xB4BF, 0xB4DF,
  0x6B13, 0xB4BF, 0xAC7F, 0xAC7F, 0xAC9F, 0xACBF, 0xACBF, 0xACBF, 0xAC9F, 0xACBF, 0xB4DF, 0xB4DF, 0xB4DF, 0xB4DE, 0xB4FF, 0xB4FF,
  0xBCFF, 0xBD3F, 0xBD1F, 0xBD1F, 0xBD3F, 0xC55F, 0xC57F, 0xC57F, 0xBD5E, 0xACDD, 0x8399, 0x7318, 0x6AD7, 0x5A35, 0x6276, 0x7B1A,
  0x7B1A, 0x72B8, 0x6A97, 0x7AF9, 0x93BC, 0xA47E, 0x837A, 0xA43D, 0xB4DF, 0xB4BF, 0xACBE, 0xB4DF, 0xB4FF, 0xBD1F, 0xB4FF, 0xB4DE,
  0xB4BF, 0xB4BF, 0xB4BE, 0xB4BE, 0xB4FF, 0xB4FF, 0xB4FF, 0xB4FF, 0xB4FF, 0xB51F, 0xBD1F, 0xBD3F, 0xBD3F, 0xBD3F, 0xBD3F, 0xBD3F,
  0xBD5F, 0xC55F, 0xC55F, 0xC55F, 0xC55F, 0xC55F, 0xC55F, 0xC55F, 0xC55F, 0xC55F, 0xC55F, 0xC57F, 0xC57F, 0xC57F, 0xC57F, 0xC57F,
  0xC57F, 0xC57F, 0xC57F, 0xC57F, 0xC59F, 0xC59F, 0xCD9F, 0xCDBF, 0xCDBF, 0xCDBF, 0xCDBF, 0xCDDF, 0xCDDF, 0xCDDF, 0xCDDF, 0xCDDF,
  0xCDDF, 0xD5FF, 0xD5FF, 0xD61F, 0xD61F, 0xD61F, 0xD61F, 0xDE1F, 0xDE3F, 0xDE5F, 0xDE5F, 0xE67F, 0xE67F, 0xE67F, 0xE67F, 0xE67F,
  0xE69F, 0xE69F, 0xEE9F, 0xEE9F, 0xEE9F, 0xEEBE, 0xEEBF, 0xEEBF, 0xEEBF, 0xF6BF, 0xF6BF, 0xF6BF, 0xF6DE, 0xF6DE, 0xF6DE, 0xF6DE,
  0xF6DE, 0xFEDE, 0xFEFE, 0xFEFE, 0xFEFE, 0xFF1E, 0xFF1E, 0xFF1E, 0xFF3E, 0xFF3E, 0xFF3E, 0xFF3D, 0xFF5E, 0xFF5E, 0xFF7E, 0xFF5E,
  0xFF3E, 0xFF1E, 0xF71E, 0xEEBE, 0xE67E, 0xDE1D, 0xD5BC, 0xC55C, 0xBD1C, 0xBCDC, 0xB4BC, 0xBCDC, 0xC53C, 0xCD7D, 0xC53C, 0xC55C,
  0xCD9C, 0xDE3D, 0xEE9D, 0xEEFE, 0xDD99, 0x7A4D, 0x412A, 0x28E8, 0x51AB, 0x9311, 0x8270, 0x518D, 0x392B, 0x30EA, 0x20C9, 0x20C8,
  0x20A8, 0x18A7, 0x18A7, 0x1887, 0x1887, 0x1086, 0x1086, 0x1086, 0x1887, 0x1887, 0x1086, 0x1086, 0x1087, 0x1887, 0x1887, 0x1887,
  0x1887, 0x1887, 0x1888, 0x1887, 0x1887, 0x1087, 0x1889, 0x394D, 0x9396, 0xEE3E, 0xFE5D, 0xF61D, 0xF61D, 0xEE3D, 0xEE1E, 0xEDDE,
  0xE5DE, 0xE5BE, 0xE5BE, 0xDD9E, 0xDD9E, 0xD57E, 0xCD3E, 0xCD1E, 0xCD1E, 0xCD1E, 0xCD1E, 0xC51E, 0xC4FE, 0xC4FE, 0xA41C, 0x6236,
  0x8B5B, 0xB4BF, 0xB49E, 0xBC9F, 0xB49E, 0xB49E, 0xB47E, 0xAC5F, 0x8B3B, 0xAC3F, 0xAC5F, 0xB47F, 0xAC7F, 0xB49F, 0xB4BF, 0xB4BF,
  0x6AF3, 0xACBF, 0xA45F, 0xAC7F, 0xAC7F, 0xAC9F, 0xAC7F, 0xAC7F, 0xAC9F, 0xAC7F, 0xB4BF, 0xB4DF, 0xB4DF, 0xB4DF, 0xB4DF, 0xB4DF,
  0xB51F, 0xB51F, 0xB4FF, 0xBD1F, 0xBD1F, 0xBD1F, 0xBD1F, 0xB4FF, 0xB51F, 0xBD3F, 0xC57F, 0xBD3F, 0xB51D, 0xA49C, 0x93FA, 0x8BBA,
  0x7B19, 0x72D8, 0x6A97, 0x72DA, 0x72FA, 0x72D9, 0x837A, 0x9C3D, 0x9C1C, 0xA47D, 0xB4FE, 0xC57E, 0xC59E, 0xC5BE, 0xC5BE, 0xCDDF,
  0xCDBE, 0xCDDE, 0xCDFE, 0xCDFE, 0xCDFE, 0xCDFE, 0xCDFE, 0xCDFE, 0xCDDE, 0xCDBE, 0xCDDE, 0xCDBE, 0xC5BE, 0xC59E, 0xC57E, 0xC57E,
  0xBD5E, 0xBD5F, 0xBD5F, 0xC55F, 0xC55F, 0xC57F, 0xC57F, 0xC57F, 0xC57F, 0xC57F, 0xC59F, 0xC59F, 0xC57F, 0xC57F, 0xC59F, 0xC59F,
  0xC59F, 0xC59F, 0xC59F, 0xC59F, 0xC59F, 0xC59F, 0xC59F, 0xCDBF, 0xCDBF, 0xCDBF, 0xCDBF, 0xCDBF, 0xCDBF, 0xCDDF, 0xCDDF, 0xD5DF,
  0xD5FF, 0xD5FF, 0xD5FF, 0xD5FF, 0xD5FF, 0xD5FF, 0xD5FF, 0xD5FF, 0xD5FF, 0xD5FF, 0xD5FF, 0xD5FF, 0xD5FF, 0xDE1F, 0xDE1F, 0xDE1F,
  0xDE1F, 0xDE3F, 0xDE5F, 0xDE5F, 0xE65F, 0xE67F, 0xE67F, 0xEE7F, 0xEE9F, 0xEE9F, 0xEEBF, 0xEEBF, 0xEEBF, 0xF6BE, 0xF6BE, 0xF6BE,
  0xF6BE, 0xF6DF, 0xF6DE, 0xF6DE, 0xF6DE, 0xF6DE, 0xFEFE, 0xFEFE, 0xFEFE, 0xFEFE, 0xFEFE, 0xFEDE, 0xFEDD, 0xFEFD, 0xFEFD, 0xFF1E,
  0xFEFD, 0xFF1D, 0xFF1D, 0xFF3E, 0xFF3E, 0xFF5E, 0xFF5E, 0xFF7E, 0xFF7E, 0xFF5E, 0xF73E, 0xF73E, 0xF75E, 0xFF7E, 0xFF5E, 0xFF5D,
  0xFF5D, 0xFF5D, 0xFF3D, 0xFF7E, 0xB455, 0x38E9, 0x30E9, 0x28A8, 0x9352, 0x722F, 0x494B, 0x394B, 0x312B, 0x310A, 0x28E9, 0x20C8,
  0x20A8, 0x18A8, 0x18A7, 0x18A7, 0x1887, 0x1887, 0x1886, 0x1887, 0x1887, 0x1887, 0x1086, 0x1086, 0x1887, 0x1887, 0x1086, 0x1066,
  0x1066, 0x1887, 0x1087, 0x1887, 0x2088, 0x392C, 0x7B14, 0xD57D, 0xF65F, 0xEDFE, 0xE59E, 0xE59E, 0xE57E, 0xDD7D, 0xDD9E, 0xDD7E,
  0xDD7E, 0xDD5D, 0xD57E, 0xD57E, 0xD57E, 0xD55E, 0xCD3E, 0xCD3E, 0xCD3E, 0xCD5E, 0xCD5E, 0xCD3F, 0xCD1F, 0xC4FE, 0xB4BE, 0x72D8,
  0x6A98, 0xAC9E, 0xBCDF, 0xBCBF, 0xBCBF, 0xB4BF, 0xB47F, 0x93BC, 0x937C, 0xAC5F, 0x93BC, 0x8B7B, 0xAC7F, 0xB49F, 0xB49F, 0xB4BF,
  0x6AF3, 0xAC9F, 0xA45F, 0xA47F, 0xAC7F, 0xAC7F, 0xA45F, 0xA43E, 0xA45E, 0xA45E, 0xAC9F, 0xB4DF, 0xAC9F, 0xB4DF, 0xB4FF, 0xB4DF,
  0xB4FF, 0xB4FF, 0xB4FF, 0xB4DE, 0xB4FF, 0xBD1F, 0xB51F, 0xB51F, 0xBD1F, 0xBD1F, 0xBD1F, 0xBD1F, 0xBD3F, 0xC55F, 0xC57F, 0xBD5E,
  0xBD5D, 0xB4FD, 0x93FA, 0x93DA, 0xA47C, 0xACFB, 0xCDDD, 0xD63E, 0xD65E, 0xD65F, 0xDE7F, 0xDE9F, 0xDEBF, 0xDEBF, 0xDEBF, 0xDEBF,
  0xE6BF, 0xE6BF, 0xE6BF, 0xE6BF, 0xE6DF, 0xE6DF, 0xE6DF, 0xE6DF, 0xE6DF, 0xE6DF, 0xE6DF, 0xE6DF, 0xE6DF, 0xE6FF, 0xE6FF, 0xE6DF,
  0xE6BF, 0xDE7F, 0xD63E, 0xD61E, 0xCDFE, 0xCDBF, 0xC59F, 0xC59F, 0xC59F, 0xC59F, 0xC59F, 0xC59F, 0xC59F, 0xC59F, 0xC59F, 0xC59F,
  0xC59F, 0xC59F, 0xC59F, 0xC59F, 0xCDBF, 0xCDBF, 0xCDBF, 0xCDBF, 0xCDBF, 0xCDBF, 0xCDBF, 0xCDDF, 0xCDDF, 0xCDDF, 0xCDDF, 0xCDDF,
  0xCDDF, 0xCDDF, 0xCDDF, 0xCDDF, 0xCDBF, 0xCDBF, 0xCDDF, 0xCDDF, 0xCDDF, 0xCDDF, 0xCDDF, 0xD5DF, 0xD5DF, 0xD5FF, 0xD5FF, 0xD5FF,
  0xD5FF, 0xD5FF, 0xD5FF, 0xDE1F, 0xDE1F, 0xDE1F, 0xDE1F, 0xDE1F, 0xDE3F, 0xE63F, 0xE65F, 0xE67F, 0xEE9F, 0xEE9F, 0xEE7F, 0xEE9F,
  0xEE9F, 0xEEBF, 0xF6BF, 0xF6BE, 0xF6BE, 0xF6BE, 0xF6DE, 0xF6DE, 0xF6DE, 0xF6DE, 0xFEDE, 0xFEDE, 0xFEDE, 0xFEDE, 0xFEDE, 0xFEFE,
  0xFF1E, 0xFF1E, 0xFF1E, 0xFF1E, 0xFF3E, 0xFF3E, 0xFF3E, 0xFF3D, 0xFF3D, 0xFF1D, 0xFF3D, 0xFF5D, 0xFF3D, 0xFF1D, 0xFEFD, 0xFEDD,
  0xFEBC, 0xFEBD, 0xFEBD, 0xF65C, 0xDD5B, 0x7AF3, 0x59EF, 0x51AF, 0x6230, 0x494C, 0x30EA, 0x28C8, 0x20C8, 0x18A7, 0x18A7, 0x20C8,
  0x20A8, 0x18A7, 0x18A7, 0x18A7, 0x1887, 0x1887, 0x1887, 0x1887, 0x1886, 0x1065, 0x0844, 0x0844, 0x0844, 0x1046, 0x1888, 0x18C9,
  0x18C9, 0x20EA, 0x312D, 0x41B0, 0x5A54, 0x72F8, 0x937B, 0x9BBB, 0x9BDB, 0xA41C, 0xAC1D, 0xB43D, 0xBC7E, 0xC4BE, 0xCCFE, 0xCD1E,
  0xCD3E, 0xCD3E, 0xCD3E, 0xCD3F, 0xC4FE, 0xC4FE, 0xC51E, 0xC4FE, 0xC4FE, 0xC51E, 0xCD1F, 0xC4FE, 0xC4DE, 0xC4DE, 0xC4FF, 0xAC9E,
  0x6A77, 0xA41D, 0xBCFF, 0xB49F, 0xB49F, 0xB4BF, 0xAC3E, 0x6237, 0x835B, 0x9C1D, 0x6257, 0x835B, 0xB49F, 0xAC7E, 0xB49F, 0xB49F,
  0x6AF3, 0xAC9F, 0xA45F, 0xA47F, 0xA47F, 0xA45F, 0xA45F, 0xA47F, 0xA47F, 0xA45F, 0xA45E, 0xAC7F, 0xA47F, 0xA47F, 0xAC9F, 0xACBF,
  0xB4DF, 0xB4DF, 0xB4FF, 0xB4FF, 0xB4FF, 0xB4FF, 0xB4FF, 0xB4DF, 0xB4DE, 0xB4FE, 0xBD3F, 0xC57E, 0xC59F, 0xC59F, 0xCDBF, 0xCDFE,
  0xD65F, 0xDE9F, 0xDE9F, 0xDE7F, 0xDE9F, 0xE6BF, 0xE6DF, 0xE6BF, 0xDEBF, 0xDE9F, 0xD67F, 0xDE7F, 0xDE9F, 0xDE7F, 0xDE7F, 0xDE7F,
  0xDE7F, 0xDE7F, 0xDE7F, 0xDE9F, 0xDE9F, 0xDE9F, 0xDE9F, 0xDE7F, 0xDE9F, 0xDE9F, 0xDE9F, 0xDE9F, 0xDE9F, 0xDEBF, 0xDEBF, 0xDEDF,
  0xE6DF, 0xE6FF, 0xE6FF, 0xEEFF, 0xEEFF, 0xEF1F, 0xE6DF, 0xDE9F, 0xD65E, 0xCE1E, 0xCDDF, 0xC5BF, 0xC5BF, 0xCDBF, 0xCDBF, 0xCDBF,
  0xCDBF, 0xCDBF, 0xCDBF, 0xCDBF, 0xCDBF, 0xCDBF, 0xCDBF, 0xCDBF, 0xCDBF, 0xCDBF, 0xCDBF, 0xCDBF, 0xCDBF, 0xCDBF, 0xCDBF, 0xCDBF,
  0xCDBF, 0xCDBF, 0xCDBF, 0xCDBF, 0xCDBF, 0xCDBF, 0xCDBF, 0xCDDF, 0xCDBF, 0xCDBF, 0xCDDF, 0xCDDF, 0xCDDF, 0xCDDF, 0xCDDF, 0xCDDF,
  0xD5DF, 0xD5FF, 0xD5FF, 0xD5FF, 0xD5FF, 0xDE1F, 0xDE1F, 0xDE1F, 0xDE1F, 0xDE1F, 0xDE3F, 0xDE3F, 0xDE3F, 0xDE3F, 0xE63F, 0xE63E,
  0xE63E, 0xE65E, 0xE65E, 0xEE7F, 0xEE7E, 0xEE7E, 0xEE7E, 0xF69E, 0xEE9E, 0xEEBE, 0xF6BE, 0xF6DE, 0xF6FE, 0xFEFE, 0xFF1F, 0xFF1E,
  0xFF1E, 0xFF1E, 0xFEFE, 0xFEFE, 0xFEFE, 0xFEFD, 0xFEDD, 0xFEDD, 0xFEDD, 0xFEDE, 0xFEDD, 0xFEDD, 0xFEDD, 0xFEBD, 0xFE9D, 0xFE9D,
  0xFE7D, 0xF65D, 0xF61D, 0xF5FD, 0xEDBD, 0xE5BE, 0xCD1D, 0xAC5C, 0x9BBA, 0x7AF7, 0x6253, 0x51F0, 0x416E, 0x312B, 0x28EA, 0x28EA,
  0x20C9, 0x20C9, 0x20A8, 0x18A8, 0x1887, 0x1888, 0x1888, 0x1888, 0x1887, 0x1887, 0x18A8, 0x20CA, 0x292B, 0x398F, 0x49F3, 0x5215,
  0x5215, 0x5A36, 0x6277, 0x6AB9, 0x6AB9, 0x6A99, 0x6A79, 0x72DA, 0x7B1B, 0x833C, 0x833C, 0x8B3C, 0x8B5C, 0x939D, 0x9BDD, 0xA41D,
  0xAC5E, 0xB45E, 0xB47E, 0xB49E, 0xAC5D, 0xB47E, 0xB49E, 0xBCBE, 0xC4FF, 0x9BBB, 0xAC5D, 0xBCDF, 0xBCBE, 0xBCDF, 0xBCBF, 0xB4BF,
  0x8339, 0x72B8, 0xAC5E, 0xB49F, 0xB49F, 0xB47F, 0xAC7F, 0x831A, 0x7AFA, 0x72B8, 0x833A, 0xAC9F, 0xAC7F, 0xAC7E, 0xAC7F, 0xAC7F,
  0x6AF3, 0xAC9F, 0xA45F, 0xA47F, 0xA45F, 0xA45F, 0xA45F, 0xA45F, 0xA45F, 0xA47F, 0xA47F, 0xA45F, 0xA47F, 0xAC7F, 0xAC9F, 0xAC9F,
  0xAC9F, 0xAC9F, 0xAC9F, 0xAC9F, 0xACBE, 0xB51F, 0xB51E, 0xBD3E, 0xC57E, 0xCDDF, 0xD61F, 0xD65F, 0xD67F, 0xD67F, 0xD67F, 0xD65F,
  0xD65F, 0xD65F, 0xD65F, 0xD67F, 0xD65E, 0xD67F, 0xDE9F, 0xDE9F, 0xDE9F, 0xDE9F, 0xDE9F, 0xDE9F, 0xDE9F, 0xDE9F, 0xDE9F, 0xDE9F,
  0xDE9F, 0xDE9F, 0xDE9F, 0xDE9F, 0xDE9F, 0xDE9F, 0xDE9F, 0xDE9F, 0xDE9F, 0xDE9F, 0xDEBF, 0xDEBF, 0xDEBF, 0xDEBF, 0xDEBF, 0xDEBF,
  0xDEBF, 0xDEBF, 0xDEBF, 0xE6BF, 0xE6DF, 0xE6DF, 0xE6FF, 0xEF1F, 0xEF1F, 0xEF1F, 0xEF1F, 0xE6DF, 0xDE9E, 0xD63F, 0xCDFF, 0xCDBF,
  0xCDBF, 0xCDBF, 0xCDBF, 0xCDBF, 0xCDBF, 0xCDBF, 0xCDBF, 0xCDBF, 0xCDBF, 0xCDBF, 0xCDBF, 0xCDBF, 0xC5BF, 0xCDBF, 0xCDBF, 0xCDBF,
  0xCDBF, 0xCDBF, 0xCDBF, 0xCDBF, 0xCDBF, 0xCDBF, 0xCDBF, 0xCDBF, 0xCDBF, 0xCDBF, 0xCDBF, 0xCDBF, 0xCDBF, 0xCDBF, 0xCDDF, 0xCDDF,
  0xCDDF, 0xCDDF, 0xCDDF, 0xD5DF, 0xD5FF, 0xD5FF, 0xD5FF, 0xDE1F, 0xDE1F, 0xDE1F, 0xDE1F, 0xDE1F, 0xDE1F, 0xDE1F, 0xDE1F, 0xDE3F,
  0xE63F, 0xDE3F, 0xE63F, 0xE65F, 0xEE5E, 0xEE7E, 0xEE7E, 0xEE7E, 0xF6BE, 0xFEFF, 0xF6FE, 0xFEFF, 0xFEFE, 0xF6FE, 0xF6DE, 0xF6DE,
  0xF6BE, 0xFEBE, 0xF6BE, 0xF69E, 0xFEBE, 0xFEBD, 0xF69D, 0xF69E, 0xF69D, 0xF69E, 0xF69D, 0xF69D, 0xEE1D, 0xF63D, 0xF65D, 0xF65D,
  0xF63E, 0xE5DD, 0xE5DD, 0xEDFD, 0xE5DD, 0xE59D, 0xDD9E, 0xCD1E, 0xBC9D, 0xAC1D, 0xA3DD, 0x9BBC, 0x937C, 0x8B7B, 0x8B7A, 0x8359,
  0x7B18, 0x72D7, 0x6AB6, 0x6296, 0x6276, 0x6255, 0x6275, 0x6276, 0x6255, 0x6276, 0x6297, 0x6AB8, 0x6AB9, 0x6AB9, 0x6AB9, 0x6AB9,
  0x6AB9, 0x72B9, 0x72DA, 0x72FA, 0x7AFA, 0x7B1B, 0x7B1B, 0x831B, 0x833C, 0x835C, 0x8B5C, 0x8B7D, 0x8B7D, 0x8B7D, 0x8B7D, 0x939D,
  0x9BBE, 0x9BDE, 0x9BDD, 0x9BBD, 0x9BDD, 0x9BFD, 0xAC3E, 0xAC7E, 0xB49F, 0x8B7B, 0x72B9, 0x8B5B, 0xAC5F, 0xAC5F, 0xB47F, 0xAC7E,
  0xB47F, 0x8B5B, 0x8B9B, 0xB4BF, 0xAC7F, 0xAC7F, 0xAC5F, 0x8B7C, 0x9BFE, 0x9BFD, 0xAC9F, 0xAC7E, 0xAC7E, 0xAC5F, 0xAC5F, 0xAC5F,
  0x6B14, 0xAC9F, 0xA45F, 0xA45F, 0xA45F, 0xA45F, 0xA45F, 0xA45F, 0xA45F, 0xAC7F, 0xA47F, 0xA47F, 0xAC7F, 0xAC7F, 0xA47F, 0xA45F,
  0xA47E, 0xACBE, 0xB4DE, 0xBD3F, 0xC59F, 0xCDFF, 0xD63F, 0xD65F, 0xD65F, 0xD65F, 0xD65F, 0xD65F, 0xD65F, 0xD65F, 0xD63F, 0xD63F,
  0xD63F, 0xD63F, 0xD63F, 0xD65F, 0xD65F, 0xD65F, 0xD65F, 0xD65F, 0xD65F, 0xD65F, 0xD65F, 0xD65F, 0xD67F, 0xD67F, 0xDE7F, 0xDE9F,
  0xDE9F, 0xDE9F, 0xDEBF, 0xE6BF, 0xE6BF, 0xE6BF, 0xE6BF, 0xE6BF, 0xE6BF, 0xDEBF, 0xDEBF, 0xDEBF, 0xE6BF, 0xE6BF, 0xE6BF, 0xE6BF,
  0xE6BF, 0xE6DF, 0xE6DF, 0xE6DF, 0xE6DF, 0xE6DF, 0xE6DF, 0xE6DF, 0xE6DF, 0xE6DF, 0xE6DF, 0xE6FF, 0xEF1F, 0xEF1F, 0xEF1F, 0xE6DF,
  0xDE7E, 0xCE1E, 0xCDDF, 0xCDBF, 0xCDBF, 0xCDBF, 0xCDBF, 0xCDBF, 0xC59F, 0xC5BF, 0xC5BF, 0xC5BF, 0xC5BF, 0xC5BF, 0xC5BF, 0xCDBF,
  0xCDBF, 0xCDBF, 0xC59F, 0xC59F, 0xC59F, 0xCDBF, 0xCDBF, 0xC59F, 0xCD9F, 0xCD9F, 0xCD9F, 0xCDBF, 0xCDBF, 0xCDBF, 0xCDBF, 0xCDBF,
  0xCDBF, 0xCDBF, 0xCDBF, 0xCDBF, 0xCDBF, 0xCDDF, 0xD5FF, 0xD5FF, 0xD5FF, 0xD5FF, 0xD5FF, 0xD5FF, 0xDE1F, 0xDE1F, 0xDE1F, 0xDE1F,
  0xDE1E, 0xDE1E, 0xDE3E, 0xE65E, 0xEE9E, 0xF6FF, 0xF6DF, 0xF6DF, 0xF6BE, 0xF69E, 0xF6BE, 0xF69E, 0xF69E, 0xEE7E, 0xEE7E, 0xEE7E,
  0xEE7E, 0xF67E, 0xF67E, 0xEE5E, 0xF67E, 0xEE5E, 0xEE5E, 0xF65E, 0xEE3E, 0xE5FD, 0xEE3E, 0xEE1E, 0xDD9D, 0xEDDE, 0xEDFE, 0xE5FD,
  0xE5FD, 0xE5DE, 0xE5DE, 0xDDBE, 0xDDBE, 0xDD9D, 0xDD7E, 0xD55E, 0xCD1E, 0xC4DE, 0xB45D, 0xAC1D, 0xA3FD, 0x9BDD, 0xA3DD, 0x9BDD,
  0x9BDD, 0x939D, 0x937D, 0x8B7D, 0x8B7D, 0x8B7D, 0x8B7D, 0x8B7C, 0x835C, 0x833C, 0x833C, 0x833C, 0x831C, 0x831B, 0x833C, 0x833C,
  0x833C, 0x831C, 0x831C, 0x833C, 0x833C, 0x835D, 0x835D, 0x833C, 0x8B5D, 0x8B5D, 0x8B7D, 0x8B7D, 0x8B7D, 0x833C, 0x939D, 0x93BD,
  0x939D, 0x93BE, 0x9BDE, 0x93BE, 0x9BBE, 0x9BBE, 0x9C1E, 0xA43E, 0x9C1E, 0x93DE, 0x72DA, 0x833B, 0x9C1E, 0xA41F, 0xA41F, 0xA41E,
  0xA41E, 0xA41E, 0x8B5B, 0xAC9F, 0xAC5F, 0xAC5F, 0x9BFE, 0x937C, 0xAC5F, 0xA43E, 0xA41E, 0xAC5E, 0xAC5F, 0xAC5F, 0xA43E, 0xA41E,
  0x7313, 0xAC9F, 0xA43F, 0xA45F, 0xA45F, 0xA45F, 0xA45F, 0xA47F, 0xA47F, 0xA47F, 0xA45F, 0xA45F, 0xA45E, 0xA49E, 0xACDE, 0xBD3E,
  0xC5BF, 0xCDFF, 0xD63F, 0xD65F, 0xD65F, 0xD63F, 0xD63F, 0xCE1F, 0xCE1F, 0xCE1F, 0xCE1F, 0xCE1F, 0xCE1F, 0xCE1F, 0xCDFF, 0xCDFF,
  0xCDFF, 0xCDFF, 0xCDFF, 0xCDFF, 0xCDFF, 0xCDFF, 0xCDFF, 0xCDFF, 0xCE1F, 0xCDFF, 0xCE1F, 0xCE1F, 0xCE1F, 0xCE1F, 0xCDFF, 0xCE1F,
  0xCE1F, 0xCE1F, 0xD63F, 0xD63F, 0xD65F, 0xD67F, 0xDE7F, 0xE6BF, 0xE6DF, 0xEEFF, 0xEF1F, 0xEEFF, 0xE6FF, 0xE6FF, 0xE6DF, 0xE6DF,
  0xE6DF, 0xE6DF, 0xE6FF, 0xE6FF, 0xE6DF, 0xE6DF, 0xE6DF, 0xE6DF, 0xE6DF, 0xE6DF, 0xE6DF, 0xE6DF, 0xE6DF, 0xE6DF, 0xE6FF, 0xEF1F,
  0xEF3F, 0xEF3F, 0xEF1F, 0xE6BF, 0xD63F, 0xD61F, 0xCDFF, 0xCDDF, 0xCDBF, 0xCDBF, 0xC5BF, 0xC5BF, 0xC59F, 0xC59F, 0xC59F, 0xC59F,
  0xC59F, 0xC59F, 0xCDBF, 0xCDBF, 0xC59F, 0xC59F, 0xC59F, 0xC59F, 0xC59F, 0xCD9F, 0xCD9F, 0xCD9F, 0xCDBF, 0xCD9F, 0xCD9F, 0xCDBF,
  0xCDBF, 0xCDBE, 0xCDBF, 0xCDBF, 0xCDBF, 0xCDDF, 0xD5DF, 0xD5DF, 0xD5FF, 0xD5FF, 0xD5FF, 0xD5FF, 0xDE1F, 0xDE3F, 0xE65E, 0xE69E,
  0xEEBF, 0xEEBF, 0xEEBF, 0xF6DF, 0xEEBF, 0xEE9F, 0xEE7F, 0xE65E, 0xE65E, 0xE65F, 0xE65E, 0xE65E, 0xEE7E, 0xEE7E, 0xEE5F, 0xE63E,
  0xEE5E, 0xEE3E, 0xEE1E, 0xE61E, 0xE5FE, 0xE5FE, 0xE5FE, 0xE5FE, 0xE5DE, 0xDDDE, 0xE5DE, 0xDDBE, 0xD57E, 0xDD9E, 0xDDBE, 0xDDBE,
  0xDDBE, 0xD59D, 0xD57D, 0xD59E, 0xD59E, 0xD57E, 0xD55E, 0xCD5E, 0xCD3E, 0xCD1E, 0xC51F, 0xBCDE, 0xB49E, 0xAC5D, 0xA41D, 0xA3FE,
  0xA3FE, 0x9BDE, 0x9BDD, 0x9BBD, 0x9BBD, 0x93BD, 0x939D, 0x937D, 0x8B7D, 0x8B7D, 0x8B7D, 0x8B5D, 0x8B7D, 0x8B7D, 0x8B7D, 0x8B7D,
  0x8B7D, 0x8B5D, 0x8B5D, 0x8B5D, 0x8B5D, 0x8B7D, 0x8B7D, 0x8B7D, 0x8B5D, 0x8B5D, 0x8B7D, 0x939E, 0x939E, 0x8B9D, 0x93DE, 0x9BFE,
  0x939D, 0x93BD, 0x93BE, 0x93BD, 0x93BD, 0x93BE, 0x93DE, 0x9BDE, 0x9BFE, 0x9BFE, 0x9C1F, 0x8B9D, 0x9BDD, 0xA41F, 0x9BFE, 0x9BFE,
  0xA41E, 0xAC5F, 0x8B7C, 0x93BC, 0xAC3F, 0xA41F, 0x93BD, 0x93DD, 0xAC9F, 0x7B3A, 0x93BD, 0xA43F, 0xA41F, 0xA41E, 0x9BFE, 0x9BFE,
  0x7314, 0xAC9F, 0xA43F, 0xA45F, 0xA45F, 0xA45F, 0xA45F, 0xA45F, 0xA45E, 0xA47E, 0xACBE, 0xBD3E, 0xC59E, 0xCDDF, 0xD63F, 0xD63F,
  0xD63F, 0xD61F, 0xCE1F, 0xCDFF, 0xCDFF, 0xCDFF, 0xCDFF, 0xCDFF, 0xCDFF, 0xCDFF, 0xCDFF, 0xCDFF, 0xCDFF, 0xCDFF, 0xCDFF, 0xCDFF,
  0xCDFF, 0xCDFF, 0xCDFF, 0xCDFF, 0xCDFF, 0xCE1F, 0xCDFF, 0xCDFF, 0xCE1F, 0xCE1F, 0xCE1F, 0xCE1F, 0xCE1F, 0xCE1F, 0xCE1F, 0xCE1F,
  0xCE1F, 0xCE1F, 0xCE1F, 0xCE1F, 0xCE1F, 0xCE1F, 0xCE1F, 0xD61F, 0xD63F, 0xD65F, 0xDE7F, 0xDE9F, 0xE6BF, 0xE6FF, 0xEF1F, 0xEF3F,
  0xEF3F, 0xEF1F, 0xEEFF, 0xE6FF, 0xEEFF, 0xE6FF, 0xE6FF, 0xE6FF, 0xE6DF, 0xE6DF, 0xE6DF, 0xE6DF, 0xE6DF, 0xE6DF, 0xE6DF, 0xE6DF,
  0xE6DF, 0xE6FF, 0xEF1F, 0xEF3F, 0xEF3F, 0xEF1F, 0xDE9F, 0xD63F, 0xD5FF, 0xD5FF, 0xCDFF, 0xCDDF, 0xCDBF, 0xCDBF, 0xCDBF, 0xC59F,
  0xCDBF, 0xCDBF, 0xCDBF, 0xCDBF, 0xCDBF, 0xC59F, 0xC59F, 0xC59F, 0xC59F, 0xC59F, 0xCD9F, 0xCD9F, 0xCD9F, 0xCD9F, 0xCD9F, 0xCDBF,
  0xCDBF, 0xCDBF, 0xCDBF, 0xCDDF, 0xCDDF, 0xCDDF, 0xCDBF, 0xCDBF, 0xCDDF, 0xD5FE, 0xDE3E, 0xE65E, 0xEE9F, 0xEEBF, 0xEEDF, 0xEEDF,
  0xEEBF, 0xE69F, 0xE67E, 0xE65E, 0xE65E, 0xE65E, 0xE65F, 0xE63F, 0xE63F, 0xE63F, 0xE63F, 0xE63F, 0xE63E, 0xE61E, 0xE61E, 0xDDFE,
  0xE61F, 0xDDFE, 0xDDDE, 0xDDDE, 0xDDDE, 0xDDDE, 0xDDBE, 0xDDDE, 0xDDBE, 0xDDBE, 0xDDBE, 0xDD9E, 0xD55E, 0xD57E, 0xD57E, 0xD57E,
  0xD57E, 0xD55E, 0xCD5E, 0xCD5E, 0xCD5E, 0xCD5E, 0xCD3E, 0xCD3E, 0xCD3E, 0xCD1E, 0xCD1E, 0xC51E, 0xC4FE, 0xC4FE, 0xBCBE, 0xB47E,
  0xAC3E, 0xA3FE, 0x9BDE, 0x9BDE, 0x9BFE, 0x9BDE, 0x9BBE, 0x9BBE, 0x93BE, 0x93BE, 0x93BE, 0x939E, 0x939E, 0x939E, 0x939E, 0x939E,
  0x937D, 0x8B7D, 0x8B7D, 0x8B7D, 0x939E, 0x939E, 0x939E, 0x939E, 0x8B7D, 0x8B7D, 0x8B7E, 0x939E, 0x939E, 0x939E, 0x939D, 0x939D,
  0x93BE, 0x93BE, 0x93BE, 0x93BE, 0x93BE, 0x93BE, 0x93BE, 0x9BDE, 0x9BDE, 0x9BDE, 0x9BFE, 0xA41F, 0x8B7C, 0x9BDE, 0x9BDE, 0x8B7C,
  0x833B, 0xA41F, 0x9BFE, 0x7AFA, 0xA3DE, 0xA3FF, 0x833B, 0x9C1D, 0xA43E, 0x833A, 0x9C1E, 0x9BDE, 0xA3FE, 0x9BFE, 0x9BFE, 0xA3FE,
  0x7334, 0xAC9F, 0xA45F, 0xA45F, 0xA43F, 0xA45E, 0xAC9E, 0xB51E, 0xBD5F, 0xC5BF, 0xCE1F, 0xD63F, 0xCE3F, 0xCE1F, 0xCE1F, 0xCDFF,
  0xCDFF, 0xCDFF, 0xCDFF, 0xCDFF, 0xCDFF, 0xCDFF, 0xCDFF, 0xCDFF, 0xCDFF, 0xCDFF, 0xCDFF, 0xCDFF, 0xCDFF, 0xCDFF, 0xCDFF, 0xCDFF,
  0xCDFF, 0xCDFF, 0xCDFF, 0xCDFF, 0xCDFF, 0xCDFF, 0xCDFF, 0xCDFF, 0xCDFF, 0xCDFF, 0xCE1F, 0xCE1F, 0xCE1F, 0xCE1F, 0xCE1F, 0xCE1F,
  0xCE1F, 0xCE1F, 0xCE1F, 0xCE1F, 0xCE1F, 0xCE1F, 0xCE1F, 0xCE3F, 0xD63F, 0xD63F, 0xD63F, 0xD63F, 0xD63F, 0xD63F, 0xD65F, 0xDEBE,
  0xE6FF, 0xEF1F, 0xEF5F, 0xF75F, 0xEF3F, 0xEF3F, 0xE71F, 0xEF1F, 0xEF1F, 0xEEFF, 0xE6FF, 0xE6FF, 0xE6FF, 0xE6FF, 0xE6FF, 0xE6FF,
  0xE6DF, 0xE6DF, 0xE6DF, 0xE6FF, 0xEEFF, 0xEF3F, 0xEF5F, 0xEF1F, 0xE6BF, 0xD63F, 0xCDFF, 0xCDFF, 0xD61F, 0xD5FF, 0xD5FF, 0xCDFF,
  0xCDDF, 0xCDBF, 0xCDBF, 0xC5BF, 0xCDBF, 0xCDBF, 0xCDBF, 0xC5BF, 0xCDBF, 0xCD9F, 0xCDBF, 0xCDBF, 0xCDBF, 0xCDBF, 0xCDBF, 0xCDBF,
  0xCDBF, 0xCDBF, 0xCDBF, 0xCDDF, 0xCDDF, 0xD5DE, 0xD61E, 0xDE5E, 0xE69F, 0xE69F, 0xEEBF, 0xEEBF, 0xE69F, 0xE67F, 0xE65E, 0xE65F,
  0xE65F, 0xE63F, 0xE63F, 0xE65F, 0xE63F, 0xE63F, 0xDE3E, 0xDE3F, 0xDE1F, 0xDE1F, 0xDDFF, 0xDDFF, 0xDDFE, 0xDDDE, 0xDDDF, 0xDDDF,
  0xD5DE, 0xD5DE, 0xD5DE, 0xD5BE, 0xD5BE, 0xD5BE, 0xD5BE, 0xD5BE, 0xD59E, 0xD5BE, 0xD5BE, 0xD57E, 0xCD5E, 0xCD5E, 0xCD7E, 0xCD7E,
  0xCD5E, 0xCD5E, 0xCD3E, 0xC53E, 0xC53E, 0xC53E, 0xC53E, 0xC53E, 0xCD3E, 0xCD1E, 0xC53E, 0xC51E, 0xC51E, 0xC51E, 0xBCFE, 0xBCDF,
  0xBCBF, 0xB47F, 0xAC3E, 0xA41E, 0xA3FE, 0xA3FE, 0x9BFE, 0x9BFE, 0x9BDE, 0x9BDE, 0x9BDE, 0x9BDE, 0x9BDE, 0x9BDE, 0x93BE, 0x93BE,
  0x93BE, 0x93BE, 0x939E, 0x939E, 0x939E, 0x93BE, 0x939E, 0x93BE, 0x939E, 0x939E, 0x939E, 0x939E, 0x93BE, 0x93BE, 0x93BE, 0x939E,
  0x93BE, 0x93BE, 0x93BE, 0x93BE, 0x93BE, 0x93BE, 0x93BE, 0x93BE, 0x9BDE, 0x9BDE, 0x9BFE, 0xA41F, 0x93DD, 0x831B, 0x93BE, 0x8B5C,
  0x6A78, 0x72B9, 0x93DE, 0x7ADA, 0x935D, 0x9BDE, 0x7AD9, 0x9BFE, 0x9BDE, 0x9C1E, 0xA41E, 0x8B9D, 0x72DA, 0x939D, 0xA41F, 0x9BFE,
  0x7314, 0xAC7E, 0xA45E, 0xB4DE, 0xBD5E, 0xC5BF, 0xCDFF, 0xD63F, 0xCE3F, 0xCE1F, 0xCE1F, 0xCDFF, 0xCDFF, 0xCDFF, 0xCDFF, 0xCDFF,
  0xCDFF, 0xCDFF, 0xCDFF, 0xCDFF, 0xCDFF, 0xCDFF, 0xCDFF, 0xCDFF, 0xCDFF, 0xCDFF, 0xCDFF, 0xC5FF, 0xCDFF, 0xCDFF, 0xCDFF, 0xCDFF,
  0xCDFF, 0xCDFF, 0xCDFF, 0xCDFF, 0xCDFF, 0xCDFF, 0xCDFF, 0xCDFF, 0xCDFF, 0xCDFF, 0xCE1F, 0xCDFF, 0xCE1F, 0xCE1F, 0xCE1F, 0xCE1F,
  0xCE1F, 0xCE1F, 0xCE1F, 0xCE1F, 0xCE1F, 0xCE1F, 0xCE1F, 0xCE1F, 0xCE3F, 0xD63F, 0xD63F, 0xD63F, 0xD63F, 0xD63F, 0xD63F, 0xD65F,
  0xD65F, 0xD65F, 0xDE7F, 0xE6DF, 0xE71F, 0xEF5F, 0xF77F, 0xF75F, 0xEF3F, 0xEF1F, 0xEF1F, 0xEF1F, 0xEF1F, 0xEEFF, 0xE6FF, 0xE6FF,
  0xE6FF, 0xE6FF, 0xE6FF, 0xE6FF, 0xE6FF, 0xE6FF, 0xE6FF, 0xEF1F, 0xEF3F, 0xEF3F, 0xE6FF, 0xD67E, 0xCDFE, 0xCDFF, 0xCDFF, 0xD61F,
  0xD61F, 0xD5FF, 0xD5FF, 0xD5FF, 0xCDDF, 0xCDBF, 0xCDBF, 0xCDBF, 0xCD9F, 0xCD9F, 0xCD9E, 0xCDBF, 0xCDBF, 0xCDDF, 0xCDDE, 0xD5FE,
  0xD5FE, 0xD61F, 0xDE5F, 0xDE5E, 0xE69F, 0xE69F, 0xE6BF, 0xE69F, 0xE67F, 0xDE5F, 0xDE5F, 0xDE3F, 0xDE3F, 0xDE5F, 0xE65F, 0xDE3F,
  0xDE3F, 0xDE1F, 0xDE1F, 0xDE1F, 0xDE1F, 0xDDFF, 0xD5FF, 0xD5FF, 0xD5DF, 0xD5DF, 0xD5FF, 0xD5DF, 0xD5DF, 0xD5BE, 0xD5BE, 0xD59E,
  0xD59E, 0xD59F, 0xD59E, 0xD59E, 0xD59E, 0xD59E, 0xD59E, 0xD59E, 0xD57E, 0xD57E, 0xD59E, 0xD59E, 0xCD7F, 0xB4BD, 0xC51E, 0xCD7E,
  0xCD5E, 0xC53E, 0xC51E, 0xC51E, 0xC51E, 0xC51E, 0xC51E, 0xC51E, 0xC53E, 0xC53E, 0xC53E, 0xC53E, 0xC51E, 0xC51E, 0xC4FE, 0xBCDF,
  0xBCDF, 0xBCDF, 0xB4BE, 0xB49F, 0xAC7F, 0xAC5E, 0xA41E, 0xA41E, 0xA41E, 0xA41E, 0xA41E, 0x9BFE, 0x9BFE, 0x9BFE, 0x9BFE, 0x9BFE,
  0x9BFE, 0x9BDE, 0x939D, 0x93BE, 0x93BE, 0x93BE, 0x93BE, 0x93BE, 0x93BE, 0x93BE, 0x93BE, 0x93BE, 0x93BE, 0x93BE, 0x93BE, 0x93BE,
  0x93BE, 0x93BE, 0x93BE, 0x93BE, 0x93BE, 0x93BE, 0x93BE, 0x93BE, 0x93BE, 0x9BDE, 0x9BFE, 0x9BFE, 0x9C1F, 0x833C, 0x8B3C, 0x93BE,
  0x93BE, 0x835C, 0x7B1A, 0x7B1A, 0x7AFA, 0x9BDE, 0x72B8, 0x93BD, 0x939E, 0x9BFE, 0x93BD, 0x5A37, 0x6278, 0x93BD, 0x9BFE, 0x9BFE,
  0x7BB3, 0xC59E, 0xC5BF, 0xD63F, 0xD63F, 0xCE1F, 0xCE1F, 0xCDFF, 0xCDFF, 0xCDFF, 0xCDFF, 0xCDFF, 0xCDFF, 0xCDFF, 0xCDFF, 0xCDFF,
  0xCDFF, 0xCDFF, 0xCDFF, 0xCDFF, 0xCDFF, 0xCDFF, 0xCDFF, 0xCDFF, 0xCDFF, 0xCDFF, 0xC5FF, 0xC5FF, 0xCDFF, 0xCDFF, 0xCDFF, 0xCDFF,
  0xCDFF, 0xCDFF, 0xCDFF, 0xCDFF, 0xCDFF, 0xCDFF, 0xCDFF, 0xCDFF, 0xCDFF, 0xCDFF, 0xCDFF, 0xCDFF, 0xCE1F, 0xCE1F, 0xCE1F, 0xCE1F,
  0xCE1F, 0xCE1F, 0xCE1F, 0xCE1F, 0xCE1F, 0xCE1F, 0xCE1F, 0xCE1F, 0xCE1F, 0xCE3F, 0xCE3F, 0xCE3F, 0xD63F, 0xD63F, 0xD63F, 0xD65F,
  0xD65F, 0xD65F, 0xD65F, 0xD65F, 0xD65F, 0xDE9F, 0xE6DF, 0xEF3F, 0xF77F, 0xF79F, 0xF75F, 0xEF3F, 0xEF3F, 0xEF3F, 0xEF1F, 0xEF1F,
  0xEEFF, 0xEEFF, 0xEEFF, 0xEEFF, 0xE6FF, 0xE6FF, 0xEEFF, 0xE6FF, 0xE6FF, 0xEF1F, 0xEF3F, 0xF75F, 0xEF1F, 0xDE9F, 0xD61E, 0xCDFF,
  0xCDFF, 0xCDFF, 0xCDFE, 0xD61E, 0xD61F, 0xD61F, 0xD61F, 0xD61F, 0xD63F, 0xD63F, 0xDE5F, 0xDE7F, 0xDE7F, 0xDE7F, 0xE69F, 0xE6BF,
  0xE69F, 0xE67F, 0xE67F, 0xDE7F, 0xDE5F, 0xDE5F, 0xDE3F, 0xDE3F, 0xDE3F, 0xDE3F, 0xDE1F, 0xDE1F, 0xDE1F, 0xDE1F, 0xD61F, 0xD61F,
  0xD5FF, 0xD5FF, 0xD5FF, 0xD5DF, 0xD5DF, 0xD5DF, 0xD5DF, 0xD5DF, 0xD5DF, 0xD5BF, 0xD5BF, 0xD5BF, 0xD5BE, 0xCD9E, 0xCDBE, 0xCD9E,
  0xCD7E, 0xCD7E, 0xCD7E, 0xCD7E, 0xCD9E, 0xCD9E, 0xCD7E, 0xCD7E, 0xCD5E, 0xCD5E, 0xCD7E, 0xC51E, 0xB4BD, 0xAC5E, 0xBCDE, 0xC53E,
  0xC53E, 0xC51E, 0xC4FE, 0xBCBD, 0xBCDE, 0xC51F, 0xC51E, 0xC4FE, 0xC51E, 0xC51E, 0xC51F, 0xC51E, 0xC51E, 0xC4FE, 0xBCFE, 0xBCFE,
  0xBCDE, 0xBCDE, 0xBCDE, 0xBCDE, 0xB4BF, 0xB4BF, 0xB47E, 0xAC5E, 0xAC5E, 0xAC5E, 0xAC3E, 0xA43E, 0xA41E, 0xA41E, 0xA41E, 0x9C1E,
  0x9C1E, 0x9C1E, 0x9BFE, 0x9BFE, 0x9BDE, 0x9BDE, 0x9BDE, 0x9BDE, 0x9BDE, 0x9BFE, 0x9BDE, 0x9BDE, 0x9BDE, 0x9BDE, 0x9BDE, 0x93BE,
  0x93BE, 0x93BE, 0x93BE, 0x9BDE, 0x9BDE, 0x9BDE, 0x9BDE, 0x93BE, 0x93BE, 0x93BD, 0x93DE, 0x9C1F, 0x9C1E, 0x9BFE, 0x833B, 0x939E,
  0x939E, 0x9BFE, 0x93DD, 0x72F9, 0x72B9, 0x93BD, 0x72B9, 0x939D, 0x939E, 0x93DE, 0x6A98, 0x6A98, 0x8B9D, 0x93BE, 0x9BDE, 0x9BFE,
  0x8C55, 0xDE7F, 0xCE1F, 0xCE1F, 0xCE1F, 0xCE1F, 0xCE1F, 0xCDFF, 0xCDFF, 0xCDFF, 0xCDFF, 0xCDFF, 0xCDFF, 0xCDFF, 0xCDFF, 0xCDFF,
  0xCDFF, 0xCDFF, 0xCDFF, 0xCDFF, 0xCDFF, 0xCDFF, 0xCDFF, 0xCDFF, 0xCDFF, 0xCDFF, 0xCDFF, 0xCDFF, 0xCDFF, 0xCDFF, 0xCDFF, 0xCDFF,
  0xCDFF, 0xCDFF, 0xCDFF, 0xCDFF, 0xCDFF, 0xCDFF, 0xCDFF, 0xCDFF, 0xCDFF, 0xCDFF, 0xCDFF, 0xCDFF, 0xCE1F, 0xCE1F, 0xCE1F, 0xCE1F,
  0xCE1F, 0xCE1F, 0xCE1F, 0xCE1F, 0xCE1F, 0xCE1F, 0xCE1F, 0xCE1F, 0xCE1F, 0xCE1F, 0xCE1F, 0xCE1F, 0xCE3F, 0xD63F, 0xD63F, 0xD63F,
  0xD65F, 0xD65F, 0xD65F, 0xD65F, 0xDE7F, 0xDE7F, 0xDE7F, 0xDE7F, 0xDEBF, 0xE71F, 0xF77F, 0xF79F, 0xF79F, 0xF75F, 0xEF3F, 0xEF3F,
  0xEF3F, 0xEF1F, 0xEF1F, 0xEF1F, 0xE71F, 0xE6FF, 0xEEFF, 0xEEFF, 0xEEFF, 0xEEFF, 0xE6FF, 0xE6FF, 0xEF1F, 0xEF3F, 0xEF3F, 0xE6DE,
  0xDE7F, 0xD63F, 0xD63F, 0xD63F, 0xDE3F, 0xDE5F, 0xDE5F, 0xDE7F, 0xE69F, 0xE69F, 0xDE7F, 0xDE5F, 0xDE5F, 0xDE5F, 0xDE5F, 0xDE5F,
  0xDE3F, 0xD63F, 0xD63F, 0xD61E, 0xD61E, 0xD61F, 0xD61F, 0xD61F, 0xD5FF, 0xD5FF, 0xD5FF, 0xD5FF, 0xD5FF, 0xD5FF, 0xD5FF, 0xD5FF,
  0xCDDF, 0xCDDF, 0xCDDF, 0xD5DF, 0xD5DF, 0xCDDF, 0xCDDF, 0xCDBF, 0xCDBF, 0xCDBF, 0xCDBE, 0xCDBE, 0xCD9F, 0xCD9F, 0xCD9E, 0xCD7E,
  0xC55E, 0xCD7E, 0xCD5E, 0xCD7E, 0xCD7E, 0xCD5E, 0xCD5E, 0xCD5E, 0xCD5E, 0xCD5F, 0xCD5F, 0xBCDE, 0xB49E, 0xB49E, 0xB4BE, 0xC51E,
  0xC51F, 0xC51E, 0xBCFF, 0xA41C, 0xAC5D, 0xC4FE, 0xC51D, 0xCD7E, 0xC51E, 0xBCDE, 0xC4FE, 0xC53E, 0xCD7E, 0xC51E, 0xBCFE, 0xBCFE,
  0xBCFE, 0xBCFF, 0xBCFF, 0xBCFF, 0xBCDE, 0xB4DE, 0xB4BE, 0xB4BF, 0xB49F, 0xAC7E, 0xAC7E, 0xAC5E, 0xAC5E, 0xA43E, 0xA41E, 0xA43E,
  0xA43E, 0xA43E, 0xA43E, 0xA41E, 0xA41E, 0x9BFE, 0x9BDE, 0x9BDE, 0x9BDE, 0x9BDE, 0x9BDE, 0x9BDD, 0x9BDD, 0x9BDD, 0x93DD, 0x93BE,
  0x93BE, 0x93BE, 0x93BE, 0x93BE, 0x93BE, 0x93BE, 0x93BE, 0x93BE, 0x93DE, 0x835C, 0x72D9, 0x7B1A, 0x93BD, 0xA45F, 0x93BD, 0x833B,
  0x93BE, 0x9BDE, 0xA45F, 0x8BBC, 0x6277, 0x835B, 0x7AFA, 0x9BDD, 0x9BDE, 0x833B, 0x7B1B, 0x93BE, 0x93BE, 0x93BE, 0x9BDE, 0x9BFE,
  0x8C54, 0xD65F, 0xCDFF, 0xCE1F, 0xCE1F, 0xCE1F, 0xCE1F, 0xCDFF, 0xCDFF, 0xCDFF, 0xCDFF, 0xCDFF, 0xCDFF, 0xCDFF, 0xCDFF, 0xCDFF,
  0xCDFF, 0xCDFF, 0xCDFF, 0xCDFF, 0xCDFF, 0xCDFF, 0xCDFF, 0xCDFF, 0xCDFF, 0xCDFF, 0xCDFF, 0xCDFF, 0xCDFF, 0xCDFF, 0xCDFF, 0xCDFF,
  0xCDFF, 0xCDFF, 0xCDFF, 0xCDFF, 0xCDFF, 0xCDFF, 0xCDFF, 0xCDFF, 0xCDFF, 0xCDFF, 0xCE1F, 0xCDFF, 0xCE1F, 0xCE1F, 0xCE1F, 0xCE1F,
  0xCE1F, 0xCE1F, 0xCE1F, 0xCE1F, 0xCE1F, 0xCE1F, 0xCE1F, 0xCE1F, 0xCE1F, 0xCE1F, 0xCE1F, 0xCE1F, 0xCE3F, 0xD63F, 0xD63F, 0xD63F,
  0xD65F, 0xD65F, 0xD65F, 0xD65F, 0xD65F, 0xD65F, 0xDE7F, 0xDE7F, 0xDE9F, 0xDE9F, 0xDEBF, 0xE6FF, 0xEF5F, 0xF79F, 0xFF9F, 0xF77F,
  0xF75F, 0xEF3F, 0xEF3F, 0xEF1F, 0xEF1F, 0xEF1F, 0xEF1F, 0xEF1F, 0xEF1F, 0xEF1F, 0xEEFF, 0xEF1F, 0xEF1F, 0xE6FF, 0xEF1F, 0xEF3F,
  0xF75F, 0xEF1F, 0xE6BE, 0xD65F, 0xD63F, 0xD63F, 0xD63F, 0xD63F, 0xD63F, 0xDE5F, 0xDE5F, 0xD63F, 0xD63F, 0xD61F, 0xD61F, 0xD61F,
  0xD61F, 0xD61F, 0xD5FF, 0xD5FF, 0xD5FF, 0xD5FF, 0xD5FF, 0xD5DF, 0xD5DF, 0xD5DF, 0xD5DF, 0xCDDF, 0xCDDF, 0xCDDF, 0xCDDF, 0xCDBF,
  0xCDBF, 0xCDBF, 0xCDBF, 0xCDBF, 0xCDBF, 0xCDBF, 0xCDBF, 0xCDBF, 0xCD9F, 0xCD9F, 0xCD9F, 0xCD9F, 0xCD9F, 0xCD9F, 0xC57E, 0xC55E,
  0xC55E, 0xC55F, 0xC53E, 0xC55E, 0xC55E, 0xC51E, 0xC53E, 0xC53E, 0xC53E, 0xC53E, 0xC51E, 0xC51F, 0xC51F, 0xBD1F, 0xBD1F, 0xBD1E,
  0xC51E, 0xC51F, 0xBCFE, 0xBCFE, 0xBCFE, 0xC55E, 0xCD9E, 0xD5BE, 0xC55E, 0xC51F, 0xC51E, 0xC51E, 0xC51E, 0xBCFE, 0xBCFE, 0xBD1E,
  0xBD1E, 0xBD1E, 0xBD1E, 0xBD1E, 0xBCFE, 0xBCDE, 0xBCDE, 0xB4DE, 0xB4DF, 0xB4BF, 0xB4BF, 0xB49E, 0xAC7F, 0xAC7F, 0xAC7F, 0xAC5E,
  0xA43E, 0xA41E, 0xA41E, 0xA43D, 0xA45D, 0xACBD, 0xB4FD, 0xB51D, 0xBD3D, 0xC55D, 0xC59E, 0xC59E, 0xCDBE, 0xC5BE, 0xC5BE, 0xC59E,
  0xC57E, 0xC57E, 0xBD3E, 0xB51D, 0xB4FE, 0xACBD, 0xA45D, 0x9C1D, 0x93DD, 0x939D, 0x833C, 0x7ADB, 0x6A99, 0x833B, 0x9C1E, 0x7AFB,
  0x7AFC, 0x7AFB, 0x9BDD, 0xA47F, 0x6AD8, 0x72D9, 0x835B, 0x9C1E, 0x8B7C, 0x7B3A, 0x9BDE, 0x939E, 0x93BE, 0x93DE, 0x9BFE, 0x9BFE,
  0x9455, 0xD67F, 0xCE1F, 0xCE1F, 0xCE1F, 0xCE1F, 0xCDFF, 0xCDFF, 0xCDFF, 0xCDFF, 0xCDFF, 0xCDFF, 0xCDFF, 0xCDFF, 0xCDFF, 0xCDFF,
  0xCDFF, 0xCDFF, 0xCDFF, 0xCDFF, 0xCDFF, 0xCDFF, 0xCDFF, 0xCDFF, 0xCDFF, 0xCDFF, 0xCDFF, 0xCDFF, 0xCDFF, 0xCDFF, 0xCDFF, 0xCDFF,
  0xCDFF, 0xCDFF, 0xCDFF, 0xCDFF, 0xCDFF, 0xCDFF, 0xCDFF, 0xCDFF, 0xCDFF, 0xCDFF, 0xCE1F, 0xCE1F, 0xCE1F, 0xCE1F, 0xCE1F, 0xCE1F,
  0xCE3F, 0xCE1F, 0xCE1F, 0xCE1F, 0xCE1F, 0xCE1F, 0xCE1F, 0xCE1F, 0xCE1F, 0xCE1F, 0xCE1F, 0xCE1F, 0xCE3F, 0xCE3F, 0xD63F, 0xD63F,
  0xD63F, 0xD63F, 0xD65F, 0xD65F, 0xD65F, 0xD65F, 0xDE7F, 0xDE7F, 0xDE7F, 0xDE9F, 0xDE9F, 0xDE9F, 0xDE9F, 0xE6DF, 0xEF3F, 0xF79F,
  0xFFBF, 0xF77F, 0xF75F, 0xEF3F, 0xEF3F, 0xEF3F, 0xEF1F, 0xEF1F, 0xEF1F, 0xEF1F, 0xEF1F, 0xEF1F, 0xEF1F, 0xEF1F, 0xEEFF, 0xE6FF,
  0xEEFF, 0xEF1F, 0xF73F, 0xEF1F, 0xE6BF, 0xD65E, 0xD63F, 0xD63F, 0xDE3F, 0xD63F, 0xD63F, 0xD63F, 0xD63F, 0xD61F, 0xD61F, 0xD61F,
  0xD5FF, 0xD5FF, 0xD5FF, 0xCDFF, 0xCDFF, 0xCDDF, 0xCDDF, 0xCDDF, 0xCDDF, 0xCDDF, 0xCDDF, 0xCDDF, 0xCDDF, 0xCDBF, 0xCDBF, 0xCDBF,
  0xCDBF, 0xCDBF, 0xCDBF, 0xCDBF, 0xCDBF, 0xCDBF, 0xCDBF, 0xCDBF, 0xCD9F, 0xCD9F, 0xCD9F, 0xC59F, 0xC57F, 0xC57F, 0xC55F, 0xC55F,
  0xC55F, 0xC55F, 0xC53E, 0xC53E, 0xC53E, 0xC53F, 0xC53E, 0xC53E, 0xC53E, 0xC53E, 0xC53E, 0xBD1F, 0xBD1E, 0xBD1E, 0xC53F, 0xC53F,
  0xC55F, 0xC53F, 0xBD1F, 0xC53F, 0xC53E, 0xC53E, 0xBD1E, 0xBD1E, 0xBD1E, 0xBD1E, 0xBCFF, 0xBCFE, 0xBCFE, 0xBCFF, 0xBD1F, 0xBD1E,
  0xBD1E, 0xBD1E, 0xBD1E, 0xBD1F, 0xBD1F, 0xBCFF, 0xBCFF, 0xBCFE, 0xBCFE, 0xBCFF, 0xBCDF, 0xB4BF, 0xB49F, 0xAC7E, 0xAC7E, 0xB4BE,
  0xBD1E, 0xC55E, 0xC59D, 0xCDFE, 0xD63E, 0xDE7F, 0xD65E, 0xD63F, 0xD61F, 0xCE1F, 0xCDFF, 0xCDFF, 0xCDFF, 0xCDFF, 0xCDDF, 0xCDDF,
  0xCDFF, 0xCDFF, 0xCDFF, 0xCDFF, 0xCE1F, 0xCDFF, 0xCDFF, 0xCDDE, 0xC59E, 0xBD3E, 0xAC9D, 0x9C3D, 0x8B9B, 0x6A98, 0x72DA, 0x835D,
  0x7AFB, 0x7AFB, 0x7AFA, 0xA43F, 0x7B1A, 0x6277, 0x8B7C, 0x9BDE, 0x72D9, 0x939D, 0x93BE, 0x93BE, 0x93DE, 0x9BFE, 0x9BFE, 0x9BFE,
  0x9475, 0xD67F, 0xCDFF, 0xCE1F, 0xCE1F, 0xCE1F, 0xCDFF, 0xCDFF, 0xCDFF, 0xCDFF, 0xCDFF, 0xCDFF, 0xCDFF, 0xCDFF, 0xCDFF, 0xCDFF,
  0xCDFF, 0xCDFF, 0xCDFF, 0xCDFF, 0xCDFF, 0xCDFF, 0xCDFF, 0xCDFF, 0xCDFF, 0xCDFF, 0xCDFF, 0xCDFF, 0xCDFF, 0xCE1F, 0xCE1F, 0xCDFF,
  0xCDFF, 0xCDFF, 0xCDFF, 0xCDFF, 0xCDFF, 0xCDFF, 0xCDFF, 0xCDFF, 0xCE1F, 0xCDFF, 0xCE1F, 0xCE1F, 0xCE1F, 0xCE1F, 0xCE1F, 0xCE1F,
  0xCE1F, 0xCE1F, 0xCE1F, 0xCE1F, 0xCE1F, 0xCE1F, 0xCE1F, 0xCE1F, 0xCE1F, 0xCE1F, 0xCE1F, 0xCE1F, 0xCE3F, 0xCE3F, 0xD63F, 0xD63F,
  0xD63F, 0xD63F, 0xD63F, 0xD65F, 0xD65F, 0xD65F, 0xD65F, 0xD65F, 0xDE7F, 0xDE7F, 0xDE9F, 0xDE9F, 0xDE9F, 0xDE9F, 0xDE9F, 0xE6DF,
  0xEF3F, 0xF79F, 0xFFBF, 0xF79F, 0xF75F, 0xEF5F, 0xEF3F, 0xEF1F, 0xEF1F, 0xEF1F, 0xEF1F, 0xEF1F, 0xEF1F, 0xEF1F, 0xEF1F, 0xEF1F,
  0xEF1F, 0xE6FF, 0xEEFF, 0xEF1F, 0xEF3F, 0xEF3F, 0xE6DE, 0xDE7E, 0xD63F, 0xD61F, 0xD63F, 0xD63F, 0xD61F, 0xD61F, 0xD61F, 0xD61F,
  0xD61F, 0xD5FF, 0xD5FF, 0xCDFF, 0xCDDF, 0xCDDF, 0xCDDF, 0xCDDF, 0xCDBF, 0xCDBF, 0xCDBF, 0xCDBF, 0xCDDF, 0xCDBF, 0xCDBF, 0xCDBF,
  0xCDBF, 0xCD9F, 0xCDBF, 0xCDBF, 0xCD9F, 0xCD9F, 0xCD9F, 0xCD9F, 0xCD9F, 0xCD9F, 0xC57F, 0xC57F, 0xC57F, 0xC55F, 0xC55F, 0xC55F,
  0xC55E, 0xC55E, 0xC55E, 0xC57E, 0xCD7E, 0xC55F, 0xC55F, 0xC55E, 0xC55E, 0xC55E, 0xC55F, 0xC53F, 0xC55F, 0xC53F, 0xC53F, 0xC53F,
  0xC53E, 0xC53E, 0xC53F, 0xC53F, 0xC53E, 0xC53F, 0xC53F, 0xC53F, 0xBD1E, 0xBD1E, 0xBCFF, 0xBCFE, 0xBCFE, 0xBCFF, 0xBD1E, 0xBD1F,
  0xBD1E, 0xBD1E, 0xBD1E, 0xBD1F, 0xBD1F, 0xBD1F, 0xBD1F, 0xBD1E, 0xBCFE, 0xBCFF, 0xB4DE, 0xBCFE, 0xC55E, 0xCDBE, 0xD61E, 0xDE7E,
  0xDE9E, 0xDE5F, 0xD63F, 0xD63F, 0xCDFF, 0xCDDF, 0xCDDF, 0xC5BF, 0xC5DF, 0xC5DF, 0xC5BF, 0xC5BF, 0xC5BF, 0xC5BF, 0xC5BF, 0xC5BF,
  0xC5BF, 0xC5BF, 0xC5BF, 0xC5BF, 0xC5BF, 0xC5BF, 0xC59F, 0xC5BF, 0xCDDF, 0xCDDF, 0xCDFF, 0xCDDF, 0xCDDE, 0xBD5D, 0x93FA, 0x8B9B,
  0x7AFA, 0x833C, 0x7ADA, 0x833C, 0x835B, 0x51D3, 0x93BC, 0x7AFA, 0x7ADA, 0x9BBE, 0x93BE, 0x9BDE, 0x9BDE, 0x9BFE, 0x9BFE, 0x9BDE,
  0x9475, 0xD67F, 0xCDFF, 0xCE1F, 0xCE1F, 0xCE1F, 0xCE1F, 0xCE1F, 0xCDFF, 0xCDFF, 0xCDFF, 0xCDFF, 0xCDFF, 0xCDFF, 0xCDFF, 0xCDFF,
  0xCDFF, 0xCDFF, 0xCDFF, 0xCDFF, 0xCDFF, 0xCDFF, 0xCDFF, 0xCDFF, 0xCDFF, 0xCDFF, 0xCE1F, 0xCDFF, 0xCE1F, 0xCE1F, 0xCE1F, 0xCDFF,
  0xCE1F, 0xCDFF, 0xCDFF, 0xCDFF, 0xCDFF, 0xCE1F, 0xCE1F, 0xCE1F, 0xCE1F, 0xCE1F, 0xCE1F, 0xCE1F, 0xCE1F, 0xCE1F, 0xCE1F, 0xCE1F,
  0xCE1F, 0xCE1F, 0xCE1F, 0xCE1F, 0xCE1F, 0xCE1F, 0xCE1F, 0xCE1F, 0xCE1F, 0xCE3F, 0xCE3F, 0xCE3F, 0xCE3F, 0xCE3F, 0xD63F, 0xD63F,
  0xD63F, 0xD63F, 0xD63F, 0xD63F, 0xD63F, 0xD65F, 0xD65F, 0xD65F, 0xDE7F, 0xDE7F, 0xDE7F, 0xDE7F, 0xDE9F, 0xDE9F, 0xDE9F, 0xE6BF,
  0xE6BF, 0xE6DF, 0xEF3F, 0xFFBF, 0xFFDF, 0xF79F, 0xF75F, 0xEF5F, 0xEF3F, 0xEF1F, 0xEF1F, 0xEEFF, 0xEF1F, 0xEF1F, 0xEEFF, 0xEEFF,
  0xEEFF, 0xEEFF, 0xEEFF, 0xEEFF, 0xE6FF, 0xEF1F, 0xEF3F, 0xEF5F, 0xE71F, 0xDE9F, 0xD65E, 0xD61F, 0xD61F, 0xD61F, 0xD61F, 0xD61F,
  0xD61F, 0xD5FF, 0xD5FF, 0xCDDF, 0xCDDF, 0xCDDF, 0xCDDF, 0xCDDF, 0xCDBF, 0xCDBF, 0xCDDF, 0xCDBF, 0xCDBF, 0xCDBF, 0xCDBF, 0xCDBF,
  0xCD9F, 0xCD9F, 0xCD9F, 0xC59F, 0xC59F, 0xC59F, 0xCD9F, 0xCD9F, 0xC57F, 0xC57E, 0xC57E, 0xC57F, 0xC55F, 0xC55F, 0xC55F, 0xC55F,
  0xC55F, 0xC55E, 0xC55E, 0xCDBF, 0xD5BF, 0xC55F, 0xC55F, 0xC55E, 0xC55E, 0xC55F, 0xC53E, 0xC53E, 0xC53E, 0xC53F, 0xC53F, 0xC53F,
  0xBD1F, 0xC53F, 0xC53F, 0xC53F, 0xC53F, 0xC53F, 0xC53F, 0xBD1F, 0xBD1E, 0xBCFE, 0xBCFE, 0xBCFE, 0xBCFE, 0xBCFF, 0xBCFF, 0xBD1E,
  0xBD1E, 0xBD1E, 0xBD1E, 0xC51F, 0xC51F, 0xBD1E, 0xBD1E, 0xBD1E, 0xC57E, 0xCDDE, 0xD63E, 0xE69E, 0xE6BF, 0xDE7F, 0xD65F, 0xCE3F,
  0xCE1F, 0xCDFF, 0xCDFF, 0xCDFF, 0xCDFF, 0xCDFF, 0xCDDF, 0xCDDF, 0xCDDF, 0xCDDF, 0xCDDF, 0xC5DF, 0xC5DF, 0xC5DF, 0xC5DF, 0xC5DF,
  0xC5BF, 0xC5BF, 0xC5DF, 0xC5DF, 0xC5BF, 0xC5BF, 0xC5BF, 0xC5BF, 0xC5BF, 0xC5BF, 0xC5BF, 0xC5BF, 0xC5DF, 0xCDFF, 0xD63F, 0xCDFE,
  0xB51D, 0x941C, 0x835B, 0x6A79, 0x7B1A, 0x51F4, 0x837B, 0x6A78, 0x8B7D, 0x93BE, 0x93DE, 0x9BDE, 0x9BFE, 0x9BDE, 0x9BDE, 0x9BDE,
  0x9476, 0xD65F, 0xCDFF, 0xCE1F, 0xCE1F, 0xCE1F, 0xCDFF, 0xCDFF, 0xCDFF, 0xCDFF, 0xCDFF, 0xCDFF, 0xCDFF, 0xCDFF, 0xCDFF, 0xCDFF,
  0xCDFF, 0xCDFF, 0xCDFF, 0xCDFF, 0xCDFF, 0xCDFF, 0xCDFF, 0xCDFF, 0xCDFF, 0xCE1F, 0xCE1F, 0xCE1F, 0xCE1F, 0xCE1F, 0xCE1F, 0xCE1F,
  0xCE1F, 0xCE1F, 0xCE1F, 0xCE1F, 0xCE1F, 0xCE1F, 0xCE1F, 0xCE1F, 0xCE1F, 0xCE1F, 0xCE1F, 0xCE1F, 0xCE1F, 0xCE1F, 0xCE1F, 0xCE3F,
  0xCE1F, 0xCE1F, 0xCE1F, 0xCE1F, 0xCE1F, 0xCE1F, 0xCE3F, 0xCE3F, 0xCE3F, 0xCE3F, 0xCE1F, 0xCE3F, 0xD63F, 0xD63F, 0xD63F, 0xD63F,
  0xD63F, 0xD63F, 0xD63F, 0xD63F, 0xD63F, 0xD65F, 0xD65F, 0xD65F, 0xD65F, 0xD65F, 0xD67F, 0xD67F, 0xD67F, 0xDE7F, 0xDE9F, 0xDE9F,
  0xDE9F, 0xE6BF, 0xE6BF, 0xE6FF, 0xEF5F, 0xFFDF, 0xFFBF, 0xF77F, 0xF75F, 0xF73F, 0xEF3F, 0xEF1F, 0xEF1F, 0xEF1F, 0xEEFF, 0xE6FF,
  0xEEFF, 0xEEFF, 0xE6FF, 0xE6FF, 0xE6FF, 0xE6FF, 0xE6FF, 0xE6FF, 0xEF3F, 0xEF3F, 0xEF3F, 0xE6DF, 0xDE7F, 0xD61F, 0xCDFF, 0xD5FF,
  0xD5FF, 0xD61F, 0xD5FF, 0xCDFF, 0xCDDF, 0xCDDF, 0xCDDF, 0xCDDF, 0xCDFF, 0xCDDF, 0xCDDF, 0xCDBF, 0xCDBF, 0xCDBF, 0xCDBF, 0xCDBF,
  0xC59F, 0xCD9F, 0xCD9F, 0xC59F, 0xC59F, 0xC59F, 0xCD9F, 0xC59F, 0xC59F, 0xC57F, 0xC57F, 0xC57F, 0xC55F, 0xC55F, 0xC55E, 0xC55F,
  0xC55F, 0xC55F, 0xC55F, 0xC55E, 0xC55E, 0xC55E, 0xC55F, 0xC55E, 0xC55F, 0xC53F, 0xC53F, 0xC53E, 0xC53E, 0xC53E, 0xC53F, 0xBD1E,
  0xBD3F, 0xBD3F, 0xC53F, 0xC53F, 0xC53F, 0xC53F, 0xBD1E, 0xBD1F, 0xBD1E, 0xBD1E, 0xBD1E, 0xBD1E, 0xBD1E, 0xBD1E, 0xBD1F, 0xBD1F,
  0xC51F, 0xBD1F, 0xBD1F, 0xBCFE, 0xBD3E, 0xC57E, 0xCDDE, 0xDE7E, 0xE6BF, 0xDE9F, 0xDE9F, 0xD65F, 0xD63F, 0xD61F, 0xD61F, 0xCE1F,
  0xD61F, 0xCE1F, 0xCDFF, 0xCDFF, 0xCDFF, 0xCDFF, 0xCDFF, 0xCDDF, 0xCDDF, 0xCDDF, 0xCDDF, 0xCDDF, 0xCDDF, 0xCDDF, 0xCDDF, 0xCDDF,
  0xC5DF, 0xCDDF, 0xC5DF, 0xC5DF, 0xC5BF, 0xC5BF, 0xC5BF, 0xC5BF, 0xC5BF, 0xC5BF, 0xC5BF, 0xC5BF, 0xC5BF, 0xC5BF, 0xC5BF, 0xC5BF,
  0xCDDF, 0xC5BF, 0xBD7E, 0x9C5B, 0x8359, 0x5A14, 0x6AB8, 0x7AFA, 0x93BE, 0x8B7C, 0x833B, 0x8B7C, 0x9BDE, 0x9BDE, 0x93DE, 0x93DE,
  0x9496, 0xD65F, 0xCDFF, 0xCE1F, 0xCE1F, 0xCE1F, 0xCDFF, 0xCDFF, 0xCDFF, 0xCDFF, 0xCDFF, 0xCDFF, 0xCDFF, 0xCDFF, 0xCDFF, 0xCDFF,
  0xCDFF, 0xCDFF, 0xCDFF, 0xCDFF, 0xCE1F, 0xCDFF, 0xCDFF, 0xCE1F, 0xCE1F, 0xCE1F, 0xCE1F, 0xCE1F, 0xCE1F, 0xCE1F, 0xCE1F, 0xCE1F,
  0xCE1F, 0xCE1F, 0xCE1F, 0xCE1F, 0xCE1F, 0xCE1F, 0xCE1F, 0xCE1F, 0xCE1F, 0xCE1F, 0xCE3F, 0xCE3F, 0xCE1F, 0xCE3F, 0xCE3F, 0xD63F,
  0xCE3F, 0xCE3F, 0xCE3F, 0xCE3F, 0xD63F, 0xD63F, 0xD63F, 0xD63F, 0xD63F, 0xD63F, 0xD63F, 0xD63F, 0xD63F, 0xD63F, 0xD63F, 0xD63F,
  0xD63F, 0xD63F, 0xD63F, 0xD63F, 0xD63F, 0xD65F, 0xD65F, 0xD65F, 0xD65F, 0xD65F, 0xD65F, 0xD65F, 0xD67F, 0xD67F, 0xDE7F, 0xDE7F,
  0xDE9F, 0xDE9F, 0xDEBF, 0xE6BF, 0xE6DF, 0xE6FF, 0xF79F, 0xFFDF, 0xF79F, 0xF75F, 0xF73F, 0xEF3F, 0xEF1F, 0xEF1F, 0xEF1F, 0xEF1F,
  0xE6FF, 0xE6FF, 0xE6FF, 0xE6FF, 0xE6FF, 0xE6FF, 0xE6FF, 0xE6FF, 0xE6FF, 0xE6FF, 0xE6FF, 0xEF1F, 0xEF1F, 0xEF3F, 0xE6DE, 0xDE5E,
  0xD61F, 0xCDFF, 0xD5FF, 0xD5FF, 0xD5FF, 0xD5FF, 0xCDDF, 0xCDDF, 0xCDDF, 0xCDDF, 0xCDBF, 0xCDBF, 0xCDBF, 0xCDBF, 0xCDBF, 0xCDBF,
  0xCD9F, 0xCD9F, 0xCD9F, 0xC59F, 0xC59F, 0xC59F, 0xC59F, 0xC59F, 0xC57F, 0xC57F, 0xC57F, 0xC57F, 0xC55F, 0xC55F, 0xC55E, 0xC55F,
  0xC55F, 0xC55F, 0xC55E, 0xC55F, 0xC53F, 0xC53F, 0xC55E, 0xC55E, 0xC53F, 0xC53F, 0xBD3F, 0xC53F, 0xC53E, 0xBD3E, 0xBD3E, 0xBD3E,
  0xBD3F, 0xBD3F, 0xC53F, 0xC53F, 0xC53F, 0xC53E, 0xC53E, 0xC53F, 0xC53F, 0xC53E, 0xC53E, 0xC53E, 0xC53F, 0xC53F, 0xC53F, 0xBD1F,
  0xBD1E, 0xBD3E, 0xC57E, 0xD5FE, 0xE69E, 0xE6BF, 0xDE9F, 0xDE9E, 0xD65F, 0xD65F, 0xD63F, 0xD63F, 0xD63F, 0xD63F, 0xD63F, 0xD61F,
  0xCE1F, 0xCE1F, 0xCDFF, 0xCDFF, 0xCDFF, 0xCDFF, 0xCDFF, 0xCDFF, 0xCDFF, 0xCDFF, 0xCDDF, 0xCDDF, 0xCDDF, 0xCDDF, 0xCDDF, 0xCDDF,
  0xCDDF, 0xCDDF, 0xCDDF, 0xC5DF, 0xC5DF, 0xC5DF, 0xC5DF, 0xC5BF, 0xC5DF, 0xC5DF, 0xC5BF, 0xC5BF, 0xC5BF, 0xC5BF, 0xC5BF, 0xC5BF,
  0xC59F, 0xC59F, 0xC5BF, 0xCDFF, 0xCDDE, 0x9C7A, 0x6AB6, 0x8B5B, 0x93BD, 0x835B, 0x8B9C, 0x9BFE, 0x93DE, 0x93BE, 0x93BE, 0x93DD,
  0x9496, 0xD65F, 0xCDFF, 0xCE1F, 0xCE1F, 0xCE1F, 0xCDFF, 0xCDFF, 0xCDFF, 0xCDFF, 0xCDFF, 0xCDFF, 0xCDFF, 0xCE1F, 0xCE1F, 0xCE1F,
  0xCE1F, 0xCE1F, 0xCDFF, 0xCE1F, 0xCDFF, 0xCDFF, 0xCE1F, 0xCE1F, 0xCE1F, 0xCE1F, 0xCE1F, 0xCE1F, 0xCE1F, 0xCE1F, 0xCE1F, 0xCE1F,
  0xCE1F, 0xCE1F, 0xCE1F, 0xCE1F, 0xCE1F, 0xCE1F, 0xCE1F, 0xCE3F, 0xCE3F, 0xCE1F, 0xCE3F, 0xCE3F, 0xCE3F, 0xD63F, 0xD63F, 0xD63F,
  0xD63F, 0xD63F, 0xD63F, 0xD63F, 0xD63F, 0xD63F, 0xD63F, 0xD63F, 0xD63F, 0xD63F, 0xD63F, 0xD63F, 0xD63F, 0xD63F, 0xD63F, 0xD63F,
  0xD63F, 0xD63F, 0xD63F, 0xD63F, 0xD63F, 0xD65F, 0xD65F, 0xD65F, 0xD65F, 0xD65F, 0xD65F, 0xD67F, 0xD67F, 0xD67F, 0xD67F, 0xD67F,
  0xDE7F, 0xDE7F, 0xDE9F, 0xDE9F, 0xE6BF, 0xE6DF, 0xE6DF, 0xEF3F, 0xFFBF, 0xFFDF, 0xF77F, 0xF75F, 0xEF3F, 0xEF3F, 0xEF1F, 0xEF1F,
  0xEEFF, 0xE6FF, 0xE6FF, 0xE6FF, 0xE6FF, 0xE6FF, 0xE6FF, 0xE6DF, 0xE6DF, 0xE6DF, 0xE6DF, 0xE6DF, 0xE6DF, 0xE6FF, 0xEF1F, 0xEF1F,
  0xEF1F, 0xE6DF, 0xDE7E, 0xD63F, 0xCDFE, 0xCDDF, 0xCDDF, 0xCDDF, 0xCDDF, 0xCDDF, 0xCDDF, 0xCDBF, 0xCDBF, 0xCDBF, 0xCDBF, 0xCDBF,
  0xCDBF, 0xCDBF, 0xCD9F, 0xC59F, 0xC59F, 0xC59F, 0xC57F, 0xC59F, 0xC59F, 0xC57F, 0xC57F, 0xC57F, 0xC55F, 0xC55E, 0xC55F, 0xC55F,
  0xC55F, 0xC55E, 0xC55F, 0xC55F, 0xC55F, 0xC53F, 0xBD3E, 0xBD3E, 0xC53F, 0xC53F, 0xBD3E, 0xC53E, 0xC55E, 0xC55E, 0xBD3E, 0xC53E,
  0xC53E, 0xC53F, 0xC53F, 0xC55E, 0xC55E, 0xC53E, 0xC53F, 0xC53F, 0xC53F, 0xC55F, 0xC55F, 0xC53E, 0xC53E, 0xBD3E, 0xC57E, 0xCDBE,
  0xD63E, 0xE6BE, 0xE6BF, 0xE6BF, 0xDE9F, 0xD65F, 0xD65F, 0xD65F, 0xD65F, 0xD65F, 0xD63F, 0xD63F, 0xD63F, 0xD63F, 0xD63F, 0xD61F,
  0xCE1F, 0xCE1F, 0xCE1F, 0xCE1F, 0xCE1F, 0xCE1F, 0xCE1F, 0xCE1F, 0xCE1F, 0xCE1F, 0xCDFF, 0xCDFF, 0xCDFF, 0xCDFF, 0xCDDF, 0xCDDF,
  0xCDDF, 0xCDDF, 0xCDDF, 0xCDDF, 0xCDDF, 0xCDDF, 0xCDDF, 0xC5DF, 0xC5DF, 0xC5DF, 0xC5BF, 0xC5BF, 0xC5BF, 0xC5BF, 0xC5BF, 0xC5BF,
  0xC5BF, 0xC5BF, 0xC5BF, 0xC59F, 0xC5BF, 0xCDFF, 0xC5BE, 0xB51D, 0x9C3D, 0x93FD, 0x93DD, 0x9BDE, 0x93BD, 0x93BE, 0x93BE, 0x93DD,
  0x9496, 0xD65F, 0xCDFF, 0xCE1F, 0xCE1F, 0xCE1F, 0xCE1F, 0xCDFF, 0xCDFF, 0xCDFF, 0xCDFF, 0xCDFF, 0xCDFF, 0xCE1F, 0xCE1F, 0xCE1F,
  0xCE1F, 0xCE1F, 0xCE1F, 0xCE1F, 0xCE1F, 0xCE1F, 0xCE1F, 0xCE1F, 0xCE1F, 0xCE1F, 0xCE3F, 0xCE3F, 0xCE3F, 0xCE3F, 0xCE3F, 0xCE3F,
  0xCE3F, 0xCE1F, 0xCE1F, 0xCE1F, 0xCE3F, 0xCE3F, 0xCE1F, 0xCE3F, 0xCE3F, 0xCE3F, 0xD63F, 0xCE3F, 0xD63F, 0xD63F, 0xD63F, 0xD63F,
  0xD63F, 0xD63F, 0xD63F, 0xD63F, 0xD63F, 0xD65F, 0xD63F, 0xD63F, 0xD65F, 0xD63F, 0xD63F, 0xD63F, 0xD63F, 0xD63F, 0xD65F, 0xD63F,
  0xD63F, 0xD63F, 0xD65F, 0xD65F, 0xD65F, 0xD65F, 0xD65F, 0xD65F, 0xD65F, 0xD65F, 0xD65F, 0xD65F, 0xD67F, 0xD67F, 0xD67F, 0xD67F,
  0xD67F, 0xDE7F, 0xDE9F, 0xDE9F, 0xDE9F, 0xDEBF, 0xE6BF, 0xE6DF, 0xE6FF, 0xF77F, 0xFFDF, 0xFFBF, 0xF75F, 0xEF5F, 0xEF3F, 0xEF1F,
  0xEF1F, 0xE6FF, 0xE6FF, 0xE6DF, 0xE6DF, 0xE6DF, 0xE6DF, 0xE6DF, 0xE6DF, 0xE6DF, 0xE6DF, 0xE6DF, 0xE6DF, 0xE6DF, 0xE6DF, 0xE6DF,
  0xE6DF, 0xE6FF, 0xEF1F, 0xEF1F, 0xEEFF, 0xDE9F, 0xD65E, 0xD61E, 0xCDFE, 0xCDDF, 0xCDDF, 0xCDDF, 0xCDDF, 0xCDDF, 0xCDBF, 0xCDBF,
  0xCDBF, 0xCDBF, 0xCDBF, 0xCD9F, 0xC59F, 0xC59F, 0xC57F, 0xC57E, 0xC57F, 0xC57F, 0xC57F, 0xC57F, 0xC57F, 0xC57F, 0xC57F, 0xC57F,
  0xC55F, 0xC55F, 0xC55F, 0xC55F, 0xC55F, 0xC53F, 0xC53F, 0xC53F, 0xC55F, 0xC55E, 0xC55E, 0xC55E, 0xC55F, 0xC55E, 0xC55E, 0xC55E,
  0xC55E, 0xC55E, 0xC55F, 0xC55F, 0xC55E, 0xC55F, 0xC55F, 0xC53F, 0xC53F, 0xC53E, 0xC55E, 0xCD9E, 0xD5FE, 0xE69E, 0xE6DE, 0xE6DF,
  0xE6BF, 0xDE9F, 0xD65F, 0xD65F, 0xD65F, 0xD65F, 0xD65F, 0xD63F, 0xD63F, 0xD63F, 0xD63F, 0xD63F, 0xD63F, 0xD63F, 0xD63F, 0xD61F,
  0xD63F, 0xD61F, 0xD63F, 0xD63F, 0xD61F, 0xCE1F, 0xCE1F, 0xCE1F, 0xCE1F, 0xCE1F, 0xCE1F, 0xCDFF, 0xCDFF, 0xCDFF, 0xCDFF, 0xCDDF,
  0xCDDF, 0xCDDF, 0xCDDF, 0xCDDF, 0xCDDF, 0xCDDF, 0xCDDF, 0xC5DF, 0xC5DF, 0xC5DF, 0xC5DF, 0xC5BF, 0xC5DF, 0xC5BF, 0xC5BF, 0xC5BF,
  0xC5BF, 0xC5BF, 0xC5BF, 0xC5BF, 0xC5BF, 0xC59F, 0xC5BF, 0xCDFF, 0xCDFF, 0xB4FE, 0x93DD, 0x8B7D, 0x939D, 0x93DE, 0x93BE, 0x93DE,
  0x9496, 0xD65F, 0xCDFF, 0xCE1F, 0xCE1F, 0xCE1F, 0xCE1F, 0xCDFF, 0xCE1F, 0xCE1F, 0xCE1F, 0xCE1F, 0xCE1F, 0xCE1F, 0xCE1F, 0xCE1F,
  0xCE1F, 0xCDFF, 0xCDFF, 0xCDFF, 0xCDFF, 0xC5DF, 0xC5DF, 0xC5DF, 0xC5DF, 0xC5DF, 0xCDFF, 0xCDFF, 0xCDFF, 0xCE1F, 0xCE1F, 0xD63F,
  0xD65F, 0xD65F, 0xD65F, 0xD65F, 0xD65F, 0xD65F, 0xD63F, 0xCE3F, 0xCE3F, 0xD63F, 0xD63F, 0xD63F, 0xD63F, 0xD63F, 0xD65F, 0xD65F,
  0xD65F, 0xD65F, 0xD65F, 0xD65F, 0xD65F, 0xD65F, 0xD65F, 0xD65F, 0xD65F, 0xD65F, 0xD65F, 0xD65F, 0xD65F, 0xD65F, 0xD65F, 0xD65F,
  0xD65F, 0xD65F, 0xD65F, 0xD65F, 0xD65F, 0xD65F, 0xD65F, 0xD65F, 0xD65F, 0xD65F, 0xD65F, 0xD65F, 0xD65F, 0xD65F, 0xD67F, 0xD67F,
  0xD67F, 0xD67F, 0xD67F, 0xDE7F, 0xDE9F, 0xDE9F, 0xDEBF, 0xE6BF, 0xE6DF, 0xE6FF, 0xEF3F, 0xFFBF, 0xFFDF, 0xF77F, 0xEF5F, 0xEF3F,
  0xEF1F, 0xEEFF, 0xE6FF, 0xE6DF, 0xE6DF, 0xE6DF, 0xE6DF, 0xE6DF, 0xE6DF, 0xE6DF, 0xE6DF, 0xE6DF, 0xE6DF, 0xE6DF, 0xE6DF, 0xE6DF,
  0xE6BF, 0xDEBF, 0xDEBF, 0xE6DF, 0xE6FF, 0xEF1F, 0xEF1F, 0xEEFF, 0xE6DF, 0xDE9E, 0xD63E, 0xD61E, 0xCDFF, 0xCDBF, 0xCDBF, 0xCDBF,
  0xCDBF, 0xCDBF, 0xCDBF, 0xCDBF, 0xCDBF, 0xCD9F, 0xC59F, 0xC59F, 0xC59F, 0xC57F, 0xC57F, 0xC57F, 0xC57F, 0xC57F, 0xC55F, 0xC57F,
  0xC57F, 0xC55F, 0xC55F, 0xC55F, 0xC55F, 0xC55E, 0xC55E, 0xC55E, 0xC55E, 0xC55E, 0xC55E, 0xC55F, 0xC55E, 0xC57E, 0xC57E, 0xC57F,
  0xC55F, 0xC55F, 0xC55F, 0xC55F, 0xC55E, 0xC55E, 0xC57E, 0xC59E, 0xD5FE, 0xDE5E, 0xE6BF, 0xE6DF, 0xE6DF, 0xE6DF, 0xDE9F, 0xDE7F,
  0xD65F, 0xDE7F, 0xDE7F, 0xDE5F, 0xD65F, 0xD65F, 0xD65F, 0xD65F, 0xD65F, 0xD65F, 0xD65F, 0xD65F, 0xD67F, 0xD67F, 0xD67F, 0xD67F,
  0xDE7F, 0xD67F, 0xD67F, 0xD65F, 0xD65F, 0xD65F, 0xD63F, 0xD63F, 0xCE3F, 0xD63F, 0xD61F, 0xCE1F, 0xCDFF, 0xCDFF, 0xCDFF, 0xCDFF,
  0xCDFF, 0xCDDF, 0xCDDF, 0xCDDF, 0xCDDF, 0xCDDF, 0xCDDF, 0xC5DF, 0xC5DF, 0xC5DF, 0xC5DF, 0xC5DF, 0xC5DF, 0xC5BF, 0xC5BF, 0xC5BF,
  0xC5BF, 0xC5BF, 0xC5BF, 0xC5BF, 0xC5BF, 0xC5BF, 0xC5BF, 0xC5BF, 0xC5DF, 0xCDFF, 0xBD5F, 0x93DC, 0x8B7D, 0x93DE, 0x9BDE, 0x9BFE,
  0x9476, 0xD65F, 0xCDFF, 0xCE1F, 0xCE1F, 0xCE1F, 0xCE1F, 0xCE1F, 0xCE1F, 0xCDFF, 0xCDFF, 0xC5DF, 0xC5DF, 0xC5BF, 0xC5BF, 0xC5BF,
  0xC5BF, 0xC5BF, 0xC5BF, 0xC5BF, 0xC59F, 0xC59F, 0xC59F, 0xC59F, 0xC59F, 0xBD9F, 0xC59F, 0xC59F, 0xC5BF, 0xC5BF, 0xC5BF, 0xC5BF,
  0xC5DF, 0xC5DF, 0xCDFF, 0xCE1F, 0xCE1F, 0xD63F, 0xD65F, 0xD67F, 0xD65F, 0xD65F, 0xD65F, 0xD65F, 0xD65F, 0xD65F, 0xD65F, 0xD65F,
  0xD65F, 0xD65F, 0xD65F, 0xD65F, 0xD65F, 0xD65F, 0xD65F, 0xD65F, 0xD65F, 0xD65F, 0xD65F, 0xD65F, 0xD65F, 0xD65F, 0xD65F, 0xD65F,
  0xD65F, 0xD65F, 0xD65F, 0xD65F, 0xD65F, 0xD65F, 0xD65F, 0xD65F, 0xD65F, 0xD65F, 0xD65F, 0xD65F, 0xD65F, 0xD65F, 0xD67F, 0xD67F,
  0xD67F, 0xD67F, 0xD67F, 0xDE7F, 0xDE7F, 0xDE9F, 0xDE9F, 0xDEBF, 0xE6BF, 0xE6DF, 0xE6DF, 0xE6FF, 0xF77F, 0xFFDF, 0xF7BF, 0xEF3F,
  0xEF1F, 0xEF1F, 0xE6FF, 0xE6FF, 0xE6FF, 0xE6DF, 0xE6DF, 0xE6DF, 0xE6DF, 0xE6DF, 0xE6BF, 0xE6BF, 0xE6BF, 0xDEBF, 0xE6BF, 0xDEBF,
  0xDEBF, 0xDEBF, 0xDEBF, 0xE6BF, 0xE6BF, 0xE6BF, 0xDEBF, 0xE6BF, 0xE6DF, 0xE6FF, 0xE6FF, 0xE6DF, 0xE6DF, 0xE6BE, 0xDE7E, 0xD63E,
  0xCDFF, 0xCDFF, 0xCDDF, 0xCDBF, 0xCDBF, 0xC59F, 0xC59E, 0xC59F, 0xC59F, 0xC59F, 0xC59F, 0xC59F, 0xC57F, 0xC57F, 0xC57F, 0xC57F,
  0xC55F, 0xC55F, 0xC55F, 0xC55F, 0xC57F, 0xC57F, 0xC57F, 0xC57F, 0xC57F, 0xC57F, 0xC55F, 0xC55F, 0xC55F, 0xC55E, 0xC57E, 0xC57E,
  0xC57E, 0xCD9E, 0xCDBE, 0xCDDE, 0xD63E, 0xDE7E, 0xE69E, 0xE6BF, 0xE6DF, 0xE6DF, 0xDE9F, 0xDE9F, 0xDE7F, 0xD67F, 0xDE7F, 0xDE7F,
  0xDE5F, 0xDE5F, 0xD67F, 0xD65F, 0xD63F, 0xD63F, 0xD63F, 0xD61F, 0xCE1F, 0xCE1F, 0xCE1F, 0xCDFF, 0xCDFF, 0xCDFF, 0xCDFF, 0xCDFF,
  0xCDFF, 0xCDFF, 0xCDFF, 0xCDFF, 0xCE1F, 0xCE1F, 0xCE1F, 0xCE1F, 0xCE1F, 0xCE3F, 0xD63F, 0xD63F, 0xD63F, 0xCE1F, 0xCE1F, 0xCDFF,
  0xCDFF, 0xCDFF, 0xCDDF, 0xCDDF, 0xCDDF, 0xCDDF, 0xCDDF, 0xC5DF, 0xC5DF, 0xC5DF, 0xC5DF, 0xC5DF, 0xC5DF, 0xC5DF, 0xC5BF, 0xC5DF,
  0xC5BF, 0xC5BF, 0xC5BF, 0xC5BF, 0xC5BF, 0xC5BF, 0xC5BF, 0xC5BF, 0xC5BF, 0xC5BF, 0xC5BF, 0xC59F, 0xAC9E, 0x93DD, 0x9BFE, 0x9C1E,
  0x9C96, 0xD65F, 0xCDFF, 0xCE1F, 0xCE1F, 0xCDFF, 0xCDFF, 0xC5DF, 0xC5DF, 0xC5BF, 0xC5BF, 0xC5BF, 0xC59F, 0xC59F, 0xC59F, 0xC59F,
  0xC5BF, 0xC5BF, 0xC5BF, 0xC5BF, 0xC5BF, 0xC5BF, 0xC5BF, 0xC5BF, 0xC5BF, 0xC5BF, 0xC5BF, 0xC5BF, 0xC5BF, 0xC59F, 0xC5BF, 0xC5BF,
  0xC5BF, 0xC5BF, 0xC5BF, 0xC5BF, 0xC5BF, 0xC5BF, 0xC5DF, 0xCDFF, 0xCDFF, 0xCE1F, 0xD65F, 0xD67F, 0xDE7F, 0xDE7F, 0xD67F, 0xD65F,
  0xD65F, 0xD67F, 0xD67F, 0xD67F, 0xD67F, 0xD67F, 0xD65F, 0xD65F, 0xD65F, 0xD65F, 0xD65F, 0xD65F, 0xD65F, 0xD67F, 0xD65F, 0xD65F,
  0xD65F, 0xD65F, 0xD65F, 0xD65F, 0xD65F, 0xD65F, 0xD65F, 0xD65F, 0xD65F, 0xD65F, 0xD65F, 0xD65F, 0xD65F, 0xD65F, 0xD67F, 0xD67F,
  0xD67F, 0xD67F, 0xD67F, 0xD67F, 0xD67F, 0xDE7F, 0xDE9F, 0xDE9F, 0xDE9F, 0xDEBF, 0xE6BF, 0xE6DF, 0xE6DF, 0xEF3F, 0xFFBF, 0xFFDF,
  0xEF5F, 0xEF1F, 0xEF1F, 0xEEFF, 0xE6FF, 0xE6DF, 0xE6DF, 0xE6DF, 0xE6DF, 0xDEDF, 0xDEBF, 0xDEBF, 0xDEBF, 0xDEBF, 0xDEBF, 0xDEBF,
  0xDEBF, 0xDEBF, 0xDEBF, 0xDEBF, 0xE6BF, 0xDEBF, 0xDEBF, 0xDEBF, 0xDE9F, 0xDE9F, 0xDE9F, 0xDEBF, 0xDEBF, 0xE6DF, 0xE6DF, 0xE6DF,
  0xE6DF, 0xE6DE, 0xE6BF, 0xE6BF, 0xDE9E, 0xDE7E, 0xD63E, 0xCDFE, 0xCDDE, 0xCDBE, 0xCDBE, 0xCDBE, 0xC59E, 0xC59E, 0xC59E, 0xC59E,
  0xC57E, 0xC57F, 0xC57E, 0xC57E, 0xC57E, 0xC57E, 0xC57E, 0xC59E, 0xCD9E, 0xCD9E, 0xCDBE, 0xCDBE, 0xD5FE, 0xD63E, 0xDE5E, 0xDE7F,
  0xDE9F, 0xE69E, 0xE6BF, 0xE6BF, 0xE6BF, 0xDE9F, 0xDE7F, 0xD65F, 0xD65F, 0xD65F, 0xD65F, 0xD65F, 0xD65F, 0xD65F, 0xD63F, 0xD63F,
  0xD63F, 0xD63F, 0xCE1F, 0xCE1F, 0xCDFF, 0xCDFF, 0xCDFF, 0xCDFF, 0xCDDF, 0xCDDF, 0xC5DF, 0xC5DF, 0xC5DF, 0xC5DF, 0xC5DF, 0xC5DF,
  0xC5DF, 0xC5DF, 0xC5DF, 0xC5BF, 0xC5BF, 0xC5BF, 0xC5BF, 0xC5BF, 0xC5BF, 0xC5BF, 0xC5BF, 0xC5BF, 0xC5DF, 0xC5DF, 0xCDFF, 0xCDFF,
  0xCE1F, 0xCE1F, 0xCDFF, 0xCDFF, 0xCDFF, 0xCDDF, 0xCDDF, 0xC5DF, 0xC5DF, 0xC5DF, 0xC5DF, 0xC5DF, 0xC5DF, 0xC5DF, 0xC5DF, 0xC5DF,
  0xC5DF, 0xC5BF, 0xC5BF, 0xC5BF, 0xC5BF, 0xC5BF, 0xC5BF, 0xC5BF, 0xC5BF, 0xC5BF, 0xC5BF, 0xC5BF, 0xCDFF, 0xBD7E, 0xA45D, 0x9BFE,
  0x9496, 0xD63F, 0xC5DF, 0xC5DF, 0xC5BF, 0xC5BF, 0xC5BF, 0xC5BF, 0xC5BF, 0xC5BF, 0xC5BF, 0xC5BF, 0xC5BF, 0xC5BF, 0xC5BF, 0xC5BF,
  0xC59F, 0xC59F, 0xC5BF, 0xC5BF, 0xC5BF, 0xC5BF, 0xC5BF, 0xC5BF, 0xC5BF, 0xC5BF, 0xC5BF, 0xC5BF, 0xC5BF, 0xC59F, 0xC5BF, 0xC5BF,
  0xC5BF, 0xC5BF, 0xC5BF, 0xC5BF, 0xC5BF, 0xC5BF, 0xC5BF, 0xC5BF, 0xC5BF, 0xC5BF, 0xC5DE, 0xC5DE, 0xCDFE, 0xD65F, 0xDE9F, 0xE6DF,
  0xDEBF, 0xDE9F, 0xD67F, 0xD67F, 0xD67F, 0xDE7F, 0xD67F, 0xD67F, 0xD67F, 0xD67F, 0xD67F, 0xD67F, 0xD67F, 0xD67F, 0xD67F, 0xD67F,
  0xD67F, 0xD67F, 0xD67F, 0xD67F, 0xD65F, 0xD65F, 0xD65F, 0xD65F, 0xD65F, 0xD65F, 0xD65F, 0xD65F, 0xD65F, 0xD65F, 0xD67F, 0xD67F,
  0xD67F, 0xD67F, 0xD67F, 0xD67F, 0xD67F, 0xDE7F, 0xDE9F, 0xDE9F, 0xDE9F, 0xDE9F, 0xDEBF, 0xE6BF, 0xE6DF, 0xE6DF, 0xE6FE, 0xF79F,
  0xFFDF, 0xF79F, 0xEF1F, 0xEEFF, 0xEEFF, 0xE6FF, 0xE6DF, 0xE6DF, 0xE6DF, 0xDEBF, 0xDEBF, 0xDEBF, 0xDEBF, 0xDEBF, 0xDEBF, 0xDEBF,
  0xDEBF, 0xDE9F, 0xDEBF, 0xDEBF, 0xDEBF, 0xDE9F, 0xDE9F, 0xDE9F, 0xDE9F, 0xDE9F, 0xDE9F, 0xDE9F, 0xDE9F, 0xDE9F, 0xDE9F, 0xDE9F,
  0xDE9F, 0xDE9F, 0xDEBF, 0xE6BF, 0xE6BF, 0xE6DF, 0xE6DF, 0xE6DF, 0xE6DF, 0xE6DF, 0xE6BF, 0xE6BE, 0xE6BE, 0xE69F, 0xDE7F, 0xDE7F,
  0xDE7F, 0xDE7F, 0xDE5F, 0xDE7F, 0xDE7F, 0xDE9F, 0xDE9E, 0xDE9E, 0xE69F, 0xE69F, 0xE69F, 0xE69F, 0xE6BF, 0xE6BF, 0xDE9F, 0xDE9F,
  0xDE7F, 0xD67F, 0xD65F, 0xD65F, 0xD63F, 0xD63F, 0xD65F, 0xD65F, 0xD65F, 0xD65F, 0xD63F, 0xD63F, 0xD63F, 0xD63F, 0xD63F, 0xD61F,
  0xD61F, 0xCE1F, 0xCE1F, 0xCE1F, 0xCE1F, 0xCDFF, 0xCDFF, 0xCDFF, 0xCDFF, 0xCDDF, 0xC5DF, 0xC5DF, 0xCDFF, 0xC5DF, 0xC5DF, 0xC5DF,
  0xC5DF, 0xC5DF, 0xC5DF, 0xC5DF, 0xC5DF, 0xC5BF, 0xC5BF, 0xC5BF, 0xC5BF, 0xC5BF, 0xC5BF, 0xC5BF, 0xC59F, 0xC59F, 0xC59F, 0xC59F,
  0xC5BF, 0xC5DF, 0xC5DF, 0xCDFF, 0xCE1F, 0xCDFF, 0xCDFF, 0xCDDF, 0xC5DF, 0xC5DF, 0xC5DF, 0xC5DF, 0xC5DF, 0xC5DF, 0xC5DF, 0xC5DF,
  0xC5DF, 0xC5BF, 0xC5BF, 0xC5BF, 0xC5BF, 0xC5BF, 0xC5BF, 0xC5BF, 0xC5BF, 0xC5DF, 0xC5DF, 0xC5DF, 0xC5BF, 0xCE1F, 0xC59F, 0xA43D,
  0x9456, 0xCDFF, 0xC5BF, 0xC5BF, 0xC5BF, 0xC5BF, 0xC5BF, 0xC5BF, 0xC5BF, 0xC5BF, 0xC5BF, 0xC5BF, 0xC5BF, 0xC5BF, 0xC5BF, 0xC5BF,
  0xC5BF, 0xC5BF, 0xC5BF, 0xC5BF, 0xC59F, 0xC59F, 0xC59F, 0xC5BF, 0xC5BF, 0xC5BF, 0xC59F, 0xC59F, 0xC59F, 0xC59F, 0xC5BF, 0xC5BF,
  0xC5BF, 0xC5BF, 0xC5BF, 0xC5BF, 0xC5BF, 0xC5BF, 0xC5BF, 0xC5BF, 0xC5BF, 0xC5BF, 0xC5BF, 0xC5BF, 0xC5BF, 0xC5BF, 0xC5DF, 0xCE1E,
  0xD65F, 0xDE9F, 0xE6DF, 0xDEBF, 0xDE9F, 0xD67F, 0xDE7F, 0xDE9F, 0xDE7F, 0xDE7F, 0xDE7F, 0xDE7F, 0xD67F, 0xDE7F, 0xD67F, 0xD67F,
  0xD67F, 0xD67F, 0xD67F, 0xD67F, 0xD67F, 0xD67F, 0xD67F, 0xD67F, 0xD67F, 0xD67F, 0xD67F, 0xD65F, 0xD65F, 0xD67F, 0xD67F, 0xD67F,
  0xD67F, 0xD67F, 0xD67F, 0xD67F, 0xD67F, 0xD67F, 0xDE7F, 0xDE7F, 0xDE9F, 0xDE9F, 0xDE9F, 0xDEBF, 0xDEBF, 0xE6BF, 0xE6DF, 0xE6DF,
  0xEF5F, 0xFFDF, 0xF79F, 0xEF5F, 0xEEFF, 0xE6FF, 0xE6FF, 0xE6DF, 0xE6DF, 0xE6BF, 0xDEBF, 0xDEBF, 0xDEBF, 0xDEBF, 0xDEBF, 0xDE9F,
  0xDE9F, 0xDE9F, 0xDE9F, 0xDE9F, 0xDE9F, 0xDE9F, 0xDE9F, 0xDE9F, 0xDE9F, 0xDE9F, 0xDE9F, 0xDE9F, 0xDE9F, 0xDE9F, 0xDE9F, 0xDE9F,
  0xDE9F, 0xDE9F, 0xDE9F, 0xDE7F, 0xDE7F, 0xDE7F, 0xDE7F, 0xDE7F, 0xDE7F, 0xDE7F, 0xDE9F, 0xDE9F, 0xDE9F, 0xDE9F, 0xDE9F, 0xDE9F,
  0xDE9F, 0xDE9F, 0xDE9F, 0xDE9F, 0xDE9F, 0xDE9F, 0xDE9F, 0xDE7F, 0xDE7F, 0xDE7F, 0xDE7F, 0xDE7F, 0xDE5F, 0xD65F, 0xD65F, 0xD65F,
  0xD65F, 0xD65F, 0xD65F, 0xD65F, 0xD65F, 0xD65F, 0xD63F, 0xD63F, 0xD63F, 0xD63F, 0xD63F, 0xD63F, 0xD63F, 0xCE3F, 0xCE1F, 0xCE1F,
  0xCE1F, 0xCE1F, 0xCE1F, 0xCE1F, 0xCE1F, 0xCDFF, 0xCDFF, 0xCDFF, 0xC5DF, 0xC5DF, 0xC5DF, 0xC5DF, 0xC5DF, 0xC5DF, 0xC5DF, 0xC5DF,
  0xC5DF, 0xC5DF, 0xC5DF, 0xC5DF, 0xC5DF, 0xC5DF, 0xC5BF, 0xC5BF, 0xC5BF, 0xC5BF, 0xC5BF, 0xC5BF, 0xC5BF, 0xC5BF, 0xC5BF, 0xC5BF,
  0xC5BF, 0xC5BF, 0xC5BF, 0xC5BF, 0xC5BF, 0xC5DF, 0xCDFF, 0xCDFF, 0xCDFF, 0xC5DF, 0xC5DF, 0xC5DF, 0xC5DF, 0xC5DF, 0xC5DF, 0xC5DF,
  0xC5DF, 0xC5DF, 0xC5DF, 0xC5BF, 0xC5BF, 0xC5BF, 0xC5BF, 0xC5DF, 0xC5DF, 0xC5DF, 0xC5DF, 0xC5DF, 0xC5DF, 0xC5DF, 0xC5DF, 0xC57F,
  0x9476, 0xCDFF, 0xC5BF, 0xC5BF, 0xC5BF, 0xC5BF, 0xC5BF, 0xC5BF, 0xC5BF, 0xC5BF, 0xC5BF, 0xC5BF, 0xC5BF, 0xC5BF, 0xC5BF, 0xC5BF,
  0xC5BF, 0xC5BF, 0xC5BF, 0xC5BF, 0xC5BF, 0xC5BF, 0xC5BF, 0xC5BF, 0xC5BF, 0xC5BF, 0xC59F, 0xC59F, 0xC5BF, 0xC59F, 0xC5BF, 0xC5BF,
  0xC5BF, 0xC5BF, 0xC5BF, 0xC5BF, 0xC5BF, 0xC5BF, 0xC5BF, 0xC5BF, 0xC5BF, 0xC5BF, 0xC5BF, 0xC5BF, 0xC5BF, 0xC5DF, 0xC5DF, 0xC5DF,
  0xC5DF, 0xC5DE, 0xCE1E, 0xDE9F, 0xDEDF, 0xE6FF, 0xDEBF, 0xDE9F, 0xDE9F, 0xDE9F, 0xDE9F, 0xDE9F, 0xDE9F, 0xDE9F, 0xDE7F, 0xDE7F,
  0xD67F, 0xD67F, 0xD67F, 0xD67F, 0xD67F, 0xD67F, 0xD67F, 0xD67F, 0xD67F, 0xD67F, 0xD67F, 0xD67F, 0xD67F, 0xD67F, 0xD67F, 0xD67F,
  0xD67F, 0xD67F, 0xD67F, 0xD67F, 0xD67F, 0xD67F, 0xD69F, 0xDE9F, 0xDE9F, 0xDE9F, 0xDE9F, 0xDE9F, 0xDEBF, 0xDEBF, 0xE6DF, 0xE6DF,
  0xE6DF, 0xEF1F, 0xF79F, 0xF79F, 0xF77F, 0xEF1F, 0xE6FF, 0xE6FF, 0xE6DF, 0xE6DF, 0xE6BF, 0xE6BF, 0xDEBF, 0xDEBF, 0xDEBF, 0xDE9F,
  0xDE9F, 0xDE9F, 0xDE9F, 0xDE9F, 0xDE9F, 0xDE9F, 0xDE9F, 0xDE9F, 0xDE9F, 0xDE9F, 0xDE9F, 0xDE9F, 0xDE9F, 0xDE9F, 0xDE9F, 0xDE7F,
  0xDE7F, 0xDE7F, 0xDE9F, 0xDE9F, 0xDE9F, 0xDE9F, 0xDE9F, 0xDE7F, 0xDE7F, 0xDE7F, 0xDE7F, 0xDE7F, 0xDE7F, 0xD67F, 0xD67F, 0xDE7F,
  0xDE7F, 0xDE7F, 0xDE7F, 0xDE7F, 0xDE7F, 0xDE7F, 0xDE7F, 0xDE7F, 0xDE7F, 0xDE7F, 0xDE7F, 0xDE7F, 0xDE7F, 0xDE7F, 0xD65F, 0xD65F,
  0xD65F, 0xD65F, 0xD65F, 0xD65F, 0xD63F, 0xD63F, 0xD63F, 0xCE3F, 0xD63F, 0xCE3F, 0xCE3F, 0xCE3F, 0xCE1F, 0xCE1F, 0xCE1F, 0xCE1F,
  0xCE1F, 0xCE1F, 0xCDFF, 0xCDFF, 0xCDFF, 0xCDFF, 0xCDFF, 0xCDFF, 0xC5DF, 0xCDFF, 0xC5DF, 0xC5DF, 0xC5DF, 0xC5DF, 0xC5DF, 0xC5DF,
  0xC5DF, 0xC5DF, 0xC5DF, 0xC5BF, 0xC5BF, 0xC5BF, 0xC5BF, 0xC5BF, 0xC5BF, 0xC5BF, 0xC5BF, 0xC5BF, 0xC5BF, 0xC5BF, 0xC5BF, 0xC5BF,
  0xC5BF, 0xC5BF, 0xC5BF, 0xC5BF, 0xC59F, 0xC59F, 0xC59F, 0xC5BF, 0xC5DF, 0xCDDF, 0xC5DF, 0xC5DF, 0xC5DF, 0xC5DF, 0xC5DF, 0xC5DF,
  0xC5DF, 0xC5DF, 0xC5DF, 0xC5DF, 0xC5DF, 0xC5DF, 0xC5DF, 0xC5DF, 0xC5DF, 0xC5DF, 0xC5DF, 0xC5BF, 0xC5BF, 0xC5DF, 0xC5BF, 0xC5BF,
  0x9476, 0xCDFF, 0xC5BF, 0xC5BF, 0xC5BF, 0xC5BF, 0xC5BF, 0xC5BF, 0xC5BF, 0xC5BF, 0xC5BF, 0xC5BF, 0xC5BF, 0xC5BF, 0xC5BF, 0xC5BF,
  0xC59F, 0xC5BF, 0xC5BF, 0xC5BF, 0xC5BF, 0xC59F, 0xC5BF, 0xC59F, 0xC5BF, 0xC5BF, 0xC59F, 0xC5BF, 0xC5BF, 0xC5BF, 0xC5BF, 0xC5BF,
  0xC5BF, 0xC5BF, 0xC59F, 0xC59F, 0xC59F, 0xC5BF, 0xC5BF, 0xC5BF, 0xC5BF, 0xC5BF, 0xC5BF, 0xC5BF, 0xC5BF, 0xC5BF, 0xC5DF, 0xC5DF,
  0xC5DF, 0xC5DF, 0xC5DF, 0xC5DF, 0xCDFF, 0xD65E, 0xDEBE, 0xE6FF, 0xE6DF, 0xDEBF, 0xDE9F, 0xDE9F, 0xDE9F, 0xDE9F, 0xDE9F, 0xDE9F,
  0xDE9F, 0xDE9F, 0xDE9F, 0xDE7F, 0xDE7F, 0xD67F, 0xD67F, 0xD67F, 0xD67F, 0xDE7F, 0xD67F, 0xD67F, 0xD67F, 0xD67F, 0xD67F, 0xD67F,
  0xD67F, 0xD67F, 0xD67F, 0xD67F, 0xD67F, 0xD67F, 0xD67F, 0xDE7F, 0xDE9F, 0xDE7F, 0xDE9F, 0xDE9F, 0xDE9F, 0xDEBF, 0xDEBF, 0xE6BF,
  0xE6BF, 0xE6BF, 0xE6FF, 0xEF3F, 0xF75F, 0xF77F, 0xEF5F, 0xE6FF, 0xE6DF, 0xE6DF, 0xE6DF, 0xE6BF, 0xDEBF, 0xDEBF, 0xDEBF, 0xDE9F,
  0xDE9F, 0xDE9F, 0xDE9F, 0xDE9F, 0xDE9F, 0xDE9F, 0xDE9F, 0xDE9F, 0xDE9F, 0xDE9F, 0xDE7F, 0xDE9F, 0xDE9F, 0xDE7F, 0xDE9F, 0xDE9F,
  0xDE7F, 0xDE7F, 0xDE7F, 0xDE7F, 0xD67F, 0xD67F, 0xD67F, 0xD67F, 0xDE7F, 0xDE7F, 0xDE7F, 0xDE7F, 0xDE7F, 0xDE7F, 0xDE7F, 0xDE7F,
  0xDE7F, 0xDE7F, 0xDE7F, 0xDE7F, 0xDE7F, 0xDE7F, 0xDE7F, 0xDE7F, 0xDE7F, 0xDE7F, 0xD67F, 0xD65F, 0xD65F, 0xD65F, 0xD65F, 0xD65F,
  0xD65F, 0xD63F, 0xD63F, 0xD63F, 0xD63F, 0xD63F, 0xCE3F, 0xCE1F, 0xCE1F, 0xCE1F, 0xCE1F, 0xCE1F, 0xCE1F, 0xCE1F, 0xCE1F, 0xCE1F,
  0xCDFF, 0xCDFF, 0xCDFF, 0xCDFF, 0xCDFF, 0xCDFF, 0xCDFF, 0xCDFF, 0xCDFF, 0xC5DF, 0xC5DF, 0xC5DF, 0xC5DF, 0xC5DF, 0xC5DF, 0xC5DF,
  0xC5DF, 0xC5BF, 0xC5BF, 0xC5BF, 0xC5BF, 0xC5BF, 0xC5BF, 0xC5BF, 0xC5BF, 0xC5BF, 0xC5BF, 0xC5BF, 0xC5BF, 0xC5BF, 0xC5BF, 0xC5BF,
  0xC5BF, 0xC5BF, 0xC5BF, 0xC5BF, 0xC5BF, 0xC5BF, 0xC59F, 0xC59F, 0xBD9F, 0xC5BF, 0xC5DF, 0xC5DF, 0xC5DF, 0xC5DF, 0xC5DF, 0xC5DF,
  0xC5DF, 0xC5DF, 0xC5DF, 0xC5DF, 0xC5DF, 0xC5DF, 0xC5DF, 0xC5DF, 0xC5DF, 0xC5DF, 0xC5DF, 0xC5DF, 0xC5DF, 0xC5BF, 0xC5BF, 0xC5DF,
  0x9476, 0xCDFF, 0xC5BF, 0xC5BF, 0xC5BF, 0xC5BF, 0xC5BF, 0xC5BF, 0xC5BF, 0xC5BF, 0xC5BF, 0xC5BF, 0xC5BF, 0xC5BF, 0xC5BF, 0xC5BF,
  0xC5BF, 0xC5BF, 0xC5BF, 0xC5BF, 0xC5BF, 0xC59F, 0xC59F, 0xC59F, 0xC5BF, 0xC5BF, 0xC59F, 0xC5BF, 0xC5BF, 0xC5BF, 0xC59F, 0xC59F,
  0xC59F, 0xC59F, 0xC5BF, 0xC59F, 0xC5BF, 0xC5BF, 0xC5BF, 0xC5BF, 0xC5BF, 0xC5BF, 0xC5BF, 0xC5BF, 0xC5BF, 0xC5BF, 0xC5DF, 0xC5DF,
  0xC5DF, 0xC5DF, 0xC5DF, 0xC5DF, 0xC5DF, 0xC5DF, 0xC5DE, 0xCE3E, 0xDEBE, 0xE6FE, 0xE6FF, 0xDEBF, 0xDE9F, 0xDEBF, 0xDE9F, 0xDE9F,
  0xDE9F, 0xDE9F, 0xDE9F, 0xDE9F, 0xDE9F, 0xDE9F, 0xDE9F, 0xDE9F, 0xDE7F, 0xDE7F, 0xDE7F, 0xDE9F, 0xDE7F, 0xD67F, 0xD67F, 0xD67F,
  0xD67F, 0xD67F, 0xD67F, 0xDE7F, 0xD67F, 0xDE7F, 0xDE7F, 0xD67F, 0xDE7F, 0xDE7F, 0xDE9F, 0xDE9F, 0xDE9F, 0xDEBF, 0xDE9F, 0xDE9F,
  0xE6BF, 0xE6BF, 0xDEBF, 0xE6BF, 0xEF1F, 0xEF3F, 0xF75F, 0xF75F, 0xEF3F, 0xE6FF, 0xE6DF, 0xE6DF, 0xE6DF, 0xDEBF, 0xDEBF, 0xDE9F,
  0xDEBF, 0xDE9F, 0xDE9F, 0xDE9F, 0xDE9F, 0xDE9F, 0xDE9F, 0xDE9F, 0xDE9F, 0xDE9F, 0xDE7F, 0xDE7F, 0xDE7F, 0xDE7F, 0xDE7F, 0xDE7F,
  0xDE7F, 0xDE7F, 0xDE7F, 0xD67F, 0xD67F, 0xD67F, 0xD67F, 0xD67F, 0xD67F, 0xD67F, 0xD67F, 0xDE7F, 0xDE7F, 0xDE7F, 0xDE7F, 0xDE7F,
  0xD67F, 0xD67F, 0xD67F, 0xD67F, 0xDE7F, 0xD65F, 0xD65F, 0xD65F, 0xD65F, 0xD65F, 0xD65F, 0xD65F, 0xD65F, 0xD65F, 0xD63F, 0xD63F,
  0xD63F, 0xD63F, 0xD63F, 0xCE3F, 0xCE1F, 0xCE1F, 0xCE1F, 0xCE1F, 0xCE1F, 0xCE1F, 0xCE1F, 0xCE1F, 0xCE1F, 0xCE1F, 0xCE1F, 0xCE1F,
  0xCE1F, 0xCDFF, 0xCDFF, 0xCDFF, 0xCDFF, 0xCDFF, 0xCDFF, 0xCDFF, 0xC5DF, 0xC5DF, 0xC5DF, 0xC5DF, 0xC5DF, 0xC5BF, 0xC5DF, 0xC5DF,
  0xC5BF, 0xC5BF, 0xC5BF, 0xC5BF, 0xC5BF, 0xC5BF, 0xC5BF, 0xC5BF, 0xC5BF, 0xC5BF, 0xC5BF, 0xC5BF, 0xC5BF, 0xC5BF, 0xC5BF, 0xC5BF,
  0xC5BF, 0xC5BF, 0xC5BF, 0xC5BF, 0xC59F, 0xC59F, 0xC59F, 0xC59F, 0xC59F, 0xC5BF, 0xC59F, 0xC5BF, 0xC5DF, 0xCDDF, 0xC5DF, 0xC5DF,
  0xC5DF, 0xC5DF, 0xC5DF, 0xC5DF, 0xC5DF, 0xC5DF, 0xC5DF, 0xC5DF, 0xC5DF, 0xC5DF, 0xC5DF, 0xC5DF, 0xC5DF, 0xC5DF, 0xC5DF, 0xC5DF,
  0x9456, 0xCDFF, 0xC5BF, 0xC5BF, 0xC5BF, 0xC5BF, 0xC5BF, 0xC5BF, 0xC5BF, 0xC5BF, 0xC5BF, 0xC5BF, 0xC5BF, 0xC5BF, 0xC5BF, 0xC59F,
  0xC5BF, 0xC5BF, 0xC59F, 0xC59F, 0xC5BF, 0xC59F, 0xBD9F, 0xC59F, 0xC5BF, 0xC5BF, 0xC59F, 0xC5BF, 0xC59F, 0xC5BF, 0xC59F, 0xC59F,
  0xC59F, 0xC5BF, 0xC5BF, 0xC59F, 0xC59F, 0xC5BF, 0xC5BF, 0xC5BF, 0xC5BF, 0xC5BF, 0xC5BF, 0xC5BF, 0xC5BF, 0xC5BF, 0xC5BF, 0xC5BF,
  0xC5DF, 0xC5DF, 0xC5DF, 0xC5DF, 0xC5DF, 0xC5DF, 0xC5DF, 0xCDFF, 0xCDFF, 0xCE3E, 0xDEBF, 0xE71F, 0xEEFF, 0xE6BF, 0xDEBF, 0xDEBF,
  0xDEBF, 0xDEBF, 0xDE9F, 0xDE9F, 0xDE9F, 0xDE9F, 0xDE9F, 0xDE9F, 0xDE9F, 0xDE9F, 0xDE9F, 0xDE9F, 0xDE9F, 0xDE9F, 0xD67F, 0xD67F,
  0xDE7F, 0xDE7F, 0xDE7F, 0xDE7F, 0xD67F, 0xDE7F, 0xDE7F, 0xDE9F, 0xDE9F, 0xDE9F, 0xDE9F, 0xDE9F, 0xDE9F, 0xDE9F, 0xDE9F, 0xDE9F,
  0xDE9F, 0xDE9F, 0xDEBF, 0xDEBF, 0xE6BF, 0xE6FF, 0xEF1F, 0xEF1F, 0xEF3F, 0xF75F, 0xEF1F, 0xE6DF, 0xE6DF, 0xE6BF, 0xDEBF, 0xDEBF,
  0xDEBF, 0xDE9F, 0xDE9F, 0xDE9F, 0xDE9F, 0xDE9F, 0xDE9F, 0xDE7F, 0xDE7F, 0xDE7F, 0xDE7F, 0xDE7F, 0xDE7F, 0xDE7F, 0xD67F, 0xD67F,
  0xDE7F, 0xDE7F, 0xD67F, 0xD67F, 0xD67F, 0xD67F, 0xD67F, 0xD65F, 0xD67F, 0xD67F, 0xD65F, 0xD65F, 0xD67F, 0xD67F, 0xD65F, 0xD65F,
  0xD65F, 0xD65F, 0xD65F, 0xD65F, 0xD65F, 0xD65F, 0xD65F, 0xD65F, 0xD65F, 0xD65F, 0xD65F, 0xD63F, 0xD63F, 0xD63F, 0xD63F, 0xD63F,
  0xCE3F, 0xCE3F, 0xCE1F, 0xCE1F, 0xCE1F, 0xCE1F, 0xCE1F, 0xCE1F, 0xCE1F, 0xCE1F, 0xCE1F, 0xCE1F, 0xCE1F, 0xCE1F, 0xCDFF, 0xCDFF,
  0xCDFF, 0xCDFF, 0xCDFF, 0xCDFF, 0xCDFF, 0xCDFF, 0xCDFF, 0xC5DF, 0xC5DF, 0xC5DF, 0xC5DF, 0xC5DF, 0xC5DF, 0xC5DF, 0xC5DF, 0xC5DF,
  0xC5BF, 0xC5BF, 0xC5BF, 0xC5BF, 0xC5BF, 0xC5BF, 0xC5BF, 0xC5BF, 0xC5BF, 0xC5BF, 0xC5BF, 0xC5BF, 0xC5BF, 0xC5BF, 0xC5BF, 0xC5BF,
  0xC5BF, 0xC5BF, 0xC59F, 0xC5BF, 0xC5BF, 0xC5BF, 0xC5BF, 0xC59F, 0xC5BF, 0xC5BF, 0xC5BF, 0xC59F, 0xC59F, 0xC5BF, 0xC5DF, 0xCDFF,
  0xC5DF, 0xCDFF, 0xC5DF, 0xC5DF, 0xC5DF, 0xC5DF, 0xC5DF, 0xC5DF, 0xC5DF, 0xC5DF, 0xC5DF, 0xC5DF, 0xC5DF, 0xC5DF, 0xC5DF, 0xC5DF,
  0x9476, 0xCDFF, 0xC59F, 0xC5BF, 0xC5BF, 0xC5BF, 0xC5BF, 0xC5BF, 0xC5BF, 0xC5BF, 0xC5BF, 0xC59F, 0xC5BF, 0xC5BF, 0xC5BF, 0xC5BF,
  0xC5BF, 0xC5BF, 0xC5BF, 0xC59F, 0xC59F, 0xC59F, 0xC59F, 0xC5BF, 0xC5BF, 0xC5BF, 0xC59F, 0xC59F, 0xBD9F, 0xBD9F, 0xBD9F, 0xBD9F,
  0xC59F, 0xC59F, 0xC59F, 0xC59F, 0xC59F, 0xC59F, 0xC59F, 0xC59F, 0xC5BF, 0xC59F, 0xC59F, 0xC5BF, 0xC5BF, 0xC5BF, 0xC5BF, 0xC5BF,
  0xC5BF, 0xC5BF, 0xC5DF, 0xC5DF, 0xC5DF, 0xC5DE, 0xC5DF, 0xC5DF, 0xCDFF, 0xCDFF, 0xCDFF, 0xCE1E, 0xDEBF, 0xEF1F, 0xE6FF, 0xDEBF,
  0xDEBF, 0xDEBF, 0xDEBF, 0xDEBF, 0xDEBF, 0xDEBF, 0xDEBF, 0xDEBF, 0xDE9F, 0xDE9F, 0xDE9F, 0xDE9F, 0xDE9F, 0xDE9F, 0xDE9F, 0xDE7F,
  0xDE7F, 0xDE7F, 0xDE7F, 0xD67F, 0xDE7F, 0xDE7F, 0xDE7F, 0xDE9F, 0xDE7F, 0xDE9F, 0xDE9F, 0xDE9F, 0xDE9F, 0xDE9F, 0xDE9F, 0xDE9F,
  0xDE9F, 0xDE9F, 0xDE9F, 0xDE9F, 0xE6BF, 0xDEBF, 0xE6DF, 0xEEFF, 0xE6FF, 0xE6FF, 0xEF3F, 0xEF3F, 0xEF1F, 0xE6DF, 0xDEBF, 0xDEBF,
  0xDEBF, 0xDEBF, 0xDE9F, 0xDE9F, 0xDE9F, 0xDE9F, 0xDE9F, 0xDE7F, 0xDE7F, 0xDE7F, 0xD67F, 0xDE7F, 0xDE7F, 0xD67F, 0xD67F, 0xD67F,
  0xDE7F, 0xDE7F, 0xDE7F, 0xD67F, 0xD67F, 0xD67F, 0xD65F, 0xD65F, 0xD65F, 0xD65F, 0xD65F, 0xD65F, 0xD65F, 0xD65F, 0xD65F, 0xD65F,
  0xD65F, 0xD65F, 0xD65F, 0xD65F, 0xD65F, 0xD65F, 0xD65F, 0xD65F, 0xD65F, 0xD65F, 0xD63F, 0xD63F, 0xD63F, 0xCE3F, 0xCE3F, 0xCE3F,
  0xCE1F, 0xCE1F, 0xCE1F, 0xCE1F, 0xCE1F, 0xCE1F, 0xCE1F, 0xCE1F, 0xCE1F, 0xCE1F, 0xCDFF, 0xCDFF, 0xCDFF, 0xCDFF, 0xCDFF, 0xCDFF,
  0xCDFF, 0xCDFF, 0xCDFF, 0xCDFF, 0xC5DF, 0xC5DF, 0xC5DF, 0xC5DF, 0xC5DF, 0xC5DF, 0xC5DF, 0xC5DF, 0xC5DF, 0xC5DF, 0xC5BF, 0xC5BF,
  0xC5BF, 0xC5BF, 0xC5BF, 0xC5BF, 0xC5BF, 0xC5BF, 0xC5BF, 0xC5BF, 0xC5BF, 0xC5BF, 0xC5BF, 0xC5BF, 0xC5BF, 0xC5BF, 0xC5BF, 0xC5BF,
  0xC5BF, 0xC5BF, 0xC59F, 0xC5BF, 0xC5BF, 0xC5BF, 0xC59F, 0xC5BF, 0xC5BF, 0xC5BF, 0xC5BF, 0xC59F, 0xC5BF, 0xC5BF, 0xC5BF, 0xC5DF,
  0xCDFF, 0xC5DF, 0xC5DF, 0xC5DF, 0xC5DF, 0xC5DF, 0xC5DF, 0xC5DF, 0xC5DF, 0xC5DF, 0xC5DF, 0xC5DF, 0xC5DF, 0xC5DF, 0xC5DF, 0xC5DF,
  0x9456, 0xCDFF, 0xC59F, 0xC5BF, 0xC5BF, 0xC5BF, 0xC5BF, 0xC5BF, 0xC5BF, 0xC5BF, 0xC5BF, 0xC59F, 0xC59F, 0xC59F, 0xC5BF, 0xC59F,
  0xC5BF, 0xC5BF, 0xC59F, 0xC59F, 0xC59F, 0xC59F, 0xC59F, 0xC59F, 0xC59F, 0xC59F, 0xC59F, 0xC59F, 0xBD9F, 0xBD9F, 0xBD9F, 0xBD9F,
  0xBD9F, 0xC59F, 0xC59F, 0xC59F, 0xC59F, 0xC59F, 0xC59F, 0xC59F, 0xC59F, 0xC59F, 0xC5BF, 0xC5BF, 0xC5BF, 0xC5BF, 0xC5BF, 0xC5BF,
  0xC5BF, 0xC5BF, 0xC5DF, 0xC5DF, 0xC5DF, 0xC5DF, 0xC5DF, 0xC5DF, 0xC5DF, 0xCDFF, 0xCDFF, 0xCDFF, 0xCE1F, 0xD63F, 0xDEBF, 0xE71F,
  0xE6FF, 0xDEBF, 0xDEBF, 0xDEBF, 0xDEBF, 0xDEBF, 0xDEBF, 0xDEBF, 0xDEBF, 0xDEBF, 0xDE9F, 0xDE9F, 0xDE9F, 0xDE9F, 0xDE9F, 0xDE9F,
  0xDE9F, 0xDE7F, 0xDE7F, 0xDE7F, 0xDE7F, 0xDE9F, 0xDE9F, 0xDE9F, 0xDE9F, 0xDE9F, 0xDE9F, 0xDE9F, 0xDE9F, 0xDE9F, 0xDE9F, 0xDE9F,
  0xDE9F, 0xDE9F, 0xDE9F, 0xDE9F, 0xDEBF, 0xDEBF, 0xDEBF, 0xDEBF, 0xE6DF, 0xE6FF, 0xE6DF, 0xE6FF, 0xEF1F, 0xEF1F, 0xE6FF, 0xE6BF,
  0xDE9F, 0xDEBF, 0xDEBF, 0xDE9F, 0xDE9F, 0xDE9F, 0xDE7F, 0xDE7F, 0xDE7F, 0xDE7F, 0xDE7F, 0xDE7F, 0xDE7F, 0xDE7F, 0xD67F, 0xDE7F,
  0xDE7F, 0xD67F, 0xD67F, 0xD67F, 0xD67F, 0xD65F, 0xD65F, 0xD65F, 0xD65F, 0xD65F, 0xD65F, 0xD65F, 0xD65F, 0xD65F, 0xD65F, 0xD65F,
  0xD65F, 0xD63F, 0xD63F, 0xD63F, 0xD63F, 0xD63F, 0xD63F, 0xD63F, 0xD63F, 0xD63F, 0xD63F, 0xCE3F, 0xCE1F, 0xCE1F, 0xCE1F, 0xCE1F,
  0xCE1F, 0xCE1F, 0xCE1F, 0xCE1F, 0xCE1F, 0xCDFF, 0xCDFF, 0xCDFF, 0xCDFF, 0xCDFF, 0xCDFF, 0xCDFF, 0xCDFF, 0xCDFF, 0xCDFF, 0xC5DF,
  0xC5DF, 0xCDFF, 0xC5FF, 0xC5DF, 0xC5DF, 0xC5DF, 0xC5DF, 0xC5DF, 0xC5DF, 0xC5DF, 0xC5DF, 0xC5DF, 0xC5DF, 0xC5DF, 0xC5BF, 0xC5BF,
  0xC5BF, 0xC5BF, 0xC5BF, 0xC5BF, 0xC5BF, 0xC5BF, 0xC5BF, 0xC5BF, 0xC5BF, 0xC5BF, 0xC5BF, 0xC5BF, 0xC5BF, 0xC5BF, 0xC5BF, 0xC5BF,
  0xC5BF, 0xC5BF, 0xC5BF, 0xC5BF, 0xC5BF, 0xC59F, 0xC5BF, 0xC5BF, 0xC5BF, 0xC5BF, 0xC5BF, 0xC5BF, 0xC5BF, 0xC5BF, 0xC5BF, 0xC5BF,
  0xC5BF, 0xC5DF, 0xC5DF, 0xC5DF, 0xC5DF, 0xC5DF, 0xCDFF, 0xC5DF, 0xCDFF, 0xC5DF, 0xC5DF, 0xC5DF, 0xC5DF, 0xC5DF, 0xC5DF, 0xC5DF,
  0x9456, 0xCDFF, 0xC59F, 0xC5BF, 0xC5BF, 0xC5BF, 0xC5BF, 0xC5BF, 0xC5BF, 0xC5BF, 0xC5BF, 0xC59F, 0xC59F, 0xC59F, 0xC59F, 0xC59F,
  0xC59F, 0xC59F, 0xC59F, 0xC59F, 0xBD9F, 0xC59F, 0xC59F, 0xC59F, 0xC59F, 0xC59F, 0xC59F, 0xBD9F, 0xBD9F, 0xBD9F, 0xC59F, 0xBD9F,
  0xC5BF, 0xC59F, 0xC5BF, 0xC5BF, 0xC59F, 0xC59F, 0xC59F, 0xC59F, 0xC59F, 0xC5BF, 0xC59F, 0xC5BF, 0xC59F, 0xC5BF, 0xC5BF, 0xC5BF,
  0xC5BF, 0xC5BF, 0xC5BF, 0xC5DF, 0xC5DF, 0xC5BF, 0xC5DF, 0xC5DF, 0xC5DF, 0xC5DF, 0xCDFF, 0xCDFF, 0xCE1F, 0xCE1F, 0xCDFF, 0xD63E,
  0xE6DE, 0xEF1F, 0xE6FF, 0xE6DF, 0xE6DF, 0xDEDF, 0xDEBF, 0xDEBF, 0xDEBF, 0xDEBF, 0xDE9F, 0xDE9F, 0xDE9F, 0xDE9F, 0xDE9F, 0xDE9F,
  0xDE9F, 0xDE9F, 0xDE9F, 0xDE9F, 0xDE9F, 0xDE9F, 0xDE9F, 0xDE9F, 0xDE9F, 0xDE9F, 0xDE9F, 0xDE9F, 0xDE9F, 0xDE9F, 0xDE9F, 0xDE9F,
  0xDE9F, 0xDE9F, 0xDE9F, 0xDE9F, 0xDEBF, 0xDE9F, 0xDEBF, 0xDEBF, 0xDEBF, 0xE6BF, 0xE6DF, 0xE6FF, 0xE6DF, 0xE6DF, 0xE6FF, 0xEEFF,
  0xE6FF, 0xE6DF, 0xDEBF, 0xDE9F, 0xDE9F, 0xDE9F, 0xDE7F, 0xDE9F, 0xDE7F, 0xDE7F, 0xDE7F, 0xDE7F, 0xDE7F, 0xDE7F, 0xDE7F, 0xDE7F,
  0xDE7F, 0xD67F, 0xD67F, 0xD67F, 0xD65F, 0xD65F, 0xD65F, 0xD65F, 0xD65F, 0xD65F, 0xD65F, 0xD65F, 0xD65F, 0xD63F, 0xD65F, 0xD65F,
  0xD63F, 0xD63F, 0xD63F, 0xD63F, 0xD63F, 0xD63F, 0xD63F, 0xD63F, 0xCE3F, 0xCE3F, 0xCE3F, 0xCE1F, 0xCE1F, 0xCE1F, 0xCE1F, 0xCE1F,
  0xCE1F, 0xCE1F, 0xCE1F, 0xCE1F, 0xCDFF, 0xCDFF, 0xCDFF, 0xCDFF, 0xCDFF, 0xCDFF, 0xCDFF, 0xCDFF, 0xCDFF, 0xCDFF, 0xCDFF, 0xC5DF,
  0xC5DF, 0xC5DF, 0xC5DF, 0xC5DF, 0xC5DF, 0xC5DF, 0xC5DF, 0xC5DF, 0xC5DF, 0xC5DF, 0xC5DF, 0xC5DF, 0xC5DF, 0xC5DF, 0xC5DF, 0xC5BF,
  0xC5BF, 0xC5BF, 0xC5BF, 0xC5BF, 0xC5BF, 0xC5BF, 0xC5BF, 0xC5BF, 0xC5BF, 0xC5BF, 0xC5BF, 0xC5BF, 0xC5BF, 0xC5BF, 0xC5BF, 0xC5BF,
  0xC5BF, 0xC5BF, 0xC5BF, 0xC5BF, 0xC5BF, 0xC5BF, 0xC5BF, 0xC5BF, 0xC5BF, 0xC5BF, 0xC5BF, 0xC5BF, 0xC5BF, 0xC5BF, 0xC5BF, 0xC5BF,
  0xC5BF, 0xC5BF, 0xC5DF, 0xC5DF, 0xC5DF, 0xC5DF, 0xC5DF, 0xC5DF, 0xCDFF, 0xCDFF, 0xC5DF, 0xC5DF, 0xC5DF, 0xC5DF, 0xC5DF, 0xC5DF,
  0x9476, 0xCDDF, 0xC59F, 0xC5BF, 0xC5BF, 0xC5BF, 0xC5BF, 0xC5BF, 0xC5BF, 0xC5BF, 0xC59F, 0xC59F, 0xC59F, 0xC59F, 0xC59F, 0xC59F,
  0xC59F, 0xC59F, 0xC59F, 0xC59F, 0xC59F, 0xC59F, 0xC59F, 0xC59F, 0xC59F, 0xC59F, 0xBD9F, 0xBD9F, 0xBD9F, 0xBD9F, 0xC59F, 0xC59F,
  0xC59F, 0xC5BF, 0xC5BF, 0xC5BF, 0xC5BF, 0xC59F, 0xC5BF, 0xC59F, 0xC59F, 0xC5BF, 0xC59F, 0xC5BF, 0xC5BF, 0xC5BF, 0xC5BF, 0xC5BF,
  0xC5BF, 0xC5BF, 0xC5BF, 0xC5BF, 0xC5BF, 0xC5DF, 0xC5DF, 0xC5DF, 0xC5DF, 0xC5DF, 0xC5DF, 0xC5DF, 0xCDFF, 0xCDFF, 0xCDFF, 0xCE1F,
  0xCE1F, 0xD67E, 0xEF1F, 0xEF1F, 0xE6DF, 0xDEDF, 0xDEBF, 0xDEBF, 0xDEBF, 0xDEBF, 0xDEBF, 0xDE9F, 0xDE9F, 0xDE9F, 0xDE9F, 0xDE9F,
  0xDE9F, 0xDE9F, 0xDE9F, 0xDE9F, 0xDE9F, 0xDE9F, 0xDE9F, 0xDE9F, 0xDE9F, 0xDE9F, 0xDE9F, 0xDE9F, 0xDE9F, 0xDE9F, 0xDE9F, 0xDE9F,
  0xDE9F, 0xDE9F, 0xDE9F, 0xDE9F, 0xDE9F, 0xDE9F, 0xDE9F, 0xDE9F, 0xDEBF, 0xDEBF, 0xDEBF, 0xDEBF, 0xE6DF, 0xE6DF, 0xDEBF, 0xDEBF,
  0xE6DF, 0xE6FF, 0xE6FF, 0xE6DF, 0xDEBF, 0xDEBF, 0xDE9F, 0xDE9F, 0xDE9F, 0xDE9F, 0xDE7F, 0xDE7F, 0xDE7F, 0xDE7F, 0xDE7F, 0xDE7F,
  0xDE7F, 0xD67F, 0xD67F, 0xD67F, 0xD65F, 0xD65F, 0xD65F, 0xD65F, 0xD65F, 0xD65F, 0xD65F, 0xD65F, 0xD63F, 0xD63F, 0xD63F, 0xD63F,
  0xD63F, 0xD63F, 0xD63F, 0xD63F, 0xD63F, 0xCE3F, 0xCE3F, 0xCE3F, 0xCE1F, 0xCE3F, 0xCE1F, 0xCE1F, 0xCE1F, 0xCE1F, 0xCE1F, 0xCE1F,
  0xCE1F, 0xCDFF, 0xCE1F, 0xCDFF, 0xCDFF, 0xCDFF, 0xCDFF, 0xCDFF, 0xCDFF, 0xCDFF, 0xCDFF, 0xCDFF, 0xCDFF, 0xC5DF, 0xC5DF, 0xC5DF,
  0xC5DF, 0xC5DF, 0xC5DF, 0xC5DF, 0xC5DF, 0xC5DF, 0xC5DF, 0xC5DF, 0xC5DF, 0xC5DF, 0xC5DF, 0xC5DF, 0xC5DF, 0xC5BF, 0xC5BF, 0xC5BF,
  0xC5BF, 0xC5BF, 0xC5BF, 0xC5BF, 0xC5BF, 0xC5BF, 0xC5BF, 0xC5BF, 0xC5BF, 0xC5BF, 0xC5BF, 0xC5BF, 0xC5BF, 0xC5BF, 0xC5BF, 0xC5BF,
  0xC5BF, 0xC5BF, 0xC5BF, 0xC5BF, 0xC5BF, 0xC5BF, 0xC5BF, 0xC5BF, 0xC5BF, 0xC5BF, 0xC5BF, 0xC5BF, 0xC5BF, 0xC5BF, 0xC5BF, 0xC5BF,
  0xC5BF, 0xC5BF, 0xC5BF, 0xC5BF, 0xC5DF, 0xC5DF, 0xC5DF, 0xC5DF, 0xC5DF, 0xC5DF, 0xCDFF, 0xCDFF, 0xCDFF, 0xCDFF, 0xC5DF, 0xCDFF,
  0x9476, 0xCDFF, 0xC59F, 0xC5BF, 0xC5BF, 0xC5BF, 0xC5BF, 0xC5BF, 0xC5BF, 0xC5BF, 0xC5BF, 0xC59F, 0xC59F, 0xC59F, 0xC59F, 0xBD9F,
  0xC59F, 0xC59F, 0xC59F, 0xC59F, 0xC59F, 0xC59F, 0xC59F, 0xBD9F, 0xBD9F, 0xC59F, 0xC59F, 0xBD9F, 0xC59F, 0xC59F, 0xC59F, 0xC59F,
  0xC59F, 0xC5BF, 0xC5BF, 0xC5BF, 0xC5BF, 0xC5BF, 0xC5BF, 0xC59F, 0xC59F, 0xC5BF, 0xC5BF, 0xC5BF, 0xC5BF, 0xC5BF, 0xC5BF, 0xC5BF,
  0xC5BF, 0xC5BF, 0xC5BF, 0xC5BF, 0xC5BF, 0xC5BF, 0xC5BF, 0xC5DF, 0xC5DF, 0xC5DF, 0xC5DF, 0xC5DF, 0xC5DF, 0xC5DF, 0xCDFF, 0xCDFF,
  0xCE1F, 0xCE1F, 0xCE3F, 0xDEBF, 0xEF1F, 0xE6DF, 0xDEBF, 0xDEBF, 0xDEBF, 0xDEBF, 0xDEBF, 0xDEBF, 0xDEBF, 0xDEBF, 0xDE9F, 0xDEBF,
  0xDE9F, 0xDEBF, 0xDE9F, 0xDE9F, 0xDE9F, 0xDE9F, 0xDE9F, 0xDE9F, 0xDE9F, 0xDE9F, 0xDE9F, 0xDE9F, 0xDE9F, 0xDE9F, 0xDE9F, 0xDE9F,
  0xDE9F, 0xDE9F, 0xDE9F, 0xDE9F, 0xDE9F, 0xDE9F, 0xDE9F, 0xDE9F, 0xDE9F, 0xDEBF, 0xDEBF, 0xDEBF, 0xDEBF, 0xDEBF, 0xDEBF, 0xDEBF,
  0xDEBF, 0xDEBF, 0xDEBF, 0xDEBF, 0xDEDF, 0xE6DF, 0xE6BF, 0xDE9F, 0xDE9F, 0xDE9F, 0xDE7F, 0xDE7F, 0xDE7F, 0xDE7F, 0xDE7F, 0xDE7F,
  0xDE7F, 0xD67F, 0xD67F, 0xD65F, 0xD65F, 0xD65F, 0xD65F, 0xD65F, 0xD65F, 0xD65F, 0xD65F, 0xD65F, 0xD65F, 0xD63F, 0xD63F, 0xD63F,
  0xD63F, 0xD63F, 0xD63F, 0xD63F, 0xD63F, 0xCE3F, 0xCE1F, 0xCE1F, 0xCE1F, 0xCE1F, 0xCE1F, 0xCE1F, 0xCE1F, 0xCE1F, 0xCE1F, 0xCE1F,
  0xCE1F, 0xCE1F, 0xCDFF, 0xCDFF, 0xCDFF, 0xCDFF, 0xCDFF, 0xCDFF, 0xCDFF, 0xCDFF, 0xCDFF, 0xC5DF, 0xCDFF, 0xC5DF, 0xC5DF, 0xC5DF,
  0xC5DF, 0xC5DF, 0xC5DF, 0xC5DF, 0xC5DF, 0xC5DF, 0xC5DF, 0xC5DF, 0xC5DF, 0xC5DF, 0xC5DF, 0xC5DF, 0xC5BF, 0xC5DF, 0xC5BF, 0xC5BF,
  0xC5BF, 0xC5BF, 0xC5BF, 0xC5BF, 0xC5BF, 0xC5BF, 0xC5BF, 0xC5BF, 0xC5BF, 0xC5BF, 0xC5BF, 0xC5BF, 0xC5BF, 0xC5BF, 0xC5BF, 0xC5BF,
  0xC5BF, 0xC5BF, 0xC5BF, 0xC5BF, 0xC5BF, 0xC5BF, 0xC5BF, 0xC5BF, 0xC5BF, 0xC5BF, 0xC5BF, 0xC5BF, 0xC5BF, 0xC5BF, 0xC5BF, 0xC5BF,
  0xC5BF, 0xC5BF, 0xC5BF, 0xC5BF, 0xC5BF, 0xC5DF, 0xC5DF, 0xCDFF, 0xCDFF, 0xCDFF, 0xCDFF, 0xCDFF, 0xCDFF, 0xCDFF, 0xCDFF, 0xCDFF,
  0x9C97, 0xCDDF, 0xC59F, 0xC5BF, 0xC5BF, 0xC5BF, 0xC5BF, 0xC5BF, 0xC5BF, 0xC5BF, 0xC59F, 0xC5BF, 0xC59F, 0xC59F, 0xC59F, 0xC59F,
  0xC59F, 0xBD9F, 0xC59F, 0xC59F, 0xC59F, 0xC59F, 0xC59F, 0xC59F, 0xC59F, 0xC59F, 0xC59F, 0xBD9F, 0xBD9F, 0xBD9F, 0xBD9F, 0xC59F,
  0xC5BF, 0xC5BF, 0xC5BF, 0xC5BF, 0xC5BF, 0xC5BF, 0xC5BF, 0xC5BF, 0xC5BF, 0xC5BF, 0xC5BF, 0xC5BF, 0xC5BF, 0xC5BF, 0xC5BF, 0xC5BF,
  0xC5BF, 0xC5BF, 0xC5BF, 0xC5BF, 0xC5BF, 0xC5BF, 0xC5BF, 0xC5BF, 0xC5BF, 0xC5DF, 0xC5DF, 0xC5DF, 0xC5DF, 0xC5DF, 0xCDFF, 0xCDFF,
  0xCDFF, 0xCE1F, 0xCE1F, 0xCE1F, 0xD65E, 0xE6DF, 0xE6FF, 0xDEDF, 0xDEBF, 0xDEBF, 0xDEBF, 0xDEBF, 0xDEBF, 0xDEBF, 0xDEBF, 0xDE9F,
  0xDE9F, 0xDEBF, 0xDEBF, 0xDEBF, 0xDEBF, 0xDE9F, 0xDE9F, 0xDE9F, 0xDE9F, 0xDE9F, 0xDE9F, 0xDE9F, 0xDE9F, 0xDE9F, 0xDEBF, 0xDE9F,
  0xDE9F, 0xDE9F, 0xDE9F, 0xDE9F, 0xDE9F, 0xDE9F, 0xDE9F, 0xDE9F, 0xDE9F, 0xDE9F, 0xDE9F, 0xDEBF, 0xDE9F, 0xDE9F, 0xDEBF, 0xDEBF,
  0xDEBF, 0xDEBF, 0xDEBF, 0xDE9F, 0xDE9F, 0xDE9F, 0xDE9F, 0xDEBF, 0xDEBF, 0xDEBF, 0xDE9F, 0xDE9F, 0xDE9F, 0xDE7F, 0xDE7F, 0xDE7F,
  0xDE7F, 0xDE7F, 0xD67F, 0xD67F, 0xD65F, 0xD65F, 0xD67F, 0xD65F, 0xD65F, 0xD65F, 0xD65F, 0xD65F, 0xD65F, 0xD63F, 0xD63F, 0xD63F,
  0xD63F, 0xD63F, 0xD63F, 0xD63F, 0xCE3F, 0xCE3F, 0xCE1F, 0xCE1F, 0xCE1F, 0xCE1F, 0xCE1F, 0xCE1F, 0xCE1F, 0xCE1F, 0xCE1F, 0xCE1F,
  0xCE1F, 0xCDFF, 0xCDFF, 0xCDFF, 0xCDFF, 0xCDFF, 0xCDFF, 0xCDFF, 0xCDFF, 0xCDFF, 0xCDFF, 0xCDFF, 0xC5DF, 0xC5DF, 0xC5DF, 0xCDFF,
  0xC5DF, 0xC5DF, 0xC5DF, 0xC5DF, 0xC5DF, 0xC5DF, 0xC5DF, 0xC5DF, 0xC5DF, 0xC5DF, 0xC5DF, 0xC5DF, 0xC5DF, 0xC5DF, 0xC5BF, 0xC5BF,
  0xC5BF, 0xC5BF, 0xC5BF, 0xC5BF, 0xC5BF, 0xC5BF, 0xC5BF, 0xC5BF, 0xC5BF, 0xC5BF, 0xC5BF, 0xC5BF, 0xC5BF, 0xC5BF, 0xC5BF, 0xC5BF,
  0xC5BF, 0xC5BF, 0xC5BF, 0xC5BF, 0xC5BF, 0xC5BF, 0xC5BF, 0xC5BF, 0xC5BF, 0xC5BF, 0xC5BF, 0xC5BF, 0xC5BF, 0xC5BF, 0xC5BF, 0xC5BF,
  0xC5BF, 0xC5BF, 0xC5BF, 0xC5BF, 0xC5BF, 0xC5BF, 0xC5DF, 0xC5DF, 0xCDFF, 0xCDFF, 0xCDFF, 0xCDFF, 0xCDFF, 0xC5DF, 0xCDFF, 0xCDFF,
  0x9C97, 0xCDFF, 0xC59F, 0xC5BF, 0xC5BF, 0xC5BF, 0xC5BF, 0xC5BF, 0xC5BF, 0xC5BF, 0xC5BF, 0xC5BF, 0xC5BF, 0xC59F, 0xC59F, 0xC59F,
  0xC59F, 0xC59F, 0xC59F, 0xC59F, 0xC59F, 0xBD9F, 0xC59F, 0xC59F, 0xBD9F, 0xC59F, 0xBD9F, 0xBD9F, 0xBD9F, 0xC59F, 0xC59F, 0xC5BF,
  0xC5BF, 0xC5BF, 0xC5BF, 0xC5BF, 0xC5BF, 0xC5BF, 0xC5BF, 0xC59F, 0xC59F, 0xC59F, 0xC5BF, 0xC5BF, 0xC5BF, 0xC5BF, 0xC5BF, 0xC5BF,
  0xC5BF, 0xC5BF, 0xC5BF, 0xC5BF, 0xC5BF, 0xC5BF, 0xC5BF, 0xC5BF, 0xC5BF, 0xC5DF, 0xC5DF, 0xC5DF, 0xC5DF, 0xC5DF, 0xC5DF, 0xC5DF,
  0xC5DF, 0xCDFF, 0xCDFF, 0xCE1F, 0xCE1F, 0xCE1F, 0xDE9F, 0xE71F, 0xE6DF, 0xDEBF, 0xDEBF, 0xDEBF, 0xDEBF, 0xDEBF, 0xDEBF, 0xDEBF,
  0xDEBF, 0xDEBF, 0xDEBF, 0xDEBF, 0xDE9F, 0xDE9F, 0xDE9F, 0xDE9F, 0xDE9F, 0xDE9F, 0xDE9F, 0xDEBF, 0xDE9F, 0xDE9F, 0xDEBF, 0xDEBF,
  0xDE9F, 0xDE9F, 0xDE9F, 0xDE9F, 0xDE9F, 0xDE9F, 0xDE9F, 0xDE9F, 0xDE9F, 0xDE9F, 0xDE9F, 0xDE9F, 0xDE9F, 0xDE9F, 0xDE9F, 0xDE9F,
  0xDEBF, 0xDEBF, 0xDEBF, 0xDEBF, 0xDEBF, 0xDE9F, 0xDE9F, 0xDE9F, 0xDE9F, 0xDE9F, 0xDE9F, 0xDE9F, 0xDEBF, 0xDE9F, 0xDE9F, 0xDE7F,
  0xDE7F, 0xDE7F, 0xD67F, 0xD67F, 0xDE7F, 0xD67F, 0xD65F, 0xD65F, 0xD65F, 0xD65F, 0xD65F, 0xD65F, 0xD65F, 0xD65F, 0xD63F, 0xD63F,
  0xD63F, 0xD63F, 0xD63F, 0xD63F, 0xCE3F, 0xCE3F, 0xCE3F, 0xCE1F, 0xCE1F, 0xCE1F, 0xCE1F, 0xCE1F, 0xCE1F, 0xCE1F, 0xCE1F, 0xCE1F,
  0xCE1F, 0xCE1F, 0xCDFF, 0xCDFF, 0xCDFF, 0xCDFF, 0xCDFF, 0xCDFF, 0xCDFF, 0xCDFF, 0xC5DF, 0xCDFF, 0xC5DF, 0xC5DF, 0xC5DF, 0xC5DF,
  0xC5DF, 0xC5DF, 0xC5DF, 0xC5DF, 0xC5DF, 0xC5DF, 0xC5DF, 0xC5DF, 0xC5DF, 0xC5DF, 0xC5DF, 0xC5DF, 0xC5DF, 0xC5BF, 0xC5BF, 0xC5BF,
  0xC5BF, 0xC5BF, 0xC5BF, 0xC5BF, 0xC5BF, 0xC5BF, 0xC5BF, 0xC5BF, 0xC5BF, 0xC5BF, 0xC5BF, 0xC5BF, 0xC5BF, 0xC5BF, 0xC59F, 0xC59F,
  0xC5BF, 0xC5BF, 0xC5BF, 0xC5BF, 0xC5BF, 0xC5BF, 0xC5BF, 0xC5BF, 0xC5BF, 0xC5BF, 0xC5BF, 0xC5BF, 0xC5BF, 0xC5BF, 0xC5BF, 0xC5BF,
  0xC5BF, 0xC5BF, 0xC5BF, 0xC5BF, 0xC5BF, 0xC5BF, 0xC5BF, 0xC5DF, 0xCDFF, 0xC5DF, 0xCDFF, 0xCDFF, 0xCDFF, 0xCDFF, 0xCDFF, 0xCDFF,
  0x83D4, 0xCDFF, 0xC59F, 0xC59F, 0xC5BF, 0xC5BF, 0xC5BF, 0xC5BF, 0xC5BF, 0xC5BF, 0xC5BF, 0xC5BF, 0xC59F, 0xC59F, 0xC59F, 0xC59F,
  0xC59F, 0xC59F, 0xC59F, 0xC59F, 0xBD9F, 0xBD9F, 0xC59F, 0xC59F, 0xBD9F, 0xC59F, 0xC59F, 0xC59F, 0xC59F, 0xC59F, 0xC5BF, 0xC5BF,
  0xC5BF, 0xC5BF, 0xC5BF, 0xC5BF, 0xC5BF, 0xC59F, 0xC5BF, 0xC5BF, 0xC59F, 0xC5BF, 0xC5BF, 0xC5BF, 0xC5BF, 0xC5BF, 0xC5BF, 0xC5BF,
  0xC5BF, 0xC5BF, 0xC5BF, 0xC5BF, 0xC5BF, 0xC5BF, 0xC5BF, 0xC5BF, 0xC5BF, 0xC5BF, 0xC5DF, 0xC5DF, 0xC5DF, 0xC5DF, 0xC5DF, 0xC5DF,
  0xC5DF, 0xC5DF, 0xCDFF, 0xCDFF, 0xCE1F, 0xCE1F, 0xCE1F, 0xD65E, 0xE6DF, 0xE6FF, 0xE6DF, 0xDEBF, 0xDEBF, 0xDEBF, 0xDEBF, 0xDEBF,
  0xDEBF, 0xDEBF, 0xDEBF, 0xDEBF, 0xDEBF, 0xDE9F, 0xDEBF, 0xDEBF, 0xDEBF, 0xDE9F, 0xDEBF, 0xDEBF, 0xDEBF, 0xDEBF, 0xDEBF, 0xDE9F,
  0xDE9F, 0xDE9F, 0xDE9F, 0xDE9F, 0xDE9F, 0xDE9F, 0xDE9F, 0xDE9F, 0xDE9F, 0xDE9F, 0xDE9F, 0xDE9F, 0xDE9F, 0xDE9F, 0xDE9F, 0xDE9F,
  0xDE9F, 0xDE9F, 0xDE9F, 0xDE9F, 0xDE9F, 0xDE9F, 0xDE9F, 0xDE9F, 0xDE9F, 0xDE9F, 0xDE9F, 0xDE9F, 0xDE9F, 0xDE9F, 0xDE9F, 0xDE9F,
  0xDE9F, 0xDE9F, 0xDE7F, 0xDE7F, 0xDE7F, 0xDE7F, 0xD65F, 0xD65F, 0xD65F, 0xD65F, 0xD65F, 0xD65F, 0xD65F, 0xD65F, 0xD65F, 0xD63F,
  0xD63F, 0xD63F, 0xD63F, 0xD63F, 0xCE3F, 0xCE3F, 0xCE3F, 0xCE3F, 0xCE1F, 0xCE1F, 0xCE1F, 0xCE1F, 0xCE1F, 0xCE1F, 0xCE1F, 0xCE1F,
  0xCDFF, 0xCE1F, 0xCE1F, 0xCDFF, 0xCDFF, 0xCDFF, 0xCDFF, 0xCDFF, 0xCDFF, 0xCDFF, 0xCDFF, 0xCDFF, 0xC5DF, 0xC5DF, 0xCDFF, 0xC5DF,
  0xC5DF, 0xC5DF, 0xC5DF, 0xC5DF, 0xC5DF, 0xC5DF, 0xC5DF, 0xC5DF, 0xC5DF, 0xC5DF, 0xC5DF, 0xC5BF, 0xC5BF, 0xC5BF, 0xC5BF, 0xC5BF,
  0xC5BF, 0xC5BF, 0xC5BF, 0xC5BF, 0xC5BF, 0xC5BF, 0xC5BF, 0xC5BF, 0xC5BF, 0xC5BF, 0xC5BF, 0xC5BF, 0xC5BF, 0xC5BF, 0xC5BF, 0xC5BF,
  0xC5BF, 0xC5BF, 0xC5BF, 0xC5BF, 0xC5BF, 0xC5BF, 0xC5BF, 0xC5BF, 0xC5BF, 0xC5BF, 0xC5BF, 0xC5BF, 0xC5BF, 0xC5BF, 0xC5BF, 0xC5BF,
  0xC5BF, 0xC5BF, 0xC5BF, 0xC5BF, 0xC5BF, 0xC5BF, 0xC5BF, 0xC5BF, 0xCDFF, 0xC5DF, 0xCDFF, 0xCDFF, 0xCDFF, 0xCDFF, 0xC5DF, 0xCDDF,
  0x4A4D, 0xC5BE, 0xC59F, 0xC59F, 0xC5BF, 0xC5BF, 0xC5BF, 0xC5BF, 0xC5BF, 0xC5BF, 0xC59F, 0xC59F, 0xC59F, 0xC59F, 0xC59F, 0xC59F,
  0xBD9F, 0xC59F, 0xC59F, 0xBD9F, 0xC59F, 0xBD9F, 0xC59F, 0xC59F, 0xC59F, 0xC59F, 0xC59F, 0xC59F, 0xC5BF, 0xC5BF, 0xC5BF, 0xC5BF,
  0xC5BF, 0xC5BF, 0xC5BF, 0xC5BF, 0xC5BF, 0xC59F, 0xC5BF, 0xC5BF, 0xC5BF, 0xC5BF, 0xC5BF, 0xC5BF, 0xC5BF, 0xC5BF, 0xC5BF, 0xC5BF,
  0xC5BF, 0xC5BF, 0xC5BF, 0xC5BF, 0xC5BF, 0xC5BF, 0xC5BF, 0xC5BF, 0xC5BF, 0xC5BF, 0xC5BF, 0xC5BF, 0xC5DF, 0xC5DF, 0xC5DF, 0xC5DF,
  0xC5DF, 0xC5DF, 0xCDFF, 0xCDFF, 0xCDFF, 0xCDFF, 0xCDFF, 0xCE1F, 0xCE1F, 0xD67F, 0xE6FF, 0xE6FF, 0xDEBF, 0xDEBF, 0xDEBF, 0xDEBF,
  0xDEBF, 0xDEBF, 0xDEBF, 0xDEBF, 0xDEBF, 0xDEBF, 0xDEBF, 0xDEBF, 0xDEBF, 0xDEBF, 0xDEBF, 0xDE9F, 0xDE9F, 0xDE9F, 0xDEBF, 0xDE9F,
  0xDEBF, 0xDE9F, 0xDE9F, 0xDE9F, 0xDEBF, 0xDE9F, 0xDE9F, 0xDE9F, 0xDE9F, 0xDE9F, 0xDE9F, 0xDE9F, 0xDE9F, 0xDE9F, 0xDE9F, 0xDE9F,
  0xDE9F, 0xDE9F, 0xDE9F, 0xDE9F, 0xDE9F, 0xDE9F, 0xDE9F, 0xDE9F, 0xDE9F, 0xDE9F, 0xDE9F, 0xDE9F, 0xDE9F, 0xDE9F, 0xDE9F, 0xDE9F,
  0xDE9F, 0xDE9F, 0xDE9F, 0xDE9F, 0xDE9F, 0xDE9F, 0xDE7F, 0xD65F, 0xD65F, 0xD65F, 0xD65F, 0xD65F, 0xD65F, 0xD65F, 0xD65F, 0xD63F,
  0xD63F, 0xD63F, 0xD63F, 0xD63F, 0xD63F, 0xD63F, 0xD63F, 0xD63F, 0xCE3F, 0xCE1F, 0xCE1F, 0xCE1F, 0xCE1F, 0xCE1F, 0xCE1F, 0xCE1F,
  0xCE1F, 0xCE1F, 0xCE1F, 0xCE1F, 0xCDFF, 0xCDFF, 0xCDFF, 0xCDFF, 0xCDFF, 0xCDFF, 0xCDFF, 0xCDFF, 0xCDFF, 0xC5DF, 0xC5DF, 0xCDFF,
  0xC5DF, 0xC5DF, 0xC5DF, 0xC5DF, 0xC5DF, 0xC5DF, 0xCDDF, 0xC5DF, 0xC5DF, 0xC5DF, 0xC5DF, 0xC5BF, 0xC5BF, 0xC5BF, 0xC5BF, 0xC5BF,
  0xC5BF, 0xC5BF, 0xC5BF, 0xC5BF, 0xC5BF, 0xC5BF, 0xC5BF, 0xC5BF, 0xC5BF, 0xC5BF, 0xC5BF, 0xC5BF, 0xC5BF, 0xC5BF, 0xC5BF, 0xC5BF,
  0xC5BF, 0xC5BF, 0xC5BF, 0xC5BF, 0xC5BF, 0xC5BF, 0xC5BF, 0xC5BF, 0xC5BF, 0xC5BF, 0xC5BF, 0xC5BF, 0xC5BF, 0xC5BF, 0xC5BF, 0xC5BF,
  0xC5BF, 0xC5BF, 0xC5BF, 0xC5BF, 0xC5BF, 0xC5BF, 0xC5BF, 0xC5BF, 0xC5DF, 0xCDFF, 0xCDFF, 0xCDFF, 0xCDFF, 0xCDFF, 0xC5DF, 0xC5DF,
  0x18C5, 0x9456, 0xCDFF, 0xC59E, 0xC5BF, 0xC5BF, 0xC5BF, 0xC5BF, 0xC5BF, 0xC5BF, 0xC5BF, 0xC59F, 0xC5BF, 0xC59F, 0xC59F, 0xC59F,
  0xC59F, 0xC59F, 0xC59F, 0xBD9F, 0xC59F, 0xBD9F, 0xC59F, 0xC59F, 0xC59F, 0xC5BF, 0xC5BF, 0xC59F, 0xC59F, 0xC59F, 0xC5BF, 0xC5BF,
  0xC5BF, 0xC5BF, 0xC5BF, 0xC5BF, 0xC5BF, 0xC5BF, 0xC5BF, 0xC5BF, 0xC5BF, 0xC5BF, 0xC5BF, 0xC5BF, 0xC5BF, 0xC5BF, 0xC5BF, 0xC5BF,
  0xC5BF, 0xC5BF, 0xC5BF, 0xC5BF, 0xC5BF, 0xC5BF, 0xC5BF, 0xC5BF, 0xC5BF, 0xC5BF, 0xC5DF, 0xC5DF, 0xC5BF, 0xC5DF, 0xC5DF, 0xC5DF,
  0xC5DF, 0xC5DF, 0xC5DF, 0xCDFF, 0xCDFF, 0xCDFF, 0xCDFF, 0xCDFF, 0xCE1F, 0xCE1F, 0xCE3F, 0xDEBF, 0xE6FF, 0xE6DF, 0xDEBF, 0xDEBF,
  0xDEBF, 0xDEBF, 0xDEBF, 0xDEBF, 0xDEBF, 0xDEBF, 0xDEBF, 0xDEBF, 0xDEBF, 0xDEBF, 0xDEBF, 0xDE9F, 0xDE9F, 0xDE9F, 0xDE9F, 0xDEBF,
  0xDEBF, 0xDE9F, 0xDE9F, 0xDE9F, 0xDEBF, 0xDE9F, 0xDE9F, 0xDE9F, 0xDE9F, 0xDE9F, 0xDE9F, 0xDE9F, 0xDE9F, 0xDE9F, 0xDE9F, 0xDE9F,
  0xDE9F, 0xDE9F, 0xDE9F, 0xDE9F, 0xDE9F, 0xDE9F, 0xDE9F, 0xDE9F, 0xDE9F, 0xDE9F, 0xDE9F, 0xDE9F, 0xDE9F, 0xDE9F, 0xDE7F, 0xDE9F,
  0xDE9F, 0xDE9F, 0xDE7F, 0xDE7F, 0xDE9F, 0xDE7F, 0xDE7F, 0xDE7F, 0xDE7F, 0xDE7F, 0xD65F, 0xD65F, 0xD65F, 0xD65F, 0xD65F, 0xD65F,
  0xD65F, 0xD63F, 0xD63F, 0xD63F, 0xD63F, 0xD63F, 0xD63F, 0xD63F, 0xCE3F, 0xCE1F, 0xCE1F, 0xCE1F, 0xCE1F, 0xCE1F, 0xCE1F, 0xCE1F,
  0xCE1F, 0xCE1F, 0xCE1F, 0xCE1F, 0xCE1F, 0xCDFF, 0xCDFF, 0xCDFF, 0xCDFF, 0xCDFF, 0xCDFF, 0xCDFF, 0xCDFF, 0xCDFF, 0xCDFF, 0xCDFF,
  0xCDFF, 0xCDDF, 0xCDDF, 0xCDDF, 0xCDDF, 0xCDDF, 0xCDDF, 0xC5DF, 0xC5DF, 0xC5DF, 0xC5BF, 0xC5DF, 0xC5BF, 0xC5BF, 0xC5BF, 0xC5BF,
  0xC5BF, 0xC5BF, 0xC5BF, 0xC5BF, 0xC5BF, 0xC5BF, 0xC5BF, 0xC5BF, 0xC5BF, 0xC5BF, 0xC5BF, 0xC5BF, 0xC5BF, 0xC5BF, 0xC5BF, 0xC5BF,
  0xC5BF, 0xC5BF, 0xC5BF, 0xC5BF, 0xC5BF, 0xC5BF, 0xC5BF, 0xC5BF, 0xC5BF, 0xC5BF, 0xC5BF, 0xC5BF, 0xC5DF, 0xC5BF, 0xC5BF, 0xC5BF,
  0xC5BF, 0xC5BF, 0xC5BF, 0xC5BF, 0xC5BF, 0xC5BF, 0xC5BF, 0xC5BF, 0xC5BF, 0xC5DF, 0xCDFF, 0xCDFF, 0xCDFF, 0xC5DF, 0xC5DF, 0xC5DE,
  0x1082, 0x3168, 0xB53B, 0xD61F, 0xC5BF, 0xC59F, 0xC5BF, 0xC5BF, 0xC5BF, 0xC5BF, 0xC5BF, 0xC5BF, 0xC5BF, 0xC5BF, 0xC5BF, 0xC59F,
  0xBD9F, 0xBD9F, 0xBD9F, 0xC59F, 0xC59F, 0xC59F, 0xC59F, 0xC59F, 0xC59F, 0xC59F, 0xC59F, 0xC59F, 0xC5BF, 0xC5BF, 0xC5BF, 0xC5BF,
  0xC5BF, 0xC5BF, 0xC59F, 0xC59F, 0xC5BF, 0xC5BF, 0xC59F, 0xC59F, 0xC59F, 0xC5BF, 0xC5BF, 0xC5BF, 0xC5BF, 0xC5BF, 0xC5BF, 0xC5BF,
  0xC5BF, 0xC5BF, 0xC5BF, 0xC5BF, 0xC5BF, 0xC5BF, 0xC5BF, 0xC5BF, 0xC5BF, 0xC5BF, 0xC5BF, 0xC5DF, 0xC5DF, 0xC5DF, 0xC5DF, 0xC5DF,
  0xC5DF, 0xC5DF, 0xC5DF, 0xC5DF, 0xCDFF, 0xCDFF, 0xCDFF, 0xCDFF, 0xCE1F, 0xCE1F, 0xCE1F, 0xCE1F, 0xD65E, 0xE6DF, 0xE6FF, 0xE6DF,
  0xDEBF, 0xDEBF, 0xDEBF, 0xDEBF, 0xDEBF, 0xDEBF, 0xDEBF, 0xDEBF, 0xDEBF, 0xDEBF, 0xDEBF, 0xDEBF, 0xDEBF, 0xDEBF, 0xDEBF, 0xDEBF,
  0xDE9F, 0xDE9F, 0xDE9F, 0xDE9F, 0xDEBF, 0xDE9F, 0xDE9F, 0xDE9F, 0xDE9F, 0xDE9F, 0xDE9F, 0xDE9F, 0xDE9F, 0xDE9F, 0xDE9F, 0xDE9F,
  0xDE9F, 0xDE9F, 0xDE9F, 0xDE9F, 0xDE9F, 0xDE9F, 0xDE9F, 0xDE9F, 0xDE9F, 0xDE9F, 0xDE9F, 0xDE9F, 0xDE9F, 0xDE9F, 0xDE9F, 0xDE9F,
  0xDE9F, 0xDE9F, 0xDE9F, 0xDE7F, 0xDE7F, 0xDE7F, 0xDE7F, 0xDE7F, 0xDE7F, 0xDE7F, 0xDE7F, 0xDE7F, 0xDE7F, 0xD65F, 0xD65F, 0xD65F,
  0xD65F, 0xD63F, 0xD65F, 0xD63F, 0xD63F, 0xD63F, 0xD63F, 0xD63F, 0xD61F, 0xCE1F, 0xCE3F, 0xCE1F, 0xCE1F, 0xCE1F, 0xCE1F, 0xCE1F,
  0xCE1F, 0xCE1F, 0xCE1F, 0xCE1F, 0xCE1F, 0xCDFF, 0xCDFF, 0xCDFF, 0xCDFF, 0xCDFF, 0xCDFF, 0xCDFF, 0xCDFF, 0xCDFF, 0xCDFF, 0xCDFF,
  0xCDFF, 0xCDFF, 0xCDDF, 0xCDDF, 0xCDDF, 0xCDDF, 0xCDDF, 0xC5DF, 0xC5DF, 0xC5DF, 0xC5DF, 0xC5DF, 0xC5DF, 0xC5BF, 0xC5BF, 0xC5BF,
  0xC5BF, 0xC5BF, 0xC5BF, 0xC5BF, 0xC5BF, 0xC5BF, 0xC5BF, 0xC5BF, 0xC5BF, 0xC5BF, 0xC5BF, 0xC5BF, 0xC5BF, 0xC5BF, 0xC5BF, 0xC5BF,
  0xC5BF, 0xC5BF, 0xC5BF, 0xC5BF, 0xC5BF, 0xC5BF, 0xC5BF, 0xC5BF, 0xC5BF, 0xC5BF, 0xC5BF, 0xC5BF, 0xC5BF, 0xC5BF, 0xC5BF, 0xC5BF,
  0xC5BF, 0xC5BF, 0xC5BF, 0xC5BF, 0xC5BF, 0xC5BF, 0xC5BF, 0xC5BF, 0xC5BF, 0xC5BF, 0xCDFF, 0xCDDF, 0xC5DF, 0xCDFF, 0xD63F, 0x7BB3,
  0x10A2, 0x1082, 0x3189, 0x9CB8, 0xCE1F, 0xCDFF, 0xC5DF, 0xC5DF, 0xC5DF, 0xCDDF, 0xCDDF, 0xC5DF, 0xC5DF, 0xC5BF, 0xC5BF, 0xC5BF,
  0xC5BF, 0xC5BF, 0xC5BF, 0xC5BF, 0xC59F, 0xC5BF, 0xC5BF, 0xC5BF, 0xC5BF, 0xC5BF, 0xC5BF, 0xC5BF, 0xC5BF, 0xC5BF, 0xC5DF, 0xC5DF,
  0xC5DF, 0xC5DF, 0xC5BF, 0xC5BF, 0xC5BF, 0xC5BF, 0xC5BF, 0xC5BF, 0xC5BF, 0xC5BF, 0xC5BF, 0xC5BF, 0xC5DF, 0xC5DF, 0xC5DF, 0xC5DF,
  0xC5DF, 0xC5DF, 0xC5DF, 0xC5DF, 0xC5DF, 0xC5DF, 0xC5DF, 0xC5DF, 0xC5DF, 0xC5DF, 0xCDDF, 0xCDDF, 0xC5DF, 0xC5DF, 0xCDDF, 0xCDDF,
  0xCDDF, 0xC5DF, 0xCDDF, 0xCDDF, 0xCDFF, 0xCDFF, 0xCDFF, 0xCDFF, 0xCE1F, 0xCE1F, 0xCE1F, 0xCE3F, 0xD63F, 0xD63F, 0xDE9F, 0xE6DF,
  0xE6FF, 0xE6DF, 0xE6DF, 0xE6DF, 0xE6DF, 0xDEBF, 0xE6BF, 0xE6BF, 0xE6BF, 0xE6BF, 0xE6BF, 0xDEBF, 0xDEBF, 0xDEBF, 0xDEBF, 0xDEBF,
  0xDEBF, 0xDEBF, 0xDE9F, 0xDEBF, 0xE6BF, 0xDEBF, 0xDE9F, 0xDE9F, 0xDE9F, 0xDE9F, 0xDE9F, 0xDE9F, 0xDE9F, 0xDE9F, 0xDE9F, 0xDE9F,
  0xDE9F, 0xDE9F, 0xDE9F, 0xDE9F, 0xDE9F, 0xDE9F, 0xDE9F, 0xDE9F, 0xDE9F, 0xDE9F, 0xDE9F, 0xDE9F, 0xDE9F, 0xDE9F, 0xDE9F, 0xDE9F,
  0xDE9F, 0xDE9F, 0xDE9F, 0xDE9F, 0xDE9F, 0xDE7F, 0xDE7F, 0xDE7F, 0xDE7F, 0xDE7F, 0xDE7F, 0xDE7F, 0xDE7F, 0xDE7F, 0xDE7F, 0xD65F,
  0xD65F, 0xD65F, 0xD65F, 0xD65F, 0xD63F, 0xD63F, 0xD63F, 0xD63F, 0xD63F, 0xD63F, 0xCE3F, 0xCE1F, 0xCE1F, 0xCE1F, 0xCE1F, 0xCE1F,
  0xCE1F, 0xCE1F, 0xCE1F, 0xCE1F, 0xCE1F, 0xCE1F, 0xCE1F, 0xCDFF, 0xCDFF, 0xCDFF, 0xCDFF, 0xCDFF, 0xCDFF, 0xCDFF, 0xCDFF, 0xCDFF,
  0xCDFF, 0xCDFF, 0xCDFF, 0xCDFF, 0xCDFF, 0xCDDF, 0xCDDF, 0xC5DF, 0xC5DF, 0xC5DF, 0xC5DF, 0xCDDF, 0xC5DF, 0xC5DF, 0xC5DF, 0xC5BF,
  0xC5BF, 0xC5DF, 0xC5DF, 0xC5BF, 0xC5DF, 0xC5DF, 0xC5DF, 0xC5BF, 0xC5BF, 0xC5BF, 0xC5BF, 0xC5BF, 0xC5BF, 0xC5BF, 0xC5BF, 0xC5BF,
  0xC5BF, 0xC5BF, 0xC5BF, 0xC5BF, 0xC5BF, 0xC5BF, 0xC5BF, 0xC5BF, 0xC5BF, 0xC5BF, 0xC5BF, 0xC5BF, 0xC5BF, 0xC5BF, 0xC5BF, 0xC5BF,
  0xC5BF, 0xC5BF, 0xC5BF, 0xC5BF, 0xC5BF, 0xC5BF, 0xC5BF, 0xC5BF, 0xC5BF, 0xC5BF, 0xC5DF, 0xCDFF, 0xD63F, 0xC5FE, 0x7371, 0x18C4,
  0x10A2, 0x10A2, 0x1082, 0x20E5, 0x5ACE, 0x8C56, 0xAD3A, 0xBD9C, 0xBD7C, 0xBD7C, 0xBD7C, 0xBD7C, 0xBD7C, 0xB57C, 0xB57C, 0xB57C,
  0xB57C, 0xB57C, 0xB55C, 0xB55C, 0xB57C, 0xB57C, 0xBD7C, 0xBD7C, 0xBD7C, 0xB57C, 0xB57C, 0xB57C, 0xBD7C, 0xBD7C, 0xBD7C, 0xBD7C,
  0xBD9C, 0xBD7C, 0xB57C, 0xBD7C, 0xBD9C, 0xBD9D, 0xBD9D, 0xBD9D, 0xBD9D, 0xBD9D, 0xBD9C, 0xBD9C, 0xBD9C, 0xBD9D, 0xBD9D, 0xBD9D,
  0xBD9D, 0xBD9D, 0xBD9D, 0xC59D, 0xC5BD, 0xC5BD, 0xC5BD, 0xC5BD, 0xBDBD, 0xBDBD, 0xBD9C, 0xBD9C, 0xBDBD, 0xBDBD, 0xC5BD, 0xC5BD,
  0xC5BD, 0xC5DD, 0xC5BD, 0xC5BD, 0xC5BD, 0xC5DD, 0xC5DD, 0xC5DD, 0xC5DD, 0xC5FD, 0xC5FD, 0xCDFD, 0xCDFD, 0xC5FD, 0xC5FD, 0xCE1D,
  0xD67D, 0xDEBE, 0xDE9D, 0xDE9D, 0xDE9D, 0xDE9D, 0xDE9D, 0xDEBE, 0xDEBD, 0xDE9D, 0xDE9D, 0xDE9D, 0xDE9D, 0xDE9D, 0xDE9D, 0xDE9E,
  0xDE9E, 0xDE9E, 0xDE9E, 0xDE9E, 0xDE9E, 0xDE9E, 0xDE9E, 0xDE9E, 0xDE9E, 0xDE9E, 0xDE9E, 0xDE7E, 0xDE7E, 0xDE9E, 0xD67E, 0xD69E,
  0xD69E, 0xDE9E, 0xD69E, 0xD67E, 0xD67E, 0xD67E, 0xD67E, 0xD67D, 0xD67E, 0xD67D, 0xD67D, 0xD67D, 0xD67D, 0xD67D, 0xD67D, 0xD67D,
  0xD67D, 0xD67E, 0xDE9E, 0xDE7E, 0xDE7E, 0xDE7E, 0xD67E, 0xD67E, 0xD67E, 0xD67E, 0xDE7E, 0xDE7E, 0xD67E, 0xD67E, 0xD67E, 0xD65E,
  0xD65D, 0xD65E, 0xD65E, 0xCE3D, 0xD63D, 0xCE3D, 0xCE3D, 0xD63E, 0xD63E, 0xCE3E, 0xCE3E, 0xCE3E, 0xCE1E, 0xCE1E, 0xCE1E, 0xCE1E,
  0xCE1E, 0xCE1E, 0xCE1E, 0xCE1E, 0xCE1E, 0xCE1E, 0xCE1E, 0xCE1E, 0xCDFE, 0xCE1E, 0xC5FE, 0xCDFE, 0xCE1E, 0xCE1E, 0xCDFE, 0xCDFE,
  0xCDFE, 0xCDFE, 0xC5FE, 0xC5FE, 0xCDFE, 0xCDFE, 0xCDFE, 0xC5FE, 0xC5DE, 0xC5DE, 0xC5DE, 0xC5DE, 0xC5DE, 0xC5DE, 0xC5DE, 0xC5DE,
  0xC5DE, 0xC5DE, 0xC5DE, 0xC5BE, 0xC5DE, 0xC5BE, 0xC5DE, 0xC5DE, 0xC5DE, 0xC5DE, 0xC5BE, 0xC5BE, 0xC5BE, 0xC5BE, 0xC5BE, 0xC5BE,
  0xC5BE, 0xC5BE, 0xC5BE, 0xC5BE, 0xC5BE, 0xBDBE, 0xC5BE, 0xC5BE, 0xC5DE, 0xC5DE, 0xC5DE, 0xC5DE, 0xC5DE, 0xC5DE, 0xC5DE, 0xC5DE,
  0xC5DE, 0xC5DE, 0xC5BE, 0xC5DE, 0xC5DE, 0xC5DE, 0xC5DE, 0xC5DE, 0xC5DE, 0xC5DE, 0xC5DE, 0xBD9C, 0x9476, 0x4A2C, 0x10A4, 0x18C3,
};
