// Autogenerated 240x280 RGB565 image: menu_lavender_bg
#pragma once
#include <Arduino.h>

const uint16_t menu_lavender_bg[67200] PROGMEM = {
  0x10A2, 0x10C2, 0x0861, 0x18A3, 0x526C, 0x9475, 0xAD3A, 0xB55B, 0xB53B, 0xB53B, 0xB55B, 0xB55B, 0xB55B, 0xB55B, 0xB55B, 0xB57B,
  0xB55B, 0xB55B, 0xB55B, 0xB55B, 0xB55B, 0xB55B, 0xB55B, 0xB55B, 0xB55B, 0xB57B, 0xB55B, 0xB57B, 0xB55B, 0xAD3B, 0xAD1B, 0xAD1B,
  0xAD3B, 0xB53B, 0xAD3B, 0xB53B, 0xB53B, 0xB55B, 0xB55B, 0xB55B, 0xB53B, 0xB53B, 0xAD3B, 0xB53B, 0xAD3B, 0xAD3B, 0xB53B, 0xB53B,
  0xB53B, 0xB53B, 0xB55B, 0xB57B, 0xB57B, 0xB55B, 0xB55B, 0xB57B, 0xB57B, 0xB55B, 0xB57B, 0xBD7B, 0xB57B, 0xB53B, 0xAD3B, 0xB53B,
  0xB55B, 0xB55B, 0xAD3B, 0xAD1A, 0xAD1A, 0xAD1A, 0xAD1B, 0xAD1B, 0xAD1B, 0xAD1B, 0xACFB, 0xACFB, 0xAD1A, 0xB53A, 0xBD9A, 0xC5FB,
  0xCE5B, 0xD69C, 0xD69C, 0xD67B, 0xCE5B, 0xCE5B, 0xCE5B, 0xD67B, 0xD67B, 0xD67B, 0xD69B, 0xD69B, 0xD69B, 0xD69B, 0xD67B, 0xD67B,
  0xD69B, 0xD69B, 0xD69B, 0xD69B, 0xD69B, 0xD6BB, 0xD6BB, 0xD6BB, 0xD6BB, 0xD69A, 0xD69A, 0xD69A, 0xD69B, 0xD69B, 0xD6BB, 0xD6BB,
  0xD69A, 0xD69A, 0xD69A, 0xD69B, 0xD69B, 0xD67A, 0xCE7A, 0xCE7A, 0xCE7A, 0xD69A, 0xD69A, 0xD69A, 0xD67A, 0xCE7A, 0xCE5A, 0xCE5A,
  0xCE7A, 0xD69A, 0xD69B, 0xD69B, 0xD69A, 0xCE7A, 0xD69A, 0xD69A, 0xD6BB, 0xD69A, 0xD69A, 0xCE7A, 0xCE7A, 0xCE5A, 0xCE59, 0xCE7A,
  0xD69A, 0xD69B, 0xD6BB, 0xD69B, 0xCE7A, 0xCE7A, 0xCE7A, 0xD69A, 0xD69A, 0xD69A, 0xCE7A, 0xCE7A, 0xCE7A, 0xCE7A, 0xCE7A, 0xCE7A,
  0xCE7A, 0xCE5A, 0xCE59, 0xCE79, 0xCE7A, 0xCE7A, 0xD69A, 0xD69A, 0xD69A, 0xCE7A, 0xCE7A, 0xCE79, 0xCE5A, 0xCE7A, 0xD67A, 0xD67A,
  0xCE7A, 0xD69A, 0xD69A, 0xD69A, 0xD69A, 0xCE7A, 0xCE59, 0xCE59, 0xCE59, 0xCE7A, 0xCE7A, 0xCE7A, 0xCE7A, 0xCE7A, 0xCE59, 0xCE59,
  0xCE59, 0xCE59, 0xCE59, 0xCE59, 0xCE59, 0xCE7A, 0xCE7A, 0xCE7A, 0xCE7A, 0xCE59, 0xCE59, 0xCE79, 0xCE7A, 0xCE7A, 0xD67A, 0xD67A,
  0xD67A, 0xD67A, 0xCE5A, 0xCE59, 0xCE59, 0xCE59, 0xCE5A, 0xD67A, 0xD69A, 0xD69B, 0xD6BB, 0xD69A, 0xCE5A, 0xD67A, 0xD69B, 0xD67A,
  0xD67A, 0xCE5A, 0xCE7A, 0xD69A, 0xD69A, 0xD67A, 0xCE7A, 0xCE7A, 0xD67A, 0xD69A, 0xC5F8, 0x8410, 0x3186, 0x1062, 0x10A2, 0x18C3,
  0x10A2, 0x0862, 0x4A2B, 0xACF9, 0xD63E, 0xD63F, 0xCDFF, 0xCDDF, 0xCDDF, 0xCDDF, 0xCDFF, 0xCDFF, 0xCDFF, 0xCDFF, 0xCDFF, 0xCDFF,
  0xCDFF, 0xCDFF, 0xCDFF, 0xCDDF, 0xCDFF, 0xCDFF, 0xCDDF, 0xCDDF, 0xCDDF, 0xCDDF, 0xCDDF, 0xCDDF, 0xCDDF, 0xCDDF, 0xCDDF, 0xCDDF,
  0xCDFF, 0xCDDF, 0xCDDF, 0xCDDF, 0xCDDF, 0xCDDF, 0xCDDF, 0xCDDF, 0xCDDF, 0xCDDF, 0xCDDF, 0xCDDF, 0xCDDF, 0xCDDF, 0xCDDF, 0xCDDF,
  0xCDDF, 0xCDFF, 0xCDFF, 0xCDDF, 0xCDDF, 0xCDDF, 0xCDDF, 0xCDDF, 0xCDDF, 0xCDDF, 0xCDDF, 0xCDDF, 0xCDDF, 0xCDDF, 0xCDDF, 0xCDDF,
  0xCDDF, 0xCDDF, 0xCDDF, 0xCDDF, 0xCDDF, 0xC5BF, 0xC5BF, 0xC5BF, 0xCDBF, 0xCE1F, 0xDE7F, 0xDEBF, 0xE6FF, 0xEF3F, 0xEF5F, 0xEF5F,
  0xF75F, 0xEF5F, 0xEF3F, 0xEF3F, 0xEF3F, 0xEF5F, 0xF75F, 0xF75F, 0xF77F, 0xF75F, 0xF77F, 0xF77F, 0xF77F, 0xF77F, 0xF77F, 0xF77F,
  0xF77F, 0xF79F, 0xF79F, 0xF79F, 0xF79F, 0xF79F, 0xF79F, 0xF79F, 0xF79F, 0xF79F, 0xF79F, 0xF79F, 0xF7BF, 0xF7BF, 0xF7BF, 0xF7BF,
  0xFFBF, 0xFFBF, 0xFFBF, 0xF7BF, 0xF7BF, 0xFFBF, 0xF7BF, 0xF7BF, 0xF7BF, 0xF7BF, 0xFFBF, 0xF7BF, 0xFFBF, 0xFFBF, 0xFFBF, 0xFFBF,
  0xFFBF, 0xFFBF, 0xF7BF, 0xF79F, 0xF79F, 0xF7BF, 0xFFBF, 0xFFBF, 0xF7BF, 0xF7BF, 0xFFBF, 0xF7BF, 0xF7BF, 0xF7BF, 0xFFBF, 0xFFBF,
  0xFFBF, 0xFFBF, 0xFFBF, 0xFFBF, 0xFFBF, 0xFFBF, 0xFFBF, 0xFFBF, 0xFFBF, 0xF7BF, 0xFFBF, 0xFFDF, 0xFFDF, 0xFFDF, 0xFFBF, 0xFFBF,
  0xFFDF, 0xFFBF, 0xFFDF, 0xFFDF, 0xFFBF, 0xFFDF, 0xFFBF, 0xFFBF, 0xFFBF, 0xFFBF, 0xFFBF, 0xFFDF, 0xFFDF, 0xFFDF, 0xFFDF, 0xFFBF,
  0xFFBF, 0xFFBF, 0xFFBF, 0xFFBF, 0xF7BF, 0xFFBF, 0xFFDF, 0xFFDF, 0xFFDF, 0xFFDF, 0xFFBF, 0xFFBF, 0xFFBF, 0xFFBF, 0xFFDF, 0xFFBF,
  0xFFBF, 0xFFBF, 0xFFBF, 0xFFBF, 0xFFDF, 0xFFBF, 0xFFBF, 0xFFBF, 0xFFBF, 0xFFDF, 0xFFDF, 0xFFDF, 0xFFDF, 0xFFDF, 0xFFBF, 0xFFBF,
  0xFFBF, 0xFFBF, 0xFFBF, 0xFFBF, 0xFFDF, 0xFFBF, 0xFFBF, 0xFFBF, 0xFFBF, 0xFFBF, 0xFFBF, 0xFFBF, 0xFFBF, 0xFFBF, 0xFFBF, 0xFFBF,
  0xFFBF, 0xFFBF, 0xFFBF, 0xFFBF, 0xFFBF, 0xFFBF, 0xFFBF, 0xFFBF, 0xFFBF, 0xFFBF, 0xFFDF, 0xFFDF, 0xE73D, 0x9492, 0x18E4, 0x10A2,
  0x1062, 0x528D, 0xCE1E, 0xD63F, 0xCDFF, 0xCDDF, 0xCDFF, 0xCDDF, 0xCDDF, 0xCDDF, 0xCDDF, 0xCDDF, 0xCDDF, 0xCDDF, 0xCDDF, 0xCDDF,
  0xCDDF, 0xCDDF, 0xCDDF, 0xCDDF, 0xCDDF, 0xC5DF, 0xC5DF, 0xC5BF, 0xC5DF, 0xC5DF, 0xC5DF, 0xC5DF, 0xC5DF, 0xC5DF, 0xC5DF, 0xCDDF,
  0xC5DF, 0xC5DF, 0xC5DF, 0xC5DF, 0xC5DF, 0xCDBF, 0xCDBF, 0xCDBF, 0xCDBF, 0xC5BF, 0xC5DF, 0xC5DF, 0xC5DF, 0xC5DF, 0xCDDF, 0xCDDF,
  0xCDDF, 0xCDDF, 0xCDDF, 0xCDDF, 0xC5DF, 0xC5DF, 0xC5DF, 0xC5DF, 0xCDDF, 0xCDDF, 0xCDDF, 0xCDDF, 0xCDDF, 0xCDDF, 0xCDDF, 0xC5DF,
  0xC5BF, 0xC5BF, 0xC5BF, 0xC59F, 0xC5BF, 0xCDFF, 0xD67F, 0xE6BF, 0xE6FF, 0xEF1F, 0xEF3F, 0xEF1F, 0xEF1F, 0xE71F, 0xE71F, 0xEF1F,
  0xEF3F, 0xEF1F, 0xEF3F, 0xEF1F, 0xEF3F, 0xEF3F, 0xEF3F, 0xEF3F, 0xEF3F, 0xEF3F, 0xEF5F, 0xEF5F, 0xEF5F, 0xEF5F, 0xEF5F, 0xEF5F,
  0xEF5F, 0xEF5F, 0xEF5F, 0xEF5F, 0xEF5F, 0xF77F, 0xF77F, 0xF77F, 0xF77F, 0xF77F, 0xEF7F, 0xEF7F, 0xEF7F, 0xF77F, 0xF77F, 0xF77F,
  0xF77F, 0xF77F, 0xF77F, 0xF77F, 0xEF7F, 0xEF7F, 0xEF7F, 0xF77F, 0xF77F, 0xF77F, 0xF77F, 0xF77F, 0xF77F, 0xF77F, 0xF77F, 0xF77F,
  0xF77F, 0xF77F, 0xF77F, 0xF77F, 0xEF7F, 0xF77F, 0xF77F, 0xF77F, 0xF77F, 0xF77F, 0xF77F, 0xF77F, 0xF77F, 0xF77F, 0xF77F, 0xF77F,
  0xF77F, 0xF77F, 0xF77F, 0xF77F, 0xF77F, 0xEF7F, 0xF77F, 0xF77F, 0xF77F, 0xF77F, 0xF77F, 0xF77F, 0xF77F, 0xF77F, 0xF77F, 0xF77F,
  0xF77F, 0xF77F, 0xF77F, 0xF77F, 0xF77F, 0xF77F, 0xF77F, 0xF77F, 0xF77F, 0xF77F, 0xF77F, 0xF77F, 0xF77F, 0xF77F, 0xF77F, 0xF77F,
  0xF77F, 0xF77F, 0xF77F, 0xF77F, 0xF77F, 0xF77F, 0xF77F, 0xF77F, 0xF77F, 0xF77F, 0xF77F, 0xF77F, 0xF79F, 0xF77F, 0xF77F, 0xF77F,
  0xF77F, 0xF77F, 0xF77F, 0xF77F, 0xF79F, 0xF77F, 0xF77F, 0xF79F, 0xF77F, 0xF79F, 0xF77F, 0xF77F, 0xF77F, 0xF77F, 0xF77F, 0xF77F,
  0xF77F, 0xF77F, 0xF77F, 0xF77F, 0xF77F, 0xF77F, 0xF77F, 0xF77F, 0xF77F, 0xF77F, 0xF77F, 0xF77F, 0xF77F, 0xF77F, 0xF77F, 0xF77F,
  0xF77F, 0xF77F, 0xF77F, 0xF77F, 0xF77F, 0xF77F, 0xF77F, 0xF77F, 0xF77F, 0xF77F, 0xF77F, 0xF77F, 0xFFBF, 0xFFFF, 0xB5B7, 0x18E4,
  0x39A9, 0xC5BD, 0xCE1F, 0xCDDF, 0xCDFF, 0xCDFF, 0xCDFF, 0xCDFF, 0xCDFF, 0xCDFF, 0xCDFF, 0xCDFF, 0xCDDF, 0xCDDF, 0xCDDF, 0xCDDF,
  0xCDDF, 0xCDDF, 0xCDDF, 0xCDDF, 0xCDDF, 0xCDDF, 0xCDDF, 0xCDDF, 0xCDDF, 0xCDDF, 0xCDDF, 0xCDDF, 0xCDDF, 0xCDDF, 0xCDDF, 0xCDDF,
  0xCDDF, 0xCDDF, 0xCDDF, 0xCDDF, 0xCDDF, 0xCDDF, 0xCDDF, 0xCDDF, 0xCDDF, 0xC5BF, 0xCDDF, 0xCDDF, 0xCDDF, 0xCDDF, 0xCDDF, 0xCDDF,
  0xCDDF, 0xCDDF, 0xCDDF, 0xCDDF, 0xCDDF, 0xCDDF, 0xCDDF, 0xCDDF, 0xCDDF, 0xCDDF, 0xCDDF, 0xCDDF, 0xCDDF, 0xCDDF, 0xCDDF, 0xC5DF,
  0xC5BF, 0xC5BF, 0xCDFF, 0xDE7F, 0xE6DF, 0xEF1F, 0xEF3F, 0xEF1F, 0xE71F, 0xE71F, 0xE71F, 0xE71F, 0xEF1F, 0xEF1F, 0xEF1F, 0xEF1F,
  0xEF3F, 0xEF3F, 0xEF3F, 0xEF3F, 0xEF3F, 0xEF3F, 0xEF3F, 0xEF3F, 0xEF3F, 0xEF5F, 0xEF5F, 0xEF5F, 0xEF5F, 0xEF5F, 0xEF5F, 0xF75F,
  0xF77F, 0xF77F, 0xF77F, 0xF77F, 0xF77F, 0xF77F, 0xF77F, 0xF77F, 0xF77F, 0xF77F, 0xF77F, 0xF77F, 0xF77F, 0xF77F, 0xF77F, 0xF77F,
  0xF77F, 0xF77F, 0xF77F, 0xF77F, 0xF77F, 0xF77F, 0xF77F, 0xF79F, 0xF77F, 0xF77F, 0xF79F, 0xF79F, 0xF77F, 0xF79F, 0xF79F, 0xF77F,
  0xF79F, 0xF79F, 0xF77F, 0xF77F, 0xF77F, 0xF79F, 0xF77F, 0xF77F, 0xF79F, 0xF79F, 0xF79F, 0xF79F, 0xF79F, 0xF79F, 0xF79F, 0xF79F,
  0xF79F, 0xF79F, 0xF79F, 0xF79F, 0xF79F, 0xF79F, 0xF79F, 0xF79F, 0xF79F, 0xF79F, 0xF79F, 0xF79F, 0xF79F, 0xF79F, 0xF79F, 0xF79F,
  0xF79F, 0xF79F, 0xF79F, 0xF79F, 0xF79F, 0xF79F, 0xF79F, 0xF79F, 0xF79F, 0xF79F, 0xF79F, 0xF79F, 0xF79F, 0xF79F, 0xF79F, 0xF79F,
  0xF79F, 0xF79F, 0xF79F, 0xF79F, 0xF79F, 0xF79F, 0xF79F, 0xF79F, 0xF79F, 0xF79F, 0xF79F, 0xF79F, 0xF79F, 0xF79F, 0xF79F, 0xF79F,
  0xF79F, 0xF79F, 0xF79F, 0xF79F, 0xF79F, 0xF79F, 0xF79F, 0xF79F, 0xF79F, 0xF79F, 0xF79F, 0xF79F, 0xF79F, 0xF79F, 0xF79F, 0xF79F,
  0xF79F, 0xF79F, 0xF79F, 0xF79F, 0xF79F, 0xF79F, 0xF79F, 0xF79F, 0xF79F, 0xF79F, 0xF79F, 0xF79F, 0xF79F, 0xF79F, 0xF79F, 0xF79F,
  0xF79F, 0xF79F, 0xF79F, 0xF79F, 0xF77F, 0xF79F, 0xF77F, 0xF79F, 0xF77F, 0xF79F, 0xF79F, 0xF79F, 0xF79F, 0xF77F, 0xFFFF, 0x9493,
  0x9476, 0xD63F, 0xCDFF, 0xCDFF, 0xCDFF, 0xCDFF, 0xCDFF, 0xCDFF, 0xCDFF, 0xCDFF, 0xCDFF, 0xCDFF, 0xCDDF, 0xCDDF, 0xCDDF, 0xCDDF,
  0xCDDF, 0xCDDF, 0xCDDF, 0xCDDF, 0xCDDF, 0xCDDF, 0xCDDF, 0xCDDF, 0xCDDF, 0xCDDF, 0xCDDF, 0xCDDF, 0xCDDF, 0xCDDF, 0xCDDF, 0xCDDF,
  0xCDDF, 0xCDDF, 0xCDDF, 0xC5DF, 0xCDDF, 0xCDDF, 0xCDDF, 0xCDDF, 0xCDDF, 0xCDBF, 0xCDDF, 0xCDDF, 0xC5DF, 0xCDDF, 0xCDDF, 0xCDDF,
  0xCDDF, 0xCDDF, 0xCDDF, 0xCDDF, 0xCDDF, 0xCDDF, 0xCDDF, 0xCDDF, 0xCDDF, 0xCDDF, 0xCDDF, 0xC5DF, 0xCDDF, 0xC5DF, 0xC5BF, 0xC5DF,
  0xD65E, 0xDEDF, 0xEF1F, 0xEF3F, 0xE71F, 0xE71F, 0xE71F, 0xE71F, 0xEF1F, 0xEF1F, 0xEF1F, 0xEF1F, 0xEF1F, 0xE71F, 0xE71F, 0xE71F,
  0xEF1F, 0xEF3F, 0xEF3F, 0xEF3F, 0xEF3F, 0xEF3F, 0xEF3F, 0xEF3F, 0xEF5F, 0xEF5F, 0xEF5F, 0xEF5F, 0xEF5F, 0xF75F, 0xF75F, 0xF77F,
  0xF77F, 0xF77F, 0xF77F, 0xF77F, 0xF77F, 0xF77F, 0xF77F, 0xF77F, 0xF77F, 0xF77F, 0xF77F, 0xF77F, 0xF77F, 0xF77F, 0xF77F, 0xF77F,
  0xF77F, 0xF77F, 0xF77F, 0xF77F, 0xF79F, 0xF79F, 0xF79F, 0xF77F, 0xF77F, 0xF77F, 0xF79F, 0xF77F, 0xF79F, 0xF79F, 0xF79F, 0xF79F,
  0xF79F, 0xF79F, 0xF77F, 0xF77F, 0xF77F, 0xF79F, 0xF79F, 0xF79F, 0xF79F, 0xF79F, 0xF79F, 0xF79F, 0xF79F, 0xF79F, 0xF79F, 0xF79F,
  0xF79F, 0xF79F, 0xF79F, 0xF79F, 0xF79F, 0xF79F, 0xF79F, 0xF79F, 0xF79F, 0xF79F, 0xF79F, 0xF79F, 0xF79F, 0xF79F, 0xF79F, 0xF79F,
  0xF79F, 0xF79F, 0xF79F, 0xF79F, 0xF79F, 0xF79F, 0xF79F, 0xF79F, 0xF79F, 0xF79F, 0xF79F, 0xF79F, 0xF79F, 0xF79F, 0xF79F, 0xF79F,
  0xF79F, 0xF79F, 0xF79F, 0xF79F, 0xF79F, 0xF79F, 0xF79F, 0xF79F, 0xF79F, 0xF79F, 0xF79F, 0xF79F, 0xF79F, 0xF79F, 0xF79F, 0xF79F,
  0xF79F, 0xF79F, 0xF79F, 0xF79F, 0xF79F, 0xF79F, 0xF79F, 0xF79F, 0xF79F, 0xF79F, 0xF79F, 0xF79F, 0xF79F, 0xF79F, 0xF79F, 0xF79F,
  0xF79F, 0xF79F, 0xF79F, 0xF79F, 0xF79F, 0xF79F, 0xF79F, 0xF79F, 0xF79F, 0xF79F, 0xF79F, 0xF79F, 0xF79F, 0xF79F, 0xF79F, 0xF79F,
  0xF79F, 0xF79F, 0xF79F, 0xF79F, 0xF77F, 0xF79F, 0xF77F, 0xF79F, 0xF79F, 0xF77F, 0xF77F, 0xF77F, 0xF79F, 0xF77F, 0xF79F, 0xEF5E,
  0xC5DD, 0xCE1F, 0xCDFF, 0xCDFF, 0xCDFF, 0xCDFF, 0xCDFF, 0xCDFF, 0xCDFF, 0xCDFF, 0xCDFF, 0xCDFF, 0xCDFF, 0xCDFF, 0xCDDF, 0xCDDF,
  0xCDDF, 0xCDDF, 0xCDDF, 0xCDDF, 0xCDDF, 0xCDDF, 0xCDDF, 0xCDDF, 0xCDDF, 0xCDDF, 0xCDDF, 0xCDDF, 0xCDDF, 0xCDDF, 0xCDDF, 0xCDDF,
  0xCDDF, 0xCDDF, 0xC5DF, 0xC5DF, 0xC5DF, 0xCDDF, 0xCDDF, 0xCDDF, 0xCDDF, 0xC5DF, 0xCDDF, 0xCDDF, 0xC5DF, 0xCDDF, 0xCDDF, 0xCDDF,
  0xCDDF, 0xCDDF, 0xCDDF, 0xCDDF, 0xCDDF, 0xCDDF, 0xCDDF, 0xCDDF, 0xCDDF, 0xCDDF, 0xCDDF, 0xC5DF, 0xC5BF, 0xCDFF, 0xDE7F, 0xE6FF,
  0xEF1F, 0xE71F, 0xE71F, 0xE71F, 0xE71F, 0xE71F, 0xE71F, 0xE71F, 0xE71F, 0xE71F, 0xEF1F, 0xE71F, 0xE71F, 0xE71F, 0xEF1F, 0xEF1F,
  0xEF1F, 0xEF1F, 0xEF3F, 0xEF3F, 0xEF3F, 0xEF3F, 0xEF3F, 0xEF3F, 0xEF5F, 0xEF5F, 0xEF5F, 0xEF5F, 0xEF5F, 0xF77F, 0xF77F, 0xF77F,
  0xF77F, 0xF77F, 0xF77F, 0xF77F, 0xF77F, 0xF77F, 0xF77F, 0xF77F, 0xF77F, 0xF77F, 0xF77F, 0xF77F, 0xF77F, 0xF77F, 0xF77F, 0xF77F,
  0xF77F, 0xF77F, 0xF77F, 0xF77F, 0xF77F, 0xF77F, 0xF77F, 0xF79F, 0xF79F, 0xF79F, 0xF77F, 0xF77F, 0xF77F, 0xF77F, 0xF77F, 0xF79F,
  0xF79F, 0xF79F, 0xF77F, 0xF79F, 0xF79F, 0xF79F, 0xF79F, 0xF79F, 0xF79F, 0xF79F, 0xF79F, 0xF79F, 0xF79F, 0xF79F, 0xF79F, 0xF79F,
  0xF79F, 0xF79F, 0xF79F, 0xF79F, 0xF79F, 0xF79F, 0xF79F, 0xF79F, 0xF79F, 0xF79F, 0xF79F, 0xF79F, 0xF79F, 0xF79F, 0xF79F, 0xF79F,
  0xF79F, 0xF79F, 0xF79F, 0xF79F, 0xF79F, 0xF79F, 0xF79F, 0xF79F, 0xF79F, 0xF79F, 0xF79F, 0xF79F, 0xF79F, 0xF79F, 0xF79F, 0xF79F,
  0xF79F, 0xF79F, 0xF79F, 0xF79F, 0xF79F, 0xF79F, 0xF79F, 0xF79F, 0xF79F, 0xF79F, 0xF79F, 0xF79F, 0xF79F, 0xF79F, 0xF79F, 0xF79F,
  0xF79F, 0xF79F, 0xF79F, 0xF79F, 0xF79F, 0xF79F, 0xF79F, 0xF79F, 0xF79F, 0xF79F, 0xF79F, 0xF79F, 0xF79F, 0xF79F, 0xF79F, 0xF79F,
  0xF79F, 0xF79F, 0xF79F, 0xF79F, 0xF79F, 0xF79F, 0xF79F, 0xF79F, 0xF79F, 0xF79F, 0xF79F, 0xF79F, 0xF79F, 0xF79F, 0xF79F, 0xF79F,
  0xF79F, 0xF77F, 0xF77F, 0xF79F, 0xF77F, 0xF77F, 0xF79F, 0xF79F, 0xF79F, 0xF79F, 0xF79F, 0xF79F, 0xF79F, 0xF79F, 0xF77F, 0xF79F,
  0xCE1E, 0xCDFF, 0xCDFF, 0xCDFF, 0xCDFF, 0xCDFF, 0xCDFF, 0xCDFF, 0xCDFF, 0xCDFF, 0xCDFF, 0xCDFF, 0xCDFF, 0xCDFF, 0xCDDF, 0xCDDF,
  0xCDDF, 0xCDDF, 0xCDDF, 0xCDDF, 0xCDDF, 0xCDDF, 0xCDDF, 0xCDDF, 0xCDDF, 0xCDDF, 0xCDDF, 0xCDDF, 0xCDDF, 0xCDDF, 0xCDDF, 0xCDDF,
  0xCDDF, 0xC5DF, 0xC5DF, 0xC5DF, 0xC5DF, 0xC5DF, 0xC5DF, 0xCDDF, 0xCDDF, 0xC5DF, 0xC5DF, 0xC5DF, 0xCDDF, 0xC5DF, 0xCDDF, 0xCDDF,
  0xC5DF, 0xCDDF, 0xCDDF, 0xCDDF, 0xCDDF, 0xC5DF, 0xC5DF, 0xCDDF, 0xCDDF, 0xCDDF, 0xC5BF, 0xCDFF, 0xDE9F, 0xEF1F, 0xEF1F, 0xE71F,
  0xE6FF, 0xE6FF, 0xE71F, 0xE71F, 0xE71F, 0xE71F, 0xE71F, 0xE71F, 0xE71F, 0xE71F, 0xE71F, 0xE71F, 0xE71F, 0xE71F, 0xEF1F, 0xEF1F,
  0xEF1F, 0xEF1F, 0xEF3F, 0xEF3F, 0xEF3F, 0xEF3F, 0xEF3F, 0xEF5F, 0xEF5F, 0xEF5F, 0xEF5F, 0xEF5F, 0xEF5F, 0xF77F, 0xF77F, 0xEF5F,
  0xF77F, 0xF77F, 0xF77F, 0xF77F, 0xF77F, 0xF77F, 0xF77F, 0xF77F, 0xF77F, 0xF77F, 0xF77F, 0xF77F, 0xF77F, 0xF77F, 0xF77F, 0xF77F,
  0xF77F, 0xF77F, 0xF79F, 0xF79F, 0xF77F, 0xF77F, 0xF77F, 0xF79F, 0xF79F, 0xF79F, 0xF77F, 0xF79F, 0xF79F, 0xF79F, 0xF77F, 0xF79F,
  0xF79F, 0xF79F, 0xF77F, 0xF79F, 0xF79F, 0xF79F, 0xF79F, 0xF79F, 0xF79F, 0xF79F, 0xF79F, 0xF79F, 0xF79F, 0xF79F, 0xF79F, 0xF79F,
  0xF79F, 0xF79F, 0xF79F, 0xF79F, 0xF79F, 0xF79F, 0xF79F, 0xF79F, 0xF79F, 0xF79F, 0xF79F, 0xF79F, 0xF79F, 0xF79F, 0xF79F, 0xF79F,
  0xF79F, 0xF79F, 0xF79F, 0xF79F, 0xF79F, 0xF79F, 0xF79F, 0xF79F, 0xF79F, 0xF79F, 0xF79F, 0xF79F, 0xF79F, 0xF79F, 0xF79F, 0xF79F,
  0xF79F, 0xF79F, 0xF79F, 0xF79F, 0xF79F, 0xF79F, 0xF79F, 0xF79F, 0xF79F, 0xF79F, 0xF79F, 0xF79F, 0xF79F, 0xF79F, 0xF79F, 0xF79F,
  0xF79F, 0xF79F, 0xF79F, 0xF79F, 0xF79F, 0xF79F, 0xF79F, 0xF79F, 0xF79F, 0xF79F, 0xF79F, 0xF79F, 0xF79F, 0xF79F, 0xF79F, 0xF79F,
  0xF79F, 0xF79F, 0xF79F, 0xF79F, 0xF79F, 0xF79F, 0xF79F, 0xF79F, 0xF79F, 0xF79F, 0xF77F, 0xF79F, 0xF79F, 0xF79F, 0xF79F, 0xF79F,
  0xF79F, 0xF79F, 0xF77F, 0xF77F, 0xF77F, 0xF77F, 0xF79F, 0xF79F, 0xF79F, 0xF79F, 0xF79F, 0xF79F, 0xF79F, 0xF79F, 0xF79F, 0xF79F,
  0xCE1E, 0xCDFF, 0xCDFF, 0xCDFF, 0xCDFF, 0xCDFF, 0xCDFF, 0xCDFF, 0xCDFF, 0xCDFF, 0xCDFF, 0xCDDF, 0xCDFF, 0xCDFF, 0xCDDF, 0xCDDF,
  0xCDDF, 0xCDDF, 0xCDDF, 0xCDDF, 0xCDDF, 0xCDDF, 0xCDDF, 0xCDDF, 0xCDDF, 0xC5DF, 0xCDDF, 0xCDDF, 0xCDDF, 0xCDDF, 0xCDDF, 0xC5DF,
  0xC5DF, 0xC5BF, 0xC5BF, 0xC5BF, 0xC5DF, 0xCDDF, 0xC5DF, 0xC5DF, 0xC5DF, 0xC5DF, 0xC5DF, 0xC5DF, 0xC5DF, 0xC5DF, 0xC5DF, 0xC5DF,
  0xCDDF, 0xC5DF, 0xCDDF, 0xCDDF, 0xCDDF, 0xCDDF, 0xCDDF, 0xCDDF, 0xC5BF, 0xCDDF, 0xDE7F, 0xE71F, 0xEF3F, 0xE6FF, 0xE6FF, 0xE6FF,
  0xE6FF, 0xE71F, 0xE71F, 0xE71F, 0xE6FF, 0xE71F, 0xE71F, 0xE71F, 0xE71F, 0xE71F, 0xE71F, 0xEF1F, 0xE71F, 0xE71F, 0xEF1F, 0xEF1F,
  0xEF1F, 0xEF1F, 0xEF3F, 0xEF3F, 0xEF3F, 0xEF3F, 0xEF3F, 0xEF5F, 0xEF5F, 0xEF5F, 0xEF5F, 0xEF5F, 0xEF5F, 0xEF5F, 0xF77F, 0xF77F,
  0xF77F, 0xF77F, 0xF77F, 0xF77F, 0xF77F, 0xF77F, 0xF77F, 0xF77F, 0xF77F, 0xF77F, 0xF77F, 0xF77F, 0xF77F, 0xF77F, 0xF77F, 0xF77F,
  0xF77F, 0xF77F, 0xF77F, 0xF77F, 0xF77F, 0xF77F, 0xF77F, 0xF77F, 0xF77F, 0xF77F, 0xF79F, 0xF79F, 0xF79F, 0xF79F, 0xF79F, 0xF77F,
  0xF79F, 0xF79F, 0xF79F, 0xF79F, 0xF79F, 0xF77F, 0xF79F, 0xF79F, 0xF79F, 0xF79F, 0xF79F, 0xF79F, 0xF79F, 0xF79F, 0xF79F, 0xF79F,
  0xF79F, 0xF79F, 0xF79F, 0xF79F, 0xF79F, 0xF79F, 0xF79F, 0xF79F, 0xF79F, 0xF79F, 0xF79F, 0xF79F, 0xF79F, 0xF79F, 0xF79F, 0xF79F,
  0xF79F, 0xF79F, 0xF79F, 0xF79F, 0xF79F, 0xF79F, 0xF79F, 0xF79F, 0xF79F, 0xF79F, 0xF79F, 0xF79F, 0xF79F, 0xF79F, 0xF79F, 0xF79F,
  0xF79F, 0xF79F, 0xF79F, 0xF79F, 0xF79F, 0xF79F, 0xF79F, 0xF79F, 0xF79F, 0xF79F, 0xF79F, 0xF79F, 0xF79F, 0xF79F, 0xF79F, 0xF79F,
  0xF79F, 0xF79F, 0xF79F, 0xF79F, 0xF79F, 0xF79F, 0xF79F, 0xF79F, 0xF79F, 0xF79F, 0xF79F, 0xF79F, 0xF79F, 0xF79F, 0xF79F, 0xF79F,
  0xF79F, 0xF79F, 0xF79F, 0xF79F, 0xF79F, 0xF79F, 0xF79F, 0xF79F, 0xF79F, 0xF79F, 0xF79F, 0xF79F, 0xF79F, 0xF79F, 0xF79F, 0xF79F,
  0xF79F, 0xF77F, 0xF77F, 0xF79F, 0xF77F, 0xF79F, 0xF79F, 0xF79F, 0xF79F, 0xF79F, 0xF79F, 0xF79F, 0xF79F, 0xF79F, 0xF79F, 0xF79F,
  0xCE1E, 0xCDFF, 0xCDFF, 0xCDFF, 0xCDFF, 0xCDFF, 0xCDFF, 0xCDFF, 0xCDFF, 0xCDFF, 0xCDFF, 0xCDDF, 0xCDFF, 0xCDFF, 0xCDDF, 0xCDDF,
  0xCDDF, 0xCDDF, 0xCDDF, 0xCDDF, 0xCDDF, 0xCDDF, 0xCDDF, 0xCDDF, 0xCDDF, 0xCDDF, 0xCDDF, 0xCDDF, 0xCDDF, 0xC5DF, 0xC5DF, 0xC5DF,
  0xC5BF, 0xC5BF, 0xC5BF, 0xC5BF, 0xC5BF, 0xC5DF, 0xC5DF, 0xC5DF, 0xC5DF, 0xC5DF, 0xC5BF, 0xC5DF, 0xC5DF, 0xC5DF, 0xC5DF, 0xC5DF,
  0xCDDF, 0xCDDF, 0xCDDF, 0xCDDF, 0xCDDF, 0xCDDF, 0xCDDF, 0xC5DF, 0xD65F, 0xE6FF, 0xEF3F, 0xE6FF, 0xE6FF, 0xE6FF, 0xE6FF, 0xE6FF,
  0xE71F, 0xE6FF, 0xE6FF, 0xE71F, 0xE71F, 0xE71F, 0xE71F, 0xE71F, 0xE71F, 0xE71F, 0xE71F, 0xE71F, 0xE71F, 0xEF1F, 0xEF1F, 0xEF1F,
  0xEF1F, 0xEF1F, 0xEF3F, 0xEF3F, 0xEF3F, 0xEF3F, 0xEF3F, 0xEF5F, 0xEF5F, 0xEF5F, 0xEF5F, 0xEF5F, 0xEF5F, 0xEF5F, 0xEF5F, 0xF77F,
  0xF77F, 0xF77F, 0xF77F, 0xF77F, 0xF77F, 0xF77F, 0xF77F, 0xF77F, 0xF77F, 0xF77F, 0xF77F, 0xF77F, 0xF77F, 0xF77F, 0xF77F, 0xF77F,
  0xF77F, 0xF77F, 0xF77F, 0xF77F, 0xF77F, 0xF77F, 0xF77F, 0xF79F, 0xF77F, 0xF77F, 0xF79F, 0xF77F, 0xF77F, 0xF77F, 0xF77F, 0xF77F,
  0xF77F, 0xF79F, 0xF77F, 0xF77F, 0xF79F, 0xF77F, 0xF79F, 0xF79F, 0xF79F, 0xF79F, 0xF79F, 0xF79F, 0xF79F, 0xF79F, 0xF79F, 0xF79F,
  0xF79F, 0xF79F, 0xF79F, 0xF79F, 0xF79F, 0xF79F, 0xF79F, 0xF79F, 0xF79F, 0xF79F, 0xF79F, 0xF79F, 0xF79F, 0xF79F, 0xF79F, 0xF79F,
  0xF79F, 0xF79F, 0xF79F, 0xF79F, 0xF79F, 0xF79F, 0xF79F, 0xF79F, 0xF79F, 0xF79F, 0xF79F, 0xF79F, 0xF79F, 0xF79F, 0xF79F, 0xF79F,
  0xF79F, 0xF79F, 0xF79F, 0xF79F, 0xF79F, 0xF79F, 0xF79F, 0xF79F, 0xF79F, 0xF79F, 0xF79F, 0xF79F, 0xF79F, 0xF79F, 0xF79F, 0xF79F,
  0xF79F, 0xF79F, 0xF79F, 0xF79F, 0xF79F, 0xF79F, 0xF79F, 0xF79F, 0xF79F, 0xF79F, 0xF79F, 0xF79F, 0xF79F, 0xF79F, 0xF79F, 0xF79F,
  0xF79F, 0xF79F, 0xF79F, 0xF79F, 0xF79F, 0xF79F, 0xF79F, 0xF79F, 0xF79F, 0xF79F, 0xF77F, 0xF79F, 0xF79F, 0xF79F, 0xF79F, 0xF79F,
  0xF79F, 0xF79F, 0xF77F, 0xF79F, 0xF77F, 0xF79F, 0xF79F, 0xF79F, 0xF79F, 0xF79F, 0xF79F, 0xF79F, 0xF79F, 0xF79F, 0xF79F, 0xF79F,
  0xCE1E, 0xCDFF, 0xCDFF, 0xCDFF, 0xCDFF, 0xCDFF, 0xCDFF, 0xCDFF, 0xCDFF, 0xCDFF, 0xCDDF, 0xCDDF, 0xCDDF, 0xCDDF, 0xCDDF, 0xCDDF,
  0xCDDF, 0xC5DF, 0xC5DF, 0xC5DF, 0xC5DF, 0xC5DF, 0xC5DF, 0xC5BF, 0xC5DF, 0xC5DF, 0xC5DF, 0xC5DF, 0xC5BF, 0xC5BF, 0xC5BF, 0xC5BF,
  0xC5BF, 0xC5BF, 0xC5BF, 0xC5BF, 0xC5BF, 0xC5BF, 0xC5DF, 0xC5DF, 0xC5DF, 0xC5BF, 0xC5BF, 0xC5BF, 0xC5BF, 0xC5BF, 0xC5DF, 0xC5DF,
  0xC5DF, 0xC5DF, 0xCDDF, 0xCDDF, 0xCDDF, 0xC5BF, 0xCE1F, 0xE6DF, 0xEF3F, 0xE6FF, 0xE6FF, 0xE6FF, 0xE6FF, 0xE6FF, 0xE6FF, 0xE6FF,
  0xE6FF, 0xE6FF, 0xE71F, 0xE71F, 0xE71F, 0xE71F, 0xE71F, 0xE71F, 0xE71F, 0xE71F, 0xE71F, 0xE71F, 0xE71F, 0xE71F, 0xEF1F, 0xEF1F,
  0xEF1F, 0xEF3F, 0xEF3F, 0xEF3F, 0xEF3F, 0xEF3F, 0xEF3F, 0xEF3F, 0xEF5F, 0xEF5F, 0xEF5F, 0xEF5F, 0xEF5F, 0xEF5F, 0xF77F, 0xF77F,
  0xEF5F, 0xF77F, 0xF77F, 0xF77F, 0xF77F, 0xF77F, 0xF77F, 0xF77F, 0xF77F, 0xF77F, 0xF77F, 0xF77F, 0xF77F, 0xF77F, 0xF77F, 0xF77F,
  0xF77F, 0xF77F, 0xF77F, 0xF77F, 0xF77F, 0xF77F, 0xF77F, 0xF77F, 0xF77F, 0xF77F, 0xF77F, 0xF77F, 0xF77F, 0xF77F, 0xF77F, 0xF77F,
  0xF77F, 0xF77F, 0xF77F, 0xF79F, 0xF79F, 0xF77F, 0xF77F, 0xF79F, 0xF79F, 0xF79F, 0xF79F, 0xF79F, 0xF79F, 0xF79F, 0xF79F, 0xF79F,
  0xF79F, 0xF79F, 0xF79F, 0xF79F, 0xF79F, 0xF79F, 0xF79F, 0xF79F, 0xF79F, 0xF79F, 0xF79F, 0xF79F, 0xF79F, 0xF79F, 0xF79F, 0xF79F,
  0xF79F, 0xF79F, 0xF79F, 0xF79F, 0xF79F, 0xF79F, 0xF79F, 0xF79F, 0xF79F, 0xF79F, 0xF79F, 0xF79F, 0xF79F, 0xF79F, 0xF79F, 0xF79F,
  0xF79F, 0xF79F, 0xF79F, 0xF79F, 0xF79F, 0xF79F, 0xF79F, 0xF79F, 0xF79F, 0xF79F, 0xF79F, 0xF79F, 0xF79F, 0xF79F, 0xF79F, 0xF79F,
  0xF79F, 0xF79F, 0xF79F, 0xF79F, 0xF79F, 0xF79F, 0xF79F, 0xF79F, 0xF79F, 0xF79F, 0xF79F, 0xF79F, 0xF79F, 0xF79F, 0xF79F, 0xF79F,
  0xF79F, 0xF79F, 0xF79F, 0xF79F, 0xF79F, 0xF79F, 0xF79F, 0xF79F, 0xF79F, 0xF79F, 0xF79F, 0xF79F, 0xF79F, 0xF79F, 0xF79F, 0xF79F,
  0xF79F, 0xF79F, 0xF79F, 0xF79F, 0xF79F, 0xF79F, 0xF79F, 0xF79F, 0xF79F, 0xF79F, 0xF79F, 0xF79F, 0xF79F, 0xF79F, 0xF79F, 0xF79F,
  0xCE1E, 0xCDFF, 0xCDFF, 0xCDFF, 0xCDFF, 0xCDFF, 0xCDFF, 0xCDFF, 0xCDFF, 0xCDDF, 0xCDDF, 0xCDDF, 0xCDDF, 0xCDDF, 0xCDDF, 0xCDDF,
  0xCDDF, 0xCDDF, 0xC5DF, 0xC5DF, 0xC5BF, 0xC5BF, 0xC5BF, 0xC5BF, 0xC5BF, 0xC5BF, 0xC5BF, 0xC5BF, 0xC5BF, 0xC5BF, 0xC5BF, 0xC5BF,
  0xC5BF, 0xC5BF, 0xC5BF, 0xC5BF, 0xC5BF, 0xC5BF, 0xC5BF, 0xC5BF, 0xC5BF, 0xC5BF, 0xC5BF, 0xC5BF, 0xC5BF, 0xC5BF, 0xC5BF, 0xC5BF,
  0xC5BF, 0xC5DF, 0xCDDF, 0xCDDF, 0xC5BF, 0xD65F, 0xE71F, 0xE71F, 0xE6FF, 0xE6FF, 0xE6FF, 0xE6FF, 0xE6FF, 0xE6FF, 0xE6FF, 0xE6FF,
  0xE6FF, 0xE6FF, 0xE71F, 0xE71F, 0xE71F, 0xE71F, 0xE71F, 0xE71F, 0xE71F, 0xE71F, 0xE71F, 0xE71F, 0xEF1F, 0xEF1F, 0xEF1F, 0xEF1F,
  0xEF3F, 0xEF3F, 0xEF3F, 0xEF3F, 0xEF3F, 0xEF3F, 0xEF5F, 0xEF5F, 0xEF5F, 0xEF5F, 0xEF5F, 0xEF5F, 0xEF5F, 0xEF5F, 0xF77F, 0xEF5F,
  0xF77F, 0xF77F, 0xF77F, 0xF77F, 0xF77F, 0xF77F, 0xF77F, 0xF77F, 0xF77F, 0xF77F, 0xF77F, 0xF77F, 0xF77F, 0xF77F, 0xF77F, 0xF77F,
  0xF77F, 0xF77F, 0xF77F, 0xF77F, 0xF77F, 0xF77F, 0xF77F, 0xF77F, 0xF77F, 0xF77F, 0xF77F, 0xF77F, 0xF77F, 0xF77F, 0xF77F, 0xF77F,
  0xF79F, 0xF79F, 0xF77F, 0xF77F, 0xF79F, 0xF79F, 0xF79F, 0xF79F, 0xF79F, 0xF79F, 0xF79F, 0xF79F, 0xF79F, 0xF79F, 0xF79F, 0xF79F,
  0xF79F, 0xF79F, 0xF79F, 0xF79F, 0xF79F, 0xF79F, 0xF79F, 0xF79F, 0xF79F, 0xF79F, 0xF79F, 0xF79F, 0xF79F, 0xF79F, 0xF79F, 0xF79F,
  0xF79F, 0xF79F, 0xF79F, 0xF79F, 0xF79F, 0xF79F, 0xF79F, 0xF79F, 0xF79F, 0xF79F, 0xF79F, 0xF79F, 0xF79F, 0xF79F, 0xF79F, 0xF79F,
  0xF79F, 0xF79F, 0xF79F, 0xF79F, 0xF79F, 0xF79F, 0xF79F, 0xF79F, 0xF79F, 0xF79F, 0xF79F, 0xF79F, 0xF79F, 0xF79F, 0xF79F, 0xF79F,
  0xF79F, 0xF79F, 0xF79F, 0xF79F, 0xF79F, 0xF79F, 0xF79F, 0xF79F, 0xF79F, 0xF79F, 0xF79F, 0xF79F, 0xF79F, 0xF79F, 0xF79F, 0xF79F,
  0xF79F, 0xF79F, 0xF79F, 0xF79F, 0xF79F, 0xF79F, 0xF79F, 0xF79F, 0xF79F, 0xF79F, 0xF79F, 0xF79F, 0xF79F, 0xF79F, 0xF79F, 0xF79F,
  0xF79F, 0xF79F, 0xF79F, 0xF79F, 0xF79F, 0xF79F, 0xF79F, 0xF79F, 0xF79F, 0xF79F, 0xF79F, 0xF79F, 0xF79F, 0xF79F, 0xF79F, 0xF79F,
  0xCE1E, 0xCDFF, 0xCDFF, 0xCDFF, 0xCDFF, 0xCDFF, 0xCDFF, 0xCDFF, 0xCDFF, 0xCDDF, 0xCDDF, 0xCDDF, 0xCDDF, 0xCDDF, 0xCDDF, 0xCDDF,
  0xCDDF, 0xCDDF, 0xC5DF, 0xC5BF, 0xC5BF, 0xC5BF, 0xC5BF, 0xC5BF, 0xC5BF, 0xC5BF, 0xC5BF, 0xC5BF, 0xC5BF, 0xC5BF, 0xC5BF, 0xC5BF,
  0xC5BF, 0xC5BF, 0xC5BF, 0xC5BF, 0xC5BF, 0xC5BF, 0xC5BF, 0xC5BF, 0xC5BF, 0xC5BF, 0xC5BF, 0xC5BF, 0xC5BF, 0xC5BF, 0xC5BF, 0xC5BF,
  0xC5DF, 0xCDDF, 0xC5BF, 0xCDDF, 0xE6BF, 0xEF3F, 0xE6FF, 0xE6FF, 0xE6FF, 0xE6FF, 0xE6FF, 0xE6FF, 0xE6FF, 0xE6FF, 0xE6FF, 0xE6FF,
  0xE6FF, 0xE6FF, 0xE6FF, 0xE6FF, 0xE71F, 0xE71F, 0xE71F, 0xE71F, 0xE71F, 0xE71F, 0xE71F, 0xEF1F, 0xEF1F, 0xEF1F, 0xEF1F, 0xEF3F,
  0xEF3F, 0xEF3F, 0xEF3F, 0xEF3F, 0xEF3F, 0xEF3F, 0xEF5F, 0xEF5F, 0xEF5F, 0xEF5F, 0xEF5F, 0xEF5F, 0xEF5F, 0xEF5F, 0xEF5F, 0xF77F,
  0xEF5F, 0xF77F, 0xF77F, 0xF77F, 0xF77F, 0xF77F, 0xF77F, 0xF77F, 0xF77F, 0xF77F, 0xF77F, 0xF77F, 0xF77F, 0xF77F, 0xF77F, 0xF77F,
  0xF77F, 0xF77F, 0xF77F, 0xF77F, 0xF77F, 0xF77F, 0xF77F, 0xF77F, 0xF77F, 0xF77F, 0xF77F, 0xF77F, 0xF77F, 0xF77F, 0xF77F, 0xF77F,
  0xF79F, 0xF77F, 0xF77F, 0xF77F, 0xF77F, 0xF77F, 0xF79F, 0xF79F, 0xF79F, 0xF79F, 0xF79F, 0xF79F, 0xF79F, 0xF79F, 0xF79F, 0xF79F,
  0xF79F, 0xF79F, 0xF79F, 0xF79F, 0xF79F, 0xF79F, 0xF79F, 0xF79F, 0xF79F, 0xF79F, 0xF79F, 0xF79F, 0xF79F, 0xF79F, 0xF79F, 0xF79F,
  0xF79F, 0xF79F, 0xF79F, 0xF79F, 0xF79F, 0xF79F, 0xF79F, 0xF79F, 0xF79F, 0xF79F, 0xF79F, 0xF79F, 0xF79F, 0xF79F, 0xF79F, 0xF79F,
  0xF79F, 0xF79F, 0xF79F, 0xF79F, 0xF79F, 0xF79F, 0xF79F, 0xF79F, 0xF79F, 0xF79F, 0xF79F, 0xF79F, 0xF79F, 0xF79F, 0xF79F, 0xF79F,
  0xF79F, 0xF79F, 0xF79F, 0xF79F, 0xF79F, 0xF79F, 0xF79F, 0xF79F, 0xF79F, 0xF79F, 0xF79F, 0xF79F, 0xF79F, 0xF79F, 0xF79F, 0xF79F,
  0xF79F, 0xF79F, 0xF79F, 0xF79F, 0xF79F, 0xF79F, 0xF79F, 0xF79F, 0xF79F, 0xF79F, 0xF79F, 0xF79F, 0xF79F, 0xF79F, 0xF79F, 0xF79F,
  0xF79F, 0xF79F, 0xF79F, 0xF79F, 0xF79F, 0xF79F, 0xF79F, 0xF79F, 0xF79F, 0xF79F, 0xF79F, 0xF79F, 0xF79F, 0xF79F, 0xF77F, 0xF79F,
  0xCDFE, 0xCDFF, 0xCDFF, 0xCDFF, 0xCDFF, 0xCDFF, 0xCDFF, 0xCDFF, 0xCDFF, 0xCDDF, 0xCDDF, 0xCDDF, 0xCDDF, 0xCDDF, 0xCDDF, 0xCDDF,
  0xC5DF, 0xC5DF, 0xC5BF, 0xC5BF, 0xC5BF, 0xC5BF, 0xC5BF, 0xC5BF, 0xC5BF, 0xC5BF, 0xC5BF, 0xC5BF, 0xC5BF, 0xC5BF, 0xC5BF, 0xC5BF,
  0xC5BF, 0xC5BF, 0xC5BF, 0xC5BF, 0xC5BF, 0xC5BF, 0xC5BF, 0xC5BF, 0xC5BF, 0xC5BF, 0xC5BF, 0xC5BF, 0xC5BF, 0xC5BF, 0xC5BF, 0xC5BF,
  0xCDDF, 0xC5BF, 0xCE1E, 0xE6FF, 0xEF1F, 0xE6FF, 0xE6FF, 0xE6FF, 0xE6FF, 0xE6FF, 0xE6FF, 0xE6FF, 0xE6FF, 0xE6FF, 0xE6FF, 0xE6FF,
  0xE6FF, 0xE6FF, 0xE71F, 0xE71F, 0xE71F, 0xE71F, 0xE71F, 0xE71F, 0xE71F, 0xE71F, 0xE71F, 0xE71F, 0xE71F, 0xEF1F, 0xEF3F, 0xEF3F,
  0xEF3F, 0xEF3F, 0xEF3F, 0xEF3F, 0xEF3F, 0xEF3F, 0xEF3F, 0xEF5F, 0xEF5F, 0xEF5F, 0xEF5F, 0xEF5F, 0xEF5F, 0xF77F, 0xEF5F, 0xF77F,
  0xF77F, 0xF77F, 0xF77F, 0xF77F, 0xF77F, 0xF77F, 0xF77F, 0xF77F, 0xF77F, 0xF77F, 0xF77F, 0xF77F, 0xF77F, 0xF77F, 0xF77F, 0xF77F,
  0xF77F, 0xF77F, 0xF77F, 0xF77F, 0xF77F, 0xF77F, 0xF77F, 0xF77F, 0xF77F, 0xF77F, 0xF77F, 0xF77F, 0xF77F, 0xF77F, 0xF77F, 0xF77F,
  0xF77F, 0xF77F, 0xF77F, 0xF77F, 0xF77F, 0xF77F, 0xF79F, 0xF79F, 0xF79F, 0xF79F, 0xF79F, 0xF79F, 0xF79F, 0xF79F, 0xF79F, 0xF79F,
  0xF79F, 0xF79F, 0xF79F, 0xF79F, 0xF79F, 0xF79F, 0xF79F, 0xF79F, 0xF79F, 0xF79F, 0xF79F, 0xF79F, 0xF79F, 0xF79F, 0xF79F, 0xF79F,
  0xF79F, 0xF79F, 0xF79F, 0xF79F, 0xF79F, 0xF79F, 0xF79F, 0xF79F, 0xF79F, 0xF79F, 0xF79F, 0xF79F, 0xF79F, 0xF79F, 0xF79F, 0xF79F,
  0xF79F, 0xF79F, 0xF79F, 0xF79F, 0xF79F, 0xF79F, 0xF79F, 0xF79F, 0xF79F, 0xF79F, 0xF79F, 0xF79F, 0xF79F, 0xF79F, 0xF79F, 0xF79F,
  0xF79F, 0xF79F, 0xF79F, 0xF79F, 0xF79F, 0xF79F, 0xF79F, 0xF79F, 0xF79F, 0xF79F, 0xF79F, 0xF79F, 0xF79F, 0xF79F, 0xF79F, 0xF79F,
  0xF79F, 0xF79F, 0xF79F, 0xF79F, 0xF79F, 0xF79F, 0xF79F, 0xF79F, 0xF79F, 0xF79F, 0xF79F, 0xF79F, 0xF79F, 0xF79F, 0xF79F, 0xF79F,
  0xF79F, 0xF79F, 0xF79F, 0xF79F, 0xF79F, 0xF79F, 0xF79F, 0xF79F, 0xF79F, 0xF79F, 0xF79F, 0xF79F, 0xF79F, 0xF77F, 0xF77F, 0xF79F,
  0xCE1E, 0xCDFF, 0xCDFF, 0xCDFF, 0xCDFF, 0xCDFF, 0xCDFF, 0xCDFF, 0xCDDF, 0xCDDF, 0xCDDF, 0xCDDF, 0xCDDF, 0xCDDF, 0xC5DF, 0xCDDF,
  0xC5DF, 0xC5DF, 0xC5BF, 0xC5BF, 0xC5BF, 0xC5BF, 0xC5BF, 0xC5BF, 0xC5BF, 0xC5BF, 0xC5BF, 0xC5BF, 0xC5BF, 0xC5BF, 0xC5BF, 0xC5BF,
  0xC5BF, 0xC5BF, 0xC5BF, 0xC5BF, 0xC5BF, 0xC5BF, 0xC5BF, 0xC5BF, 0xC5BF, 0xC5BF, 0xC5BF, 0xC5BF, 0xC5BF, 0xC5BF, 0xC5BF, 0xC5BF,
  0xC5BF, 0xD65F, 0xEF3F, 0xE71F, 0xE6FF, 0xE6FF, 0xE6FF, 0xE6FF, 0xE6FF, 0xE6FF, 0xE6FF, 0xE6FF, 0xE6FF, 0xE6FF, 0xE6FF, 0xE6FF,
  0xE6FF, 0xE6FF, 0xE71F, 0xE71F, 0xE6FF, 0xE6FF, 0xE6FF, 0xE6FF, 0xE71F, 0xE71F, 0xE71F, 0xE71F, 0xEF1F, 0xEF3F, 0xEF3F, 0xEF3F,
  0xEF3F, 0xEF3F, 0xEF3F, 0xEF3F, 0xEF3F, 0xEF3F, 0xEF3F, 0xEF5F, 0xEF5F, 0xEF5F, 0xEF5F, 0xF77F, 0xEF5F, 0xEF5F, 0xEF5F, 0xEF5F,
  0xF77F, 0xEF5F, 0xF77F, 0xF77F, 0xEF5F, 0xF77F, 0xF77F, 0xF77F, 0xF77F, 0xF77F, 0xF77F, 0xF77F, 0xEF5F, 0xF77F, 0xF77F, 0xF77F,
  0xF77F, 0xF77F, 0xF77F, 0xF77F, 0xF77F, 0xF77F, 0xF77F, 0xF77F, 0xF77F, 0xF77F, 0xF77F, 0xF77F, 0xF77F, 0xF77F, 0xF77F, 0xF77F,
  0xF77F, 0xF77F, 0xF77F, 0xF77F, 0xF77F, 0xF77F, 0xF77F, 0xF77F, 0xF77F, 0xF77F, 0xF77F, 0xF79F, 0xF79F, 0xF79F, 0xF79F, 0xF79F,
  0xF79F, 0xF79F, 0xF79F, 0xF79F, 0xF79F, 0xF79F, 0xF79F, 0xF79F, 0xF79F, 0xF79F, 0xF79F, 0xF79F, 0xF79F, 0xF79F, 0xF79F, 0xF79F,
  0xF79F, 0xF79F, 0xF79F, 0xF79F, 0xF79F, 0xF79F, 0xF79F, 0xF79F, 0xF79F, 0xF79F, 0xF79F, 0xF79F, 0xF79F, 0xF79F, 0xF79F, 0xF79F,
  0xF79F, 0xF79F, 0xF79F, 0xF79F, 0xF79F, 0xF79F, 0xF79F, 0xF79F, 0xF79F, 0xF79F, 0xF79F, 0xF79F, 0xF79F, 0xF79F, 0xF79F, 0xF79F,
  0xF79F, 0xF79F, 0xF79F, 0xF79F, 0xF79F, 0xF79F, 0xF79F, 0xF79F, 0xF79F, 0xF79F, 0xF79F, 0xF79F, 0xF79F, 0xF79F, 0xF79F, 0xF79F,
  0xF79F, 0xF79F, 0xF79F, 0xF79F, 0xF79F, 0xF79F, 0xF79F, 0xF79F, 0xF79F, 0xF79F, 0xF79F, 0xF79F, 0xF79F, 0xF79F, 0xF79F, 0xF79F,
  0xF79F, 0xF79F, 0xF79F, 0xF79F, 0xF79F, 0xF79F, 0xF79F, 0xF79F, 0xF79F, 0xF79F, 0xF79F, 0xF79F, 0xF79F, 0xF79F, 0xF79F, 0xF79F,
  0xCE1E, 0xCDFF, 0xCDFF, 0xCDFF, 0xCDFF, 0xCDFF, 0xCDFF, 0xCDFF, 0xCDDF, 0xCDDF, 0xCDDF, 0xCDDF, 0xCDDF, 0xCDDF, 0xC5DF, 0xCDDF,
  0xC5DF, 0xC5BF, 0xC5BF, 0xC5BF, 0xC5BF, 0xC5BF, 0xC5BF, 0xC5BF, 0xC5BF, 0xC5BF, 0xC5BF, 0xC5BF, 0xC5BF, 0xC5BF, 0xC5BF, 0xC5BF,
  0xC5BF, 0xC5BF, 0xC5BF, 0xC5BF, 0xC59F, 0xC59F, 0xC5BF, 0xC5BF, 0xC59F, 0xC59F, 0xC59F, 0xC5BF, 0xC5BF, 0xC5BF, 0xC5BF, 0xC59F,
  0xDE7F, 0xEF3F, 0xE6FF, 0xE6FF, 0xE6FF, 0xE6FF, 0xE6FF, 0xE6FF, 0xE6FF, 0xE6FF, 0xE6FF, 0xE6FF, 0xE6FF, 0xE6FF, 0xE6FF, 0xE6FF,
  0xE6FF, 0xE6FF, 0xE6FF, 0xE6FF, 0xE6FF, 0xE6FF, 0xE6FF, 0xE6FF, 0xE71F, 0xE71F, 0xE71F, 0xE71F, 0xEF1F, 0xEF1F, 0xEF3F, 0xEF3F,
  0xEF3F, 0xEF3F, 0xEF3F, 0xEF3F, 0xEF3F, 0xEF3F, 0xEF5F, 0xEF5F, 0xEF5F, 0xEF5F, 0xEF5F, 0xEF5F, 0xEF5F, 0xEF5F, 0xEF5F, 0xEF5F,
  0xF77F, 0xF77F, 0xF77F, 0xF77F, 0xF77F, 0xF77F, 0xF77F, 0xEF5F, 0xF77F, 0xF77F, 0xF77F, 0xF77F, 0xF77F, 0xF77F, 0xEF5F, 0xF77F,
  0xF77F, 0xF77F, 0xEF7F, 0xF77F, 0xF77F, 0xF77F, 0xF77F, 0xF77F, 0xF77F, 0xF77F, 0xF77F, 0xF77F, 0xF77F, 0xF77F, 0xF77F, 0xF77F,
  0xF77F, 0xF77F, 0xF77F, 0xF77F, 0xF77F, 0xF77F, 0xF77F, 0xF77F, 0xF77F, 0xF77F, 0xF77F, 0xF79F, 0xF77F, 0xF77F, 0xF77F, 0xF77F,
  0xF79F, 0xF79F, 0xF79F, 0xF79F, 0xF79F, 0xF79F, 0xF79F, 0xF79F, 0xF79F, 0xF79F, 0xF79F, 0xF79F, 0xF79F, 0xF79F, 0xF79F, 0xF79F,
  0xF79F, 0xF79F, 0xF79F, 0xF79F, 0xF79F, 0xF79F, 0xF79F, 0xF79F, 0xF79F, 0xF79F, 0xF79F, 0xF79F, 0xF79F, 0xF79F, 0xF79F, 0xF79F,
  0xF79F, 0xF79F, 0xF79F, 0xF79F, 0xF79F, 0xF79F, 0xF79F, 0xF79F, 0xF79F, 0xF79F, 0xF79F, 0xF79F, 0xF79F, 0xF79F, 0xF79F, 0xF79F,
  0xF79F, 0xF79F, 0xF79F, 0xF79F, 0xF79F, 0xF79F, 0xF79F, 0xF79F, 0xF79F, 0xF79F, 0xF79F, 0xF79F, 0xF79F, 0xF79F, 0xF79F, 0xF79F,
  0xF79F, 0xF79F, 0xF79F, 0xF79F, 0xF79F, 0xF79F, 0xF79F, 0xF79F, 0xF79F, 0xF79F, 0xF79F, 0xF79F, 0xF79F, 0xF79F, 0xF79F, 0xF79F,
  0xF79F, 0xF79F, 0xF79F, 0xF79F, 0xF79F, 0xF79F, 0xF79F, 0xF79F, 0xF79F, 0xF77F, 0xF79F, 0xF79F, 0xF79F, 0xF79F, 0xF79F, 0xF79F,
  0xCE1E, 0xCDFF, 0xCDFF, 0xCDFF, 0xCDFF, 0xCDFF, 0xCDFF, 0xCDFF, 0xCDDF, 0xCDDF, 0xCDDF, 0xCDDF, 0xCDDF, 0xCDDF, 0xC5DF, 0xC5BF,
  0xC5BF, 0xC5BF, 0xC5BF, 0xC5BF, 0xC5BF, 0xC5BF, 0xC5BF, 0xC5BF, 0xC5BF, 0xC5BF, 0xC5BF, 0xC5BF, 0xC5BF, 0xC5BF, 0xC59F, 0xC59F,
  0xC5BF, 0xC59F, 0xC59F, 0xC59F, 0xC59F, 0xC59F, 0xC59F, 0xC59F, 0xC59F, 0xC59F, 0xC59F, 0xC5BF, 0xC5BF, 0xC59F, 0xC59F, 0xDEBF,
  0xEF3F, 0xE6FF, 0xE6FF, 0xE6FF, 0xE6FF, 0xE6FF, 0xE6FF, 0xE6FF, 0xE6FF, 0xE6FF, 0xE6FF, 0xE6FF, 0xE6FF, 0xE6FF, 0xE6FF, 0xE6FF,
  0xE6FF, 0xE6FF, 0xE6FF, 0xE6FF, 0xE6FF, 0xE6FF, 0xE6FF, 0xE71F, 0xE71F, 0xE71F, 0xE71F, 0xE71F, 0xEF1F, 0xEF1F, 0xEF3F, 0xEF3F,
  0xEF3F, 0xEF3F, 0xEF3F, 0xEF3F, 0xEF3F, 0xEF3F, 0xEF5F, 0xEF5F, 0xEF5F, 0xEF5F, 0xEF5F, 0xEF5F, 0xEF5F, 0xEF5F, 0xEF5F, 0xEF5F,
  0xEF5F, 0xF77F, 0xF77F, 0xEF5F, 0xEF5F, 0xEF5F, 0xF77F, 0xEF5F, 0xF77F, 0xF77F, 0xEF5F, 0xEF5F, 0xF77F, 0xF77F, 0xEF5F, 0xF77F,
  0xF77F, 0xF77F, 0xF77F, 0xF77F, 0xF77F, 0xF77F, 0xF77F, 0xF77F, 0xF77F, 0xF77F, 0xF77F, 0xF77F, 0xF77F, 0xF77F, 0xF77F, 0xF77F,
  0xF77F, 0xF77F, 0xF77F, 0xF77F, 0xF77F, 0xF77F, 0xF77F, 0xF77F, 0xF77F, 0xF77F, 0xF77F, 0xF77F, 0xF77F, 0xF77F, 0xF77F, 0xF77F,
  0xF79F, 0xF77F, 0xF79F, 0xF77F, 0xF77F, 0xF79F, 0xF77F, 0xF79F, 0xF79F, 0xF79F, 0xF79F, 0xF79F, 0xF79F, 0xF79F, 0xF79F, 0xF79F,
  0xF79F, 0xF79F, 0xF79F, 0xF79F, 0xF79F, 0xF79F, 0xF79F, 0xF79F, 0xF79F, 0xF79F, 0xF79F, 0xF79F, 0xF79F, 0xF79F, 0xF79F, 0xF79F,
  0xF79F, 0xF79F, 0xF79F, 0xF79F, 0xF79F, 0xF79F, 0xF79F, 0xF79F, 0xF79F, 0xF79F, 0xF79F, 0xF79F, 0xF79F, 0xF79F, 0xF79F, 0xF79F,
  0xF79F, 0xF79F, 0xF79F, 0xF79F, 0xF79F, 0xF79F, 0xF79F, 0xF79F, 0xF79F, 0xF79F, 0xF79F, 0xF79F, 0xF79F, 0xF79F, 0xF79F, 0xF79F,
  0xF79F, 0xF79F, 0xF79F, 0xF79F, 0xF79F, 0xF79F, 0xF79F, 0xF79F, 0xF79F, 0xF79F, 0xF79F, 0xF79F, 0xF79F, 0xF79F, 0xF79F, 0xF79F,
  0xF79F, 0xF79F, 0xF79F, 0xF79F, 0xF79F, 0xF79F, 0xF79F, 0xF79F, 0xF79F, 0xF79F, 0xF79F, 0xF79F, 0xF79F, 0xF79F, 0xF79F, 0xF79F,
  0xCE1E, 0xCDDF, 0xCDFF, 0xCDFF, 0xCDFF, 0xCDDF, 0xCDDF, 0xCDDF, 0xCDDF, 0xCDDF, 0xCDDF, 0xC5DF, 0xC5DF, 0xC5DF, 0xC5BF, 0xC5BF,
  0xC5BF, 0xC5BF, 0xC5BF, 0xC5BF, 0xC5BF, 0xC5BF, 0xC5BF, 0xC59F, 0xC5BF, 0xC59F, 0xC5BF, 0xC59F, 0xC59F, 0xC59F, 0xC59F, 0xC59F,
  0xC59F, 0xC59F, 0xC59F, 0xC59F, 0xC59F, 0xC59F, 0xC59F, 0xC59F, 0xC59F, 0xC59F, 0xC59F, 0xC5BF, 0xC59F, 0xC59E, 0xDE9F, 0xEF1F,
  0xE6FF, 0xE6FF, 0xE6FF, 0xE6FF, 0xE6FF, 0xE6FF, 0xE6FF, 0xE6FF, 0xE6FF, 0xE6FF, 0xE6FF, 0xE6FF, 0xE6FF, 0xE6FF, 0xE6FF, 0xE6FF,
  0xE6FF, 0xE6FF, 0xE6FF, 0xE6FF, 0xE6FF, 0xE6FF, 0xE71F, 0xE71F, 0xE71F, 0xE71F, 0xEF1F, 0xEF1F, 0xEF1F, 0xEF1F, 0xEF3F, 0xEF3F,
  0xEF3F, 0xEF3F, 0xEF3F, 0xEF3F, 0xEF3F, 0xEF3F, 0xEF5F, 0xEF5F, 0xEF5F, 0xEF5F, 0xEF5F, 0xEF5F, 0xEF5F, 0xEF5F, 0xEF5F, 0xEF5F,
  0xEF5F, 0xEF5F, 0xEF5F, 0xEF5F, 0xEF5F, 0xEF5F, 0xEF5F, 0xEF5F, 0xEF5F, 0xEF5F, 0xEF5F, 0xEF5F, 0xEF5F, 0xEF5F, 0xEF5F, 0xEF5F,
  0xF77F, 0xF77F, 0xF77F, 0xF77F, 0xF77F, 0xF77F, 0xF77F, 0xF77F, 0xEF7F, 0xF77F, 0xF77F, 0xF77F, 0xF77F, 0xF77F, 0xF77F, 0xF77F,
  0xF77F, 0xF77F, 0xF77F, 0xF77F, 0xF77F, 0xF77F, 0xF77F, 0xF77F, 0xF77F, 0xF77F, 0xF77F, 0xF77F, 0xF77F, 0xF77F, 0xF77F, 0xF77F,
  0xF77F, 0xF77F, 0xF79F, 0xF77F, 0xF77F, 0xF79F, 0xF79F, 0xF79F, 0xF79F, 0xF79F, 0xF79F, 0xF79F, 0xF79F, 0xF79F, 0xF79F, 0xF79F,
  0xF79F, 0xF79F, 0xF79F, 0xF79F, 0xF79F, 0xF79F, 0xF79F, 0xF79F, 0xF79F, 0xF79F, 0xF79F, 0xF79F, 0xF79F, 0xF79F, 0xF79F, 0xF79F,
  0xF79F, 0xF79F, 0xF79F, 0xF79F, 0xF79F, 0xF79F, 0xF79F, 0xF79F, 0xF79F, 0xF79F, 0xF79F, 0xF79F, 0xF79F, 0xF79F, 0xF79F, 0xF79F,
  0xF79F, 0xF79F, 0xF79F, 0xF79F, 0xF79F, 0xF79F, 0xF79F, 0xF79F, 0xF79F, 0xF79F, 0xF79F, 0xF79F, 0xF79F, 0xF79F, 0xF79F, 0xF79F,
  0xF79F, 0xF79F, 0xF79F, 0xF79F, 0xF79F, 0xF79F, 0xF79F, 0xF79F, 0xF79F, 0xF79F, 0xF79F, 0xF79F, 0xF79F, 0xF79F, 0xF79F, 0xF79F,
  0xF79F, 0xF79F, 0xF79F, 0xF79F, 0xF79F, 0xF79F, 0xF79F, 0xF79F, 0xF79F, 0xF79F, 0xF79F, 0xF79F, 0xF79F, 0xF79F, 0xF79F, 0xF79F,
  0xCE1E, 0xCDFF, 0xCDFF, 0xCDFF, 0xCDDF, 0xCDDF, 0xCDDF, 0xCDDF, 0xCDDF, 0xCDDF, 0xCDDF, 0xC5DF, 0xC5BF, 0xC5BF, 0xC5BF, 0xC5BF,
  0xC5BF, 0xC5BF, 0xC5BF, 0xC5BF, 0xC5BF, 0xC5BF, 0xC5BF, 0xC59F, 0xC5BF, 0xC5BF, 0xC59F, 0xC59F, 0xC59F, 0xC59F, 0xC59F, 0xC59F,
  0xC59F, 0xC59F, 0xC59F, 0xC59F, 0xC59F, 0xC59F, 0xC59F, 0xC59F, 0xC59F, 0xC59F, 0xC59F, 0xC59F, 0xC59E, 0xDEBE, 0xEF1F, 0xE6FF,
  0xE6FF, 0xE6FF, 0xE6FF, 0xE6FF, 0xE6FF, 0xE6FF, 0xE6FF, 0xE6FF, 0xE6FF, 0xE6FF, 0xE6FF, 0xE6FF, 0xE6FF, 0xE6FF, 0xE6FF, 0xE6FF,
  0xE6FF, 0xE6FF, 0xE6FF, 0xE71F, 0xE6FF, 0xE71F, 0xE71F, 0xE71F, 0xE71F, 0xEF1F, 0xE71F, 0xEF1F, 0xEF1F, 0xEF3F, 0xEF3F, 0xEF3F,
  0xEF3F, 0xEF3F, 0xEF3F, 0xEF3F, 0xEF3F, 0xEF3F, 0xEF3F, 0xEF5F, 0xEF5F, 0xEF5F, 0xEF5F, 0xEF5F, 0xEF5F, 0xEF5F, 0xEF5F, 0xEF5F,
  0xEF5F, 0xEF5F, 0xEF5F, 0xEF5F, 0xEF5F, 0xEF5F, 0xEF5F, 0xEF5F, 0xEF5F, 0xEF5F, 0xEF5F, 0xEF5F, 0xEF5F, 0xEF5F, 0xEF5F, 0xEF5F,
  0xF77F, 0xEF5F, 0xEF5F, 0xF77F, 0xEF5F, 0xEF5F, 0xEF5F, 0xEF5F, 0xF77F, 0xEF5F, 0xF77F, 0xF77F, 0xF77F, 0xF77F, 0xEF5F, 0xF77F,
  0xF77F, 0xF77F, 0xF77F, 0xF77F, 0xF77F, 0xF77F, 0xF77F, 0xF77F, 0xF77F, 0xF77F, 0xF77F, 0xF77F, 0xF77F, 0xF77F, 0xF77F, 0xF77F,
  0xF77F, 0xF77F, 0xF77F, 0xF77F, 0xF77F, 0xF77F, 0xF77F, 0xF77F, 0xF77F, 0xF79F, 0xF79F, 0xF79F, 0xF79F, 0xF79F, 0xF79F, 0xF79F,
  0xF79F, 0xF79F, 0xF79F, 0xF79F, 0xF79F, 0xF79F, 0xF79F, 0xF79F, 0xF79F, 0xF79F, 0xF79F, 0xF79F, 0xF79F, 0xF79F, 0xF79F, 0xF79F,
  0xF79F, 0xF79F, 0xF79F, 0xF79F, 0xF79F, 0xF79F, 0xF79F, 0xF79F, 0xF79F, 0xF79F, 0xF79F, 0xF79F, 0xF79F, 0xF79F, 0xF79F, 0xF79F,
  0xF79F, 0xF79F, 0xF79F, 0xF79F, 0xF79F, 0xF79F, 0xF79F, 0xF79F, 0xF79F, 0xF79F, 0xF79F, 0xF79F, 0xF79F, 0xF79F, 0xF79F, 0xF79F,
  0xF79F, 0xF79F, 0xF79F, 0xF79F, 0xF79F, 0xF79F, 0xF79F, 0xF79F, 0xF79F, 0xF79F, 0xF79F, 0xF79F, 0xF79F, 0xF79F, 0xF79F, 0xF79F,
  0xF79F, 0xF79F, 0xF79F, 0xF79F, 0xF79F, 0xF79F, 0xF79F, 0xF79F, 0xF79F, 0xF79F, 0xF77F, 0xF79F, 0xF79F, 0xF79F, 0xF79F, 0xF79F,
  0xCE1E, 0xCDFF, 0xCDFF, 0xCDFF, 0xCDDF, 0xCDDF, 0xCDDF, 0xCDDF, 0xC5DF, 0xC5DF, 0xC5DF, 0xC5BF, 0xC5BF, 0xC5BF, 0xC5BF, 0xC5BF,
  0xC5BF, 0xC59F, 0xC59F, 0xC59F, 0xC5BF, 0xC59F, 0xC5BF, 0xC59F, 0xC59F, 0xC59F, 0xC59F, 0xC59F, 0xC59F, 0xC59F, 0xC59F, 0xC59F,
  0xC59F, 0xC59F, 0xC59F, 0xC59F, 0xC59F, 0xC59F, 0xC59F, 0xC59F, 0xC59F, 0xC59F, 0xC57F, 0xC59E, 0xDEBF, 0xEF1F, 0xE6FF, 0xE6FF,
  0xE6FF, 0xE6FF, 0xE6FF, 0xE6FF, 0xE6FF, 0xE6FF, 0xE6FF, 0xE6FF, 0xE6FF, 0xE6FF, 0xE6FF, 0xE6FF, 0xE6FF, 0xE6FF, 0xE71F, 0xE6FF,
  0xE71F, 0xE71F, 0xE71F, 0xE71F, 0xE71F, 0xE71F, 0xE71F, 0xE71F, 0xE71F, 0xEF1F, 0xEF1F, 0xEF1F, 0xEF1F, 0xEF3F, 0xEF3F, 0xEF3F,
  0xEF3F, 0xEF3F, 0xEF3F, 0xEF3F, 0xEF3F, 0xEF3F, 0xEF3F, 0xEF3F, 0xEF3F, 0xEF5F, 0xEF5F, 0xEF5F, 0xEF5F, 0xEF5F, 0xEF5F, 0xEF5F,
  0xEF5F, 0xEF5F, 0xEF5F, 0xEF5F, 0xEF5F, 0xEF5F, 0xEF5F, 0xEF5F, 0xEF5F, 0xEF5F, 0xEF5F, 0xEF5F, 0xEF5F, 0xEF5F, 0xEF5F, 0xEF5F,
  0xEF5F, 0xEF5F, 0xEF5F, 0xEF5F, 0xEF7F, 0xEF5F, 0xEF5F, 0xEF5F, 0xF77F, 0xF77F, 0xEF5F, 0xEF5F, 0xEF5F, 0xEF5F, 0xEF7F, 0xF77F,
  0xF75F, 0xF77F, 0xF77F, 0xF77F, 0xF77F, 0xF77F, 0xF77F, 0xF77F, 0xF77F, 0xF77F, 0xF77F, 0xF77F, 0xF77F, 0xF77F, 0xF77F, 0xF77F,
  0xF77F, 0xF77F, 0xF77F, 0xF77F, 0xF77F, 0xF77F, 0xF77F, 0xF77F, 0xF77F, 0xF77F, 0xF79F, 0xF77F, 0xF77F, 0xF79F, 0xF79F, 0xF79F,
  0xF79F, 0xF79F, 0xF79F, 0xF77F, 0xF79F, 0xF79F, 0xF79F, 0xF79F, 0xF79F, 0xF79F, 0xF79F, 0xF79F, 0xF79F, 0xF79F, 0xF79F, 0xF79F,
  0xF79F, 0xF79F, 0xF79F, 0xF79F, 0xF79F, 0xF79F, 0xF79F, 0xF79F, 0xF79F, 0xF79F, 0xF79F, 0xF79F, 0xF79F, 0xF79F, 0xF79F, 0xF79F,
  0xF79F, 0xF79F, 0xF79F, 0xF79F, 0xF79F, 0xF79F, 0xF79F, 0xF79F, 0xF79F, 0xF79F, 0xF79F, 0xF79F, 0xF79F, 0xF79F, 0xF79F, 0xF79F,
  0xF79F, 0xF79F, 0xF79F, 0xF79F, 0xF79F, 0xF79F, 0xF77F, 0xF79F, 0xF79F, 0xF79F, 0xF79F, 0xF79F, 0xF79F, 0xF79F, 0xF79F, 0xF79F,
  0xF79F, 0xF79F, 0xF79F, 0xF79F, 0xF79F, 0xF77F, 0xF77F, 0xF79F, 0xF79F, 0xF79F, 0xF79F, 0xF79F, 0xF79F, 0xF79F, 0xF79F, 0xF79F,
  0xCE1E, 0xCDFF, 0xCDFF, 0xCDDF, 0xCDDF, 0xCDDF, 0xCDDF, 0xCDBF, 0xC5BF, 0xC5BF, 0xC5BF, 0xC5BF, 0xC5BF, 0xC5BF, 0xC5BF, 0xC59F,
  0xC59F, 0xC59F, 0xC59F, 0xC59F, 0xC59F, 0xC59F, 0xC59F, 0xC59F, 0xC59F, 0xC59F, 0xC59F, 0xC59F, 0xC59F, 0xC59F, 0xC57F, 0xC57F,
  0xC57F, 0xC57F, 0xC59F, 0xC59F, 0xC59F, 0xC59F, 0xC57F, 0xC57F, 0xC57F, 0xC57F, 0xBD7F, 0xDE9F, 0xE71F, 0xE6FF, 0xE6FF, 0xE6FF,
  0xE6FF, 0xE6FF, 0xE6FF, 0xE6FF, 0xE6FF, 0xE6FF, 0xE6FF, 0xE6FF, 0xE6FF, 0xE6FF, 0xE6FF, 0xE6FF, 0xE6FF, 0xE71F, 0xE71F, 0xE6FF,
  0xE71F, 0xE71F, 0xE71F, 0xE71F, 0xE71F, 0xE71F, 0xE71F, 0xE71F, 0xE71F, 0xE71F, 0xEF1F, 0xEF1F, 0xEF1F, 0xEF3F, 0xEF3F, 0xEF3F,
  0xEF3F, 0xEF3F, 0xEF3F, 0xEF3F, 0xEF3F, 0xEF3F, 0xEF3F, 0xEF3F, 0xEF3F, 0xEF3F, 0xEF5F, 0xEF5F, 0xEF3F, 0xEF5F, 0xEF5F, 0xEF5F,
  0xEF5F, 0xEF5F, 0xEF5F, 0xEF5F, 0xEF5F, 0xEF5F, 0xEF5F, 0xEF5F, 0xEF5F, 0xEF5F, 0xEF5F, 0xEF5F, 0xEF5F, 0xEF5F, 0xEF5F, 0xEF5F,
  0xEF5F, 0xEF5F, 0xEF5F, 0xEF5F, 0xEF5F, 0xEF5F, 0xEF5F, 0xEF5F, 0xEF5F, 0xEF5F, 0xEF5F, 0xEF5F, 0xEF5F, 0xEF5F, 0xEF5F, 0xF75F,
  0xEF5F, 0xEF7F, 0xEF5F, 0xF77F, 0xF77F, 0xF77F, 0xF77F, 0xF77F, 0xEF5F, 0xF77F, 0xF77F, 0xF77F, 0xF77F, 0xF77F, 0xF77F, 0xF77F,
  0xF77F, 0xF77F, 0xF77F, 0xF77F, 0xF77F, 0xF77F, 0xF77F, 0xF77F, 0xF77F, 0xF77F, 0xF77F, 0xF77F, 0xF77F, 0xF77F, 0xF79F, 0xF79F,
  0xF77F, 0xF77F, 0xF77F, 0xF77F, 0xF77F, 0xF77F, 0xF79F, 0xF79F, 0xF79F, 0xF79F, 0xF79F, 0xF79F, 0xF77F, 0xF79F, 0xF79F, 0xF79F,
  0xF79F, 0xF79F, 0xF79F, 0xF79F, 0xF79F, 0xF79F, 0xF79F, 0xF79F, 0xF79F, 0xF79F, 0xF79F, 0xF79F, 0xF79F, 0xF79F, 0xF79F, 0xF79F,
  0xF79F, 0xF79F, 0xF79F, 0xF79F, 0xF79F, 0xF79F, 0xF79F, 0xF79F, 0xF79F, 0xF79F, 0xF79F, 0xF79F, 0xF79F, 0xF79F, 0xF79F, 0xF77F,
  0xF79F, 0xF79F, 0xF79F, 0xF79F, 0xF79F, 0xF79F, 0xF77F, 0xF79F, 0xF79F, 0xF79F, 0xF79F, 0xF79F, 0xF79F, 0xF79F, 0xF79F, 0xF79F,
  0xF79F, 0xF79F, 0xF79F, 0xF79F, 0xF79F, 0xF79F, 0xF77F, 0xF79F, 0xF79F, 0xF79F, 0xF79F, 0xF79F, 0xF79F, 0xF79F, 0xF79F, 0xF79F,
  0xCDFE, 0xCDFF, 0xCDDF, 0xCDDF, 0xCDDF, 0xCDDF, 0xCDBF, 0xCDBF, 0xC5BF, 0xC5BF, 0xC5BF, 0xC5BF, 0xC59F, 0xC59F, 0xC59F, 0xC59F,
  0xC59F, 0xC59F, 0xC59F, 0xC59F, 0xC59F, 0xC59F, 0xC59F, 0xC59F, 0xC59F, 0xC59F, 0xC59F, 0xC59F, 0xC57F, 0xC57F, 0xC57F, 0xC57F,
  0xC57F, 0xC57F, 0xC57F, 0xC57F, 0xC57F, 0xC59F, 0xC57F, 0xC59F, 0xC57F, 0xBD7F, 0xDE9F, 0xE71F, 0xE6FF, 0xE6FF, 0xE6FF, 0xE6FF,
  0xE6FF, 0xE6FF, 0xE6FF, 0xE6FF, 0xE6FF, 0xE6FF, 0xE6FF, 0xE6FF, 0xE6FF, 0xE6FF, 0xE6FF, 0xE6FF, 0xE6FF, 0xE71F, 0xE6FF, 0xE71F,
  0xE71F, 0xE71F, 0xE71F, 0xE71F, 0xE71F, 0xE71F, 0xE71F, 0xE71F, 0xE71F, 0xE71F, 0xEF1F, 0xEF1F, 0xEF1F, 0xEF3F, 0xEF3F, 0xEF3F,
  0xEF3F, 0xEF3F, 0xEF3F, 0xEF3F, 0xEF3F, 0xEF3F, 0xEF3F, 0xEF3F, 0xEF3F, 0xEF3F, 0xEF3F, 0xEF3F, 0xEF3F, 0xEF3F, 0xEF3F, 0xEF3F,
  0xEF3F, 0xEF5F, 0xEF5F, 0xEF3F, 0xEF3F, 0xEF5F, 0xEF5F, 0xEF5F, 0xEF5F, 0xEF5F, 0xEF5F, 0xEF5F, 0xEF3F, 0xEF5F, 0xEF5F, 0xEF5F,
  0xEF5F, 0xEF5F, 0xEF5F, 0xEF5F, 0xEF5F, 0xEF5F, 0xEF5F, 0xEF5F, 0xEF5F, 0xEF5F, 0xEF5F, 0xEF5F, 0xEF5F, 0xEF5F, 0xEF5F, 0xEF5F,
  0xEF5F, 0xEF5F, 0xEF5F, 0xEF5F, 0xEF5F, 0xF75F, 0xEF5F, 0xF77F, 0xEF5F, 0xF77F, 0xF77F, 0xF77F, 0xF77F, 0xF77F, 0xEF7F, 0xEF7F,
  0xEF7F, 0xEF5F, 0xEF5F, 0xEF5F, 0xF77F, 0xF77F, 0xF77F, 0xF77F, 0xF77F, 0xF77F, 0xF77F, 0xF77F, 0xF77F, 0xF77F, 0xF77F, 0xF77F,
  0xF77F, 0xF77F, 0xF79F, 0xF77F, 0xF77F, 0xF77F, 0xF77F, 0xF77F, 0xF79F, 0xF79F, 0xF79F, 0xF79F, 0xF79F, 0xF79F, 0xF79F, 0xF79F,
  0xF79F, 0xF79F, 0xF79F, 0xF79F, 0xF79F, 0xF79F, 0xF79F, 0xF79F, 0xF79F, 0xF79F, 0xF79F, 0xF79F, 0xF79F, 0xF79F, 0xF79F, 0xF79F,
  0xF79F, 0xF79F, 0xF79F, 0xF79F, 0xF79F, 0xF79F, 0xF79F, 0xF79F, 0xF79F, 0xF79F, 0xF79F, 0xF79F, 0xF79F, 0xF79F, 0xF79F, 0xF77F,
  0xF79F, 0xF79F, 0xF77F, 0xF79F, 0xF77F, 0xF79F, 0xF79F, 0xF79F, 0xF79F, 0xF79F, 0xF79F, 0xF79F, 0xF79F, 0xF79F, 0xF79F, 0xF79F,
  0xF79F, 0xF79F, 0xF79F, 0xF79F, 0xF79F, 0xF79F, 0xF79F, 0xF79F, 0xF79F, 0xF79F, 0xF77F, 0xF79F, 0xF79F, 0xF79F, 0xF79F, 0xF79F,
  0xCDFE, 0xCDDF, 0xCDDF, 0xCDDF, 0xCDDF, 0xCDBF, 0xCDBF, 0xCDBF, 0xC5BF, 0xC5BF, 0xC5BF, 0xC59F, 0xC59F, 0xC59F, 0xC59F, 0xC59F,
  0xC59F, 0xC59F, 0xC59F, 0xC59F, 0xC59F, 0xC59F, 0xC57F, 0xBD7F, 0xC57F, 0xC57F, 0xC57F, 0xBD7F, 0xBD7F, 0xC57F, 0xC57F, 0xBD7F,
  0xBD7F, 0xBD7F, 0xBD7F, 0xC57F, 0xC57F, 0xC57F, 0xC59F, 0xC57F, 0xBD7E, 0xDE9F, 0xE71F, 0xE6FF, 0xE6FF, 0xE6FF, 0xE6FF, 0xE6FF,
  0xE6FF, 0xE6FF, 0xE6FF, 0xE6FF, 0xE6FF, 0xE6FF, 0xE6FF, 0xE6FF, 0xE6FF, 0xE6FF, 0xE6FF, 0xE6FF, 0xE6FF, 0xE71F, 0xE71F, 0xE71F,
  0xE71F, 0xE71F, 0xE71F, 0xE71F, 0xEF1F, 0xE71F, 0xE71F, 0xE71F, 0xE71F, 0xEF1F, 0xEF1F, 0xEF1F, 0xEF1F, 0xEF3F, 0xEF3F, 0xEF3F,
  0xEF3F, 0xEF3F, 0xEF3F, 0xEF3F, 0xEF3F, 0xEF3F, 0xEF3F, 0xEF3F, 0xEF3F, 0xEF3F, 0xEF3F, 0xEF3F, 0xEF3F, 0xEF3F, 0xEF3F, 0xEF3F,
  0xEF3F, 0xEF3F, 0xEF3F, 0xEF3F, 0xEF3F, 0xEF3F, 0xEF5F, 0xEF5F, 0xEF5F, 0xEF3F, 0xEF3F, 0xEF3F, 0xEF3F, 0xEF5F, 0xEF5F, 0xEF5F,
  0xEF5F, 0xEF5F, 0xEF5F, 0xEF5F, 0xEF5F, 0xEF5F, 0xEF5F, 0xEF5F, 0xEF5F, 0xEF5F, 0xEF5F, 0xEF5F, 0xEF5F, 0xEF5F, 0xEF5F, 0xEF5F,
  0xEF5F, 0xEF5F, 0xEF5F, 0xEF5F, 0xEF5F, 0xEF5F, 0xEF5F, 0xEF5F, 0xEF5F, 0xF77F, 0xEF5F, 0xF77F, 0xF77F, 0xF77F, 0xF77F, 0xEF7F,
  0xEF7F, 0xEF5F, 0xEF5F, 0xEF5F, 0xF77F, 0xF77F, 0xF77F, 0xF77F, 0xF77F, 0xF77F, 0xF77F, 0xF77F, 0xF77F, 0xF77F, 0xF77F, 0xF77F,
  0xF77F, 0xF77F, 0xF77F, 0xF77F, 0xF77F, 0xF77F, 0xF77F, 0xF77F, 0xF79F, 0xF79F, 0xF79F, 0xF79F, 0xF79F, 0xF79F, 0xF79F, 0xF79F,
  0xF79F, 0xF79F, 0xF79F, 0xF79F, 0xF79F, 0xF79F, 0xF79F, 0xF79F, 0xF79F, 0xF79F, 0xF79F, 0xF79F, 0xF79F, 0xF79F, 0xF79F, 0xF79F,
  0xF79F, 0xF79F, 0xF79F, 0xF79F, 0xF79F, 0xF79F, 0xF79F, 0xF79F, 0xF79F, 0xF79F, 0xF79F, 0xF79F, 0xF79F, 0xF79F, 0xF79F, 0xF79F,
  0xF79F, 0xF79F, 0xF79F, 0xF79F, 0xF77F, 0xF77F, 0xF79F, 0xF79F, 0xF79F, 0xF79F, 0xF79F, 0xF79F, 0xF79F, 0xF79F, 0xF79F, 0xF79F,
  0xF79F, 0xF79F, 0xF79F, 0xF79F, 0xF79F, 0xF79F, 0xF77F, 0xF79F, 0xF79F, 0xF79F, 0xF79F, 0xF79F, 0xF79F, 0xF79F, 0xF79F, 0xF79F,
  0xCDFE, 0xCDDF, 0xCDDF, 0xC5DF, 0xC5BF, 0xC5BF, 0xC5BF, 0xC5BF, 0xC59F, 0xC59F, 0xC59F, 0xC59F, 0xC59F, 0xC59F, 0xC59F, 0xC57F,
  0xC57F, 0xC57F, 0xC57F, 0xC57F, 0xC57F, 0xBD7F, 0xC57F, 0xBD5F, 0xBD7F, 0xBD7F, 0xC57F, 0xBD7F, 0xBD7F, 0xBD7F, 0xBD7F, 0xBD7F,
  0xBD7F, 0xBD7F, 0xBD5F, 0xBD5F, 0xBD5F, 0xBD7F, 0xC57F, 0xC57F, 0xDEBF, 0xE71F, 0xE6FF, 0xE6FF, 0xE6FF, 0xE6FF, 0xE6FF, 0xE6FF,
  0xE6FF, 0xE6FF, 0xE6FF, 0xE6FF, 0xE6FF, 0xE6FF, 0xE6FF, 0xE6FF, 0xE6FF, 0xE6FF, 0xE6FF, 0xE6FF, 0xE6FF, 0xE6FF, 0xE71F, 0xE71F,
  0xE71F, 0xE71F, 0xE71F, 0xE71F, 0xE71F, 0xE71F, 0xE71F, 0xE71F, 0xE71F, 0xEF1F, 0xEF1F, 0xEF1F, 0xEF3F, 0xEF1F, 0xEF3F, 0xEF3F,
  0xEF3F, 0xEF3F, 0xEF3F, 0xEF3F, 0xEF3F, 0xEF3F, 0xEF3F, 0xEF3F, 0xEF3F, 0xEF3F, 0xEF3F, 0xEF3F, 0xEF3F, 0xEF3F, 0xEF3F, 0xEF3F,
  0xEF3F, 0xEF3F, 0xEF3F, 0xEF3F, 0xEF3F, 0xEF3F, 0xEF3F, 0xEF3F, 0xEF3F, 0xEF3F, 0xEF3F, 0xEF5F, 0xEF5F, 0xEF3F, 0xEF5F, 0xEF5F,
  0xEF3F, 0xEF5F, 0xEF5F, 0xEF5F, 0xEF5F, 0xEF5F, 0xEF3F, 0xEF3F, 0xEF3F, 0xEF5F, 0xEF5F, 0xEF5F, 0xEF5F, 0xEF5F, 0xEF5F, 0xEF5F,
  0xEF5F, 0xEF5F, 0xEF5F, 0xEF5F, 0xEF5F, 0xEF5F, 0xEF5F, 0xEF5F, 0xEF5F, 0xEF5F, 0xEF5F, 0xEF5F, 0xEF5F, 0xEF5F, 0xEF5F, 0xF77F,
  0xEF5F, 0xF77F, 0xEF5F, 0xEF5F, 0xF77F, 0xF77F, 0xF77F, 0xF77F, 0xF77F, 0xF77F, 0xF77F, 0xF77F, 0xF77F, 0xF77F, 0xF77F, 0xF77F,
  0xF77F, 0xF77F, 0xF77F, 0xF77F, 0xF77F, 0xF77F, 0xF77F, 0xF77F, 0xF79F, 0xF77F, 0xF77F, 0xF77F, 0xF79F, 0xF77F, 0xF79F, 0xF79F,
  0xF79F, 0xF79F, 0xF79F, 0xF79F, 0xF79F, 0xF79F, 0xF79F, 0xF79F, 0xF79F, 0xF79F, 0xF79F, 0xF79F, 0xF79F, 0xF79F, 0xF79F, 0xF79F,
  0xF79F, 0xF79F, 0xF79F, 0xF79F, 0xF79F, 0xF79F, 0xF79F, 0xF79F, 0xF79F, 0xF79F, 0xF79F, 0xF79F, 0xF79F, 0xF79F, 0xF79F, 0xF79F,
  0xF79F, 0xF79F, 0xF79F, 0xF79F, 0xF79F, 0xF79F, 0xF79F, 0xF79F, 0xF79F, 0xF79F, 0xF79F, 0xF79F, 0xF79F, 0xF79F, 0xF79F, 0xF79F,
  0xF79F, 0xF79F, 0xF79F, 0xF79F, 0xF79F, 0xF79F, 0xF79F, 0xF79F, 0xF79F, 0xF79F, 0xF79F, 0xF79F, 0xF79F, 0xF79F, 0xF79F, 0xF79F,
  0xCDFE, 0xCDDF, 0xC5BF, 0xC5BF, 0xC5BF, 0xC5BF, 0xC5BF, 0xC59F, 0xC59F, 0xC59F, 0xC59F, 0xC59F, 0xC59F, 0xC57F, 0xC57F, 0xC57F,
  0xC57F, 0xBD7F, 0xBD7F, 0xBD7F, 0xBD7F, 0xBD7F, 0xBD7F, 0xBD5F, 0xBD5F, 0xBD7F, 0xBD7F, 0xBD7F, 0xBD7F, 0xBD7F, 0xBD7F, 0xBD5F,
  0xBD5F, 0xBD5F, 0xBD5F, 0xBD5F, 0xBD5F, 0xBD5F, 0xBD7F, 0xE6BF, 0xE71F, 0xE6FF, 0xE6FF, 0xE6FF, 0xE6FF, 0xE6FF, 0xE6FF, 0xE6FF,
  0xE6FF, 0xE6FF, 0xE6FF, 0xE6FF, 0xE6FF, 0xE6FF, 0xE6FF, 0xE6FF, 0xE6FF, 0xE6FF, 0xE6FF, 0xE6FF, 0xE6FF, 0xE6FF, 0xE6FF, 0xE71F,
  0xE71F, 0xE71F, 0xE71F, 0xE71F, 0xE71F, 0xE71F, 0xE71F, 0xE71F, 0xEF1F, 0xEF1F, 0xEF1F, 0xEF1F, 0xEF1F, 0xEF1F, 0xEF3F, 0xEF3F,
  0xEF3F, 0xEF3F, 0xEF3F, 0xEF3F, 0xEF3F, 0xEF3F, 0xEF3F, 0xEF3F, 0xEF3F, 0xEF3F, 0xEF3F, 0xEF3F, 0xEF3F, 0xEF3F, 0xEF3F, 0xEF3F,
  0xEF3F, 0xEF3F, 0xEF3F, 0xEF3F, 0xEF3F, 0xEF3F, 0xEF3F, 0xEF3F, 0xEF3F, 0xEF3F, 0xEF3F, 0xEF3F, 0xEF3F, 0xEF3F, 0xEF3F, 0xEF3F,
  0xEF3F, 0xEF3F, 0xEF5F, 0xEF5F, 0xEF5F, 0xEF3F, 0xEF3F, 0xEF3F, 0xEF3F, 0xEF3F, 0xEF3F, 0xEF3F, 0xEF5F, 0xEF5F, 0xEF3F, 0xEF3F,
  0xEF5F, 0xEF5F, 0xEF5F, 0xEF5F, 0xEF5F, 0xEF5F, 0xEF5F, 0xEF5F, 0xEF5F, 0xEF5F, 0xEF5F, 0xEF5F, 0xEF5F, 0xEF5F, 0xEF5F, 0xEF5F,
  0xEF5F, 0xEF5F, 0xEF5F, 0xEF5F, 0xEF5F, 0xEF5F, 0xEF5F, 0xF77F, 0xF77F, 0xF77F, 0xF77F, 0xF77F, 0xF77F, 0xF77F, 0xF77F, 0xF77F,
  0xF77F, 0xF77F, 0xF77F, 0xF77F, 0xF77F, 0xF77F, 0xF77F, 0xF77F, 0xF77F, 0xF77F, 0xF77F, 0xF77F, 0xF79F, 0xF77F, 0xF79F, 0xF79F,
  0xF79F, 0xF79F, 0xF79F, 0xF79F, 0xF79F, 0xF79F, 0xF79F, 0xF79F, 0xF79F, 0xF79F, 0xF79F, 0xF79F, 0xF79F, 0xF79F, 0xF79F, 0xF79F,
  0xF79F, 0xF79F, 0xF79F, 0xF79F, 0xF79F, 0xF79F, 0xF79F, 0xF79F, 0xF79F, 0xF79F, 0xF79F, 0xF79F, 0xF79F, 0xF79F, 0xF79F, 0xF79F,
  0xF79F, 0xF79F, 0xF79F, 0xF79F, 0xF79F, 0xF79F, 0xF79F, 0xF79F, 0xF79F, 0xF79F, 0xF79F, 0xF77F, 0xF77F, 0xF79F, 0xF79F, 0xF79F,
  0xF79F, 0xF79F, 0xF79F, 0xF79F, 0xF79F, 0xF79F, 0xF79F, 0xF79F, 0xF79F, 0xF79F, 0xF79F, 0xF79F, 0xF79F, 0xF79F, 0xF79F, 0xF79F,
  0xCDDE, 0xC5BF, 0xC5BF, 0xC5BF, 0xC5BF, 0xC5BF, 0xC59F, 0xC59F, 0xC59F, 0xC59F, 0xC57F, 0xC57F, 0xC57F, 0xC57F, 0xC57F, 0xC57F,
  0xC57F, 0xBD7F, 0xBD7F, 0xBD7F, 0xBD7F, 0xBD7F, 0xBD7F, 0xBD5F, 0xBD5F, 0xBD5F, 0xBD5F, 0xBD5F, 0xBD5F, 0xBD5F, 0xBD5F, 0xBD5F,
  0xBD5F, 0xBD5F, 0xBD5F, 0xBD5F, 0xBD3F, 0xBD7F, 0xE6DF, 0xE71F, 0xE6FF, 0xE6FF, 0xE6FF, 0xE6FF, 0xE6FF, 0xE6FF, 0xE6FF, 0xE6FF,
  0xE6FF, 0xE6FF, 0xE6FF, 0xE6FF, 0xE6FF, 0xE6FF, 0xE6FF, 0xE6FF, 0xE6FF, 0xE6FF, 0xE6FF, 0xE6FF, 0xE6FF, 0xE6FF, 0xE71F, 0xE6FF,
  0xE71F, 0xE71F, 0xE71F, 0xE71F, 0xE71F, 0xE71F, 0xE71F, 0xE71F, 0xE71F, 0xE71F, 0xEF1F, 0xEF1F, 0xEF1F, 0xEF1F, 0xEF1F, 0xEF1F,
  0xEF1F, 0xEF1F, 0xEF3F, 0xEF3F, 0xEF3F, 0xEF3F, 0xEF3F, 0xEF3F, 0xEF3F, 0xEF3F, 0xEF3F, 0xEF3F, 0xEF3F, 0xEF3F, 0xEF3F, 0xEF3F,
  0xEF3F, 0xEF3F, 0xEF3F, 0xEF3F, 0xEF3F, 0xEF3F, 0xEF3F, 0xEF3F, 0xEF3F, 0xEF3F, 0xEF3F, 0xEF3F, 0xEF3F, 0xEF3F, 0xEF3F, 0xEF3F,
  0xEF3F, 0xEF3F, 0xEF3F, 0xEF3F, 0xEF3F, 0xEF3F, 0xEF3F, 0xEF3F, 0xEF3F, 0xEF3F, 0xEF3F, 0xEF3F, 0xEF3F, 0xEF3F, 0xEF3F, 0xEF3F,
  0xEF3F, 0xEF3F, 0xEF3F, 0xEF5F, 0xEF5F, 0xEF5F, 0xEF5F, 0xEF5F, 0xEF5F, 0xEF5F, 0xEF5F, 0xEF5F, 0xEF5F, 0xEF5F, 0xEF5F, 0xEF5F,
  0xEF5F, 0xEF5F, 0xEF5F, 0xEF5F, 0xEF5F, 0xEF5F, 0xEF5F, 0xEF5F, 0xEF5F, 0xEF5F, 0xF77F, 0xF77F, 0xF77F, 0xF77F, 0xF77F, 0xF77F,
  0xF77F, 0xF77F, 0xF77F, 0xEF7F, 0xF77F, 0xF77F, 0xF77F, 0xF77F, 0xF77F, 0xF77F, 0xF77F, 0xF77F, 0xF77F, 0xF79F, 0xF79F, 0xF79F,
  0xF79F, 0xF77F, 0xF79F, 0xF79F, 0xF79F, 0xF79F, 0xF79F, 0xF79F, 0xF79F, 0xF79F, 0xF79F, 0xF79F, 0xF79F, 0xF79F, 0xF79F, 0xF79F,
  0xF79F, 0xF79F, 0xF79F, 0xF79F, 0xF79F, 0xF79F, 0xF79F, 0xF79F, 0xF79F, 0xF79F, 0xF79F, 0xF79F, 0xF79F, 0xF79F, 0xF79F, 0xF79F,
  0xF79F, 0xF79F, 0xF79F, 0xF79F, 0xF79F, 0xF79F, 0xF79F, 0xF79F, 0xF79F, 0xF79F, 0xFFDF, 0xDE9E, 0xDE9E, 0xF7BF, 0xF77F, 0xF79F,
  0xF79F, 0xF79F, 0xF79F, 0xF79F, 0xF79F, 0xF79F, 0xF79F, 0xF79F, 0xF77F, 0xF77F, 0xF79F, 0xF79F, 0xF79F, 0xF79F, 0xF79F, 0xF79F,
  0xC5BE, 0xC5BF, 0xC5BF, 0xC5BF, 0xC59F, 0xC59F, 0xC59F, 0xC59F, 0xC57F, 0xC57F, 0xC57F, 0xC57F, 0xC57F, 0xBD7F, 0xBD7F, 0xBD5F,
  0xBD5F, 0xBD5F, 0xBD7F, 0xBD7F, 0xBD7F, 0xBD7F, 0xBD5F, 0xBD5F, 0xBD5F, 0xBD5F, 0xBD5F, 0xBD5F, 0xBD5F, 0xBD5F, 0xBD5F, 0xBD5F,
  0xBD3F, 0xBD3F, 0xBD3F, 0xBD1F, 0xC57E, 0xE6DF, 0xE71F, 0xE6DF, 0xE6FF, 0xE6FF, 0xE6FF, 0xE6FF, 0xE6FF, 0xE6FF, 0xE6FF, 0xE6FF,
  0xE6FF, 0xE6FF, 0xE6FF, 0xE6FF, 0xE6FF, 0xE6FF, 0xE6FF, 0xE6FF, 0xE6FF, 0xE6FF, 0xE6FF, 0xE6FF, 0xE6FF, 0xE6FF, 0xE6FF, 0xE6FF,
  0xE6FF, 0xE71F, 0xE6FF, 0xE71F, 0xE71F, 0xE71F, 0xE71F, 0xE71F, 0xE71F, 0xE71F, 0xE71F, 0xEF1F, 0xE71F, 0xEF1F, 0xEF1F, 0xEF1F,
  0xEF1F, 0xEF1F, 0xEF1F, 0xEF1F, 0xEF1F, 0xEF3F, 0xEF3F, 0xEF3F, 0xEF3F, 0xEF3F, 0xEF3F, 0xEF3F, 0xEF3F, 0xEF3F, 0xEF3F, 0xEF3F,
  0xEF3F, 0xEF3F, 0xEF3F, 0xEF3F, 0xEF3F, 0xEF3F, 0xEF3F, 0xEF3F, 0xEF3F, 0xEF3F, 0xEF3F, 0xEF3F, 0xEF3F, 0xEF3F, 0xEF3F, 0xEF3F,
  0xEF3F, 0xEF3F, 0xEF3F, 0xEF3F, 0xEF3F, 0xEF3F, 0xEF3F, 0xEF3F, 0xEF3F, 0xEF3F, 0xEF3F, 0xEF3F, 0xEF3F, 0xEF3F, 0xEF3F, 0xEF3F,
  0xEF3F, 0xEF3F, 0xEF3F, 0xEF3F, 0xEF5F, 0xEF3F, 0xEF3F, 0xEF3F, 0xEF3F, 0xEF3F, 0xEF5F, 0xEF5F, 0xEF5F, 0xEF5F, 0xEF5F, 0xEF5F,
  0xEF5F, 0xEF5F, 0xEF5F, 0xEF5F, 0xEF5F, 0xEF5F, 0xEF5F, 0xEF5F, 0xEF5F, 0xEF5F, 0xEF5F, 0xEF5F, 0xEF5F, 0xF77F, 0xEF5F, 0xEF7F,
  0xF77F, 0xF77F, 0xEF7F, 0xEF7F, 0xF77F, 0xF77F, 0xF77F, 0xF77F, 0xF77F, 0xF77F, 0xF77F, 0xF77F, 0xF77F, 0xF79F, 0xF77F, 0xF77F,
  0xF77F, 0xF77F, 0xF77F, 0xF77F, 0xF77F, 0xF79F, 0xF79F, 0xF79F, 0xF79F, 0xF79F, 0xF79F, 0xF79F, 0xF79F, 0xF79F, 0xF79F, 0xF79F,
  0xF79F, 0xF79F, 0xF77F, 0xF79F, 0xF79F, 0xF79F, 0xF79F, 0xF79F, 0xF79F, 0xF79F, 0xF79F, 0xF79F, 0xF79F, 0xF79F, 0xF79F, 0xF79F,
  0xF79F, 0xF79F, 0xF79F, 0xF79F, 0xF79F, 0xF79F, 0xF79F, 0xF79F, 0xF79F, 0xEF7F, 0xFFDF, 0xB4FC, 0xBD5D, 0xFFFF, 0xF77F, 0xF79F,
  0xF79F, 0xF79F, 0xF79F, 0xF79F, 0xF79F, 0xF79F, 0xF79F, 0xF79F, 0xF77F, 0xF77F, 0xF77F, 0xF79F, 0xF79F, 0xF79F, 0xF79F, 0xF79F,
  0xC5BE, 0xC59F, 0xC59F, 0xC59F, 0xC59F, 0xC59F, 0xC57F, 0xC57F, 0xC57F, 0xC57F, 0xC57F, 0xBD7F, 0xBD7F, 0xBD5F, 0xBD5F, 0xBD5F,
  0xBD5F, 0xBD5F, 0xBD5F, 0xBD5F, 0xBD5F, 0xBD5F, 0xBD5F, 0xBD5F, 0xBD5F, 0xBD5F, 0xBD3F, 0xBD5F, 0xBD3F, 0xBD3F, 0xBD3F, 0xBD3F,
  0xBD3F, 0xBD5F, 0xB51F, 0xC5BE, 0xE6FF, 0xE6FF, 0xE6DF, 0xE6FF, 0xE6FF, 0xE6FF, 0xE6FF, 0xE6FF, 0xE6FF, 0xE6FF, 0xE6FF, 0xE6FF,
  0xE6FF, 0xE6FF, 0xE6FF, 0xE6FF, 0xE6FF, 0xE6FF, 0xE6FF, 0xE6FF, 0xE6FF, 0xE6FF, 0xE6FF, 0xE6FF, 0xE6FF, 0xE6FF, 0xE6FF, 0xE6FF,
  0xE6FF, 0xE6FF, 0xE71F, 0xE71F, 0xE71F, 0xE71F, 0xE71F, 0xE71F, 0xE71F, 0xE71F, 0xE71F, 0xE71F, 0xE71F, 0xE71F, 0xE71F, 0xE71F,
  0xEF1F, 0xEF1F, 0xEF1F, 0xEF1F, 0xEF1F, 0xEF1F, 0xEF1F, 0xEF1F, 0xEF1F, 0xEF1F, 0xEF1F, 0xEF1F, 0xEF1F, 0xEF1F, 0xEF1F, 0xEF1F,
  0xEF3F, 0xEF3F, 0xEF3F, 0xEF1F, 0xEF1F, 0xEF3F, 0xEF3F, 0xEF3F, 0xEF3F, 0xEF3F, 0xEF3F, 0xEF3F, 0xEF3F, 0xEF3F, 0xEF3F, 0xEF3F,
  0xEF3F, 0xEF3F, 0xEF3F, 0xEF3F, 0xEF3F, 0xEF3F, 0xEF3F, 0xEF3F, 0xEF3F, 0xEF3F, 0xEF3F, 0xEF3F, 0xEF3F, 0xEF3F, 0xEF3F, 0xEF3F,
  0xEF3F, 0xEF3F, 0xEF3F, 0xEF3F, 0xEF3F, 0xEF3F, 0xEF3F, 0xEF3F, 0xEF3F, 0xEF3F, 0xEF3F, 0xEF3F, 0xEF3F, 0xEF3F, 0xEF3F, 0xEF3F,
  0xEF3F, 0xEF3F, 0xEF3F, 0xEF5F, 0xEF3F, 0xEF5F, 0xEF5F, 0xEF5F, 0xEF5F, 0xEF5F, 0xEF5F, 0xEF5F, 0xEF5F, 0xEF5F, 0xEF5F, 0xEF5F,
  0xEF5F, 0xF77F, 0xF77F, 0xF77F, 0xF77F, 0xF77F, 0xF77F, 0xF77F, 0xF77F, 0xF77F, 0xF77F, 0xF77F, 0xF77F, 0xF77F, 0xF77F, 0xF77F,
  0xF77F, 0xF77F, 0xF77F, 0xF77F, 0xF77F, 0xF79F, 0xF77F, 0xF79F, 0xF77F, 0xF77F, 0xF77F, 0xF77F, 0xF77F, 0xF77F, 0xF77F, 0xF77F,
  0xF77F, 0xF77F, 0xF77F, 0xF77F, 0xF77F, 0xF77F, 0xF79F, 0xF79F, 0xF79F, 0xF79F, 0xF79F, 0xF79F, 0xF79F, 0xF79F, 0xF79F, 0xF79F,
  0xF79F, 0xF77F, 0xF79F, 0xF79F, 0xF79F, 0xF79F, 0xF79F, 0xF79F, 0xF79F, 0xFFDF, 0xE6DE, 0x835B, 0x8BBB, 0xEF3F, 0xFFDF, 0xF79F,
  0xF79F, 0xF79F, 0xF79F, 0xF79F, 0xF79F, 0xF79F, 0xF79F, 0xF79F, 0xF79F, 0xF79F, 0xF79F, 0xF79F, 0xF79F, 0xF79F, 0xF79F, 0xF7BF,
  0xC5BE, 0xC59F, 0xC59F, 0xC59F, 0xC59F, 0xC57F, 0xBD7F, 0xBD7F, 0xBD7F, 0xBD7F, 0xBD7F, 0xBD5F, 0xBD5F, 0xBD5F, 0xBD5F, 0xBD5F,
  0xBD3F, 0xBD5F, 0xBD3F, 0xBD3F, 0xBD3F, 0xBD3F, 0xBD3F, 0xBD3F, 0xBD3F, 0xBD3F, 0xBD3F, 0xBD3F, 0xBD3F, 0xBD3F, 0xBD3F, 0xBD3F,
  0xBD3F, 0xB51F, 0xCDDF, 0xEF1F, 0xE6FF, 0xE6DF, 0xE6FF, 0xE6FF, 0xE6FF, 0xE6FF, 0xE6FF, 0xE6FF, 0xE6FF, 0xE6FF, 0xE6FF, 0xE6FF,
  0xE6FF, 0xE6FF, 0xE6FF, 0xE6FF, 0xE6FF, 0xE6FF, 0xE6FF, 0xE6FF, 0xE6FF, 0xE6FF, 0xE6FF, 0xE6FF, 0xE6FF, 0xE6FF, 0xE6FF, 0xE6FF,
  0xE6FF, 0xE6FF, 0xE6FF, 0xE6FF, 0xE6FF, 0xE6FF, 0xE71F, 0xE71F, 0xE6FF, 0xE6FF, 0xE71F, 0xE71F, 0xE71F, 0xE71F, 0xE71F, 0xE6FF,
  0xE71F, 0xE71F, 0xE71F, 0xE71F, 0xE71F, 0xE71F, 0xE71F, 0xEF1F, 0xEF1F, 0xEF1F, 0xEF1F, 0xEF1F, 0xE71F, 0xE71F, 0xEF1F, 0xEF1F,
  0xE71F, 0xEF1F, 0xEF1F, 0xEF1F, 0xEF1F, 0xEF1F, 0xEF1F, 0xEF1F, 0xEF1F, 0xEF1F, 0xEF3F, 0xEF3F, 0xEF3F, 0xEF3F, 0xEF3F, 0xEF3F,
  0xEF3F, 0xEF3F, 0xEF3F, 0xEF3F, 0xEF3F, 0xEF3F, 0xEF3F, 0xEF3F, 0xEF3F, 0xEF3F, 0xEF3F, 0xEF3F, 0xEF3F, 0xEF3F, 0xEF3F, 0xEF3F,
  0xEF3F, 0xEF3F, 0xEF3F, 0xEF3F, 0xEF3F, 0xEF3F, 0xEF3F, 0xEF3F, 0xEF3F, 0xEF3F, 0xEF3F, 0xEF3F, 0xEF3F, 0xEF3F, 0xEF3F, 0xEF3F,
  0xEF3F, 0xEF3F, 0xEF3F, 0xEF3F, 0xEF3F, 0xEF3F, 0xEF3F, 0xEF3F, 0xEF5F, 0xEF5F, 0xEF5F, 0xEF5F, 0xEF5F, 0xEF5F, 0xEF5F, 0xEF5F,
  0xEF5F, 0xEF5F, 0xEF5F, 0xEF5F, 0xEF5F, 0xEF5F, 0xEF5F, 0xF75F, 0xF77F, 0xF77F, 0xF77F, 0xF77F, 0xF77F, 0xF77F, 0xF77F, 0xF77F,
  0xF77F, 0xF77F, 0xF77F, 0xF77F, 0xF77F, 0xF77F, 0xF77F, 0xF77F, 0xF77F, 0xF77F, 0xF77F, 0xF77F, 0xF77F, 0xF77F, 0xF77F, 0xF77F,
  0xF77F, 0xF77F, 0xF77F, 0xF77F, 0xF77F, 0xF79F, 0xF79F, 0xF79F, 0xF79F, 0xF79F, 0xF79F, 0xF79F, 0xF79F, 0xF79F, 0xF79F, 0xF79F,
  0xF79F, 0xF79F, 0xF79F, 0xF79F, 0xF79F, 0xF79F, 0xF7BF, 0xFFFF, 0xFFDF, 0xE6DE, 0x93FB, 0x7B1C, 0x7B1C, 0xA47B, 0xEF3E, 0xFFFF,
  0xFFDF, 0xF79F, 0xF79F, 0xF79F, 0xF79F, 0xF79F, 0xF79F, 0xF79F, 0xF79F, 0xF79F, 0xF79F, 0xF79F, 0xF79F, 0xF79F, 0xF79F, 0xF79F,
  0xC5BE, 0xC59F, 0xC59F, 0xC59F, 0xC57F, 0xC57F, 0xBD5F, 0xBD5F, 0xBD5F, 0xBD5F, 0xBD5F, 0xBD5F, 0xBD5F, 0xBD5F, 0xBD3F, 0xBD3F,
  0xBD3F, 0xBD3F, 0xBD3F, 0xBD3F, 0xBD3F, 0xBD3F, 0xBD3F, 0xBD3F, 0xBD3F, 0xBD3F, 0xBD3F, 0xBD1F, 0xBD1F, 0xBD3F, 0xBD3F, 0xB51F,
  0xB51F, 0xD63F, 0xEF3F, 0xE6FF, 0xE6FF, 0xE6FF, 0xE6FF, 0xE6FF, 0xE6FF, 0xE6FF, 0xE6FF, 0xE6FF, 0xE6FF, 0xE6FF, 0xE6FF, 0xE6DF,
  0xE6DF, 0xE6DF, 0xE6FF, 0xE6FF, 0xE6FF, 0xE6FF, 0xE6FF, 0xE6FF, 0xE6FF, 0xE6FF, 0xE6FF, 0xE6FF, 0xE6FF, 0xE6FF, 0xE6FF, 0xE6FF,
  0xE6FF, 0xE6FF, 0xE6FF, 0xE6FF, 0xE6FF, 0xE6FF, 0xE6FF, 0xE6FF, 0xE6FF, 0xE6FF, 0xE6FF, 0xE6FF, 0xE6FF, 0xE6FF, 0xE6FF, 0xE6FF,
  0xE6FF, 0xE6FF, 0xE6FF, 0xE71F, 0xE71F, 0xE71F, 0xE71F, 0xE71F, 0xE71F, 0xE71F, 0xE71F, 0xE71F, 0xE71F, 0xE71F, 0xE71F, 0xE71F,
  0xE71F, 0xE71F, 0xE71F, 0xE71F, 0xE71F, 0xEF1F, 0xEF1F, 0xEF1F, 0xEF1F, 0xEF1F, 0xEF1F, 0xEF1F, 0xEF1F, 0xE71F, 0xEF3F, 0xE71F,
  0xEF3F, 0xE71F, 0xEF1F, 0xEF1F, 0xEF1F, 0xEF1F, 0xEF1F, 0xEF1F, 0xEF1F, 0xEF1F, 0xEF1F, 0xEF1F, 0xEF3F, 0xEF3F, 0xEF3F, 0xEF3F,
  0xEF3F, 0xEF3F, 0xEF3F, 0xEF3F, 0xEF3F, 0xEF3F, 0xEF3F, 0xEF3F, 0xEF3F, 0xEF3F, 0xEF3F, 0xEF3F, 0xEF3F, 0xEF3F, 0xEF3F, 0xEF3F,
  0xEF3F, 0xEF3F, 0xEF3F, 0xEF3F, 0xEF3F, 0xEF3F, 0xEF3F, 0xEF3F, 0xEF3F, 0xEF3F, 0xEF3F, 0xEF3F, 0xEF3F, 0xEF5F, 0xEF5F, 0xEF5F,
  0xEF3F, 0xEF5F, 0xEF3F, 0xEF5F, 0xEF5F, 0xEF5F, 0xEF5F, 0xEF5F, 0xEF5F, 0xEF5F, 0xEF5F, 0xEF5F, 0xEF5F, 0xEF5F, 0xEF5F, 0xEF5F,
  0xF75F, 0xEF5F, 0xEF5F, 0xF77F, 0xF75F, 0xF77F, 0xEF7F, 0xEF7F, 0xF77F, 0xF77F, 0xF77F, 0xF77F, 0xF77F, 0xF77F, 0xF77F, 0xF77F,
  0xF77F, 0xF77F, 0xF77F, 0xF77F, 0xF77F, 0xF77F, 0xF79F, 0xF79F, 0xF79F, 0xF79F, 0xF79F, 0xF79F, 0xF79F, 0xF79F, 0xF79F, 0xF79F,
  0xF79F, 0xF79F, 0xF79F, 0xF79F, 0xF79F, 0xF79F, 0xEF3F, 0xCDFD, 0xA45C, 0x835B, 0x833C, 0x835B, 0x833C, 0x833C, 0x839B, 0xA4BB,
  0xD63E, 0xEF5F, 0xF79F, 0xF79F, 0xF79F, 0xF79F, 0xF79F, 0xF79F, 0xF79F, 0xF79F, 0xF79F, 0xF79F, 0xF79F, 0xF79F, 0xF79F, 0xF79F,
  0xC5BE, 0xC59F, 0xC57F, 0xC57F, 0xC57F, 0xBD7F, 0xBD5F, 0xBD5F, 0xBD5F, 0xBD5F, 0xBD5F, 0xBD3F, 0xBD3F, 0xBD3F, 0xBD3F, 0xBD3F,
  0xBD3F, 0xBD3F, 0xBD3F, 0xBD3F, 0xBD3F, 0xBD3F, 0xBD3F, 0xBD3F, 0xBD3F, 0xBD1F, 0xBD3F, 0xBD3F, 0xBD3F, 0xBD3F, 0xB51F, 0xC57E,
  0xDEBF, 0xEF3F, 0xE6FF, 0xE6DF, 0xE6FF, 0xE6FF, 0xE6FF, 0xE6FF, 0xE6FF, 0xE6DF, 0xE6DF, 0xE6DF, 0xE6DF, 0xE6DF, 0xE6DF, 0xE6DF,
  0xE6DF, 0xE6DF, 0xE6DF, 0xE6DF, 0xE6FF, 0xE6DF, 0xE6DF, 0xE6DF, 0xE6DF, 0xE6DF, 0xE6DF, 0xE6DF, 0xE6DF, 0xE6DF, 0xE6DF, 0xE6DF,
  0xE6DF, 0xE6DF, 0xE6FF, 0xE6FF, 0xE6FF, 0xE6FF, 0xE6FF, 0xE6FF, 0xE6DF, 0xE6FF, 0xE6FF, 0xE6FF, 0xE6FF, 0xE6FF, 0xE6FF, 0xE6FF,
  0xE6FF, 0xE6FF, 0xE6FF, 0xE6FF, 0xE6FF, 0xE6FF, 0xE6FF, 0xE6FF, 0xE71F, 0xE6FF, 0xE6FF, 0xE6FF, 0xE6FF, 0xE6FF, 0xE6FF, 0xE71F,
  0xE71F, 0xE71F, 0xE71F, 0xE71F, 0xE71F, 0xE71F, 0xE71F, 0xE71F, 0xE71F, 0xE71F, 0xEF1F, 0xEF1F, 0xEF1F, 0xEF1F, 0xE71F, 0xE71F,
  0xE71F, 0xE71F, 0xE71F, 0xE71F, 0xE71F, 0xE73F, 0xE71F, 0xE71F, 0xE71F, 0xE71F, 0xE71F, 0xE71F, 0xEF1F, 0xEF1F, 0xEF1F, 0xEF1F,
  0xEF1F, 0xEF3F, 0xEF3F, 0xEF3F, 0xEF3F, 0xEF3F, 0xEF1F, 0xEF1F, 0xEF1F, 0xEF1F, 0xEF1F, 0xE71F, 0xE71F, 0xE71F, 0xE71F, 0xEF1F,
  0xEF1F, 0xEF1F, 0xEF1F, 0xEF1F, 0xEF1F, 0xEF1F, 0xEF1F, 0xEF1F, 0xEF1F, 0xEF1F, 0xEF3F, 0xEF3F, 0xEF3F, 0xEF3F, 0xEF3F, 0xEF3F,
  0xEF3F, 0xEF3F, 0xEF3F, 0xEF3F, 0xEF3F, 0xEF3F, 0xEF3F, 0xEF3F, 0xEF5F, 0xEF3F, 0xEF3F, 0xEF3F, 0xEF5F, 0xEF5F, 0xEF5F, 0xEF5F,
  0xEF5F, 0xEF5F, 0xEF5F, 0xEF5F, 0xEF5F, 0xEF5F, 0xEF5F, 0xEF5F, 0xEF5F, 0xEF5F, 0xEF5F, 0xEF5F, 0xEF5F, 0xF77F, 0xF77F, 0xF77F,
  0xF77F, 0xF77F, 0xF77F, 0xF77F, 0xF77F, 0xF77F, 0xF77F, 0xF79F, 0xF79F, 0xF79F, 0xF79F, 0xF79F, 0xF79F, 0xF79F, 0xF79F, 0xF79F,
  0xF79F, 0xF79F, 0xF79F, 0xF79F, 0xF79F, 0xF79F, 0xEF3F, 0xD65E, 0xB53D, 0x8BBC, 0x833B, 0x833B, 0x7B3B, 0x7B1C, 0x8BBB, 0xB53C,
  0xDE7E, 0xEF5F, 0xF79F, 0xF79F, 0xF79F, 0xF79F, 0xF79F, 0xF77F, 0xF77F, 0xF79F, 0xF79F, 0xF79F, 0xF79F, 0xF79F, 0xF79F, 0xF79F,
  0xC59E, 0xC57F, 0xC57F, 0xC57F, 0xBD7F, 0xBD5F, 0xBD5F, 0xBD5F, 0xBD5F, 0xBD3F, 0xBD3F, 0xBD3F, 0xBD3F, 0xBD3F, 0xBD3F, 0xBD3F,
  0xBD3F, 0xBD3F, 0xBD3F, 0xBD1F, 0xB51F, 0xB51F, 0xBD1F, 0xB51F, 0xB51F, 0xB53F, 0xB53F, 0xBD1F, 0xB51F, 0xB51F, 0xCE1F, 0xE6DF,
  0xE71F, 0xE6FF, 0xE6DF, 0xE6FF, 0xE6FF, 0xE6DF, 0xE6DF, 0xE6FF, 0xE6DF, 0xE6DF, 0xE6DF, 0xE6DF, 0xE6DF, 0xE6DF, 0xE6DF, 0xE6DF,
  0xE6DF, 0xE6DF, 0xE6DF, 0xE6DF, 0xE6DF, 0xE6DF, 0xE6DF, 0xE6DF, 0xE6DF, 0xE6DF, 0xE6DF, 0xE6DF, 0xE6DF, 0xE6DF, 0xE6DF, 0xE6DF,
  0xE6DF, 0xE6DF, 0xE6DF, 0xE6DF, 0xE6DF, 0xE6DF, 0xE6DF, 0xE6DF, 0xE6DF, 0xE6DF, 0xE6DF, 0xE6DF, 0xE6DF, 0xE6DF, 0xE6DF, 0xE6FF,
  0xE6DF, 0xE6DF, 0xE6DF, 0xE6FF, 0xE6FF, 0xE6FF, 0xE6FF, 0xE6FF, 0xE6FF, 0xE6FF, 0xE6FF, 0xE6FF, 0xE6FF, 0xE6FF, 0xE6FF, 0xE6FF,
  0xE6FF, 0xE6FF, 0xE6FF, 0xE6FF, 0xE6FF, 0xE6FF, 0xE6FF, 0xE6FF, 0xE71F, 0xE71F, 0xE71F, 0xEF1F, 0xEF1F, 0xE71F, 0xE71F, 0xE71F,
  0xE71F, 0xE71F, 0xE71F, 0xE71F, 0xE71F, 0xE71F, 0xE71F, 0xE71F, 0xE71F, 0xE71F, 0xE71F, 0xEF1F, 0xEF1F, 0xEF1F, 0xEF1F, 0xEF1F,
  0xEF1F, 0xEF1F, 0xEF1F, 0xEF1F, 0xEF1F, 0xEF1F, 0xE71F, 0xEF1F, 0xEF1F, 0xE71F, 0xE71F, 0xE71F, 0xE71F, 0xE71F, 0xE71F, 0xE71F,
  0xE71F, 0xE71F, 0xE71F, 0xE71F, 0xE71F, 0xE71F, 0xE71F, 0xE71F, 0xE71F, 0xE71F, 0xE71F, 0xE71F, 0xEF1F, 0xEF1F, 0xEF1F, 0xEF1F,
  0xEF1F, 0xEF1F, 0xEF1F, 0xEF1F, 0xEF3F, 0xEF1F, 0xEF3F, 0xEF3F, 0xEF3F, 0xEF3F, 0xEF3F, 0xEF3F, 0xEF3F, 0xEF3F, 0xEF3F, 0xEF3F,
  0xEF3F, 0xEF3F, 0xEF3F, 0xEF3F, 0xEF5F, 0xEF3F, 0xEF3F, 0xEF5F, 0xEF5F, 0xEF5F, 0xEF5F, 0xEF5F, 0xEF5F, 0xEF5F, 0xEF5F, 0xEF5F,
  0xEF5F, 0xEF5F, 0xF77F, 0xF77F, 0xF77F, 0xF77F, 0xF77F, 0xF77F, 0xF77F, 0xF77F, 0xF77F, 0xF79F, 0xF79F, 0xF79F, 0xF79F, 0xF79F,
  0xF79F, 0xF79F, 0xF79F, 0xF79F, 0xF79F, 0xF79F, 0xF79F, 0xFFDF, 0xFFFF, 0xF75F, 0xA47B, 0x7AFB, 0x7ADB, 0xA47C, 0xF75F, 0xFFFF,
  0xFFDF, 0xF79F, 0xF79F, 0xF79F, 0xF79F, 0xF79F, 0xF79F, 0xF79F, 0xF77F, 0xF79F, 0xF79F, 0xF79F, 0xF79F, 0xF79F, 0xF79F, 0xF7BF,
  0xC59E, 0xC57F, 0xC57F, 0xBD7F, 0xBD7F, 0xBD5F, 0xBD5F, 0xBD5F, 0xBD3F, 0xBD3F, 0xBD3F, 0xBD3F, 0xBD3F, 0xBD3F, 0xBD3F, 0xB51F,
  0xB51F, 0xB51F, 0xB51F, 0xB51F, 0xB51F, 0xB51F, 0xB51F, 0xB51F, 0xBD1F, 0xBD1F, 0xB51F, 0xB4FF, 0xC59E, 0xDE9F, 0xE6DF, 0xE6DF,
  0xE6FF, 0xE6FF, 0xE6FF, 0xE6FF, 0xE6DF, 0xE6DF, 0xE6DF, 0xE6DF, 0xDEDF, 0xE6DF, 0xDEDF, 0xE6DF, 0xE6DF, 0xDEDF, 0xDEBF, 0xDEBF,
  0xDEBF, 0xDEBF, 0xDEBF, 0xDEBF, 0xDEBF, 0xDEBF, 0xDEBF, 0xDEBF, 0xDEBF, 0xDEBF, 0xDEBF, 0xDEBF, 0xDEBF, 0xDEBF, 0xDEBF, 0xDEBF,
  0xDEBF, 0xDE9F, 0xDEBF, 0xDEBF, 0xDEBF, 0xDEBF, 0xDEBF, 0xDEBF, 0xDEBF, 0xDEBF, 0xDEBF, 0xDEBF, 0xDEBF, 0xDEBF, 0xDEBF, 0xDEBF,
  0xDEBF, 0xDEBF, 0xDEBF, 0xDEBF, 0xDEBF, 0xE6BF, 0xE6DF, 0xE6DF, 0xE6DF, 0xE6DF, 0xDEDF, 0xDEDF, 0xDEDF, 0xE6DF, 0xE6DF, 0xE6DF,
  0xE6DF, 0xE6FF, 0xE6FF, 0xE6FF, 0xE6FF, 0xE6FF, 0xE6FF, 0xE6FF, 0xE6FF, 0xE71F, 0xE71F, 0xE71F, 0xE71F, 0xE71F, 0xE71F, 0xE71F,
  0xE71F, 0xE71F, 0xE71F, 0xE71F, 0xE71F, 0xE71F, 0xE71F, 0xE71F, 0xE71F, 0xE71F, 0xE71F, 0xE71F, 0xE71F, 0xEF1F, 0xE71F, 0xE71F,
  0xE71F, 0xE71F, 0xE71F, 0xEF1F, 0xEF1F, 0xEF1F, 0xE71F, 0xE71F, 0xE71F, 0xE6FF, 0xE71F, 0xE71F, 0xE71F, 0xE6FF, 0xE6FF, 0xE6FF,
  0xE6DF, 0xE6DF, 0xE6DF, 0xE6DF, 0xE6DF, 0xE6DF, 0xE6DF, 0xE6DF, 0xE6DF, 0xE6DF, 0xE6FF, 0xE6FF, 0xE6FF, 0xE6FF, 0xE6FF, 0xE6FF,
  0xE6FF, 0xE6FF, 0xE6FF, 0xE6FF, 0xE6FF, 0xE6FF, 0xE6FF, 0xE71F, 0xE71F, 0xE71F, 0xE71F, 0xE71F, 0xE71F, 0xE71F, 0xE71F, 0xE71F,
  0xEF1F, 0xEF1F, 0xE71F, 0xE71F, 0xEF1F, 0xEF1F, 0xEF1F, 0xEF1F, 0xEF1F, 0xEF1F, 0xEF3F, 0xEF3F, 0xEF3F, 0xEF3F, 0xEF3F, 0xEF3F,
  0xEF5F, 0xEF5F, 0xEF5F, 0xEF5F, 0xEF5F, 0xF77F, 0xF77F, 0xF77F, 0xF77F, 0xF77F, 0xF77F, 0xF77F, 0xF79F, 0xF79F, 0xF79F, 0xF79F,
  0xF79F, 0xF79F, 0xF79F, 0xF79F, 0xF79F, 0xF79F, 0xF79F, 0xF79F, 0xF77F, 0xFFBF, 0xEF1F, 0x835B, 0x8B9C, 0xF75F, 0xF7BF, 0xF77F,
  0xF79F, 0xF79F, 0xF79F, 0xF79F, 0xF79F, 0xF79F, 0xF79F, 0xF79F, 0xF79F, 0xF79F, 0xF79F, 0xF79F, 0xF79F, 0xF79F, 0xF79F, 0xF7BF,
  0xC59E, 0xBD7F, 0xC55F, 0xBD5F, 0xBD5F, 0xBD5F, 0xBD5F, 0xBD3F, 0xBD3F, 0xBD3F, 0xBD3F, 0xBD3F, 0xB51F, 0xB51F, 0xB51F, 0xB51F,
  0xB51F, 0xB51F, 0xB51F, 0xB51F, 0xB51F, 0xB51F, 0xB51F, 0xB51F, 0xB4FF, 0xB4DF, 0xBD3F, 0xD65F, 0xE6FF, 0xE6DF, 0xE6DF, 0xE6FF,
  0xE6DF, 0xE6FF, 0xE6FF, 0xE6DF, 0xE6DF, 0xE6DF, 0xE6DF, 0xE6DF, 0xDEDF, 0xE6DF, 0xDEDF, 0xDEBF, 0xDEBF, 0xDEDE, 0xE6FE, 0xE71F,
  0xEF3F, 0xEF5F, 0xEF5F, 0xEF5F, 0xEF5F, 0xEF5F, 0xEF3F, 0xEF3F, 0xEF3F, 0xEF3F, 0xEF5F, 0xEF5F, 0xEF5F, 0xEF5F, 0xEF5F, 0xEF5F,
  0xEF3F, 0xEF3F, 0xEF3F, 0xEF3F, 0xEF3F, 0xEF3F, 0xEF3F, 0xEF3F, 0xEF3F, 0xEF3F, 0xEF3F, 0xEF3F, 0xEF3F, 0xEF3F, 0xEF3F, 0xEF3F,
  0xEF3F, 0xEF3F, 0xEF3F, 0xEF3F, 0xEF1F, 0xEF1F, 0xEF3F, 0xEF3F, 0xEF3F, 0xEF3F, 0xEF3F, 0xEF3F, 0xEF3F, 0xEF5F, 0xEF3F, 0xEF1F,
  0xE6FF, 0xE6DF, 0xE6DF, 0xDEDF, 0xE6DF, 0xE6DF, 0xE6FF, 0xE6FF, 0xE6FF, 0xE6FF, 0xE71F, 0xE71F, 0xE71F, 0xE71F, 0xE71F, 0xE71F,
  0xE71F, 0xE71F, 0xE71F, 0xE71F, 0xE71F, 0xE71F, 0xE71F, 0xE71F, 0xE71F, 0xE71F, 0xE71F, 0xE71F, 0xE71F, 0xE71F, 0xE71F, 0xE71F,
  0xE71F, 0xE71F, 0xE71F, 0xE71F, 0xE71F, 0xE71F, 0xE71F, 0xE6FF, 0xE6FF, 0xE6FF, 0xE6FF, 0xE6FF, 0xE6FF, 0xE71F, 0xEF3F, 0xEF5F,
  0xEF5F, 0xEF5F, 0xEF7F, 0xEF5F, 0xEF5F, 0xEF5F, 0xEF5F, 0xEF5F, 0xEF5F, 0xEF5F, 0xEF5F, 0xEF5F, 0xEF5F, 0xEF5F, 0xEF5F, 0xEF7F,
  0xEF7F, 0xEF7F, 0xF77F, 0xF75F, 0xF77F, 0xF77F, 0xEF5F, 0xF75F, 0xF75F, 0xF75F, 0xF75F, 0xEF5F, 0xEF5F, 0xEF5F, 0xEF5F, 0xEF5F,
  0xEF5F, 0xEF5F, 0xEF5F, 0xEF3F, 0xEF3F, 0xEF3F, 0xEF5F, 0xEF5F, 0xEF5F, 0xEF5F, 0xEF5F, 0xEF5F, 0xF75F, 0xF75F, 0xEF5F, 0xEF5F,
  0xEF5F, 0xEF3F, 0xEF3F, 0xEF3F, 0xEF5F, 0xEF5F, 0xEF5F, 0xF77F, 0xF77F, 0xF77F, 0xF77F, 0xF77F, 0xF77F, 0xF77F, 0xF79F, 0xF79F,
  0xF79F, 0xF79F, 0xF79F, 0xF79F, 0xF79F, 0xF79F, 0xF79F, 0xF79F, 0xF79F, 0xF77F, 0xFFDF, 0xB4FD, 0xBD7D, 0xFFFF, 0xF77F, 0xF79F,
  0xF79F, 0xF79F, 0xF79F, 0xF79F, 0xF79F, 0xF79F, 0xF79F, 0xF79F, 0xF79F, 0xF79F, 0xF79F, 0xF79F, 0xF79F, 0xF79F, 0xF79F, 0xF79F,
  0xBD7E, 0xBD5F, 0xBD5F, 0xBD5F, 0xBD5F, 0xBD5F, 0xBD3F, 0xBD3F, 0xBD3F, 0xBD3F, 0xBD3F, 0xBD3F, 0xB51F, 0xB51F, 0xB51F, 0xB51F,
  0xB51F, 0xB51F, 0xB51F, 0xB51F, 0xB51F, 0xB51F, 0xB4FF, 0xB4FF, 0xBD3F, 0xD63F, 0xE6DF, 0xE6FF, 0xDEBF, 0xE6DF, 0xE6FF, 0xE6DF,
  0xE6FF, 0xE6DF, 0xE6DF, 0xE6DF, 0xE6DF, 0xE6DF, 0xE6DF, 0xE6DF, 0xDEDF, 0xDEBF, 0xDEDF, 0xE71F, 0xF77F, 0xF79F, 0xFFBF, 0xFFDF,
  0xFFDF, 0xFFDF, 0xFFDF, 0xFFBF, 0xFFBF, 0xFFBF, 0xFFBF, 0xFFBF, 0xFFBF, 0xFFBF, 0xFFBF, 0xFFBF, 0xFFBF, 0xFFBF, 0xFFBF, 0xFFBF,
  0xF7BF, 0xFFBF, 0xF7BF, 0xF7BF, 0xF7BF, 0xF79F, 0xF79F, 0xF79F, 0xF79F, 0xF79F, 0xF79F, 0xF79F, 0xF79F, 0xF79F, 0xF79F, 0xF77F,
  0xF77F, 0xF77F, 0xF77F, 0xF77F, 0xF77F, 0xF77F, 0xF77F, 0xF77F, 0xF77F, 0xF79F, 0xF77F, 0xF79F, 0xF79F, 0xF79F, 0xF79F, 0xF79F,
  0xF79F, 0xF79F, 0xF77F, 0xEF5F, 0xE71F, 0xE6DF, 0xE6DF, 0xE6FF, 0xE6FF, 0xE6FF, 0xE6FF, 0xE6FF, 0xE6FF, 0xE71F, 0xE71F, 0xE6FF,
  0xE71F, 0xE71F, 0xE6FF, 0xE71F, 0xE71F, 0xE71F, 0xE71F, 0xE71F, 0xE71F, 0xE71F, 0xE71F, 0xE71F, 0xE71F, 0xE71F, 0xE71F, 0xE71F,
  0xE71F, 0xE71F, 0xE71F, 0xE6FF, 0xE71F, 0xE71F, 0xE71F, 0xE6FF, 0xE6FF, 0xE6FF, 0xEF3F, 0xF77F, 0xF7BF, 0xFFBF, 0xFFDF, 0xFFDF,
  0xFFDF, 0xFFDF, 0xFFDF, 0xFFDF, 0xFFBF, 0xFFBF, 0xFFBF, 0xFFBF, 0xFFBF, 0xFFBF, 0xF7BF, 0xFFBF, 0xFFBF, 0xF7BF, 0xF7BF, 0xF7BF,
  0xF7BF, 0xF7BF, 0xF7BF, 0xF7BF, 0xF7BF, 0xF79F, 0xF79F, 0xF79F, 0xF79F, 0xF79F, 0xF79F, 0xF79F, 0xF77F, 0xF77F, 0xF77F, 0xF77F,
  0xF77F, 0xF77F, 0xF77F, 0xF77F, 0xF77F, 0xF77F, 0xF77F, 0xF77F, 0xF77F, 0xF77F, 0xF77F, 0xF77F, 0xF77F, 0xF77F, 0xF77F, 0xF79F,
  0xF77F, 0xF79F, 0xF77F, 0xEF5F, 0xEF3F, 0xEF3F, 0xEF5F, 0xEF5F, 0xEF5F, 0xEF7F, 0xF77F, 0xF77F, 0xF77F, 0xF77F, 0xF77F, 0xF79F,
  0xF79F, 0xF79F, 0xF79F, 0xF79F, 0xF79F, 0xF79F, 0xF79F, 0xF79F, 0xF79F, 0xF79F, 0xFFDF, 0xDE9D, 0xDE9D, 0xFFDF, 0xF79F, 0xF79F,
  0xF79F, 0xF79F, 0xF79F, 0xF79F, 0xF79F, 0xF79F, 0xF79F, 0xF79F, 0xF79F, 0xF79F, 0xF79F, 0xF79F, 0xF79F, 0xF79F, 0xF79F, 0xF7BF,
  0xBD7E, 0xBD5F, 0xBD5F, 0xBD5F, 0xBD5F, 0xBD3F, 0xBD3F, 0xBD3F, 0xBD3F, 0xB51F, 0xB51F, 0xB51F, 0xB51F, 0xB51F, 0xB51F, 0xB51F,
  0xB51F, 0xB4FF, 0xB51F, 0xB4FF, 0xB4DF, 0xB4DF, 0xBD3E, 0xD61E, 0xE6DF, 0xE6FF, 0xE6DF, 0xDEBF, 0xE6DF, 0xE6FF, 0xE6FF, 0xE6DF,
  0xE6DF, 0xDEDF, 0xE6DF, 0xE6DF, 0xDEDF, 0xDEDF, 0xDEDF, 0xDEBF, 0xDEDF, 0xEF3F, 0xF7BF, 0xFFDF, 0xFFDF, 0xFFBF, 0xFFBF, 0xF7BF,
  0xF7BF, 0xF7BF, 0xFF9F, 0xF79F, 0xF79F, 0xF79F, 0xF79F, 0xF79F, 0xF79F, 0xF79F, 0xF79F, 0xF79F, 0xF79F, 0xF79F, 0xF79F, 0xF77F,
  0xF77F, 0xF77F, 0xF77F, 0xF77F, 0xF77F, 0xF77F, 0xF77F, 0xF77F, 0xF77F, 0xF77F, 0xF77F, 0xF77F, 0xF77F, 0xF77F, 0xF77F, 0xF77F,
  0xF75F, 0xF77F, 0xF77F, 0xEF5F, 0xEF5F, 0xF75F, 0xF75F, 0xEF5F, 0xEF5F, 0xF77F, 0xF77F, 0xF77F, 0xF77F, 0xF77F, 0xF77F, 0xF77F,
  0xF77F, 0xF77F, 0xF79F, 0xF79F, 0xF79F, 0xF77F, 0xEF3F, 0xE6DF, 0xE6DF, 0xE6FF, 0xE6FF, 0xE6FF, 0xE6FF, 0xE6FF, 0xE6FF, 0xE71F,
  0xE6FF, 0xE6FF, 0xE71F, 0xE71F, 0xE71F, 0xE71F, 0xE71F, 0xE6FF, 0xE6FF, 0xE6FF, 0xE6FF, 0xE6FF, 0xE71F, 0xE71F, 0xE6FF, 0xE6FF,
  0xE6FF, 0xE6FF, 0xE6FF, 0xE6FF, 0xE6FF, 0xE6FF, 0xE6FF, 0xE6FF, 0xEF5F, 0xF7BF, 0xFFDF, 0xFFDF, 0xFFBF, 0xFFBF, 0xFFBF, 0xFFBF,
  0xFFBF, 0xF79F, 0xF79F, 0xF79F, 0xF79F, 0xF79F, 0xF79F, 0xF79F, 0xF79F, 0xF79F, 0xF79F, 0xF79F, 0xF79F, 0xF79F, 0xF77F, 0xF77F,
  0xF77F, 0xF77F, 0xF77F, 0xF77F, 0xF77F, 0xF77F, 0xF77F, 0xF77F, 0xF77F, 0xF77F, 0xF77F, 0xF77F, 0xF77F, 0xF77F, 0xEF5F, 0xEF5F,
  0xF77F, 0xF77F, 0xEF5F, 0xEF5F, 0xEF5F, 0xEF5F, 0xEF5F, 0xEF5F, 0xEF5F, 0xEF5F, 0xF75F, 0xEF5F, 0xF77F, 0xF77F, 0xF77F, 0xF77F,
  0xF77F, 0xF77F, 0xF77F, 0xF79F, 0xF79F, 0xF75F, 0xEF3F, 0xEF3F, 0xEF5F, 0xEF5F, 0xEF5F, 0xF77F, 0xF77F, 0xF77F, 0xF77F, 0xF77F,
  0xF79F, 0xF79F, 0xF79F, 0xF79F, 0xF79F, 0xF79F, 0xF79F, 0xF79F, 0xF79F, 0xF79F, 0xF79F, 0xF79F, 0xF77F, 0xF79F, 0xF79F, 0xF79F,
  0xF79F, 0xF79F, 0xF79F, 0xF79F, 0xF79F, 0xF79F, 0xF79F, 0xF79F, 0xF79F, 0xF79F, 0xF79F, 0xF79F, 0xF79F, 0xF79F, 0xF79F, 0xF79F,
  0xBD7E, 0xBD5F, 0xBD5F, 0xBD5F, 0xBD5F, 0xBD3F, 0xBD3F, 0xBD3F, 0xBD3F, 0xB51F, 0xB51F, 0xB51F, 0xB51F, 0xB51F, 0xB51F, 0xB51F,
  0xB51F, 0xB4FF, 0xB4DF, 0xB4DF, 0xBD5E, 0xD61E, 0xE6BF, 0xE6FF, 0xE6DF, 0xDEBF, 0xDEDF, 0xE6DF, 0xE6FF, 0xE6FF, 0xE6FF, 0xE6FF,
  0xE6DF, 0xE6DF, 0xDEDF, 0xDEDF, 0xDEDF, 0xDEBF, 0xDEBF, 0xEF3F, 0xFFBF, 0xFFDF, 0xFFBF, 0xFFBF, 0xF7BF, 0xF7BF, 0xF7BF, 0xF7BF,
  0xF79F, 0xF79F, 0xF79F, 0xF79F, 0xF79F, 0xF79F, 0xF79F, 0xF79F, 0xF79F, 0xF79F, 0xF77F, 0xF77F, 0xF77F, 0xF77F, 0xF77F, 0xF77F,
  0xF77F, 0xF77F, 0xF77F, 0xF77F, 0xF77F, 0xF77F, 0xF77F, 0xF77F, 0xF77F, 0xF77F, 0xF77F, 0xF77F, 0xEF5F, 0xEF5F, 0xEF5F, 0xEF5F,
  0xEF5F, 0xEF5F, 0xEF5F, 0xEF5F, 0xEF5F, 0xEF5F, 0xEF5F, 0xEF5F, 0xEF5F, 0xEF5F, 0xEF5F, 0xEF5F, 0xEF5F, 0xEF7F, 0xF77F, 0xF77F,
  0xF77F, 0xF77F, 0xF77F, 0xF77F, 0xF77F, 0xF79F, 0xFFBF, 0xF77F, 0xE6FF, 0xE6DF, 0xE6FF, 0xE6DF, 0xE6FF, 0xE6FF, 0xE6FF, 0xE6FF,
  0xE6FF, 0xE6FF, 0xE71F, 0xE71F, 0xE71F, 0xE71F, 0xE71F, 0xE6FF, 0xE6FF, 0xE6FF, 0xE6FF, 0xE6FF, 0xE6FF, 0xE6FF, 0xE6FF, 0xE6FF,
  0xE6FF, 0xE6FF, 0xE6FF, 0xE6FF, 0xE6FF, 0xDEDF, 0xEF3F, 0xF7BF, 0xFFDF, 0xFFDF, 0xFFBF, 0xFFBF, 0xFFBF, 0xF7BF, 0xF7BF, 0xF79F,
  0xF79F, 0xF79F, 0xF79F, 0xF79F, 0xF79F, 0xF79F, 0xF79F, 0xF79F, 0xF79F, 0xF79F, 0xF79F, 0xF79F, 0xF77F, 0xF77F, 0xF77F, 0xF77F,
  0xF77F, 0xF77F, 0xF77F, 0xF77F, 0xF77F, 0xF77F, 0xF77F, 0xF77F, 0xF77F, 0xF77F, 0xF77F, 0xF77F, 0xF77F, 0xF77F, 0xEF5F, 0xEF5F,
  0xEF5F, 0xEF5F, 0xEF5F, 0xEF5F, 0xEF5F, 0xEF5F, 0xEF5F, 0xEF5F, 0xEF5F, 0xEF5F, 0xEF5F, 0xEF5F, 0xEF5F, 0xEF5F, 0xF77F, 0xF77F,
  0xF77F, 0xF77F, 0xEF5F, 0xF77F, 0xF77F, 0xF79F, 0xF79F, 0xEF5F, 0xEF3F, 0xEF5F, 0xEF5F, 0xEF5F, 0xF77F, 0xF77F, 0xF77F, 0xF77F,
  0xF79F, 0xF79F, 0xF79F, 0xF79F, 0xF79F, 0xF79F, 0xF79F, 0xF79F, 0xF79F, 0xF79F, 0xF79F, 0xF79F, 0xF79F, 0xF79F, 0xF79F, 0xF79F,
  0xF79F, 0xF79F, 0xF79F, 0xF79F, 0xF79F, 0xF79F, 0xF79F, 0xF79F, 0xF79F, 0xF79F, 0xF79F, 0xF79F, 0xF79F, 0xF79F, 0xF79F, 0xF79F,
  0xBD5E, 0xBD5F, 0xBD3F, 0xBD3F, 0xBD3F, 0xBD3F, 0xBD3F, 0xBD3F, 0xBD3F, 0xB51F, 0xB51F, 0xB51F, 0xB51F, 0xBD1F, 0xB4FF, 0xB4FF,
  0xB4DF, 0xB51F, 0xC5BE, 0xD67F, 0xE6FF, 0xE6FF, 0xDEDF, 0xDEBF, 0xDEDF, 0xDEDF, 0xE6DF, 0xE6FF, 0xE6FF, 0xE6FF, 0xE6FF, 0xE6FF,
  0xE6DF, 0xDEDF, 0xDEDF, 0xDEDF, 0xDEBF, 0xDEDF, 0xF77F, 0xFFFF, 0xFFDF, 0xFFBF, 0xFFBF, 0xFFBF, 0xF7BF, 0xF79F, 0xF79F, 0xF79F,
  0xF79F, 0xF79F, 0xF79F, 0xF79F, 0xF77F, 0xF77F, 0xF77F, 0xF77F, 0xF77F, 0xF77F, 0xF77F, 0xF77F, 0xF77F, 0xF77F, 0xF77F, 0xF77F,
  0xF77F, 0xF77F, 0xEF5F, 0xEF5F, 0xEF5F, 0xEF5F, 0xEF5F, 0xEF5F, 0xEF5F, 0xEF5F, 0xEF5F, 0xEF5F, 0xEF5F, 0xEF5F, 0xEF5F, 0xEF5F,
  0xEF5F, 0xEF5F, 0xEF5F, 0xEF5F, 0xEF3F, 0xEF5F, 0xEF5F, 0xEF5F, 0xEF5F, 0xEF5F, 0xEF5F, 0xEF5F, 0xEF5F, 0xEF5F, 0xEF5F, 0xEF5F,
  0xF77F, 0xF77F, 0xF77F, 0xF77F, 0xF77F, 0xF77F, 0xF79F, 0xF79F, 0xF79F, 0xEF3F, 0xE6DF, 0xE6DF, 0xE6FF, 0xE6FF, 0xE6FF, 0xE6FF,
  0xE6FF, 0xE6FF, 0xE6FF, 0xE6FF, 0xE6FF, 0xE6FF, 0xE6FF, 0xE6FF, 0xE6FF, 0xE6FF, 0xE6FF, 0xE6FF, 0xE71F, 0xE71F, 0xE6FF, 0xE6FF,
  0xE6FF, 0xE6FF, 0xE6FF, 0xE6DF, 0xE6DF, 0xF77F, 0xFFDF, 0xFFDF, 0xFFBF, 0xFFBF, 0xFFBF, 0xFFBF, 0xFFBF, 0xF79F, 0xF79F, 0xF79F,
  0xF79F, 0xF79F, 0xF79F, 0xF79F, 0xF77F, 0xF77F, 0xF77F, 0xF77F, 0xF77F, 0xF77F, 0xF77F, 0xF77F, 0xF77F, 0xF77F, 0xF77F, 0xF77F,
  0xF77F, 0xEF5F, 0xEF7F, 0xEF5F, 0xEF5F, 0xEF5F, 0xEF5F, 0xEF5F, 0xEF5F, 0xEF5F, 0xEF5F, 0xEF5F, 0xEF5F, 0xEF5F, 0xEF5F, 0xEF5F,
  0xEF5F, 0xEF5F, 0xEF5F, 0xEF5F, 0xEF5F, 0xEF5F, 0xEF5F, 0xEF5F, 0xEF5F, 0xEF5F, 0xEF5F, 0xEF5F, 0xEF5F, 0xEF5F, 0xEF5F, 0xEF5F,
  0xEF5F, 0xEF5F, 0xEF5F, 0xEF5F, 0xF77F, 0xF77F, 0xF77F, 0xF79F, 0xF77F, 0xEF3F, 0xEF3F, 0xEF5F, 0xF75F, 0xF77F, 0xF77F, 0xF77F,
  0xF77F, 0xF79F, 0xF79F, 0xF79F, 0xF79F, 0xF79F, 0xF79F, 0xF79F, 0xF79F, 0xF79F, 0xF79F, 0xF79F, 0xF79F, 0xF79F, 0xF79F, 0xF79F,
  0xF79F, 0xF79F, 0xF79F, 0xF79F, 0xF79F, 0xF79F, 0xF79F, 0xF79F, 0xF79F, 0xF79F, 0xF79F, 0xF79F, 0xF79F, 0xF79F, 0xF79F, 0xF79F,
  0xBD7E, 0xBD5F, 0xBD3F, 0xBD3F, 0xBD3F, 0xBD3F, 0xBD3F, 0xBD3F, 0xB51F, 0xBD3F, 0xBD1F, 0xB51F, 0xB4FF, 0xB4DF, 0xB4FF, 0xBD7E,
  0xCE1E, 0xDEBF, 0xE71F, 0xE6FF, 0xDEDF, 0xDEBF, 0xDEBF, 0xDEDF, 0xDEBF, 0xE6DF, 0xE71F, 0xE6FF, 0xE6FF, 0xE6FF, 0xE6FF, 0xE6DF,
  0xE6DF, 0xDEDF, 0xDEDF, 0xDEBF, 0xE6FF, 0xF7BF, 0xFFFF, 0xFFBF, 0xF7BF, 0xF7BF, 0xF7BF, 0xF7BF, 0xF79F, 0xF79F, 0xF79F, 0xF79F,
  0xF77F, 0xF77F, 0xF77F, 0xF77F, 0xF77F, 0xF77F, 0xF77F, 0xF77F, 0xF77F, 0xF77F, 0xF77F, 0xF77F, 0xF77F, 0xF77F, 0xEF5F, 0xF77F,
  0xEF5F, 0xEF5F, 0xEF5F, 0xEF5F, 0xEF5F, 0xEF5F, 0xEF5F, 0xEF5F, 0xEF5F, 0xEF5F, 0xEF5F, 0xEF5F, 0xEF5F, 0xEF5F, 0xEF5F, 0xEF5F,
  0xEF5F, 0xEF3F, 0xEF3F, 0xEF3F, 0xEF3F, 0xEF3F, 0xEF3F, 0xEF3F, 0xEF3F, 0xEF3F, 0xEF5F, 0xEF5F, 0xEF5F, 0xEF5F, 0xEF5F, 0xEF5F,
  0xEF5F, 0xEF5F, 0xF77F, 0xF77F, 0xF77F, 0xF77F, 0xF77F, 0xF77F, 0xF79F, 0xF7BF, 0xEF5F, 0xE6DF, 0xE6DF, 0xE6FF, 0xE6FF, 0xE6FF,
  0xE6FF, 0xE6FF, 0xE6FF, 0xE6FF, 0xE6FF, 0xE6FF, 0xE6FF, 0xE6FF, 0xE6FF, 0xE6FF, 0xE6FF, 0xE6FF, 0xE6FF, 0xE6FF, 0xE6FF, 0xE6FF,
  0xE6FF, 0xE6FF, 0xDEDF, 0xE6FE, 0xF79F, 0xFFFF, 0xFFBF, 0xFFBF, 0xFFBF, 0xFFBF, 0xFFBF, 0xF79F, 0xF79F, 0xF79F, 0xF79F, 0xF79F,
  0xF79F, 0xF79F, 0xF77F, 0xF77F, 0xF77F, 0xF77F, 0xF77F, 0xF77F, 0xF77F, 0xF77F, 0xF77F, 0xF77F, 0xF77F, 0xF77F, 0xEF5F, 0xEF5F,
  0xEF5F, 0xEF5F, 0xEF5F, 0xEF5F, 0xEF5F, 0xEF5F, 0xEF5F, 0xEF5F, 0xEF5F, 0xEF5F, 0xEF5F, 0xEF5F, 0xEF5F, 0xEF5F, 0xEF5F, 0xEF5F,
  0xEF5F, 0xEF5F, 0xEF3F, 0xEF3F, 0xEF5F, 0xEF5F, 0xEF5F, 0xEF5F, 0xEF5F, 0xEF5F, 0xEF5F, 0xEF5F, 0xEF5F, 0xEF5F, 0xEF5F, 0xEF5F,
  0xEF5F, 0xEF5F, 0xEF5F, 0xEF5F, 0xF77F, 0xF77F, 0xF77F, 0xF77F, 0xF79F, 0xF77F, 0xEF3F, 0xEF5F, 0xEF5F, 0xEF5F, 0xF77F, 0xF77F,
  0xF77F, 0xF77F, 0xF79F, 0xF79F, 0xF79F, 0xF79F, 0xF79F, 0xF79F, 0xF79F, 0xF79F, 0xF79F, 0xF79F, 0xF79F, 0xF79F, 0xF79F, 0xF79F,
  0xF79F, 0xF79F, 0xF79F, 0xF79F, 0xF79F, 0xF79F, 0xF79F, 0xF79F, 0xF79F, 0xF79F, 0xF79F, 0xF79F, 0xF79F, 0xF79F, 0xF79F, 0xF7BF,
  0xBD5E, 0xBD5F, 0xBD5F, 0xBD5F, 0xBD5F, 0xBD3F, 0xBD3F, 0xBD3F, 0xBD1F, 0xB51F, 0xB4FF, 0xB51F, 0xC59F, 0xCE1F, 0xDEBF, 0xEF1F,
  0xE6FF, 0xE6DF, 0xDEDF, 0xDEDF, 0xDEDF, 0xE6DF, 0xDEDF, 0xDEBF, 0xE6FF, 0xE71F, 0xE6FF, 0xE6DF, 0xE6FF, 0xE6FF, 0xE6DF, 0xE6DF,
  0xE6DF, 0xDEDF, 0xDEBF, 0xE6FF, 0xFFBF, 0xFFDF, 0xF7BF, 0xFFBF, 0xF7BF, 0xF7BF, 0xF79F, 0xF79F, 0xF79F, 0xF79F, 0xF77F, 0xF77F,
  0xF77F, 0xF77F, 0xF77F, 0xF77F, 0xF77F, 0xF77F, 0xF77F, 0xF77F, 0xEF7F, 0xF77F, 0xEF5F, 0xEF5F, 0xEF5F, 0xEF5F, 0xEF5F, 0xEF5F,
  0xEF5F, 0xEF5F, 0xEF5F, 0xEF3F, 0xEF5F, 0xEF5F, 0xEF5F, 0xEF3F, 0xEF5F, 0xEF3F, 0xEF3F, 0xEF5F, 0xEF3F, 0xEF3F, 0xEF3F, 0xEF3F,
  0xEF3F, 0xEF3F, 0xEF3F, 0xEF3F, 0xEF3F, 0xEF3F, 0xEF3F, 0xEF3F, 0xEF3F, 0xEF3F, 0xEF3F, 0xEF3F, 0xEF5F, 0xEF5F, 0xEF5F, 0xEF3F,
  0xEF5F, 0xEF5F, 0xEF5F, 0xEF5F, 0xEF5F, 0xF75F, 0xF77F, 0xF77F, 0xF77F, 0xF77F, 0xFFBF, 0xF77F, 0xDEDF, 0xE6DF, 0xE6DF, 0xE6FF,
  0xE6FF, 0xE6FF, 0xE6FF, 0xE6FF, 0xE6FF, 0xE6FF, 0xE6FF, 0xE6FF, 0xE6FF, 0xE6FF, 0xE6FF, 0xE6FF, 0xE6FF, 0xE6FF, 0xE6FF, 0xE6FF,
  0xE6FF, 0xDEDF, 0xE6DF, 0xF7BF, 0xFFFF, 0xFFBF, 0xFFBF, 0xFFBF, 0xFFBF, 0xFF9F, 0xF79F, 0xF79F, 0xF79F, 0xF79F, 0xF77F, 0xF77F,
  0xF77F, 0xF77F, 0xF77F, 0xF77F, 0xF77F, 0xF77F, 0xF77F, 0xF77F, 0xEF7F, 0xF77F, 0xEF7F, 0xEF7F, 0xEF5F, 0xEF5F, 0xEF5F, 0xEF5F,
  0xEF5F, 0xEF5F, 0xEF5F, 0xEF5F, 0xEF5F, 0xEF5F, 0xEF5F, 0xEF5F, 0xEF5F, 0xEF5F, 0xEF5F, 0xEF3F, 0xEF5F, 0xEF5F, 0xEF5F, 0xEF5F,
  0xEF5F, 0xEF5F, 0xEF3F, 0xEF3F, 0xEF3F, 0xEF3F, 0xEF3F, 0xEF3F, 0xEF3F, 0xEF3F, 0xEF3F, 0xEF3F, 0xEF3F, 0xEF3F, 0xEF3F, 0xEF3F,
  0xEF3F, 0xEF5F, 0xEF5F, 0xEF5F, 0xEF5F, 0xEF5F, 0xF77F, 0xF77F, 0xF77F, 0xF79F, 0xF79F, 0xEF3F, 0xEF5F, 0xEF5F, 0xF77F, 0xF77F,
  0xF77F, 0xF77F, 0xF77F, 0xF77F, 0xF77F, 0xF79F, 0xF79F, 0xF79F, 0xF79F, 0xF79F, 0xF79F, 0xF79F, 0xF79F, 0xF79F, 0xF79F, 0xF79F,
  0xF79F, 0xF79F, 0xF79F, 0xF79F, 0xF79F, 0xF79F, 0xF79F, 0xF79F, 0xF79F, 0xF79F, 0xF79F, 0xF79F, 0xF79F, 0xF79F, 0xF79F, 0xF79F,
  0xBD5E, 0xBD3F, 0xBD5F, 0xBD5F, 0xBD5F, 0xBD3F, 0xBD1F, 0xB51F, 0xBD3F, 0xC59F, 0xD61F, 0xE6BF, 0xE71F, 0xE71F, 0xE6FF, 0xE6DF,
  0xE6DF, 0xE6DF, 0xDEDF, 0xDEDF, 0xDEDF, 0xDEDF, 0xDEBF, 0xE6FF, 0xE71F, 0xE6DF, 0xE6FF, 0xE6FF, 0xE6FF, 0xE6DF, 0xDEDF, 0xDEDF,
  0xE6DF, 0xDEBF, 0xDEDF, 0xFFBF, 0xFFDF, 0xFFBF, 0xFFBF, 0xF79F, 0xF79F, 0xF79F, 0xF79F, 0xF79F, 0xF77F, 0xF77F, 0xF77F, 0xF77F,
  0xF77F, 0xF77F, 0xF77F, 0xEF5F, 0xF77F, 0xEF5F, 0xEF5F, 0xEF5F, 0xEF5F, 0xEF5F, 0xEF5F, 0xEF5F, 0xEF5F, 0xEF5F, 0xEF5F, 0xEF5F,
  0xEF5F, 0xEF5F, 0xEF5F, 0xEF5F, 0xEF3F, 0xEF3F, 0xEF3F, 0xEF3F, 0xEF3F, 0xEF3F, 0xEF3F, 0xEF3F, 0xEF3F, 0xEF3F, 0xEF3F, 0xEF3F,
  0xEF3F, 0xEF3F, 0xEF3F, 0xEF3F, 0xEF3F, 0xEF3F, 0xEF3F, 0xEF1F, 0xEF1F, 0xEF3F, 0xEF3F, 0xEF3F, 0xEF3F, 0xEF3F, 0xEF3F, 0xEF3F,
  0xEF3F, 0xEF5F, 0xEF5F, 0xEF5F, 0xEF5F, 0xEF5F, 0xF77F, 0xF77F, 0xF77F, 0xF77F, 0xF77F, 0xFFBF, 0xEF5F, 0xDEBF, 0xE6DF, 0xE6DF,
  0xE6DF, 0xE6FF, 0xE6FF, 0xE6FF, 0xE6FF, 0xE6FF, 0xE6FF, 0xE6FF, 0xE6FF, 0xE6FF, 0xE6FF, 0xE6FF, 0xE6FF, 0xE6FF, 0xE6FF, 0xE6DF,
  0xE6DF, 0xDEDF, 0xF79F, 0xFFDF, 0xFFBF, 0xFFBF, 0xFFBF, 0xFFBF, 0xF79F, 0xF79F, 0xF79F, 0xF79F, 0xF77F, 0xF77F, 0xF77F, 0xF77F,
  0xF77F, 0xF77F, 0xF77F, 0xF77F, 0xEF7F, 0xEF7F, 0xEF7F, 0xEF7F, 0xEF7F, 0xEF5F, 0xEF5F, 0xEF5F, 0xEF5F, 0xEF5F, 0xEF5F, 0xEF5F,
  0xEF5F, 0xEF5F, 0xEF5F, 0xEF5F, 0xEF5F, 0xEF5F, 0xEF3F, 0xEF3F, 0xEF3F, 0xEF3F, 0xEF3F, 0xEF3F, 0xEF3F, 0xEF3F, 0xEF3F, 0xEF3F,
  0xEF3F, 0xEF3F, 0xEF3F, 0xEF3F, 0xEF3F, 0xEF3F, 0xEF3F, 0xEF3F, 0xEF3F, 0xEF3F, 0xEF3F, 0xEF3F, 0xEF3F, 0xEF3F, 0xEF3F, 0xEF3F,
  0xEF3F, 0xEF3F, 0xEF5F, 0xEF5F, 0xEF5F, 0xEF5F, 0xEF5F, 0xEF7F, 0xF77F, 0xF77F, 0xF79F, 0xF79F, 0xEF3F, 0xEF3F, 0xEF5F, 0xF75F,
  0xF77F, 0xF77F, 0xF77F, 0xF77F, 0xF77F, 0xF79F, 0xF79F, 0xF79F, 0xF79F, 0xF79F, 0xF79F, 0xF79F, 0xF79F, 0xF79F, 0xF79F, 0xF79F,
  0xF79F, 0xF79F, 0xF79F, 0xF79F, 0xF79F, 0xF79F, 0xF79F, 0xF79F, 0xF79F, 0xF79F, 0xF79F, 0xF79F, 0xF79F, 0xF79F, 0xF79F, 0xF7BF,
  0xBD5E, 0xBD3F, 0xBD5F, 0xBD3F, 0xBD3F, 0xBD5F, 0xC5DF, 0xD63F, 0xE6DF, 0xE6FF, 0xE71F, 0xE6FF, 0xE6DF, 0xE6DF, 0xE6DF, 0xE6DF,
  0xE6BF, 0xDEDF, 0xDEDF, 0xDEDF, 0xDEDF, 0xDEBF, 0xE71F, 0xE71F, 0xE6FF, 0xE6FF, 0xE6FF, 0xE6FF, 0xE6DF, 0xE6DF, 0xDEDF, 0xDEDF,
  0xDEBF, 0xDEBF, 0xF77F, 0xFFFF, 0xFFBF, 0xFFBF, 0xF79F, 0xF79F, 0xF79F, 0xF79F, 0xF77F, 0xF77F, 0xF77F, 0xF77F, 0xF77F, 0xEF5F,
  0xEF5F, 0xEF5F, 0xEF5F, 0xEF5F, 0xEF5F, 0xEF5F, 0xEF5F, 0xEF5F, 0xEF5F, 0xEF5F, 0xEF5F, 0xEF5F, 0xEF5F, 0xEF5F, 0xEF5F, 0xEF3F,
  0xEF3F, 0xEF3F, 0xEF3F, 0xEF3F, 0xEF3F, 0xEF3F, 0xEF3F, 0xEF3F, 0xEF3F, 0xEF3F, 0xEF3F, 0xEF3F, 0xEF3F, 0xEF3F, 0xEF3F, 0xEF3F,
  0xEF3F, 0xEF3F, 0xEF3F, 0xEF3F, 0xEF3F, 0xEF3F, 0xEF3F, 0xEF3F, 0xEF3F, 0xEF3F, 0xEF3F, 0xEF3F, 0xEF3F, 0xEF3F, 0xEF3F, 0xEF3F,
  0xEF3F, 0xEF3F, 0xEF3F, 0xEF3F, 0xEF5F, 0xEF5F, 0xEF5F, 0xEF5F, 0xF77F, 0xF77F, 0xF77F, 0xF77F, 0xF7BF, 0xEF1F, 0xDEBF, 0xE6DF,
  0xE6DF, 0xE6DF, 0xE6FF, 0xE6FF, 0xE6FF, 0xE6FF, 0xE6FF, 0xE6FF, 0xE6FF, 0xE6FF, 0xE6FF, 0xE6FF, 0xE6FF, 0xE6FF, 0xE6DF, 0xE6DF,
  0xDEBF, 0xEF5F, 0xFFFF, 0xFFBF, 0xF7BF, 0xF7BF, 0xF7BF, 0xF79F, 0xF79F, 0xF79F, 0xF79F, 0xF77F, 0xF77F, 0xF77F, 0xF77F, 0xF77F,
  0xF77F, 0xF77F, 0xEF5F, 0xEF5F, 0xEF7F, 0xEF5F, 0xEF5F, 0xEF5F, 0xEF5F, 0xEF5F, 0xEF5F, 0xEF5F, 0xEF5F, 0xEF5F, 0xEF5F, 0xEF5F,
  0xEF5F, 0xEF5F, 0xEF3F, 0xEF3F, 0xEF3F, 0xEF3F, 0xEF3F, 0xEF3F, 0xEF3F, 0xEF3F, 0xEF3F, 0xEF3F, 0xEF3F, 0xEF3F, 0xEF3F, 0xEF3F,
  0xEF3F, 0xEF3F, 0xEF3F, 0xEF5F, 0xEF3F, 0xEF3F, 0xEF3F, 0xEF3F, 0xEF3F, 0xEF3F, 0xEF3F, 0xEF3F, 0xEF3F, 0xEF3F, 0xEF3F, 0xEF3F,
  0xEF3F, 0xEF3F, 0xEF5F, 0xEF5F, 0xEF5F, 0xEF5F, 0xEF5F, 0xEF5F, 0xF77F, 0xF77F, 0xF77F, 0xF79F, 0xF77F, 0xEF3F, 0xEF5F, 0xEF5F,
  0xEF5F, 0xF77F, 0xF77F, 0xF79F, 0xF77F, 0xF79F, 0xF79F, 0xF79F, 0xF79F, 0xF79F, 0xF79F, 0xF79F, 0xF79F, 0xF79F, 0xF79F, 0xF79F,
  0xF79F, 0xF79F, 0xF79F, 0xF79F, 0xF79F, 0xF79F, 0xF79F, 0xF79F, 0xF79F, 0xF79F, 0xF79F, 0xF79F, 0xF79F, 0xF79F, 0xF79F, 0xF7BF,
  0xBD7F, 0xBD1F, 0xBD1F, 0xC57F, 0xD61F, 0xE6DF, 0xE71F, 0xE71F, 0xE6FF, 0xE6DF, 0xDEDF, 0xE6DF, 0xE6DF, 0xE6DF, 0xE6DF, 0xE6DF,
  0xE6DF, 0xDEDF, 0xDEDF, 0xDEDF, 0xDEBF, 0xE71F, 0xE71F, 0xE6DF, 0xE6FF, 0xE6FF, 0xE6FF, 0xE6FF, 0xE6DF, 0xDEDF, 0xDEDF, 0xDEDF,
  0xDEBF, 0xEF3F, 0xFFFF, 0xFFBF, 0xFFBF, 0xFFBF, 0xF79F, 0xF79F, 0xF79F, 0xF77F, 0xF77F, 0xF77F, 0xF77F, 0xF77F, 0xEF5F, 0xEF5F,
  0xEF5F, 0xEF5F, 0xEF5F, 0xEF5F, 0xEF5F, 0xEF5F, 0xEF5F, 0xEF5F, 0xEF5F, 0xEF5F, 0xEF5F, 0xEF3F, 0xEF3F, 0xEF3F, 0xEF3F, 0xEF3F,
  0xEF3F, 0xEF3F, 0xEF3F, 0xEF3F, 0xEF3F, 0xEF3F, 0xEF3F, 0xEF3F, 0xEF3F, 0xEF3F, 0xEF3F, 0xEF3F, 0xEF3F, 0xE73F, 0xEF3F, 0xEF3F,
  0xEF3F, 0xEF3F, 0xE73F, 0xEF3F, 0xEF3F, 0xE73F, 0xEF3F, 0xE6FF, 0xD65E, 0xEF3F, 0xEF3F, 0xEF3F, 0xEF3F, 0xEF3F, 0xEF3F, 0xEF3F,
  0xEF3F, 0xEF3F, 0xEF3F, 0xEF3F, 0xEF5F, 0xEF5F, 0xEF5F, 0xEF5F, 0xEF5F, 0xF75F, 0xF77F, 0xF77F, 0xF79F, 0xF79F, 0xE6DE, 0xDEBF,
  0xDEDF, 0xE6DF, 0xE6DF, 0xE6FF, 0xE6FF, 0xE6FF, 0xE6FF, 0xE6FF, 0xE6FF, 0xE6FF, 0xE6FF, 0xE6FF, 0xE6DF, 0xE6DF, 0xE6DF, 0xDEBF,
  0xE6FF, 0xFFDF, 0xFFDF, 0xFFBF, 0xF7BF, 0xF7BF, 0xF79F, 0xF79F, 0xF79F, 0xF77F, 0xF77F, 0xF77F, 0xF77F, 0xF77F, 0xEF5F, 0xEF5F,
  0xEF5F, 0xEF5F, 0xEF5F, 0xEF5F, 0xEF5F, 0xEF5F, 0xEF5F, 0xEF5F, 0xEF5F, 0xEF5F, 0xEF3F, 0xEF3F, 0xEF5F, 0xEF5F, 0xEF5F, 0xEF5F,
  0xEF3F, 0xEF3F, 0xEF3F, 0xEF3F, 0xEF3F, 0xEF3F, 0xEF3F, 0xEF3F, 0xEF3F, 0xEF3F, 0xEF3F, 0xEF3F, 0xEF3F, 0xEF3F, 0xEF3F, 0xEF3F,
  0xEF3F, 0xEF3F, 0xE71F, 0xEF3F, 0xEF3F, 0xEF3F, 0xEF3F, 0xEF3F, 0xEF3F, 0xEF3F, 0xEF3F, 0xEF3F, 0xEF3F, 0xEF3F, 0xEF3F, 0xEF3F,
  0xEF3F, 0xEF3F, 0xEF3F, 0xEF3F, 0xEF5F, 0xEF5F, 0xEF5F, 0xEF5F, 0xEF5F, 0xEF5F, 0xF77F, 0xF77F, 0xF79F, 0xEF5F, 0xEF3F, 0xEF5F,
  0xEF5F, 0xF77F, 0xF77F, 0xF77F, 0xF77F, 0xF79F, 0xF79F, 0xF79F, 0xF79F, 0xF79F, 0xF79F, 0xF79F, 0xF79F, 0xF79F, 0xF79F, 0xF79F,
  0xF79F, 0xF79F, 0xF79F, 0xF79F, 0xF79F, 0xF79F, 0xF79F, 0xF79F, 0xF79F, 0xF79F, 0xF79F, 0xF79F, 0xF79F, 0xF79F, 0xF79F, 0xF7BF,
  0xBD7D, 0xC5BE, 0xD65F, 0xE6DF, 0xE6FF, 0xE6FF, 0xE6DF, 0xE6DF, 0xE6DF, 0xE6DF, 0xE6DF, 0xE6DF, 0xE6DF, 0xE6DF, 0xE6DF, 0xE6DF,
  0xE6DF, 0xE6DF, 0xDEDF, 0xE6DF, 0xEF1F, 0xE71F, 0xE6FF, 0xE6FF, 0xE6FF, 0xE6FF, 0xE6FF, 0xE6DF, 0xE6DF, 0xDEDF, 0xDEDF, 0xDEBF,
  0xDEBF, 0xF7BF, 0xFFDF, 0xF7BF, 0xF7BF, 0xF79F, 0xF79F, 0xF79F, 0xF77F, 0xF77F, 0xF77F, 0xF77F, 0xF77F, 0xEF5F, 0xEF5F, 0xEF5F,
  0xEF3F, 0xEF3F, 0xEF3F, 0xEF5F, 0xEF5F, 0xEF5F, 0xEF5F, 0xEF5F, 0xEF3F, 0xEF3F, 0xEF3F, 0xEF3F, 0xEF3F, 0xEF3F, 0xEF3F, 0xEF3F,
  0xEF3F, 0xEF3F, 0xEF3F, 0xEF3F, 0xEF3F, 0xEF1F, 0xEF3F, 0xEF3F, 0xEF3F, 0xEF1F, 0xEF1F, 0xE71F, 0xE71F, 0xE71F, 0xEF3F, 0xEF3F,
  0xE71F, 0xE71F, 0xE73F, 0xEF3F, 0xE71F, 0xE73F, 0xEEDF, 0x939C, 0x725B, 0xA47C, 0xEF3F, 0xE71F, 0xEF1F, 0xEF3F, 0xEF3F, 0xEF3F,
  0xEF3F, 0xEF3F, 0xEF3F, 0xEF3F, 0xEF3F, 0xEF5F, 0xEF3F, 0xEF5F, 0xEF5F, 0xEF5F, 0xF77F, 0xF77F, 0xF77F, 0xF79F, 0xEF5F, 0xDE9F,
  0xDEBF, 0xDEDF, 0xE6DF, 0xE6DF, 0xE6FF, 0xE6FF, 0xE6FF, 0xE6FF, 0xE6FF, 0xE6FF, 0xE6FF, 0xE6FF, 0xE6DF, 0xDEDF, 0xDEDF, 0xDEBF,
  0xF79F, 0xFFDF, 0xF7BF, 0xF7BF, 0xF7BF, 0xF79F, 0xF79F, 0xF79F, 0xF77F, 0xF77F, 0xF77F, 0xF77F, 0xF77F, 0xEF5F, 0xEF5F, 0xEF5F,
  0xEF5F, 0xEF5F, 0xEF5F, 0xEF5F, 0xEF5F, 0xEF5F, 0xEF5F, 0xEF5F, 0xEF5F, 0xF77F, 0xF79F, 0xF79F, 0xEF5F, 0xEF5F, 0xEF3F, 0xEF3F,
  0xEF3F, 0xEF3F, 0xEF3F, 0xEF3F, 0xEF3F, 0xEF3F, 0xEF3F, 0xEF3F, 0xEF3F, 0xEF3F, 0xEF3F, 0xEF3F, 0xEF3F, 0xEF3F, 0xEF3F, 0xEF3F,
  0xE71F, 0xEF5F, 0xF79F, 0xF77F, 0xEF3F, 0xEF3F, 0xEF3F, 0xEF3F, 0xEF3F, 0xEF3F, 0xEF3F, 0xEF3F, 0xEF3F, 0xEF3F, 0xEF3F, 0xEF3F,
  0xEF3F, 0xEF3F, 0xEF3F, 0xEF3F, 0xEF3F, 0xEF3F, 0xEF3F, 0xEF5F, 0xEF5F, 0xEF5F, 0xF77F, 0xF77F, 0xF77F, 0xF79F, 0xEF3F, 0xEF3F,
  0xEF5F, 0xF75F, 0xF77F, 0xF77F, 0xF77F, 0xF79F, 0xF79F, 0xF79F, 0xF77F, 0xF79F, 0xF77F, 0xF77F, 0xF79F, 0xF79F, 0xF79F, 0xF79F,
  0xF79F, 0xF77F, 0xF79F, 0xF79F, 0xF79F, 0xF79F, 0xF79F, 0xF79F, 0xF79F, 0xF79F, 0xF79F, 0xF79F, 0xF79F, 0xF79F, 0xF79F, 0xF7BF,
  0xE6BE, 0xE6DF, 0xE6DF, 0xE6DF, 0xE6DF, 0xE6DF, 0xE6DF, 0xE6DF, 0xE6DF, 0xE6DF, 0xE6DF, 0xE6DF, 0xE6DF, 0xE6DF, 0xE6DF, 0xE6DF,
  0xE6DF, 0xDEDF, 0xE6FF, 0xEF3F, 0xE6FF, 0xE6DF, 0xE6FF, 0xE6FF, 0xE6FF, 0xE6DF, 0xE6DF, 0xE6DF, 0xE6DF, 0xE6DF, 0xDEBF, 0xDE9F,
  0xEF1F, 0xFFDF, 0xF7BF, 0xF7BF, 0xF7BF, 0xF79F, 0xF79F, 0xF77F, 0xF77F, 0xF77F, 0xF77F, 0xEF5F, 0xEF5F, 0xEF5F, 0xEF5F, 0xEF3F,
  0xEF3F, 0xEF3F, 0xEF3F, 0xEF3F, 0xEF3F, 0xEF3F, 0xEF3F, 0xEF3F, 0xEF3F, 0xEF3F, 0xEF3F, 0xEF3F, 0xEF3F, 0xEF3F, 0xEF3F, 0xEF3F,
  0xEF3F, 0xEF3F, 0xEF3F, 0xEF3F, 0xEF3F, 0xEF1F, 0xEF3F, 0xEF3F, 0xE71F, 0xE71F, 0xEF3F, 0xEF1F, 0xEF1F, 0xE71F, 0xE71F, 0xE71F,
  0xE71F, 0xE71F, 0xE71F, 0xE71F, 0xE71F, 0xEF5F, 0xBD5D, 0x6A3B, 0x723C, 0x8B5B, 0xEF1F, 0xE71F, 0xE71F, 0xE71F, 0xEF3F, 0xEF3F,
  0xEF3F, 0xEF3F, 0xEF3F, 0xEF3F, 0xEF3F, 0xEF5F, 0xEF5F, 0xEF5F, 0xEF5F, 0xEF5F, 0xEF5F, 0xEF5F, 0xF77F, 0xF77F, 0xF79F, 0xE6DF,
  0xDEBF, 0xDEBF, 0xDEBF, 0xE6DF, 0xE6FF, 0xE6FF, 0xE6FF, 0xE6FF, 0xE6FF, 0xE6FF, 0xE6FF, 0xE6DF, 0xDEDF, 0xDEDF, 0xDE9F, 0xE6FF,
  0xFFDF, 0xFFBF, 0xFFBF, 0xF79F, 0xF79F, 0xF79F, 0xF79F, 0xF77F, 0xF77F, 0xF77F, 0xF77F, 0xEF5F, 0xEF5F, 0xEF5F, 0xEF5F, 0xEF5F,
  0xEF5F, 0xEF3F, 0xEF5F, 0xEF5F, 0xEF3F, 0xEF5F, 0xEF5F, 0xEF5F, 0xF77F, 0xD65D, 0xACDC, 0xC59C, 0xEF3F, 0xEF5F, 0xEF3F, 0xEF3F,
  0xEF3F, 0xEF3F, 0xEF3F, 0xEF3F, 0xEF3F, 0xEF3F, 0xEF3F, 0xEF3F, 0xEF3F, 0xEF3F, 0xEF3F, 0xEF3F, 0xEF3F, 0xEF3F, 0xEF1F, 0xE71F,
  0xEF3F, 0xDE9E, 0xBD5D, 0xCDDD, 0xEF3F, 0xEF5F, 0xEF3F, 0xEF3F, 0xEF3F, 0xEF3F, 0xEF3F, 0xEF3F, 0xEF3F, 0xEF3F, 0xEF3F, 0xEF3F,
  0xEF3F, 0xEF3F, 0xEF3F, 0xEF3F, 0xEF3F, 0xEF3F, 0xEF3F, 0xEF3F, 0xEF5F, 0xEF5F, 0xF77F, 0xF77F, 0xF77F, 0xF79F, 0xEF5F, 0xEF3F,
  0xEF5F, 0xEF5F, 0xF75F, 0xF77F, 0xF77F, 0xF77F, 0xF79F, 0xF79F, 0xF77F, 0xF79F, 0xF79F, 0xF79F, 0xF79F, 0xF79F, 0xF79F, 0xF79F,
  0xF79F, 0xF79F, 0xF79F, 0xF79F, 0xF79F, 0xF79F, 0xF79F, 0xF79F, 0xF79F, 0xF79F, 0xF79F, 0xF79F, 0xF79F, 0xF79F, 0xF79F, 0xF79F,
  0xE6FE, 0xE6DE, 0xE6DF, 0xE6DF, 0xE6DF, 0xE6DF, 0xE6DF, 0xE6DF, 0xE6DF, 0xE6DF, 0xE6DF, 0xE6DF, 0xE6DF, 0xE6DF, 0xE6DF, 0xE6DF,
  0xE6DE, 0xEF3F, 0xEF3F, 0xE6FF, 0xE6DF, 0xE6FF, 0xE6FF, 0xE6FF, 0xE6FF, 0xE6DF, 0xE6DF, 0xE6DF, 0xE6DF, 0xDEBF, 0xDEBF, 0xDE9F,
  0xF77F, 0xFFDF, 0xF7BF, 0xF7BF, 0xF79F, 0xF79F, 0xF77F, 0xF77F, 0xF77F, 0xEF5F, 0xEF5F, 0xEF5F, 0xEF5F, 0xEF5F, 0xEF3F, 0xEF3F,
  0xEF3F, 0xEF3F, 0xEF3F, 0xEF3F, 0xEF3F, 0xEF3F, 0xEF3F, 0xEF3F, 0xEF3F, 0xEF3F, 0xEF3F, 0xEF3F, 0xEF3F, 0xEF3F, 0xEF3F, 0xEF3F,
  0xEF3F, 0xEF3F, 0xEF3F, 0xEF3F, 0xEF3F, 0xEF1F, 0xE71F, 0xE71F, 0xE71F, 0xE71F, 0xE71F, 0xEF1F, 0xE71F, 0xE71F, 0xE71F, 0xE71F,
  0xE71F, 0xE71F, 0xE71F, 0xE71F, 0xE71F, 0xEF3F, 0x8B9B, 0x725B, 0x6A5A, 0xCDDE, 0xEF5F, 0xE6FF, 0xE71F, 0xE71F, 0xE71F, 0xE71F,
  0xEF3F, 0xEF3F, 0xEF3F, 0xEF3F, 0xEF3F, 0xEF3F, 0xEF3F, 0xEF3F, 0xEF5F, 0xEF5F, 0xEF5F, 0xEF5F, 0xF77F, 0xF77F, 0xF79F, 0xE71F,
  0xDE9F, 0xDEBF, 0xDEBF, 0xDEDF, 0xE6DF, 0xE6DF, 0xE6FF, 0xE6FF, 0xE6FF, 0xE6FF, 0xE6DF, 0xE6DF, 0xDEDF, 0xDEBF, 0xDE9F, 0xEF5F,
  0xFFDF, 0xF7BF, 0xF7BF, 0xF79F, 0xF79F, 0xF79F, 0xF77F, 0xF77F, 0xF77F, 0xF77F, 0xF77F, 0xEF5F, 0xEF5F, 0xEF5F, 0xEF5F, 0xEF5F,
  0xEF5F, 0xEF3F, 0xEF3F, 0xEF3F, 0xEF3F, 0xEF3F, 0xEF3F, 0xF77F, 0xCE1D, 0x6237, 0x59F7, 0x59D7, 0x9C5A, 0xF75F, 0xEF3F, 0xEF3F,
  0xEF3F, 0xEF3F, 0xEF3F, 0xEF3F, 0xEF3F, 0xEF3F, 0xE71F, 0xE71F, 0xE71F, 0xE71F, 0xE71F, 0xE71F, 0xE71F, 0xE73F, 0xE71F, 0xEF5F,
  0xD63E, 0x6A98, 0x6A59, 0x72BA, 0xA49B, 0xF75F, 0xEF3F, 0xEF3F, 0xEF3F, 0xEF3F, 0xEF3F, 0xEF3F, 0xEF3F, 0xEF3F, 0xEF3F, 0xEF3F,
  0xEF3F, 0xEF3F, 0xEF3F, 0xEF3F, 0xEF3F, 0xEF3F, 0xEF3F, 0xEF3F, 0xEF5F, 0xEF5F, 0xEF5F, 0xEF5F, 0xF77F, 0xF77F, 0xF75F, 0xEF1F,
  0xEF3F, 0xEF3F, 0xEF5F, 0xF77F, 0xF77F, 0xF77F, 0xF77F, 0xF79F, 0xF79F, 0xF79F, 0xF79F, 0xF79F, 0xF79F, 0xF79F, 0xF79F, 0xF79F,
  0xF79F, 0xF79F, 0xF79F, 0xF79F, 0xF79F, 0xF79F, 0xF79F, 0xF79F, 0xF79F, 0xF79F, 0xF79F, 0xF79F, 0xF79F, 0xF79F, 0xF79F, 0xF79F,
  0xE6FE, 0xE6FF, 0xE6DF, 0xE6DF, 0xE6DF, 0xDEBF, 0xDEBF, 0xE6DF, 0xE6DF, 0xE6DF, 0xE6DF, 0xE6DF, 0xE6DF, 0xE6DF, 0xE6DF, 0xE6FF,
  0xEF3F, 0xEF3F, 0xE6FF, 0xE6FF, 0xE6FF, 0xE6FF, 0xE6FF, 0xE6FF, 0xE6FF, 0xE6DF, 0xE6DF, 0xE6DF, 0xDEBF, 0xDEBF, 0xDE9F, 0xDEBF,
  0xF7BF, 0xFFBF, 0xF79F, 0xF79F, 0xF79F, 0xF77F, 0xF77F, 0xF77F, 0xEF5F, 0xEF5F, 0xEF5F, 0xEF5F, 0xEF3F, 0xEF3F, 0xEF3F, 0xEF3F,
  0xEF3F, 0xEF3F, 0xEF3F, 0xEF3F, 0xEF3F, 0xEF3F, 0xEF3F, 0xE73F, 0xEF3F, 0xEF3F, 0xEF3F, 0xEF3F, 0xEF3F, 0xEF3F, 0xEF3F, 0xEF3F,
  0xEF3F, 0xEF3F, 0xEF3F, 0xEF3F, 0xEF3F, 0xEF3F, 0xE71F, 0xE71F, 0xE71F, 0xE71F, 0xE71F, 0xE71F, 0xE71F, 0xE71F, 0xEF1F, 0xEF1F,
  0xEF1F, 0xE71F, 0xE71F, 0xE6FF, 0xEF3F, 0xBD5D, 0x6A1A, 0x69FB, 0x93DC, 0xF75F, 0xE71F, 0xE71F, 0xEF3F, 0xE71F, 0xE71F, 0xE71F,
  0xE71F, 0xE71F, 0xE71F, 0xEF3F, 0xEF3F, 0xEF3F, 0xEF3F, 0xEF3F, 0xEF5F, 0xEF3F, 0xEF5F, 0xEF5F, 0xEF5F, 0xF75F, 0xF77F, 0xEF5F,
  0xDE9F, 0xDE9F, 0xDEBF, 0xDEDF, 0xE6DF, 0xE6DF, 0xE6DF, 0xE6FF, 0xE6FF, 0xE6DF, 0xE6DF, 0xDEDF, 0xDEBF, 0xDE9F, 0xDEBE, 0xF79F,
  0xFFBF, 0xF79F, 0xF79F, 0xF79F, 0xF79F, 0xF77F, 0xF77F, 0xF77F, 0xF77F, 0xF77F, 0xEF5F, 0xEF5F, 0xEF5F, 0xEF5F, 0xEF5F, 0xEF3F,
  0xEF3F, 0xEF3F, 0xEF3F, 0xEF3F, 0xEF3F, 0xEF3F, 0xE6FF, 0xF75F, 0x9419, 0x51B6, 0x6A58, 0x59F7, 0x6A76, 0xDEBE, 0xE71F, 0xE71F,
  0xE71F, 0xE71F, 0xE71F, 0xE71F, 0xE71F, 0xE71F, 0xE71F, 0xE71F, 0xE71F, 0xE71F, 0xE71F, 0xE71F, 0xE6FF, 0xE71F, 0xE6FF, 0xF79F,
  0xA49A, 0x59B7, 0x72B9, 0x729A, 0x7AD9, 0xDEBE, 0xEF3F, 0xE71F, 0xEF1F, 0xEF3F, 0xEF3F, 0xEF3F, 0xEF3F, 0xEF3F, 0xEF3F, 0xEF3F,
  0xEF3F, 0xEF3F, 0xEF3F, 0xEF3F, 0xEF3F, 0xEF3F, 0xEF3F, 0xEF3F, 0xEF3F, 0xEF5F, 0xEF5F, 0xEF5F, 0xEF5F, 0xF77F, 0xF77F, 0xEF1F,
  0xEF3F, 0xEF3F, 0xEF5F, 0xF75F, 0xF77F, 0xF77F, 0xF77F, 0xF79F, 0xF79F, 0xF79F, 0xF77F, 0xF79F, 0xF79F, 0xF79F, 0xF77F, 0xF79F,
  0xF79F, 0xF79F, 0xF79F, 0xF79F, 0xF79F, 0xF79F, 0xF79F, 0xF79F, 0xF79F, 0xF79F, 0xF79F, 0xF79F, 0xF79F, 0xF79F, 0xF79F, 0xF79F,
  0xE6FE, 0xE6FF, 0xE6DF, 0xE6DF, 0xE6DF, 0xDEDF, 0xE6DF, 0xE6DF, 0xE6DF, 0xE6DF, 0xE6DF, 0xE6DF, 0xE6DF, 0xE6DF, 0xEF1F, 0xEF5F,
  0xE71F, 0xE6DF, 0xE6FF, 0xE6FF, 0xE6FF, 0xE6FF, 0xE6FF, 0xE6FF, 0xE6FF, 0xE6DF, 0xE6DF, 0xE6DF, 0xDEBF, 0xDEBF, 0xDE9F, 0xE6DF,
  0xFFBF, 0xF79F, 0xF79F, 0xF79F, 0xF77F, 0xF77F, 0xF77F, 0xF75F, 0xEF5F, 0xEF5F, 0xEF5F, 0xEF5F, 0xEF3F, 0xEF3F, 0xEF3F, 0xEF3F,
  0xEF3F, 0xEF3F, 0xEF3F, 0xE71F, 0xE71F, 0xEF3F, 0xEF3F, 0xEF3F, 0xEF3F, 0xEF3F, 0xEF3F, 0xEF3F, 0xEF3F, 0xE71F, 0xEF3F, 0xE71F,
  0xEF3F, 0xEF3F, 0xEF3F, 0xE71F, 0xE71F, 0xE71F, 0xE71F, 0xE71F, 0xE71F, 0xE71F, 0xE71F, 0xE71F, 0xE71F, 0xE71F, 0xE71F, 0xE71F,
  0xEF1F, 0xE71F, 0xE71F, 0xE6FF, 0xEF1F, 0xB53C, 0x61F9, 0x7259, 0xD63E, 0xEF3F, 0xE71F, 0xEF3F, 0xEF3F, 0xE71F, 0xEF3F, 0xEF1F,
  0xEF3F, 0xE71F, 0xE71F, 0xE71F, 0xEF3F, 0xEF3F, 0xEF3F, 0xEF3F, 0xEF3F, 0xEF3F, 0xEF3F, 0xEF5F, 0xEF5F, 0xEF5F, 0xF77F, 0xF77F,
  0xDEBF, 0xDE9F, 0xDEBF, 0xDEDF, 0xDEDF, 0xE6DF, 0xE6DF, 0xE6DF, 0xE6DF, 0xE6DF, 0xE6DF, 0xDEDF, 0xDEBF, 0xDE9F, 0xDEDF, 0xFFBF,
  0xF7BF, 0xF79F, 0xF79F, 0xF79F, 0xF79F, 0xF77F, 0xF77F, 0xF77F, 0xEF5F, 0xEF5F, 0xEF5F, 0xEF5F, 0xEF5F, 0xEF3F, 0xEF3F, 0xEF3F,
  0xEF3F, 0xEF3F, 0xEF3F, 0xEF3F, 0xEF3F, 0xEF3F, 0xEF3F, 0xF77F, 0x93F9, 0x51B6, 0x6237, 0x59F6, 0x6256, 0xDE9E, 0xEF3F, 0xEF3F,
  0xEF3F, 0xEF3F, 0xEF3F, 0xEF3F, 0xEF3F, 0xEF3F, 0xEF3F, 0xEF3F, 0xEF3F, 0xEF3F, 0xEF3F, 0xEF3F, 0xEF3F, 0xEF3F, 0xE71F, 0xFFBF,
  0x9C5A, 0x51B6, 0x6A78, 0x6A58, 0x6A98, 0xDE7E, 0xEF5F, 0xEF3F, 0xEF3F, 0xE73F, 0xE71F, 0xEF1F, 0xEF3F, 0xEF3F, 0xEF3F, 0xEF3F,
  0xEF3F, 0xEF3F, 0xEF3F, 0xEF3F, 0xEF3F, 0xEF3F, 0xEF3F, 0xEF3F, 0xEF3F, 0xEF3F, 0xEF5F, 0xEF5F, 0xEF5F, 0xEF5F, 0xF77F, 0xEF1F,
  0xEF1F, 0xEF3F, 0xEF5F, 0xEF5F, 0xF77F, 0xF77F, 0xF77F, 0xF79F, 0xF79F, 0xF79F, 0xF77F, 0xF79F, 0xF79F, 0xF79F, 0xF79F, 0xF79F,
  0xF77F, 0xF79F, 0xF79F, 0xF79F, 0xF79F, 0xF79F, 0xF79F, 0xF79F, 0xF79F, 0xF79F, 0xF79F, 0xF79F, 0xF79F, 0xF79F, 0xF79F, 0xF79F,
  0xE6FE, 0xE6DF, 0xE6DF, 0xE6DF, 0xE6DF, 0xE6DF, 0xE6DF, 0xE6DF, 0xE6DF, 0xE6DF, 0xE6DF, 0xE6DF, 0xE6FF, 0xEF5F, 0xEF3F, 0xE6FF,
  0xE6FF, 0xE6FF, 0xE6FF, 0xE6FF, 0xE6FF, 0xE6FF, 0xE6FF, 0xE6FF, 0xE6FF, 0xE6DF, 0xDEDF, 0xDEBF, 0xDEBF, 0xDEBF, 0xD67F, 0xE71F,
  0xFFDF, 0xF79F, 0xF79F, 0xF79F, 0xF77F, 0xF77F, 0xEF5F, 0xEF5F, 0xEF5F, 0xEF5F, 0xEF5F, 0xEF5F, 0xEF3F, 0xEF3F, 0xEF3F, 0xEF3F,
  0xEF3F, 0xE71F, 0xE71F, 0xE71F, 0xE71F, 0xEF3F, 0xE71F, 0xEF3F, 0xEF3F, 0xEF3F, 0xEF3F, 0xEF3F, 0xEF3F, 0xE71F, 0xE71F, 0xE71F,
  0xE71F, 0xE71F, 0xE73F, 0xEF5F, 0xEF5F, 0xE71F, 0xE71F, 0xE71F, 0xE71F, 0xE71F, 0xE71F, 0xE71F, 0xE71F, 0xE71F, 0xEEFF, 0xE71F,
  0xE71F, 0xE71F, 0xEF1F, 0xE71F, 0xE6FF, 0xE6DF, 0xCDFE, 0xD63E, 0xE6FF, 0xE6FF, 0xE71F, 0xE71F, 0xEF3F, 0xEF3F, 0xEEDF, 0xE5FF,
  0xDDFE, 0xEEFF, 0xE71F, 0xEF1F, 0xEF3F, 0xEF3F, 0xEF3F, 0xEF3F, 0xEF3F, 0xEF3F, 0xEF3F, 0xEF5F, 0xEF5F, 0xEF5F, 0xEF5F, 0xF77F,
  0xDEBF, 0xDE7F, 0xDEBF, 0xDEBF, 0xDEDF, 0xE6DF, 0xE6DF, 0xE6DF, 0xE6DF, 0xE6DF, 0xDEBF, 0xDEBF, 0xDEBF, 0xD67F, 0xE6FF, 0xFFDF,
  0xF79F, 0xF79F, 0xF79F, 0xF79F, 0xF77F, 0xF77F, 0xF77F, 0xEF5F, 0xEF5F, 0xEF5F, 0xEF3F, 0xEF3F, 0xEF3F, 0xEF3F, 0xEF3F, 0xEF3F,
  0xEF3F, 0xEF3F, 0xEF3F, 0xEF3F, 0xEF1F, 0xE6BF, 0xD63F, 0xD61F, 0x835A, 0x5196, 0x59F6, 0x51B6, 0x59F6, 0xACBD, 0xBD3E, 0xBD5E,
  0xC57E, 0xC57E, 0xC59F, 0xC59F, 0xC57E, 0xC57E, 0xC57E, 0xC57E, 0xC57E, 0xC57E, 0xC57E, 0xC57E, 0xC57E, 0xBD3E, 0xB4FE, 0xBD3D,
  0x835B, 0x5196, 0x6237, 0x6218, 0x6237, 0xB4BD, 0xCDBF, 0xD61E, 0xE6BF, 0xEF1F, 0xEF3F, 0xEF1F, 0xE71F, 0xEF3F, 0xEF3F, 0xEF1F,
  0xEF3F, 0xEF3F, 0xEF3F, 0xEF3F, 0xEF3F, 0xEF3F, 0xEF3F, 0xEF3F, 0xEF3F, 0xEF3F, 0xEF3F, 0xEF5F, 0xEF5F, 0xEF5F, 0xF77F, 0xEF3F,
  0xE71F, 0xEF3F, 0xEF3F, 0xEF5F, 0xF75F, 0xF77F, 0xF77F, 0xF79F, 0xF77F, 0xF77F, 0xF79F, 0xF79F, 0xF79F, 0xF79F, 0xF79F, 0xF77F,
  0xF79F, 0xF79F, 0xF79F, 0xF79F, 0xF79F, 0xF79F, 0xF79F, 0xF79F, 0xF79F, 0xF79F, 0xF79F, 0xF79F, 0xF79F, 0xF79F, 0xF79F, 0xF79F,
  0xE6DE, 0xE6DF, 0xE6DF, 0xE6DF, 0xE6DF, 0xE6DF, 0xE6DF, 0xE6DF, 0xE6DF, 0xE6DF, 0xE6DF, 0xEF3F, 0xEF5F, 0xE71F, 0xE6DF, 0xE6FF,
  0xE6FF, 0xE6FF, 0xE6FF, 0xE6FF, 0xE6FF, 0xE6FF, 0xE6FF, 0xE6FF, 0xE6DF, 0xDEDF, 0xDEDF, 0xDEBF, 0xDEBF, 0xDE9F, 0xD65F, 0xEF3F,
  0xFFBF, 0xF79F, 0xF79F, 0xF77F, 0xF77F, 0xF77F, 0xEF5F, 0xEF5F, 0xEF5F, 0xEF5F, 0xEF3F, 0xEF3F, 0xEF3F, 0xEF3F, 0xEF3F, 0xEF3F,
  0xEF3F, 0xE71F, 0xE71F, 0xE71F, 0xE71F, 0xE71F, 0xEF3F, 0xEF3F, 0xE71F, 0xE71F, 0xE71F, 0xE71F, 0xE71F, 0xEF1F, 0xE71F, 0xE71F,
  0xE71F, 0xEF5F, 0xEF3F, 0xD67E, 0xD65E, 0xEF1F, 0xEF5F, 0xE6FF, 0xE6FF, 0xE71F, 0xE71F, 0xE71F, 0xEEFF, 0xE71F, 0xE71F, 0xE73F,
  0xEF3F, 0xEF5F, 0xEF3F, 0xEF1F, 0xE6FF, 0xE6DF, 0xE6DF, 0xE6DF, 0xE6DF, 0xE71F, 0xE71F, 0xEF3F, 0xEEFF, 0xEE7F, 0xED9F, 0xD4DF,
  0xB3FD, 0xDE7E, 0xEF3F, 0xE71F, 0xEF3F, 0xEF3F, 0xEF3F, 0xEF3F, 0xEF3F, 0xEF3F, 0xEF3F, 0xEF3F, 0xEF5F, 0xEF5F, 0xEF5F, 0xF77F,
  0xDEBF, 0xD67F, 0xDE9F, 0xDEBF, 0xDEBF, 0xDEDF, 0xE6DF, 0xE6DF, 0xE6DF, 0xE6DF, 0xDEBF, 0xDEBF, 0xDE9F, 0xD67F, 0xE71F, 0xFFBF,
  0xF79F, 0xF79F, 0xF79F, 0xF77F, 0xF77F, 0xF77F, 0xEF5F, 0xEF5F, 0xEF5F, 0xEF5F, 0xEF3F, 0xEF3F, 0xEF3F, 0xEF3F, 0xEF3F, 0xEF3F,
  0xEF3F, 0xEF3F, 0xEF3F, 0xEEDF, 0xD5FE, 0xC51E, 0xB47E, 0xA41D, 0x6A59, 0x4995, 0x51B6, 0x4994, 0x51B6, 0x7ABC, 0x831C, 0x937D,
  0x939D, 0x9BBD, 0x9BDE, 0x9BDE, 0x9BDE, 0x9BBE, 0x9BBE, 0x9BBE, 0x9BBE, 0x9BBE, 0x9BBE, 0x9BBD, 0x939D, 0x935D, 0x831D, 0x7ABC,
  0x6A39, 0x5195, 0x59F6, 0x59F6, 0x59D7, 0x82FC, 0xA3DE, 0xB47E, 0xC51E, 0xD5DF, 0xE67F, 0xEF1F, 0xEF1F, 0xE71F, 0xEF3F, 0xEF3F,
  0xEF3F, 0xEF3F, 0xEF3F, 0xEF3F, 0xEF3F, 0xEF3F, 0xEF3F, 0xEF3F, 0xEF3F, 0xEF3F, 0xEF3F, 0xEF5F, 0xEF5F, 0xEF5F, 0xEF5F, 0xEF3F,
  0xE6FF, 0xEF3F, 0xEF3F, 0xEF5F, 0xEF5F, 0xF77F, 0xF77F, 0xF77F, 0xF79F, 0xF79F, 0xF79F, 0xF79F, 0xF79F, 0xF79F, 0xF77F, 0xF79F,
  0xF79F, 0xF79F, 0xF79F, 0xF79F, 0xF79F, 0xF79F, 0xF79F, 0xF79F, 0xF79F, 0xF79F, 0xF79F, 0xF79F, 0xF79F, 0xF79F, 0xF79F, 0xF79F,
  0xE6DE, 0xE6DF, 0xE6DF, 0xE6DF, 0xE6DF, 0xE6DF, 0xE6DF, 0xE6DF, 0xE6DF, 0xE71F, 0xEF5F, 0xEF1F, 0xE6FF, 0xE6DF, 0xE6FF, 0xE6FF,
  0xE6FF, 0xE6FF, 0xE6FF, 0xE6FF, 0xE6FF, 0xE6FF, 0xE6FF, 0xE6FF, 0xE6DF, 0xDEDF, 0xDEBF, 0xDEBF, 0xDE9F, 0xDE9F, 0xD65F, 0xEF3F,
  0xFFBF, 0xF79F, 0xF77F, 0xF77F, 0xF77F, 0xEF5F, 0xEF5F, 0xEF5F, 0xEF3F, 0xEF3F, 0xEF3F, 0xEF3F, 0xEF3F, 0xEF3F, 0xE71F, 0xE71F,
  0xE71F, 0xE71F, 0xE71F, 0xE71F, 0xE71F, 0xE71F, 0xE71F, 0xE71F, 0xE71F, 0xE71F, 0xE71F, 0xE71F, 0xE71F, 0xEF1F, 0xE73F, 0xE71F,
  0xEF5F, 0xCE1D, 0x8359, 0x6258, 0x6238, 0x7AF8, 0xC57D, 0xEF3F, 0xE6FF, 0xE71F, 0xE71F, 0xE6FF, 0xE71F, 0xE73F, 0xEF1F, 0xEE7F,
  0xF63E, 0xF63E, 0xF69F, 0xEEDF, 0xE6FF, 0xE6DF, 0xDEDF, 0xDEDF, 0xE6DF, 0xE6FF, 0xEF1F, 0xE5DF, 0xDD1F, 0xDCDF, 0xD47F, 0xBBFE,
  0xC4FE, 0xEEDF, 0xE71F, 0xE71F, 0xE71F, 0xE71F, 0xEF1F, 0xEF3F, 0xEF3F, 0xEF3F, 0xEF3F, 0xEF3F, 0xEF5F, 0xEF5F, 0xEF5F, 0xF77F,
  0xDEBF, 0xD65F, 0xDE9F, 0xDEBF, 0xDEBF, 0xDEBF, 0xDEDF, 0xE6DF, 0xE6DF, 0xE6DF, 0xDEBF, 0xDEBF, 0xDE9F, 0xD65F, 0xE71F, 0xFFBF,
  0xF79F, 0xF79F, 0xF77F, 0xF77F, 0xF77F, 0xF77F, 0xEF5F, 0xEF5F, 0xEF5F, 0xEF5F, 0xEF5F, 0xEF3F, 0xEF3F, 0xEF3F, 0xEF3F, 0xE73F,
  0xEF3F, 0xEF1F, 0xDE5F, 0xD5BF, 0xC51E, 0xB47E, 0xA3FD, 0x93BD, 0x6237, 0x4954, 0x4995, 0x4974, 0x5195, 0x72BA, 0x7AFC, 0x833C,
  0x8B7C, 0x939D, 0x939D, 0x939D, 0x939D, 0x939D, 0x939D, 0x939D, 0x939D, 0x939D, 0x8B7D, 0x8B7C, 0x8B5D, 0x8B3C, 0x831B, 0x729B,
  0x6218, 0x4974, 0x51B6, 0x51B5, 0x59D5, 0x82FB, 0x9B9D, 0xA3FD, 0xB47E, 0xBCDE, 0xC55F, 0xD5DF, 0xEEFF, 0xEF1F, 0xE71F, 0xE71F,
  0xEF3F, 0xEF3F, 0xEF3F, 0xEF3F, 0xEF3F, 0xEF3F, 0xEF3F, 0xEF3F, 0xEF3F, 0xEF3F, 0xEF3F, 0xEF5F, 0xEF5F, 0xEF5F, 0xF75F, 0xEF3F,
  0xE6FF, 0xEF1F, 0xEF3F, 0xEF5F, 0xEF5F, 0xF77F, 0xF77F, 0xF77F, 0xF77F, 0xF79F, 0xF79F, 0xF77F, 0xF79F, 0xF79F, 0xF79F, 0xF77F,
  0xF79F, 0xF79F, 0xF79F, 0xF79F, 0xF79F, 0xF79F, 0xF79F, 0xF79F, 0xF79F, 0xF79F, 0xF79F, 0xF79F, 0xF79F, 0xF79F, 0xF79F, 0xF79F,
  0xE6DE, 0xE6DF, 0xDEDF, 0xDEBF, 0xE6DF, 0xE6DF, 0xE6DF, 0xE6FF, 0xEF1F, 0xEF1F, 0xE6FF, 0xE6DF, 0xE6FF, 0xE6DF, 0xE6FF, 0xE6FF,
  0xE6FF, 0xE6FF, 0xE6FF, 0xE6FF, 0xE6FF, 0xE6FF, 0xE6FF, 0xE6FF, 0xE6DF, 0xDEDF, 0xDEBF, 0xDEBF, 0xDE9F, 0xDE7F, 0xD63F, 0xEF1F,
  0xFFBF, 0xF77F, 0xF77F, 0xF77F, 0xF77F, 0xEF5F, 0xEF3F, 0xEF3F, 0xEF3F, 0xEF3F, 0xEF3F, 0xE71F, 0xEF3F, 0xEF3F, 0xEF3F, 0xE71F,
  0xE71F, 0xE71F, 0xE71F, 0xE71F, 0xE71F, 0xE71F, 0xE71F, 0xE71F, 0xE71F, 0xE71F, 0xE71F, 0xE71F, 0xE71F, 0xE71F, 0xE71F, 0xEF3F,
  0xDEBE, 0x6AB8, 0x59F8, 0x6218, 0x61F8, 0x59B7, 0x6217, 0xD61D, 0xEF5F, 0xE6FF, 0xE71F, 0xE6FF, 0xEEFF, 0xEDDE, 0xF45D, 0xF3FD,
  0xF45D, 0xFC7D, 0xFC9D, 0xF4BD, 0xF4FD, 0xEE3F, 0xE6DF, 0xDEDF, 0xE6DF, 0xE6FF, 0xEF3F, 0xCCBE, 0xBBBE, 0xC45E, 0xCD5E, 0xE65F,
  0xEF1F, 0xE71F, 0xE6FF, 0xE71F, 0xE71F, 0xE71F, 0xEF1F, 0xEF1F, 0xEF3F, 0xEF3F, 0xEF3F, 0xEF3F, 0xEF3F, 0xEF5F, 0xEF5F, 0xF77F,
  0xDEBF, 0xD65F, 0xDE9F, 0xDE9F, 0xDEBF, 0xDEBF, 0xDEDF, 0xE6BF, 0xE6DF, 0xDEBF, 0xDEBF, 0xDE9F, 0xDE9F, 0xD65F, 0xE6FF, 0xFFBF,
  0xF79F, 0xF77F, 0xF77F, 0xF77F, 0xF77F, 0xEF5F, 0xEF5F, 0xEF5F, 0xEF5F, 0xEF3F, 0xEF3F, 0xEF3F, 0xEF3F, 0xEF3F, 0xE71F, 0xE73F,
  0xE6BF, 0xCD7E, 0xC53F, 0xBCFE, 0xAC7E, 0x9BDD, 0x8B7C, 0x831C, 0x59F7, 0x4153, 0x4973, 0x4153, 0x4975, 0x6A59, 0x729A, 0x7ADA,
  0x831B, 0x831B, 0x831B, 0x831B, 0x831B, 0x831B, 0x831B, 0x831B, 0x831B, 0x831B, 0x831B, 0x7AFB, 0x7ADA, 0x7ADB, 0x72BA, 0x6A79,
  0x51D7, 0x4953, 0x4974, 0x4994, 0x51B5, 0x7299, 0x833B, 0x937C, 0x9BBD, 0xAC3E, 0xB49E, 0xB49E, 0xBD1E, 0xE6DF, 0xE71F, 0xE71F,
  0xE71F, 0xE71F, 0xEF3F, 0xEF3F, 0xEF3F, 0xEF3F, 0xEF3F, 0xEF3F, 0xEF3F, 0xEF3F, 0xEF3F, 0xEF3F, 0xEF5F, 0xEF5F, 0xEF5F, 0xEF3F,
  0xE6FF, 0xE71F, 0xEF3F, 0xEF3F, 0xEF5F, 0xF77F, 0xF77F, 0xF77F, 0xF77F, 0xF77F, 0xF79F, 0xF79F, 0xF79F, 0xF79F, 0xF77F, 0xF77F,
  0xF79F, 0xF79F, 0xF79F, 0xF79F, 0xF79F, 0xF79F, 0xF79F, 0xF79F, 0xF79F, 0xF79F, 0xF79F, 0xF79F, 0xF79F, 0xF79F, 0xF79F, 0xF79F,
  0xE6FE, 0xE6DF, 0xE6DF, 0xDEBF, 0xDEDF, 0xE6FF, 0xE71F, 0xEF1F, 0xE6FF, 0xE6DF, 0xE6DF, 0xE6DF, 0xE6FF, 0xE6FF, 0xE6FF, 0xE6FF,
  0xE6FF, 0xE6FF, 0xE6FF, 0xE6FF, 0xE6FF, 0xE6FF, 0xE6FF, 0xE6FF, 0xE6DF, 0xDEDF, 0xDEBF, 0xDEBF, 0xDE9F, 0xDE7F, 0xCE3F, 0xEF1F,
  0xFFBF, 0xF77F, 0xF77F, 0xF77F, 0xEF5F, 0xEF5F, 0xEF3F, 0xEF3F, 0xEF3F, 0xEF3F, 0xEF3F, 0xEF3F, 0xEF3F, 0xE71F, 0xE71F, 0xE71F,
  0xE71F, 0xE71F, 0xE71F, 0xE71F, 0xE71F, 0xE71F, 0xE71F, 0xE71F, 0xE71F, 0xE71F, 0xE71F, 0xE71F, 0xE71F, 0xE6FF, 0xE6FF, 0xFFBF,
  0xB51C, 0x51B7, 0x6217, 0x59F7, 0x59F7, 0x6217, 0x51B7, 0xA49A, 0xFF9F, 0xE6FF, 0xE6FF, 0xE6DF, 0xF49D, 0xF33C, 0xFC1E, 0xFCFE,
  0xFCDE, 0xFC7D, 0xFC5E, 0xFC1E, 0xFB9D, 0xF39C, 0xEDBE, 0xE6DF, 0xE6DF, 0xE6FF, 0xEF1F, 0xE67F, 0xD5BE, 0xE6BF, 0xEF3F, 0xE6FF,
  0xE6FF, 0xE71F, 0xE71F, 0xE71F, 0xE71F, 0xE71F, 0xE71F, 0xE71F, 0xEF3F, 0xEF3F, 0xEF3F, 0xEF3F, 0xEF5F, 0xEF5F, 0xEF5F, 0xF77F,
  0xDE9F, 0xD63F, 0xD67F, 0xDE9F, 0xDEBF, 0xDEBF, 0xDEBF, 0xDEDF, 0xDEDF, 0xDEBF, 0xDEBF, 0xDE9F, 0xDE9F, 0xD63F, 0xE6FF, 0xFFBF,
  0xF77F, 0xF77F, 0xF77F, 0xF77F, 0xEF7F, 0xEF5F, 0xEF5F, 0xEF5F, 0xEF3F, 0xEF3F, 0xEF3F, 0xEF3F, 0xEF3F, 0xE71F, 0xE71F, 0xE71F,
  0xC55E, 0xB49E, 0xB49D, 0xA43D, 0x9BDD, 0x8B7C, 0x82FB, 0x831B, 0x6A76, 0x3912, 0x4973, 0x4132, 0x51D5, 0x72D9, 0x6258, 0x6A79,
  0x7299, 0x72BA, 0x72BA, 0x72BA, 0x72BA, 0x72BA, 0x72BA, 0x72BA, 0x72B9, 0x72BA, 0x72B9, 0x7299, 0x6A79, 0x6A59, 0x6A59, 0x6A99,
  0x8358, 0x4953, 0x4973, 0x4953, 0x51D5, 0x833A, 0x729A, 0x7ADA, 0x8B3B, 0x939C, 0xA3FD, 0xA41E, 0x9BDD, 0xC57E, 0xEF3F, 0xE6FF,
  0xE71F, 0xE71F, 0xE71F, 0xE71F, 0xE71F, 0xEF3F, 0xEF3F, 0xEF3F, 0xEF3F, 0xEF3F, 0xEF3F, 0xEF3F, 0xEF5F, 0xEF5F, 0xEF5F, 0xEF3F,
  0xE6DF, 0xE71F, 0xEF3F, 0xEF3F, 0xEF5F, 0xEF5F, 0xF77F, 0xF77F, 0xF77F, 0xF77F, 0xF77F, 0xF79F, 0xF79F, 0xF79F, 0xF79F, 0xF79F,
  0xF77F, 0xF77F, 0xF79F, 0xF79F, 0xF79F, 0xF79F, 0xF79F, 0xF79F, 0xF79F, 0xF79F, 0xF79F, 0xF79F, 0xF79F, 0xF79F, 0xF79F, 0xF79F,
  0xE6FE, 0xE6DF, 0xDEDF, 0xE6DF, 0xE6FF, 0xE71F, 0xE6FF, 0xE6FF, 0xE6DF, 0xE6DF, 0xE6DF, 0xE6DF, 0xE6FF, 0xE6FF, 0xE6FF, 0xE6FF,
  0xE6FF, 0xE6FF, 0xE6FF, 0xE6FF, 0xE6FF, 0xE6FF, 0xE6FF, 0xE6DF, 0xE6DF, 0xDEDF, 0xDEBF, 0xDEBF, 0xDE9F, 0xD67F, 0xCE3F, 0xE6FF,
  0xF79F, 0xF77F, 0xF77F, 0xF77F, 0xEF5F, 0xEF5F, 0xEF3F, 0xEF3F, 0xEF3F, 0xEF3F, 0xEF1F, 0xE71F, 0xE71F, 0xE71F, 0xE71F, 0xE71F,
  0xE71F, 0xE71F, 0xE71F, 0xE71F, 0xE71F, 0xE71F, 0xE71F, 0xE71F, 0xE71F, 0xE71F, 0xE71F, 0xE71F, 0xE6FF, 0xEF1F, 0xDEBF, 0xC5BE,
  0x8BBB, 0x6A59, 0x6A7A, 0x6A5A, 0x6A5A, 0x6A7A, 0x6A7A, 0x8B9A, 0xC59D, 0xDEBF, 0xEF1F, 0xF4FE, 0xF2BC, 0xFBFE, 0xFCDE, 0xFCBE,
  0xFC7E, 0xFC3D, 0xFBFD, 0xFBBD, 0xFB7C, 0xFAFC, 0xF31C, 0xE5FF, 0xDEDF, 0xE6DF, 0xE6FF, 0xEF1F, 0xEF1F, 0xE6FF, 0xE6FF, 0xE6FF,
  0xE6FF, 0xE71F, 0xE71F, 0xE71F, 0xE71F, 0xE71F, 0xE71F, 0xE73F, 0xEF3F, 0xEF3F, 0xEF3F, 0xEF3F, 0xEF5F, 0xEF5F, 0xEF5F, 0xF77F,
  0xDE9F, 0xCE3F, 0xD67F, 0xDE9F, 0xDEBF, 0xDEBF, 0xDEBF, 0xDEBF, 0xDEBF, 0xDEBF, 0xDEBF, 0xDE9F, 0xDE7F, 0xCE3F, 0xE6FF, 0xF79F,
  0xF77F, 0xF77F, 0xF77F, 0xF77F, 0xEF5F, 0xEF5F, 0xEF5F, 0xEF3F, 0xEF3F, 0xEF3F, 0xEF3F, 0xEF3F, 0xE71F, 0xE71F, 0xE71F, 0xD61E,
  0xA41D, 0xA41E, 0x9BFC, 0x939C, 0x8B5B, 0x82FA, 0x6A59, 0x93F9, 0xBD7A, 0x3091, 0x38F2, 0x2870, 0x8396, 0xC59C, 0x51B7, 0x6258,
  0x6258, 0x6A58, 0x6258, 0x6A58, 0x6A58, 0x6A58, 0x6A78, 0x6A58, 0x6A58, 0x6258, 0x6258, 0x6238, 0x6237, 0x6237, 0x59D7, 0x8B9A,
  0xDE7D, 0x3912, 0x38F2, 0x3091, 0x72F6, 0xCDBD, 0x59F8, 0x6A79, 0x72B9, 0x831B, 0x8B5C, 0x939C, 0x937C, 0x9BFC, 0xDE9F, 0xE6FF,
  0xE6FF, 0xE71F, 0xE71F, 0xE71F, 0xE71F, 0xE71F, 0xEF1F, 0xEF3F, 0xEF3F, 0xEF3F, 0xEF3F, 0xEF3F, 0xEF5F, 0xEF5F, 0xF77F, 0xEF3F,
  0xE6DF, 0xE6FF, 0xEF1F, 0xEF3F, 0xEF5F, 0xEF5F, 0xF77F, 0xF77F, 0xF77F, 0xF77F, 0xF77F, 0xF79F, 0xF79F, 0xF79F, 0xF79F, 0xF79F,
  0xF77F, 0xF79F, 0xF79F, 0xF79F, 0xF79F, 0xF79F, 0xF79F, 0xF79F, 0xF79F, 0xF79F, 0xF79F, 0xF79F, 0xF79F, 0xF79F, 0xF79F, 0xF79F,
  0xDEDE, 0xE6DF, 0xE6FF, 0xE6FF, 0xE6FF, 0xE6FF, 0xE6FF, 0xE6FF, 0xE6DF, 0xE6DF, 0xE6FF, 0xE6DF, 0xE6FF, 0xE6FF, 0xE6FF, 0xE6FF,
  0xE6FF, 0xE6FF, 0xE6FF, 0xE6FF, 0xE6FF, 0xE6FF, 0xE6FF, 0xE6DF, 0xE6DF, 0xDEDF, 0xDEBF, 0xDE9F, 0xDE9F, 0xD67F, 0xCE3F, 0xE6FF,
  0xF79F, 0xF77F, 0xF77F, 0xEF5F, 0xEF5F, 0xEF5F, 0xEF3F, 0xEF3F, 0xEF3F, 0xEF1F, 0xE73F, 0xE71F, 0xE71F, 0xE71F, 0xE71F, 0xE71F,
  0xE71F, 0xE71F, 0xE71F, 0xE71F, 0xE71F, 0xE71F, 0xE71F, 0xE71F, 0xE6FF, 0xE71F, 0xE6FF, 0xEF5F, 0xE6DF, 0xB51D, 0x833B, 0x6A5A,
  0x729B, 0x7ABB, 0x729A, 0x727A, 0x727A, 0x729A, 0x7ABB, 0x727B, 0x72BA, 0xD63F, 0xE67F, 0xF33C, 0xFB3D, 0xFBFD, 0xFBFD, 0xFBFD,
  0xFBFD, 0xFBBD, 0xFB7C, 0xFB5C, 0xFB1C, 0xFADC, 0xFA3C, 0xEBFD, 0xE6BF, 0xE6BF, 0xE6DF, 0xE6DF, 0xE6BF, 0xE6DF, 0xE6FF, 0xE6DF,
  0xE6DF, 0xE6DF, 0xE6FF, 0xE71F, 0xE71F, 0xE71F, 0xE71F, 0xE71F, 0xEF1F, 0xEF3F, 0xEF3F, 0xEF3F, 0xEF3F, 0xEF5F, 0xEF5F, 0xF77F,
  0xDE9F, 0xCE1F, 0xD65F, 0xDE7F, 0xDE9F, 0xDEBF, 0xDEBF, 0xDEBF, 0xDEBF, 0xDEBF, 0xDE9F, 0xDE9F, 0xDE7F, 0xCE3F, 0xE6DF, 0xF79F,
  0xF77F, 0xF77F, 0xF77F, 0xF77F, 0xEF5F, 0xEF5F, 0xEF3F, 0xEF3F, 0xEF3F, 0xEF3F, 0xEF3F, 0xE71F, 0xE71F, 0xE6FF, 0xE71F, 0xBD3D,
  0x937C, 0x93BC, 0x8B7B, 0x833A, 0x7AD9, 0x6A78, 0x6237, 0x72F7, 0xFF9F, 0xACFA, 0x6295, 0x7B76, 0xEF5F, 0xA4BB, 0x4976, 0x59F6,
  0x59F6, 0x59F6, 0x59F6, 0x59F6, 0x5A16, 0x5A16, 0x5A16, 0x5A17, 0x5A16, 0x59F6, 0x59F6, 0x59F6, 0x59F6, 0x59F6, 0x51B5, 0x6A97,
  0xF73F, 0xB53B, 0x6AD5, 0x7B56, 0xDE9E, 0xACDB, 0x5196, 0x6238, 0x6A58, 0x7299, 0x7AFB, 0x831B, 0x8B1B, 0x831C, 0xCDDE, 0xE6FF,
  0xE6FF, 0xE6FF, 0xE71F, 0xE71F, 0xE71F, 0xE71F, 0xEF1F, 0xEF3F, 0xEF3F, 0xEF3F, 0xEF3F, 0xEF5F, 0xEF5F, 0xEF5F, 0xF77F, 0xEF3F,
  0xE6DF, 0xE6FF, 0xEF1F, 0xEF3F, 0xEF5F, 0xEF5F, 0xF77F, 0xF77F, 0xF77F, 0xF77F, 0xF77F, 0xF79F, 0xF79F, 0xF79F, 0xF79F, 0xF79F,
  0xF79F, 0xF79F, 0xF79F, 0xF79F, 0xF79F, 0xF79F, 0xF79F, 0xF79F, 0xF79F, 0xF79F, 0xF79F, 0xF79F, 0xF79F, 0xF79F, 0xF79F, 0xF79F,
  0xE6FE, 0xE71F, 0xE71F, 0xE6FF, 0xE6FF, 0xE6FF, 0xE6FF, 0xE6FF, 0xE6FF, 0xE6FF, 0xE6FF, 0xE6FF, 0xE6FF, 0xE6FF, 0xE6FF, 0xE6FF,
  0xE6FF, 0xE6FF, 0xE6FF, 0xE6FF, 0xE6FF, 0xE6FF, 0xE6FF, 0xE6DF, 0xE6DF, 0xDEDF, 0xDEBF, 0xDE9F, 0xDE9F, 0xD67F, 0xCE3F, 0xE6FF,
  0xF79F, 0xF77F, 0xF77F, 0xEF5F, 0xEF5F, 0xEF3F, 0xEF3F, 0xEF3F, 0xEF1F, 0xEF1F, 0xE71F, 0xE71F, 0xE71F, 0xE71F, 0xE71F, 0xE71F,
  0xE71F, 0xE71F, 0xE71F, 0xE71F, 0xE71F, 0xE71F, 0xE71F, 0xE6FF, 0xE6FF, 0xDEDF, 0xEF3F, 0xD63D, 0x939B, 0x727B, 0x725A, 0x727B,
  0x729A, 0x729A, 0x729A, 0x727A, 0x727A, 0x727A, 0x729A, 0x6A3A, 0x8B7A, 0xE69F, 0xE49D, 0xF29C, 0xFB1C, 0xFB5C, 0xFB5D, 0xFB5C,
  0xFB3C, 0xFB1C, 0xFAFC, 0xFADC, 0xFABB, 0xFA7C, 0xF23C, 0xEAFB, 0xE67F, 0xE6BF, 0xE6BF, 0xE6BF, 0xE6DF, 0xE6FF, 0xE71F, 0xEF3F,
  0xE71F, 0xEF3F, 0xEF3F, 0xE6FF, 0xE71F, 0xE71F, 0xE71F, 0xE71F, 0xEF3F, 0xEF3F, 0xEF3F, 0xEF3F, 0xEF3F, 0xEF5F, 0xEF5F, 0xF77F,
  0xDE9F, 0xCE1F, 0xD65F, 0xD67F, 0xDE9F, 0xDEBF, 0xDEBF, 0xDEBF, 0xDEBF, 0xDEBF, 0xDE9F, 0xDE7F, 0xD67F, 0xCE3F, 0xE6DF, 0xF79F,
  0xF77F, 0xF77F, 0xF77F, 0xF75F, 0xEF5F, 0xEF5F, 0xEF3F, 0xEF3F, 0xEF3F, 0xEF3F, 0xEF1F, 0xE71F, 0xE71F, 0xE6FF, 0xE6FF, 0xACDD,
  0x8B3B, 0x8B3B, 0x7B1A, 0x72B9, 0x6A58, 0x6216, 0x59F6, 0x51B5, 0x93F8, 0xEEFE, 0xEF3F, 0xEEFF, 0xACDB, 0x4995, 0x5195, 0x51B5,
  0x51B5, 0x51B5, 0x51B5, 0x51B5, 0x51B5, 0x51B5, 0x51B5, 0x51B5, 0x51B5, 0x51B5, 0x51B5, 0x51B5, 0x5194, 0x5194, 0x51B5, 0x4154,
  0x8357, 0xE6DE, 0xFF9F, 0xF77F, 0xB53C, 0x4995, 0x4995, 0x59D6, 0x59F6, 0x6237, 0x7279, 0x7AB9, 0x82DA, 0x7ABA, 0xC57E, 0xE6FF,
  0xE6DF, 0xE6FF, 0xE71F, 0xE71F, 0xE71F, 0xE71F, 0xEF1F, 0xEF3F, 0xEF3F, 0xEF3F, 0xEF3F, 0xEF5F, 0xEF5F, 0xEF5F, 0xF75F, 0xEF3F,
  0xE6DF, 0xE6FF, 0xE71F, 0xEF3F, 0xEF5F, 0xEF5F, 0xF77F, 0xF77F, 0xF77F, 0xF77F, 0xF77F, 0xF77F, 0xF77F, 0xF79F, 0xF79F, 0xF79F,
  0xF79F, 0xF79F, 0xF77F, 0xF79F, 0xF79F, 0xF79F, 0xF79F, 0xF79F, 0xF79F, 0xF79F, 0xF79F, 0xF79F, 0xF79F, 0xF79F, 0xF79F, 0xF79F,
  0xE71E, 0xE6FF, 0xE6FF, 0xE6FF, 0xE6FF, 0xE6FF, 0xE6FF, 0xE6FF, 0xE6FF, 0xE6FF, 0xE6FF, 0xE6FF, 0xE6FF, 0xE6FF, 0xE6FF, 0xE6FF,
  0xE6FF, 0xE6FF, 0xE6FF, 0xE6FF, 0xE6FF, 0xE6FF, 0xE6FF, 0xE6DF, 0xE6DF, 0xDEBF, 0xDEBF, 0xDE9F, 0xDE7F, 0xD65F, 0xCE1F, 0xE6FF,
  0xF79F, 0xF77F, 0xF77F, 0xEF5F, 0xEF5F, 0xEF5F, 0xEF3F, 0xEF3F, 0xEF1F, 0xEF1F, 0xE71F, 0xE71F, 0xE71F, 0xE71F, 0xE71F, 0xE71F,
  0xE71F, 0xE71F, 0xE71F, 0xE71F, 0xE6FF, 0xE6FF, 0xE6FF, 0xE6FF, 0xE6DF, 0xEF1F, 0xB51C, 0x72DA, 0x72BB, 0x7ADB, 0x7ADA, 0x7ABB,
  0x7ABB, 0x729A, 0x729A, 0x727A, 0x6A7A, 0x6A7A, 0x729A, 0x621A, 0x93BB, 0xDE9F, 0xE39D, 0xFA1C, 0xFA9C, 0xFADC, 0xFADC, 0xFABC,
  0xFABC, 0xFA9B, 0xFA7B, 0xFA7B, 0xFA5B, 0xF23B, 0xF23B, 0xF2BB, 0xE63F, 0xE6BF, 0xE6BF, 0xE6DF, 0xE67F, 0xE5FF, 0xE5DF, 0xC51E,
  0xB51D, 0xBD1D, 0xCDFE, 0xE71F, 0xE6FF, 0xE71F, 0xE71F, 0xE71F, 0xE71F, 0xEF3F, 0xEF3F, 0xEF3F, 0xEF3F, 0xEF5F, 0xEF5F, 0xF77F,
  0xDE9F, 0xCE1F, 0xD65F, 0xD67F, 0xDE9F, 0xDE9F, 0xDEBF, 0xDEBF, 0xDEBF, 0xDEBF, 0xDE9F, 0xDE7F, 0xD67F, 0xCE1F, 0xE6DF, 0xF79F,
  0xF77F, 0xF77F, 0xF77F, 0xEF5F, 0xEF5F, 0xEF5F, 0xEF3F, 0xEF3F, 0xEF3F, 0xEF1F, 0xE71F, 0xE71F, 0xE6FF, 0xE6DF, 0xE6DF, 0xAC9C,
  0x7AFA, 0x82FA, 0x72B9, 0x6A58, 0x59F6, 0x59D5, 0x5195, 0x5194, 0x4153, 0x4993, 0x6255, 0x51D4, 0x3912, 0x4153, 0x4974, 0x4974,
  0x4974, 0x4974, 0x4974, 0x4994, 0x4994, 0x4994, 0x4994, 0x4974, 0x4974, 0x4974, 0x4974, 0x4973, 0x4974, 0x4973, 0x4974, 0x4973,
  0x3912, 0x4993, 0x72B6, 0x6235, 0x4133, 0x4153, 0x4994, 0x5194, 0x51B5, 0x59F6, 0x6237, 0x7279, 0x7A9A, 0x729A, 0xBD5D, 0xE6DF,
  0xE6BF, 0xE6DF, 0xE6FF, 0xE6FF, 0xE71F, 0xEF1F, 0xEF1F, 0xEF1F, 0xEF3F, 0xEF3F, 0xEF3F, 0xEF5F, 0xEF5F, 0xEF5F, 0xF77F, 0xEF3F,
  0xE6DF, 0xE6FF, 0xEF1F, 0xEF3F, 0xEF5F, 0xEF5F, 0xF77F, 0xF77F, 0xF77F, 0xF77F, 0xF77F, 0xF77F, 0xF79F, 0xF79F, 0xF79F, 0xF79F,
  0xF79F, 0xF79F, 0xF79F, 0xF79F, 0xF77F, 0xF77F, 0xF79F, 0xF79F, 0xF79F, 0xF79F, 0xF79F, 0xF79F, 0xF79F, 0xF79F, 0xF79F, 0xF79F,
  0xE71E, 0xE6FF, 0xE6FF, 0xE6FF, 0xE6FF, 0xE6FF, 0xE6FF, 0xE6FF, 0xE6FF, 0xE6FF, 0xE6FF, 0xE6FF, 0xE6FF, 0xE6FF, 0xE6FF, 0xE6FF,
  0xE6FF, 0xE6FF, 0xE6FF, 0xE6FF, 0xE6FF, 0xE6FF, 0xE6FF, 0xE6DF, 0xE6DF, 0xDEBF, 0xDEBF, 0xDE9F, 0xDE7F, 0xD65F, 0xCE1F, 0xE6FF,
  0xF79F, 0xF77F, 0xF77F, 0xF77F, 0xEF5F, 0xEF3F, 0xEF3F, 0xEF3F, 0xEF1F, 0xEF1F, 0xE71F, 0xE71F, 0xE71F, 0xE71F, 0xE71F, 0xE71F,
  0xE71F, 0xE6FF, 0xE6FF, 0xE71F, 0xE6FF, 0xE6FF, 0xE6DF, 0xDEDF, 0xEF1F, 0xACDC, 0x6A39, 0x729B, 0x7ADB, 0x82FC, 0x8B1C, 0x82FC,
  0x7ABB, 0x729A, 0x729A, 0x6A7A, 0x6A79, 0x6A59, 0x6A7A, 0x621A, 0x8B7A, 0xDE7F, 0xDBBC, 0xF1BB, 0xF23B, 0xFA3B, 0xF25B, 0xF25B,
  0xF23B, 0xF23B, 0xF21B, 0xF1FB, 0xF1FB, 0xF1FB, 0xF1DC, 0xF2BB, 0xE65F, 0xDE9F, 0xDE9F, 0xE6DF, 0xDD9F, 0xDCBF, 0xD41F, 0x8A7D,
  0x69BC, 0x699B, 0x69DA, 0xD63E, 0xEF3F, 0xE71F, 0xE71F, 0xE71F, 0xE71F, 0xEF3F, 0xEF3F, 0xEF3F, 0xEF3F, 0xEF5F, 0xEF5F, 0xF77F,
  0xDE9F, 0xCE1F, 0xD65F, 0xD67F, 0xDE9F, 0xDE9F, 0xDEBF, 0xDEBF, 0xDEBF, 0xDEBF, 0xDE9F, 0xD67F, 0xD65F, 0xCE1F, 0xE6DF, 0xF7BF,
  0xF77F, 0xF77F, 0xF77F, 0xF75F, 0xEF5F, 0xEF3F, 0xEF3F, 0xEF3F, 0xEF1F, 0xE71F, 0xE71F, 0xE6FF, 0xE6FF, 0xDEBF, 0xE6DF, 0xA47C,
  0x72B9, 0x7AB9, 0x6A78, 0x6216, 0x51D5, 0x5194, 0x4993, 0x4973, 0x4973, 0x4153, 0x3912, 0x4132, 0x4152, 0x4153, 0x4153, 0x4153,
  0x4953, 0x4153, 0x4153, 0x4973, 0x4973, 0x4953, 0x4153, 0x4153, 0x4153, 0x4153, 0x4153, 0x4153, 0x4153, 0x4153, 0x4153, 0x4153,
  0x4153, 0x4133, 0x3913, 0x4133, 0x4973, 0x4973, 0x4973, 0x4994, 0x51B5, 0x51D6, 0x59F6, 0x6A57, 0x7299, 0x7299, 0xBD3D, 0xE6BF,
  0xDEBF, 0xE6DF, 0xE6FF, 0xE6FF, 0xE71F, 0xEF1F, 0xEF1F, 0xEF1F, 0xEF3F, 0xEF3F, 0xEF3F, 0xEF5F, 0xEF5F, 0xEF5F, 0xF77F, 0xEF3F,
  0xE6DF, 0xE6FF, 0xE71F, 0xEF3F, 0xEF5F, 0xEF5F, 0xF77F, 0xF77F, 0xF77F, 0xF77F, 0xF77F, 0xF79F, 0xF79F, 0xF79F, 0xF79F, 0xF79F,
  0xF79F, 0xF79F, 0xF79F, 0xF79F, 0xF77F, 0xF77F, 0xF79F, 0xF79F, 0xF79F, 0xF79F, 0xF79F, 0xF79F, 0xF79F, 0xF79F, 0xF79F, 0xF79F,
  0xE71E, 0xE6FF, 0xE6FF, 0xE6FF, 0xE6FF, 0xE6FF, 0xE6FF, 0xE6FF, 0xE6FF, 0xE6FF, 0xE6FF, 0xE6FF, 0xE6FF, 0xE6FF, 0xE6FF, 0xE6FF,
  0xE6FF, 0xE6FF, 0xE6FF, 0xE6FF, 0xE6FF, 0xE6FF, 0xE6FF, 0xE6DF, 0xE6DF, 0xDEBF, 0xDEBF, 0xDE9F, 0xDE7F, 0xD65F, 0xCE1F, 0xEF1F,
  0xFFBF, 0xF77F, 0xF77F, 0xF75F, 0xEF5F, 0xEF3F, 0xEF3F, 0xEF3F, 0xEF3F, 0xEF1F, 0xE71F, 0xE71F, 0xE71F, 0xE71F, 0xE71F, 0xE71F,
  0xE71F, 0xE6FF, 0xE6FF, 0xE6FF, 0xE6FF, 0xE6FF, 0xDEBF, 0xE71F, 0xC59D, 0x6A5A, 0x727B, 0x729A, 0x82FC, 0x8B3D, 0x8B1C, 0x82DB,
  0x7ABA, 0x729A, 0x6A7A, 0x6A59, 0x6A59, 0x6A59, 0x6A59, 0x61F9, 0x72B9, 0xD61F, 0xDCBE, 0xF19B, 0xF1DB, 0xF1DB, 0xF9DB, 0xF1DB,
  0xF1DB, 0xF1DA, 0xF1DB, 0xF1BB, 0xF1BA, 0xF1BA, 0xF15B, 0xE37C, 0xDE7F, 0xDE7F, 0xDE9F, 0xE6DF, 0xE63F, 0xDD5E, 0xCC9E, 0x92FC,
  0x721B, 0x619B, 0x6A1B, 0xD63E, 0xEF3F, 0xE6FF, 0xE71F, 0xE71F, 0xE71F, 0xEF3F, 0xEF3F, 0xEF3F, 0xEF5F, 0xEF5F, 0xEF5F, 0xF77F,
  0xDEBF, 0xCE1F, 0xD65F, 0xD67F, 0xDE7F, 0xDE9F, 0xDE9F, 0xDEBF, 0xDE9F, 0xDE9F, 0xDE9F, 0xD67F, 0xD65F, 0xCE1F, 0xE6DF, 0xF7BF,
  0xF77F, 0xF77F, 0xF77F, 0xEF5F, 0xEF5F, 0xEF3F, 0xEF3F, 0xEF3F, 0xEF1F, 0xE71F, 0xE6FF, 0xE6FF, 0xE6DF, 0xDEBF, 0xE6DF, 0xA43C,
  0x6A78, 0x7278, 0x6237, 0x59B5, 0x5174, 0x4953, 0x4153, 0x4132, 0x4132, 0x4132, 0x4133, 0x4133, 0x4112, 0x4112, 0x4112, 0x4112,
  0x4112, 0x4112, 0x4132, 0x4132, 0x4132, 0x4132, 0x4132, 0x4132, 0x4112, 0x4112, 0x4112, 0x4132, 0x4112, 0x4132, 0x4132, 0x4132,
  0x4132, 0x4132, 0x4132, 0x4132, 0x4132, 0x4133, 0x4153, 0x4953, 0x4974, 0x5194, 0x51B5, 0x6217, 0x6A58, 0x6A58, 0xBD1D, 0xE69F,
  0xDE9F, 0xE6DF, 0xE6FF, 0xE6FF, 0xE71F, 0xEF1F, 0xEF1F, 0xEF3F, 0xEF3F, 0xEF3F, 0xEF3F, 0xEF5F, 0xEF5F, 0xEF5F, 0xF77F, 0xEF5F,
  0xE6DF, 0xE6FF, 0xE71F, 0xEF3F, 0xEF5F, 0xEF5F, 0xF77F, 0xF77F, 0xF77F, 0xF77F, 0xF77F, 0xF77F, 0xF77F, 0xF77F, 0xF79F, 0xF79F,
  0xF79F, 0xF79F, 0xF79F, 0xF79F, 0xF77F, 0xF77F, 0xF79F, 0xF79F, 0xF79F, 0xF79F, 0xF79F, 0xF79F, 0xF79F, 0xF79F, 0xF79F, 0xF79F,
  0xE71E, 0xE6FF, 0xE6FF, 0xE6FF, 0xE6FF, 0xE6FF, 0xE6FF, 0xE6FF, 0xE6FF, 0xE6FF, 0xE6FF, 0xE6FF, 0xE6FF, 0xE6FF, 0xE6FF, 0xE6FF,
  0xE6FF, 0xE6FF, 0xE6FF, 0xE6FF, 0xE6FF, 0xE6FF, 0xE6DF, 0xE6DF, 0xE6DF, 0xE6DF, 0xDEBF, 0xDE9F, 0xDE7F, 0xD65F, 0xCE1F, 0xEF1F,
  0xFFBF, 0xF77F, 0xF77F, 0xEF5F, 0xEF5F, 0xEF5F, 0xEF3F, 0xEF3F, 0xEF1F, 0xEF1F, 0xE71F, 0xE71F, 0xE71F, 0xE71F, 0xE71F, 0xE6FF,
  0xE6FF, 0xE6FF, 0xE6FF, 0xE6FF, 0xE6FF, 0xDEDF, 0xE6DF, 0xD63F, 0x7AFA, 0x727A, 0x729B, 0x7ABB, 0x82FC, 0x82FC, 0x82FB, 0x7ABB,
  0x729A, 0x6A79, 0x6A59, 0x6A59, 0x6239, 0x6238, 0x6218, 0x61F9, 0x59D8, 0xBCFD, 0xE61F, 0xE2DC, 0xF15A, 0xF1BB, 0xF19A, 0xF19A,
  0xF19A, 0xF17A, 0xF17A, 0xF17A, 0xF17A, 0xF13A, 0xE9FA, 0xDD5F, 0xD63F, 0xDE5F, 0xDE9F, 0xE6BF, 0xE6BF, 0xE6BF, 0xE69F, 0xD63F,
  0xCDFE, 0xC59D, 0xD63E, 0xE71F, 0xE6FF, 0xE71F, 0xE71F, 0xE71F, 0xE71F, 0xEF3F, 0xEF3F, 0xEF3F, 0xEF5F, 0xEF5F, 0xEF5F, 0xF79F,
  0xE6BF, 0xCE1F, 0xD65F, 0xD67F, 0xDE9F, 0xDE9F, 0xDE9F, 0xDEBF, 0xDE9F, 0xDE9F, 0xDE9F, 0xD67F, 0xD65F, 0xCE1F, 0xE6FF, 0xFFBF,
  0xF77F, 0xF77F, 0xF77F, 0xEF5F, 0xEF3F, 0xEF3F, 0xEF3F, 0xEF3F, 0xEF1F, 0xE71F, 0xE6FF, 0xE6FF, 0xE6DF, 0xDEBF, 0xE6DF, 0xA45B,
  0x7299, 0x7298, 0x6A57, 0x59F5, 0x51B3, 0x51B3, 0x49B3, 0x4992, 0x4992, 0x4992, 0x4992, 0x4972, 0x4172, 0x4172, 0x4972, 0x4973,
  0x4972, 0x4973, 0x4972, 0x4973, 0x4993, 0x4973, 0x4972, 0x4972, 0x4972, 0x4972, 0x4972, 0x4972, 0x4992, 0x4993, 0x4993, 0x4993,
  0x4993, 0x4992, 0x4172, 0x4172, 0x4992, 0x4993, 0x49B3, 0x49B3, 0x49B3, 0x51B4, 0x59F5, 0x6A57, 0x72B9, 0x7298, 0xB51C, 0xDE9F,
  0xDE9F, 0xE6DF, 0xE6DF, 0xE6FF, 0xE71F, 0xEF1F, 0xEF1F, 0xEF1F, 0xEF3F, 0xEF3F, 0xEF3F, 0xEF5F, 0xEF5F, 0xEF5F, 0xF77F, 0xEF5F,
  0xE6DF, 0xE6FF, 0xE71F, 0xEF3F, 0xEF3F, 0xEF5F, 0xF77F, 0xF77F, 0xF77F, 0xF77F, 0xF77F, 0xF77F, 0xF77F, 0xF77F, 0xF79F, 0xF79F,
  0xF79F, 0xF79F, 0xF77F, 0xF79F, 0xF79F, 0xF79F, 0xF79F, 0xF79F, 0xF79F, 0xF79F, 0xF79F, 0xF79F, 0xF79F, 0xF79F, 0xF79F, 0xF79F,
  0xE71E, 0xE6FF, 0xE6FF, 0xE6FF, 0xE6FF, 0xE6FF, 0xE6FF, 0xE6FF, 0xE6FF, 0xE6FF, 0xE6FF, 0xE6FF, 0xE6FF, 0xE6FF, 0xE6FF, 0xE6FF,
  0xE6FF, 0xE6FF, 0xE6FF, 0xE6FF, 0xE6FF, 0xE6FF, 0xE6FF, 0xE6DF, 0xE6DF, 0xDEBF, 0xDEBF, 0xDE9F, 0xDE7F, 0xD65F, 0xCE1F, 0xEF1F,
  0xFFBF, 0xF77F, 0xF77F, 0xEF5F, 0xEF5F, 0xEF3F, 0xEF3F, 0xEF3F, 0xEF1F, 0xE71F, 0xE71F, 0xE71F, 0xE71F, 0xE71F, 0xE6FF, 0xE6FF,
  0xE6FF, 0xE6FF, 0xE6FF, 0xE6DF, 0xDEDF, 0xDEBF, 0xE6DF, 0x9C1C, 0x6A5A, 0x729A, 0x729A, 0x7ABB, 0x7ABB, 0x7ADB, 0x72BA, 0x729A,
  0x6A79, 0x6A59, 0x6A39, 0x6238, 0x6218, 0x6218, 0x61F8, 0x61F8, 0x59B7, 0x7AD8, 0xDE1F, 0xDD3F, 0xE23B, 0xF139, 0xF13A, 0xF13A,
  0xF15A, 0xF15A, 0xF15A, 0xF15A, 0xF11A, 0xE9DA, 0xE4DE, 0xDE3F, 0xDE1F, 0xDE5F, 0xDE9F, 0xDE9F, 0xDE9F, 0xDE9F, 0xDE9F, 0xDE9F,
  0xDE9F, 0xE6DF, 0xE6DF, 0xE6DF, 0xE6FF, 0xE6FF, 0xE71F, 0xE71F, 0xE71F, 0xEF1F, 0xEF3F, 0xEF3F, 0xEF5F, 0xEF5F, 0xEF5F, 0xF79F,
  0xE6BF, 0xCE1F, 0xD65F, 0xD67F, 0xDE7F, 0xDE9F, 0xDE9F, 0xDEBF, 0xDE9F, 0xDE9F, 0xDE7F, 0xD67F, 0xD65F, 0xCE1F, 0xE6FF, 0xFFBF,
  0xF77F, 0xF77F, 0xF77F, 0xEF5F, 0xEF5F, 0xEF3F, 0xEF3F, 0xEF3F, 0xEF1F, 0xE71F, 0xE6FF, 0xE6FF, 0xE6DF, 0xDEBF, 0xD67F, 0xDEDE,
  0xEF1F, 0xE6FE, 0xE6FE, 0xE6FE, 0xE6FD, 0xE6DE, 0xE6DE, 0xDEDD, 0xDEDD, 0xE6DE, 0xE6FE, 0xE6DD, 0xDEDD, 0xDEDD, 0xDEDD, 0xDEDD,
  0xDEDD, 0xE6DD, 0xE6DD, 0xE6DD, 0xDEDE, 0xDEDD, 0xDEDD, 0xE6DD, 0xDEDD, 0xDEDD, 0xE6DD, 0xE6DD, 0xE6FD, 0xE6FD, 0xE6FE, 0xE6FE,
  0xE6FE, 0xDEDD, 0xDE9D, 0xDEBD, 0xDEDD, 0xE6FE, 0xE6FE, 0xDEDD, 0xDEBD, 0xDEBD, 0xDEDE, 0xE71E, 0xEF3E, 0xEF1E, 0xD67E, 0xD65F,
  0xDE9F, 0xDEDF, 0xE6DF, 0xE6FF, 0xE6FF, 0xE71F, 0xEF1F, 0xEF1F, 0xEF3F, 0xEF3F, 0xEF3F, 0xEF5F, 0xEF5F, 0xEF5F, 0xF77F, 0xEF5F,
  0xE6DF, 0xE6FF, 0xE71F, 0xEF3F, 0xEF3F, 0xEF5F, 0xF77F, 0xF77F, 0xF77F, 0xF77F, 0xF77F, 0xF77F, 0xF79F, 0xF79F, 0xF79F, 0xF79F,
  0xF79F, 0xF79F, 0xF79F, 0xF79F, 0xF79F, 0xF79F, 0xF79F, 0xF79F, 0xF79F, 0xF79F, 0xF79F, 0xF79F, 0xF79F, 0xF79F, 0xF79F, 0xF79F,
  0xE71E, 0xE6FF, 0xE6FF, 0xE6FF, 0xE6FF, 0xE6FF, 0xE6FF, 0xE6FF, 0xE6FF, 0xE6FF, 0xE6FF, 0xE6FF, 0xE6FF, 0xE6FF, 0xE6FF, 0xE6FF,
  0xE6FF, 0xE6FF, 0xE6FF, 0xE6FF, 0xE6FF, 0xE6FF, 0xE6DF, 0xE6DF, 0xE6DF, 0xDEBF, 0xDEBF, 0xDE9F, 0xD67F, 0xD65F, 0xCE1F, 0xEF1F,
  0xFFBF, 0xF79F, 0xF77F, 0xF77F, 0xEF5F, 0xEF3F, 0xEF3F, 0xEF3F, 0xE73F, 0xE71F, 0xE71F, 0xE71F, 0xE71F, 0xE6FF, 0xE6FF, 0xE6FF,
  0xE6FF, 0xE6FF, 0xE6DF, 0xDEDF, 0xDEBF, 0xDEDF, 0xCDFE, 0x727A, 0x727A, 0x727A, 0x729A, 0x729A, 0x729A, 0x727A, 0x727A, 0x6A59,
  0x6A59, 0x6239, 0x6218, 0x6218, 0x59F7, 0x59F7, 0x59F7, 0x59D7, 0x59D8, 0x5197, 0x8B59, 0xDDFF, 0xD55F, 0xD2FC, 0xE93A, 0xF0DA,
  0xF0DA, 0xE919, 0xF13A, 0xE99B, 0xE2FB, 0xDD3E, 0xD61F, 0xD5FF, 0xD63F, 0xDE5F, 0xDE7F, 0xDE9F, 0xDE7F, 0xDE9F, 0xDE9F, 0xDE7F,
  0xDE9F, 0xDE9F, 0xDEBF, 0xE6DF, 0xE6FF, 0xE6FF, 0xE6FF, 0xE71F, 0xE71F, 0xEF1F, 0xEF3F, 0xEF3F, 0xEF5F, 0xF75F, 0xEF5F, 0xF79F,
  0xE6DF, 0xD61F, 0xD65F, 0xD65F, 0xD67F, 0xDE9F, 0xDE9F, 0xDE9F, 0xDE9F, 0xDE9F, 0xD67F, 0xD67F, 0xD65F, 0xCE1F, 0xE6FF, 0xFFBF,
  0xF79F, 0xF77F, 0xF77F, 0xEF5F, 0xEF3F, 0xEF3F, 0xEF3F, 0xEF1F, 0xEF1F, 0xE71F, 0xE6FF, 0xE6DF, 0xE6DF, 0xDE9F, 0xD65F, 0xEF3F,
  0xFFFF, 0xFFDF, 0xFFDF, 0xFFFF, 0xFFFF, 0xFFDF, 0xFFFF, 0xFFDF, 0xFFDF, 0xFFFF, 0xFFFF, 0xFFFF, 0xFFFF, 0xFFFF, 0xFFFF, 0xFFFF,
  0xFFFF, 0xFFFF, 0xFFDF, 0xFFDF, 0xFFDF, 0xFFDF, 0xFFDF, 0xFFFF, 0xFFFF, 0xFFDF, 0xFFDF, 0xFFDF, 0xFFFF, 0xFFFF, 0xFFDF, 0xFFDF,
  0xFFDF, 0xFFDF, 0xF7BF, 0xF7BF, 0xFFDF, 0xFFFF, 0xFFFF, 0xFFDF, 0xFFBF, 0xFFBF, 0xFFBF, 0xFFFF, 0xFFFF, 0xFFFF, 0xE6BF, 0xD65F,
  0xDE9F, 0xDEBF, 0xE6DF, 0xE6FF, 0xE6FF, 0xE71F, 0xE71F, 0xEF3F, 0xEF3F, 0xEF3F, 0xEF3F, 0xEF5F, 0xEF5F, 0xEF5F, 0xF79F, 0xF75F,
  0xE6DF, 0xE6FF, 0xE71F, 0xEF3F, 0xEF3F, 0xEF5F, 0xEF5F, 0xF77F, 0xF77F, 0xF77F, 0xF77F, 0xF77F, 0xF79F, 0xF79F, 0xF79F, 0xF79F,
  0xF79F, 0xF79F, 0xF79F, 0xF79F, 0xF79F, 0xF79F, 0xF77F, 0xF77F, 0xF79F, 0xF79F, 0xF79F, 0xF79F, 0xF79F, 0xF79F, 0xF79F, 0xF79F,
  0xE71E, 0xE6FF, 0xE6FF, 0xE6FF, 0xE6FF, 0xE6FF, 0xE6FF, 0xE6FF, 0xE6FF, 0xE6FF, 0xE6FF, 0xE6FF, 0xE6FF, 0xE6FF, 0xE6FF, 0xE6FF,
  0xE6FF, 0xE6FF, 0xE6FF, 0xE6FF, 0xE6FF, 0xE6FF, 0xE6FF, 0xE6DF, 0xE6DF, 0xDEBF, 0xDEBF, 0xDE9F, 0xD67F, 0xD65F, 0xCE1F, 0xEF1F,
  0xFFDF, 0xF79F, 0xF77F, 0xF77F, 0xEF5F, 0xEF3F, 0xEF3F, 0xEF3F, 0xE71F, 0xE71F, 0xE71F, 0xE71F, 0xE71F, 0xE6FF, 0xE6FF, 0xE6FF,
  0xE6FF, 0xE6DF, 0xE6BF, 0xDEBF, 0xDE9F, 0xE6DF, 0xA47C, 0x621A, 0x6A7A, 0x6A7A, 0x727A, 0x727A, 0x727A, 0x6A59, 0x6A59, 0x6A39,
  0x6238, 0x6218, 0x5A17, 0x59F7, 0x59F7, 0x59D7, 0x59D6, 0x59D6, 0x59B6, 0x59B7, 0x4955, 0x72B7, 0xBCBE, 0xCD3F, 0xCC7F, 0xD37D,
  0xDB1D, 0xDB3D, 0xDC1E, 0xDCFE, 0xD5DF, 0xCDDF, 0xD5DF, 0xD5FF, 0xDE1F, 0xDE3F, 0xDE5F, 0xDE7F, 0xDE7F, 0xDE7F, 0xDE9F, 0xDE9F,
  0xDE9F, 0xDEBF, 0xDEBF, 0xE6DF, 0xE6FF, 0xE6FF, 0xE6FF, 0xE71F, 0xE71F, 0xEF1F, 0xEF3F, 0xEF3F, 0xEF5F, 0xF75F, 0xEF5F, 0xF79F,
  0xE6DF, 0xD61F, 0xD65F, 0xD65F, 0xD67F, 0xDE9F, 0xDE9F, 0xDE9F, 0xDE9F, 0xDE9F, 0xDE7F, 0xD67F, 0xD65F, 0xCE1F, 0xE6FF, 0xFFDF,
  0xF79F, 0xF77F, 0xF77F, 0xEF5F, 0xEF3F, 0xEF3F, 0xEF3F, 0xEF1F, 0xEF1F, 0xE71F, 0xE6FF, 0xE6DF, 0xDEBF, 0xDE9F, 0xD63F, 0xEF1F,
  0xFFDF, 0xFFBF, 0xFFBF, 0xFFBF, 0xFFBF, 0xFFDF, 0xFFBF, 0xF7BF, 0xF7BF, 0xF7BF, 0xF7BF, 0xF7BF, 0xF7BF, 0xF7BF, 0xF7BF, 0xF7BF,
  0xF7BF, 0xF7BF, 0xF7BF, 0xF79F, 0xF7BF, 0xF7BF, 0xF7BF, 0xF7BF, 0xF79F, 0xF79F, 0xF7BF, 0xF7BF, 0xF7BF, 0xF7BF, 0xF79F, 0xF7BF,
  0xF7BF, 0xF7BF, 0xF7BF, 0xF7BF, 0xF79F, 0xF79F, 0xF7BF, 0xF7BF, 0xF7BF, 0xF7BF, 0xF7BF, 0xF7BF, 0xF7BF, 0xFFDF, 0xDEBF, 0xD65F,
  0xDE9F, 0xDEBF, 0xE6DF, 0xE6FF, 0xE6FF, 0xE71F, 0xE71F, 0xEF3F, 0xEF3F, 0xEF3F, 0xEF3F, 0xEF3F, 0xEF5F, 0xF77F, 0xF79F, 0xF77F,
  0xE6DF, 0xE6FF, 0xE71F, 0xEF1F, 0xEF3F, 0xEF5F, 0xEF5F, 0xF77F, 0xF77F, 0xF77F, 0xF77F, 0xF77F, 0xF77F, 0xF79F, 0xF77F, 0xF77F,
  0xF77F, 0xF79F, 0xF79F, 0xF79F, 0xF79F, 0xF79F, 0xF77F, 0xF77F, 0xF79F, 0xF79F, 0xF79F, 0xF79F, 0xF79F, 0xF79F, 0xF79F, 0xF79F,
  0xE71E, 0xE6FF, 0xE6FF, 0xE6FF, 0xE6FF, 0xE6FF, 0xE6FF, 0xE6FF, 0xE6FF, 0xE6FF, 0xE6FF, 0xE6FF, 0xE6FF, 0xE6FF, 0xE6FF, 0xE6FF,
  0xE6FF, 0xE6FF, 0xE6FF, 0xE6FF, 0xE6FF, 0xE6FF, 0xE6FF, 0xE6DF, 0xE6DF, 0xDEBF, 0xDEBF, 0xDE9F, 0xD67F, 0xD65F, 0xCE1F, 0xEF1F,
  0xFFDF, 0xF79F, 0xF77F, 0xF77F, 0xEF5F, 0xEF3F, 0xEF3F, 0xEF3F, 0xE71F, 0xE71F, 0xE71F, 0xE71F, 0xE6FF, 0xE6FF, 0xE6FF, 0xE6FF,
  0xE6FF, 0xE6DF, 0xDEBF, 0xDE9F, 0xD67F, 0xDE7F, 0x8B7B, 0x621A, 0x6A5A, 0x6A59, 0x6A59, 0x6A59, 0x6A59, 0x6239, 0x6238, 0x6218,
  0x6218, 0x59F7, 0x59F7, 0x59D7, 0x59D6, 0x59D6, 0x51B6, 0x51B6, 0x5195, 0x5195, 0x5175, 0x4113, 0x4934, 0x7277, 0x9BDB, 0xBCFE,
  0xC55F, 0xC55F, 0xC53E, 0xCDBF, 0xCD9F, 0xCD9F, 0xD5DF, 0xD5FF, 0xD61F, 0xD65F, 0xDE5F, 0xDE7F, 0xDE7F, 0xDE9F, 0xDE9F, 0xDE9F,
  0xDEBF, 0xDEBF, 0xE6DF, 0xE6DF, 0xE6FF, 0xE6FF, 0xE6FF, 0xE71F, 0xE71F, 0xEF1F, 0xEF3F, 0xEF3F, 0xEF3F, 0xF75F, 0xF77F, 0xFFBF,
  0xE6DF, 0xD61F, 0xD65F, 0xD65F, 0xD67F, 0xDE9F, 0xDE9F, 0xDE9F, 0xDE9F, 0xDE9F, 0xDE7F, 0xD67F, 0xD65F, 0xCE1F, 0xE6FF, 0xFFDF,
  0xF79F, 0xF77F, 0xF77F, 0xEF5F, 0xEF5F, 0xEF3F, 0xEF3F, 0xEF1F, 0xEF1F, 0xE71F, 0xE6FF, 0xE6DF, 0xDEBF, 0xDE9F, 0xD63F, 0xEF1F,
  0xFFFF, 0xFFDF, 0xFFDF, 0xFFDF, 0xFFDF, 0xFFDF, 0xFFDF, 0xFFDF, 0xFFDF, 0xFFDF, 0xFFBF, 0xFFBF, 0xFFDF, 0xFFDF, 0xFFBF, 0xFFBF,
  0xF7BF, 0xF7BF, 0xF7BF, 0xFFBF, 0xFFDF, 0xFFDF, 0xFFDF, 0xFFDF, 0xFFDF, 0xFFDF, 0xFFBF, 0xFFBF, 0xF7BF, 0xF7BF, 0xF7BF, 0xF7BF,
  0xFFDF, 0xFFDF, 0xFFDF, 0xFFDF, 0xFFDF, 0xFFDF, 0xF7BF, 0xFFBF, 0xFFBF, 0xFFBF, 0xF7BF, 0xF7BF, 0xF7BF, 0xFFDF, 0xDEBF, 0xD63F,
  0xDE9F, 0xDEBF, 0xE6DF, 0xE6FF, 0xE6FF, 0xE71F, 0xE71F, 0xE71F, 0xEF3F, 0xEF3F, 0xEF3F, 0xEF5F, 0xEF5F, 0xF77F, 0xF79F, 0xF77F,
  0xE6DF, 0xE6FF, 0xE71F, 0xEF1F, 0xEF3F, 0xEF5F, 0xEF5F, 0xF77F, 0xF77F, 0xF77F, 0xF77F, 0xF77F, 0xF77F, 0xF77F, 0xF77F, 0xF77F,
  0xF77F, 0xF79F, 0xF79F, 0xF79F, 0xF79F, 0xF79F, 0xF79F, 0xF79F, 0xF77F, 0xF77F, 0xF79F, 0xF79F, 0xF79F, 0xF79F, 0xF79F, 0xF79F,
  0xE71E, 0xE71F, 0xE6FF, 0xE6FF, 0xE6FF, 0xE6FF, 0xE6FF, 0xE6FF, 0xE6FF, 0xE6FF, 0xE6FF, 0xE6FF, 0xE6FF, 0xE6FF, 0xE6FF, 0xE6FF,
  0xE6FF, 0xE6FF, 0xE6FF, 0xE6FF, 0xE6FF, 0xE6FF, 0xE6FF, 0xE6FF, 0xE6DF, 0xDEDF, 0xDEBF, 0xDE9F, 0xD67F, 0xD65F, 0xCE1F, 0xEF1F,
  0xFFDF, 0xF79F, 0xF77F, 0xF77F, 0xEF5F, 0xEF5F, 0xEF3F, 0xEF3F, 0xE71F, 0xE71F, 0xE71F, 0xE71F, 0xE6FF, 0xE6FF, 0xE6FF, 0xE6FF,
  0xE6DF, 0xDEBF, 0xDE9F, 0xD67F, 0xD65F, 0xD5FF, 0x7ADA, 0x6A39, 0x6A59, 0x6A59, 0x6A59, 0x6239, 0x6238, 0x6218, 0x6217, 0x59F7,
  0x59F7, 0x59F7, 0x59D6, 0x59D6, 0x51B6, 0x51B6, 0x5195, 0x5195, 0x5195, 0x4974, 0x4954, 0x4134, 0x4112, 0x30D1, 0x38D2, 0x5154,
  0x59D5, 0x59B6, 0x5174, 0xB4BD, 0xCD9F, 0xCD9F, 0xCDDF, 0xD5FF, 0xD61F, 0xDE5F, 0xDE5F, 0xDE7F, 0xDE9F, 0xDE9F, 0xDEBF, 0xDE9F,
  0xDEBF, 0xDEBF, 0xE6DF, 0xE6DF, 0xE6FF, 0xE6FF, 0xE6FF, 0xE71F, 0xE71F, 0xEF1F, 0xEF3F, 0xEF3F, 0xEF5F, 0xF75F, 0xF77F, 0xFFBF,
  0xE6FF, 0xD63F, 0xD65F, 0xD65F, 0xDE7F, 0xDE9F, 0xDE9F, 0xDE9F, 0xDE9F, 0xDE9F, 0xDE7F, 0xD67F, 0xD65F, 0xCE1F, 0xE6FF, 0xFFDF,
  0xF79F, 0xF77F, 0xF77F, 0xEF5F, 0xEF5F, 0xEF3F, 0xEF3F, 0xEF1F, 0xE71F, 0xE71F, 0xE6FF, 0xE6DF, 0xDEBF, 0xDE9F, 0xD63F, 0xEF1F,
  0xFFFF, 0xFFDF, 0xFFDF, 0xFFDF, 0xFFDF, 0xFFDF, 0xFFDF, 0xEF5F, 0xEF1F, 0xEF1F, 0xEF1F, 0xEF1F, 0xEF1F, 0xF77F, 0xFFBF, 0xFFBF,
  0xF7BF, 0xF7BF, 0xFFDF, 0xEF5F, 0xDE9F, 0xDE9F, 0xDE7F, 0xDE9F, 0xDE9F, 0xEEFF, 0xFFBF, 0xF7BF, 0xF7BF, 0xF7BF, 0xF7BF, 0xF79F,
  0xE6DF, 0xE6DF, 0xE6DF, 0xE6DF, 0xE6BF, 0xE6DF, 0xF79F, 0xFFBF, 0xF7BF, 0xF7BF, 0xF7BF, 0xF7BF, 0xF7BF, 0xFFDF, 0xDEBF, 0xD63F,
  0xDE9F, 0xDEBF, 0xE6DF, 0xE6FF, 0xE6FF, 0xE71F, 0xE71F, 0xE71F, 0xEF3F, 0xEF3F, 0xEF3F, 0xEF5F, 0xEF5F, 0xF77F, 0xF79F, 0xF77F,
  0xE6DF, 0xE6FF, 0xE71F, 0xEF1F, 0xEF3F, 0xEF3F, 0xEF5F, 0xF77F, 0xF77F, 0xF77F, 0xF77F, 0xF77F, 0xF77F, 0xF77F, 0xF77F, 0xF77F,
  0xF77F, 0xF79F, 0xF79F, 0xF79F, 0xF79F, 0xF79F, 0xF77F, 0xF79F, 0xF79F, 0xF79F, 0xF79F, 0xF79F, 0xF79F, 0xF79F, 0xF79F, 0xF79F,
  0xE71E, 0xE71F, 0xE6FF, 0xEEFF, 0xEEFF, 0xEEFF, 0xEEFF, 0xE6FF, 0xE71F, 0xE71F, 0xE71F, 0xE71F, 0xE71F, 0xE71F, 0xE71F, 0xE6FF,
  0xE6FF, 0xE6FF, 0xE6FF, 0xE6FF, 0xE6FF, 0xE6FF, 0xE6FF, 0xE6FF, 0xE6DF, 0xDEDF, 0xDEBF, 0xDE9F, 0xD67F, 0xD65F, 0xCE1F, 0xEF1F,
  0xFFDF, 0xF79F, 0xF77F, 0xF77F, 0xEF5F, 0xEF3F, 0xEF3F, 0xEF3F, 0xE71F, 0xE71F, 0xE71F, 0xE71F, 0xE6FF, 0xE6FF, 0xE6FF, 0xE6FF,
  0xE6DF, 0xDEBF, 0xDE9F, 0xD65F, 0xD65F, 0xC59E, 0x727A, 0x6A39, 0x6A39, 0x6239, 0x6218, 0x6218, 0x6218, 0x6217, 0x59F7, 0x59D6,
  0x59D6, 0x59D6, 0x51B6, 0x51B5, 0x51B5, 0x5195, 0x5195, 0x4994, 0x4974, 0x4974, 0x4954, 0x4133, 0x4113, 0x4112, 0x4133, 0x4113,
  0x4113, 0x4113, 0x40F3, 0xA41C, 0xCD9F, 0xCD7F, 0xCDBF, 0xD5FF, 0xD61F, 0xDE5F, 0xDE7F, 0xDE7F, 0xDE9F, 0xDE9F, 0xDEBF, 0xDEBF,
  0xDEBF, 0xDEBF, 0xE6DF, 0xE6FF, 0xE6FF, 0xE6FF, 0xE6FF, 0xE71F, 0xE71F, 0xEF1F, 0xEF3F, 0xEF3F, 0xEF5F, 0xEF5F, 0xF77F, 0xFFBF,
  0xE6FF, 0xD63F, 0xD65F, 0xD67F, 0xDE7F, 0xDE9F, 0xDE9F, 0xDE9F, 0xDE9F, 0xDE9F, 0xDE7F, 0xD67F, 0xD65F, 0xCE1F, 0xE6FF, 0xFFDF,
  0xF79F, 0xF77F, 0xF77F, 0xEF5F, 0xEF5F, 0xEF3F, 0xEF3F, 0xEF1F, 0xE71F, 0xE6FF, 0xE6FF, 0xE6DF, 0xDEBF, 0xDE9F, 0xD63F, 0xEF1F,
  0xFFFF, 0xFFDF, 0xFFDF, 0xFFDF, 0xFFBF, 0xFFDF, 0xF79F, 0xDE9F, 0xDE9F, 0xDE9F, 0xDE9F, 0xDE9F, 0xDE7F, 0xE6BF, 0xFFBF, 0xF7BF,
  0xF7BF, 0xF7BF, 0xFFDF, 0xDE7E, 0xCD9F, 0xCDBF, 0xC59F, 0xC59F, 0xCD9F, 0xCDBE, 0xF79F, 0xFFDF, 0xF7BF, 0xF7BF, 0xFFDF, 0xE6DF,
  0xCDBF, 0xD5FF, 0xD5FF, 0xD61F, 0xD5FF, 0xCDDF, 0xEEFF, 0xFFDF, 0xF7BF, 0xF7BF, 0xF7BF, 0xF7BF, 0xF7BF, 0xFFDF, 0xDEBF, 0xD63F,
  0xDE7F, 0xDEBF, 0xE6DF, 0xE6FF, 0xE6FF, 0xE71F, 0xE71F, 0xEF1F, 0xEF1F, 0xEF3F, 0xEF3F, 0xEF5F, 0xEF5F, 0xF77F, 0xF7BF, 0xF77F,
  0xE6DF, 0xE6DF, 0xE6FF, 0xEF1F, 0xEF3F, 0xEF5F, 0xEF5F, 0xF77F, 0xF77F, 0xF77F, 0xF77F, 0xF77F, 0xF77F, 0xF77F, 0xF79F, 0xF77F,
  0xF79F, 0xF77F, 0xF79F, 0xF79F, 0xF77F, 0xF79F, 0xF79F, 0xF79F, 0xF79F, 0xF79F, 0xF79F, 0xF79F, 0xF79F, 0xF79F, 0xF79F, 0xF79F,
  0xE71E, 0xE71F, 0xE71F, 0xEEFF, 0xEEFF, 0xEEFF, 0xEEFF, 0xE71F, 0xE71F, 0xE71F, 0xE71F, 0xE71F, 0xE71F, 0xE71F, 0xE6FF, 0xE6FF,
  0xE6FF, 0xE6FF, 0xE6FF, 0xE6FF, 0xE6FF, 0xE6FF, 0xE6FF, 0xE6FF, 0xE6DF, 0xDEDF, 0xDEBF, 0xDE9F, 0xD67F, 0xD65F, 0xCE1F, 0xEF1F,
  0xFFDF, 0xF77F, 0xF77F, 0xF77F, 0xEF5F, 0xEF3F, 0xEF3F, 0xEF3F, 0xEF3F, 0xE71F, 0xE71F, 0xE6FF, 0xE6FF, 0xE6FF, 0xE6FF, 0xE6DF,
  0xDEBF, 0xDEBF, 0xDE7F, 0xD65F, 0xD65F, 0xBD1D, 0x6A39, 0x6A39, 0x6238, 0x6218, 0x6218, 0x6217, 0x59F7, 0x59F7, 0x59D6, 0x59D6,
  0x51B6, 0x51B5, 0x51B5, 0x51B5, 0x5195, 0x4995, 0x4974, 0x4974, 0x4954, 0x4954, 0x4133, 0x4133, 0x4132, 0x4132, 0x4132, 0x4133,
  0x4133, 0x4953, 0x4113, 0x939A, 0xCDBF, 0xC57F, 0xCDBF, 0xD5FF, 0xD63F, 0xDE5F, 0xDE7F, 0xDE9F, 0xDE9F, 0xDE9F, 0xDEBF, 0xDEBF,
  0xDEDF, 0xE6DF, 0xE6DF, 0xE6FF, 0xE6FF, 0xE6FF, 0xE6FF, 0xE71F, 0xE71F, 0xEF1F, 0xEF3F, 0xEF3F, 0xEF5F, 0xEF5F, 0xF77F, 0xFFBF,
  0xEEFF, 0xD63F, 0xD65F, 0xD67F, 0xDE7F, 0xDE9F, 0xDE9F, 0xDE9F, 0xDE9F, 0xDE9F, 0xDE7F, 0xD67F, 0xD65F, 0xCE1F, 0xE71F, 0xFFDF,
  0xF79F, 0xF77F, 0xF77F, 0xEF5F, 0xEF5F, 0xEF3F, 0xEF3F, 0xEF1F, 0xE71F, 0xE71F, 0xE6FF, 0xE6DF, 0xDEBF, 0xDE9F, 0xD63F, 0xEF1F,
  0xFFFF, 0xFFDF, 0xFFDF, 0xFFDF, 0xF7BF, 0xFFBF, 0xF79F, 0xDE9F, 0xDE7F, 0xDE9F, 0xDE7F, 0xDE7F, 0xDE3F, 0xDE9F, 0xF7BF, 0xF7BF,
  0xF7BF, 0xF7BF, 0xFFDF, 0xD63E, 0xC57F, 0xC57F, 0xC57F, 0xC57F, 0xC57F, 0xC59E, 0xF77F, 0xFFDF, 0xF7BF, 0xF7BF, 0xFFBF, 0xDE9E,
  0xC59F, 0xCDBF, 0xCDDF, 0xCDDF, 0xD5FF, 0xCDDF, 0xEEFF, 0xFFBF, 0xF79F, 0xF79F, 0xF7BF, 0xF7BF, 0xF7BF, 0xFFDF, 0xDEBF, 0xD63F,
  0xDE7F, 0xDEBF, 0xE6DF, 0xE6FF, 0xE6FF, 0xE71F, 0xE71F, 0xEF1F, 0xEF3F, 0xEF3F, 0xEF3F, 0xEF5F, 0xEF5F, 0xF77F, 0xF7BF, 0xF77F,
  0xE6DF, 0xE6DF, 0xE6FF, 0xEF1F, 0xEF3F, 0xEF5F, 0xEF5F, 0xF77F, 0xF77F, 0xF77F, 0xF77F, 0xF77F, 0xF77F, 0xF77F, 0xF77F, 0xF77F,
  0xF79F, 0xF79F, 0xF79F, 0xF77F, 0xF77F, 0xF77F, 0xF79F, 0xF79F, 0xF79F, 0xF79F, 0xF79F, 0xF79F, 0xF79F, 0xF79F, 0xF79F, 0xF79F,
  0xEF3E, 0xE71F, 0xE71F, 0xEF1F, 0xEF1F, 0xEF1F, 0xEEFF, 0xEEFF, 0xE71F, 0xE71F, 0xE71F, 0xE71F, 0xE71F, 0xE71F, 0xE71F, 0xE6FF,
  0xE6FF, 0xE6FF, 0xE6FF, 0xE6FF, 0xE6FF, 0xE6FF, 0xE6FF, 0xE6FF, 0xE6DF, 0xDEBF, 0xDEBF, 0xDE9F, 0xD67F, 0xD65F, 0xCE1F, 0xEF1F,
  0xFFBF, 0xF77F, 0xF77F, 0xEF5F, 0xEF5F, 0xEF3F, 0xEF3F, 0xEF1F, 0xE71F, 0xE71F, 0xE71F, 0xE71F, 0xE6FF, 0xE6FF, 0xE6DF, 0xE6DF,
  0xDEBF, 0xDE9F, 0xD67F, 0xD63F, 0xD65F, 0xAC9D, 0x61F8, 0x6A39, 0x6218, 0x6218, 0x59F7, 0x59F7, 0x59D6, 0x59D6, 0x51B6, 0x51B5,
  0x5195, 0x5195, 0x5195, 0x4995, 0x4994, 0x4974, 0x4974, 0x4954, 0x4153, 0x4153, 0x4133, 0x4133, 0x4132, 0x4133, 0x4133, 0x4133,
  0x4133, 0x4954, 0x4113, 0x8B59, 0xD5DF, 0xCD9F, 0xCDDF, 0xD5FF, 0xD63F, 0xD65F, 0xDE7F, 0xDE9F, 0xDE9F, 0xDEBF, 0xDEBF, 0xE6DF,
  0xE6DF, 0xE6DF, 0xE6FF, 0xE6FF, 0xE6FF, 0xE6FF, 0xE6FF, 0xE71F, 0xE71F, 0xEF1F, 0xEF3F, 0xEF3F, 0xEF5F, 0xEF5F, 0xF77F, 0xFFBF,
  0xEEFF, 0xD63F, 0xD65F, 0xD67F, 0xDE7F, 0xDE9F, 0xDE9F, 0xDE9F, 0xDE9F, 0xDE9F, 0xDE7F, 0xD67F, 0xD65F, 0xCE1F, 0xE6FF, 0xFFDF,
  0xF79F, 0xF77F, 0xF77F, 0xEF5F, 0xEF5F, 0xEF3F, 0xEF3F, 0xEF1F, 0xE71F, 0xE6FF, 0xE6FF, 0xE6DF, 0xDEBF, 0xDE9F, 0xD63F, 0xEF3F,
  0xFFFF, 0xFFDF, 0xFFDF, 0xFFDF, 0xF7BF, 0xF7BF, 0xF77F, 0xDE7F, 0xDE3F, 0xDE5F, 0xDE5F, 0xDE3F, 0xD5FF, 0xDE5E, 0xF79F, 0xF7BF,
  0xF7BF, 0xF7BF, 0xFFBF, 0xD63E, 0xC53F, 0xBD5F, 0xBD3F, 0xBD3F, 0xC55F, 0xC59E, 0xF77F, 0xFFDF, 0xF7BF, 0xF7BF, 0xFFBF, 0xE69F,
  0xC55F, 0xC57F, 0xC57F, 0xCD9F, 0xCDBF, 0xCDBF, 0xEEDF, 0xF7BF, 0xF79F, 0xF79F, 0xF7BF, 0xF7BF, 0xF7BF, 0xFFDF, 0xDEBF, 0xD63F,
  0xDE9F, 0xDEBF, 0xE6DF, 0xE6FF, 0xE6FF, 0xE71F, 0xE71F, 0xEF1F, 0xEF1F, 0xEF3F, 0xEF3F, 0xEF5F, 0xEF5F, 0xF77F, 0xF7BF, 0xF77F,
  0xE6DF, 0xE6DF, 0xE6FF, 0xEF1F, 0xEF3F, 0xEF5F, 0xEF5F, 0xEF5F, 0xF77F, 0xF77F, 0xF77F, 0xF77F, 0xF77F, 0xF77F, 0xF77F, 0xF77F,
  0xF77F, 0xF77F, 0xF77F, 0xF77F, 0xF77F, 0xF77F, 0xF79F, 0xF79F, 0xF79F, 0xF79F, 0xF79F, 0xF79F, 0xF79F, 0xF79F, 0xF79F, 0xF79F,
  0xEF3E, 0xE71F, 0xE71F, 0xEF1F, 0xEF1F, 0xEF1F, 0xEF1F, 0xEF1F, 0xE71F, 0xE71F, 0xE71F, 0xE71F, 0xE71F, 0xE71F, 0xE71F, 0xE71F,
  0xE6FF, 0xE6FF, 0xE6FF, 0xE6FF, 0xE6FF, 0xE6FF, 0xE6FF, 0xE6FF, 0xE6DF, 0xDEBF, 0xDEBF, 0xDE9F, 0xD67F, 0xD65F, 0xCE1F, 0xEF1F,
  0xFFBF, 0xF77F, 0xF77F, 0xEF5F, 0xEF5F, 0xEF3F, 0xEF3F, 0xEF1F, 0xE71F, 0xE71F, 0xE71F, 0xE6FF, 0xE6FF, 0xE6FF, 0xE6DF, 0xDEDF,
  0xDEBF, 0xDE9F, 0xD67F, 0xD63F, 0xD65F, 0xA45C, 0x59D8, 0x6238, 0x6218, 0x59F7, 0x59F7, 0x59D6, 0x51B6, 0x51B5, 0x51B5, 0x5195,
  0x5195, 0x4994, 0x4994, 0x4974, 0x4974, 0x4974, 0x4954, 0x4153, 0x4153, 0x4153, 0x4153, 0x4133, 0x4133, 0x4133, 0x4133, 0x4133,
  0x4133, 0x4954, 0x4113, 0x8339, 0xD5FF, 0xCDBF, 0xD5FF, 0xD61F, 0xD65F, 0xDE7F, 0xDE7F, 0xDE9F, 0xDEBF, 0xDEBF, 0xDEBF, 0xE6DF,
  0xE6DF, 0xE6FF, 0xE6FF, 0xE6FF, 0xE6FF, 0xE6FF, 0xE6FF, 0xE71F, 0xE71F, 0xEF1F, 0xEF3F, 0xEF3F, 0xEF5F, 0xEF5F, 0xF77F, 0xFFBF,
  0xEEFF, 0xD63F, 0xD65F, 0xD67F, 0xDE7F, 0xDE9F, 0xDE9F, 0xDE9F, 0xDE9F, 0xDE9F, 0xDE7F, 0xD67F, 0xD65F, 0xCE1F, 0xE6FF, 0xFFDF,
  0xF79F, 0xF77F, 0xF77F, 0xEF5F, 0xEF3F, 0xEF3F, 0xEF3F, 0xEF1F, 0xE71F, 0xE6FF, 0xE6FF, 0xE6DF, 0xDEBF, 0xDE9F, 0xD63F, 0xEF3F,
  0xFFFF, 0xFFDF, 0xFFDF, 0xFFDF, 0xF7BF, 0xFFBF, 0xF77F, 0xD63E, 0xD5FF, 0xCDDF, 0xCDDF, 0xD5FF, 0xCDBF, 0xD61E, 0xF79F, 0xF79F,
  0xF7BF, 0xF7BF, 0xFFBF, 0xCDFE, 0xB4FF, 0xB4FF, 0xB4FF, 0xBCFF, 0xBD1F, 0xBD5E, 0xF77F, 0xF7BF, 0xF79F, 0xF79F, 0xFFBF, 0xE69F,
  0xBD3F, 0xC53F, 0xBD1F, 0xBD1F, 0xC53F, 0xC53F, 0xE6BF, 0xFFBF, 0xF79F, 0xF79F, 0xF79F, 0xF7BF, 0xF7BF, 0xFFDF, 0xDEBF, 0xD63F,
  0xDE9F, 0xDEBF, 0xE6DF, 0xE6FF, 0xE6FF, 0xE6FF, 0xE71F, 0xEF1F, 0xEF1F, 0xEF3F, 0xEF3F, 0xEF5F, 0xEF5F, 0xEF5F, 0xF79F, 0xF77F,
  0xE6BF, 0xE6DF, 0xE6FF, 0xEF1F, 0xEF3F, 0xEF5F, 0xEF5F, 0xEF5F, 0xEF5F, 0xF77F, 0xF77F, 0xF77F, 0xF77F, 0xF77F, 0xF77F, 0xF77F,
  0xF77F, 0xF77F, 0xF77F, 0xF77F, 0xF79F, 0xF77F, 0xF79F, 0xF79F, 0xF79F, 0xF79F, 0xF79F, 0xF79F, 0xF79F, 0xF79F, 0xF79F, 0xF79F,
  0xEF3E, 0xEF1F, 0xE71F, 0xEF1F, 0xEF1F, 0xE71F, 0xE71F, 0xE71F, 0xE71F, 0xE71F, 0xE71F, 0xE71F, 0xE71F, 0xE71F, 0xE71F, 0xE71F,
  0xE71F, 0xE71F, 0xE71F, 0xE6FF, 0xE6FF, 0xE6FF, 0xE6FF, 0xE6FF, 0xE6DF, 0xDEDF, 0xDEBF, 0xDE9F, 0xD67F, 0xD65F, 0xCE1F, 0xE71F,
  0xF7BF, 0xF77F, 0xF77F, 0xEF5F, 0xEF3F, 0xEF3F, 0xEF3F, 0xEF1F, 0xE71F, 0xE71F, 0xE6FF, 0xE6FF, 0xE6FF, 0xE6FF, 0xE6FF, 0xE6DF,
  0xDEBF, 0xDE9F, 0xD67F, 0xD63F, 0xD65F, 0x93DB, 0x59B8, 0x6218, 0x59F7, 0x59D7, 0x59D6, 0x51B6, 0x5195, 0x51B5, 0x4995, 0x4995,
  0x4994, 0x4974, 0x4974, 0x4974, 0x4974, 0x4153, 0x4153, 0x4153, 0x4153, 0x4153, 0x4133, 0x4133, 0x4133, 0x4132, 0x4132, 0x4133,
  0x4133, 0x4954, 0x4113, 0x7AD8, 0xD5FF, 0xCDDF, 0xD5FF, 0xD63F, 0xD65F, 0xDE5F, 0xDE9F, 0xDE9F, 0xDE9F, 0xDEBF, 0xE6BF, 0xE6DF,
  0xE6DF, 0xE6FF, 0xE6FF, 0xE6FF, 0xE6FF, 0xE6FF, 0xE6FF, 0xE71F, 0xE71F, 0xEF1F, 0xEF3F, 0xEF3F, 0xEF5F, 0xEF5F, 0xF77F, 0xFFBF,
  0xE6FF, 0xD63F, 0xD65F, 0xD67F, 0xDE7F, 0xDE9F, 0xDE9F, 0xDE9F, 0xDE9F, 0xDE9F, 0xDE7F, 0xD67F, 0xD65F, 0xCE1F, 0xE6FF, 0xFFBF,
  0xF77F, 0xF77F, 0xEF5F, 0xEF5F, 0xEF3F, 0xEF3F, 0xEF3F, 0xEF1F, 0xE71F, 0xE6FF, 0xE6FF, 0xE6DF, 0xDEBF, 0xDE9F, 0xD63F, 0xEF1F,
  0xFFFF, 0xFFDF, 0xFFBF, 0xFFBF, 0xF7BF, 0xF7BF, 0xFFBF, 0xE6DF, 0xD65F, 0xD61F, 0xD61F, 0xDE3F, 0xD63F, 0xE6FF, 0xF7BF, 0xF79F,
  0xF7BF, 0xF7BF, 0xFFBF, 0xE6BE, 0xC59E, 0xC59F, 0xCDBE, 0xCDDE, 0xCDBE, 0xD65E, 0xF79F, 0xF79F, 0xF77F, 0xF79F, 0xF79F, 0xEF3F,
  0xD5FE, 0xCDDF, 0xCDBE, 0xCD9F, 0xCD9F, 0xCDDE, 0xEF3F, 0xF79F, 0xF79F, 0xF79F, 0xF79F, 0xF7BF, 0xF7BF, 0xFFDF, 0xDEBF, 0xD63F,
  0xDE7F, 0xDEBF, 0xE6DF, 0xE6DF, 0xE6FF, 0xE6FF, 0xE71F, 0xEF1F, 0xEF1F, 0xEF3F, 0xEF3F, 0xEF3F, 0xEF5F, 0xEF5F, 0xF79F, 0xF77F,
  0xE6BF, 0xE6DF, 0xE6FF, 0xEF1F, 0xEF3F, 0xEF3F, 0xEF5F, 0xEF5F, 0xF77F, 0xF77F, 0xF77F, 0xF77F, 0xF77F, 0xF77F, 0xF77F, 0xF77F,
  0xF77F, 0xF77F, 0xF77F, 0xF77F, 0xF77F, 0xF79F, 0xF77F, 0xF77F, 0xF79F, 0xF79F, 0xF79F, 0xF79F, 0xF79F, 0xF79F, 0xF79F, 0xF79F,
  0xEF3E, 0xEF1F, 0xEF1F, 0xEF1F, 0xEF1F, 0xEF1F, 0xE71F, 0xEF1F, 0xEF1F, 0xEF1F, 0xEF1F, 0xE71F, 0xE71F, 0xE71F, 0xE71F, 0xE71F,
  0xE71F, 0xE71F, 0xE71F, 0xE6FF, 0xE6FF, 0xE6FF, 0xE6FF, 0xE6FF, 0xE6DF, 0xDEDF, 0xDEBF, 0xDE9F, 0xD67F, 0xD65F, 0xCE1F, 0xE71F,
  0xF79F, 0xF77F, 0xEF5F, 0xEF5F, 0xEF3F, 0xEF3F, 0xEF3F, 0xEF1F, 0xE71F, 0xE71F, 0xE6FF, 0xE6FF, 0xE6FF, 0xE6FF, 0xE6FF, 0xDEDF,
  0xDEBF, 0xDE9F, 0xD67F, 0xD63F, 0xD65F, 0x8B7A, 0x51B7, 0x59F7, 0x59D6, 0x51B6, 0x51B5, 0x5195, 0x5195, 0x4995, 0x4974, 0x4974,
  0x4974, 0x4974, 0x4953, 0x4953, 0x4153, 0x4153, 0x4153, 0x4153, 0x4153, 0x4153, 0x4133, 0x4133, 0x4132, 0x4132, 0x4132, 0x4132,
  0x4133, 0x4953, 0x4113, 0x6A77, 0xCDBF, 0xCDDF, 0xD61F, 0xD63F, 0xD65F, 0xDE7F, 0xDE9F, 0xDE9F, 0xDEBF, 0xDEBF, 0xE6DF, 0xE6DF,
  0xE6DF, 0xE6DF, 0xE6FF, 0xE6FF, 0xE6FF, 0xE6FF, 0xE6FF, 0xE71F, 0xE71F, 0xEF1F, 0xEF3F, 0xEF3F, 0xEF3F, 0xEF5F, 0xEF5F, 0xFFBF,
  0xE6DF, 0xD61F, 0xD65F, 0xD67F, 0xDE9F, 0xDE9F, 0xDE9F, 0xDEBF, 0xDE9F, 0xDE9F, 0xDE9F, 0xD67F, 0xD65F, 0xCE1F, 0xE6FF, 0xFFBF,
  0xF77F, 0xF77F, 0xEF5F, 0xEF5F, 0xEF3F, 0xEF3F, 0xEF3F, 0xEF1F, 0xE71F, 0xE6FF, 0xE6FF, 0xE6DF, 0xDEBF, 0xDE9F, 0xD63F, 0xEF1F,
  0xFFFF, 0xFFBF, 0xFFBF, 0xFFBF, 0xF7BF, 0xF7BF, 0xFFBF, 0xFFDF, 0xF79F, 0xF79F, 0xF79F, 0xF79F, 0xFFBF, 0xFFBF, 0xF7BF, 0xF7BF,
  0xF79F, 0xF7BF, 0xF79F, 0xF79F, 0xF77F, 0xF79F, 0xFFBF, 0xFFBF, 0xFFBF, 0xFF9F, 0xF77F, 0xF77F, 0xF77F, 0xF77F, 0xF79F, 0xF7BF,
  0xFFBF, 0xF79F, 0xF79F, 0xF77F, 0xF75F, 0xF77F, 0xF79F, 0xF79F, 0xF79F, 0xF79F, 0xF79F, 0xF79F, 0xF7BF, 0xFFDF, 0xDE9F, 0xD63F,
  0xDE7F, 0xDEBF, 0xE6DF, 0xE6FF, 0xE6FF, 0xE6FF, 0xE71F, 0xEF1F, 0xEF3F, 0xEF3F, 0xEF3F, 0xEF3F, 0xEF5F, 0xEF5F, 0xF79F, 0xF75F,
  0xE6BF, 0xE6DF, 0xE6FF, 0xEF1F, 0xEF3F, 0xEF3F, 0xEF5F, 0xEF5F, 0xEF5F, 0xF77F, 0xF77F, 0xF77F, 0xF77F, 0xF77F, 0xF77F, 0xF77F,
  0xF79F, 0xF77F, 0xF79F, 0xF77F, 0xF77F, 0xF79F, 0xF79F, 0xF79F, 0xF79F, 0xF79F, 0xF79F, 0xF79F, 0xF79F, 0xF79F, 0xF79F, 0xF79F,
  0xEF3E, 0xEF1F, 0xEF1F, 0xE71F, 0xEF1F, 0xEF1F, 0xEF1F, 0xEF1F, 0xE71F, 0xE71F, 0xE71F, 0xE71F, 0xE71F, 0xE71F, 0xE71F, 0xE71F,
  0xE71F, 0xE71F, 0xE71F, 0xE6FF, 0xE6FF, 0xE6FF, 0xE6FF, 0xE6FF, 0xE6DF, 0xDEDF, 0xDEBF, 0xDE9F, 0xDE7F, 0xD65F, 0xCE1F, 0xE6FF,
  0xF79F, 0xEF5F, 0xEF5F, 0xEF5F, 0xEF3F, 0xEF3F, 0xEF1F, 0xEF1F, 0xE71F, 0xE6FF, 0xE6FF, 0xE6FF, 0xE6FF, 0xE6FF, 0xE6DF, 0xDEDF,
  0xDEBF, 0xDE9F, 0xD67F, 0xD65F, 0xD63F, 0x7B19, 0x51B6, 0x59F7, 0x51B6, 0x51B5, 0x5195, 0x4995, 0x4974, 0x4974, 0x4974, 0x4974,
  0x4954, 0x4953, 0x4153, 0x4153, 0x4153, 0x4153, 0x4133, 0x4153, 0x4132, 0x4132, 0x4132, 0x4132, 0x4132, 0x4132, 0x4132, 0x4132,
  0x4133, 0x4133, 0x4113, 0x59F5, 0xC57F, 0xCDDF, 0xD61F, 0xD63F, 0xD65F, 0xDE7F, 0xDE9F, 0xDE9F, 0xDEBF, 0xDEBF, 0xE6DF, 0xE6DF,
  0xE6DF, 0xE6DF, 0xE6DF, 0xE6FF, 0xE6FF, 0xE6FF, 0xE6FF, 0xE71F, 0xE71F, 0xEF1F, 0xEF3F, 0xEF3F, 0xEF3F, 0xEF5F, 0xEF5F, 0xF79F,
  0xE6DF, 0xD63F, 0xD65F, 0xD67F, 0xDE9F, 0xDE9F, 0xDE9F, 0xDEBF, 0xDE9F, 0xDE9F, 0xDE7F, 0xD67F, 0xD65F, 0xCE1F, 0xE6FF, 0xF7BF,
  0xF77F, 0xF77F, 0xEF5F, 0xEF5F, 0xEF3F, 0xEF3F, 0xEF3F, 0xEF1F, 0xE71F, 0xE6FF, 0xE6FF, 0xE6DF, 0xDEBF, 0xDE9F, 0xD63F, 0xEF1F,
  0xFFDF, 0xFFBF, 0xFFBF, 0xFFBF, 0xFFBF, 0xFFBF, 0xF7BF, 0xF7BF, 0xF79F, 0xF79F, 0xF79F, 0xF79F, 0xF79F, 0xF7BF, 0xF7BF, 0xF7BF,
  0xF7BF, 0xF79F, 0xF77F, 0xF77F, 0xF79F, 0xF79F, 0xF79F, 0xF79F, 0xF79F, 0xF77F, 0xF77F, 0xF77F, 0xF77F, 0xF77F, 0xF79F, 0xF79F,
  0xF79F, 0xF79F, 0xF79F, 0xF79F, 0xF77F, 0xF77F, 0xF79F, 0xF79F, 0xF79F, 0xF79F, 0xF79F, 0xF79F, 0xF79F, 0xFFDF, 0xDE9F, 0xD63F,
  0xDE9F, 0xDEBF, 0xE6DF, 0xE6FF, 0xE6FF, 0xE71F, 0xE71F, 0xEF1F, 0xEF3F, 0xEF3F, 0xEF3F, 0xEF5F, 0xEF5F, 0xEF5F, 0xF77F, 0xF75F,
  0xDEBF, 0xE6DF, 0xE6FF, 0xEF1F, 0xEF3F, 0xEF3F, 0xEF5F, 0xEF5F, 0xF77F, 0xF77F, 0xF77F, 0xF77F, 0xF77F, 0xF77F, 0xF77F, 0xF77F,
  0xF77F, 0xF77F, 0xF77F, 0xF77F, 0xF77F, 0xF77F, 0xF77F, 0xF77F, 0xF79F, 0xF79F, 0xF79F, 0xF79F, 0xF79F, 0xF79F, 0xF79F, 0xF79F,
  0xEF3E, 0xEF1F, 0xEF1F, 0xEF1F, 0xEF1F, 0xE71F, 0xEF1F, 0xEF1F, 0xE71F, 0xE71F, 0xE71F, 0xE71F, 0xE71F, 0xE71F, 0xE71F, 0xE71F,
  0xE71F, 0xE71F, 0xE71F, 0xE71F, 0xE6FF, 0xE6FF, 0xE6FF, 0xE6FF, 0xE6DF, 0xDEDF, 0xDEBF, 0xDE9F, 0xDE7F, 0xD65F, 0xCE1F, 0xE6FF,
  0xF79F, 0xEF5F, 0xEF5F, 0xEF3F, 0xEF3F, 0xEF3F, 0xEF1F, 0xE71F, 0xE71F, 0xE6FF, 0xE6FF, 0xE6FF, 0xE6FF, 0xE6FF, 0xE6DF, 0xDEDF,
  0xDEBF, 0xDE9F, 0xD67F, 0xD65F, 0xCDFF, 0x6A78, 0x51B6, 0x51B6, 0x51B5, 0x5195, 0x4995, 0x4994, 0x4974, 0x4974, 0x4954, 0x4153,
  0x4153, 0x4153, 0x4153, 0x4153, 0x4153, 0x4153, 0x4132, 0x4132, 0x4132, 0x4132, 0x4132, 0x4132, 0x4132, 0x4132, 0x4132, 0x4132,
  0x4132, 0x4133, 0x4133, 0x5194, 0xBD1E, 0xCDDF, 0xCE1F, 0xD63F, 0xD65F, 0xDE7F, 0xDE9F, 0xDEBF, 0xDEBF, 0xDEBF, 0xE6DF, 0xE6DF,
  0xE6DF, 0xE6DF, 0xE6DF, 0xE6FF, 0xE6FF, 0xE6FF, 0xE6FF, 0xE71F, 0xE71F, 0xE71F, 0xEF1F, 0xEF3F, 0xEF3F, 0xEF5F, 0xEF5F, 0xF79F,
  0xE6DF, 0xD61F, 0xD65F, 0xD67F, 0xDE9F, 0xDE9F, 0xDEBF, 0xDEBF, 0xDE9F, 0xDE9F, 0xDE7F, 0xD67F, 0xD65F, 0xCE1F, 0xE6FF, 0xF79F,
  0xEF5F, 0xEF5F, 0xEF5F, 0xEF5F, 0xEF3F, 0xEF3F, 0xEF3F, 0xEF1F, 0xEF1F, 0xE6FF, 0xE6FF, 0xE6DF, 0xDEBF, 0xDE9F, 0xD63F, 0xEF1F,
  0xFFDF, 0xFFBF, 0xFFBF, 0xFFBF, 0xFFBF, 0xF7BF, 0xF7BF, 0xF79F, 0xF75F, 0xEF3F, 0xEF3F, 0xEF5F, 0xF75F, 0xF79F, 0xF7BF, 0xF7BF,
  0xF79F, 0xF79F, 0xF79F, 0xF77F, 0xEF3F, 0xF75F, 0xF77F, 0xF77F, 0xEF5F, 0xF75F, 0xF77F, 0xF77F, 0xF77F, 0xF77F, 0xF77F, 0xFF7F,
  0xF75F, 0xF73F, 0xF73F, 0xF73F, 0xF71F, 0xF75F, 0xF79F, 0xF77F, 0xF79F, 0xF77F, 0xF77F, 0xF79F, 0xF79F, 0xFFDF, 0xDE9F, 0xD63F,
  0xDE9F, 0xDEBF, 0xE6DF, 0xE6FF, 0xE6FF, 0xE71F, 0xE71F, 0xEF1F, 0xEF3F, 0xEF3F, 0xEF3F, 0xEF3F, 0xEF5F, 0xEF5F, 0xF77F, 0xEF3F,
  0xDE9F, 0xE6DF, 0xE6FF, 0xE71F, 0xEF3F, 0xEF3F, 0xEF5F, 0xEF5F, 0xEF5F, 0xF77F, 0xF77F, 0xF77F, 0xF77F, 0xF77F, 0xF77F, 0xF77F,
  0xF77F, 0xF77F, 0xF77F, 0xF77F, 0xF77F, 0xF77F, 0xF77F, 0xF77F, 0xF79F, 0xF79F, 0xF79F, 0xF79F, 0xF79F, 0xF79F, 0xF79F, 0xF7BF,
  0xEF3E, 0xEF3F, 0xEF1F, 0xEF1F, 0xEF1F, 0xE71F, 0xEF1F, 0xEF1F, 0xE71F, 0xE71F, 0xE71F, 0xE71F, 0xE71F, 0xE71F, 0xE71F, 0xE71F,
  0xE71F, 0xE71F, 0xE71F, 0xE71F, 0xE6FF, 0xE6FF, 0xE6FF, 0xE6FF, 0xE6DF, 0xDEDF, 0xDEBF, 0xDE9F, 0xDE7F, 0xD65F, 0xCE1F, 0xE6FF,
  0xF77F, 0xEF5F, 0xEF5F, 0xEF3F, 0xEF3F, 0xEF3F, 0xE71F, 0xE71F, 0xE71F, 0xE71F, 0xE6FF, 0xE6FF, 0xE6FF, 0xE6FF, 0xE6FF, 0xE6DF,
  0xDEBF, 0xDE9F, 0xD65F, 0xD65F, 0xB53D, 0x59D6, 0x51B6, 0x51B5, 0x5195, 0x4995, 0x4994, 0x4974, 0x4974, 0x4953, 0x4153, 0x4153,
  0x4153, 0x4153, 0x4153, 0x4153, 0x4133, 0x4133, 0x4132, 0x4132, 0x4132, 0x4132, 0x4132, 0x4132, 0x4132, 0x4132, 0x4132, 0x4132,
  0x4132, 0x4133, 0x4153, 0x4113, 0xAC9C, 0xD61F, 0xCDFF, 0xD63F, 0xD67F, 0xDE7F, 0xDE9F, 0xDEBF, 0xDEBF, 0xDEBF, 0xE6DF, 0xE6DF,
  0xE6DF, 0xE6FF, 0xE6FF, 0xE6FF, 0xE6FF, 0xE6FF, 0xE6FF, 0xE6FF, 0xE71F, 0xEF1F, 0xEF1F, 0xEF3F, 0xEF3F, 0xEF5F, 0xEF5F, 0xF79F,
  0xDEBF, 0xD61F, 0xD65F, 0xD67F, 0xDE9F, 0xDEBF, 0xDEBF, 0xDEBF, 0xDEBF, 0xDE9F, 0xDE9F, 0xD67F, 0xD65F, 0xCE1F, 0xE6DF, 0xF79F,
  0xEF5F, 0xEF5F, 0xEF5F, 0xEF3F, 0xEF3F, 0xEF3F, 0xEF3F, 0xEF1F, 0xE71F, 0xE6FF, 0xE6FF, 0xE6DF, 0xDEBF, 0xDE9F, 0xD63F, 0xEF1F,
  0xFFDF, 0xFFBF, 0xF7BF, 0xF79F, 0xF7BF, 0xF79F, 0xF79F, 0xDE9F, 0xD61F, 0xD61F, 0xD61F, 0xD61F, 0xD61F, 0xE6DF, 0xF79F, 0xF79F,
  0xF79F, 0xF79F, 0xF79F, 0xE6DF, 0xD61F, 0xD63F, 0xDE5F, 0xDE5F, 0xD61F, 0xDE7F, 0xF77F, 0xF77F, 0xF77F, 0xF77F, 0xF79F, 0xF69F,
  0xF49D, 0xFC9D, 0xFC7D, 0xFC7D, 0xFC5D, 0xFC7D, 0xF6DF, 0xF79F, 0xF77F, 0xF77F, 0xF77F, 0xF79F, 0xF79F, 0xFFBF, 0xDE9F, 0xD63F,
  0xDE9F, 0xDEBF, 0xE6DF, 0xE6FF, 0xE6FF, 0xE71F, 0xE71F, 0xEF1F, 0xEF1F, 0xEF3F, 0xEF3F, 0xEF3F, 0xEF5F, 0xEF5F, 0xF77F, 0xEF3F,
  0xDE9F, 0xE6DF, 0xE6FF, 0xE71F, 0xEF3F, 0xEF3F, 0xEF5F, 0xF75F, 0xF77F, 0xEF5F, 0xF77F, 0xF77F, 0xF77F, 0xF77F, 0xF77F, 0xF77F,
  0xF77F, 0xF77F, 0xF77F, 0xF77F, 0xF77F, 0xF77F, 0xF79F, 0xF79F, 0xF79F, 0xF79F, 0xF79F, 0xF79F, 0xF79F, 0xF79F, 0xF79F, 0xF7BF,
  0xEF3E, 0xEF3F, 0xEF1F, 0xEF1F, 0xEF1F, 0xEF1F, 0xEF1F, 0xE71F, 0xE71F, 0xE71F, 0xE71F, 0xE71F, 0xE71F, 0xEF1F, 0xE71F, 0xE71F,
  0xE71F, 0xE71F, 0xE71F, 0xE71F, 0xE6FF, 0xE6FF, 0xE6FF, 0xE6FF, 0xE6DF, 0xDEDF, 0xDEBF, 0xDE9F, 0xDE7F, 0xD65F, 0xCE1F, 0xE6FF,
  0xF77F, 0xEF3F, 0xEF3F, 0xEF3F, 0xEF3F, 0xE71F, 0xE71F, 0xE71F, 0xE71F, 0xE6FF, 0xE6FF, 0xE6FF, 0xE6FF, 0xE6FF, 0xE6DF, 0xE6DF,
  0xDEBF, 0xDE9F, 0xCE3F, 0xD63F, 0x8359, 0x4975, 0x51B5, 0x4995, 0x4994, 0x4974, 0x4974, 0x4954, 0x4154, 0x4153, 0x4153, 0x4153,
  0x4153, 0x4153, 0x4133, 0x4133, 0x4132, 0x4132, 0x4132, 0x4132, 0x4132, 0x4132, 0x4132, 0x4132, 0x4132, 0x4132, 0x4132, 0x4132,
  0x4132, 0x4133, 0x4153, 0x38F3, 0x72D7, 0xDE5F, 0xCE1F, 0xD65F, 0xD67F, 0xDE9F, 0xDEBF, 0xDEBF, 0xDEBF, 0xDEBF, 0xE6DF, 0xE6DF,
  0xE6DF, 0xE6DF, 0xE6FF, 0xE6FF, 0xE6FF, 0xE6FF, 0xE6FF, 0xE6FF, 0xE71F, 0xEF1F, 0xEF1F, 0xEF3F, 0xEF3F, 0xEF5F, 0xEF5F, 0xF79F,
  0xDEBF, 0xD61F, 0xD65F, 0xD67F, 0xDE9F, 0xDEBF, 0xDEBF, 0xDEBF, 0xDEBF, 0xDE9F, 0xDE9F, 0xD67F, 0xD65F, 0xCE1F, 0xE6DF, 0xF79F,
  0xEF5F, 0xEF5F, 0xEF5F, 0xEF3F, 0xEF3F, 0xEF3F, 0xEF1F, 0xEF1F, 0xE71F, 0xE6FF, 0xE6FF, 0xE6DF, 0xDEBF, 0xDE9F, 0xD63F, 0xEF1F,
  0xFFDF, 0xF79F, 0xF7BF, 0xF79F, 0xF79F, 0xF79F, 0xF75F, 0xD61E, 0xD5FF, 0xD61F, 0xD61F, 0xD5FF, 0xCDDF, 0xD63E, 0xF77F, 0xF77F,
  0xF77F, 0xF77F, 0xF77F, 0xDE7F, 0xD5FF, 0xD5FF, 0xD5FF, 0xD5FF, 0xD5DF, 0xD5FF, 0xEF3F, 0xF77F, 0xF77F, 0xF77F, 0xF77F, 0xF59D,
  0xFB5D, 0xFBBD, 0xFB9D, 0xFB9D, 0xFB7D, 0xF33C, 0xF5BE, 0xFF9F, 0xF75F, 0xF77F, 0xF77F, 0xF77F, 0xF79F, 0xFFBF, 0xDE9F, 0xD63F,
  0xDE9F, 0xDEBF, 0xE6DF, 0xE6FF, 0xE6FF, 0xE71F, 0xE71F, 0xE71F, 0xEF1F, 0xEF3F, 0xEF3F, 0xEF3F, 0xEF5F, 0xEF5F, 0xF77F, 0xEF3F,
  0xDE9F, 0xE6DF, 0xE6FF, 0xE71F, 0xEF3F, 0xEF3F, 0xEF5F, 0xEF5F, 0xF77F, 0xF77F, 0xF77F, 0xF77F, 0xF77F, 0xF77F, 0xF77F, 0xF77F,
  0xF77F, 0xF77F, 0xF77F, 0xF77F, 0xF77F, 0xF79F, 0xF79F, 0xF79F, 0xF79F, 0xF79F, 0xF79F, 0xF79F, 0xF79F, 0xFFBF, 0xEF3F, 0xD63E,
  0xEF3E, 0xEF3F, 0xEF1F, 0xE71F, 0xEF1F, 0xEF1F, 0xEF1F, 0xE71F, 0xE71F, 0xE71F, 0xE71F, 0xE71F, 0xEF1F, 0xE71F, 0xE71F, 0xE71F,
  0xE71F, 0xE71F, 0xE71F, 0xE71F, 0xE71F, 0xE6FF, 0xE6FF, 0xE6FF, 0xE6DF, 0xE6DF, 0xDEBF, 0xDE9F, 0xDE7F, 0xD65F, 0xCE1F, 0xE6FF,
  0xF75F, 0xEF3F, 0xEF3F, 0xEF3F, 0xEF3F, 0xE71F, 0xE71F, 0xE71F, 0xE71F, 0xE6FF, 0xE6FF, 0xE6FF, 0xE6FF, 0xE6FF, 0xE6DF, 0xE6DF,
  0xDEDF, 0xDE9F, 0xDE9F, 0xACDC, 0x5195, 0x5195, 0x4994, 0x4994, 0x4974, 0x4974, 0x4974, 0x4954, 0x4153, 0x4153, 0x4133, 0x4133,
  0x4132, 0x4132, 0x4132, 0x4132, 0x4132, 0x4132, 0x4132, 0x4132, 0x4132, 0x4132, 0x4132, 0x4132, 0x3912, 0x3912, 0x3912, 0x3912,
  0x4132, 0x4132, 0x4132, 0x4134, 0x4134, 0xACDC, 0xDE7F, 0xD63F, 0xDE7F, 0xDE9F, 0xDEBF, 0xDEBF, 0xDEBF, 0xDEBF, 0xE6DF, 0xE6DF,
  0xE6DF, 0xE6DF, 0xE6FF, 0xE6FF, 0xE6FF, 0xE6FF, 0xE6FF, 0xE6FF, 0xE71F, 0xEF1F, 0xEF1F, 0xEF3F, 0xEF3F, 0xEF5F, 0xEF5F, 0xF77F,
  0xDE9F, 0xCE1F, 0xD65F, 0xD67F, 0xDE9F, 0xDEBF, 0xDEBF, 0xDEBF, 0xDEBF, 0xDE9F, 0xDE9F, 0xD67F, 0xD65F, 0xCE1F, 0xE6DF, 0xF77F,
  0xEF5F, 0xEF5F, 0xEF3F, 0xEF3F, 0xEF3F, 0xEF3F, 0xEF1F, 0xE71F, 0xE71F, 0xE6FF, 0xE6FF, 0xE6DF, 0xDEBF, 0xDE9F, 0xD63F, 0xE71F,
  0xFFDF, 0xF79F, 0xF79F, 0xF79F, 0xF79F, 0xF79F, 0xEF5F, 0xCDFF, 0xCDDF, 0xCDDF, 0xD5DF, 0xCDDF, 0xCD9F, 0xD61F, 0xF77F, 0xF77F,
  0xF77F, 0xF77F, 0xF75F, 0xD63F, 0xCDBF, 0xCDBF, 0xCD9F, 0xCDBF, 0xCDBF, 0xCDDF, 0xEF3F, 0xF75F, 0xF75F, 0xF75F, 0xF77F, 0xF53D,
  0xFABC, 0xFB1C, 0xFB1C, 0xFB1C, 0xFAFD, 0xF2BC, 0xF59E, 0xF79F, 0xF75F, 0xF77F, 0xF77F, 0xF77F, 0xF77F, 0xFF9F, 0xDE9F, 0xD63F,
  0xDE9F, 0xDEBF, 0xE6DF, 0xE6FF, 0xE6FF, 0xE71F, 0xE71F, 0xEF1F, 0xEF1F, 0xEF3F, 0xEF3F, 0xEF3F, 0xEF3F, 0xEF5F, 0xF77F, 0xEF1F,
  0xDE9F, 0xE6DF, 0xE6FF, 0xE71F, 0xEF3F, 0xEF3F, 0xEF5F, 0xEF5F, 0xEF5F, 0xEF5F, 0xF77F, 0xF77F, 0xF77F, 0xF77F, 0xF77F, 0xF77F,
  0xF77F, 0xF77F, 0xF77F, 0xF79F, 0xF77F, 0xF77F, 0xF79F, 0xF79F, 0xF79F, 0xF79F, 0xF79F, 0xF7BF, 0xFFBF, 0xE6BF, 0xC59F, 0xC59F,
  0xEF3E, 0xEF3F, 0xEF1F, 0xEF1F, 0xEF1F, 0xE71F, 0xEF1F, 0xEF1F, 0xE71F, 0xE71F, 0xE71F, 0xE71F, 0xE71F, 0xE71F, 0xE71F, 0xE71F,
  0xE71F, 0xE71F, 0xE71F, 0xE71F, 0xE71F, 0xE6FF, 0xE6FF, 0xE6FF, 0xE6FF, 0xE6DF, 0xDEBF, 0xDE9F, 0xDE7F, 0xD65F, 0xCE1F, 0xE6DF,
  0xF75F, 0xEF3F, 0xEF3F, 0xEF3F, 0xEF3F, 0xE71F, 0xE71F, 0xE71F, 0xE71F, 0xE6FF, 0xE6FF, 0xE6FF, 0xE6FF, 0xE6FF, 0xE6DF, 0xE6DF,
  0xDEDF, 0xEF1F, 0xBD5C, 0x59F6, 0x4995, 0x4995, 0x4994, 0x4974, 0x4974, 0x4953, 0x4153, 0x4153, 0x4153, 0x4133, 0x4133, 0x4133,
  0x4132, 0x4132, 0x4132, 0x4132, 0x4132, 0x4132, 0x4132, 0x4132, 0x4132, 0x4132, 0x4132, 0x3912, 0x3912, 0x4132, 0x3912, 0x3912,
  0x4132, 0x4132, 0x4113, 0x4133, 0x4113, 0x5195, 0xBD1C, 0xE69F, 0xDE7F, 0xDE9F, 0xDEBF, 0xDEBF, 0xDEBF, 0xDEBF, 0xE6DF, 0xE6DF,
  0xE6DF, 0xE6DF, 0xE6FF, 0xE6FF, 0xE6FF, 0xE6FF, 0xE6FF, 0xE6FF, 0xE71F, 0xE71F, 0xEF1F, 0xEF3F, 0xEF3F, 0xEF5F, 0xEF5F, 0xF77F,
  0xDE9F, 0xCE1F, 0xD65F, 0xD67F, 0xDE9F, 0xDE9F, 0xDEBF, 0xDEBF, 0xDEBF, 0xDE9F, 0xDE9F, 0xD67F, 0xD65F, 0xCE1F, 0xE6DF, 0xF77F,
  0xEF5F, 0xEF5F, 0xEF3F, 0xEF3F, 0xEF3F, 0xEF1F, 0xEF1F, 0xE71F, 0xE6FF, 0xE6FF, 0xE6FF, 0xE6DF, 0xDEBF, 0xDE9F, 0xD63F, 0xE71F,
  0xFFBF, 0xF79F, 0xF79F, 0xF79F, 0xF79F, 0xF79F, 0xEF3F, 0xCDBE, 0xCD9F, 0xCDBF, 0xCD9F, 0xCD9F, 0xC55F, 0xCDDF, 0xF75F, 0xF75F,
  0xF77F, 0xF75F, 0xF75F, 0xCDFE, 0xC57F, 0xCD7F, 0xC57F, 0xC57F, 0xCD7F, 0xCD9F, 0xEF3F, 0xF75F, 0xF75F, 0xF73F, 0xF77F, 0xECDD,
  0xF21C, 0xFA7C, 0xFA7C, 0xFA7C, 0xFA7C, 0xF23C, 0xF57E, 0xF79F, 0xF73F, 0xF77F, 0xF75F, 0xF77F, 0xF77F, 0xF79F, 0xDE9F, 0xD63F,
  0xDE9F, 0xDEBF, 0xE6DF, 0xE6FF, 0xE6FF, 0xE71F, 0xE71F, 0xE71F, 0xEF1F, 0xEF3F, 0xEF3F, 0xEF3F, 0xEF3F, 0xEF5F, 0xF77F, 0xEF1F,
  0xDE9F, 0xE6DF, 0xE6FF, 0xE71F, 0xEF3F, 0xEF3F, 0xEF5F, 0xEF5F, 0xEF5F, 0xF77F, 0xF77F, 0xF77F, 0xF77F, 0xF77F, 0xF77F, 0xF77F,
  0xF77F, 0xF77F, 0xF77F, 0xF79F, 0xF77F, 0xF79F, 0xF79F, 0xF79F, 0xF79F, 0xF79F, 0xF7BF, 0xF77F, 0xD63E, 0xC59F, 0xC5BF, 0xC5DF,
  0xEF3E, 0xEF3F, 0xE71F, 0xEF1F, 0xE71F, 0xE71F, 0xEF1F, 0xEF1F, 0xE71F, 0xE71F, 0xEF1F, 0xEF1F, 0xE71F, 0xE71F, 0xE71F, 0xE71F,
  0xE71F, 0xE71F, 0xE71F, 0xE71F, 0xE71F, 0xE71F, 0xE6FF, 0xE6FF, 0xE6FF, 0xDEDF, 0xDEBF, 0xDEBF, 0xDE7F, 0xD65F, 0xCE1F, 0xE6DF,
  0xEF5F, 0xEF3F, 0xEF3F, 0xEF3F, 0xEF3F, 0xE71F, 0xE71F, 0xE71F, 0xE71F, 0xE6FF, 0xE6FF, 0xE6FF, 0xE6FF, 0xE6DF, 0xDEDF, 0xDEBF,
  0xE6FF, 0xBD3C, 0x51B5, 0x5196, 0x5195, 0x4994, 0x4974, 0x4974, 0x4954, 0x4954, 0x4153, 0x4153, 0x4133, 0x4133, 0x4133, 0x4133,
  0x4132, 0x4132, 0x4132, 0x4132, 0x4132, 0x4132, 0x4132, 0x4132, 0x4132, 0x3912, 0x4132, 0x4132, 0x4132, 0x3912, 0x4132, 0x3932,
  0x4132, 0x4112, 0x4112, 0x4113, 0x4133, 0x4113, 0x4973, 0xB51C, 0xE6DF, 0xDE9F, 0xDEBF, 0xDEBF, 0xE6DF, 0xE6DF, 0xE6DF, 0xE6DF,
  0xE6DF, 0xE6DF, 0xE6FF, 0xE6FF, 0xE6FF, 0xE6FF, 0xE6FF, 0xE6FF, 0xE6FF, 0xE71F, 0xEF1F, 0xEF3F, 0xEF3F, 0xEF5F, 0xEF5F, 0xF77F,
  0xDE9F, 0xCE1F, 0xD65F, 0xD67F, 0xDE9F, 0xDE9F, 0xDEBF, 0xDEBF, 0xDEBF, 0xDE9F, 0xDE9F, 0xDE7F, 0xD65F, 0xCE1F, 0xE6BF, 0xF77F,
  0xEF3F, 0xEF5F, 0xEF3F, 0xEF3F, 0xEF3F, 0xEF1F, 0xEF1F, 0xE71F, 0xE6FF, 0xE6FF, 0xE6FF, 0xE6DF, 0xDEBF, 0xDE9F, 0xD63F, 0xE6FF,
  0xFFBF, 0xF79F, 0xF79F, 0xF77F, 0xF77F, 0xF79F, 0xF75F, 0xC59E, 0xBD1F, 0xC53F, 0xBD3F, 0xC53F, 0xBD1F, 0xD5FE, 0xF77F, 0xEF5F,
  0xEF5F, 0xEF5F, 0xF75F, 0xCDFE, 0xBCFF, 0xBD1F, 0xBD1F, 0xBD1F, 0xBCFF, 0xC55E, 0xEF1F, 0xF75F, 0xEF3F, 0xEF3F, 0xF75F, 0xECDD,
  0xF15A, 0xF1BB, 0xF1BB, 0xF1BB, 0xF9DB, 0xF1FB, 0xF59E, 0xF79F, 0xF73F, 0xF75F, 0xF75F, 0xF75F, 0xF77F, 0xF79F, 0xDE9F, 0xD63F,
  0xDE9F, 0xDEBF, 0xE6DF, 0xE6FF, 0xE6FF, 0xE71F, 0xE71F, 0xE71F, 0xE71F, 0xEF1F, 0xEF3F, 0xEF3F, 0xEF5F, 0xEF5F, 0xEF5F, 0xEF1F,
  0xDE9F, 0xE6DF, 0xE6FF, 0xE71F, 0xEF3F, 0xEF3F, 0xEF5F, 0xEF5F, 0xEF5F, 0xF77F, 0xEF5F, 0xF77F, 0xF77F, 0xF77F, 0xF77F, 0xF77F,
  0xF77F, 0xF79F, 0xF79F, 0xF79F, 0xF79F, 0xF79F, 0xF79F, 0xF79F, 0xF79F, 0xF7BF, 0xE6FF, 0xCDDE, 0xC5BF, 0xCDDF, 0xC5BF, 0xC5BF,
  0xEF3F, 0xEF5F, 0xEF1F, 0xE71F, 0xEF1F, 0xEF1F, 0xEF1F, 0xE71F, 0xEF1F, 0xEF1F, 0xEF1F, 0xE71F, 0xE71F, 0xEF3F, 0xE71F, 0xE71F,
  0xE71F, 0xE71F, 0xE71F, 0xE71F, 0xE71F, 0xE71F, 0xE71F, 0xE6FF, 0xE6FF, 0xE6DF, 0xDEBF, 0xDEBF, 0xDE9F, 0xD67F, 0xCE3F, 0xE6DF,
  0xEF5F, 0xEF3F, 0xEF3F, 0xEF3F, 0xEF3F, 0xE71F, 0xE71F, 0xE71F, 0xE71F, 0xE6FF, 0xE6FF, 0xE6FF, 0xE6FF, 0xDEDF, 0xDEBF, 0xDE9F,
  0xDE9F, 0x6276, 0x4955, 0x5195, 0x4975, 0x4975, 0x4974, 0x4974, 0x4954, 0x4153, 0x4153, 0x4133, 0x4133, 0x4133, 0x4133, 0x4133,
  0x4132, 0x4132, 0x3912, 0x4132, 0x4132, 0x3912, 0x3912, 0x3912, 0x3912, 0x3912, 0x4132, 0x4132, 0x4132, 0x4112, 0x4132, 0x4132,
  0x4132, 0x4132, 0x4132, 0x4113, 0x4133, 0x4953, 0x40F3, 0x6256, 0xDE7F, 0xDE9F, 0xDE9F, 0xDEBF, 0xE6DF, 0xE6DF, 0xE6DF, 0xE6DF,
  0xE6DF, 0xE6FF, 0xE6FF, 0xE6FF, 0xE6FF, 0xE6FF, 0xE6FF, 0xE6FF, 0xE71F, 0xEF1F, 0xEF1F, 0xEF3F, 0xEF3F, 0xEF5F, 0xEF5F, 0xF77F,
  0xDE9F, 0xD61F, 0xD67F, 0xDE7F, 0xDE9F, 0xDE9F, 0xDEBF, 0xDEBF, 0xDEBF, 0xDE9F, 0xDE9F, 0xDE7F, 0xD65F, 0xCE1F, 0xE6DF, 0xF77F,
  0xEF3F, 0xEF3F, 0xEF3F, 0xEF3F, 0xEF3F, 0xEF1F, 0xE71F, 0xE71F, 0xE6FF, 0xE6FF, 0xE6FF, 0xE6DF, 0xDEBF, 0xDE9F, 0xD63F, 0xE6FF,
  0xF7BF, 0xF77F, 0xF79F, 0xF77F, 0xF77F, 0xF77F, 0xF77F, 0xEEFF, 0xDE7E, 0xDE5F, 0xDE5F, 0xDE7F, 0xE69F, 0xEF1F, 0xF77F, 0xEF5F,
  0xEF5F, 0xEF5F, 0xF75F, 0xEEFF, 0xDE3F, 0xDE3F, 0xDE7F, 0xE69F, 0xDE7F, 0xE6BF, 0xF75F, 0xEF3F, 0xEF3F, 0xF71F, 0xEF3F, 0xF69F,
  0xECDD, 0xF49D, 0xF4BD, 0xF4BD, 0xF4BD, 0xF53E, 0xF6FF, 0xF73F, 0xF73F, 0xF75F, 0xF73F, 0xF75F, 0xF75F, 0xF77F, 0xDE9F, 0xD63F,
  0xDE9F, 0xDEBF, 0xE6DF, 0xE6FF, 0xE6FF, 0xE71F, 0xE71F, 0xE71F, 0xE71F, 0xEF1F, 0xEF3F, 0xEF3F, 0xEF3F, 0xEF5F, 0xEF5F, 0xEF1F,
  0xDE9F, 0xE6DF, 0xE6DF, 0xE71F, 0xEF1F, 0xEF3F, 0xEF5F, 0xEF5F, 0xEF5F, 0xEF5F, 0xEF5F, 0xF77F, 0xF77F, 0xF77F, 0xF77F, 0xF77F,
  0xF77F, 0xF77F, 0xF79F, 0xF79F, 0xF79F, 0xF79F, 0xF79F, 0xF79F, 0xF7BF, 0xDEBF, 0xC5BF, 0xC5BF, 0xCDBF, 0xC5BF, 0xC5BF, 0xCDDF,
  0xD65E, 0xE6BF, 0xEF1F, 0xEF3F, 0xEF1F, 0xE71F, 0xE71F, 0xEF1F, 0xEF1F, 0xEF1F, 0xEF1F, 0xEF1F, 0xE71F, 0xE71F, 0xE71F, 0xE71F,
  0xE71F, 0xE71F, 0xE71F, 0xE71F, 0xE71F, 0xE71F, 0xE71F, 0xE6FF, 0xE6FF, 0xE6DF, 0xDEBF, 0xDEBF, 0xDE9F, 0xD67F, 0xCE3F, 0xE6DF,
  0xEF5F, 0xEF3F, 0xEF3F, 0xEF3F, 0xEF3F, 0xE71F, 0xE71F, 0xE71F, 0xE6FF, 0xE6FF, 0xE6FF, 0xE6FF, 0xE6DF, 0xDEDF, 0xDEBF, 0xDEBF,
  0xCE1E, 0x51D5, 0x4975, 0x4974, 0x4974, 0x4974, 0x4974, 0x4954, 0x4954, 0x4154, 0x4153, 0x4153, 0x4133, 0x4133, 0x4133, 0x4133,
  0x4133, 0x4132, 0x4132, 0x4112, 0x4132, 0x4112, 0x4112, 0x4132, 0x4132, 0x4132, 0x4132, 0x4132, 0x4132, 0x4132, 0x4133, 0x4132,
  0x4132, 0x4132, 0x4133, 0x4133, 0x4133, 0x4934, 0x4934, 0x51B5, 0xD61E, 0xDE9F, 0xDEBF, 0xDEBF, 0xDEDF, 0xE6DF, 0xE6DF, 0xE6DF,
  0xE6DF, 0xE6FF, 0xE6FF, 0xE6FF, 0xE6FF, 0xE6FF, 0xE6FF, 0xE6FF, 0xE71F, 0xE71F, 0xEF1F, 0xEF3F, 0xEF3F, 0xEF5F, 0xEF5F, 0xF77F,
  0xDE9F, 0xD61F, 0xD65F, 0xDE7F, 0xDE9F, 0xDEBF, 0xDEBF, 0xDEBF, 0xDEBF, 0xDE9F, 0xDE9F, 0xDE7F, 0xD65F, 0xCE1F, 0xE6BF, 0xF77F,
  0xEF3F, 0xEF3F, 0xEF3F, 0xEF3F, 0xEF1F, 0xEF1F, 0xE71F, 0xE71F, 0xE6FF, 0xE6FF, 0xE6FF, 0xE6DF, 0xDEBF, 0xDE9F, 0xD63F, 0xE6FF,
  0xF79F, 0xF77F, 0xF77F, 0xF77F, 0xF77F, 0xF77F, 0xF77F, 0xF79F, 0xEF7F, 0xEF3F, 0xEF3F, 0xEF5F, 0xF77F, 0xF77F, 0xF77F, 0xF77F,
  0xF77F, 0xEF5F, 0xEF5F, 0xEF5F, 0xEF5F, 0xEF3F, 0xEF3F, 0xF75F, 0xF75F, 0xF75F, 0xEF3F, 0xEF3F, 0xEF3F, 0xEF3F, 0xEF1F, 0xEEFF,
  0xEEFF, 0xEEDF, 0xEEDF, 0xEEDF, 0xEEDF, 0xEF1F, 0xEF1F, 0xEF3F, 0xF73F, 0xEF3F, 0xF75F, 0xF75F, 0xF75F, 0xF77F, 0xDE9F, 0xD63F,
  0xDE9F, 0xDEBF, 0xE6DF, 0xE6FF, 0xE6FF, 0xE71F, 0xE71F, 0xE71F, 0xE71F, 0xEF1F, 0xEF3F, 0xEF3F, 0xEF3F, 0xEF5F, 0xEF5F, 0xEF1F,
  0xDE9F, 0xE6DF, 0xE6DF, 0xE6FF, 0xEF1F, 0xEF3F, 0xEF5F, 0xEF5F, 0xEF5F, 0xEF5F, 0xEF5F, 0xF77F, 0xF77F, 0xF77F, 0xF77F, 0xF77F,
  0xF77F, 0xF77F, 0xF79F, 0xF79F, 0xF79F, 0xF79F, 0xF79F, 0xF79F, 0xD67E, 0xC59F, 0xCDBF, 0xC5BF, 0xC5BF, 0xC5BF, 0xC5BF, 0xCDDF,
  0xCE1E, 0xCDFF, 0xD63E, 0xE6BF, 0xEF3F, 0xEF3F, 0xE73F, 0xE71F, 0xEF1F, 0xEF1F, 0xEF1F, 0xEF1F, 0xEF1F, 0xE71F, 0xE71F, 0xE71F,
  0xE71F, 0xE71F, 0xE71F, 0xE71F, 0xE71F, 0xE71F, 0xE71F, 0xE6FF, 0xE6FF, 0xE6DF, 0xDEBF, 0xDEBF, 0xDE9F, 0xD67F, 0xCE3F, 0xE6DF,
  0xEF5F, 0xEF3F, 0xEF3F, 0xEF3F, 0xEF3F, 0xE71F, 0xE71F, 0xE71F, 0xE6FF, 0xE6FF, 0xE6FF, 0xE6FF, 0xE6DF, 0xDEDF, 0xDEBF, 0xDE9F,
  0xE6BF, 0x72D6, 0x40F3, 0x4974, 0x4974, 0x4974, 0x4974, 0x4974, 0x4975, 0x4975, 0x4954, 0x4954, 0x4954, 0x4133, 0x4134, 0x4134,
  0x4133, 0x4133, 0x4133, 0x4133, 0x4133, 0x4133, 0x4133, 0x4133, 0x4133, 0x4133, 0x4133, 0x4133, 0x4953, 0x4953, 0x4953, 0x4133,
  0x4133, 0x4133, 0x4133, 0x4133, 0x4934, 0x4934, 0x38D3, 0x6A96, 0xDE9F, 0xDE9F, 0xDEBF, 0xDEBF, 0xE6DF, 0xE6DF, 0xE6DF, 0xE6DF,
  0xE6FF, 0xE6FF, 0xE6FF, 0xE6FF, 0xE6FF, 0xE6FF, 0xE6FF, 0xE71F, 0xE71F, 0xE71F, 0xEF1F, 0xEF3F, 0xEF3F, 0xEF5F, 0xEF5F, 0xF77F,
  0xDE9F, 0xD61F, 0xD65F, 0xDE7F, 0xDE9F, 0xDEBF, 0xDEBF, 0xDEBF, 0xDEBF, 0xDEBF, 0xDE9F, 0xDE7F, 0xD65F, 0xCE1F, 0xDEBF, 0xF75F,
  0xEF3F, 0xEF3F, 0xEF3F, 0xEF3F, 0xEF1F, 0xEF1F, 0xE71F, 0xE71F, 0xE71F, 0xE6FF, 0xE6FF, 0xE6DF, 0xDEBF, 0xDE9F, 0xD65F, 0xE71F,
  0xF79F, 0xF77F, 0xF77F, 0xF77F, 0xF77F, 0xF77F, 0xF77F, 0xEF7F, 0xEF5F, 0xEF3F, 0xEF3F, 0xEF5F, 0xF77F, 0xF77F, 0xF75F, 0xEF5F,
  0xEF5F, 0xEF5F, 0xEF5F, 0xEF5F, 0xEF5F, 0xEF3F, 0xEF1F, 0xEF3F, 0xF75F, 0xEF3F, 0xEF1F, 0xEF1F, 0xEF3F, 0xEF3F, 0xEF1F, 0xF6FF,
  0xEEDF, 0xF6BF, 0xEEBF, 0xEEBF, 0xEEBF, 0xEEDF, 0xF6FF, 0xEF3F, 0xEF3F, 0xEF3F, 0xF75F, 0xF75F, 0xF75F, 0xF77F, 0xDE9F, 0xD65F,
  0xDE9F, 0xDEBF, 0xE6DF, 0xE6FF, 0xE6FF, 0xE71F, 0xE71F, 0xE71F, 0xE71F, 0xEF3F, 0xEF3F, 0xEF3F, 0xEF3F, 0xEF5F, 0xEF5F, 0xEF1F,
  0xDE9F, 0xE6DF, 0xE6FF, 0xE6FF, 0xEF1F, 0xEF3F, 0xEF3F, 0xEF5F, 0xEF5F, 0xEF5F, 0xF77F, 0xF77F, 0xF77F, 0xF77F, 0xF77F, 0xF77F,
  0xF77F, 0xF77F, 0xF79F, 0xF79F, 0xF79F, 0xF79F, 0xF77F, 0xCE1E, 0xC59F, 0xCDDF, 0xC5BF, 0xC5BF, 0xC5BF, 0xC5BF, 0xC5BF, 0xC5BF,
  0xCE1E, 0xD61F, 0xD61F, 0xCDFF, 0xD63F, 0xDEBF, 0xEF3F, 0xEF3F, 0xE71F, 0xEF1F, 0xEF1F, 0xEF1F, 0xEF1F, 0xEF1F, 0xEF1F, 0xEF1F,
  0xE71F, 0xE71F, 0xE71F, 0xE71F, 0xE71F, 0xE71F, 0xE6FF, 0xE6FF, 0xE6FF, 0xE6DF, 0xDEBF, 0xDEBF, 0xDE9F, 0xDE7F, 0xD63F, 0xE6DF,
  0xEF5F, 0xEF3F, 0xEF3F, 0xEF3F, 0xEF1F, 0xEF3F, 0xE71F, 0xE71F, 0xE71F, 0xE6FF, 0xE6FF, 0xE6FF, 0xE6DF, 0xDEDF, 0xDEBF, 0xDE9F,
  0xDEBF, 0xC5BE, 0x6256, 0x4954, 0x4954, 0x4955, 0x5155, 0x5175, 0x5175, 0x5176, 0x5175, 0x5155, 0x4935, 0x4934, 0x4934, 0x4114,
  0x4114, 0x3913, 0x3912, 0x3912, 0x3912, 0x3912, 0x3912, 0x3913, 0x4113, 0x4133, 0x4934, 0x4934, 0x4934, 0x4954, 0x4934, 0x4935,
  0x4934, 0x4914, 0x4914, 0x4914, 0x4114, 0x4114, 0x6236, 0xBD7D, 0xDE9F, 0xDE9F, 0xDEBF, 0xDEDF, 0xE6DF, 0xE6DF, 0xE6DF, 0xE6DF,
  0xE6DF, 0xE6FF, 0xE6FF, 0xE6FF, 0xE6FF, 0xE6FF, 0xE6FF, 0xE71F, 0xE71F, 0xE71F, 0xEF3F, 0xEF3F, 0xEF3F, 0xEF5F, 0xEF5F, 0xF77F,
  0xDE9F, 0xD61F, 0xD67F, 0xDE7F, 0xDE9F, 0xDEBF, 0xDEBF, 0xDEBF, 0xDEBF, 0xDEBF, 0xDE9F, 0xDE7F, 0xD65F, 0xCE3F, 0xE6DF, 0xEF5F,
  0xEF3F, 0xEF3F, 0xEF3F, 0xEF3F, 0xEF1F, 0xEF1F, 0xE71F, 0xE71F, 0xE6FF, 0xE6FF, 0xE6FF, 0xE6DF, 0xDEBF, 0xDE9F, 0xD65F, 0xE6FF,
  0xF79F, 0xF75F, 0xF77F, 0xEF5F, 0xF75F, 0xEF5F, 0xF77F, 0xEF1F, 0xDE7F, 0xDE7F, 0xDE7F, 0xE6BF, 0xE6FF, 0xF75F, 0xF77F, 0xEF3F,
  0xEF3F, 0xEF3F, 0xEF5F, 0xEF3F, 0xE6BF, 0xDE7F, 0xDE5F, 0xDE7F, 0xE69F, 0xEEDF, 0xEF3F, 0xEF3F, 0xEF1F, 0xEF1F, 0xEF1F, 0xEF1F,
  0xEF1F, 0xEEFF, 0xEEFF, 0xEEFF, 0xEEFF, 0xEF1F, 0xEF1F, 0xF71F, 0xF73F, 0xEF3F, 0xF73F, 0xEF3F, 0xEF3F, 0xF75F, 0xDE7F, 0xD63F,
  0xDE9F, 0xDEBF, 0xE6DF, 0xE6FF, 0xE6FF, 0xE71F, 0xE71F, 0xE71F, 0xE71F, 0xEF3F, 0xEF3F, 0xEF3F, 0xEF5F, 0xEF5F, 0xEF5F, 0xE71F,
  0xDE9F, 0xE6DF, 0xE6DF, 0xE6FF, 0xEF1F, 0xEF3F, 0xEF3F, 0xEF5F, 0xEF5F, 0xEF5F, 0xEF5F, 0xEF5F, 0xF77F, 0xF77F, 0xF77F, 0xF77F,
  0xF77F, 0xF77F, 0xF79F, 0xF77F, 0xF79F, 0xF77F, 0xCE1E, 0xC57F, 0xC5BF, 0xC5BF, 0xC5BF, 0xC5BF, 0xCDBF, 0xC5BF, 0xC5BF, 0xC5DF,
  0xCE1E, 0xD61F, 0xD61F, 0xD61F, 0xCDFF, 0xCDFF, 0xD65F, 0xE6FF, 0xEF5F, 0xEF3F, 0xEF1F, 0xEF1F, 0xEF1F, 0xEF1F, 0xEF1F, 0xEF1F,
  0xE71F, 0xE71F, 0xE71F, 0xE71F, 0xE71F, 0xE71F, 0xE6FF, 0xE6FF, 0xE6FF, 0xE6DF, 0xDEBF, 0xDEBF, 0xDE9F, 0xDE7F, 0xD63F, 0xE6DF,
  0xEF5F, 0xEF3F, 0xEF3F, 0xEF3F, 0xEF3F, 0xEF3F, 0xE71F, 0xE71F, 0xE71F, 0xE6FF, 0xE6FF, 0xE6FF, 0xE6DF, 0xDEDF, 0xDEBF, 0xDE9F,
  0xD67F, 0xD63F, 0xCD9F, 0xAC7D, 0xA43C, 0xA41C, 0x9BDC, 0x9BDC, 0x9BDD, 0x9BDD, 0x9BDD, 0x9BBC, 0x937C, 0x937C, 0x9B9C, 0x9BBD,
  0x939D, 0x937C, 0x8B3C, 0x8B1C, 0x82FC, 0x82FC, 0x8B1C, 0x8B5C, 0x939C, 0x9B9D, 0x8B5C, 0x8B3B, 0x935C, 0x939C, 0x9BBC, 0x9BBC,
  0x9BBC, 0x9BBC, 0x9BBC, 0x9BDC, 0x9BFC, 0xAC7D, 0xCDBF, 0xD63F, 0xD65F, 0xDE9F, 0xDEBF, 0xDEDF, 0xE6DF, 0xE6DF, 0xE6DF, 0xE6DF,
  0xE6FF, 0xE6FF, 0xE6FF, 0xE6FF, 0xE6FF, 0xE6FF, 0xE71F, 0xE71F, 0xE71F, 0xEF1F, 0xEF3F, 0xEF3F, 0xEF5F, 0xEF5F, 0xEF5F, 0xF77F,
  0xDE9F, 0xD63F, 0xD67F, 0xDE7F, 0xDE9F, 0xDEBF, 0xDEBF, 0xDEBF, 0xDEBF, 0xDEBF, 0xDE9F, 0xDE7F, 0xD67F, 0xCE3F, 0xE6DF, 0xEF5F,
  0xEF3F, 0xEF3F, 0xEF3F, 0xEF3F, 0xEF1F, 0xE71F, 0xE71F, 0xE71F, 0xE71F, 0xE6FF, 0xE6FF, 0xE6DF, 0xDEBF, 0xDE9F, 0xD65F, 0xE6FF,
  0xF77F, 0xF75F, 0xEF7F, 0xEF5F, 0xEF5F, 0xEF5F, 0xEF5F, 0xCDBE, 0xC55F, 0xC55F, 0xC55F, 0xC57F, 0xC57F, 0xD63E, 0xEF5F, 0xEF3F,
  0xEF3F, 0xEF3F, 0xF75F, 0xDE5E, 0xCD7E, 0xC57F, 0xC53F, 0xC55E, 0xC53E, 0xC59E, 0xEF1F, 0xEF3F, 0xEF1F, 0xEF1F, 0xEF1F, 0xEF1F,
  0xEF1F, 0xEF1F, 0xEF1F, 0xEF1F, 0xEF1F, 0xEF1F, 0xF71F, 0xEF1F, 0xEF3F, 0xEF3F, 0xEF3F, 0xEF3F, 0xEF3F, 0xF75F, 0xDE9F, 0xD65F,
  0xDE9F, 0xDEBF, 0xE6DF, 0xE6FF, 0xE6FF, 0xE71F, 0xE71F, 0xE71F, 0xEF1F, 0xEF3F, 0xEF3F, 0xEF3F, 0xEF5F, 0xEF5F, 0xEF5F, 0xE71F,
  0xDE9F, 0xDEDF, 0xE6FF, 0xE6FF, 0xEF1F, 0xEF3F, 0xEF3F, 0xEF5F, 0xEF5F, 0xEF5F, 0xF77F, 0xF77F, 0xF77F, 0xF77F, 0xF77F, 0xF77F,
  0xF77F, 0xF77F, 0xF77F, 0xF79F, 0xF77F, 0xCE1F, 0xC59F, 0xC5BF, 0xC5BF, 0xC5BF, 0xC5BF, 0xC5BF, 0xCDBF, 0xC5BF, 0xC5BF, 0xC5DF,
  0xCE3E, 0xD61F, 0xD5FF, 0xCDFF, 0xCDFF, 0xCE1F, 0xCDFF, 0xCE1F, 0xD69F, 0xEF3F, 0xEF5F, 0xEF1F, 0xEF1F, 0xEF1F, 0xEF1F, 0xEF1F,
  0xEF1F, 0xE71F, 0xE71F, 0xE71F, 0xE71F, 0xE71F, 0xE6FF, 0xE6FF, 0xE6FF, 0xE6DF, 0xDEDF, 0xDEBF, 0xDE9F, 0xDE7F, 0xD63F, 0xE6DF,
  0xEF5F, 0xEF3F, 0xEF3F, 0xEF3F, 0xEF3F, 0xE71F, 0xE71F, 0xE71F, 0xE6FF, 0xE6FF, 0xE6FF, 0xE6FF, 0xE6DF, 0xE6DF, 0xDEBF, 0xDE9F,
  0xD65F, 0xCDFF, 0xC59F, 0xCDBF, 0xC59F, 0xC57F, 0xC53F, 0xBD1F, 0xBCFF, 0xBCFF, 0xBCDF, 0xBCDF, 0xB4BF, 0xB4BF, 0x9BDC, 0x8B7A,
  0x8B5A, 0x8B3B, 0x833B, 0x831A, 0x82FA, 0x82FA, 0x82FA, 0x8B3B, 0x939B, 0x8B7B, 0xA3FE, 0xB45F, 0xB47F, 0xBCBF, 0xBCDF, 0xBCFF,
  0xBD1F, 0xC51F, 0xC53F, 0xC53F, 0xC55F, 0xCD9F, 0xCDBF, 0xCDFF, 0xD65F, 0xDE7F, 0xDE9F, 0xDEBF, 0xE6DF, 0xE6DF, 0xE6DF, 0xE6DF,
  0xE6FF, 0xE6FF, 0xE6FF, 0xE6FF, 0xE6FF, 0xE71F, 0xE71F, 0xE71F, 0xE71F, 0xEF3F, 0xEF3F, 0xEF3F, 0xEF5F, 0xEF5F, 0xEF5F, 0xF77F,
  0xDE9F, 0xD63F, 0xD67F, 0xDE7F, 0xDE9F, 0xDEBF, 0xDEBF, 0xDEBF, 0xDEBF, 0xDEBF, 0xDE9F, 0xDE9F, 0xD67F, 0xCE3F, 0xE6BF, 0xEF5F,
  0xEF3F, 0xEF3F, 0xEF3F, 0xEF3F, 0xEF1F, 0xE71F, 0xE71F, 0xE71F, 0xE71F, 0xE6FF, 0xE6FF, 0xE6DF, 0xDEBF, 0xDE9F, 0xD65F, 0xE6FF,
  0xF77F, 0xEF5F, 0xEF5F, 0xEF5F, 0xEF5F, 0xEF5F, 0xEF1F, 0xC57F, 0xC55F, 0xC55F, 0xC55F, 0xC55F, 0xC53F, 0xCD9E, 0xEF1F, 0xEF1F,
  0xEF3F, 0xEF1F, 0xEF3F, 0xD5DE, 0xC55F, 0xC55F, 0xC53F, 0xC53F, 0xC51F, 0xC51F, 0xE6DF, 0xF73F, 0xEF1F, 0xEF1F, 0xEF1F, 0xEF1F,
  0xEF1F, 0xEF1F, 0xEF1F, 0xEF1F, 0xEF1F, 0xEF1F, 0xEF3F, 0xEF3F, 0xEF3F, 0xEF3F, 0xEF3F, 0xEF3F, 0xEF3F, 0xF75F, 0xDE9F, 0xD65F,
  0xDE9F, 0xDEDF, 0xE6DF, 0xE6FF, 0xE6FF, 0xE71F, 0xE71F, 0xE71F, 0xEF1F, 0xEF3F, 0xEF3F, 0xEF5F, 0xEF5F, 0xEF5F, 0xEF5F, 0xE71F,
  0xDE9F, 0xE6DF, 0xE6DF, 0xE6FF, 0xEF1F, 0xEF3F, 0xEF3F, 0xEF5F, 0xEF5F, 0xEF5F, 0xEF5F, 0xF77F, 0xF77F, 0xF77F, 0xF77F, 0xF77F,
  0xF79F, 0xF77F, 0xF79F, 0xF77F, 0xD61F, 0xC59F, 0xC5BF, 0xC5BF, 0xC5BF, 0xC5BF, 0xC5BF, 0xC5BF, 0xC5BF, 0xC5BF, 0xC5BF, 0xC5DF,
  0xCE3E, 0xD61F, 0xD5FF, 0xCDFF, 0xCDFF, 0xCE1F, 0xCE1F, 0xCE1F, 0xCDFF, 0xCE1F, 0xDEDE, 0xEF5F, 0xEF3F, 0xE71F, 0xEF3F, 0xEF3F,
  0xEF1F, 0xEF1F, 0xEF1F, 0xE71F, 0xE71F, 0xEF3F, 0xE71F, 0xE6FF, 0xE6FF, 0xE6DF, 0xDEDF, 0xDEBF, 0xDE9F, 0xDE7F, 0xD63F, 0xE6DF,
  0xEF5F, 0xEF3F, 0xEF3F, 0xEF3F, 0xEF3F, 0xE71F, 0xE71F, 0xE71F, 0xE71F, 0xE6FF, 0xE6FF, 0xE6FF, 0xE6DF, 0xE6DF, 0xDEBF, 0xDE9F,
  0xD65F, 0xD61F, 0xCDBF, 0xC57F, 0xC55F, 0xC55F, 0xBD3F, 0xBD1F, 0xBCFF, 0xBCFF, 0xB4FF, 0xB4FF, 0xBD1F, 0xAC9E, 0x30F0, 0x206E,
  0x286E, 0x286E, 0x288E, 0x208E, 0x208E, 0x206D, 0x206D, 0x206E, 0x288E, 0x204E, 0x6256, 0xBCFF, 0xB4BF, 0xB4DF, 0xB4DF, 0xBCFF,
  0xBD1F, 0xBD1F, 0xC53F, 0xBD3F, 0xC55F, 0xC57F, 0xCDDF, 0xD61F, 0xD65F, 0xDE7F, 0xDE9F, 0xDEBF, 0xE6DF, 0xE6DF, 0xE6FF, 0xE6FF,
  0xE6FF, 0xE6FF, 0xE6FF, 0xE71F, 0xE71F, 0xE71F, 0xE71F, 0xEF1F, 0xEF1F, 0xEF3F, 0xEF3F, 0xEF3F, 0xEF5F, 0xEF5F, 0xEF5F, 0xF77F,
  0xDE9F, 0xD63F, 0xD67F, 0xDE9F, 0xDE9F, 0xDEBF, 0xDEBF, 0xDEBF, 0xDEBF, 0xDEBF, 0xDE9F, 0xDE9F, 0xD67F, 0xCE3F, 0xDEBF, 0xEF5F,
  0xEF3F, 0xEF3F, 0xEF3F, 0xEF3F, 0xEF1F, 0xEF1F, 0xE71F, 0xE71F, 0xE71F, 0xE6FF, 0xE6FF, 0xE6DF, 0xDEBF, 0xDE9F, 0xD65F, 0xE6FF,
  0xF77F, 0xEF5F, 0xEF5F, 0xEF5F, 0xEF5F, 0xEF5F, 0xE6FF, 0xC55E, 0xC53F, 0xC55F, 0xC53F, 0xC53F, 0xBCFF, 0xC57F, 0xEEFF, 0xEF1F,
  0xEF3F, 0xEF1F, 0xEF1F, 0xCD9E, 0xBCFF, 0xC53F, 0xC51F, 0xC51F, 0xC4FF, 0xBCFE, 0xE6BF, 0xEF3F, 0xEF3F, 0xEF1F, 0xEF1F, 0xEF1F,
  0xEF1F, 0xEF1F, 0xEF1F, 0xEF1F, 0xEF1F, 0xEF1F, 0xEF3F, 0xEF3F, 0xEF1F, 0xEF1F, 0xEF3F, 0xEF3F, 0xEF3F, 0xEF3F, 0xDE9F, 0xDE7F,
  0xDEBF, 0xE6DF, 0xE6FF, 0xE6FF, 0xE6FF, 0xE71F, 0xE71F, 0xEF1F, 0xEF1F, 0xEF3F, 0xEF3F, 0xEF3F, 0xEF5F, 0xEF5F, 0xEF5F, 0xE71F,
  0xDE9F, 0xDEDF, 0xE6DF, 0xE71F, 0xEF1F, 0xEF3F, 0xEF3F, 0xEF5F, 0xEF5F, 0xEF5F, 0xEF5F, 0xF77F, 0xF77F, 0xF77F, 0xF77F, 0xF77F,
  0xF77F, 0xF77F, 0xF79F, 0xD65F, 0xC59F, 0xC5BF, 0xC5BF, 0xC5BF, 0xC5BF, 0xC5BF, 0xC5BF, 0xC5BF, 0xC5BF, 0xC5BF, 0xC5BF, 0xC5DF,
  0xCE3E, 0xCE1F, 0xCDFF, 0xCE1F, 0xCDFF, 0xCDFF, 0xCE1F, 0xCE1F, 0xCE1F, 0xCDFF, 0xCDFF, 0xD65F, 0xEF3F, 0xEF5F, 0xEF3F, 0xEF3F,
  0xEF3F, 0xEF1F, 0xEF1F, 0xEF3F, 0xEF1F, 0xE71F, 0xE71F, 0xE6FF, 0xE6FF, 0xE6FF, 0xE6DF, 0xDEBF, 0xDE9F, 0xDE7F, 0xD65F, 0xE6DF,
  0xEF5F, 0xEF3F, 0xEF3F, 0xEF3F, 0xEF3F, 0xEF3F, 0xE71F, 0xE71F, 0xE71F, 0xE6FF, 0xE6FF, 0xE6FF, 0xE6DF, 0xE6DF, 0xDEBF, 0xDE9F,
  0xDE7F, 0xD63F, 0xCDFF, 0xC5BF, 0xC59F, 0xC59F, 0xC57F, 0xC55F, 0xBD5F, 0xBD3F, 0xBD3F, 0xBD3F, 0xC55F, 0xBD1E, 0x4131, 0x288F,
  0x28AE, 0x28AE, 0x28AF, 0x28AF, 0x28AF, 0x288E, 0x28AE, 0x28AE, 0x28CF, 0x286F, 0x8338, 0xCD7F, 0xBD1F, 0xBD3F, 0xBD3F, 0xBD3F,
  0xC55F, 0xC57F, 0xC57F, 0xC59F, 0xC59F, 0xCDBF, 0xCDFF, 0xD63F, 0xD65F, 0xDE9F, 0xDEBF, 0xDEBF, 0xE6DF, 0xE6FF, 0xE6FF, 0xE6FF,
  0xE6FF, 0xE6FF, 0xE71F, 0xE71F, 0xE71F, 0xEF1F, 0xE71F, 0xEF1F, 0xEF3F, 0xEF3F, 0xEF3F, 0xEF3F, 0xEF5F, 0xEF5F, 0xF75F, 0xF77F,
  0xDE9F, 0xD63F, 0xD67F, 0xDE9F, 0xDE9F, 0xDEBF, 0xDEBF, 0xDEBF, 0xDEBF, 0xDEBF, 0xDE9F, 0xDE7F, 0xD67F, 0xCE3F, 0xDE9F, 0xEF5F,
  0xEF3F, 0xEF3F, 0xEF3F, 0xEF3F, 0xEF1F, 0xEF1F, 0xE71F, 0xE71F, 0xE71F, 0xE6FF, 0xE6FF, 0xE6DF, 0xDEBF, 0xDE9F, 0xD65F, 0xE6DF,
  0xF77F, 0xEF5F, 0xEF5F, 0xEF5F, 0xEF3F, 0xEF3F, 0xE6DF, 0xBD1E, 0xBCFF, 0xC53F, 0xC51F, 0xC51F, 0xBCBF, 0xC53E, 0xE6FF, 0xEF1F,
  0xEF3F, 0xEF3F, 0xEF1F, 0xC55E, 0xB4BF, 0xBCFF, 0xBCFF, 0xBCFF, 0xBCDF, 0xB4DE, 0xE6BF, 0xEF1F, 0xEF1F, 0xEF1F, 0xEF1F, 0xEF1F,
  0xEF1F, 0xEF1F, 0xEF1F, 0xEF1F, 0xEF1F, 0xEF1F, 0xEF1F, 0xEF1F, 0xEF1F, 0xEF1F, 0xEF3F, 0xEF3F, 0xEF3F, 0xEF3F, 0xDE9F, 0xDE7F,
  0xDEBF, 0xE6DF, 0xE6FF, 0xE6FF, 0xE6FF, 0xE71F, 0xE71F, 0xEF1F, 0xEF3F, 0xEF3F, 0xEF3F, 0xEF5F, 0xEF5F, 0xEF5F, 0xEF5F, 0xE6FF,
  0xDE9F, 0xE6DF, 0xE6DF, 0xE71F, 0xEF1F, 0xEF3F, 0xEF3F, 0xEF5F, 0xEF5F, 0xEF5F, 0xEF5F, 0xF77F, 0xF75F, 0xF77F, 0xF77F, 0xF77F,
  0xF77F, 0xF79F, 0xD67E, 0xC59F, 0xC5BF, 0xC5BF, 0xC5BF, 0xC5BF, 0xC5BF, 0xC5BF, 0xC5BF, 0xC5BF, 0xC5BF, 0xC5BF, 0xC5BF, 0xCDDF,
  0xCE1E, 0xCE1F, 0xCDFF, 0xD5FF, 0xCDFF, 0xD61F, 0xCDFF, 0xCE1F, 0xCE1F, 0xCDFF, 0xCE1F, 0xCDFF, 0xCE1F, 0xE6DF, 0xEF5F, 0xEF3F,
  0xE73F, 0xEF3F, 0xEF1F, 0xEF1F, 0xEF1F, 0xEF1F, 0xE71F, 0xE71F, 0xE6FF, 0xE6FF, 0xE6DF, 0xDEBF, 0xDE9F, 0xDE9F, 0xD65F, 0xDEBF,
  0xEF5F, 0xEF5F, 0xEF3F, 0xEF3F, 0xEF3F, 0xEF3F, 0xEF1F, 0xE71F, 0xE71F, 0xE71F, 0xE6FF, 0xE6FF, 0xE6FF, 0xE6DF, 0xDEDF, 0xDEBF,
  0xDE7F, 0xD65F, 0xCE1F, 0xCDFF, 0xCDDF, 0xCDBF, 0xCDBF, 0xCD9F, 0xC59F, 0xC57F, 0xC57F, 0xC57F, 0xC55F, 0xC57F, 0x6A97, 0x204E,
  0x30D0, 0x30AF, 0x28AF, 0x28AF, 0x28AF, 0x28AF, 0x28AF, 0x30CF, 0x288F, 0x30D0, 0xAC9D, 0xC57F, 0xC55F, 0xC57F, 0xC57F, 0xC57F,
  0xC59F, 0xC59F, 0xCDBF, 0xCDBF, 0xCDDF, 0xCDFF, 0xD61F, 0xD65F, 0xD67F, 0xDE9F, 0xDEBF, 0xE6DF, 0xE6DF, 0xE6FF, 0xE6FF, 0xE6FF,
  0xE6FF, 0xE6FF, 0xE71F, 0xE71F, 0xEF1F, 0xEF1F, 0xEF1F, 0xEF1F, 0xEF3F, 0xEF3F, 0xEF3F, 0xEF3F, 0xEF5F, 0xF75F, 0xF77F, 0xF79F,
  0xDE7F, 0xD63F, 0xD67F, 0xDE9F, 0xDE9F, 0xDEBF, 0xDEBF, 0xDEBF, 0xDEBF, 0xDEBF, 0xDE9F, 0xDE7F, 0xD67F, 0xCE3F, 0xDE9F, 0xEF5F,
  0xEF3F, 0xEF3F, 0xEF3F, 0xEF1F, 0xEF1F, 0xEF1F, 0xE71F, 0xE71F, 0xE71F, 0xE6FF, 0xE6FF, 0xE6DF, 0xDEBF, 0xDE9F, 0xD65F, 0xE6BF,
  0xF75F, 0xEF3F, 0xEF3F, 0xEF3F, 0xEF3F, 0xEF3F, 0xE6FF, 0xC59E, 0xC55E, 0xCD7F, 0xCD7F, 0xC55F, 0xBD1F, 0xD5FF, 0xEF1F, 0xEF1F,
  0xEF3F, 0xEF1F, 0xEF1F, 0xCDDE, 0xB4DF, 0xBCFE, 0xBD1E, 0xC53E, 0xC53E, 0xCD9E, 0xEEFF, 0xEF1F, 0xEEFF, 0xEF1F, 0xEF1F, 0xEF1F,
  0xEF1F, 0xEEFF, 0xEF1F, 0xEF1F, 0xEF1F, 0xEF1F, 0xEF1F, 0xEF1F, 0xEF1F, 0xEF1F, 0xEF3F, 0xEF3F, 0xEF3F, 0xEF3F, 0xDE7F, 0xDE7F,
  0xDEBF, 0xE6DF, 0xE6FF, 0xE6FF, 0xE71F, 0xE71F, 0xEF1F, 0xEF1F, 0xEF3F, 0xEF3F, 0xEF3F, 0xEF5F, 0xEF5F, 0xEF5F, 0xEF7F, 0xE6DF,
  0xDE9F, 0xE6DF, 0xE6FF, 0xE71F, 0xEF1F, 0xEF3F, 0xEF3F, 0xEF5F, 0xEF5F, 0xEF5F, 0xEF5F, 0xEF5F, 0xF77F, 0xF77F, 0xF77F, 0xF77F,
  0xF79F, 0xE6BF, 0xC59F, 0xC5BF, 0xC5BF, 0xC5BF, 0xC5BF, 0xC5BF, 0xC5BF, 0xC5BF, 0xC5BF, 0xC5BF, 0xC5BF, 0xC5BF, 0xC5BF, 0xCDDF,
  0xCE1E, 0xCE1F, 0xD61F, 0xD61F, 0xCDFF, 0xCDFF, 0xCDFF, 0xCE1F, 0xCE1F, 0xCDFF, 0xCDFF, 0xCE1F, 0xCDFF, 0xCDDF, 0xDE7F, 0xEF3F,
  0xEF3F, 0xEF3F, 0xEF3F, 0xEF1F, 0xEF1F, 0xEF1F, 0xE71F, 0xE71F, 0xE6FF, 0xE6FF, 0xE6DF, 0xDEDF, 0xDEBF, 0xDE9F, 0xD65F, 0xDE7F,
  0xEF5F, 0xEF5F, 0xEF5F, 0xEF3F, 0xEF3F, 0xEF3F, 0xEF1F, 0xEF1F, 0xE71F, 0xE6FF, 0xE6FF, 0xE6FF, 0xE6FF, 0xE6DF, 0xE6DF, 0xDEBF,
  0xDE9F, 0xDE7F, 0xD65F, 0xD61F, 0xCDFF, 0xCDFF, 0xCDFF, 0xCDDF, 0xCDDF, 0xCDDF, 0xCDBF, 0xCD9F, 0xC57F, 0xBD3F, 0xB4BE, 0x4993,
  0x2870, 0x30D1, 0x30D0, 0x30CF, 0x30CF, 0x30D0, 0x30D1, 0x3090, 0x288F, 0x8B7A, 0xC53F, 0xBD3F, 0xC57F, 0xCD9F, 0xCDBF, 0xCDBF,
  0xCDDF, 0xCDDF, 0xCDFF, 0xCDFF, 0xCE1F, 0xD61F, 0xD63F, 0xD67F, 0xDE9F, 0xDEBF, 0xDEBF, 0xE6DF, 0xE6FF, 0xE6FF, 0xE6FF, 0xE6FF,
  0xE6FF, 0xE71F, 0xE71F, 0xE71F, 0xEF1F, 0xEF1F, 0xEF3F, 0xEF3F, 0xEF3F, 0xEF3F, 0xEF3F, 0xEF5F, 0xEF5F, 0xF77F, 0xF77F, 0xF77F,
  0xD65F, 0xD65F, 0xD67F, 0xDE9F, 0xDE9F, 0xDEBF, 0xDEBF, 0xDEBF, 0xDEBF, 0xDEBF, 0xDE9F, 0xDE9F, 0xD67F, 0xD63F, 0xD65F, 0xEF5F,
  0xEF3F, 0xEF3F, 0xEF3F, 0xEF3F, 0xEF1F, 0xEF1F, 0xE71F, 0xE71F, 0xE71F, 0xE6FF, 0xE6FF, 0xE6DF, 0xE6DF, 0xDEBF, 0xDE7F, 0xDE7F,
  0xEF3F, 0xEF3F, 0xEF3F, 0xEF3F, 0xEF3F, 0xEF3F, 0xEF3F, 0xEF1F, 0xEEFF, 0xEF1F, 0xEEFF, 0xE6DF, 0xE6DF, 0xEEFF, 0xEF1F, 0xEF1F,
  0xEF1F, 0xEF1F, 0xEF1F, 0xEF1F, 0xE6BF, 0xE69F, 0xE69F, 0xE6DF, 0xEEFF, 0xEF1F, 0xEEFF, 0xEEFF, 0xEEFF, 0xEEFF, 0xEF1F, 0xEF1F,
  0xEF1F, 0xEF1F, 0xEF1F, 0xEF1F, 0xEF1F, 0xEF1F, 0xEF1F, 0xEF1F, 0xEF1F, 0xEF1F, 0xEF1F, 0xEF1F, 0xEF3F, 0xE6FF, 0xD65F, 0xDE9F,
  0xDEBF, 0xE6DF, 0xE6FF, 0xE6FF, 0xE71F, 0xE71F, 0xEF1F, 0xEF3F, 0xEF3F, 0xEF3F, 0xEF3F, 0xEF5F, 0xEF5F, 0xEF5F, 0xF77F, 0xE6BF,
  0xDE9F, 0xE6DF, 0xE6FF, 0xE71F, 0xEF1F, 0xEF3F, 0xEF3F, 0xEF5F, 0xEF5F, 0xEF5F, 0xEF5F, 0xEF5F, 0xF75F, 0xF77F, 0xEF5F, 0xF77F,
  0xE6FF, 0xC59F, 0xC59F, 0xC59F, 0xC5BF, 0xC5BF, 0xC5BF, 0xC5BF, 0xC5BF, 0xC5BF, 0xC5BF, 0xC5BF, 0xC5BF, 0xC5BF, 0xC5BF, 0xCDDF,
  0xCE1E, 0xD61F, 0xD61F, 0xD61F, 0xD61F, 0xCDFF, 0xCE1F, 0xCE1F, 0xCDFF, 0xCDFF, 0xCDFF, 0xCDFF, 0xCDFF, 0xCDFF, 0xC5DF, 0xCE1F,
  0xEF1F, 0xEF5F, 0xEF1F, 0xEF3F, 0xEF1F, 0xEF1F, 0xE71F, 0xE71F, 0xE6FF, 0xE6FF, 0xE6DF, 0xDEDF, 0xDEBF, 0xDE9F, 0xD67F, 0xD67F,
  0xEF3F, 0xEF5F, 0xEF3F, 0xEF3F, 0xEF3F, 0xEF3F, 0xEF1F, 0xEF1F, 0xEF1F, 0xE71F, 0xE6FF, 0xE6FF, 0xE6FF, 0xE6FF, 0xE6DF, 0xDEBF,
  0xDEBF, 0xDE9F, 0xD67F, 0xD65F, 0xD63F, 0xD63F, 0xD61F, 0xD61F, 0xD61F, 0xD61F, 0xCDFF, 0xCDDF, 0xCDBF, 0xC55F, 0xC55F, 0xBD1E,
  0x6275, 0x30D0, 0x286F, 0x286F, 0x288F, 0x2890, 0x3091, 0x4973, 0x9C1A, 0xC57F, 0xBD3F, 0xC57F, 0xCDBF, 0xCDDF, 0xCDFF, 0xCE1F,
  0xD61F, 0xD61F, 0xD61F, 0xD63F, 0xD63F, 0xD65F, 0xD67F, 0xDE9F, 0xDEBF, 0xDEBF, 0xE6DF, 0xE6FF, 0xE6FF, 0xE6FF, 0xE6FF, 0xE6FF,
  0xE71F, 0xE71F, 0xEF1F, 0xEF1F, 0xEF1F, 0xEF3F, 0xEF3F, 0xEF3F, 0xEF3F, 0xEF3F, 0xEF5F, 0xEF5F, 0xF77F, 0xF77F, 0xF79F, 0xEF5F,
  0xD65F, 0xD65F, 0xD67F, 0xDE9F, 0xDE9F, 0xDEBF, 0xDEBF, 0xE6DF, 0xDEBF, 0xDEBF, 0xDE9F, 0xDE9F, 0xD67F, 0xD65F, 0xD63F, 0xEF1F,
  0xEF5F, 0xEF3F, 0xEF3F, 0xEF3F, 0xEF3F, 0xEF1F, 0xEF1F, 0xE71F, 0xE71F, 0xE6FF, 0xE6FF, 0xE6DF, 0xE6DF, 0xDEBF, 0xDE9F, 0xD65F,
  0xDE9F, 0xF75F, 0xEF3F, 0xEF3F, 0xEF3F, 0xEF3F, 0xEF3F, 0xEF3F, 0xEF1F, 0xEF1F, 0xE6FF, 0xE6FF, 0xE6FF, 0xEF1F, 0xEF1F, 0xEF1F,
  0xEF1F, 0xEEFF, 0xEF1F, 0xEF1F, 0xEEFF, 0xE6DF, 0xE6DF, 0xE6FF, 0xEF1F, 0xEF1F, 0xEEFF, 0xEEFF, 0xEEFF, 0xEEFF, 0xEEFF, 0xEF1F,
  0xEF1F, 0xEF1F, 0xEF1F, 0xEF1F, 0xEF1F, 0xEF1F, 0xEF1F, 0xEF1F, 0xEF1F, 0xEF1F, 0xEF1F, 0xEF3F, 0xEF3F, 0xDE7F, 0xDE7F, 0xDEBF,
  0xE6DF, 0xE6DF, 0xE6FF, 0xE71F, 0xE71F, 0xEF1F, 0xEF3F, 0xEF3F, 0xEF3F, 0xEF3F, 0xEF5F, 0xEF5F, 0xEF5F, 0xF77F, 0xEF5F, 0xDEBF,
  0xE6BF, 0xE6DF, 0xE6FF, 0xE71F, 0xEF1F, 0xEF3F, 0xEF3F, 0xEF5F, 0xEF5F, 0xEF5F, 0xEF5F, 0xEF5F, 0xF75F, 0xEF5F, 0xF77F, 0xEF3F,
  0xC5BF, 0xC59F, 0xC5BF, 0xC5BF, 0xC5BF, 0xC59F, 0xC5BF, 0xC5BF, 0xC5BF, 0xC5BF, 0xC5BF, 0xC5BF, 0xC5DF, 0xC5DF, 0xC5DF, 0xC5DF,
  0xCE1E, 0xCE1F, 0xCE1F, 0xD61F, 0xCDFF, 0xCDFF, 0xCE1F, 0xCE1F, 0xCDFF, 0xCDFF, 0xCDFF, 0xCDFF, 0xCDFF, 0xCDFF, 0xCDFF, 0xCDDF,
  0xCDFE, 0xE6DF, 0xEF5F, 0xEF3F, 0xEF3F, 0xEF1F, 0xE71F, 0xE71F, 0xE6FF, 0xE6FF, 0xE6DF, 0xE6DF, 0xDEBF, 0xDE9F, 0xDE7F, 0xD65E,
  0xE6FF, 0xEF5F, 0xEF3F, 0xEF3F, 0xEF3F, 0xEF3F, 0xEF3F, 0xEF1F, 0xE71F, 0xE71F, 0xE6FF, 0xE6FF, 0xE6FF, 0xE6FF, 0xE6DF, 0xDEDF,
  0xDEBF, 0xDEBF, 0xDE9F, 0xDE9F, 0xD67F, 0xD65F, 0xD65F, 0xD65F, 0xD65F, 0xD63F, 0xD63F, 0xCE1F, 0xCDDF, 0xC5BF, 0xC57F, 0xCD9F,
  0xCD9F, 0xA45C, 0x72D7, 0x5A35, 0x5A15, 0x6A97, 0x93DA, 0xC53E, 0xCDBF, 0xC57F, 0xC59F, 0xCDBF, 0xCDDF, 0xD61F, 0xD63F, 0xD63F,
  0xD63F, 0xD63F, 0xD65F, 0xD65F, 0xD67F, 0xDE7F, 0xDE9F, 0xDEBF, 0xDEBF, 0xE6DF, 0xE6FF, 0xE6FF, 0xE6FF, 0xE6FF, 0xE6FF, 0xE6FF,
  0xE71F, 0xE71F, 0xEF1F, 0xEF1F, 0xEF3F, 0xEF3F, 0xEF3F, 0xEF3F, 0xEF5F, 0xEF5F, 0xEF5F, 0xF77F, 0xF77F, 0xF77F, 0xF7BF, 0xEF1F,
  0xD65F, 0xDE7F, 0xDE7F, 0xDE9F, 0xDEBF, 0xDEBF, 0xDEBF, 0xE6DF, 0xDEBF, 0xDEBF, 0xDEBF, 0xDE9F, 0xDE9F, 0xD67F, 0xD63F, 0xDEBF,
  0xEF5F, 0xEF3F, 0xEF3F, 0xEF3F, 0xEF3F, 0xEF3F, 0xEF1F, 0xE71F, 0xE71F, 0xE6FF, 0xE6FF, 0xE6FF, 0xE6DF, 0xDEBF, 0xDE9F, 0xD65F,
  0xCE1F, 0xDEBF, 0xF75F, 0xF75F, 0xEF3F, 0xEF3F, 0xEF3F, 0xEF3F, 0xE71F, 0xEEFF, 0xE6FF, 0xEEFF, 0xEEFF, 0xEF1F, 0xEF1F, 0xEF1F,
  0xE6FF, 0xE6FF, 0xE6FF, 0xEEFF, 0xEEFF, 0xE6FF, 0xE6FF, 0xE6FF, 0xE6FF, 0xE6FF, 0xEEFF, 0xEEFF, 0xEEFF, 0xEEFF, 0xEEFF, 0xEEFF,
  0xEEFF, 0xEF1F, 0xEF1F, 0xEF1F, 0xEEFF, 0xEEFF, 0xEF1F, 0xEF1F, 0xEF1F, 0xEF1F, 0xEF3F, 0xEF1F, 0xDE7F, 0xD63F, 0xDE9F, 0xE6BF,
  0xE6DF, 0xE6FF, 0xE71F, 0xE71F, 0xEF1F, 0xEF1F, 0xEF3F, 0xEF3F, 0xEF3F, 0xEF3F, 0xEF5F, 0xEF5F, 0xEF5F, 0xF77F, 0xEF1F, 0xDE9F,
  0xE6BF, 0xE6DF, 0xE6FF, 0xE71F, 0xEF1F, 0xEF3F, 0xEF3F, 0xEF5F, 0xEF5F, 0xEF5F, 0xEF5F, 0xEF5F, 0xEF5F, 0xEF5F, 0xF75F, 0xCE1E,
  0xC59F, 0xC59F, 0xC59F, 0xC5BF, 0xC59F, 0xC5BF, 0xC5BF, 0xC5BF, 0xC5BF, 0xC5BF, 0xC5BF, 0xC5DF, 0xCDDF, 0xCDDF, 0xC5DF, 0xCDFF,
  0xCE3E, 0xD61F, 0xCDFF, 0xCE1F, 0xCE1F, 0xCDFF, 0xCE1F, 0xCE1F, 0xCDFF, 0xCDFF, 0xCDFF, 0xCDFF, 0xCDFF, 0xCDFF, 0xCDFF, 0xCDFF,
  0xCDDF, 0xC5DF, 0xDEBF, 0xF75F, 0xEF3F, 0xE71F, 0xEF1F, 0xE71F, 0xE71F, 0xE6FF, 0xE6FF, 0xE6DF, 0xDEBF, 0xDE9F, 0xDE9F, 0xD65F,
  0xD67F, 0xEF5F, 0xEF5F, 0xEF3F, 0xEF3F, 0xEF3F, 0xEF3F, 0xEF1F, 0xE71F, 0xE71F, 0xE71F, 0xE6FF, 0xE6FF, 0xE6FF, 0xE6FF, 0xE6FF,
  0xE6DF, 0xDEBF, 0xDEBF, 0xDE9F, 0xDE9F, 0xDE9F, 0xDE7F, 0xDE7F, 0xDE7F, 0xDE7F, 0xD65F, 0xD63F, 0xCE1F, 0xCDFF, 0xCDDF, 0xCD9F,
  0xC57F, 0xC57F, 0xC57F, 0xC55F, 0xC55F, 0xC57F, 0xC57F, 0xC55F, 0xC57F, 0xCDBF, 0xCDDF, 0xCDFF, 0xD61F, 0xD63F, 0xD65F, 0xD67F,
  0xD67F, 0xDE7F, 0xDE7F, 0xDE7F, 0xDE9F, 0xDEBF, 0xDEBF, 0xDEDF, 0xE6DF, 0xE6FF, 0xE6FF, 0xE6FF, 0xE6FF, 0xE6FF, 0xE6FF, 0xE71F,
  0xE71F, 0xE71F, 0xE71F, 0xEF3F, 0xEF3F, 0xEF3F, 0xEF3F, 0xEF5F, 0xEF5F, 0xEF5F, 0xF77F, 0xF77F, 0xF77F, 0xF79F, 0xFF9F, 0xE6BF,
  0xD65F, 0xDE7F, 0xDE9F, 0xDEBF, 0xDEBF, 0xDEBF, 0xDEBF, 0xE6DF, 0xE6DF, 0xDEDF, 0xDEBF, 0xDE9F, 0xDE9F, 0xD67F, 0xD63F, 0xD65E,
  0xEF3F, 0xEF3F, 0xEF3F, 0xEF3F, 0xEF3F, 0xEF3F, 0xEF1F, 0xEF1F, 0xE71F, 0xE71F, 0xE6FF, 0xE6FF, 0xE6DF, 0xDEBF, 0xDE9F, 0xDE7F,
  0xD65F, 0xD61F, 0xDE7E, 0xEEFF, 0xEF3F, 0xEF5F, 0xEF3F, 0xEF3F, 0xEF3F, 0xEF1F, 0xEF3F, 0xEF3F, 0xEF3F, 0xEF3F, 0xEF3F, 0xEF1F,
  0xEF1F, 0xEF1F, 0xEF1F, 0xEF1F, 0xEF3F, 0xEF1F, 0xEF1F, 0xEF1F, 0xEF1F, 0xEF1F, 0xEF1F, 0xEF3F, 0xEF1F, 0xEF1F, 0xEF1F, 0xEF1F,
  0xEF1F, 0xEF3F, 0xEF3F, 0xEF1F, 0xEF1F, 0xEF1F, 0xEF3F, 0xEF3F, 0xEF3F, 0xEF1F, 0xE6BF, 0xD63E, 0xD63F, 0xDE7F, 0xDEBF, 0xE6DF,
  0xE6FF, 0xE6FF, 0xE71F, 0xEF1F, 0xEF1F, 0xEF3F, 0xEF3F, 0xEF3F, 0xEF3F, 0xEF5F, 0xEF5F, 0xEF7F, 0xF77F, 0xF79F, 0xE6DF, 0xDE9F,
  0xE6BF, 0xE6DF, 0xE6FF, 0xE71F, 0xEF1F, 0xEF3F, 0xEF5F, 0xEF5F, 0xEF5F, 0xEF5F, 0xEF5F, 0xEF5F, 0xEF5F, 0xF77F, 0xD67E, 0xC59F,
  0xC5BF, 0xC59F, 0xC59F, 0xC59F, 0xC5BF, 0xC5BF, 0xC5BF, 0xC5BF, 0xC5BF, 0xC5BF, 0xCDBF, 0xCDDF, 0xCDDF, 0xCDDF, 0xCDDF, 0xCDDF,
  0xCE1E, 0xCE1F, 0xD61F, 0xD61F, 0xD61F, 0xCE1F, 0xCE1F, 0xCDFF, 0xCDFF, 0xCDFF, 0xCDFF, 0xCDFF, 0xCDFF, 0xCDFF, 0xCDFF, 0xCDFF,
  0xCDFF, 0xCDFF, 0xC5DF, 0xD67F, 0xEF5F, 0xEF1F, 0xE71F, 0xE71F, 0xE71F, 0xE6FF, 0xE6FF, 0xE6DF, 0xDEBF, 0xDEBF, 0xDE9F, 0xD67F,
  0xCE3F, 0xE6FF, 0xEF5F, 0xEF3F, 0xEF3F, 0xEF3F, 0xEF3F, 0xEF3F, 0xEF1F, 0xEF1F, 0xE71F, 0xE71F, 0xE6FF, 0xE6FF, 0xE6FF, 0xE6FF,
  0xE6DF, 0xE6DF, 0xE6DF, 0xDEBF, 0xDEBF, 0xDEBF, 0xDE9F, 0xDE9F, 0xDE9F, 0xDE9F, 0xDE7F, 0xDE7F, 0xD65F, 0xD63F, 0xCE1F, 0xCDDF,
  0xCDBF, 0xC57F, 0xC57F, 0xC57F, 0xC57F, 0xC57F, 0xC57F, 0xC59F, 0xCDBF, 0xCDDF, 0xD61F, 0xD63F, 0xD65F, 0xDE7F, 0xDE7F, 0xDE9F,
  0xDE9F, 0xDE9F, 0xDE9F, 0xDEBF, 0xDEBF, 0xDEBF, 0xE6DF, 0xE6DF, 0xE6FF, 0xE6FF, 0xE6FF, 0xE6FF, 0xE6FF, 0xE71F, 0xE71F, 0xE71F,
  0xEF1F, 0xEF1F, 0xEF3F, 0xEF3F, 0xEF3F, 0xEF3F, 0xEF5F, 0xEF5F, 0xEF5F, 0xF77F, 0xF77F, 0xF77F, 0xF79F, 0xFFBF, 0xEF3F, 0xDE7F,
  0xD65F, 0xDE9F, 0xDE9F, 0xDEBF, 0xDEBF, 0xDEBF, 0xE6DF, 0xE6DF, 0xE6DF, 0xE6DF, 0xDEBF, 0xDEBF, 0xDE9F, 0xD67F, 0xD65F, 0xCE1F,
  0xE6DF, 0xEF5F, 0xEF3F, 0xEF3F, 0xEF3F, 0xEF3F, 0xEF3F, 0xEF1F, 0xE71F, 0xE71F, 0xE6FF, 0xE6FF, 0xE6DF, 0xE6DF, 0xDEBF, 0xDE9F,
  0xDE7F, 0xD65F, 0xCE1F, 0xCDFF, 0xD61F, 0xD65F, 0xDE5F, 0xD65F, 0xD65F, 0xD63F, 0xD63F, 0xD63F, 0xD63F, 0xD63F, 0xD63F, 0xD63F,
  0xD61F, 0xD61F, 0xD61F, 0xD61F, 0xD61F, 0xD61F, 0xD61F, 0xD61F, 0xD61F, 0xD61F, 0xD61F, 0xD61F, 0xD61F, 0xD61F, 0xD61F, 0xD61F,
  0xDE1F, 0xDE3F, 0xDE3F, 0xDE3F, 0xDE3F, 0xDE5F, 0xDE5F, 0xDE5F, 0xD63F, 0xD61F, 0xCDFF, 0xD61F, 0xDE5F, 0xDE9F, 0xDEBF, 0xE6DF,
  0xE6FF, 0xE71F, 0xEF1F, 0xEF1F, 0xEF3F, 0xEF3F, 0xEF3F, 0xEF3F, 0xEF5F, 0xF75F, 0xF77F, 0xF77F, 0xF79F, 0xF77F, 0xDEBF, 0xDE9F,
  0xE6BF, 0xE6FF, 0xE6FF, 0xEF1F, 0xEF3F, 0xEF3F, 0xEF3F, 0xEF5F, 0xEF5F, 0xEF5F, 0xEF5F, 0xEF5F, 0xF77F, 0xDEBF, 0xC59E, 0xCDBF,
  0xC5BF, 0xC5BF, 0xC5BF, 0xC5BF, 0xC5BF, 0xC5BF, 0xC5BF, 0xCDBF, 0xCDBF, 0xCDBF, 0xCDDF, 0xCDDF, 0xCDDF, 0xCDDF, 0xCDDF, 0xCDFF,
  0xD63E, 0xD61F, 0xD61F, 0xD5FF, 0xCE1F, 0xD61F, 0xCE1F, 0xCE1F, 0xCE1F, 0xCDFF, 0xCDFF, 0xCDFF, 0xCDFF, 0xCDFF, 0xCDFF, 0xCDFF,
  0xCDFF, 0xCDFF, 0xCDFF, 0xC5DF, 0xD63F, 0xEF3F, 0xEF3F, 0xE71F, 0xE71F, 0xE6FF, 0xE6FF, 0xE6DF, 0xDEBF, 0xDEBF, 0xDE9F, 0xD67F,
  0xD63F, 0xD67F, 0xEF3F, 0xEF3F, 0xEF3F, 0xEF3F, 0xEF3F, 0xEF3F, 0xEF1F, 0xEF1F, 0xE71F, 0xE71F, 0xE71F, 0xE71F, 0xE6FF, 0xE6FF,
  0xE6FF, 0xE6FF, 0xE6DF, 0xE6DF, 0xDEDF, 0xDEBF, 0xDEBF, 0xDEBF, 0xDEBF, 0xDEBF, 0xDE9F, 0xDE9F, 0xDE9F, 0xD65F, 0xD63F, 0xCE1F,
  0xCDFF, 0xCDDF, 0xCDDF, 0xCDDF, 0xCDDF, 0xCDDF, 0xCDDF, 0xCDDF, 0xCDFF, 0xD61F, 0xD63F, 0xDE7F, 0xDE7F, 0xDE9F, 0xDE9F, 0xDEBF,
  0xDEBF, 0xDEBF, 0xDEBF, 0xDEBF, 0xDEDF, 0xE6DF, 0xE6DF, 0xE6FF, 0xE6FF, 0xE6FF, 0xE6FF, 0xE6FF, 0xE71F, 0xE71F, 0xE71F, 0xE71F,
  0xEF1F, 0xEF3F, 0xEF3F, 0xEF3F, 0xEF3F, 0xEF3F, 0xEF5F, 0xEF5F, 0xF77F, 0xF77F, 0xF79F, 0xF79F, 0xFFBF, 0xFFBF, 0xE6BF, 0xD65F,
  0xD67F, 0xDE9F, 0xDEBF, 0xDEBF, 0xE6DF, 0xE6DF, 0xE6DF, 0xE6DF, 0xE6DF, 0xE6DF, 0xDEBF, 0xDEBF, 0xDE9F, 0xDE7F, 0xD65F, 0xD63F,
  0xD65F, 0xEF3F, 0xEF5F, 0xEF3F, 0xEF3F, 0xEF3F, 0xEF3F, 0xEF1F, 0xEF1F, 0xE71F, 0xE71F, 0xE6FF, 0xE6FF, 0xE6DF, 0xDEBF, 0xDEBF,
  0xDE9F, 0xD67F, 0xD63F, 0xCE1F, 0xCDDF, 0xCDDF, 0xCDBF, 0xCDBF, 0xC59F, 0xC59F, 0xC59F, 0xC59F, 0xC59F, 0xC57F, 0xC57F, 0xC57F,
  0xC57F, 0xC57F, 0xC57F, 0xC57F, 0xC57F, 0xC57F, 0xC57F, 0xC57F, 0xC57F, 0xC57F, 0xC57F, 0xC57F, 0xC57F, 0xC57F, 0xC57F, 0xC57F,
  0xC57F, 0xCD7F, 0xCD9F, 0xCD9F, 0xCD9F, 0xCDBF, 0xCDBF, 0xCDBF, 0xCDDF, 0xD5FF, 0xD63F, 0xD65F, 0xDE7F, 0xDEBF, 0xE6DF, 0xE6FF,
  0xE6FF, 0xEF1F, 0xEF3F, 0xEF3F, 0xEF3F, 0xEF3F, 0xEF5F, 0xEF5F, 0xF75F, 0xF77F, 0xF77F, 0xF79F, 0xFFBF, 0xEF1F, 0xDE9F, 0xE6BF,
  0xE6DF, 0xE6FF, 0xE6FF, 0xEF1F, 0xEF3F, 0xEF3F, 0xEF3F, 0xEF5F, 0xEF5F, 0xEF5F, 0xEF5F, 0xEF5F, 0xEF1F, 0xC5BF, 0xC5BF, 0xC5BF,
  0xC5BF, 0xC5BF, 0xC5BF, 0xC5BF, 0xC5BF, 0xC5BF, 0xCDBF, 0xCDDF, 0xCDDF, 0xCDDF, 0xCDDF, 0xCDDF, 0xCDDF, 0xCDDF, 0xCDFF, 0xCDFF,
  0xCE3E, 0xD61F, 0xD61F, 0xD61F, 0xD61F, 0xD61F, 0xCE1F, 0xCE1F, 0xCE1F, 0xCDFF, 0xCDFF, 0xCDFF, 0xCDFF, 0xCDFF, 0xCDFF, 0xCDFF,
  0xCDDF, 0xCDDF, 0xCDDF, 0xCDFF, 0xC5DF, 0xD63F, 0xEF3F, 0xEF3F, 0xE6FF, 0xE6FF, 0xE6FF, 0xE6FF, 0xE6DF, 0xDEBF, 0xDE9F, 0xD67F,
  0xD65F, 0xCE1F, 0xDE9F, 0xEF5F, 0xEF3F, 0xEF3F, 0xEF3F, 0xEF3F, 0xEF3F, 0xEF1F, 0xEF1F, 0xEF1F, 0xE71F, 0xE71F, 0xE71F, 0xE71F,
  0xE6FF, 0xE6FF, 0xE6FF, 0xE6FF, 0xE6FF, 0xE6DF, 0xE6DF, 0xDEBF, 0xDEBF, 0xDEBF, 0xDEBF, 0xDEBF, 0xDEBF, 0xDE9F, 0xD67F, 0xD63F,
  0xD63F, 0xD63F, 0xD63F, 0xD61F, 0xD61F, 0xD61F, 0xD63F, 0xD63F, 0xD65F, 0xD65F, 0xDE7F, 0xDE9F, 0xDEBF, 0xDEBF, 0xDEBF, 0xDEBF,
  0xDEBF, 0xE6DF, 0xE6DF, 0xE6DF, 0xE6DF, 0xE6DF, 0xE6DF, 0xE6FF, 0xE6FF, 0xE6FF, 0xE6FF, 0xE6FF, 0xE71F, 0xE71F, 0xE71F, 0xEF3F,
  0xEF3F, 0xEF3F, 0xEF3F, 0xEF3F, 0xEF5F, 0xEF5F, 0xEF5F, 0xF77F, 0xF77F, 0xF77F, 0xF77F, 0xF79F, 0xFFDF, 0xEF1F, 0xDE7F, 0xD67F,
  0xDE7F, 0xDE9F, 0xDEBF, 0xDEBF, 0xE6DF, 0xE6DF, 0xE6DF, 0xE6DF, 0xE6DF, 0xE6DF, 0xE6DF, 0xDEBF, 0xDEBF, 0xDE9F, 0xD67F, 0xD65F,
  0xD63F, 0xDE7F, 0xEF5F, 0xEF3F, 0xEF3F, 0xEF3F, 0xEF3F, 0xEF3F, 0xEF1F, 0xEF1F, 0xE71F, 0xE71F, 0xE6FF, 0xE6FF, 0xE6DF, 0xDEDF,
  0xDE9F, 0xDE7F, 0xD65F, 0xD65F, 0xD63F, 0xD61F, 0xD61F, 0xD5FF, 0xD5FF, 0xD5FF, 0xCDFF, 0xCDFF, 0xCDFF, 0xCDFF, 0xCDFF, 0xCDDF,
  0xCDDF, 0xCDDF, 0xCDDF, 0xCDDF, 0xCDDF, 0xCDDF, 0xCDDF, 0xCDDF, 0xCDDF, 0xCDDF, 0xCDDF, 0xCDDF, 0xCDDF, 0xCDDF, 0xCDDF, 0xCDDF,
  0xCDDF, 0xCDDF, 0xCDFF, 0xD5FF, 0xD5FF, 0xD61F, 0xD61F, 0xD61F, 0xD63F, 0xD65F, 0xDE5F, 0xDE9F, 0xDEBF, 0xE6DF, 0xE6FF, 0xE6FF,
  0xE71F, 0xEF1F, 0xEF3F, 0xEF3F, 0xEF3F, 0xEF5F, 0xEF5F, 0xF75F, 0xF77F, 0xF77F, 0xF79F, 0xFFBF, 0xF75F, 0xE69F, 0xDEBF, 0xE6BF,
  0xE6DF, 0xE6FF, 0xE71F, 0xEF1F, 0xEF3F, 0xEF3F, 0xEF3F, 0xEF3F, 0xEF5F, 0xEF5F, 0xEF5F, 0xF75F, 0xCE1E, 0xC59F, 0xC5BF, 0xC5BF,
  0xC5BF, 0xC5BF, 0xC5BF, 0xC5BF, 0xC5BF, 0xC5BF, 0xCDBF, 0xCDDF, 0xCDDF, 0xCDDF, 0xCDDF, 0xCDDF, 0xCDFF, 0xCDFF, 0xCDFF, 0xCE1F,
  0xD63E, 0xD61F, 0xD61F, 0xCE1F, 0xD61F, 0xCE1F, 0xCE1F, 0xCE1F, 0xCE1F, 0xCE1F, 0xCE1F, 0xCDFF, 0xCDFF, 0xCDFF, 0xCDFF, 0xCDFF,
  0xCDDF, 0xCDDF, 0xCDDF, 0xCDDF, 0xCDDF, 0xC5DF, 0xCE1F, 0xEF1F, 0xEF1F, 0xE6FF, 0xE6FF, 0xE6FF, 0xE6DF, 0xDEBF, 0xDE9F, 0xDE7F,
  0xD65F, 0xD65F, 0xCE1F, 0xE6BF, 0xF75F, 0xEF5F, 0xEF3F, 0xEF3F, 0xEF3F, 0xEF3F, 0xEF3F, 0xEF1F, 0xEF1F, 0xEF1F, 0xE71F, 0xE71F,
  0xE6FF, 0xE6FF, 0xE6FF, 0xE6FF, 0xE6FF, 0xE6FF, 0xE6DF, 0xE6DF, 0xE6DF, 0xE6DF, 0xDEBF, 0xDEBF, 0xDEBF, 0xDEBF, 0xDE9F, 0xDE7F,
  0xDE7F, 0xDE7F, 0xD65F, 0xD65F, 0xD65F, 0xD65F, 0xDE5F, 0xDE7F, 0xDE7F, 0xDE9F, 0xDE9F, 0xDEBF, 0xDEBF, 0xDEBF, 0xDEDF, 0xE6DF,
  0xE6DF, 0xE6DF, 0xE6DF, 0xE6DF, 0xE6FF, 0xE6FF, 0xE6FF, 0xE6FF, 0xE6FF, 0xE71F, 0xE71F, 0xE71F, 0xE71F, 0xEF1F, 0xEF1F, 0xEF3F,
  0xEF3F, 0xEF3F, 0xEF3F, 0xEF5F, 0xEF5F, 0xEF5F, 0xF77F, 0xF77F, 0xF77F, 0xF79F, 0xF79F, 0xFFDF, 0xEF3F, 0xDE7F, 0xDE7F, 0xDE7F,
  0xDE9F, 0xDEBF, 0xDEBF, 0xE6DF, 0xE6DF, 0xE6DF, 0xE6DF, 0xE6DF, 0xE6DF, 0xE6DF, 0xDEDF, 0xDEDF, 0xDEBF, 0xDE9F, 0xD67F, 0xD67F,
  0xD65F, 0xD61F, 0xDEBF, 0xEF5F, 0xEF3F, 0xEF3F, 0xEF3F, 0xEF3F, 0xEF3F, 0xEF1F, 0xEF1F, 0xE71F, 0xE71F, 0xE6FF, 0xE6FF, 0xE6DF,
  0xDEBF, 0xDE9F, 0xDE9F, 0xD67F, 0xD65F, 0xD65F, 0xD63F, 0xD63F, 0xD63F, 0xD63F, 0xD63F, 0xD63F, 0xD63F, 0xD63F, 0xD63F, 0xD63F,
  0xD63F, 0xD61F, 0xD61F, 0xD61F, 0xD61F, 0xD61F, 0xD61F, 0xD61F, 0xD61F, 0xD61F, 0xD61F, 0xD61F, 0xD61F, 0xD61F, 0xD61F, 0xD61F,
  0xD63F, 0xD63F, 0xD63F, 0xD63F, 0xD63F, 0xD65F, 0xD65F, 0xD65F, 0xD65F, 0xDE7F, 0xDE9F, 0xDEBF, 0xE6DF, 0xE6FF, 0xE6FF, 0xE71F,
  0xEF1F, 0xEF3F, 0xEF3F, 0xEF3F, 0xEF5F, 0xEF5F, 0xF75F, 0xF77F, 0xF77F, 0xF77F, 0xFFBF, 0xF79F, 0xE6BF, 0xDE9F, 0xDEBF, 0xE6DF,
  0xE6DF, 0xE6FF, 0xE71F, 0xEF1F, 0xEF3F, 0xEF3F, 0xEF3F, 0xEF3F, 0xEF5F, 0xEF5F, 0xF77F, 0xDE7E, 0xC59F, 0xC5BF, 0xC5BF, 0xC5BF,
  0xC5BF, 0xC5BF, 0xC5BF, 0xCDBF, 0xCDBF, 0xCDBF, 0xCDBF, 0xCDDF, 0xCDDF, 0xCDDF, 0xCDFF, 0xCDFF, 0xCDFF, 0xCDFF, 0xCDFF, 0xCE1F,
  0xCE3E, 0xD61F, 0xD61F, 0xD61F, 0xD61F, 0xD61F, 0xCE1F, 0xD61F, 0xD61F, 0xCE1F, 0xCE1F, 0xCDFF, 0xCDFF, 0xCDFF, 0xCDFF, 0xCDFF,
  0xCDDF, 0xCDDF, 0xCDDF, 0xCDDF, 0xCDDF, 0xCDDF, 0xC5DF, 0xCE1F, 0xEF1F, 0xEF1F, 0xE6FF, 0xE6FF, 0xE6DF, 0xDEBF, 0xDE9F, 0xDE9F,
  0xD67F, 0xD65F, 0xD63F, 0xCE3F, 0xE6DF, 0xEF5F, 0xEF3F, 0xEF3F, 0xEF3F, 0xEF3F, 0xEF3F, 0xEF3F, 0xEF1F, 0xEF1F, 0xEF1F, 0xEF1F,
  0xE71F, 0xE71F, 0xE6FF, 0xE6FF, 0xE6FF, 0xE6FF, 0xE6FF, 0xE6FF, 0xE6DF, 0xE6DF, 0xE6DF, 0xE6DF, 0xE6DF, 0xDEBF, 0xDEBF, 0xDEBF,
  0xDE9F, 0xDE9F, 0xDE9F, 0xDE9F, 0xDE9F, 0xDE9F, 0xDE9F, 0xDE9F, 0xDEBF, 0xDEBF, 0xDEBF, 0xE6DF, 0xE6DF, 0xE6DF, 0xE6DF, 0xE6FF,
  0xE6FF, 0xE6DF, 0xE6FF, 0xE6FF, 0xE6FF, 0xE6FF, 0xE6FF, 0xE6FF, 0xE71F, 0xE71F, 0xE71F, 0xEF1F, 0xEF1F, 0xEF3F, 0xEF3F, 0xEF3F,
  0xEF3F, 0xEF5F, 0xEF5F, 0xEF5F, 0xEF5F, 0xF77F, 0xF77F, 0xF79F, 0xF79F, 0xF7BF, 0xFFDF, 0xEF3F, 0xDE7F, 0xD65F, 0xDE7F, 0xDE7F,
  0xDE9F, 0xDEBF, 0xDEBF, 0xE6DF, 0xE6DF, 0xE6DF, 0xE6FF, 0xE6DF, 0xE6DF, 0xE6FF, 0xE6DF, 0xDEDF, 0xDEBF, 0xDEBF, 0xDE9F, 0xD67F,
  0xD65F, 0xD63F, 0xCE1F, 0xDEBF, 0xEF5F, 0xEF3F, 0xEF3F, 0xEF1F, 0xEF1F, 0xEF1F, 0xEF1F, 0xEF1F, 0xE71F, 0xE6FF, 0xE6FF, 0xE6FF,
  0xE6DF, 0xDEBF, 0xDEBF, 0xDE9F, 0xDE9F, 0xDE7F, 0xDE7F, 0xDE7F, 0xDE7F, 0xDE7F, 0xDE7F, 0xDE7F, 0xDE5F, 0xDE5F, 0xDE7F, 0xDE7F,
  0xDE7F, 0xD67F, 0xD65F, 0xDE5F, 0xDE5F, 0xDE5F, 0xD65F, 0xD65F, 0xDE5F, 0xDE5F, 0xDE5F, 0xDE5F, 0xDE5F, 0xDE7F, 0xDE7F, 0xDE7F,
  0xDE7F, 0xDE7F, 0xDE7F, 0xDE7F, 0xDE7F, 0xDE7F, 0xDE7F, 0xDE9F, 0xDE9F, 0xDEBF, 0xE6BF, 0xE6DF, 0xE6FF, 0xE6FF, 0xE71F, 0xEF1F,
  0xEF3F, 0xEF3F, 0xEF5F, 0xEF5F, 0xEF5F, 0xF77F, 0xF77F, 0xF77F, 0xF77F, 0xFFBF, 0xF77F, 0xE6BF, 0xDE9F, 0xDE9F, 0xDEBF, 0xE6DF,
  0xE6FF, 0xE6FF, 0xE71F, 0xEF1F, 0xEF3F, 0xEF3F, 0xEF3F, 0xEF3F, 0xEF5F, 0xF77F, 0xE6DF, 0xC5BF, 0xC5BF, 0xC5BF, 0xC5BF, 0xC5BF,
  0xC5BF, 0xC5BF, 0xCDBF, 0xCDBF, 0xCDBF, 0xCDDF, 0xCDDF, 0xCDDF, 0xCDDF, 0xCDFF, 0xCDFF, 0xCDFF, 0xCDFF, 0xCDFF, 0xCDFF, 0xCE1F,
  0xCE3E, 0xD61F, 0xD61F, 0xD61F, 0xD61F, 0xD61F, 0xD61F, 0xCE1F, 0xD61F, 0xCE1F, 0xCE1F, 0xCDFF, 0xCDFF, 0xCDFF, 0xCDFF, 0xCDFF,
  0xCDDF, 0xCDDF, 0xCDDF, 0xCDDF, 0xCDDF, 0xCDDF, 0xCDDF, 0xC5BF, 0xCE1E, 0xEF1F, 0xE71F, 0xE6FF, 0xE6DF, 0xE6DF, 0xDEBF, 0xDE9F,
  0xD67F, 0xD67F, 0xD65F, 0xD63F, 0xCE1F, 0xDEBF, 0xEF5F, 0xEF5F, 0xEF3F, 0xEF3F, 0xEF3F, 0xEF3F, 0xEF3F, 0xEF3F, 0xEF1F, 0xEF1F,
  0xEF1F, 0xE71F, 0xE71F, 0xE6FF, 0xE6FF, 0xE6FF, 0xE6FF, 0xE6FF, 0xE6FF, 0xE6FF, 0xE6FF, 0xE6DF, 0xE6DF, 0xE6DF, 0xE6DF, 0xE6DF,
  0xDEBF, 0xDEBF, 0xDEBF, 0xDEBF, 0xDEBF, 0xDEBF, 0xDEBF, 0xE6BF, 0xDEDF, 0xE6DF, 0xE6DF, 0xE6DF, 0xE6FF, 0xE6FF, 0xE6FF, 0xE6FF,
  0xE6FF, 0xE6FF, 0xE6FF, 0xE6FF, 0xE6FF, 0xE71F, 0xE71F, 0xE71F, 0xE71F, 0xE71F, 0xEF1F, 0xEF3F, 0xEF3F, 0xEF3F, 0xEF3F, 0xEF3F,
  0xEF5F, 0xEF5F, 0xF77F, 0xF77F, 0xF77F, 0xF77F, 0xF79F, 0xF79F, 0xFFBF, 0xFFDF, 0xEF1F, 0xDE5F, 0xD65F, 0xD65F, 0xD67F, 0xDE9F,
  0xDEBF, 0xDEBF, 0xDEBF, 0xE6DF, 0xE6DF, 0xE6DF, 0xE6FF, 0xE6FF, 0xE6FF, 0xE6FF, 0xE6DF, 0xDEDF, 0xDEBF, 0xDEBF, 0xDE9F, 0xDE7F,
  0xD67F, 0xD65F, 0xD63F, 0xCE1F, 0xDE9F, 0xEF3F, 0xEF3F, 0xEF3F, 0xEF3F, 0xEF1F, 0xEF1F, 0xEF1F, 0xEF1F, 0xE71F, 0xE71F, 0xE6FF,
  0xE6FF, 0xE6DF, 0xE6DF, 0xDEBF, 0xDEBF, 0xDEBF, 0xDEBF, 0xDEBF, 0xDEBF, 0xDEBF, 0xDEBF, 0xDE9F, 0xDE9F, 0xDE9F, 0xDEBF, 0xDE9F,
  0xDE9F, 0xDE9F, 0xDE9F, 0xDE9F, 0xDE9F, 0xDE9F, 0xDE9F, 0xDE9F, 0xDE9F, 0xDE9F, 0xDE9F, 0xDE9F, 0xDE9F, 0xDE9F, 0xDE9F, 0xDE9F,
  0xDE9F, 0xDE9F, 0xDE9F, 0xDEBF, 0xDEBF, 0xDEBF, 0xDEBF, 0xDEBF, 0xE6DF, 0xE6DF, 0xE6FF, 0xE6FF, 0xE71F, 0xEF1F, 0xEF3F, 0xEF3F,
  0xEF3F, 0xEF3F, 0xEF5F, 0xEF5F, 0xF77F, 0xF77F, 0xF77F, 0xF79F, 0xFFBF, 0xF75F, 0xDEBF, 0xDE7F, 0xDE9F, 0xDEBF, 0xE6DF, 0xE6DF,
  0xE6FF, 0xE71F, 0xE71F, 0xEF1F, 0xEF3F, 0xEF3F, 0xEF3F, 0xEF3F, 0xEF5F, 0xEF1F, 0xCDDF, 0xC5BF, 0xCDBF, 0xC5BF, 0xC5BF, 0xC5BF,
  0xC5BF, 0xCDBF, 0xCDBF, 0xCDBF, 0xCDDF, 0xCDDF, 0xCDDF, 0xCDDF, 0xCDDF, 0xCDFF, 0xCDFF, 0xCDFF, 0xCE1F, 0xCE1F, 0xCE1F, 0xD61F,
  0xD63E, 0xD61F, 0xD61F, 0xD61F, 0xD61F, 0xD61F, 0xD61F, 0xCE1F, 0xCE1F, 0xCE1F, 0xCE1F, 0xCDFF, 0xCDFF, 0xCDFF, 0xCDFF, 0xCDFF,
  0xCDFF, 0xCDDF, 0xCDDF, 0xCDDF, 0xCDDF, 0xCDDF, 0xC5DF, 0xCDDF, 0xC5BF, 0xCE1F, 0xEF1F, 0xE6FF, 0xE6DF, 0xE6DF, 0xDEBF, 0xDEBF,
  0xDE9F, 0xDE7F, 0xD67F, 0xD65F, 0xD63F, 0xCE1F, 0xD67E, 0xEF1F, 0xEF5F, 0xEF3F, 0xEF3F, 0xEF3F, 0xEF3F, 0xEF3F, 0xEF3F, 0xEF1F,
  0xEF1F, 0xEF1F, 0xE71F, 0xE71F, 0xE71F, 0xE71F, 0xE71F, 0xE6FF, 0xE6FF, 0xE6FF, 0xE6FF, 0xE6FF, 0xE6FF, 0xE6FF, 0xE6FF, 0xE6FF,
  0xE6DF, 0xE6DF, 0xE6DF, 0xE6DF, 0xE6DF, 0xE6DF, 0xE6DF, 0xE6DF, 0xE6DF, 0xE6FF, 0xE6FF, 0xE6FF, 0xE6FF, 0xE6FF, 0xE6FF, 0xE6FF,
  0xE71F, 0xE6FF, 0xE71F, 0xE71F, 0xE71F, 0xE71F, 0xE71F, 0xEF1F, 0xEF1F, 0xEF3F, 0xEF3F, 0xEF3F, 0xEF3F, 0xEF3F, 0xEF5F, 0xEF5F,
  0xF75F, 0xF77F, 0xF77F, 0xF77F, 0xF77F, 0xF79F, 0xF79F, 0xFFDF, 0xF79F, 0xE6DF, 0xD65F, 0xD65F, 0xD65F, 0xD67F, 0xDE9F, 0xDEBF,
  0xDEBF, 0xDEBF, 0xE6DF, 0xE6DF, 0xE6DF, 0xE6FF, 0xE6FF, 0xE6FF, 0xE6FF, 0xE6FF, 0xE6DF, 0xE6DF, 0xDEDF, 0xDEBF, 0xDEBF, 0xDE9F,
  0xD67F, 0xD65F, 0xD65F, 0xD63F, 0xCDFF, 0xD65E, 0xE6FF, 0xEF5F, 0xEF3F, 0xEF3F, 0xEF3F, 0xEF1F, 0xEF1F, 0xEF1F, 0xE71F, 0xE71F,
  0xE6FF, 0xE6FF, 0xE6FF, 0xE6DF, 0xE6DF, 0xE6DF, 0xE6DF, 0xE6DF, 0xDEDF, 0xDEDF, 0xDEDF, 0xDEDF, 0xDEDF, 0xDEDF, 0xDEDF, 0xDEDF,
  0xDEDF, 0xE6DF, 0xE6DF, 0xE6DF, 0xDEDF, 0xDEDF, 0xE6DF, 0xE6DF, 0xE6DF, 0xE6DF, 0xE6DF, 0xE6DF, 0xE6DF, 0xE6DF, 0xE6DF, 0xE6DF,
  0xE6DF, 0xE6DF, 0xE6DF, 0xE6DF, 0xE6DF, 0xE6DF, 0xE6FF, 0xE6FF, 0xE6FF, 0xE6FF, 0xE71F, 0xE71F, 0xEF1F, 0xEF3F, 0xEF3F, 0xEF3F,
  0xEF5F, 0xEF5F, 0xF77F, 0xF77F, 0xF77F, 0xF77F, 0xF7BF, 0xFFBF, 0xEF1F, 0xDE9E, 0xDE5F, 0xDE7F, 0xDEBF, 0xDEDF, 0xE6DF, 0xE6FF,
  0xE6FF, 0xE71F, 0xEF1F, 0xEF1F, 0xEF3F, 0xEF3F, 0xEF3F, 0xEF3F, 0xEF3F, 0xD61F, 0xC5BF, 0xCDDF, 0xCDBF, 0xC5BF, 0xCDBF, 0xCDBF,
  0xCDBF, 0xCDDF, 0xCDDF, 0xCDDF, 0xCDDF, 0xCDDF, 0xCDDF, 0xCDFF, 0xCDFF, 0xCDFF, 0xCDFF, 0xCE1F, 0xCE1F, 0xCE1F, 0xCE1F, 0xD61F,
  0xD63E, 0xD61F, 0xD61F, 0xD61F, 0xD61F, 0xD61F, 0xCE1F, 0xCE1F, 0xCE1F, 0xCE1F, 0xCDFF, 0xCDFF, 0xCDFF, 0xCDFF, 0xCDFF, 0xCDFF,
  0xCDFF, 0xCDDF, 0xCDDF, 0xCDDF, 0xCDDF, 0xC5DF, 0xC5DF, 0xC5DF, 0xCDDF, 0xC59F, 0xCE1E, 0xEF1F, 0xE6FF, 0xE6DF, 0xDEDF, 0xDEBF,
  0xDEBF, 0xDE9F, 0xD67F, 0xD65F, 0xD63F, 0xD63F, 0xCDFF, 0xCE1F, 0xE6BE, 0xEF3F, 0xEF5F, 0xEF5F, 0xEF3F, 0xEF3F, 0xEF3F, 0xEF1F,
  0xEF1F, 0xEF1F, 0xEF1F, 0xEF1F, 0xEF1F, 0xE71F, 0xE71F, 0xE71F, 0xE6FF, 0xE6FF, 0xE6FF, 0xE6FF, 0xE6FF, 0xE6FF, 0xE6FF, 0xE6FF,
  0xE6FF, 0xE6FF, 0xE6FF, 0xE6FF, 0xE6FF, 0xE6FF, 0xE6FF, 0xE6FF, 0xE6FF, 0xE71F, 0xE71F, 0xE71F, 0xE71F, 0xE71F, 0xE71F, 0xE71F,
  0xE71F, 0xE71F, 0xE71F, 0xE71F, 0xEF1F, 0xEF1F, 0xEF1F, 0xEF3F, 0xEF3F, 0xEF3F, 0xEF3F, 0xEF5F, 0xEF5F, 0xEF5F, 0xEF5F, 0xF75F,
  0xF77F, 0xF77F, 0xF77F, 0xF79F, 0xF79F, 0xFFBF, 0xFFBF, 0xEF3F, 0xDE7F, 0xD63F, 0xD65F, 0xD65F, 0xD67F, 0xD67F, 0xDE9F, 0xDEBF,
  0xDEBF, 0xE6DF, 0xE6DF, 0xE6DF, 0xE6FF, 0xE6FF, 0xE6FF, 0xE6FF, 0xE6FF, 0xE6DF, 0xE6FF, 0xE6FF, 0xDEDF, 0xDEDF, 0xDEBF, 0xDEBF,
  0xDE9F, 0xD67F, 0xD65F, 0xD63F, 0xD61F, 0xCDFF, 0xCE1F, 0xDE9F, 0xEF1F, 0xEF5F, 0xEF3F, 0xEF3F, 0xEF1F, 0xE71F, 0xEF1F, 0xEF1F,
  0xE71F, 0xE71F, 0xE6FF, 0xE6FF, 0xE6FF, 0xE6FF, 0xE6FF, 0xE6FF, 0xE6FF, 0xE6FF, 0xE6FF, 0xE6FF, 0xE6FF, 0xE6FF, 0xE6FF, 0xE6FF,
  0xE6FF, 0xE6FF, 0xE6FF, 0xE6FF, 0xE6FF, 0xE6FF, 0xE6FF, 0xE6FF, 0xE6FF, 0xE6FF, 0xE6FF, 0xE6FF, 0xE6FF, 0xE6FF, 0xE6FF, 0xE6FF,
  0xE6FF, 0xE6FF, 0xE6FF, 0xE6FF, 0xE6FF, 0xE6FF, 0xE71F, 0xE71F, 0xE71F, 0xEF1F, 0xEF1F, 0xEF3F, 0xEF3F, 0xEF3F, 0xEF5F, 0xEF5F,
  0xEF5F, 0xF77F, 0xF77F, 0xF77F, 0xF7BF, 0xFFBF, 0xF77F, 0xE6BF, 0xDE5F, 0xDE5F, 0xDE7F, 0xDE9F, 0xDEBF, 0xE6DF, 0xE6DF, 0xE6FF,
  0xE71F, 0xEF1F, 0xEF1F, 0xEF3F, 0xEF3F, 0xEF3F, 0xEF3F, 0xF75F, 0xDE5E, 0xC5BF, 0xCDDF, 0xCDDF, 0xCDDF, 0xCDDF, 0xCDBF, 0xCDDF,
  0xCDDF, 0xCDDF, 0xCDDF, 0xCDDF, 0xCDFF, 0xCDFF, 0xCDFF, 0xCDFF, 0xCE1F, 0xCDFF, 0xCE1F, 0xCE1F, 0xD61F, 0xD61F, 0xD61F, 0xD63F,
  0xD63E, 0xD63F, 0xD61F, 0xD61F, 0xD61F, 0xD61F, 0xCE1F, 0xD61F, 0xCE1F, 0xCE1F, 0xCDFF, 0xCDFF, 0xCDFF, 0xCDFF, 0xCDFF, 0xCDFF,
  0xCDDF, 0xCDDF, 0xCDDF, 0xCDDF, 0xCDDF, 0xC5DF, 0xCDDF, 0xC5DF, 0xC5BF, 0xC5BF, 0xC59F, 0xCE1F, 0xEF1F, 0xE6FF, 0xE6DF, 0xE6DF,
  0xDEBF, 0xDE9F, 0xDE9F, 0xD67F, 0xD65F, 0xD65F, 0xD61F, 0xCDFF, 0xCDFF, 0xD63F, 0xDEBF, 0xEF3F, 0xEF5F, 0xEF5F, 0xEF5F, 0xEF5F,
  0xEF3F, 0xEF3F, 0xEF3F, 0xEF3F, 0xEF3F, 0xEF3F, 0xE73F, 0xE71F, 0xE71F, 0xE71F, 0xE71F, 0xE71F, 0xE71F, 0xE71F, 0xE71F, 0xE71F,
  0xEF1F, 0xEF1F, 0xEF1F, 0xEF1F, 0xEF1F, 0xEF1F, 0xEF1F, 0xEF1F, 0xEF1F, 0xEF3F, 0xEF3F, 0xEF3F, 0xEF3F, 0xEF3F, 0xEF1F, 0xEF3F,
  0xEF1F, 0xEF1F, 0xEF1F, 0xEF3F, 0xEF3F, 0xEF3F, 0xEF3F, 0xEF3F, 0xEF3F, 0xEF5F, 0xEF5F, 0xEF5F, 0xEF5F, 0xEF5F, 0xEF7F, 0xF77F,
  0xF77F, 0xF79F, 0xF7BF, 0xFFBF, 0xF79F, 0xEF3F, 0xDE9F, 0xD63F, 0xD63F, 0xD65F, 0xD65F, 0xD67F, 0xDE7F, 0xDE9F, 0xDEBF, 0xDEBF,
  0xE6DF, 0xE6DF, 0xE6DF, 0xE6FF, 0xE6FF, 0xE6FF, 0xE6FF, 0xE6FF, 0xE6FF, 0xE6FF, 0xE6FF, 0xE6FF, 0xE6FF, 0xDEDF, 0xDEDF, 0xDEBF,
  0xDE9F, 0xDE9F, 0xD67F, 0xD65F, 0xD63F, 0xD61F, 0xD61F, 0xCDFF, 0xD63F, 0xDE9F, 0xE6FF, 0xEF3F, 0xEF3F, 0xEF3F, 0xEF3F, 0xEF3F,
  0xEF1F, 0xEF1F, 0xE71F, 0xE71F, 0xE71F, 0xE71F, 0xE6FF, 0xE6FF, 0xE6FF, 0xE6FF, 0xE6FF, 0xE6FF, 0xE6FF, 0xE6FF, 0xE6FF, 0xE6FF,
  0xE71F, 0xE71F, 0xE71F, 0xE71F, 0xEF1F, 0xEF1F, 0xEF1F, 0xEF1F, 0xEF1F, 0xEF1F, 0xE71F, 0xE71F, 0xE71F, 0xE71F, 0xE71F, 0xE71F,
  0xE71F, 0xEF1F, 0xEF1F, 0xEF1F, 0xEF1F, 0xEF1F, 0xEF3F, 0xEF3F, 0xEF3F, 0xEF3F, 0xEF3F, 0xEF3F, 0xEF5F, 0xEF5F, 0xEF5F, 0xF77F,
  0xF77F, 0xF79F, 0xFF9F, 0xFF9F, 0xF75F, 0xE6DF, 0xDE7E, 0xD65F, 0xDE5F, 0xDE7F, 0xDE9F, 0xDEBF, 0xDEBF, 0xE6DF, 0xE6FF, 0xE6FF,
  0xE71F, 0xEF1F, 0xEF1F, 0xEF3F, 0xEF3F, 0xEF3F, 0xEF5F, 0xDEBF, 0xCDDF, 0xCDDF, 0xCDDF, 0xCDDF, 0xCDDF, 0xCDDF, 0xCDDF, 0xCDDF,
  0xCDDF, 0xCDDF, 0xCDDF, 0xCDFF, 0xCDFF, 0xCDFF, 0xCDFF, 0xCDFF, 0xCE1F, 0xCE1F, 0xD61F, 0xD61F, 0xD61F, 0xD63F, 0xD63F, 0xD65F,
  0xD65E, 0xD63F, 0xD61F, 0xD61F, 0xD61F, 0xD61F, 0xD61F, 0xD61F, 0xCE1F, 0xCE1F, 0xCDFF, 0xCDFF, 0xCDFF, 0xCDFF, 0xCDFF, 0xCDFF,
  0xCDDF, 0xCDDF, 0xCDDF, 0xCDDF, 0xCDDF, 0xCDDF, 0xC5DF, 0xC5BF, 0xC5BF, 0xC5BF, 0xC5BF, 0xC59F, 0xD65F, 0xEF1F, 0xE6DF, 0xE6DF,
  0xE6DF, 0xDEBF, 0xDEBF, 0xDE7F, 0xD67F, 0xD65F, 0xD63F, 0xD63F, 0xCE1F, 0xCDFF, 0xCDFF, 0xCDFF, 0xD65F, 0xDEBF, 0xE6DF, 0xE71F,
  0xEF1F, 0xEF3F, 0xEF3F, 0xEF3F, 0xEF3F, 0xEF3F, 0xEF1F, 0xEF1F, 0xEF3F, 0xEF3F, 0xEF3F, 0xEF3F, 0xEF3F, 0xEF1F, 0xEF3F, 0xEF3F,
  0xEF3F, 0xEF5F, 0xF75F, 0xF75F, 0xF75F, 0xF75F, 0xF75F, 0xF75F, 0xF75F, 0xF75F, 0xF75F, 0xF75F, 0xF75F, 0xEF5F, 0xEF3F, 0xEF3F,
  0xEF3F, 0xEF3F, 0xEF3F, 0xEF3F, 0xEF3F, 0xEF5F, 0xEF5F, 0xEF5F, 0xF77F, 0xF77F, 0xF77F, 0xF77F, 0xF77F, 0xF79F, 0xF79F, 0xF79F,
  0xF77F, 0xF75F, 0xEF1F, 0xE6DF, 0xD65F, 0xD61F, 0xD61F, 0xD63F, 0xD63F, 0xD65F, 0xD67F, 0xDE7F, 0xDE9F, 0xDEBF, 0xDEBF, 0xDEBF,
  0xE6DF, 0xE6DF, 0xE6DF, 0xE6FF, 0xE6FF, 0xE6FF, 0xE6FF, 0xE6FF, 0xE6FF, 0xE6FF, 0xE6FF, 0xE6FF, 0xE6FF, 0xE6FF, 0xDEDF, 0xDEDF,
  0xDEBF, 0xDE9F, 0xDE9F, 0xD67F, 0xD65F, 0xD63F, 0xD63F, 0xD63F, 0xD61F, 0xCDFF, 0xCDFF, 0xD63F, 0xDE9F, 0xE6DF, 0xE6FF, 0xEF1F,
  0xEF1F, 0xEF1F, 0xEF1F, 0xEF1F, 0xEF1F, 0xEF1F, 0xE71F, 0xE6FF, 0xE6FF, 0xEEFF, 0xEEFF, 0xEF1F, 0xEF1F, 0xEF1F, 0xEF1F, 0xEF1F,
  0xEF3F, 0xEF3F, 0xEF5F, 0xF75F, 0xF75F, 0xF75F, 0xF75F, 0xF75F, 0xF75F, 0xF75F, 0xF75F, 0xF75F, 0xEF5F, 0xEF3F, 0xEF3F, 0xEF3F,
  0xEF3F, 0xEF3F, 0xEF3F, 0xEF5F, 0xEF5F, 0xF75F, 0xF75F, 0xF75F, 0xF75F, 0xF77F, 0xF77F, 0xF77F, 0xF79F, 0xF79F, 0xF79F, 0xF77F,
  0xF77F, 0xEF3F, 0xEEFF, 0xDE9F, 0xD65F, 0xD65F, 0xD65F, 0xDE7F, 0xDE9F, 0xDE9F, 0xDEBF, 0xDEBF, 0xE6DF, 0xE6FF, 0xE6FF, 0xE71F,
  0xEF1F, 0xEF1F, 0xEF3F, 0xEF3F, 0xEF3F, 0xEF3F, 0xE6FF, 0xCDDF, 0xCDDF, 0xCDDF, 0xCDDF, 0xCDDF, 0xCDDF, 0xCDDF, 0xCDDF, 0xCDDF,
  0xCDFF, 0xCDFF, 0xCDFF, 0xCDFF, 0xCDFF, 0xCDFF, 0xCE1F, 0xCE1F, 0xD61F, 0xD61F, 0xD63F, 0xD63F, 0xD63F, 0xD63F, 0xD63F, 0xD65F,
  0xD63E, 0xD63F, 0xD61F, 0xD61F, 0xD61F, 0xD61F, 0xD61F, 0xD61F, 0xCE1F, 0xCE1F, 0xCDFF, 0xCDFF, 0xCDFF, 0xCDFF, 0xCDFF, 0xCDFF,
  0xCDDF, 0xCDDF, 0xCDDF, 0xCDDF, 0xCDDF, 0xCDDF, 0xC5BF, 0xC5BF, 0xC5BF, 0xC5BF, 0xC5BF, 0xC5BF, 0xC59F, 0xD67E, 0xEF1F, 0xE6DF,
  0xE6DF, 0xE6DF, 0xDEBF, 0xDE9F, 0xDE7F, 0xD67F, 0xD65F, 0xD65F, 0xD63F, 0xD63F, 0xD61F, 0xCDFF, 0xCDDF, 0xCDDF, 0xCDDF, 0xCDDF,
  0xCDFF, 0xCDFF, 0xCE1F, 0xCE1F, 0xCE1F, 0xCDFE, 0xCDFE, 0xCDFE, 0xCDFF, 0xCDFF, 0xCDDF, 0xCDFF, 0xCDDE, 0xCDDE, 0xCDDE, 0xCDDE,
  0xCDFE, 0xCDDE, 0xCDFE, 0xCDFE, 0xCDFE, 0xCDFE, 0xCDDE, 0xCDDE, 0xCDFE, 0xCDFE, 0xCDFE, 0xCDFE, 0xCDFF, 0xCDFE, 0xCDFE, 0xCDDE,
  0xCDDE, 0xCDDE, 0xCDDE, 0xCDDE, 0xCDFE, 0xCDFE, 0xCDFE, 0xCDFE, 0xCE1E, 0xD61E, 0xD63E, 0xD63E, 0xDE5F, 0xDE7F, 0xDE7F, 0xDE5F,
  0xD65F, 0xD63F, 0xCE1F, 0xCE1F, 0xD61F, 0xD63F, 0xD63F, 0xD65F, 0xD67F, 0xD67F, 0xDE9F, 0xDE9F, 0xDEBF, 0xDEBF, 0xE6DF, 0xE6DF,
  0xE6DF, 0xE6DF, 0xE6FF, 0xE6FF, 0xE6FF, 0xE6FF, 0xE6FF, 0xE6FF, 0xE6FF, 0xE6FF, 0xE6FF, 0xE6FF, 0xE6FF, 0xE6FF, 0xE6DF, 0xDEDF,
  0xDEDF, 0xDEBF, 0xDE9F, 0xDE9F, 0xD67F, 0xD67F, 0xD65F, 0xD65F, 0xD63F, 0xD61F, 0xCDFF, 0xCDFF, 0xCDDF, 0xCDDF, 0xCDDF, 0xCDFF,
  0xCDFF, 0xCDFF, 0xCDFF, 0xCDFF, 0xCDDF, 0xCDDE, 0xCDDE, 0xCDDF, 0xCDDF, 0xCDDE, 0xCDDE, 0xCDDE, 0xCDDE, 0xCDDE, 0xCDDE, 0xCDDE,
  0xCDDE, 0xCDDE, 0xCDFE, 0xCDFF, 0xCDFE, 0xCDFE, 0xCDFE, 0xCDDE, 0xCDFE, 0xCDFE, 0xCDFE, 0xD5FE, 0xCDFE, 0xCDFF, 0xD61F, 0xCDFE,
  0xCDFE, 0xD61F, 0xD61E, 0xD61F, 0xD61F, 0xD63F, 0xD63F, 0xD65F, 0xDE5F, 0xDE7F, 0xDE9F, 0xE6BF, 0xE6BF, 0xE6BF, 0xDE9F, 0xDE7F,
  0xDE5F, 0xD65F, 0xD63F, 0xD65F, 0xD65F, 0xD65F, 0xDE7F, 0xDE7F, 0xDE9F, 0xDEBF, 0xE6BF, 0xE6DF, 0xE6FF, 0xE6FF, 0xE71F, 0xE71F,
  0xEF1F, 0xEF1F, 0xEF3F, 0xEF3F, 0xEF3F, 0xE6FF, 0xCDFE, 0xCDDF, 0xCDDF, 0xCDDF, 0xCDDF, 0xCDDF, 0xCDFF, 0xCDFF, 0xCDFF, 0xCDFF,
  0xCDFF, 0xCDFF, 0xCDFF, 0xCE1F, 0xCE1F, 0xCE1F, 0xD61F, 0xD61F, 0xD63F, 0xD63F, 0xD63F, 0xD63F, 0xD63F, 0xD63F, 0xD63F, 0xD65F,
  0xD63E, 0xD63F, 0xD63F, 0xD61F, 0xD61F, 0xD61F, 0xD61F, 0xD61F, 0xD61F, 0xCE1F, 0xCDFF, 0xCDFF, 0xCDFF, 0xCDFF, 0xCDFF, 0xCDFF,
  0xCDFF, 0xCDFF, 0xCDDF, 0xCDDF, 0xCDDF, 0xCDDF, 0xC5BF, 0xC5BF, 0xC5BF, 0xC5BF, 0xC5BF, 0xC59F, 0xC5BF, 0xC59F, 0xDE9F, 0xEF1F,
  0xE6DF, 0xE6DF, 0xE6DF, 0xDEBF, 0xDE9F, 0xDE9F, 0xDE7F, 0xD67F, 0xD65F, 0xD63F, 0xD63F, 0xD61F, 0xD61F, 0xCE1F, 0xCE1F, 0xCDFF,
  0xCDFF, 0xCDDF, 0xCDDF, 0xCDDF, 0xCDBF, 0xC5BF, 0xC5BF, 0xCDBF, 0xC5BF, 0xC5BF, 0xC5BF, 0xC59F, 0xC59F, 0xC59F, 0xC59F, 0xC59F,
  0xC59F, 0xC59F, 0xC57F, 0xC57F, 0xC57F, 0xC57F, 0xC57F, 0xC59F, 0xC59F, 0xC59F, 0xC59F, 0xC57F, 0xC59F, 0xC59F, 0xC59F, 0xC59F,
  0xC59F, 0xC59F, 0xC59F, 0xC59F, 0xC59F, 0xC59F, 0xC5BF, 0xC5BF, 0xC5BF, 0xC5BF, 0xCDDF, 0xCDDF, 0xCDDF, 0xCDDF, 0xCDFF, 0xCDFF,
  0xCE1F, 0xD61F, 0xD63F, 0xD63F, 0xD63F, 0xD65F, 0xD67F, 0xD67F, 0xDE9F, 0xDE9F, 0xDE9F, 0xDEBF, 0xDEBF, 0xDEDF, 0xE6DF, 0xE6DF,
  0xE6FF, 0xE6FF, 0xE6FF, 0xE6FF, 0xE6FF, 0xE6FF, 0xE6FF, 0xE6FF, 0xE6FF, 0xE6FF, 0xE6FF, 0xE6FF, 0xE6FF, 0xE6FF, 0xE6DF, 0xE6DF,
  0xE6DF, 0xDEDF, 0xDEBF, 0xDEBF, 0xDE9F, 0xDE9F, 0xD67F, 0xD65F, 0xD65F, 0xD63F, 0xD63F, 0xD61F, 0xD61F, 0xCE1F, 0xCDFF, 0xCDFF,
  0xCDDF, 0xCDDF, 0xC5BF, 0xC5BF, 0xC5BF, 0xC5BF, 0xC5BF, 0xC59F, 0xC5BF, 0xC5BF, 0xC59F, 0xC59F, 0xC59F, 0xC59F, 0xC59F, 0xC59F,
  0xC59F, 0xC59F, 0xC59F, 0xC59F, 0xC59F, 0xC59F, 0xC59F, 0xC59F, 0xC59F, 0xC59F, 0xC59F, 0xC59F, 0xC59F, 0xC5BF, 0xCDBF, 0xCDBF,
  0xCDBF, 0xCDBF, 0xCDBF, 0xCDBF, 0xCDDF, 0xCDDF, 0xCDDF, 0xCDDF, 0xCDDF, 0xCDFF, 0xCDFF, 0xD61F, 0xD61F, 0xD61F, 0xD63F, 0xD63F,
  0xD63F, 0xD65F, 0xD65F, 0xDE5F, 0xDE7F, 0xDE7F, 0xDE9F, 0xDE9F, 0xDEBF, 0xE6DF, 0xE6DF, 0xE6FF, 0xE6FF, 0xE6FF, 0xE71F, 0xEF1F,
  0xEF1F, 0xEF1F, 0xEF1F, 0xEF3F, 0xEF1F, 0xCE1E, 0xCDDF, 0xCDDF, 0xCDDF, 0xCDDF, 0xCDDF, 0xCDFF, 0xCDFF, 0xCDFF, 0xCDFF, 0xCDFF,
  0xCDFF, 0xCE1F, 0xCE1F, 0xCE1F, 0xD61F, 0xD61F, 0xD61F, 0xD63F, 0xD63F, 0xD63F, 0xD63F, 0xD63F, 0xD63F, 0xD63F, 0xD63F, 0xDE7F,
  0xD63E, 0xD63F, 0xD63F, 0xD61F, 0xD61F, 0xD61F, 0xD61F, 0xD61F, 0xD61F, 0xCE1F, 0xCDFF, 0xCDFF, 0xCDFF, 0xCDFF, 0xCDFF, 0xCDDF,
  0xCDDF, 0xCDDF, 0xCDDF, 0xCDDF, 0xCDDF, 0xC5DF, 0xC5BF, 0xC5BF, 0xC5BF, 0xC5BF, 0xC59F, 0xC59F, 0xC5BF, 0xC59F, 0xC5BF, 0xE6DF,
  0xE6FF, 0xE6DF, 0xE6DF, 0xE6DF, 0xDEBF, 0xDEBF, 0xDE9F, 0xDE9F, 0xD67F, 0xD67F, 0xD65F, 0xD65F, 0xD63F, 0xD63F, 0xD61F, 0xCE1F,
  0xCE1F, 0xCE1F, 0xCE1F, 0xCDFF, 0xCDFF, 0xCDFF, 0xCDFF, 0xCDFF, 0xCDFF, 0xCDDF, 0xCDDF, 0xCDDF, 0xCDDF, 0xCDDF, 0xCDDF, 0xCDDF,
  0xCDDF, 0xCDDF, 0xCDDF, 0xCDDF, 0xCDDF, 0xCDDF, 0xCDDF, 0xCDDF, 0xCDDF, 0xCDDF, 0xCDDF, 0xCDDF, 0xCDDF, 0xCDDF, 0xCDDF, 0xCDDF,
  0xCDDF, 0xCDDF, 0xCDDF, 0xCDDF, 0xCDDF, 0xCDFF, 0xCDFF, 0xCDFF, 0xCDFF, 0xCDFF, 0xCE1F, 0xCE1F, 0xCE1F, 0xD61F, 0xD61F, 0xD63F,
  0xD63F, 0xD63F, 0xD65F, 0xD65F, 0xD67F, 0xD67F, 0xDE7F, 0xDE9F, 0xDE9F, 0xDEBF, 0xDEBF, 0xDEBF, 0xE6DF, 0xE6DF, 0xE6DF, 0xE6FF,
  0xE6FF, 0xE6FF, 0xE6FF, 0xE6FF, 0xE6FF, 0xE6FF, 0xE6FF, 0xE6FF, 0xE6FF, 0xE6FF, 0xE6FF, 0xE6FF, 0xE6FF, 0xE6FF, 0xE6FF, 0xE6DF,
  0xE6DF, 0xE6DF, 0xE6DF, 0xDEBF, 0xDEBF, 0xDEBF, 0xDE9F, 0xDE9F, 0xD67F, 0xD67F, 0xD65F, 0xD63F, 0xD63F, 0xD63F, 0xD61F, 0xCE1F,
  0xCE1F, 0xCE1F, 0xCDFF, 0xCDFF, 0xCDFF, 0xCDFF, 0xCDFF, 0xCDFF, 0xCDFF, 0xCDFF, 0xCDFF, 0xCDFF, 0xCDFF, 0xCDFF, 0xCDFF, 0xCDDF,
  0xCDDF, 0xCDFF, 0xCDDF, 0xCDDF, 0xCDDF, 0xCDDF, 0xCDDF, 0xCDDF, 0xCDDF, 0xCDFF, 0xCDFF, 0xCDFF, 0xCDFF, 0xCDFF, 0xCDFF, 0xCDFF,
  0xCDFF, 0xCDFF, 0xCDFF, 0xCDFF, 0xCE1F, 0xD61F, 0xD61F, 0xD61F, 0xD61F, 0xD61F, 0xD63F, 0xD63F, 0xD63F, 0xD63F, 0xD65F, 0xD65F,
  0xD65F, 0xDE7F, 0xDE7F, 0xDE7F, 0xDE9F, 0xDE9F, 0xDEBF, 0xDEBF, 0xE6DF, 0xE6DF, 0xE6FF, 0xE6FF, 0xE6FF, 0xE71F, 0xE71F, 0xEF1F,
  0xE71F, 0xEF1F, 0xEF3F, 0xEF1F, 0xD63E, 0xCDFF, 0xCDFF, 0xCDFF, 0xCDFF, 0xCDFF, 0xCDFF, 0xCDFF, 0xCDFF, 0xCDFF, 0xCDFF, 0xCE1F,
  0xCE1F, 0xCE1F, 0xCE1F, 0xD61F, 0xD63F, 0xD63F, 0xD63F, 0xD63F, 0xD65F, 0xD63F, 0xD63F, 0xD65F, 0xD65E, 0xD63F, 0xDE7F, 0xDE9F,
  0xD63E, 0xD63F, 0xD63F, 0xD61F, 0xD61F, 0xD61F, 0xD61F, 0xD61F, 0xD61F, 0xCE1F, 0xCDFF, 0xCDFF, 0xCDFF, 0xCDFF, 0xCDFF, 0xCDFF,
  0xCDDF, 0xCDDF, 0xCDDF, 0xCDDF, 0xCDBF, 0xCDBF, 0xC5DF, 0xC5BF, 0xC5BF, 0xC5BF, 0xC5BF, 0xC59F, 0xC5BF, 0xC5BF, 0xC59F, 0xC5DF,
  0xE6FF, 0xE6FF, 0xE6DF, 0xE6DF, 0xE6DF, 0xDEBF, 0xDEBF, 0xDE9F, 0xDE9F, 0xDE9F, 0xDE7F, 0xD67F, 0xD65F, 0xD65F, 0xD63F, 0xD63F,
  0xD63F, 0xD63F, 0xD63F, 0xD63F, 0xD63F, 0xD63F, 0xD61F, 0xD61F, 0xD61F, 0xCE1F, 0xCDFF, 0xCDFF, 0xCDFF, 0xCE1F, 0xCE1F, 0xCE1F,
  0xCE1F, 0xCE1F, 0xCE1F, 0xCE1F, 0xCE1F, 0xCE1F, 0xCE1F, 0xCE1F, 0xCE1F, 0xCE1F, 0xCE1F, 0xCE1F, 0xCE1F, 0xCE1F, 0xCE1F, 0xCE1F,
  0xCE1F, 0xCE1F, 0xCE1F, 0xCDFF, 0xCE1F, 0xCE1F, 0xCE1F, 0xCE1F, 0xD61F, 0xD63F, 0xD63F, 0xD63F, 0xD63F, 0xD63F, 0xD65F, 0xD65F,
  0xD65F, 0xD65F, 0xD67F, 0xDE7F, 0xDE9F, 0xDE9F, 0xDE9F, 0xDEBF, 0xDEBF, 0xDEBF, 0xDEDF, 0xE6DF, 0xE6DF, 0xE6FF, 0xE6FF, 0xE6FF,
  0xE6FF, 0xE6FF, 0xE6FF, 0xE6FF, 0xE6FF, 0xE6FF, 0xE6FF, 0xE6FF, 0xE6FF, 0xE6FF, 0xE6FF, 0xE6FF, 0xE6FF, 0xE6FF, 0xE6FF, 0xE6FF,
  0xE6DF, 0xE6DF, 0xE6DF, 0xE6DF, 0xE6DF, 0xDEBF, 0xDEBF, 0xDE9F, 0xDE9F, 0xDE7F, 0xDE7F, 0xD67F, 0xD65F, 0xD65F, 0xD65F, 0xD63F,
  0xD63F, 0xD63F, 0xD63F, 0xD63F, 0xD63F, 0xD63F, 0xD61F, 0xD61F, 0xD61F, 0xD61F, 0xCE1F, 0xCE1F, 0xD61F, 0xD61F, 0xCE1F, 0xCE1F,
  0xCE1F, 0xCE1F, 0xCE1F, 0xCE1F, 0xCE1F, 0xCE1F, 0xCE1F, 0xCE1F, 0xCE1F, 0xD61F, 0xD61F, 0xD61F, 0xD61F, 0xD61F, 0xD61F, 0xD61F,
  0xD61F, 0xD61F, 0xD63F, 0xD63F, 0xD63F, 0xD63F, 0xD63F, 0xD63F, 0xD63F, 0xD65F, 0xD65F, 0xD65F, 0xD65F, 0xD65F, 0xDE7F, 0xDE7F,
  0xDE7F, 0xDE9F, 0xDE9F, 0xDE9F, 0xDEBF, 0xE6BF, 0xE6DF, 0xE6DF, 0xE6FF, 0xE6FF, 0xE6FF, 0xE6FF, 0xE71F, 0xE71F, 0xEF1F, 0xE71F,
  0xE71F, 0xEF1F, 0xEF1F, 0xD63E, 0xCDFF, 0xCDFF, 0xCDFF, 0xCDFF, 0xCDFF, 0xCDFF, 0xCDFF, 0xCDFF, 0xCDFF, 0xCDFF, 0xCE1F, 0xCE1F,
  0xCE1F, 0xD61F, 0xD61F, 0xD63F, 0xD63F, 0xD63F, 0xD63F, 0xD65F, 0xD65F, 0xD65F, 0xD65F, 0xD65F, 0xD65F, 0xDE9F, 0xDE7F, 0xCDFE,
  0xD63E, 0xD63F, 0xD61F, 0xD61F, 0xD61F, 0xD61F, 0xD61F, 0xD61F, 0xD61F, 0xCE1F, 0xCDFF, 0xCDFF, 0xCDFF, 0xCDFF, 0xCDFF, 0xCDFF,
  0xCDDF, 0xCDDF, 0xCDDF, 0xCDDF, 0xCDBF, 0xCDBF, 0xC5DF, 0xC5BF, 0xC5BF, 0xC5BF, 0xC5BF, 0xC5BF, 0xC59F, 0xC59F, 0xC59F, 0xC59F,
  0xCDFE, 0xE6FF, 0xE6FF, 0xE6DF, 0xE6DF, 0xE6DF, 0xE6DF, 0xDEBF, 0xDEBF, 0xDE9F, 0xDE9F, 0xDE9F, 0xD67F, 0xD67F, 0xD65F, 0xD65F,
  0xD65F, 0xD65F, 0xD65F, 0xD65F, 0xD65F, 0xD65F, 0xD65F, 0xD63F, 0xD63F, 0xD63F, 0xD63F, 0xD63F, 0xD63F, 0xD63F, 0xD63F, 0xD63F,
  0xD63F, 0xD63F, 0xD63F, 0xD63F, 0xD63F, 0xD63F, 0xD63F, 0xD63F, 0xD63F, 0xD63F, 0xD63F, 0xD63F, 0xD63F, 0xD63F, 0xD63F, 0xD63F,
  0xD63F, 0xD63F, 0xD63F, 0xD63F, 0xD63F, 0xD63F, 0xD63F, 0xD63F, 0xD65F, 0xD65F, 0xD65F, 0xD65F, 0xD65F, 0xD65F, 0xD67F, 0xD67F,
  0xD67F, 0xDE7F, 0xDE9F, 0xDE9F, 0xDE9F, 0xDEBF, 0xDEBF, 0xDEBF, 0xDEDF, 0xE6DF, 0xE6DF, 0xE6DF, 0xE6DF, 0xE6FF, 0xE6FF, 0xE6FF,
  0xE6FF, 0xE6FF, 0xE6FF, 0xE6FF, 0xE6FF, 0xE6FF, 0xE6FF, 0xE6FF, 0xE6FF, 0xE6FF, 0xE6FF, 0xE6FF, 0xE6FF, 0xE6FF, 0xE6FF, 0xE6FF,
  0xE6FF, 0xE6DF, 0xE6DF, 0xE6DF, 0xE6DF, 0xE6DF, 0xDEBF, 0xDEBF, 0xDEBF, 0xDE9F, 0xDE9F, 0xDE9F, 0xDE7F, 0xD67F, 0xD67F, 0xD67F,
  0xD67F, 0xD67F, 0xD65F, 0xD65F, 0xD65F, 0xD65F, 0xD65F, 0xD65F, 0xD63F, 0xD65F, 0xD65F, 0xD65F, 0xD65F, 0xD63F, 0xD63F, 0xD63F,
  0xD63F, 0xD63F, 0xD63F, 0xD63F, 0xD63F, 0xD63F, 0xD63F, 0xD63F, 0xD63F, 0xD63F, 0xD65F, 0xD65F, 0xD65F, 0xD65F, 0xD65F, 0xD65F,
  0xD65F, 0xD65F, 0xD65F, 0xD65F, 0xD65F, 0xD65F, 0xD65F, 0xD65F, 0xDE5F, 0xDE7F, 0xDE7F, 0xDE7F, 0xDE7F, 0xDE9F, 0xDE9F, 0xDE9F,
  0xDE9F, 0xDEBF, 0xDEBF, 0xDEBF, 0xDEBF, 0xE6DF, 0xE6DF, 0xE6FF, 0xE6FF, 0xE6FF, 0xE6FF, 0xE71F, 0xE71F, 0xE71F, 0xE71F, 0xE71F,
  0xEF1F, 0xE71F, 0xD63E, 0xCDFF, 0xCDFF, 0xCDFF, 0xCDFF, 0xCDFF, 0xCDFF, 0xCDFF, 0xCE1F, 0xCE1F, 0xCDFF, 0xCE1F, 0xCE1F, 0xCE1F,
  0xD61F, 0xD63F, 0xD63F, 0xD63F, 0xD63F, 0xD65F, 0xD65F, 0xD65F, 0xD65F, 0xD65F, 0xD65F, 0xD65F, 0xDEBF, 0xD65F, 0xCDDF, 0xCE1F,
  0xD63E, 0xD63F, 0xD61F, 0xD61F, 0xD61F, 0xD61F, 0xD61F, 0xD61F, 0xCDFF, 0xCDFF, 0xCDFF, 0xCDFF, 0xCDFF, 0xCDFF, 0xCDFF, 0xCDFF,
  0xCDDF, 0xCDDF, 0xCDDF, 0xCDDF, 0xCDBF, 0xCDBF, 0xC5BF, 0xC5BF, 0xC5BF, 0xC5BF, 0xC59F, 0xC59F, 0xC59F, 0xC59F, 0xC59F, 0xC59F,
  0xC59F, 0xD63E, 0xEF1F, 0xE6FF, 0xE6DF, 0xE6DF, 0xE6DF, 0xE6DF, 0xDEBF, 0xDEBF, 0xDE9F, 0xDE9F, 0xDE9F, 0xDE9F, 0xDE9F, 0xDE7F,
  0xDE7F, 0xDE7F, 0xD67F, 0xDE7F, 0xD65F, 0xDE7F, 0xD65F, 0xD65F, 0xD65F, 0xD65F, 0xD65F, 0xD65F, 0xD65F, 0xD65F, 0xD65F, 0xD65F,
  0xD65F, 0xD65F, 0xD65F, 0xD65F, 0xD65F, 0xD65F, 0xD65F, 0xD65F, 0xD65F, 0xD65F, 0xD65F, 0xD65F, 0xD65F, 0xD65F, 0xD65F, 0xD65F,
  0xD65F, 0xD65F, 0xD65F, 0xD65F, 0xD65F, 0xD65F, 0xD65F, 0xD65F, 0xD67F, 0xD67F, 0xD67F, 0xD67F, 0xD67F, 0xDE9F, 0xDE9F, 0xDE9F,
  0xDE9F, 0xDE9F, 0xDE9F, 0xDEBF, 0xDEBF, 0xDEBF, 0xE6DF, 0xE6DF, 0xE6DF, 0xE6DF, 0xE6DF, 0xE6DF, 0xE6FF, 0xE6FF, 0xE6FF, 0xE6FF,
  0xE6FF, 0xE6FF, 0xE6FF, 0xE6FF, 0xE6FF, 0xE6FF, 0xE6FF, 0xE6FF, 0xE6FF, 0xE6FF, 0xE6FF, 0xE6FF, 0xE6FF, 0xE6FF, 0xE6FF, 0xE6FF,
  0xE6FF, 0xE6FF, 0xE6FF, 0xE6DF, 0xE6DF, 0xE6DF, 0xE6DF, 0xDEBF, 0xDEBF, 0xDEBF, 0xDEBF, 0xDEBF, 0xDE9F, 0xDE9F, 0xDE9F, 0xDE9F,
  0xDE7F, 0xDE7F, 0xDE7F, 0xD67F, 0xDE7F, 0xD67F, 0xD67F, 0xD67F, 0xD65F, 0xDE7F, 0xDE7F, 0xDE7F, 0xDE7F, 0xDE7F, 0xDE7F, 0xD65F,
  0xD65F, 0xD65F, 0xD65F, 0xD65F, 0xD65F, 0xD65F, 0xD65F, 0xD65F, 0xD65F, 0xDE7F, 0xDE7F, 0xDE5F, 0xDE7F, 0xDE7F, 0xDE7F, 0xDE7F,
  0xDE7F, 0xD67F, 0xD67F, 0xD67F, 0xDE7F, 0xDE7F, 0xDE7F, 0xDE7F, 0xDE7F, 0xDE9F, 0xDE9F, 0xDE9F, 0xDEBF, 0xDEBF, 0xDEBF, 0xDEBF,
  0xDEBF, 0xDEBF, 0xDEDF, 0xE6DF, 0xE6DF, 0xE6DF, 0xE6FF, 0xE6FF, 0xE6FF, 0xE71F, 0xE71F, 0xE71F, 0xE71F, 0xE71F, 0xE71F, 0xEF3F,
  0xE71F, 0xD63E, 0xCDFF, 0xCE1F, 0xCDFF, 0xCE1F, 0xCE1F, 0xCDFF, 0xCDFF, 0xCDFF, 0xCE1F, 0xCE1F, 0xCE1F, 0xCE1F, 0xD61F, 0xD61F,
  0xD63F, 0xD63F, 0xD63F, 0xD65F, 0xD65F, 0xD65F, 0xD65F, 0xD65F, 0xDE7F, 0xD65F, 0xDE7F, 0xE6DF, 0xD65F, 0xCDFF, 0xCDFF, 0xCE1F,
  0xD63E, 0xD63F, 0xD63F, 0xD61F, 0xD61F, 0xD61F, 0xD61F, 0xD61F, 0xCDFF, 0xCDFF, 0xCDFF, 0xCDFF, 0xCDFF, 0xCDFF, 0xCDFF, 0xCDDF,
  0xCDDF, 0xCDDF, 0xCDDF, 0xCDDF, 0xCDDF, 0xCDBF, 0xC5DF, 0xC5BF, 0xC5BF, 0xC5BF, 0xC59F, 0xC59F, 0xC59F, 0xC59F, 0xC59F, 0xC59F,
  0xC5BF, 0xC59F, 0xD65F, 0xEF1F, 0xE6FF, 0xE6DF, 0xE6DF, 0xE6DF, 0xE6DF, 0xDEBF, 0xDEBF, 0xDEBF, 0xDEBF, 0xDEBF, 0xDE9F, 0xDE9F,
  0xDE9F, 0xDE7F, 0xDE7F, 0xDE7F, 0xDE7F, 0xDE7F, 0xDE7F, 0xDE7F, 0xDE7F, 0xDE7F, 0xDE7F, 0xDE7F, 0xDE7F, 0xDE7F, 0xD67F, 0xD67F,
  0xD67F, 0xDE7F, 0xDE7F, 0xDE7F, 0xDE7F, 0xDE7F, 0xDE7F, 0xDE7F, 0xDE7F, 0xDE7F, 0xDE7F, 0xD65F, 0xD65F, 0xDE7F, 0xD67F, 0xD67F,
  0xD67F, 0xD67F, 0xD67F, 0xDE7F, 0xDE7F, 0xDE7F, 0xDE7F, 0xDE7F, 0xD67F, 0xDE9F, 0xDE9F, 0xDE9F, 0xDE9F, 0xDE9F, 0xDE9F, 0xDEBF,
  0xDEBF, 0xDEBF, 0xDEBF, 0xDEBF, 0xDEBF, 0xE6DF, 0xE6DF, 0xE6DF, 0xE6DF, 0xE6FF, 0xE6FF, 0xE6FF, 0xE6FF, 0xE6FF, 0xE6FF, 0xE6FF,
  0xE6FF, 0xE6FF, 0xE6FF, 0xE6FF, 0xE6FF, 0xE6FF, 0xE6FF, 0xE6FF, 0xE6FF, 0xE6FF, 0xE6FF, 0xE6FF, 0xE6FF, 0xE6FF, 0xE6FF, 0xE6FF,
  0xE6FF, 0xE6FF, 0xE6FF, 0xE6FF, 0xE6FF, 0xE6FF, 0xE6DF, 0xE6DF, 0xDEBF, 0xDEBF, 0xDEBF, 0xDEBF, 0xDEBF, 0xDEBF, 0xDE9F, 0xDE9F,
  0xDE9F, 0xDE9F, 0xDE9F, 0xDE9F, 0xDE7F, 0xDE7F, 0xDE7F, 0xDE7F, 0xDE7F, 0xDE7F, 0xDE7F, 0xDE7F, 0xDE7F, 0xDE7F, 0xDE7F, 0xDE7F,
  0xDE7F, 0xDE7F, 0xDE7F, 0xDE7F, 0xDE7F, 0xDE7F, 0xDE7F, 0xDE7F, 0xDE7F, 0xDE7F, 0xDE7F, 0xDE7F, 0xDE7F, 0xDE7F, 0xDE7F, 0xDE7F,
  0xDE7F, 0xDE9F, 0xDE9F, 0xDE9F, 0xDE9F, 0xDE9F, 0xDE9F, 0xDE9F, 0xDE9F, 0xDEBF, 0xDEBF, 0xDEBF, 0xDEBF, 0xDEBF, 0xDEBF, 0xDEBF,
  0xE6DF, 0xE6DF, 0xE6DF, 0xE6FF, 0xE6FF, 0xE6FF, 0xE6FF, 0xE6FF, 0xE71F, 0xE71F, 0xE71F, 0xE71F, 0xE71F, 0xE71F, 0xEF1F, 0xE6DF,
  0xCE3F, 0xCDFF, 0xCE1F, 0xCE1F, 0xCDFF, 0xCE1F, 0xCE1F, 0xCE1F, 0xCE1F, 0xCE1F, 0xCE1F, 0xCE1F, 0xCE1F, 0xD61F, 0xD63F, 0xD63F,
  0xD63F, 0xD63F, 0xD65F, 0xD65F, 0xD65F, 0xD65F, 0xDE7F, 0xDE7F, 0xD65F, 0xDEBF, 0xE6DF, 0xD63E, 0xCDFF, 0xCDFF, 0xCDFF, 0xCDFF,
  0xD63E, 0xD63F, 0xD63F, 0xD63F, 0xD63F, 0xD63F, 0xD61F, 0xD61F, 0xD61F, 0xCE1F, 0xCDFF, 0xCDFF, 0xCDFF, 0xCDFF, 0xCDFF, 0xCDFF,
  0xCDFF, 0xCDDF, 0xCDDF, 0xCDDF, 0xCDDF, 0xC5BF, 0xC5BF, 0xC5BF, 0xC5BF, 0xC5BF, 0xC5BF, 0xC59F, 0xC59F, 0xC59F, 0xC59F, 0xC59F,
  0xC5BF, 0xC5BF, 0xC5BF, 0xDE9F, 0xE71F, 0xE6DF, 0xE6DF, 0xE6DF, 0xE6DF, 0xE6DF, 0xE6DF, 0xE6DF, 0xDEBF, 0xDEBF, 0xDEBF, 0xDE9F,
  0xDE9F, 0xDE9F, 0xDE9F, 0xDE9F, 0xDE9F, 0xDE9F, 0xDE7F, 0xDE7F, 0xDE7F, 0xDE7F, 0xDE7F, 0xDE7F, 0xDE7F, 0xD67F, 0xD67F, 0xDE7F,
  0xD67F, 0xDE7F, 0xDE7F, 0xDE7F, 0xDE7F, 0xDE7F, 0xDE7F, 0xDE7F, 0xDE7F, 0xDE7F, 0xDE7F, 0xDE7F, 0xDE7F, 0xDE7F, 0xDE7F, 0xDE7F,
  0xDE7F, 0xD67F, 0xDE7F, 0xDE7F, 0xDE7F, 0xDE7F, 0xDE7F, 0xDE7F, 0xDE9F, 0xDE9F, 0xDE9F, 0xDE9F, 0xDE9F, 0xDE9F, 0xDE9F, 0xDEBF,
  0xDEBF, 0xDEBF, 0xDEBF, 0xDEBF, 0xE6DF, 0xE6DF, 0xE6DF, 0xE6DF, 0xE6FF, 0xE6FF, 0xE6FF, 0xE6FF, 0xE6FF, 0xE6FF, 0xE6FF, 0xE6FF,
  0xE6FF, 0xE6FF, 0xE6FF, 0xE6FF, 0xE6FF, 0xE6FF, 0xE6FF, 0xE6FF, 0xE6FF, 0xE6FF, 0xE6FF, 0xE6FF, 0xE6FF, 0xE6FF, 0xE6FF, 0xE6FF,
  0xE6FF, 0xE6FF, 0xE6FF, 0xE6FF, 0xE6FF, 0xE6FF, 0xE6FF, 0xE6DF, 0xE6DF, 0xE6DF, 0xDEDF, 0xDEBF, 0xDEBF, 0xDEBF, 0xDEBF, 0xDE9F,
  0xDE9F, 0xDE9F, 0xDE9F, 0xDE9F, 0xDE9F, 0xDE9F, 0xDE9F, 0xDE9F, 0xDE9F, 0xDE9F, 0xDE7F, 0xDE7F, 0xDE9F, 0xDE9F, 0xDE7F, 0xDE7F,
  0xDE7F, 0xDE7F, 0xDE7F, 0xDE7F, 0xDE7F, 0xDE7F, 0xDE7F, 0xDE9F, 0xDE9F, 0xDE9F, 0xDE7F, 0xDE9F, 0xDE9F, 0xDE9F, 0xDE9F, 0xDE9F,
  0xDE9F, 0xDE9F, 0xDE9F, 0xDE9F, 0xDE9F, 0xDE9F, 0xDE9F, 0xDEBF, 0xDEBF, 0xDEBF, 0xDEBF, 0xDEBF, 0xDEBF, 0xDEBF, 0xDEBF, 0xDEBF,
  0xE6DF, 0xE6DF, 0xE6FF, 0xE6FF, 0xE6FF, 0xE6FF, 0xE6FF, 0xE71F, 0xE71F, 0xE71F, 0xE6FF, 0xE6FF, 0xE71F, 0xEF3F, 0xE6DF, 0xCE1F,
  0xCE1F, 0xCE1F, 0xCE1F, 0xCE1F, 0xCE1F, 0xCE1F, 0xCE1F, 0xCE1F, 0xCE1F, 0xCE1F, 0xCE1F, 0xD61F, 0xD61F, 0xD63F, 0xD63F, 0xD63F,
  0xD65F, 0xD65F, 0xD65F, 0xD65F, 0xDE7F, 0xDE7F, 0xDE7F, 0xDE9F, 0xE6DE, 0xDE9F, 0xCE1F, 0xCDFF, 0xCE1F, 0xCDFF, 0xCDFF, 0xCDFF,
  0xD65E, 0xD63F, 0xD63F, 0xD63F, 0xD63F, 0xD63F, 0xD63F, 0xD61F, 0xD61F, 0xD61F, 0xD61F, 0xCDFF, 0xCE1F, 0xCDFF, 0xCDFF, 0xCDFF,
  0xCDDF, 0xCDDF, 0xCDDF, 0xCDDF, 0xCDBF, 0xC5BF, 0xC5BF, 0xC5BF, 0xC5BF, 0xC5BF, 0xC5BF, 0xC5BF, 0xC5BF, 0xC5BF, 0xC5BF, 0xC5BF,
  0xC5BF, 0xC5BF, 0xC5BF, 0xC5BF, 0xDEBF, 0xE6FF, 0xE6DF, 0xE6DF, 0xE6DF, 0xE6DF, 0xE6DF, 0xE6DF, 0xDEBF, 0xDEBF, 0xDE9F, 0xDE9F,
  0xDE9F, 0xDE7F, 0xDE7F, 0xDE7F, 0xDE7F, 0xDE7F, 0xDE7F, 0xDE7F, 0xD67F, 0xD67F, 0xD67F, 0xD67F, 0xD67F, 0xD67F, 0xD67F, 0xD67F,
  0xD65F, 0xD67F, 0xD65F, 0xD65F, 0xD65F, 0xD65F, 0xD65F, 0xD65F, 0xD65F, 0xD65F, 0xD65F, 0xD65F, 0xD65F, 0xD67F, 0xD67F, 0xD67F,
  0xD67F, 0xD67F, 0xD67F, 0xDE5F, 0xD65F, 0xD65F, 0xDE7F, 0xD67F, 0xD67F, 0xD67F, 0xD67F, 0xD67F, 0xDE9F, 0xDE9F, 0xDE9F, 0xDE9F,
  0xDE9F, 0xDEBF, 0xDEBF, 0xDEBF, 0xE6DF, 0xDEBF, 0xE6DF, 0xE6DF, 0xE6DF, 0xE6DF, 0xE6FF, 0xE6FF, 0xE6FF, 0xE6FF, 0xE6FF, 0xE6FF,
  0xE6FF, 0xE6FF, 0xE6FF, 0xE6FF, 0xE6FF, 0xE6FF, 0xE6FF, 0xE6FF, 0xE6FF, 0xE6FF, 0xE6FF, 0xE6FF, 0xE6FF, 0xE6FF, 0xE6FF, 0xE6FF,
  0xE6FF, 0xE6FF, 0xE6FF, 0xE6FF, 0xE6FF, 0xE6FF, 0xE6DF, 0xE6DF, 0xE6DF, 0xE6DF, 0xDEDF, 0xDEBF, 0xDEBF, 0xDEBF, 0xDE9F, 0xDE9F,
  0xDE9F, 0xDE9F, 0xDE9F, 0xDE9F, 0xDE7F, 0xDE7F, 0xDE7F, 0xDE7F, 0xD67F, 0xD67F, 0xD67F, 0xD67F, 0xD67F, 0xD67F, 0xD67F, 0xD67F,
  0xD67F, 0xD67F, 0xD67F, 0xD67F, 0xD67F, 0xD67F, 0xD67F, 0xD67F, 0xD67F, 0xD67F, 0xD67F, 0xD67F, 0xD67F, 0xD67F, 0xDE7F, 0xDE7F,
  0xDE7F, 0xDE7F, 0xDE9F, 0xDE9F, 0xDE9F, 0xDE9F, 0xDE9F, 0xDE9F, 0xDE9F, 0xDE9F, 0xDE9F, 0xDE9F, 0xDEBF, 0xDEBF, 0xDEBF, 0xDEBF,
  0xE6DF, 0xE6DF, 0xE6FF, 0xE6FF, 0xE6FF, 0xE6FF, 0xE6FF, 0xE6FF, 0xE6FF, 0xE6FF, 0xE6FF, 0xE71F, 0xEF1F, 0xDE9F, 0xCE1F, 0xCE1F,
  0xD61F, 0xCE1F, 0xCE1F, 0xCE1F, 0xCE1F, 0xCE1F, 0xCE1F, 0xCE1F, 0xD61F, 0xD63F, 0xD63F, 0xD63F, 0xD63F, 0xD63F, 0xD63F, 0xD65F,
  0xD65F, 0xD65F, 0xD65F, 0xDE7F, 0xDE7F, 0xDE7F, 0xE6BF, 0xEEFF, 0xD65F, 0xCDFF, 0xCDFF, 0xCDFF, 0xCDFF, 0xCDFF, 0xCDFF, 0xCE1F,
  0xD65E, 0xD63F, 0xD63F, 0xD63F, 0xD63F, 0xD63F, 0xD63F, 0xD63F, 0xD61F, 0xD61F, 0xD61F, 0xCE1F, 0xCE1F, 0xD65F, 0xD63F, 0xCDFF,
  0xCDDF, 0xCDDF, 0xCDDF, 0xCDDF, 0xCDDF, 0xCDBF, 0xCDBF, 0xC5BF, 0xC5BF, 0xC5BF, 0xC5BF, 0xC5BF, 0xC5BF, 0xC5BF, 0xC5BF, 0xC5BF,
  0xC5BF, 0xC5BF, 0xC5BF, 0xC5BF, 0xC5DE, 0xE6DF, 0xE6FF, 0xDEDF, 0xE6DF, 0xE6DF, 0xE6DF, 0xDEBF, 0xDEBF, 0xDE9F, 0xDEBF, 0xE6BF,
  0xE6DF, 0xE6FF, 0xE6FF, 0xE6FF, 0xE6FF, 0xE6FF, 0xE6DF, 0xE6DF, 0xE6DF, 0xE6DF, 0xE6DF, 0xE6DF, 0xE6DF, 0xE6DF, 0xE6DF, 0xE6DF,
  0xE6DF, 0xE6DF, 0xE6DF, 0xE6DF, 0xE6DF, 0xE6DF, 0xE6DF, 0xE6DF, 0xE6DF, 0xE6DF, 0xE6DF, 0xE6DF, 0xE6DF, 0xE6DF, 0xE6DF, 0xDEDF,
  0xDEBF, 0xDEDF, 0xE6DF, 0xE6BF, 0xDEBF, 0xE6BF, 0xE6BF, 0xE6DF, 0xE6DF, 0xDEDF, 0xE6DF, 0xE6DF, 0xE6DF, 0xE6DF, 0xE6DF, 0xE6DF,
  0xDEBF, 0xDEBE, 0xDEBF, 0xDEBF, 0xDEBF, 0xE6DF, 0xE6DF, 0xE6DF, 0xE6DF, 0xE6DF, 0xE6FF, 0xE6FF, 0xE6FF, 0xE6FF, 0xE6FF, 0xE6FF,
  0xE6FF, 0xE6FF, 0xE6FF, 0xE6FF, 0xE6FF, 0xE6FF, 0xE6FF, 0xE6FF, 0xE6FF, 0xE6FF, 0xE6FF, 0xE6FF, 0xE6FF, 0xE6FF, 0xE6FF, 0xE6FF,
  0xE6FF, 0xE6FF, 0xE6FF, 0xE6FF, 0xE6DF, 0xE6DF, 0xE6DF, 0xE6DF, 0xE6DF, 0xE6DF, 0xDEBF, 0xDEBF, 0xDEBF, 0xDEBF, 0xDEBF, 0xE6DF,
  0xE6FF, 0xE6FF, 0xE6FF, 0xE6FF, 0xE6FF, 0xE6FF, 0xE6DF, 0xE6DF, 0xE6DF, 0xE6DF, 0xE6DF, 0xE6DF, 0xE6DF, 0xE6DF, 0xE6DF, 0xE6DF,
  0xE6DF, 0xE6DF, 0xE6DF, 0xE6DF, 0xE6DF, 0xE6DF, 0xDEDF, 0xDEBF, 0xE6DF, 0xDEDF, 0xDEDF, 0xDEBF, 0xDEDF, 0xE6DF, 0xE6DF, 0xE6DF,
  0xE6DF, 0xE6DF, 0xE6DF, 0xE6DF, 0xE6FF, 0xE6DF, 0xE6DF, 0xE6FF, 0xE6FF, 0xE6FF, 0xE6FF, 0xE6FF, 0xE6FF, 0xE6FF, 0xE6FF, 0xE6DF,
  0xDEDF, 0xDEDF, 0xE6DF, 0xE6DF, 0xE6FF, 0xE6FF, 0xE6FF, 0xE6FF, 0xE6FF, 0xE6FF, 0xE71F, 0xE6FF, 0xD65F, 0xCDFF, 0xCE1F, 0xCE1F,
  0xCE1F, 0xCE1F, 0xCE1F, 0xD61F, 0xD61F, 0xD61F, 0xD61F, 0xD61F, 0xD63F, 0xD63F, 0xD63F, 0xD63F, 0xD63F, 0xD63F, 0xD65F, 0xD65F,
  0xD65F, 0xDE5F, 0xDE7F, 0xDE7F, 0xDEBF, 0xEEFF, 0xE6BF, 0xD61F, 0xCDFF, 0xCE1F, 0xCDFF, 0xCDFF, 0xCDFF, 0xCDFF, 0xCDFF, 0xCE1F,
  0xD65E, 0xD63F, 0xD63F, 0xD63F, 0xD63F, 0xD63F, 0xD63F, 0xD63F, 0xD63F, 0xD63F, 0xD63F, 0xD63F, 0xCDFF, 0xE6FF, 0xE6FF, 0xCDFF,
  0xD5FF, 0xCDDF, 0xCDDF, 0xCDDF, 0xCDDF, 0xCDBF, 0xC5BF, 0xC5BF, 0xC5BF, 0xC5BF, 0xC5BF, 0xC5BF, 0xC5BF, 0xC5BF, 0xC5BF, 0xC5BF,
  0xC5BF, 0xC5BF, 0xC5BF, 0xC5BF, 0xC5BF, 0xC5DE, 0xE6DF, 0xE6DF, 0xDEBF, 0xDEBF, 0xDEBF, 0xE6FF, 0xEF3F, 0xF77F, 0xF79F, 0xF79F,
  0xFFBF, 0xFFBF, 0xFFBF, 0xFFBF, 0xF7BF, 0xF7BF, 0xF79F, 0xF79F, 0xF79F, 0xF79F, 0xF79F, 0xF79F, 0xF79F, 0xF79F, 0xF79F, 0xF79F,
  0xF79F, 0xF79F, 0xF79F, 0xF79F, 0xF79F, 0xF79F, 0xF79F, 0xF79F, 0xF79F, 0xF79F, 0xF79F, 0xF79F, 0xF79F, 0xF77F, 0xF77F, 0xF77F,
  0xF77F, 0xF77F, 0xF77F, 0xF77F, 0xEF5F, 0xF77F, 0xF77F, 0xF77F, 0xF77F, 0xF77F, 0xF77F, 0xF77F, 0xF77F, 0xF77F, 0xF77F, 0xF77F,
  0xF77F, 0xEF5F, 0xEF3F, 0xE6FF, 0xDEBF, 0xDEBF, 0xDEBF, 0xE6DF, 0xE6DF, 0xE6DF, 0xE6DF, 0xE6DF, 0xE6FF, 0xE6FF, 0xE6FF, 0xE6FF,
  0xE6FF, 0xE6FF, 0xE6FF, 0xE6FF, 0xE6FF, 0xE6FF, 0xE6FF, 0xE6FF, 0xE6FF, 0xE6FF, 0xE6FF, 0xE6FF, 0xE6FF, 0xE6FF, 0xE6FF, 0xE6FF,
  0xE6FF, 0xE6FF, 0xE6FF, 0xE6DF, 0xE6DF, 0xE6DF, 0xDEDF, 0xDEDF, 0xDEBF, 0xDEBF, 0xE6DF, 0xEF1F, 0xEF5F, 0xF77F, 0xF79F, 0xF79F,
  0xF7BF, 0xF7BF, 0xF7BF, 0xF7BF, 0xF79F, 0xF79F, 0xF79F, 0xF79F, 0xF79F, 0xF79F, 0xF79F, 0xF79F, 0xF79F, 0xF79F, 0xF79F, 0xF77F,
  0xF79F, 0xF79F, 0xF79F, 0xF79F, 0xF77F, 0xF77F, 0xF77F, 0xF77F, 0xF77F, 0xF77F, 0xF77F, 0xF77F, 0xF77F, 0xF77F, 0xF77F, 0xF77F,
  0xF77F, 0xF77F, 0xF77F, 0xF77F, 0xF77F, 0xF77F, 0xF77F, 0xF77F, 0xF77F, 0xF77F, 0xF77F, 0xF77F, 0xF77F, 0xF77F, 0xF77F, 0xF77F,
  0xEF5F, 0xEF3F, 0xEF1F, 0xE6FF, 0xE6DF, 0xE6DF, 0xE6FF, 0xE6FF, 0xE6FF, 0xE6FF, 0xDE9F, 0xCE1F, 0xCDFF, 0xCE1F, 0xCE1F, 0xCE1F,
  0xD61F, 0xD61F, 0xD61F, 0xD61F, 0xD63F, 0xD63F, 0xD63F, 0xD63F, 0xD63F, 0xD63F, 0xD63F, 0xD63F, 0xD65F, 0xD65F, 0xD65F, 0xD65F,
  0xDE7F, 0xD65F, 0xDE7F, 0xE6DF, 0xE6DF, 0xD67F, 0xCDFF, 0xCDFF, 0xCE1F, 0xCDFF, 0xCDFF, 0xCDFF, 0xCDFF, 0xCDFF, 0xCDFF, 0xD61F,
  0xD65E, 0xD63F, 0xD63F, 0xD63F, 0xD63F, 0xD63F, 0xD63F, 0xD63F, 0xD63F, 0xD63F, 0xD63F, 0xCE3F, 0xDE9F, 0xFFDF, 0xFFBF, 0xD67F,
  0xCDFF, 0xCDFF, 0xCDFF, 0xCDDF, 0xCDDF, 0xCDBF, 0xC5BF, 0xC5BF, 0xC5BF, 0xC5BF, 0xC5BF, 0xC5BF, 0xC5BF, 0xC5BF, 0xC5BF, 0xC5BF,
  0xC5BF, 0xC5BF, 0xC5BF, 0xC5BF, 0xC5BF, 0xC59F, 0xCE1F, 0xE6BF, 0xDEBF, 0xE6FF, 0xF77F, 0xFFBF, 0xFFBF, 0xFFBF, 0xF7BF, 0xF79F,
  0xF79F, 0xF79F, 0xF79F, 0xF79F, 0xF79F, 0xF77F, 0xF77F, 0xF77F, 0xF77F, 0xF77F, 0xF77F, 0xF77F, 0xF77F, 0xF77F, 0xF77F, 0xF77F,
  0xF77F, 0xF77F, 0xF77F, 0xF77F, 0xF77F, 0xEF5F, 0xEF5F, 0xEF5F, 0xEF5F, 0xEF5F, 0xEF5F, 0xEF5F, 0xEF5F, 0xEF5F, 0xEF5F, 0xEF5F,
  0xEF5F, 0xEF5F, 0xEF5F, 0xEF5F, 0xEF5F, 0xEF5F, 0xEF5F, 0xEF5F, 0xEF5F, 0xEF5F, 0xEF5F, 0xEF5F, 0xEF5F, 0xEF5F, 0xEF5F, 0xEF5F,
  0xF77F, 0xF77F, 0xF77F, 0xF77F, 0xF77F, 0xEF3F, 0xE6DF, 0xDEBF, 0xDEBF, 0xE6DF, 0xE6DF, 0xE6DF, 0xE6DF, 0xE6FF, 0xE6FF, 0xE6FF,
  0xE6FF, 0xE6FF, 0xE6FF, 0xE6FF, 0xE6FF, 0xE6FF, 0xE6FF, 0xE6FF, 0xE6FF, 0xE6FF, 0xE6FF, 0xE6FF, 0xE6FF, 0xE6FF, 0xE6FF, 0xE6FF,
  0xE6FF, 0xE6FF, 0xE6FF, 0xE6DF, 0xE6DF, 0xE6DF, 0xDEBF, 0xDEBF, 0xE6FF, 0xEF5F, 0xF79F, 0xFFBF, 0xFFBF, 0xF79F, 0xF79F, 0xF79F,
  0xF77F, 0xF79F, 0xF77F, 0xF77F, 0xF77F, 0xF77F, 0xF77F, 0xF77F, 0xF77F, 0xF77F, 0xF77F, 0xF77F, 0xF77F, 0xF77F, 0xEF5F, 0xEF5F,
  0xEF5F, 0xEF5F, 0xEF5F, 0xEF5F, 0xEF5F, 0xEF5F, 0xEF5F, 0xEF5F, 0xEF5F, 0xEF5F, 0xEF5F, 0xEF5F, 0xEF5F, 0xEF5F, 0xEF5F, 0xEF5F,
  0xEF5F, 0xEF5F, 0xEF5F, 0xEF5F, 0xEF5F, 0xEF5F, 0xEF5F, 0xEF5F, 0xEF5F, 0xEF5F, 0xEF5F, 0xEF5F, 0xEF5F, 0xEF5F, 0xEF5F, 0xEF5F,
  0xF77F, 0xF77F, 0xF79F, 0xF77F, 0xEF5F, 0xE6FF, 0xDEDF, 0xE6FF, 0xE6DF, 0xD63F, 0xCDFE, 0xCDFF, 0xCE1F, 0xCE1F, 0xCE1F, 0xCE1F,
  0xD61F, 0xD61F, 0xD61F, 0xD61F, 0xD63F, 0xD63F, 0xD63F, 0xD63F, 0xD63F, 0xD63F, 0xD63F, 0xD63F, 0xD65F, 0xD65F, 0xD65F, 0xDE5F,
  0xDE7F, 0xE6BF, 0xE6BF, 0xDE7F, 0xCE1F, 0xCDFF, 0xCE1F, 0xCDFF, 0xCDFF, 0xCDFF, 0xCDFF, 0xCE1F, 0xCDFF, 0xCDFF, 0xCDFF, 0xD61F,
  0xD65E, 0xD63F, 0xD63F, 0xD63F, 0xD63F, 0xD63F, 0xD63F, 0xD63F, 0xD65F, 0xD63F, 0xDE7E, 0xEF1F, 0xFFFF, 0xFFFF, 0xFFFF, 0xFFDF,
  0xE6DF, 0xD61F, 0xCDFF, 0xCDDF, 0xCDDF, 0xCDBF, 0xC5BF, 0xC5BF, 0xC5BF, 0xC5BF, 0xC5BF, 0xC5BF, 0xC5BF, 0xC5BF, 0xC5BF, 0xC5BF,
  0xC5BF, 0xC5BF, 0xC5BF, 0xC5BF, 0xCDDF, 0xCDFF, 0xCDFF, 0xDEBF, 0xF79F, 0xFFBF, 0xFFBF, 0xF7BF, 0xF79F, 0xF79F, 0xF79F, 0xF79F,
  0xF79F, 0xF79F, 0xF77F, 0xF77F, 0xF77F, 0xF77F, 0xF77F, 0xF77F, 0xF77F, 0xF77F, 0xF77F, 0xF77F, 0xF77F, 0xF77F, 0xF77F, 0xF77F,
  0xF77F, 0xF77F, 0xF77F, 0xF77F, 0xF77F, 0xF75F, 0xF75F, 0xEF5F, 0xEF5F, 0xEF5F, 0xEF5F, 0xEF5F, 0xEF5F, 0xEF5F, 0xEF5F, 0xEF5F,
  0xEF5F, 0xEF5F, 0xEF5F, 0xEF5F, 0xEF5F, 0xEF5F, 0xEF5F, 0xEF5F, 0xEF5F, 0xEF5F, 0xEF5F, 0xEF5F, 0xEF5F, 0xEF5F, 0xEF5F, 0xEF5F,
  0xEF5F, 0xF75F, 0xF77F, 0xF77F, 0xF77F, 0xF77F, 0xF77F, 0xEF3F, 0xDEDE, 0xDEBF, 0xE6DF, 0xE6DF, 0xE6DF, 0xE6FF, 0xE6FF, 0xE6FF,
  0xE6FF, 0xE6FF, 0xE6FF, 0xE6FF, 0xE6FF, 0xE6FF, 0xE6FF, 0xE6FF, 0xE6FF, 0xE6FF, 0xE6FF, 0xE6FF, 0xE6FF, 0xE6FF, 0xE6FF, 0xE6FF,
  0xE6DF, 0xE6DF, 0xE6FF, 0xE6DF, 0xE6DF, 0xDEBF, 0xE6DF, 0xEF5F, 0xFFBF, 0xFFDF, 0xF7BF, 0xF79F, 0xF79F, 0xF79F, 0xF79F, 0xF77F,
  0xF77F, 0xF77F, 0xF77F, 0xF77F, 0xF77F, 0xF77F, 0xF77F, 0xF77F, 0xF77F, 0xF77F, 0xF77F, 0xF77F, 0xF77F, 0xEF5F, 0xEF5F, 0xEF5F,
  0xEF5F, 0xEF5F, 0xEF5F, 0xEF5F, 0xEF5F, 0xEF5F, 0xEF5F, 0xEF5F, 0xEF5F, 0xEF5F, 0xEF5F, 0xEF5F, 0xEF5F, 0xEF5F, 0xEF5F, 0xEF5F,
  0xEF5F, 0xEF5F, 0xEF3F, 0xEF5F, 0xEF5F, 0xEF5F, 0xEF5F, 0xEF5F, 0xEF5F, 0xEF5F, 0xEF5F, 0xEF5F, 0xEF5F, 0xEF5F, 0xEF5F, 0xEF5F,
  0xEF5F, 0xEF5F, 0xF77F, 0xF77F, 0xF77F, 0xF77F, 0xEF5F, 0xDEBF, 0xCDFE, 0xCDFF, 0xCDFF, 0xCDFF, 0xCDFF, 0xCE1F, 0xCE1F, 0xCE1F,
  0xD61F, 0xD63F, 0xD63F, 0xD63F, 0xD63F, 0xD63F, 0xD63F, 0xD63F, 0xD63F, 0xD65F, 0xD65F, 0xD65F, 0xD65F, 0xD65F, 0xDE7F, 0xDE9F,
  0xDE9F, 0xD65F, 0xCDFF, 0xCDFF, 0xCE1F, 0xCE1F, 0xCDFF, 0xCDFF, 0xCDFF, 0xCE1F, 0xCE1F, 0xCE1F, 0xCDFF, 0xCDFF, 0xCDFF, 0xD61F,
  0xD63E, 0xD63F, 0xD63F, 0xD63F, 0xD63F, 0xD63F, 0xD63F, 0xD63F, 0xD65F, 0xD65F, 0xD65F, 0xD67F, 0xE71F, 0xFFFF, 0xFFDF, 0xE6DF,
  0xD63F, 0xCDFF, 0xCDFF, 0xCDFF, 0xCDDF, 0xCDDF, 0xC5BF, 0xC5BF, 0xC5BF, 0xC5BF, 0xC5BF, 0xC5BF, 0xC5BF, 0xC5BF, 0xC5BF, 0xC5BF,
  0xC5BF, 0xC5BF, 0xCDBF, 0xCDDF, 0xCDFF, 0xD65F, 0xEF3F, 0xFFDF, 0xFFDF, 0xF7BF, 0xF7BF, 0xF79F, 0xF79F, 0xF79F, 0xF79F, 0xF79F,
  0xF79F, 0xF77F, 0xF77F, 0xF77F, 0xF77F, 0xF77F, 0xF77F, 0xF77F, 0xF77F, 0xF77F, 0xF77F, 0xF77F, 0xF77F, 0xF77F, 0xF77F, 0xF77F,
  0xEF7F, 0xF77F, 0xF75F, 0xEF5F, 0xEF5F, 0xEF5F, 0xEF5F, 0xEF5F, 0xEF5F, 0xEF5F, 0xEF5F, 0xEF5F, 0xEF5F, 0xEF5F, 0xEF5F, 0xEF5F,
  0xEF5F, 0xEF5F, 0xEF5F, 0xEF5F, 0xEF5F, 0xEF5F, 0xEF5F, 0xEF5F, 0xEF5F, 0xEF5F, 0xEF5F, 0xEF5F, 0xEF5F, 0xEF5F, 0xEF5F, 0xEF5F,
  0xEF5F, 0xEF5F, 0xF75F, 0xEF5F, 0xF77F, 0xF77F, 0xF77F, 0xF79F, 0xF77F, 0xE6FF, 0xDEBF, 0xDEDF, 0xE6DF, 0xE6DF, 0xE6DF, 0xE6FF,
  0xE6FF, 0xE6FF, 0xE6FF, 0xE6FF, 0xE6FF, 0xE6FF, 0xE6FF, 0xE6FF, 0xE6FF, 0xE6FF, 0xE6FF, 0xE6FF, 0xE6FF, 0xE6FF, 0xE6FF, 0xE6FF,
  0xE6DF, 0xE6DF, 0xE6DF, 0xE6DF, 0xDEBF, 0xEF3F, 0xFFBF, 0xFFDF, 0xF7BF, 0xF79F, 0xF79F, 0xF79F, 0xF79F, 0xF79F, 0xF77F, 0xF77F,
  0xF77F, 0xF77F, 0xF77F, 0xF77F, 0xF77F, 0xF77F, 0xF77F, 0xF77F, 0xF77F, 0xF77F, 0xF77F, 0xF77F, 0xEF5F, 0xEF5F, 0xEF5F, 0xEF5F,
  0xEF5F, 0xEF5F, 0xEF5F, 0xEF5F, 0xEF5F, 0xEF5F, 0xEF5F, 0xEF5F, 0xEF5F, 0xEF5F, 0xEF5F, 0xEF5F, 0xEF5F, 0xEF5F, 0xEF5F, 0xEF3F,
  0xEF3F, 0xEF3F, 0xEF3F, 0xEF3F, 0xEF3F, 0xEF3F, 0xEF5F, 0xEF3F, 0xEF5F, 0xEF3F, 0xEF3F, 0xEF5F, 0xEF5F, 0xEF5F, 0xEF5F, 0xEF5F,
  0xEF5F, 0xEF5F, 0xEF7F, 0xF77F, 0xF75F, 0xF77F, 0xF79F, 0xF77F, 0xDEBF, 0xCDFF, 0xCDFF, 0xCDFF, 0xCDFF, 0xCDFF, 0xCE1F, 0xCE1F,
  0xD61F, 0xD61F, 0xD63F, 0xD63F, 0xD63F, 0xD63F, 0xD63F, 0xD63F, 0xD63F, 0xD65F, 0xD65F, 0xD65F, 0xDE7F, 0xDE7F, 0xDE7F, 0xD63F,
  0xCDFF, 0xCDFF, 0xCDFF, 0xCE1F, 0xCDFF, 0xCDFF, 0xCDFF, 0xCDFF, 0xCDFF, 0xCE1F, 0xCE1F, 0xCE1F, 0xCDFF, 0xCDFF, 0xCDFF, 0xD61F,
  0xD63E, 0xD63F, 0xD63F, 0xD63F, 0xD63F, 0xD63F, 0xD63F, 0xD63F, 0xD63F, 0xD63F, 0xD63F, 0xD65F, 0xD63F, 0xEF5F, 0xEF1F, 0xCDFF,
  0xD61F, 0xCDFF, 0xCDFF, 0xCDFF, 0xCDDF, 0xCDDF, 0xCDDF, 0xCDBF, 0xC5BF, 0xC5BF, 0xC5BF, 0xC5BF, 0xC5BF, 0xC5BF, 0xC5BF, 0xC5BF,
  0xC5BF, 0xCDBF, 0xCDDF, 0xD5FF, 0xDE9F, 0xF79F, 0xFFFF, 0xFFDF, 0xF7BF, 0xF7BF, 0xF79F, 0xF79F, 0xF79F, 0xF79F, 0xF79F, 0xF77F,
  0xF77F, 0xF77F, 0xF77F, 0xF77F, 0xF77F, 0xF77F, 0xF77F, 0xF77F, 0xF77F, 0xF77F, 0xEF5F, 0xF75F, 0xEF5F, 0xEF5F, 0xEF5F, 0xF75F,
  0xEF5F, 0xEF5F, 0xEF5F, 0xEF5F, 0xEF5F, 0xEF5F, 0xEF5F, 0xEF5F, 0xEF5F, 0xEF5F, 0xEF5F, 0xEF5F, 0xEF5F, 0xEF5F, 0xEF5F, 0xEF5F,
  0xEF5F, 0xEF3F, 0xEF3F, 0xEF5F, 0xEF3F, 0xEF3F, 0xEF3F, 0xEF3F, 0xEF5F, 0xEF5F, 0xEF5F, 0xEF5F, 0xEF5F, 0xEF5F, 0xEF5F, 0xEF5F,
  0xEF5F, 0xEF5F, 0xEF5F, 0xEF5F, 0xF77F, 0xF77F, 0xF77F, 0xF77F, 0xF77F, 0xF79F, 0xEF1F, 0xDEBF, 0xE6DF, 0xE6DF, 0xE6DF, 0xE6DF,
  0xE6FF, 0xE6FF, 0xE6FF, 0xE6FF, 0xE6FF, 0xE6FF, 0xE6FF, 0xE6FF, 0xE6FF, 0xE6FF, 0xE6FF, 0xE6FF, 0xE6FF, 0xE6FF, 0xE6FF, 0xE6DF,
  0xE6DF, 0xE6DF, 0xE6DF, 0xDEBF, 0xEF5F, 0xFFDF, 0xFFBF, 0xF7BF, 0xF79F, 0xF79F, 0xF79F, 0xF79F, 0xF77F, 0xF77F, 0xF77F, 0xF77F,
  0xF77F, 0xF77F, 0xF77F, 0xF77F, 0xF77F, 0xF77F, 0xF77F, 0xF77F, 0xF77F, 0xF77F, 0xEF5F, 0xEF5F, 0xEF5F, 0xEF5F, 0xEF5F, 0xEF5F,
  0xEF5F, 0xEF5F, 0xEF5F, 0xEF5F, 0xEF5F, 0xEF5F, 0xEF5F, 0xEF5F, 0xEF5F, 0xEF5F, 0xEF5F, 0xEF3F, 0xEF5F, 0xEF5F, 0xEF3F, 0xEF3F,
  0xEF3F, 0xEF5F, 0xEF5F, 0xEF3F, 0xEF3F, 0xEF3F, 0xEF3F, 0xEF3F, 0xEF3F, 0xEF3F, 0xEF3F, 0xEF3F, 0xEF5F, 0xEF5F, 0xEF5F, 0xEF5F,
  0xEF5F, 0xEF5F, 0xEF5F, 0xF77F, 0xEF7F, 0xEF7F, 0xF77F, 0xF79F, 0xF7BF, 0xE6FF, 0xCDFE, 0xD5FF, 0xD61F, 0xD61F, 0xCE1F, 0xD61F,
  0xD61F, 0xD63F, 0xD63F, 0xD63F, 0xD63F, 0xD63F, 0xD63F, 0xD65F, 0xD65F, 0xDE5F, 0xD65F, 0xD65F, 0xD63F, 0xCDFF, 0xCDFF, 0xCDFF,
  0xCDFF, 0xCDFF, 0xCDFF, 0xCDFF, 0xCDFF, 0xCDFF, 0xCDFF, 0xCDFF, 0xCE1F, 0xCE1F, 0xCE1F, 0xD61F, 0xCDFF, 0xCDFF, 0xCE1F, 0xD61F,
  0xD65E, 0xD65F, 0xD63F, 0xD65F, 0xD65F, 0xD65F, 0xD63F, 0xD63F, 0xD63F, 0xD63F, 0xD63F, 0xD63F, 0xD63F, 0xDE9F, 0xDE9F, 0xCE1F,
  0xD61F, 0xCDFF, 0xCDFF, 0xCDFF, 0xCDDF, 0xCDDF, 0xCDDF, 0xCDBF, 0xC5BF, 0xC5BF, 0xC5BF, 0xC5BF, 0xC5BF, 0xC5BF, 0xC5BF, 0xC5BF,
  0xCDBF, 0xCDBF, 0xCDFF, 0xDE9F, 0xFFBF, 0xFFDF, 0xFFBF, 0xFFBF, 0xF7BF, 0xF79F, 0xF79F, 0xF79F, 0xF79F, 0xF79F, 0xF79F, 0xF77F,
  0xF77F, 0xF77F, 0xF77F, 0xF77F, 0xF77F, 0xEF5F, 0xF77F, 0xF77F, 0xEF5F, 0xEF5F, 0xEF5F, 0xEF5F, 0xEF5F, 0xEF5F, 0xEF5F, 0xEF5F,
  0xEF5F, 0xEF5F, 0xEF5F, 0xEF5F, 0xEF5F, 0xEF5F, 0xEF5F, 0xEF5F, 0xEF5F, 0xEF3F, 0xEF5F, 0xEF3F, 0xEF5F, 0xEF5F, 0xEF3F, 0xEF3F,
  0xEF5F, 0xEF5F, 0xEF3F, 0xEF3F, 0xEF3F, 0xEF3F, 0xEF3F, 0xEF3F, 0xEF3F, 0xEF3F, 0xEF5F, 0xEF3F, 0xEF3F, 0xEF3F, 0xEF5F, 0xEF5F,
  0xEF5F, 0xEF5F, 0xEF5F, 0xEF5F, 0xEF5F, 0xF77F, 0xF77F, 0xF77F, 0xF77F, 0xF77F, 0xF79F, 0xEF3F, 0xDEBF, 0xDEBF, 0xE6DF, 0xE6DF,
  0xE6DF, 0xE6DF, 0xE6FF, 0xE6FF, 0xE6FF, 0xE6FF, 0xE6FF, 0xE6FF, 0xE6FF, 0xE6FF, 0xE6FF, 0xE6FF, 0xE6FF, 0xE6FF, 0xE6DF, 0xE6DF,
  0xE6DF, 0xDEDF, 0xDEBF, 0xF77F, 0xFFDF, 0xFFBF, 0xFFBF, 0xF79F, 0xF79F, 0xF79F, 0xF79F, 0xF79F, 0xF77F, 0xF77F, 0xF77F, 0xF77F,
  0xF77F, 0xF77F, 0xEF5F, 0xF75F, 0xEF5F, 0xEF5F, 0xEF5F, 0xEF5F, 0xEF5F, 0xEF5F, 0xEF5F, 0xEF5F, 0xEF5F, 0xEF5F, 0xEF5F, 0xEF5F,
  0xEF5F, 0xEF5F, 0xEF3F, 0xEF5F, 0xEF3F, 0xEF3F, 0xEF3F, 0xEF5F, 0xEF3F, 0xEF5F, 0xEF3F, 0xEF3F, 0xEF3F, 0xEF3F, 0xEF3F, 0xEF3F,
  0xEF3F, 0xEF3F, 0xEF3F, 0xEF3F, 0xEF3F, 0xEF3F, 0xEF3F, 0xEF3F, 0xEF3F, 0xEF3F, 0xEF3F, 0xEF3F, 0xEF3F, 0xEF3F, 0xEF5F, 0xEF5F,
  0xEF5F, 0xEF5F, 0xEF5F, 0xEF5F, 0xEF7F, 0xF77F, 0xF77F, 0xF77F, 0xF77F, 0xF79F, 0xEF1F, 0xD63F, 0xD63F, 0xD63F, 0xD63F, 0xD61F,
  0xD63F, 0xD63F, 0xD63F, 0xD63F, 0xD65F, 0xD65F, 0xD63F, 0xD63F, 0xD63F, 0xCE1F, 0xCDFF, 0xCDFF, 0xCDDF, 0xCDFF, 0xCDFF, 0xCDFF,
  0xCDFF, 0xCDFF, 0xCDFF, 0xCDFF, 0xCDFF, 0xCDFF, 0xCDFF, 0xCDFF, 0xCE1F, 0xCE1F, 0xCE1F, 0xD61F, 0xD61F, 0xCDFF, 0xCE1F, 0xD63F,
  0xD65E, 0xD65F, 0xD63F, 0xD65F, 0xD65F, 0xD65F, 0xD63F, 0xD63F, 0xD63F, 0xD63F, 0xD63F, 0xD63F, 0xD63F, 0xD63F, 0xD63F, 0xD61F,
  0xD61F, 0xCDFF, 0xCDFF, 0xCDFF, 0xCDFF, 0xCDDF, 0xCDDF, 0xCDBF, 0xCDBF, 0xC5BF, 0xC5BF, 0xC5BF, 0xC5BF, 0xC5BF, 0xC5BF, 0xC5BF,
  0xCDBF, 0xCDDF, 0xDE7F, 0xF79F, 0xFFDF, 0xFFBF, 0xFFBF, 0xFFBF, 0xF79F, 0xF79F, 0xF79F, 0xF79F, 0xF77F, 0xF77F, 0xF77F, 0xF77F,
  0xF77F, 0xF77F, 0xF77F, 0xF77F, 0xEF5F, 0xEF5F, 0xEF5F, 0xEF5F, 0xEF5F, 0xEF5F, 0xEF5F, 0xEF5F, 0xEF5F, 0xEF5F, 0xEF5F, 0xEF5F,
  0xEF5F, 0xEF5F, 0xEF5F, 0xEF5F, 0xEF5F, 0xEF5F, 0xEF5F, 0xEF3F, 0xEF5F, 0xEF3F, 0xEF3F, 0xEF3F, 0xEF3F, 0xEF3F, 0xEF3F, 0xEF3F,
  0xEF3F, 0xEF3F, 0xEF3F, 0xEF3F, 0xEF3F, 0xEF3F, 0xEF3F, 0xEF3F, 0xEF3F, 0xEF3F, 0xEF3F, 0xEF3F, 0xEF3F, 0xEF3F, 0xEF3F, 0xEF3F,
  0xEF5F, 0xEF5F, 0xEF5F, 0xEF5F, 0xEF5F, 0xEF5F, 0xF77F, 0xF77F, 0xF77F, 0xF77F, 0xF77F, 0xF79F, 0xE71F, 0xDEBF, 0xE6BF, 0xE6DF,
  0xE6DF, 0xE6DF, 0xE6FF, 0xE6FF, 0xE6FF, 0xE6FF, 0xE6FF, 0xE6FF, 0xE6FF, 0xE6FF, 0xE6FF, 0xE6FF, 0xE6FF, 0xE6DF, 0xE6DF, 0xE6DF,
  0xE6DF, 0xDEBF, 0xEF5F, 0xFFDF, 0xF7BF, 0xF7BF, 0xF79F, 0xF79F, 0xF79F, 0xF79F, 0xF79F, 0xF77F, 0xF77F, 0xF77F, 0xF77F, 0xF77F,
  0xF77F, 0xEF5F, 0xEF5F, 0xEF5F, 0xEF5F, 0xEF5F, 0xEF5F, 0xEF5F, 0xEF5F, 0xEF5F, 0xEF5F, 0xEF5F, 0xEF5F, 0xEF5F, 0xEF5F, 0xEF5F,
  0xEF5F, 0xEF3F, 0xEF5F, 0xEF5F, 0xEF3F, 0xEF3F, 0xEF3F, 0xEF3F, 0xEF3F, 0xEF3F, 0xEF3F, 0xEF3F, 0xEF3F, 0xEF3F, 0xEF3F, 0xEF3F,
  0xEF3F, 0xEF3F, 0xEF3F, 0xEF3F, 0xEF3F, 0xEF3F, 0xEF3F, 0xEF3F, 0xEF3F, 0xEF3F, 0xEF3F, 0xEF3F, 0xEF3F, 0xEF3F, 0xEF3F, 0xEF3F,
  0xEF3F, 0xEF5F, 0xEF5F, 0xEF5F, 0xEF5F, 0xF77F, 0xF77F, 0xF77F, 0xF77F, 0xF77F, 0xF79F, 0xEF5F, 0xDE7F, 0xD65F, 0xD63F, 0xD63F,
  0xD63F, 0xD63F, 0xD63F, 0xD63F, 0xD61F, 0xCDFF, 0xCDFF, 0xCDDF, 0xCDDF, 0xCDDF, 0xCDDF, 0xCDFF, 0xCDFF, 0xCDFF, 0xCDFF, 0xCDFF,
  0xCDFF, 0xCDFF, 0xCDFF, 0xCDFF, 0xCDFF, 0xCDFF, 0xCE1F, 0xCE1F, 0xCE1F, 0xCE1F, 0xCE1F, 0xD61F, 0xD61F, 0xD61F, 0xCE1F, 0xD63F,
  0xDE5E, 0xD65F, 0xD63F, 0xD65F, 0xD65F, 0xD65F, 0xD65F, 0xD63F, 0xD63F, 0xD63F, 0xD63F, 0xD63F, 0xD63F, 0xD63F, 0xD61F, 0xD61F,
  0xCE1F, 0xCDFF, 0xCDFF, 0xCDFF, 0xCDDF, 0xCDDF, 0xCDDF, 0xCDDF, 0xCDBF, 0xC5BF, 0xC5BF, 0xC5BF, 0xC5BF, 0xC5BF, 0xC5BF, 0xC5BF,
  0xCDBF, 0xCDFE, 0xF75F, 0xFFFF, 0xF7BF, 0xF7BF, 0xF7BF, 0xF79F, 0xF79F, 0xF79F, 0xF79F, 0xF77F, 0xF77F, 0xF77F, 0xF77F, 0xF77F,
  0xF77F, 0xF77F, 0xEF5F, 0xEF5F, 0xEF5F, 0xEF5F, 0xEF5F, 0xEF5F, 0xEF5F, 0xEF5F, 0xEF5F, 0xEF5F, 0xEF5F, 0xEF5F, 0xEF5F, 0xEF3F,
  0xEF5F, 0xEF3F, 0xEF3F, 0xEF3F, 0xEF3F, 0xEF3F, 0xEF3F, 0xEF3F, 0xEF3F, 0xEF3F, 0xEF3F, 0xEF3F, 0xEF3F, 0xEF3F, 0xEF3F, 0xEF3F,
  0xEF3F, 0xEF3F, 0xEF3F, 0xEF3F, 0xEF3F, 0xEF3F, 0xEF3F, 0xEF3F, 0xEF3F, 0xEF3F, 0xEF3F, 0xEF3F, 0xEF3F, 0xEF3F, 0xEF5F, 0xEF5F,
  0xEF5F, 0xEF5F, 0xEF5F, 0xEF5F, 0xEF5F, 0xEF5F, 0xF77F, 0xEF5F, 0xF77F, 0xF77F, 0xF77F, 0xF77F, 0xF79F, 0xE6FF, 0xDEBF, 0xE6DF,
  0xE6DF, 0xE6DF, 0xE6FF, 0xE6FF, 0xE6FF, 0xE6FF, 0xE6FF, 0xE6FF, 0xE6FF, 0xE6FF, 0xE6FF, 0xE6FF, 0xE6FF, 0xE6DF, 0xE6DF, 0xE6DF,
  0xDEBF, 0xEF3F, 0xFFDF, 0xF7BF, 0xF7BF, 0xF79F, 0xF79F, 0xF79F, 0xF79F, 0xF77F, 0xF77F, 0xF77F, 0xF77F, 0xF77F, 0xEF5F, 0xEF7F,
  0xEF5F, 0xEF5F, 0xEF5F, 0xEF5F, 0xEF5F, 0xEF5F, 0xEF5F, 0xEF5F, 0xEF5F, 0xEF5F, 0xEF5F, 0xEF5F, 0xEF3F, 0xEF5F, 0xEF5F, 0xEF3F,
  0xEF3F, 0xEF3F, 0xEF3F, 0xEF3F, 0xEF3F, 0xEF3F, 0xEF3F, 0xEF3F, 0xEF3F, 0xEF3F, 0xEF3F, 0xEF3F, 0xEF3F, 0xEF3F, 0xEF3F, 0xEF3F,
  0xEF3F, 0xEF3F, 0xEF3F, 0xEF3F, 0xEF3F, 0xEF3F, 0xEF3F, 0xEF3F, 0xEF3F, 0xEF3F, 0xEF3F, 0xEF3F, 0xEF3F, 0xEF3F, 0xEF3F, 0xEF3F,
  0xEF5F, 0xEF5F, 0xEF3F, 0xEF5F, 0xEF5F, 0xEF5F, 0xEF5F, 0xEF5F, 0xF77F, 0xF77F, 0xF77F, 0xFFBF, 0xEF3F, 0xDE7F, 0xD63F, 0xD63F,
  0xD61F, 0xCDFF, 0xCDDF, 0xCDDF, 0xCDDF, 0xCDDF, 0xCDDF, 0xCDDF, 0xCDDF, 0xCDDF, 0xCDFF, 0xCDFF, 0xCDFF, 0xCDFF, 0xCDFF, 0xCDFF,
  0xCDFF, 0xCDFF, 0xCDFF, 0xCDFF, 0xCDFF, 0xCDFF, 0xCDFF, 0xCE1F, 0xCE1F, 0xCE1F, 0xCE1F, 0xD61F, 0xD61F, 0xD61F, 0xD61F, 0xD63F,
  0xD67E, 0xD65F, 0xD63F, 0xD65F, 0xD65F, 0xD65F, 0xD65F, 0xD63F, 0xD63F, 0xD63F, 0xD63F, 0xD63F, 0xD63F, 0xD63F, 0xD61F, 0xD61F,
  0xCE1F, 0xCDFF, 0xCDFF, 0xCDFF, 0xCDFF, 0xCDFF, 0xCDDF, 0xCDDF, 0xCDDF, 0xCDDF, 0xCDBF, 0xC5BF, 0xC5BF, 0xC59F, 0xC59F, 0xC5BF,
  0xCDBF, 0xE6BF, 0xFFDF, 0xF7BF, 0xFFBF, 0xF7BF, 0xF79F, 0xF79F, 0xF79F, 0xF79F, 0xF77F, 0xF77F, 0xF77F, 0xF77F, 0xF77F, 0xF77F,
  0xF77F, 0xEF5F, 0xEF5F, 0xEF5F, 0xEF5F, 0xEF5F, 0xEF5F, 0xEF5F, 0xEF5F, 0xEF5F, 0xEF5F, 0xEF5F, 0xEF3F, 0xEF3F, 0xEF3F, 0xEF3F,
  0xEF3F, 0xEF3F, 0xEF3F, 0xEF3F, 0xEF3F, 0xEF3F, 0xEF3F, 0xEF3F, 0xEF3F, 0xEF3F, 0xEF3F, 0xEF3F, 0xEF3F, 0xEF3F, 0xEF3F, 0xEF3F,
  0xEF3F, 0xEF3F, 0xEF3F, 0xEF3F, 0xEF3F, 0xEF3F, 0xEF3F, 0xEF3F, 0xEF3F, 0xEF3F, 0xEF3F, 0xEF3F, 0xEF3F, 0xEF5F, 0xEF5F, 0xEF5F,
  0xEF5F, 0xEF5F, 0xEF5F, 0xEF5F, 0xEF5F, 0xEF5F, 0xEF5F, 0xF77F, 0xEF5F, 0xF77F, 0xF77F, 0xF77F, 0xF79F, 0xF77F, 0xDEDF, 0xDEBF,
  0xE6DF, 0xE6DF, 0xE6DF, 0xE6FF, 0xE6FF, 0xE6FF, 0xE6FF, 0xE6FF, 0xE6FF, 0xE6FF, 0xE6FF, 0xE6DF, 0xE6FF, 0xE6DF, 0xE6DF, 0xDEBF,
  0xE6DF, 0xFFBF, 0xFFBF, 0xF7BF, 0xF79F, 0xF79F, 0xF79F, 0xF79F, 0xF77F, 0xF77F, 0xF77F, 0xF77F, 0xF77F, 0xF77F, 0xEF5F, 0xEF5F,
  0xEF5F, 0xEF5F, 0xEF5F, 0xEF5F, 0xEF3F, 0xEF5F, 0xEF5F, 0xEF5F, 0xEF3F, 0xEF3F, 0xEF3F, 0xEF5F, 0xEF3F, 0xEF3F, 0xEF3F, 0xEF3F,
  0xEF3F, 0xEF3F, 0xEF3F, 0xEF3F, 0xEF3F, 0xEF3F, 0xEF3F, 0xEF3F, 0xEF3F, 0xEF3F, 0xEF3F, 0xEF3F, 0xEF3F, 0xEF3F, 0xEF3F, 0xEF3F,
  0xEF3F, 0xEF3F, 0xEF3F, 0xEF3F, 0xEF3F, 0xEF3F, 0xEF3F, 0xEF3F, 0xEF3F, 0xEF3F, 0xEF3F, 0xEF3F, 0xEF3F, 0xEF3F, 0xEF3F, 0xEF3F,
  0xEF3F, 0xEF3F, 0xEF5F, 0xEF5F, 0xEF5F, 0xEF5F, 0xEF5F, 0xEF5F, 0xEF5F, 0xF77F, 0xF77F, 0xF77F, 0xFFBF, 0xE6DF, 0xD61F, 0xCDFF,
  0xCDDF, 0xCDDF, 0xCDDF, 0xCDDF, 0xCDDF, 0xCDDF, 0xCDDF, 0xCDDF, 0xCDDF, 0xCDFF, 0xCDDF, 0xCDFF, 0xCDFF, 0xCDFF, 0xCDFF, 0xCDFF,
  0xCDFF, 0xCDFF, 0xCDFF, 0xCDFF, 0xCDFF, 0xCDFF, 0xCE1F, 0xCE1F, 0xCE1F, 0xD61F, 0xD61F, 0xD61F, 0xD61F, 0xD63F, 0xD63F, 0xD63F,
  0xDE7E, 0xDE5F, 0xD63F, 0xD65F, 0xD65F, 0xD65F, 0xD65F, 0xD65F, 0xD65F, 0xD65F, 0xD63F, 0xD63F, 0xD63F, 0xD63F, 0xD63F, 0xD61F,
  0xD61F, 0xCE1F, 0xCDFF, 0xCDFF, 0xCDFF, 0xCDFF, 0xCDDF, 0xCDDF, 0xCDDF, 0xCDDF, 0xC5BF, 0xC5BF, 0xC5BF, 0xC59F, 0xC59F, 0xC5BF,
  0xCDFF, 0xF79F, 0xFFDF, 0xF7BF, 0xFFBF, 0xF79F, 0xF79F, 0xF79F, 0xF79F, 0xF77F, 0xF77F, 0xF77F, 0xF77F, 0xF77F, 0xF77F, 0xF77F,
  0xEF5F, 0xEF5F, 0xEF5F, 0xEF5F, 0xEF5F, 0xEF5F, 0xEF5F, 0xEF5F, 0xEF5F, 0xEF5F, 0xEF3F, 0xEF5F, 0xEF3F, 0xEF3F, 0xEF3F, 0xEF3F,
  0xEF3F, 0xEF3F, 0xEF3F, 0xEF3F, 0xEF3F, 0xEF5F, 0xEF5F, 0xEF3F, 0xEF3F, 0xEF3F, 0xEF5F, 0xEF5F, 0xEF3F, 0xEF3F, 0xEF3F, 0xEF3F,
  0xEF3F, 0xEF3F, 0xEF3F, 0xEF3F, 0xEF3F, 0xEF3F, 0xEF3F, 0xEF3F, 0xEF3F, 0xEF3F, 0xEF3F, 0xEF3F, 0xEF3F, 0xEF3F, 0xEF3F, 0xEF5F,
  0xEF3F, 0xEF3F, 0xEF3F, 0xEF3F, 0xEF5F, 0xEF5F, 0xEF5F, 0xEF5F, 0xEF5F, 0xEF5F, 0xF77F, 0xF77F, 0xF77F, 0xF79F, 0xEF1F, 0xDE9F,
  0xDEBF, 0xDEDF, 0xE6DF, 0xE6DF, 0xE6FF, 0xE6FF, 0xE6FF, 0xE6FF, 0xE6FF, 0xE6FF, 0xE6FF, 0xE6DF, 0xE6FF, 0xDEDF, 0xDEDF, 0xDEBF,
  0xF77F, 0xFFDF, 0xF79F, 0xF7BF, 0xF79F, 0xF79F, 0xF77F, 0xF77F, 0xF77F, 0xF77F, 0xF77F, 0xF77F, 0xF77F, 0xF77F, 0xEF5F, 0xEF5F,
  0xEF5F, 0xEF5F, 0xEF5F, 0xEF5F, 0xEF5F, 0xEF3F, 0xEF3F, 0xEF3F, 0xEF5F, 0xEF3F, 0xEF3F, 0xEF3F, 0xEF3F, 0xEF3F, 0xEF3F, 0xEF3F,
  0xEF3F, 0xEF3F, 0xEF3F, 0xEF3F, 0xEF3F, 0xEF3F, 0xEF3F, 0xEF3F, 0xEF3F, 0xEF3F, 0xEF3F, 0xEF3F, 0xEF3F, 0xEF3F, 0xEF3F, 0xEF3F,
  0xEF3F, 0xEF3F, 0xEF3F, 0xEF3F, 0xEF3F, 0xEF3F, 0xEF3F, 0xEF3F, 0xEF3F, 0xEF3F, 0xEF3F, 0xEF3F, 0xEF3F, 0xEF3F, 0xEF3F, 0xEF3F,
  0xEF3F, 0xEF3F, 0xEF3F, 0xEF3F, 0xEF5F, 0xEF5F, 0xEF5F, 0xEF5F, 0xEF5F, 0xEF5F, 0xF75F, 0xEF7F, 0xF79F, 0xEF3F, 0xCDDF, 0xCDBF,
  0xCDDF, 0xCDDF, 0xCDDF, 0xCDDF, 0xCDDF, 0xCDDF, 0xCDDF, 0xCDDF, 0xCDFF, 0xCDFF, 0xCDFF, 0xCDFF, 0xCDFF, 0xCDFF, 0xCDFF, 0xCDFF,
  0xCDFF, 0xCDFF, 0xCDFF, 0xCDFF, 0xCDFF, 0xCDFF, 0xCE1F, 0xCE1F, 0xD61F, 0xD61F, 0xD61F, 0xD61F, 0xD63F, 0xD63F, 0xD63F, 0xD63F,
  0xD67E, 0xDE5F, 0xDE5F, 0xDE5F, 0xDE5F, 0xD65F, 0xD65F, 0xD65F, 0xD65F, 0xD65F, 0xD63F, 0xD63F, 0xD63F, 0xD63F, 0xD63F, 0xD63F,
  0xD61F, 0xD61F, 0xCDFF, 0xCDFF, 0xCDFF, 0xCDFF, 0xCDFF, 0xCDDF, 0xCDDF, 0xCDDF, 0xCDBF, 0xC5BF, 0xC5BF, 0xC5BF, 0xCDBF, 0xCDBF,
  0xE6BF, 0xFFFF, 0xF7BF, 0xF7BF, 0xF79F, 0xF79F, 0xF79F, 0xF79F, 0xF77F, 0xF77F, 0xF77F, 0xF77F, 0xEF5F, 0xEF5F, 0xEF5F, 0xEF5F,
  0xEF5F, 0xEF5F, 0xEF5F, 0xEF5F, 0xEF5F, 0xEF5F, 0xEF3F, 0xEF3F, 0xEF5F, 0xEF3F, 0xEF3F, 0xEF3F, 0xEF5F, 0xEF5F, 0xEF3F, 0xEF3F,
  0xEF3F, 0xEF3F, 0xEF3F, 0xEF3F, 0xEF3F, 0xEF3F, 0xEF3F, 0xEF3F, 0xEF3F, 0xF77F, 0xE6FE, 0xEF3F, 0xF77F, 0xEF3F, 0xEF3F, 0xEF3F,
  0xEF3F, 0xEF3F, 0xEF3F, 0xEF3F, 0xEF3F, 0xEF3F, 0xEF3F, 0xEF3F, 0xEF3F, 0xEF3F, 0xEF3F, 0xEF5F, 0xF77F, 0xF75F, 0xEF3F, 0xEF5F,
  0xEF3F, 0xEF3F, 0xEF3F, 0xEF5F, 0xEF5F, 0xEF5F, 0xEF5F, 0xEF5F, 0xEF5F, 0xF77F, 0xF77F, 0xF77F, 0xF77F, 0xF79F, 0xF77F, 0xDEBE,
  0xDEBF, 0xDEBF, 0xE6DF, 0xE6DF, 0xE6DF, 0xE6FF, 0xE6FF, 0xE6FF, 0xE6FF, 0xE6FF, 0xE6DF, 0xE6DF, 0xE6DF, 0xDEDF, 0xDEBF, 0xE6FE,
  0xFFBF, 0xF7BF, 0xF7BF, 0xF79F, 0xF79F, 0xF79F, 0xF77F, 0xF77F, 0xF77F, 0xF77F, 0xF77F, 0xF77F, 0xEF5F, 0xEF5F, 0xEF5F, 0xEF5F,
  0xEF5F, 0xEF5F, 0xEF3F, 0xEF3F, 0xEF3F, 0xEF3F, 0xEF3F, 0xEF3F, 0xEF3F, 0xEF3F, 0xEF3F, 0xEF3F, 0xEF3F, 0xEF3F, 0xEF3F, 0xEF3F,
  0xEF3F, 0xEF3F, 0xEF3F, 0xEF3F, 0xEF3F, 0xEF3F, 0xEF3F, 0xEF3F, 0xEF3F, 0xEF3F, 0xEF3F, 0xEF3F, 0xEF3F, 0xEF3F, 0xEF3F, 0xEF3F,
  0xEF3F, 0xEF3F, 0xEF3F, 0xEF3F, 0xEF3F, 0xEF3F, 0xEF3F, 0xEF3F, 0xEF3F, 0xEF3F, 0xEF3F, 0xEF3F, 0xEF3F, 0xEF3F, 0xEF3F, 0xEF3F,
  0xEF3F, 0xEF3F, 0xEF3F, 0xEF3F, 0xEF3F, 0xEF3F, 0xEF3F, 0xEF5F, 0xEF5F, 0xEF5F, 0xEF5F, 0xF75F, 0xF77F, 0xF79F, 0xD63F, 0xC59F,
  0xCDDF, 0xCDBF, 0xCDDF, 0xCDDF, 0xCDDF, 0xCDDF, 0xCDDF, 0xCDDF, 0xCDFF, 0xCDFF, 0xCDFF, 0xCDFF, 0xCDFF, 0xCDFF, 0xCDFF, 0xCDFF,
  0xCDFF, 0xCDFF, 0xCDFF, 0xCDFF, 0xCDFF, 0xCE1F, 0xCE1F, 0xD61F, 0xD61F, 0xD61F, 0xD61F, 0xD63F, 0xD63F, 0xD63F, 0xD63F, 0xD65F,
  0xDE7E, 0xDE7F, 0xDE5F, 0xDE5F, 0xDE5F, 0xDE5F, 0xD65F, 0xD65F, 0xD65F, 0xD65F, 0xD65F, 0xD65F, 0xD63F, 0xD63F, 0xD63F, 0xD63F,
  0xD63F, 0xD61F, 0xD61F, 0xCDFF, 0xCDFF, 0xCDFF, 0xCDFF, 0xCDFF, 0xCDFF, 0xCDDF, 0xCDDF, 0xC5BF, 0xC5BF, 0xC5BF, 0xC59F, 0xCDDF,
  0xF77F, 0xFFDF, 0xF7BF, 0xF7BF, 0xF79F, 0xF79F, 0xF79F, 0xF77F, 0xF77F, 0xF77F, 0xF77F, 0xF77F, 0xEF5F, 0xEF5F, 0xEF5F, 0xEF5F,
  0xEF5F, 0xEF3F, 0xEF3F, 0xEF3F, 0xEF3F, 0xEF3F, 0xEF3F, 0xEF3F, 0xEF3F, 0xEF3F, 0xEF3F, 0xEF3F, 0xEF5F, 0xEF3F, 0xEF3F, 0xEF3F,
  0xEF3F, 0xEF3F, 0xEF3F, 0xEF3F, 0xEF3F, 0xEF3F, 0xEF3F, 0xEF5F, 0xEEFF, 0x93FA, 0x6A79, 0x7B18, 0xD63D, 0xF79F, 0xEF1F, 0xEF3F,
  0xEF3F, 0xEF3F, 0xEF3F, 0xEF3F, 0xEF3F, 0xEF3F, 0xEF3F, 0xEF3F, 0xEF3F, 0xEF3F, 0xEF3F, 0xEF5F, 0xDE3E, 0xE65E, 0xF77F, 0xEF3F,
  0xEF3F, 0xEF3F, 0xEF3F, 0xEF3F, 0xEF3F, 0xEF3F, 0xEF5F, 0xEF5F, 0xEF5F, 0xEF5F, 0xEF5F, 0xF77F, 0xF77F, 0xF77F, 0xF79F, 0xE71F,
  0xDE9F, 0xDEBF, 0xDEBF, 0xE6DF, 0xE6DF, 0xE6FF, 0xE6FF, 0xE6FF, 0xE6FF, 0xE6FF, 0xE6FF, 0xE6DF, 0xDEDF, 0xDEBF, 0xDE9F, 0xEF5F,
  0xFFDF, 0xF79F, 0xF79F, 0xF79F, 0xF79F, 0xF79F, 0xF77F, 0xF77F, 0xF77F, 0xF77F, 0xF77F, 0xEF5F, 0xEF5F, 0xEF5F, 0xEF5F, 0xEF5F,
  0xEF5F, 0xEF3F, 0xEF3F, 0xEF3F, 0xEF3F, 0xEF3F, 0xEF3F, 0xEF3F, 0xEF3F, 0xEF3F, 0xEF3F, 0xEF3F, 0xEF3F, 0xEF3F, 0xEF3F, 0xEF3F,
  0xEF3F, 0xEF3F, 0xEF3F, 0xEF3F, 0xEF3F, 0xEF3F, 0xEF3F, 0xEF3F, 0xEF3F, 0xEF3F, 0xEF3F, 0xEF3F, 0xEF3F, 0xEF3F, 0xEF3F, 0xEF3F,
  0xEF3F, 0xEF3F, 0xEF3F, 0xEF3F, 0xEF3F, 0xEF3F, 0xEF3F, 0xEF3F, 0xEF3F, 0xEF3F, 0xEF3F, 0xEF3F, 0xEF3F, 0xEF3F, 0xEF3F, 0xEF3F,
  0xEF3F, 0xEF3F, 0xEF3F, 0xEF3F, 0xEF3F, 0xEF3F, 0xEF3F, 0xEF3F, 0xEF5F, 0xEF5F, 0xEF5F, 0xEF5F, 0xEF5F, 0xF79F, 0xE6DF, 0xC5BF,
  0xCDBF, 0xC5BF, 0xCDDF, 0xCDDF, 0xCDDF, 0xCDDF, 0xCDFF, 0xCDFF, 0xCDDF, 0xCDDF, 0xCDDF, 0xCDFF, 0xCDFF, 0xCDFF, 0xCDFF, 0xCDFF,
  0xCDFF, 0xCDFF, 0xCDFF, 0xCDFF, 0xCDFF, 0xCE1F, 0xD61F, 0xD61F, 0xD61F, 0xD63F, 0xD63F, 0xD63F, 0xD63F, 0xD63F, 0xD63F, 0xD65F,
  0xDE7E, 0xDE7F, 0xDE5F, 0xDE5F, 0xD65F, 0xDE5F, 0xD65F, 0xDE5F, 0xD65F, 0xD65F, 0xD65F, 0xD63F, 0xD63F, 0xD63F, 0xD63F, 0xD63F,
  0xD63F, 0xD61F, 0xD61F, 0xD61F, 0xCE1F, 0xCDFF, 0xCDFF, 0xCDFF, 0xCDFF, 0xCDDF, 0xCDDF, 0xC5BF, 0xC5BF, 0xC5BF, 0xC59F, 0xD61F,
  0xFFBF, 0xFFBF, 0xF79F, 0xF79F, 0xF79F, 0xF79F, 0xF77F, 0xF77F, 0xF77F, 0xF77F, 0xEF5F, 0xEF5F, 0xEF5F, 0xEF5F, 0xEF5F, 0xEF3F,
  0xEF3F, 0xEF3F, 0xEF3F, 0xEF3F, 0xEF3F, 0xEF3F, 0xEF5F, 0xEF5F, 0xEF3F, 0xEF3F, 0xEF3F, 0xEF3F, 0xEF3F, 0xEF3F, 0xEF3F, 0xEF3F,
  0xEF3F, 0xEF3F, 0xEF3F, 0xEF3F, 0xEF3F, 0xEF3F, 0xEF5F, 0xF75F, 0x8379, 0x4976, 0x59F7, 0x5197, 0x8B99, 0xFF9F, 0xEF3F, 0xEF1F,
  0xEF3F, 0xEF3F, 0xEF3F, 0xEF3F, 0xEF3F, 0xEF3F, 0xEF3F, 0xEF3F, 0xEF3F, 0xE71F, 0xF77F, 0xBCFD, 0x699A, 0x69BB, 0xCDBD, 0xF77F,
  0xEF3F, 0xEF3F, 0xEF3F, 0xEF3F, 0xEF3F, 0xEF5F, 0xEF5F, 0xEF3F, 0xEF5F, 0xEF5F, 0xEF5F, 0xF77F, 0xF77F, 0xF77F, 0xF79F, 0xEF5F,
  0xDE9F, 0xDEBF, 0xDEBF, 0xDEBF, 0xE6DF, 0xE6DF, 0xE6FF, 0xE6FF, 0xE6FF, 0xE6DF, 0xE6DF, 0xE6DF, 0xDEDF, 0xDEBF, 0xDE9E, 0xF79F,
  0xFFBF, 0xF79F, 0xF79F, 0xF79F, 0xF79F, 0xF77F, 0xF77F, 0xF77F, 0xF77F, 0xEF5F, 0xF77F, 0xEF5F, 0xEF5F, 0xEF5F, 0xEF5F, 0xEF3F,
  0xEF3F, 0xEF3F, 0xEF3F, 0xEF3F, 0xEF3F, 0xEF3F, 0xEF3F, 0xEF3F, 0xEF3F, 0xEF3F, 0xEF3F, 0xEF3F, 0xEF3F, 0xEF3F, 0xEF3F, 0xEF3F,
  0xEF3F, 0xEF3F, 0xEF3F, 0xEF3F, 0xEF3F, 0xEF3F, 0xEF3F, 0xEF3F, 0xEF3F, 0xEF3F, 0xEF3F, 0xEF3F, 0xEF3F, 0xEF3F, 0xEF3F, 0xEF3F,
  0xEF3F, 0xEF3F, 0xEF3F, 0xEF3F, 0xEF3F, 0xEF3F, 0xEF3F, 0xEF3F, 0xEF3F, 0xEF3F, 0xEF3F, 0xEF3F, 0xEF3F, 0xEF3F, 0xEF3F, 0xEF3F,
  0xEF3F, 0xEF3F, 0xEF3F, 0xEF3F, 0xEF3F, 0xEF3F, 0xEF3F, 0xEF3F, 0xEF3F, 0xEF5F, 0xEF5F, 0xEF5F, 0xEF5F, 0xF77F, 0xEF5F, 0xCDDF,
  0xC5BF, 0xCDBF, 0xCDDF, 0xCDDF, 0xCDDF, 0xCDFF, 0xCDFF, 0xCDDF, 0xCDDF, 0xCDDF, 0xCDDF, 0xCDFF, 0xCDFF, 0xCDFF, 0xCDFF, 0xCDFF,
  0xCDFF, 0xCDFF, 0xCDFF, 0xCDFF, 0xCDFF, 0xCE1F, 0xD61F, 0xD61F, 0xD61F, 0xD63F, 0xD63F, 0xD63F, 0xD63F, 0xD63F, 0xD63F, 0xD65F,
  0xDE9E, 0xDE7F, 0xDE7F, 0xDE7F, 0xD65F, 0xDE5F, 0xDE5F, 0xDE5F, 0xD65F, 0xD65F, 0xD65F, 0xD65F, 0xD63F, 0xD63F, 0xD63F, 0xD63F,
  0xD63F, 0xD61F, 0xD61F, 0xD61F, 0xD61F, 0xCE1F, 0xCDFF, 0xCDFF, 0xCDFF, 0xCDDF, 0xCDDF, 0xCDDF, 0xCDBF, 0xCDBF, 0xC59F, 0xD65F,
  0xFFDF, 0xF79F, 0xF79F, 0xF79F, 0xF79F, 0xF77F, 0xF77F, 0xF77F, 0xF77F, 0xF77F, 0xEF5F, 0xEF5F, 0xEF5F, 0xEF5F, 0xEF3F, 0xEF3F,
  0xEF3F, 0xEF3F, 0xEF3F, 0xEF3F, 0xEF5F, 0xEF5F, 0xEF5F, 0xEF3F, 0xEF3F, 0xEF3F, 0xEF5F, 0xEF3F, 0xF75F, 0xF79F, 0xF79F, 0xEF5F,
  0xEF1F, 0xEF3F, 0xEF3F, 0xEF5F, 0xEF3F, 0xE71F, 0xF79F, 0x9C5A, 0x4976, 0x59F7, 0x59D6, 0x4955, 0xA47A, 0xFF9F, 0xEF1F, 0xEF1F,
  0xEF1F, 0xEF1F, 0xEF3F, 0xEF3F, 0xEF3F, 0xEF3F, 0xEF3F, 0xEF3F, 0xEF3F, 0xEF5F, 0xDE7E, 0x69BA, 0x693C, 0x613B, 0xC55D, 0xF79F,
  0xEF1F, 0xEF3F, 0xEF3F, 0xEF3F, 0xEF3F, 0xEF3F, 0xEF3F, 0xEF5F, 0xEF5F, 0xEF5F, 0xEF5F, 0xEF5F, 0xF77F, 0xF77F, 0xF77F, 0xF77F,
  0xDE9F, 0xDE9F, 0xDEBF, 0xDEBF, 0xE6DF, 0xE6DF, 0xE6DF, 0xE6FF, 0xE6DF, 0xE6DF, 0xE6DF, 0xDEBF, 0xDEDF, 0xDE9F, 0xDEDE, 0xFFBF,
  0xF79F, 0xF79F, 0xF79F, 0xF79F, 0xF77F, 0xF77F, 0xF77F, 0xF77F, 0xEF5F, 0xEF5F, 0xEF5F, 0xEF5F, 0xEF5F, 0xEF5F, 0xEF3F, 0xEF3F,
  0xEF3F, 0xEF3F, 0xEF3F, 0xEF3F, 0xEF3F, 0xEF3F, 0xEF3F, 0xEF3F, 0xEF3F, 0xEF3F, 0xEF3F, 0xEF3F, 0xEF3F, 0xEF3F, 0xEF3F, 0xEF3F,
  0xEF3F, 0xEF3F, 0xEF3F, 0xEF3F, 0xEF3F, 0xEF3F, 0xEF3F, 0xEF3F, 0xEF3F, 0xEF3F, 0xEF3F, 0xEF3F, 0xEF3F, 0xEF3F, 0xEF3F, 0xEF3F,
  0xEF3F, 0xEF3F, 0xEF3F, 0xEF3F, 0xEF3F, 0xEF3F, 0xEF3F, 0xEF3F, 0xEF3F, 0xEF3F, 0xEF3F, 0xEF3F, 0xEF3F, 0xEF3F, 0xEF3F, 0xEF3F,
  0xEF3F, 0xEF3F, 0xEF3F, 0xEF3F, 0xEF3F, 0xEF3F, 0xEF3F, 0xEF3F, 0xEF3F, 0xEF5F, 0xEF5F, 0xEF5F, 0xEF5F, 0xEF5F, 0xF77F, 0xD63F,
  0xC5BF, 0xCDDF, 0xCDDF, 0xCDDF, 0xCDDF, 0xCDDF, 0xCDDF, 0xCDDF, 0xCDFF, 0xCDDF, 0xCDFF, 0xCDFF, 0xCDFF, 0xCDFF, 0xCDFF, 0xCDFF,
  0xCDFF, 0xCDFF, 0xCDFF, 0xCDFF, 0xD61F, 0xD61F, 0xD61F, 0xD61F, 0xD61F, 0xD63F, 0xD63F, 0xD63F, 0xD63F, 0xD63F, 0xD63F, 0xD65F,
  0xDE9E, 0xDE7F, 0xDE7F, 0xDE7F, 0xDE5F, 0xDE5F, 0xDE5F, 0xDE5F, 0xD67F, 0xD65F, 0xD65F, 0xD65F, 0xD65F, 0xD63F, 0xD63F, 0xD63F,
  0xD63F, 0xD63F, 0xD61F, 0xD61F, 0xD61F, 0xD61F, 0xCE1F, 0xCDFF, 0xCDFF, 0xCDFF, 0xCDDF, 0xCDDF, 0xCDBF, 0xCDBF, 0xC57F, 0xDE9F,
  0xFFDF, 0xF79F, 0xF79F, 0xF79F, 0xF79F, 0xF77F, 0xF77F, 0xEF5F, 0xEF5F, 0xEF5F, 0xEF5F, 0xEF5F, 0xEF5F, 0xEF5F, 0xEF3F, 0xEF3F,
  0xEF3F, 0xEF3F, 0xEF3F, 0xEF5F, 0xEF3F, 0xEF3F, 0xEF3F, 0xEF3F, 0xEF3F, 0xEF3F, 0xEF3F, 0xF77F, 0xDE9E, 0xC5DC, 0xCE1D, 0xDE9E,
  0xEF3F, 0xF77F, 0xF75F, 0xEF3F, 0xEF1F, 0xEF5F, 0xC5DD, 0x4995, 0x51B6, 0x51B6, 0x4954, 0x8BD8, 0xE6FF, 0xEF3F, 0xF77F, 0xF79F,
  0xF77F, 0xF75F, 0xEF5F, 0xEF3F, 0xEF3F, 0xEF3F, 0xEF3F, 0xEF3F, 0xEF1F, 0xF77F, 0x9BBB, 0x58FA, 0x5919, 0x82FA, 0xF75F, 0xEF3F,
  0xEF3F, 0xEF3F, 0xEF3F, 0xEF3F, 0xEF3F, 0xEF3F, 0xEF3F, 0xEF3F, 0xEF3F, 0xEF5F, 0xEF5F, 0xEF5F, 0xEF5F, 0xF77F, 0xF77F, 0xF79F,
  0xDEBF, 0xDE9F, 0xDEBF, 0xDEBF, 0xE6DF, 0xE6DF, 0xE6DF, 0xE6DF, 0xE6DF, 0xE6DF, 0xE6DF, 0xDEBF, 0xDEBF, 0xDE9F, 0xE6FF, 0xFFBF,
  0xF79F, 0xF79F, 0xF79F, 0xF77F, 0xF77F, 0xF77F, 0xEF5F, 0xEF5F, 0xEF5F, 0xEF5F, 0xEF5F, 0xEF5F, 0xEF3F, 0xEF3F, 0xEF3F, 0xEF3F,
  0xEF3F, 0xEF3F, 0xEF3F, 0xEF3F, 0xEF3F, 0xEF3F, 0xEF3F, 0xEF3F, 0xEF3F, 0xEF3F, 0xEF3F, 0xEF3F, 0xEF3F, 0xEF3F, 0xEF3F, 0xEF3F,
  0xEF3F, 0xEF3F, 0xEF3F, 0xEF3F, 0xEF3F, 0xEF3F, 0xEF3F, 0xEF3F, 0xEF3F, 0xEF3F, 0xEF3F, 0xEF3F, 0xEF3F, 0xEF3F, 0xEF3F, 0xEF3F,
  0xEF3F, 0xEF3F, 0xEF3F, 0xEF3F, 0xEF3F, 0xEF3F, 0xEF3F, 0xEF3F, 0xEF3F, 0xEF3F, 0xEF3F, 0xEF3F, 0xEF3F, 0xEF3F, 0xEF3F, 0xEF3F,
  0xEF3F, 0xEF3F, 0xEF3F, 0xEF3F, 0xEF3F, 0xEF3F, 0xEF3F, 0xEF3F, 0xEF3F, 0xEF3F, 0xEF5F, 0xEF5F, 0xEF5F, 0xEF5F, 0xF77F, 0xDE9F,
  0xC5BF, 0xCDDF, 0xCDDF, 0xCDDF, 0xCDDF, 0xCDDF, 0xCDDF, 0xCDFF, 0xCDFF, 0xCDFF, 0xCDFF, 0xCDFF, 0xCDFF, 0xCDFF, 0xCDFF, 0xCDFF,
  0xCDFF, 0xCDFF, 0xCDFF, 0xCE1F, 0xD61F, 0xD61F, 0xD61F, 0xD61F, 0xD63F, 0xD63F, 0xD63F, 0xD63F, 0xD63F, 0xD65F, 0xD65F, 0xD65F,
  0xDE9E, 0xDE7F, 0xDE7F, 0xDE7F, 0xDE7F, 0xDE7F, 0xDE7F, 0xDE7F, 0xDE7F, 0xD65F, 0xD65F, 0xD65F, 0xD65F, 0xD65F, 0xD65F, 0xD63F,
  0xD63F, 0xD63F, 0xD63F, 0xD61F, 0xD61F, 0xD61F, 0xCE1F, 0xCDFF, 0xCDFF, 0xCDFF, 0xCDDF, 0xCDDF, 0xCDBF, 0xCDBF, 0xC57F, 0xE6DF,
  0xFFBF, 0xF79F, 0xF79F, 0xF77F, 0xF77F, 0xF77F, 0xF77F, 0xF77F, 0xEF5F, 0xEF5F, 0xEF5F, 0xEF5F, 0xEF5F, 0xEF3F, 0xEF3F, 0xEF3F,
  0xEF3F, 0xEF3F, 0xEF3F, 0xEF3F, 0xEF3F, 0xEF3F, 0xEF3F, 0xEF3F, 0xEF3F, 0xEF3F, 0xF77F, 0xBD3C, 0x6217, 0x59D7, 0x59D7, 0x6238,
  0x8339, 0xB51C, 0xF75F, 0xFFBF, 0xE71F, 0xEF3F, 0x8378, 0x4114, 0x5195, 0x4954, 0x7B37, 0xF73F, 0xEF3F, 0xEF1F, 0xE69E, 0xCDDD,
  0xC55D, 0xBD3D, 0xD5FE, 0xEF3F, 0xEF3F, 0xEF3F, 0xEF1F, 0xEF1F, 0xF75F, 0xDE3E, 0x617A, 0x591A, 0x61B8, 0xDE3E, 0xEF3F, 0xEF1F,
  0xEF3F, 0xEF3F, 0xEF3F, 0xEF3F, 0xEF3F, 0xEF3F, 0xEF3F, 0xEF3F, 0xEF3F, 0xEF5F, 0xEF5F, 0xEF5F, 0xF77F, 0xF77F, 0xF77F, 0xF79F,
  0xE6DF, 0xDE7F, 0xDEBF, 0xDEBF, 0xDEBF, 0xE6DF, 0xE6DF, 0xE6DF, 0xE6DF, 0xE6DF, 0xDEBF, 0xDEBF, 0xDEBF, 0xDE7F, 0xE71F, 0xFFBF,
  0xF79F, 0xF79F, 0xF79F, 0xF77F, 0xF77F, 0xF77F, 0xEF5F, 0xEF5F, 0xEF5F, 0xEF5F, 0xEF5F, 0xEF5F, 0xEF3F, 0xEF3F, 0xEF3F, 0xEF3F,
  0xEF3F, 0xEF3F, 0xEF3F, 0xEF3F, 0xEF3F, 0xEF3F, 0xEF3F, 0xEF1F, 0xEF3F, 0xEF1F, 0xEF3F, 0xEF3F, 0xEF3F, 0xEF3F, 0xEF3F, 0xEF3F,
  0xEF3F, 0xEF3F, 0xEF3F, 0xEF3F, 0xEF3F, 0xEF3F, 0xEF3F, 0xEF3F, 0xEF3F, 0xEF3F, 0xEF3F, 0xEF3F, 0xEF3F, 0xEF3F, 0xEF3F, 0xEF3F,
  0xEF3F, 0xEF3F, 0xEF3F, 0xEF1F, 0xEF3F, 0xEF3F, 0xEF3F, 0xEF3F, 0xEF3F, 0xEF3F, 0xEF3F, 0xEF3F, 0xEF3F, 0xEF3F, 0xEF3F, 0xEF3F,
  0xEF3F, 0xEF3F, 0xEF3F, 0xEF3F, 0xEF3F, 0xEF3F, 0xEF3F, 0xEF3F, 0xEF3F, 0xEF3F, 0xEF3F, 0xEF5F, 0xEF5F, 0xEF5F, 0xF77F, 0xE6BF,
  0xC59F, 0xCDDF, 0xCDDF, 0xCDDF, 0xCDDF, 0xCDDF, 0xCDDF, 0xCDFF, 0xCDFF, 0xCDFF, 0xCDFF, 0xCDFF, 0xCDFF, 0xCDFF, 0xCDFF, 0xCDFF,
  0xCDFF, 0xCDFF, 0xD61F, 0xD61F, 0xD61F, 0xD61F, 0xD63F, 0xD63F, 0xD63F, 0xD63F, 0xD63F, 0xD65F, 0xD65F, 0xD65F, 0xD65F, 0xDE7F,
  0xDE9E, 0xDE7F, 0xDE7F, 0xDE7F, 0xDE7F, 0xDE7F, 0xDE7F, 0xDE7F, 0xDE7F, 0xD65F, 0xD65F, 0xD65F, 0xD65F, 0xD65F, 0xD65F, 0xD63F,
  0xD63F, 0xD63F, 0xD63F, 0xD63F, 0xD63F, 0xD61F, 0xD61F, 0xD61F, 0xCDFF, 0xCDFF, 0xCDDF, 0xCDDF, 0xCDBF, 0xCDBF, 0xC57F, 0xE6DF,
  0xFFBF, 0xF79F, 0xF79F, 0xF77F, 0xF77F, 0xF77F, 0xF77F, 0xF77F, 0xEF5F, 0xEF5F, 0xEF5F, 0xEF3F, 0xEF5F, 0xEF3F, 0xEF3F, 0xEF3F,
  0xEF3F, 0xEF3F, 0xEF3F, 0xEF3F, 0xEF3F, 0xEF3F, 0xEF3F, 0xEF3F, 0xEF3F, 0xEF3F, 0xF79F, 0x93D9, 0x4935, 0x61F7, 0x59D7, 0x59B7,
  0x5197, 0x4976, 0x6A97, 0xC5BC, 0xF77F, 0xDEDF, 0x5A36, 0x4154, 0x4974, 0x4974, 0xDE9E, 0xF73F, 0xACBC, 0x937A, 0x82FA, 0x82DB,
  0x7A9A, 0x7A9A, 0x7279, 0xD5FE, 0xF73F, 0xEF1F, 0xEF1F, 0xEF1F, 0xF75F, 0xE69E, 0x7A3A, 0x6199, 0xBD1C, 0xEF5F, 0xE6FF, 0xEF3F,
  0xEF3F, 0xEF3F, 0xEF1F, 0xEF1F, 0xEF3F, 0xEF3F, 0xEF3F, 0xEF3F, 0xEF3F, 0xEF3F, 0xEF5F, 0xEF5F, 0xEF5F, 0xEF7F, 0xF77F, 0xF79F,
  0xE6DF, 0xD67F, 0xDE9F, 0xDEBF, 0xDEBF, 0xE6DF, 0xE6DF, 0xE6DF, 0xE6DF, 0xE6DF, 0xE6DF, 0xDEBF, 0xDEBF, 0xD67F, 0xEF1F, 0xFFBF,
  0xF79F, 0xF79F, 0xF77F, 0xF77F, 0xF77F, 0xEF5F, 0xEF5F, 0xEF5F, 0xEF5F, 0xEF5F, 0xEF3F, 0xEF3F, 0xEF3F, 0xEF3F, 0xEF3F, 0xEF3F,
  0xEF3F, 0xEF3F, 0xEF3F, 0xEF3F, 0xEF3F, 0xEF5F, 0xF77F, 0xF77F, 0xF77F, 0xF77F, 0xF77F, 0xEF5F, 0xEF3F, 0xEF1F, 0xEF3F, 0xEF3F,
  0xEF3F, 0xEF3F, 0xEF3F, 0xEF3F, 0xEF3F, 0xEF3F, 0xEF3F, 0xEF3F, 0xEF3F, 0xEF3F, 0xEF3F, 0xEF3F, 0xEF3F, 0xEF3F, 0xEF3F, 0xEF1F,
  0xEF3F, 0xEF3F, 0xEF5F, 0xF77F, 0xF77F, 0xF77F, 0xF77F, 0xF77F, 0xEF5F, 0xEF3F, 0xEF3F, 0xEF3F, 0xEF3F, 0xEF3F, 0xEF3F, 0xEF3F,
  0xEF3F, 0xEF3F, 0xEF3F, 0xEF3F, 0xEF3F, 0xEF3F, 0xEF3F, 0xEF3F, 0xEF3F, 0xEF3F, 0xEF3F, 0xEF5F, 0xEF5F, 0xEF5F, 0xF77F, 0xE6BF,
  0xC59F, 0xCDDF, 0xCDDF, 0xCDDF, 0xCDDF, 0xCDDF, 0xCDFF, 0xCDFF, 0xCDFF, 0xCDFF, 0xCDFF, 0xCDFF, 0xCDFF, 0xCDFF, 0xCDFF, 0xCDFF,
  0xCE1F, 0xD61F, 0xD61F, 0xD61F, 0xD61F, 0xD63F, 0xD63F, 0xD63F, 0xD63F, 0xD63F, 0xD63F, 0xD65F, 0xD65F, 0xD65F, 0xDE5F, 0xDE7F,
  0xDE9E, 0xDE7F, 0xDE7F, 0xDE7F, 0xDE7F, 0xDE7F, 0xDE7F, 0xDE7F, 0xDE7F, 0xDE7F, 0xD65F, 0xD65F, 0xD65F, 0xD65F, 0xD65F, 0xD65F,
  0xD65F, 0xD63F, 0xD63F, 0xD63F, 0xD63F, 0xD61F, 0xD61F, 0xD61F, 0xCDFF, 0xCDFF, 0xCDDF, 0xCDDF, 0xC5BF, 0xC59F, 0xBD5F, 0xE6DF,
  0xFFBF, 0xF79F, 0xF77F, 0xF77F, 0xF77F, 0xF77F, 0xEF5F, 0xEF5F, 0xEF5F, 0xEF5F, 0xEF5F, 0xEF5F, 0xEF3F, 0xEF3F, 0xEF3F, 0xEF3F,
  0xEF3F, 0xEF3F, 0xEF3F, 0xEF3F, 0xEF3F, 0xEF3F, 0xEF3F, 0xEF3F, 0xEF3F, 0xEF3F, 0xF75F, 0xDE7E, 0x6277, 0x4915, 0x5196, 0x5997,
  0x5196, 0x5196, 0x4956, 0x4114, 0xA49A, 0xDE5E, 0x4975, 0x4974, 0x38F3, 0x8378, 0xCDDD, 0x7297, 0x5998, 0x6218, 0x6A59, 0x7279,
  0x7259, 0x6A18, 0x7278, 0xDE5E, 0xEF3F, 0xEEFF, 0xEF1F, 0xEF3F, 0xEF3F, 0xF75F, 0xEEDF, 0xE6BE, 0xF77F, 0xEF3F, 0xEF1F, 0xEF1F,
  0xEF3F, 0xEF5F, 0xF79F, 0xF79F, 0xEF5F, 0xEF3F, 0xEF3F, 0xEF5F, 0xEF3F, 0xEF3F, 0xEF5F, 0xEF5F, 0xEF5F, 0xEF5F, 0xF75F, 0xF79F,
  0xE6BF, 0xD65F, 0xDE9F, 0xDEBF, 0xDEBF, 0xE6DF, 0xE6DF, 0xE6DF, 0xE6DF, 0xE6DF, 0xDEBF, 0xDEBF, 0xDEBF, 0xD67F, 0xE71F, 0xF7BF,
  0xF79F, 0xF77F, 0xF77F, 0xF77F, 0xF77F, 0xF75F, 0xEF5F, 0xEF5F, 0xEF5F, 0xEF3F, 0xEF3F, 0xEF3F, 0xEF3F, 0xEF3F, 0xEF3F, 0xEF3F,
  0xEF3F, 0xEF3F, 0xEF1F, 0xEF5F, 0xF77F, 0xE6FF, 0xCDFD, 0xBD5D, 0xB4FC, 0xB51C, 0xC5BD, 0xE6BE, 0xF73F, 0xEF5F, 0xEF3F, 0xEF1F,
  0xEF3F, 0xEF1F, 0xEF3F, 0xEF3F, 0xEF3F, 0xEF3F, 0xEF3F, 0xEF3F, 0xEF3F, 0xEF3F, 0xEF3F, 0xEF3F, 0xEF3F, 0xEF1F, 0xE71F, 0xE71E,
  0xEF3F, 0xF77F, 0xEF1F, 0xD63E, 0xBD3D, 0xACBC, 0xACDC, 0xBD5C, 0xDE7E, 0xF77F, 0xF77F, 0xEF3F, 0xEF3F, 0xEF3F, 0xEF3F, 0xEF3F,
  0xEF3F, 0xEF3F, 0xEF3F, 0xEF3F, 0xEF3F, 0xEF3F, 0xEF3F, 0xEF3F, 0xEF3F, 0xEF3F, 0xEF3F, 0xEF5F, 0xEF5F, 0xEF5F, 0xF77F, 0xE6BF,
  0xC59F, 0xC5BF, 0xCDBF, 0xCDDF, 0xCDDF, 0xCDFF, 0xCDFF, 0xCDFF, 0xCDFF, 0xCDFF, 0xCDFF, 0xCDFF, 0xCDFF, 0xCDFF, 0xCDFF, 0xCE1F,
  0xD61F, 0xD61F, 0xD61F, 0xD61F, 0xD63F, 0xD63F, 0xD63F, 0xD63F, 0xD63F, 0xD63F, 0xD65F, 0xD65F, 0xD65F, 0xDE7F, 0xDE7F, 0xDE7F,
  0xDEBE, 0xDE7F, 0xDE9F, 0xDE9F, 0xDE7F, 0xDE7F, 0xDE7F, 0xDE7F, 0xDE7F, 0xDE7F, 0xDE7F, 0xDE7F, 0xD65F, 0xD65F, 0xD65F, 0xD65F,
  0xD65F, 0xD65F, 0xD63F, 0xD63F, 0xD63F, 0xD61F, 0xD61F, 0xD61F, 0xCDFF, 0xCDFF, 0xCDDF, 0xCDDF, 0xC5BF, 0xC59F, 0xBD5F, 0xE6BF,
  0xFFBF, 0xF77F, 0xF77F, 0xF77F, 0xF77F, 0xF77F, 0xEF5F, 0xEF5F, 0xEF5F, 0xEF5F, 0xEF5F, 0xEF3F, 0xEF3F, 0xEF3F, 0xEF3F, 0xEF3F,
  0xEF3F, 0xEF3F, 0xEF3F, 0xEF3F, 0xEF3F, 0xEF3F, 0xEF3F, 0xEF3F, 0xEF3F, 0xEF3F, 0xEF1F, 0xEF3F, 0xDE9E, 0x8BB9, 0x49B5, 0x4135,
  0x4935, 0x4955, 0x4974, 0x4134, 0x4133, 0x8358, 0x4975, 0x4955, 0x4954, 0x8338, 0x5195, 0x4955, 0x59B6, 0x59B7, 0x59B7, 0x51B6,
  0x61D7, 0x8B79, 0xD65D, 0xF75F, 0xEEFF, 0xEEFF, 0xEF1F, 0xEF1F, 0xEF1F, 0xEF1F, 0xEF1F, 0xEF1F, 0xEF1F, 0xEF3F, 0xF77F, 0xF75F,
  0xDE3E, 0xC4FD, 0xABDC, 0xAC1C, 0xE6DE, 0xEF5F, 0xEF3F, 0xEF3F, 0xEF3F, 0xEF3F, 0xEF3F, 0xEF5F, 0xEF5F, 0xEF5F, 0xEF5F, 0xF77F,
  0xE6BF, 0xD63F, 0xDE7F, 0xDE9F, 0xDEBF, 0xDEBF, 0xE6DF, 0xE6DF, 0xE6DF, 0xE6DF, 0xDEBF, 0xDEBF, 0xDE9F, 0xD65F, 0xE6FF, 0xF79F,
  0xF77F, 0xF77F, 0xF77F, 0xF77F, 0xF77F, 0xEF5F, 0xEF5F, 0xEF5F, 0xEF5F, 0xEF3F, 0xEF3F, 0xEF3F, 0xEF3F, 0xEF3F, 0xEF3F, 0xEF3F,
  0xEF3F, 0xEF3F, 0xF77F, 0xD63D, 0x9C1B, 0x72B8, 0x6A59, 0x6239, 0x6218, 0x6219, 0x6A5A, 0x7AFB, 0x9C1C, 0xC5BE, 0xEF1F, 0xEF5F,
  0xEF1F, 0xE71F, 0xE73F, 0xEF3F, 0xEF3F, 0xEF3F, 0xEF1F, 0xEF1F, 0xE71F, 0xE71F, 0xE71F, 0xE73F, 0xEF1F, 0xE71F, 0xE73F, 0xEF1F,
  0xDE1F, 0xB4BD, 0x8B7B, 0x729B, 0x6A3A, 0x59D8, 0x59B8, 0x59D8, 0x6258, 0x8BBA, 0xC5DD, 0xF77F, 0xEF3F, 0xEF1F, 0xEF3F, 0xEF3F,
  0xEF3F, 0xEF3F, 0xEF3F, 0xEF3F, 0xEF3F, 0xEF3F, 0xEF3F, 0xEF3F, 0xEF3F, 0xEF3F, 0xEF3F, 0xEF5F, 0xEF5F, 0xEF3F, 0xF77F, 0xE6BF,
  0xC59F, 0xC5BF, 0xC5BF, 0xCDDF, 0xCDDF, 0xCDDF, 0xCDFF, 0xCDFF, 0xCDFF, 0xCDFF, 0xCDFF, 0xCDFF, 0xCDFF, 0xCDFF, 0xD61F, 0xD61F,
  0xD61F, 0xD61F, 0xD61F, 0xD63F, 0xD61F, 0xD63F, 0xD63F, 0xD63F, 0xD65F, 0xD65F, 0xDE5F, 0xDE5F, 0xDE5F, 0xDE5F, 0xDE7F, 0xDE9F,
  0xE6BE, 0xDE7F, 0xDE9F, 0xDE9F, 0xDE9F, 0xDE9F, 0xDE7F, 0xDE7F, 0xDE7F, 0xDE7F, 0xDE7F, 0xDE7F, 0xDE7F, 0xDE7F, 0xD65F, 0xD65F,
  0xD65F, 0xD65F, 0xD63F, 0xD63F, 0xD63F, 0xD63F, 0xD61F, 0xD61F, 0xCDFF, 0xCDFF, 0xCDDF, 0xCDDF, 0xC5BF, 0xC59F, 0xBD5F, 0xE6BF,
  0xFFBF, 0xF77F, 0xF77F, 0xF77F, 0xF77F, 0xEF5F, 0xF77F, 0xEF5F, 0xEF5F, 0xEF5F, 0xEF3F, 0xEF3F, 0xEF3F, 0xEF3F, 0xEF3F, 0xEF3F,
  0xEF3F, 0xEF3F, 0xEF3F, 0xEF3F, 0xEF3F, 0xEF3F, 0xEF3F, 0xEF1F, 0xEF1F, 0xE71F, 0xEF3F, 0xEF3F, 0xEEFF, 0xF6BF, 0xCCFD, 0x8AB9,
  0x7A18, 0x5976, 0x4134, 0x4133, 0x4133, 0x4134, 0x4955, 0x4135, 0x4956, 0x4934, 0x4934, 0x4955, 0x4955, 0x61B6, 0x71F8, 0x9279,
  0xC49C, 0xF69F, 0xFF3F, 0xEF1F, 0xEF1F, 0xEEFF, 0xEEFF, 0xEF1F, 0xEF1F, 0xEF1F, 0xEEFF, 0xEEFF, 0xEF1F, 0xF75F, 0xDE1E, 0x92DB,
  0x719A, 0x60FB, 0x60BB, 0x503A, 0xB49C, 0xF79F, 0xEF1F, 0xEF3F, 0xEF3F, 0xEF3F, 0xEF3F, 0xEF5F, 0xEF5F, 0xEF5F, 0xEF5F, 0xF77F,
  0xDE9F, 0xD63F, 0xDE7F, 0xDE9F, 0xDEBF, 0xDEBF, 0xDEBF, 0xE6DF, 0xE6DF, 0xDEDF, 0xDEBF, 0xDE9F, 0xDE9F, 0xD65F, 0xE6FF, 0xF79F,
  0xF77F, 0xF77F, 0xF77F, 0xF77F, 0xF77F, 0xEF5F, 0xEF5F, 0xEF5F, 0xEF3F, 0xEF3F, 0xEF3F, 0xEF3F, 0xEF3F, 0xEF3F, 0xEF3F, 0xEF3F,
  0xEF3F, 0xEF3F, 0xACBB, 0x6218, 0x59B8, 0x6219, 0x6A39, 0x6A59, 0x6A39, 0x6A59, 0x6A59, 0x727A, 0x727B, 0x7A9B, 0xA43D, 0xD61E,
  0xEEFF, 0xEF3F, 0xEF5F, 0xF75F, 0xF75F, 0xF75F, 0xF75F, 0xF75F, 0xF73F, 0xF75F, 0xEF3F, 0xF75F, 0xF75F, 0xEF3F, 0xE69F, 0xC4FE,
  0x92FC, 0x7A9B, 0x727A, 0x727A, 0x6A59, 0x6238, 0x6218, 0x6218, 0x61F8, 0x59B8, 0x59B7, 0x93FA, 0xEEFF, 0xEF5F, 0xE71F, 0xEF3F,
  0xEF3F, 0xEF3F, 0xEF3F, 0xEF3F, 0xEF3F, 0xEF3F, 0xEF3F, 0xEF3F, 0xEF3F, 0xEF3F, 0xEF3F, 0xEF3F, 0xEF5F, 0xEF5F, 0xF77F, 0xDEBF,
  0xC59F, 0xC5BF, 0xC5BF, 0xCDDF, 0xCDDF, 0xCDDF, 0xCDFF, 0xCDFF, 0xCDFF, 0xCDFF, 0xCDFF, 0xCE1F, 0xCE1F, 0xCE1F, 0xD61F, 0xD61F,
  0xD61F, 0xD63F, 0xD63F, 0xD63F, 0xD63F, 0xD63F, 0xD65F, 0xD65F, 0xDE5F, 0xDE5F, 0xDE5F, 0xDE5F, 0xDE5F, 0xDE5F, 0xDE5F, 0xDE7F,
  0xDEBE, 0xDE9F, 0xDE9F, 0xDE9F, 0xDE9F, 0xDE9F, 0xDE7F, 0xDE7F, 0xDE7F, 0xDE7F, 0xDE7F, 0xDE7F, 0xDE7F, 0xD65F, 0xDE7F, 0xD65F,
  0xD65F, 0xD65F, 0xD65F, 0xD63F, 0xD63F, 0xD63F, 0xD61F, 0xD61F, 0xCDFF, 0xCDFF, 0xCDDF, 0xCDDF, 0xC5BF, 0xC59F, 0xBD5F, 0xDEBF,
  0xF7BF, 0xF77F, 0xF77F, 0xF77F, 0xF77F, 0xEF5F, 0xEF5F, 0xEF5F, 0xEF5F, 0xEF5F, 0xEF3F, 0xEF3F, 0xEF3F, 0xEF3F, 0xEF3F, 0xEF3F,
  0xEF3F, 0xEF3F, 0xEF3F, 0xEF3F, 0xEF3F, 0xEF3F, 0xEF1F, 0xEF3F, 0xEF3F, 0xEEDF, 0xEE5F, 0xED7F, 0xE4DE, 0xDC1F, 0xE3BF, 0xE3FF,
  0xBB7E, 0x827B, 0x69DA, 0x5958, 0x40F4, 0x4114, 0x5176, 0x5996, 0x5156, 0x5116, 0x5157, 0x6178, 0x717B, 0xAA9D, 0xD33F, 0xEAFF,
  0xEB5F, 0xEBFF, 0xECFF, 0xF5FF, 0xF69F, 0xEEFF, 0xEEFF, 0xEEFF, 0xEF1F, 0xEF1F, 0xEF1F, 0xEEFF, 0xE6FF, 0xFF9F, 0x9B9B, 0x585A,
  0x60DB, 0x611A, 0x71BA, 0x829A, 0xD61E, 0xEF5F, 0xEF3F, 0xEF3F, 0xEF3F, 0xEF3F, 0xEF3F, 0xEF3F, 0xEF5F, 0xEF5F, 0xF75F, 0xF77F,
  0xDE9F, 0xD63F, 0xD67F, 0xDE9F, 0xDEBF, 0xDEBF, 0xE6DF, 0xE6DF, 0xE6DF, 0xDEBF, 0xDEBF, 0xDE9F, 0xDE9F, 0xD65F, 0xE6FF, 0xF79F,
  0xF77F, 0xF77F, 0xF77F, 0xF77F, 0xEF5F, 0xEF5F, 0xEF5F, 0xEF3F, 0xEF3F, 0xEF3F, 0xEF3F, 0xEF3F, 0xEF3F, 0xEF3F, 0xEF3F, 0xEF3F,
  0xEF3F, 0x93FA, 0x59D7, 0x6219, 0x6238, 0x6218, 0x6218, 0x6218, 0x6218, 0x6218, 0x6238, 0x6A59, 0x727A, 0x7A9A, 0x7A9B, 0x8B1C,
  0xA3FD, 0xB47D, 0xB49E, 0xAC7D, 0xA45D, 0xA43C, 0xA43C, 0xA43D, 0xA45D, 0xAC5D, 0xAC7D, 0xAC9D, 0xB49E, 0xAC5E, 0xA3BD, 0x8B1C,
  0x82BB, 0x729A, 0x6A59, 0x6218, 0x6218, 0x61F8, 0x59F8, 0x59F7, 0x59F7, 0x59F7, 0x59D7, 0x4976, 0x72D8, 0xE6DE, 0xEF5F, 0xE71F,
  0xEF3F, 0xEF3F, 0xEF3F, 0xEF3F, 0xEF3F, 0xEF3F, 0xEF3F, 0xEF3F, 0xEF3F, 0xEF3F, 0xEF3F, 0xEF3F, 0xEF5F, 0xEF5F, 0xF77F, 0xDEBF,
  0xC59F, 0xC5BF, 0xC5BF, 0xCDDF, 0xCDDF, 0xCDFF, 0xCDFF, 0xCDFF, 0xCDFF, 0xCDFF, 0xCE1F, 0xD61F, 0xCE1F, 0xD61F, 0xD61F, 0xD61F,
  0xD61F, 0xD63F, 0xD63F, 0xD63F, 0xD63F, 0xD63F, 0xD65F, 0xD65F, 0xDE5F, 0xDE5F, 0xDE5F, 0xDE5F, 0xDE5F, 0xD63F, 0xD63F, 0xD65F,
  0xDEBE, 0xDE9F, 0xDE9F, 0xDE9F, 0xDE9F, 0xDE9F, 0xDE9F, 0xDE7F, 0xDE7F, 0xDE7F, 0xDE7F, 0xDE7F, 0xDE7F, 0xDE7F, 0xDE7F, 0xDE7F,
  0xDE5F, 0xD65F, 0xD65F, 0xD65F, 0xD63F, 0xD63F, 0xD61F, 0xD61F, 0xCE1F, 0xCDFF, 0xCDFF, 0xCDDF, 0xC5BF, 0xC59F, 0xBD5F, 0xDEBF,
  0xF7BF, 0xF77F, 0xF77F, 0xF77F, 0xF77F, 0xEF5F, 0xEF5F, 0xEF5F, 0xEF5F, 0xEF5F, 0xEF3F, 0xEF3F, 0xEF3F, 0xEF3F, 0xEF3F, 0xEF3F,
  0xEF3F, 0xEF3F, 0xEF3F, 0xEF1F, 0xEF3F, 0xEF1F, 0xEF3F, 0xF6FF, 0xEE1F, 0xE51E, 0xE47F, 0xE45F, 0xE45F, 0xE41F, 0xDBDF, 0x9A9C,
  0x69BB, 0x69DB, 0x69DA, 0x8A5B, 0xA33C, 0xC41D, 0xDC9E, 0xDCBF, 0xD47E, 0xC3BD, 0xAABD, 0x89DC, 0x797C, 0x797B, 0x899B, 0xCA7E,
  0xEAFF, 0xEB7F, 0xEBDF, 0xEC3F, 0xF4DF, 0xF5BF, 0xF6BF, 0xEF3F, 0xEF1F, 0xEEFF, 0xEEFF, 0xF6FF, 0xEEFF, 0xF73F, 0xDE3E, 0x9B9B,
  0xA41C, 0xCD7E, 0xE69E, 0xEF1F, 0xEF3F, 0xEF1F, 0xEF1F, 0xEF3F, 0xEF3F, 0xEF3F, 0xEF3F, 0xEF5F, 0xEF5F, 0xEF5F, 0xF75F, 0xF77F,
  0xDE9F, 0xD63F, 0xDE7F, 0xDE9F, 0xDE9F, 0xDEBF, 0xDEBF, 0xDEBF, 0xDEDF, 0xDEDF, 0xDEBF, 0xDE9F, 0xDE9F, 0xD65F, 0xE6FF, 0xF79F,
  0xF77F, 0xF77F, 0xF77F, 0xF77F, 0xEF5F, 0xEF5F, 0xEF5F, 0xEF3F, 0xEF3F, 0xEF3F, 0xEF3F, 0xEF3F, 0xEF3F, 0xEF3F, 0xE71F, 0xF75F,
  0x9C3A, 0x59B7, 0x6A38, 0x6218, 0x61F8, 0x59F8, 0x59F7, 0x61F7, 0x61F7, 0x59F7, 0x6218, 0x6218, 0x6A38, 0x6A59, 0x727A, 0x7ABB,
  0x7ABB, 0x82BB, 0x7ABB, 0x7A9B, 0x727B, 0x727B, 0x725B, 0x725B, 0x727B, 0x727B, 0x7A9B, 0x7A9B, 0x7A9B, 0x7A9B, 0x7ABB, 0x7A9A,
  0x725A, 0x6A39, 0x6218, 0x61F7, 0x59F7, 0x59F7, 0x59D7, 0x59D7, 0x51D7, 0x59B7, 0x59B6, 0x59D6, 0x5176, 0x7B18, 0xEEFF, 0xEF3F,
  0xEF1F, 0xEF3F, 0xEF3F, 0xEF3F, 0xEF3F, 0xEF3F, 0xEF3F, 0xEF3F, 0xEF3F, 0xEF3F, 0xEF3F, 0xEF3F, 0xEF5F, 0xEF3F, 0xF77F, 0xDEBF,
  0xC59F, 0xC5BF, 0xCDDF, 0xCDDF, 0xCDFF, 0xCDFF, 0xCDFF, 0xCDFF, 0xCE1F, 0xD61F, 0xD61F, 0xD61F, 0xD61F, 0xD61F, 0xD61F, 0xD61F,
  0xD61F, 0xD63F, 0xD63F, 0xD63F, 0xD63F, 0xD65F, 0xDE3F, 0xD65F, 0xDE5F, 0xDE5F, 0xDE5F, 0xD65F, 0xD63F, 0xD63F, 0xD63F, 0xD65F,
  0xDEBE, 0xDE9F, 0xDE9F, 0xDE9F, 0xDE9F, 0xDE9F, 0xDE9F, 0xDE9F, 0xDE9F, 0xDE7F, 0xDE7F, 0xDE7F, 0xD67F, 0xDE7F, 0xDE7F, 0xD65F,
  0xD65F, 0xD65F, 0xD65F, 0xD65F, 0xD63F, 0xD63F, 0xD63F, 0xD61F, 0xD61F, 0xCDFF, 0xCDDF, 0xCDDF, 0xC5BF, 0xC59F, 0xBD5F, 0xE6BF,
  0xFFBF, 0xF77F, 0xF77F, 0xF77F, 0xEF5F, 0xEF5F, 0xEF5F, 0xEF5F, 0xEF5F, 0xEF5F, 0xEF3F, 0xEF3F, 0xEF3F, 0xEF3F, 0xEF3F, 0xEF3F,
  0xEF3F, 0xEF3F, 0xEF3F, 0xEF3F, 0xEF1F, 0xF75F, 0xF69F, 0xED5F, 0xE4BF, 0xEC9F, 0xEC9F, 0xE49F, 0xE45F, 0xE45F, 0xB35D, 0x619B,
  0x599A, 0x7A1A, 0xC3FD, 0xED3F, 0xF55F, 0xF53F, 0xF4DF, 0xECBF, 0xEC9F, 0xEC9F, 0xEC5F, 0xD37E, 0x91FB, 0x713A, 0x693B, 0x899B,
  0xDAFF, 0xEB3F, 0xEB7F, 0xEBBF, 0xEC1F, 0xF47F, 0xF55F, 0xFE5F, 0xF71F, 0xEF1F, 0xEEFF, 0xEEFF, 0xEEFF, 0xEEFF, 0xEF1F, 0xF75F,
  0xF75F, 0xEF1F, 0xEEFF, 0xEEFF, 0xEEFF, 0xEF1F, 0xEF1F, 0xEF3F, 0xEF3F, 0xEF3F, 0xEF3F, 0xEF5F, 0xEF5F, 0xEF5F, 0xF75F, 0xF77F,
  0xDE9F, 0xD63F, 0xDE7F, 0xDE9F, 0xDE9F, 0xDEBF, 0xDEBF, 0xDEBF, 0xDEBF, 0xDEBF, 0xDEBF, 0xDE9F, 0xDE9F, 0xD65F, 0xE6DF, 0xF79F,
  0xF77F, 0xF77F, 0xF77F, 0xF77F, 0xEF5F, 0xEF5F, 0xEF5F, 0xEF3F, 0xEF3F, 0xEF3F, 0xEF3F, 0xEF3F, 0xEF3F, 0xE71F, 0xF77F, 0xB51C,
  0x51D7, 0x6238, 0x6217, 0x61F8, 0x59F7, 0x59F7, 0x59D7, 0x59D7, 0x61F8, 0x61F8, 0x61F7, 0x61F8, 0x61F8, 0x6218, 0x6238, 0x6A39,
  0x6A59, 0x6A59, 0x6A59, 0x6A79, 0x6A59, 0x6A59, 0x6A59, 0x6A39, 0x6A39, 0x6A59, 0x6A59, 0x6A59, 0x6A59, 0x6A38, 0x6218, 0x6218,
  0x6218, 0x61F8, 0x61F7, 0x59D7, 0x59B7, 0x59B7, 0x51D7, 0x51B7, 0x51B6, 0x51B6, 0x51B6, 0x51B6, 0x59D7, 0x5177, 0x9C1A, 0xF75F,
  0xE71F, 0xEF1F, 0xEF1F, 0xEF3F, 0xEF3F, 0xEF3F, 0xEF3F, 0xEF3F, 0xEF3F, 0xEF3F, 0xEF3F, 0xEF3F, 0xEF5F, 0xEF3F, 0xF77F, 0xE6BF,
  0xC59F, 0xC5BF, 0xCDDF, 0xCDFF, 0xCDFF, 0xCDFF, 0xCDFF, 0xCE1F, 0xD61F, 0xD61F, 0xD61F, 0xD61F, 0xD61F, 0xD61F, 0xD63F, 0xD63F,
  0xD63F, 0xD63F, 0xD63F, 0xD65F, 0xD65F, 0xD65F, 0xD65F, 0xDE5F, 0xD65F, 0xD63F, 0xD63F, 0xD65F, 0xD65F, 0xD65F, 0xD65F, 0xD65F,
  0xDEBE, 0xDE9F, 0xDE9F, 0xDE9F, 0xDE9F, 0xDE9F, 0xDE9F, 0xDE9F, 0xDE9F, 0xDE9F, 0xDE7F, 0xDE7F, 0xD67F, 0xD67F, 0xD67F, 0xDE7F,
  0xDE7F, 0xD65F, 0xD65F, 0xD65F, 0xD63F, 0xD63F, 0xD63F, 0xD61F, 0xD61F, 0xCDFF, 0xCDFF, 0xCDDF, 0xC5BF, 0xC59F, 0xBD5F, 0xE6DF,
  0xFFBF, 0xF77F, 0xF77F, 0xF77F, 0xF77F, 0xEF5F, 0xEF5F, 0xEF5F, 0xEF5F, 0xEF5F, 0xEF3F, 0xEF3F, 0xEF3F, 0xEF3F, 0xEF3F, 0xEF1F,
  0xEF3F, 0xEF3F, 0xEF1F, 0xEF1F, 0xF73F, 0xEDFF, 0xE4DE, 0xECDE, 0xED5F, 0xED3F, 0xE4DF, 0xE49F, 0xE45F, 0xE47F, 0x92BB, 0x69FB,
  0xA33C, 0xDCBF, 0xED1F, 0xECFF, 0xECFF, 0xECFF, 0xECDF, 0xE49F, 0xE45F, 0xE41F, 0xE3DF, 0xE3BF, 0xE33F, 0xBA7D, 0x81BB, 0x717A,
  0xC2BE, 0xEB3F, 0xE33F, 0xEB5F, 0xEBBF, 0xEC1F, 0xF49F, 0xF51F, 0xF5BF, 0xFEBF, 0xEEFF, 0xEEFF, 0xEEFF, 0xEEDF, 0xEEDF, 0xE6FF,
  0xEEDF, 0xEEDF, 0xEEFF, 0xEEFF, 0xEF1F, 0xEF1F, 0xEF1F, 0xEF1F, 0xEF3F, 0xEF3F, 0xEF3F, 0xEF3F, 0xEF5F, 0xEF5F, 0xF75F, 0xF79F,
  0xDEBF, 0xD63F, 0xD65F, 0xDE7F, 0xDE9F, 0xDEBF, 0xDEBF, 0xDEBF, 0xDEBF, 0xDEBF, 0xDEBF, 0xDE9F, 0xDE7F, 0xD63F, 0xE6FF, 0xF79F,
  0xF77F, 0xF77F, 0xF77F, 0xF77F, 0xEF5F, 0xEF5F, 0xEF5F, 0xEF3F, 0xEF3F, 0xEF3F, 0xEF3F, 0xEF3F, 0xE73F, 0xEF5F, 0xDE9E, 0x6237,
  0x59F7, 0x6217, 0x59F7, 0x59F7, 0x59F7, 0x59D6, 0x59D7, 0x59B7, 0x5176, 0x5175, 0x5176, 0x59B8, 0x61F8, 0x59F7, 0x59F8, 0x6218,
  0x6218, 0x6218, 0x6218, 0x6218, 0x6218, 0x6218, 0x61F7, 0x59F8, 0x59F8, 0x61F8, 0x6218, 0x61F7, 0x59F7, 0x59F7, 0x59F7, 0x59D7,
  0x59D7, 0x61F7, 0x51B7, 0x51B6, 0x6236, 0x59D6, 0x5176, 0x5197, 0x5196, 0x5195, 0x5196, 0x5196, 0x51B6, 0x59D7, 0x5196, 0xC59D,
  0xEF5F, 0xE71E, 0xE71F, 0xEF1F, 0xEF3F, 0xEF3F, 0xEF3F, 0xEF3F, 0xEF3F, 0xEF3F, 0xEF3F, 0xEF5F, 0xEF5F, 0xEF5F, 0xF77F, 0xE6DF,
  0xC59F, 0xCDBF, 0xCDDF, 0xCDDF, 0xCDFF, 0xCDFF, 0xD61F, 0xCE1F, 0xD61F, 0xD61F, 0xD63F, 0xD63F, 0xD63F, 0xD63F, 0xD63F, 0xD63F,
  0xD63F, 0xD63F, 0xD65F, 0xD65F, 0xDE5F, 0xDE5F, 0xD65F, 0xD65F, 0xD63F, 0xD63F, 0xD65F, 0xD65F, 0xD65F, 0xD65F, 0xD65F, 0xDE5F,
  0xDEBE, 0xDE9F, 0xDE9F, 0xDE9F, 0xDE9F, 0xDE9F, 0xDE9F, 0xDE9F, 0xDE9F, 0xDE9F, 0xDE7F, 0xDE7F, 0xDE7F, 0xDE7F, 0xD67F, 0xDE7F,
  0xD65F, 0xD65F, 0xD65F, 0xD65F, 0xD65F, 0xD63F, 0xD63F, 0xD63F, 0xD61F, 0xCDFF, 0xCDFF, 0xCDDF, 0xCDBF, 0xC59F, 0xBD5F, 0xE6DF,
  0xFFBF, 0xF77F, 0xF77F, 0xF77F, 0xF77F, 0xEF5F, 0xEF5F, 0xEF5F, 0xEF5F, 0xEF5F, 0xEF3F, 0xEF3F, 0xEF3F, 0xEF3F, 0xEF1F, 0xEF1F,
  0xEF1F, 0xEF1F, 0xEF1F, 0xF6FF, 0xED9F, 0xE49F, 0xED1F, 0xF5DF, 0xF5BF, 0xED3F, 0xE4BF, 0xE45F, 0xDC5F, 0xE47F, 0xD47F, 0xDCBE,
  0xED1F, 0xE4DF, 0xE4BF, 0xECDF, 0xECFF, 0xECDF, 0xECBF, 0xE47F, 0xE41F, 0xE3DF, 0xE39F, 0xE35F, 0xE31F, 0xEB3F, 0xD31F, 0xC2BE,
  0xDAFF, 0xE31F, 0xE2FF, 0xEB1F, 0xEB5F, 0xEB9F, 0xEC1F, 0xEC9F, 0xF4DF, 0xF53F, 0xFE3F, 0xF6DF, 0xEEDF, 0xEEDF, 0xEEDF, 0xEEFF,
  0xEEFF, 0xEEFF, 0xEEFF, 0xEEFF, 0xEF1F, 0xEF1F, 0xEF1F, 0xEF1F, 0xEF3F, 0xEF3F, 0xEF3F, 0xEF5F, 0xEF5F, 0xEF5F, 0xF75F, 0xF79F,
  0xE6BF, 0xD63F, 0xD65F, 0xDE7F, 0xDE9F, 0xDEBF, 0xDEBF, 0xDEBF, 0xDEBF, 0xDEBF, 0xDEBF, 0xDE9F, 0xDE7F, 0xD63F, 0xE6FF, 0xFFBF,
  0xF77F, 0xF77F, 0xF77F, 0xF77F, 0xEF5F, 0xEF5F, 0xEF3F, 0xEF5F, 0xEF3F, 0xEF3F, 0xEF3F, 0xEF3F, 0xE71F, 0xF77F, 0x941A, 0x5196,
  0x59F7, 0x59D7, 0x59F7, 0x59F7, 0x59D6, 0x59D6, 0x59B7, 0x59F6, 0xA47A, 0xC5DC, 0xACDB, 0x6257, 0x59B7, 0x59D7, 0x59D7, 0x59D7,
  0x59D7, 0x59D6, 0x59D6, 0x59D7, 0x59D7, 0x59D7, 0x59D7, 0x59D7, 0x59D7, 0x59D7, 0x59D6, 0x59D6, 0x59B6, 0x59D6, 0x59B6, 0x59B6,
  0x59B7, 0x51B6, 0x7297, 0xCD1C, 0xED7E, 0xDCDD, 0x8AB8, 0x4955, 0x4996, 0x5195, 0x5176, 0x5196, 0x5195, 0x51B6, 0x4976, 0x72D7,
  0xEEFF, 0xE71F, 0xE71F, 0xEF1F, 0xEF3F, 0xEF3F, 0xEF3F, 0xEF3F, 0xEF3F, 0xEF3F, 0xEF3F, 0xEF3F, 0xEF5F, 0xEF5F, 0xF77F, 0xE6DF,
  0xC59F, 0xCDDF, 0xCDDF, 0xCDFF, 0xCDFF, 0xD61F, 0xD61F, 0xD61F, 0xD63F, 0xD63F, 0xD63F, 0xD63F, 0xD63F, 0xD63F, 0xD65F, 0xD65F,
  0xD65F, 0xD65F, 0xD65F, 0xDE7F, 0xDE5F, 0xD65F, 0xD63F, 0xD65F, 0xD65F, 0xD65F, 0xD65F, 0xD63F, 0xD65F, 0xDE5F, 0xDE5F, 0xDE7F,
  0xDEBE, 0xDE9F, 0xDE9F, 0xDE9F, 0xDE9F, 0xDE9F, 0xDE9F, 0xDE9F, 0xDE9F, 0xDE9F, 0xDE9F, 0xDE7F, 0xDE7F, 0xDE7F, 0xDE7F, 0xDE7F,
  0xDE7F, 0xDE7F, 0xD65F, 0xD65F, 0xD65F, 0xD65F, 0xD63F, 0xD63F, 0xD61F, 0xCDFF, 0xCDFF, 0xCDDF, 0xCDBF, 0xCD9F, 0xC57F, 0xE6DF,
  0xFFDF, 0xF79F, 0xF79F, 0xF77F, 0xF77F, 0xF75F, 0xF75F, 0xEF3F, 0xEF3F, 0xEF3F, 0xEF3F, 0xEF3F, 0xEF3F, 0xEF1F, 0xEF1F, 0xEF3F,
  0xEF1F, 0xEF1F, 0xEEFF, 0xE55E, 0xE47E, 0xED1F, 0xF5DF, 0xF5DF, 0xED5F, 0xE4DF, 0xE47F, 0xE45F, 0xDC5F, 0xDC7F, 0xE4DF, 0xECFF,
  0xE4DF, 0xE4DF, 0xE4DF, 0xE4DF, 0xECDF, 0xECBF, 0xECBF, 0xE45F, 0xE3FF, 0xE3BF, 0xE37F, 0xE33F, 0xDB1F, 0xDB1F, 0xE2FF, 0xEAFF,
  0xE2FF, 0xE2DF, 0xE2DF, 0xE2FF, 0xEAFF, 0xEB3F, 0xEB7F, 0xEBDF, 0xEC3F, 0xF49F, 0xF4FF, 0xF61F, 0xEEDF, 0xEEBF, 0xEEDF, 0xEEDF,
  0xEEFF, 0xEEFF, 0xEEFF, 0xEEFF, 0xEEFF, 0xEEFF, 0xEF1F, 0xEF1F, 0xEF3F, 0xEF3F, 0xEF3F, 0xEF5F, 0xEF5F, 0xF75F, 0xF75F, 0xF79F,
  0xE6BF, 0xD63F, 0xDE5F, 0xDE7F, 0xDE9F, 0xDEBF, 0xDEBF, 0xDEBF, 0xDEBF, 0xDEBF, 0xDEBF, 0xDE9F, 0xDE7F, 0xD63F, 0xE6FF, 0xFFBF,
  0xF79F, 0xF77F, 0xF77F, 0xF77F, 0xEF5F, 0xEF5F, 0xEF3F, 0xEF3F, 0xEF3F, 0xEF3F, 0xEF1F, 0xE71F, 0xEF3F, 0xDE9E, 0x6217, 0x59D7,
  0x59D6, 0x59D6, 0x59D6, 0x59D6, 0x51B6, 0x59D6, 0x4955, 0xA4BA, 0xFFFF, 0xFFBF, 0xFFFF, 0xC5BC, 0x5196, 0x59B7, 0x51B6, 0x51B6,
  0x51B6, 0x51B6, 0x51B6, 0x51B6, 0x51B6, 0x51B6, 0x5196, 0x5196, 0x51B6, 0x5196, 0x5195, 0x51B5, 0x51B6, 0x5195, 0x5195, 0x5196,
  0x5196, 0x51B5, 0xCCFD, 0xFDDF, 0xFD3F, 0xFCDE, 0xF41E, 0x69D6, 0x4154, 0x4995, 0x4975, 0x4995, 0x4995, 0x5195, 0x51B5, 0x4154,
  0xB51B, 0xF75F, 0xE6FF, 0xE71F, 0xE71F, 0xEF3F, 0xEF3F, 0xEF3F, 0xEF3F, 0xEF3F, 0xEF3F, 0xEF5F, 0xEF5F, 0xEF5F, 0xF79F, 0xE6FF,
  0xC5BF, 0xCDDF, 0xCDDF, 0xCDFF, 0xD61F, 0xD61F, 0xD61F, 0xD63F, 0xD63F, 0xD63F, 0xD65F, 0xD63F, 0xD63F, 0xD65F, 0xD65F, 0xD65F,
  0xDE5F, 0xDE7F, 0xDE7F, 0xD65F, 0xD65F, 0xD65F, 0xD65F, 0xD65F, 0xD65F, 0xD65F, 0xD65F, 0xD65F, 0xDE5F, 0xDE5F, 0xDE5F, 0xDE7F,
  0xDEBE, 0xDE9F, 0xDE9F, 0xDE9F, 0xDE9F, 0xDE9F, 0xDE9F, 0xDE9F, 0xDE9F, 0xDE9F, 0xDE9F, 0xDE7F, 0xDE9F, 0xDE7F, 0xDE7F, 0xDE7F,
  0xDE7F, 0xDE7F, 0xDE7F, 0xD65F, 0xD65F, 0xD65F, 0xD63F, 0xD63F, 0xD61F, 0xD61F, 0xCDFF, 0xCDDF, 0xCDBF, 0xCDBF, 0xC57F, 0xE6FF,
  0xFFDF, 0xF79F, 0xF79F, 0xF77F, 0xF77F, 0xF75F, 0xF75F, 0xEF5F, 0xEF3F, 0xEF3F, 0xEF3F, 0xEF3F, 0xEF3F, 0xEF3F, 0xEF1F, 0xEF1F,
  0xEF1F, 0xF71F, 0xE59E, 0xDC5F, 0xECDF, 0xF57F, 0xED9F, 0xED3F, 0xE4DF, 0xE49F, 0xE47F, 0xDC5F, 0xDC5F, 0xE47F, 0xE4BF, 0xE4DF,
  0xE4FF, 0xED3F, 0xED1F, 0xE49F, 0xDC1F, 0xD39F, 0xD37F, 0xD33F, 0xD31F, 0xD2FF, 0xDB1F, 0xDB1F, 0xE31F, 0xDAFF, 0xDADF, 0xDABF,
  0xE2DF, 0xE2DF, 0xE2BF, 0xE2BF, 0xE2DF, 0xE2DF, 0xEAFF, 0xEB1F, 0xEB9F, 0xEBFF, 0xEC7F, 0xF4FF, 0xF5FF, 0xEEBF, 0xEEBF, 0xEEDF,
  0xEEDF, 0xEEFF, 0xEEFF, 0xEEFF, 0xEEFF, 0xEEFF, 0xEF1F, 0xEF1F, 0xEF3F, 0xEF3F, 0xEF3F, 0xEF3F, 0xEF5F, 0xF75F, 0xF75F, 0xF79F,
  0xE6DF, 0xD63F, 0xDE5F, 0xDE7F, 0xDE9F, 0xDE9F, 0xDEBF, 0xDEBF, 0xDEBF, 0xDEBF, 0xDE9F, 0xDE9F, 0xDE7F, 0xD63F, 0xEF1F, 0xFFBF,
  0xF79F, 0xF77F, 0xF77F, 0xEF5F, 0xEF5F, 0xEF5F, 0xEF5F, 0xEF3F, 0xEF3F, 0xEF3F, 0xEF1F, 0xE71F, 0xF75F, 0x9C5A, 0x5176, 0x59D6,
  0x51B6, 0x51B6, 0x51B6, 0x51B6, 0x51B6, 0x51B5, 0x4134, 0xBD5C, 0xFFDF, 0xEF5F, 0xFFBF, 0xD63D, 0x4995, 0x5196, 0x51B6, 0x51B6,
  0x5195, 0x5195, 0x5195, 0x5195, 0x5195, 0x4995, 0x4995, 0x4995, 0x4995, 0x4995, 0x4995, 0x4995, 0x4995, 0x5195, 0x5195, 0x5195,
  0x4994, 0x59D5, 0xE43E, 0xF47E, 0xF43E, 0xF39D, 0xFB3E, 0x81D7, 0x4153, 0x4994, 0x4975, 0x4975, 0x4975, 0x4974, 0x4995, 0x4154,
  0x72D7, 0xEF1F, 0xE71F, 0xE71F, 0xE71F, 0xEF3F, 0xEF3F, 0xEF3F, 0xEF3F, 0xEF3F, 0xEF5F, 0xEF5F, 0xEF5F, 0xEF5F, 0xF79F, 0xE6FF,
  0xCDBF, 0xCDDF, 0xCDFF, 0xCDFF, 0xD61F, 0xD61F, 0xD63F, 0xD63F, 0xD65F, 0xD65F, 0xD65F, 0xD65F, 0xD65F, 0xDE5F, 0xDE5F, 0xDE7F,
  0xDE7F, 0xDE5F, 0xD65F, 0xD65F, 0xD65F, 0xD65F, 0xD65F, 0xD65F, 0xD65F, 0xDE5F, 0xDE5F, 0xDE5F, 0xDE5F, 0xD65F, 0xD65F, 0xDE7F,
  0xDEBE, 0xDE9F, 0xDE9F, 0xDE9F, 0xDE9F, 0xDE9F, 0xDE9F, 0xDE9F, 0xDE9F, 0xDE9F, 0xDE9F, 0xDE9F, 0xDE9F, 0xDE9F, 0xDE7F, 0xDE7F,
  0xDE7F, 0xDE7F, 0xDE7F, 0xD65F, 0xD65F, 0xD65F, 0xD65F, 0xD63F, 0xD61F, 0xD61F, 0xCDFF, 0xCDDF, 0xCDDF, 0xCDBF, 0xC57F, 0xE6FF,
  0xFFDF, 0xF79F, 0xF79F, 0xF77F, 0xF77F, 0xF75F, 0xF75F, 0xEF3F, 0xEF3F, 0xEF3F, 0xEF3F, 0xEF3F, 0xEF3F, 0xEF1F, 0xEF1F, 0xEEFF,
  0xEF1F, 0xEE3F, 0xE45F, 0xE47F, 0xECFF, 0xED3F, 0xE4FF, 0xE4BF, 0xE49F, 0xDC7F, 0xDC7F, 0xDC7F, 0xDC7F, 0xDC9F, 0xDCBF, 0xE51F,
  0xED3F, 0xDC7F, 0xCB7E, 0xBABE, 0xBA5F, 0xBA3E, 0xBA3E, 0xC25F, 0xC23F, 0xCA3F, 0xCA5F, 0xCA5F, 0xD27F, 0xDABF, 0xE2BF, 0xE2BF,
  0xDA9F, 0xE29F, 0xE29F, 0xE29F, 0xE2BF, 0xE2BF, 0xE2BF, 0xE2DF, 0xE31F, 0xE37F, 0xEBFF, 0xEC7F, 0xF4FF, 0xEE5F, 0xEE9F, 0xEE9F,
  0xEEBF, 0xEEDF, 0xEEFF, 0xEEFF, 0xEEFF, 0xEEFF, 0xEF1F, 0xEF1F, 0xEF1F, 0xEF3F, 0xEF3F, 0xEF3F, 0xF75F, 0xF75F, 0xF77F, 0xFFBF,
  0xE6DF, 0xD63F, 0xDE7F, 0xDE7F, 0xDE9F, 0xDE9F, 0xDEBF, 0xDEBF, 0xDEBF, 0xDEBF, 0xDE9F, 0xDE9F, 0xDE7F, 0xD63F, 0xEF1F, 0xFFDF,
  0xF79F, 0xF77F, 0xF77F, 0xF77F, 0xEF5F, 0xEF5F, 0xEF5F, 0xEF3F, 0xEF3F, 0xEF3F, 0xE73F, 0xEF3F, 0xE6BF, 0x6257, 0x5196, 0x51D5,
  0x51B6, 0x5195, 0x5195, 0x5195, 0x4995, 0x5195, 0x3913, 0xB51B, 0xF7BF, 0xEF3F, 0xFFBF, 0xCE1C, 0x4955, 0x4975, 0x4975, 0x4975,
  0x5195, 0x4975, 0x4974, 0x4994, 0x4994, 0x4974, 0x4974, 0x4974, 0x4974, 0x4974, 0x4974, 0x4974, 0x4974, 0x4975, 0x4954, 0x4133,
  0x4975, 0x4975, 0xB2BB, 0xFB5F, 0xF2DE, 0xFA9E, 0xDA5C, 0x5955, 0x4954, 0x4154, 0x4134, 0x4954, 0x4974, 0x4974, 0x4974, 0x4994,
  0x4994, 0xCDFD, 0xEF3F, 0xE71F, 0xE71F, 0xEF3F, 0xEF3F, 0xEF3F, 0xEF3F, 0xEF3F, 0xEF3F, 0xEF5F, 0xF77F, 0xEF5F, 0xF79F, 0xEF1F,
  0xCDDF, 0xCDFF, 0xCE1F, 0xD61F, 0xD61F, 0xD63F, 0xD63F, 0xD65F, 0xD65F, 0xD65F, 0xDE7F, 0xDE7F, 0xDE7F, 0xDE9F, 0xDE9F, 0xDE7F,
  0xD65F, 0xD65F, 0xDE5F, 0xDE5F, 0xDE5F, 0xDE5F, 0xDE5F, 0xDE5F, 0xDE5F, 0xDE5F, 0xDE5F, 0xDE5F, 0xDE5F, 0xD65F, 0xD65F, 0xDE5F,
  0xDEBE, 0xDE9F, 0xDE9F, 0xDE9F, 0xDE9F, 0xDE9F, 0xDE9F, 0xDE9F, 0xDE9F, 0xDE9F, 0xDE9F, 0xDE9F, 0xDE9F, 0xDE9F, 0xDE9F, 0xDE7F,
  0xDE7F, 0xDE7F, 0xDE7F, 0xDE7F, 0xD65F, 0xD65F, 0xD65F, 0xD63F, 0xD63F, 0xD61F, 0xCE1F, 0xCDDF, 0xCDDF, 0xCDBF, 0xC57F, 0xEEFF,
  0xFFDF, 0xF79F, 0xF79F, 0xF77F, 0xF77F, 0xF75F, 0xF75F, 0xEF3F, 0xEF3F, 0xEF3F, 0xEF3F, 0xEF3F, 0xEF3F, 0xEF1F, 0xEEFF, 0xEEFF,
  0xEEBF, 0xE4DE, 0xE43F, 0xE47F, 0xE49F, 0xE4BF, 0xE47F, 0xDC5F, 0xDC5F, 0xDC5F, 0xDC7F, 0xDC9F, 0xDC9F, 0xE49F, 0xE4DF, 0xDC3F,
  0xC31E, 0xB27E, 0xB25E, 0xBA5F, 0xBA7F, 0xC27F, 0xC27F, 0xC27F, 0xCA5F, 0xCA5F, 0xCA5F, 0xCA3F, 0xCA3F, 0xCA1F, 0xD23F, 0xDA7F,
  0xDA9F, 0xDA7F, 0xE27F, 0xE27F, 0xE29F, 0xE29F, 0xE29F, 0xE29F, 0xE2BF, 0xE2FF, 0xE37F, 0xE3FF, 0xEC5F, 0xF53F, 0xEE7F, 0xEE9F,
  0xEEBF, 0xEEDF, 0xEEDF, 0xEEFF, 0xEEFF, 0xEEFF, 0xEF1F, 0xEF1F, 0xEF1F, 0xEF1F, 0xEF3F, 0xEF3F, 0xF75F, 0xF75F, 0xF77F, 0xFFBF,
  0xE6DF, 0xD63F, 0xD65F, 0xDE7F, 0xDE9F, 0xDE9F, 0xDEBF, 0xDEBF, 0xDEBF, 0xDEBF, 0xDE9F, 0xDE9F, 0xDE7F, 0xD63F, 0xEF1F, 0xFFDF,
  0xF79F, 0xF79F, 0xF77F, 0xF77F, 0xF77F, 0xEF5F, 0xEF3F, 0xEF3F, 0xEF3F, 0xEF1F, 0xE71F, 0xF75F, 0xBD3C, 0x4975, 0x51B5, 0x5195,
  0x4995, 0x5195, 0x4955, 0x4954, 0x5194, 0x5195, 0x4113, 0xB51B, 0xF77F, 0xEF1F, 0xF79F, 0xCE1D, 0x4974, 0x4975, 0x4975, 0x4975,
  0x4134, 0x4954, 0x4974, 0x4974, 0x4974, 0x4954, 0x4154, 0x4974, 0x4953, 0x4974, 0x4974, 0x4974, 0x4974, 0x4154, 0x61F5, 0x6A56,
  0x5175, 0x4135, 0x4935, 0x91B8, 0xB9FA, 0xA9B9, 0x6134, 0x3913, 0x4133, 0x59F5, 0x6A16, 0x4954, 0x4153, 0x4974, 0x4974, 0x4974,
  0x4134, 0x8BB8, 0xEF3F, 0xE6FF, 0xE71F, 0xE73F, 0xEF3F, 0xEF3F, 0xEF3F, 0xEF3F, 0xEF3F, 0xEF5F, 0xF77F, 0xF77F, 0xF7BF, 0xEF1F,
  0xCDDF, 0xCDFF, 0xD61F, 0xD63F, 0xD63F, 0xD65F, 0xDE5F, 0xDE7F, 0xDE7F, 0xDE9F, 0xDE9F, 0xE69F, 0xE69F, 0xDE9F, 0xDE7F, 0xDE7F,
  0xDE7F, 0xDE7F, 0xDE7F, 0xDE7F, 0xDE5F, 0xDE5F, 0xDE5F, 0xDE5F, 0xDE5F, 0xDE7F, 0xDE7F, 0xDE7F, 0xDE7F, 0xD65F, 0xCDFF, 0xC5DE,
  0xDEBE, 0xDE9F, 0xDEBF, 0xDE9F, 0xDE9F, 0xDE9F, 0xDE9F, 0xDE9F, 0xDE9F, 0xDE9F, 0xDE9F, 0xDE9F, 0xDE9F, 0xDE7F, 0xDE7F, 0xDE7F,
  0xDE7F, 0xDE7F, 0xDE7F, 0xDE7F, 0xD65F, 0xD65F, 0xD65F, 0xD65F, 0xD63F, 0xD61F, 0xCE1F, 0xCDFF, 0xCDDF, 0xCDBF, 0xC59F, 0xEEFF,
  0xFFDF, 0xF79F, 0xF79F, 0xF77F, 0xF77F, 0xF75F, 0xEF5F, 0xEF3F, 0xEF3F, 0xEF3F, 0xEF1F, 0xEF1F, 0xEF1F, 0xEF1F, 0xEEFF, 0xEF1F,
  0xE59F, 0xDC3F, 0xDC5F, 0xDC5F, 0xDC5F, 0xDC5F, 0xDC3F, 0xDC3F, 0xDC5F, 0xDC5F, 0xDC7F, 0xDCBF, 0xDCDF, 0xE4FF, 0xC35E, 0xA9FE,
  0xB21E, 0xB25F, 0xBA7F, 0xBA7F, 0xBA9F, 0xC29F, 0xC25F, 0xC21F, 0xCA7F, 0xCA5F, 0xCA5F, 0xCA3F, 0xCA1F, 0xCA1F, 0xC9FF, 0xC9FF,
  0xD23F, 0xDA7F, 0xDA5F, 0xDA7F, 0xDA7F, 0xE27F, 0xE27F, 0xE27F, 0xE29F, 0xE2BF, 0xE2FF, 0xE39F, 0xEBFF, 0xEC7F, 0xF5DF, 0xEE9F,
  0xEE9F, 0xEEBF, 0xEEDF, 0xEEDF, 0xEEFF, 0xEEFF, 0xEF1F, 0xEF1F, 0xEF1F, 0xEF1F, 0xEF3F, 0xEF3F, 0xF75F, 0xF75F, 0xF77F, 0xFFBF,
  0xE6FF, 0xD63F, 0xDE5F, 0xDE7F, 0xDE9F, 0xDE9F, 0xDEBF, 0xDEBF, 0xDEBF, 0xDEBF, 0xDE9F, 0xDE9F, 0xDE7F, 0xD63F, 0xEF1F, 0xFFDF,
  0xF79F, 0xF79F, 0xF77F, 0xF77F, 0xF77F, 0xEF5F, 0xEF5F, 0xEF3F, 0xEF3F, 0xEF1F, 0xE6FF, 0xEF1F, 0x7B18, 0x4955, 0x51B5, 0x4995,
  0x5195, 0x4954, 0x7AF7, 0xD63D, 0xDE7D, 0xD65D, 0xCE1D, 0xE6BE, 0xEF1F, 0xEF1F, 0xEF3F, 0xEF1F, 0xD65D, 0xD63D, 0xCE1D, 0xDE7D,
  0x9C59, 0x4133, 0x4154, 0x4153, 0x4153, 0x4153, 0x4153, 0x4153, 0x4153, 0x4153, 0x4153, 0x4153, 0x4973, 0xB3BA, 0xED1E, 0xF51F,
  0xD45D, 0x69D6, 0x3914, 0x38F2, 0x3911, 0x3912, 0x3933, 0x4133, 0xAB5A, 0xF4DE, 0xF4BE, 0xD3DC, 0x61B4, 0x4153, 0x4954, 0x4973,
  0x4954, 0x59F5, 0xDE7E, 0xE71F, 0xE6FF, 0xEF1F, 0xEF3F, 0xEF3F, 0xEF3F, 0xEF3F, 0xEF5F, 0xEF5F, 0xF77F, 0xF77F, 0xF7BF, 0xEF3F,
  0xCDFF, 0xD5FF, 0xD61F, 0xD65F, 0xDE7F, 0xDE7F, 0xDE9F, 0xDE9F, 0xE69F, 0xE6BF, 0xE6BF, 0xE6BF, 0xDE7F, 0xDE7F, 0xDE7F, 0xDE7F,
  0xDE7F, 0xDE7F, 0xDE7F, 0xDE7F, 0xDE7F, 0xDE7F, 0xDE7F, 0xDE7F, 0xDE7F, 0xDE7F, 0xD65F, 0xD61E, 0xCDDF, 0xC59F, 0xC55F, 0xC57F,
  0xDEBE, 0xDE9F, 0xDEBF, 0xDEBF, 0xDEBF, 0xDE9F, 0xDE9F, 0xDE9F, 0xDE9F, 0xDE9F, 0xDE9F, 0xDE9F, 0xDE9F, 0xDE7F, 0xDE7F, 0xDE7F,
  0xDE7F, 0xDE7F, 0xDE7F, 0xDE7F, 0xD65F, 0xD65F, 0xD65F, 0xD65F, 0xD63F, 0xD63F, 0xCE1F, 0xCDFF, 0xCDDF, 0xCDBF, 0xC57F, 0xE6FF,
  0xFFDF, 0xF79F, 0xF79F, 0xF77F, 0xF77F, 0xF75F, 0xEF5F, 0xEF5F, 0xEF3F, 0xEF3F, 0xEF3F, 0xEF1F, 0xEF1F, 0xEF1F, 0xEEFF, 0xEEDF,
  0xDCBF, 0xDC1F, 0xDC3F, 0xDC3F, 0xDC3F, 0xDC3F, 0xDC1F, 0xDC3F, 0xD43F, 0xDC5F, 0xDCBF, 0xDCDF, 0xE51F, 0xBB1E, 0xA1DE, 0xB21E,
  0xB23F, 0xB23F, 0xB25E, 0xBA7F, 0xBA9F, 0xBA9E, 0xCB3E, 0xCB7E, 0xC27E, 0xCA3F, 0xC23F, 0xC23F, 0xC21F, 0xC1FF, 0xC1FF, 0xC1DF,
  0xC1DE, 0xD21F, 0xDA5F, 0xDA5F, 0xDA5F, 0xDA5F, 0xDA5F, 0xDA5F, 0xDA7F, 0xDA7F, 0xE2BF, 0xE31F, 0xE39F, 0xEBFF, 0xECFF, 0xEE5F,
  0xEE7F, 0xEEBF, 0xEEBF, 0xEEDF, 0xEEFF, 0xEEFF, 0xEF1F, 0xEF1F, 0xEF1F, 0xEF1F, 0xEF3F, 0xEF3F, 0xF75F, 0xF75F, 0xF77F, 0xFFBF,
  0xE6FF, 0xD63F, 0xDE5F, 0xDE7F, 0xDE9F, 0xDEBF, 0xDEBF, 0xDEBF, 0xDEBF, 0xDEBF, 0xDE9F, 0xDE9F, 0xDE7F, 0xD63F, 0xEF1F, 0xFFDF,
  0xF79F, 0xF79F, 0xF77F, 0xF77F, 0xF77F, 0xEF5F, 0xEF5F, 0xEF3F, 0xEF3F, 0xE71F, 0xEF3F, 0xD63D, 0x51B5, 0x4995, 0x4995, 0x4994,
  0x4975, 0x4954, 0xD63D, 0xFFBF, 0xEF1F, 0xE71F, 0xE71F, 0xE6FF, 0xEF1F, 0xEF1F, 0xEEFF, 0xEEFF, 0xE6FF, 0xE6DF, 0xE6BF, 0xE6FF,
  0xEF1F, 0x5A14, 0x3912, 0x4153, 0x4133, 0x4133, 0x4133, 0x4153, 0x4133, 0x4133, 0x4133, 0x38F2, 0x7A57, 0xFC5F, 0xEBDD, 0xF3DE,
  0xFC1F, 0xC31B, 0x3912, 0x4132, 0x4132, 0x4133, 0x38F2, 0x8237, 0xFC1E, 0xF3BD, 0xFB7D, 0xFBBE, 0xBADB, 0x4132, 0x4153, 0x4953,
  0x4974, 0x4134, 0xB53B, 0xEF3F, 0xE6DF, 0xE71F, 0xEF1F, 0xEF3F, 0xEF3F, 0xEF3F, 0xEF5F, 0xEF5F, 0xF77F, 0xF77F, 0xFFBF, 0xEF3F,
  0xD61F, 0xD63F, 0xDE3F, 0xDE5F, 0xDE7F, 0xE69F, 0xE6BF, 0xE6BF, 0xE6BF, 0xE6DF, 0xE6BF, 0xDEBF, 0xDEBF, 0xDEBF, 0xE6DF, 0xE6DF,
  0xE6BF, 0xDE9F, 0xDE7F, 0xD63F, 0xD61F, 0xCDFF, 0xCDFF, 0xCDDF, 0xC5BF, 0xC57F, 0xC57F, 0xC57F, 0xC59F, 0xC57F, 0xC57F, 0xC59F,
  0xDEDE, 0xDEBF, 0xE6BF, 0xDE9F, 0xDE9F, 0xDE9F, 0xDE9F, 0xDE9F, 0xDE9F, 0xDE9F, 0xDE9F, 0xDE9F, 0xDE9F, 0xDE7F, 0xDE7F, 0xDE7F,
  0xDE7F, 0xDE7F, 0xDE7F, 0xDE7F, 0xDE7F, 0xD67F, 0xD65F, 0xD65F, 0xD63F, 0xD63F, 0xD61F, 0xCDFF, 0xCDDF, 0xCDBF, 0xC57F, 0xE6FF,
  0xFFDF, 0xF79F, 0xF79F, 0xF77F, 0xF77F, 0xF75F, 0xEF5F, 0xEF5F, 0xEF3F, 0xEF3F, 0xEF3F, 0xEF1F, 0xEF1F, 0xEEFF, 0xEF1F, 0xEE3F,
  0xDC3F, 0xDBFF, 0xD41F, 0xD41F, 0xD41F, 0xD41F, 0xD41F, 0xD43F, 0xDC5F, 0xDC7F, 0xDCBF, 0xE51F, 0xC37E, 0xA1DE, 0xB21E, 0xAA1E,
  0xAA1F, 0xB23E, 0xB25E, 0xBA5F, 0xBA3F, 0xCC3D, 0xFF9F, 0xFFDF, 0xDD1D, 0xC1FF, 0xC21F, 0xC21E, 0xC1FF, 0xC1DE, 0xC1DE, 0xC1DF,
  0xC1DF, 0xC1BE, 0xD21F, 0xDA3F, 0xDA3F, 0xDA3F, 0xDA3F, 0xDA3F, 0xDA5F, 0xDA5F, 0xDA9E, 0xDADF, 0xE35F, 0xE3BF, 0xEC5F, 0xEDFF,
  0xEE7F, 0xE69F, 0xEEBF, 0xEEDF, 0xEEFF, 0xEEFF, 0xEEFF, 0xEF1F, 0xEF1F, 0xEF1F, 0xEF1F, 0xEF3F, 0xF75F, 0xF75F, 0xF77F, 0xFFBF,
  0xEEFF, 0xD63F, 0xD65F, 0xDE7F, 0xDE9F, 0xDEBF, 0xDEBF, 0xDEBF, 0xDEBF, 0xDEBF, 0xDE9F, 0xDE9F, 0xDE7F, 0xD63F, 0xEF1F, 0xFFDF,
  0xF79F, 0xF79F, 0xF77F, 0xF77F, 0xEF5F, 0xEF5F, 0xEF3F, 0xEF3F, 0xEF3F, 0xE6FF, 0xF75F, 0xACDB, 0x4134, 0x4995, 0x4994, 0x4975,
  0x4994, 0x4133, 0xC5BC, 0xF73F, 0xE6FF, 0xE6FF, 0xEEFF, 0xEF1F, 0xE6FF, 0xE6FF, 0xE6DF, 0xE6BF, 0xE69F, 0xDE9F, 0xDE9F, 0xE6BF,
  0xE67F, 0x51B4, 0x38F2, 0x4132, 0x4132, 0x4132, 0x4132, 0x4132, 0x4132, 0x4132, 0x4132, 0x30F1, 0x79F7, 0xFAFE, 0xEA9D, 0xEABD,
  0xF2DE, 0xC25C, 0x38F2, 0x4112, 0x4132, 0x4132, 0x38F1, 0x89F7, 0xFAFF, 0xEA9D, 0xEA5D, 0xFA7D, 0xBA3A, 0x4112, 0x4133, 0x4153,
  0x4954, 0x4114, 0x8378, 0xEF1F, 0xE6DF, 0xE71F, 0xEF1F, 0xEF3F, 0xEF3F, 0xEF3F, 0xEF5F, 0xEF5F, 0xF77F, 0xF77F, 0xFFBF, 0xEF3F,
  0xD61F, 0xDE3F, 0xDE5F, 0xDE7F, 0xE69F, 0xE6BF, 0xE6DF, 0xEF1F, 0xEF3F, 0xEF1F, 0xEEFF, 0xE6DF, 0xDE7F, 0xD65F, 0xCE1F, 0xCDDF,
  0xC57F, 0xBD5F, 0xBD5F, 0xBD3F, 0xBD3F, 0xBD3F, 0xBD3F, 0xBD5F, 0xBD5F, 0xC57F, 0xC57F, 0xC57F, 0xC59F, 0xC59F, 0xC59F, 0xC59F,
  0xDEDE, 0xDEBF, 0xE6BF, 0xDEBF, 0xDE9F, 0xDE9F, 0xDE9F, 0xDE9F, 0xDE9F, 0xDE9F, 0xDE9F, 0xDE9F, 0xDE9F, 0xDE7F, 0xDE7F, 0xDE7F,
  0xDE7F, 0xDE7F, 0xDE7F, 0xDE7F, 0xDE7F, 0xD65F, 0xD65F, 0xD65F, 0xD63F, 0xD63F, 0xD61F, 0xCDFF, 0xCDDF, 0xCDBF, 0xC57F, 0xE6FF,
  0xFFDF, 0xF79F, 0xF79F, 0xF77F, 0xF77F, 0xF75F, 0xEF5F, 0xEF5F, 0xEF3F, 0xEF3F, 0xEF3F, 0xEF1F, 0xEEFF, 0xE6DF, 0xEEFF, 0xE57F,
  0xD3FF, 0xD3FF, 0xD41F, 0xD41F, 0xD41F, 0xD41F, 0xD41F, 0xD43F, 0xDC5F, 0xDC7F, 0xE4DF, 0xD41F, 0xA1FE, 0xA9FF, 0xA9FF, 0xAA1F,
  0xAA1E, 0xB21E, 0xB23E, 0xB23F, 0xB1DE, 0xD53E, 0xFFFF, 0xFFFF, 0xEE5E, 0xB9FE, 0xBA1E, 0xC1DF, 0xB9DE, 0xB9DE, 0xC1DE, 0xC1DE,
  0xB9BE, 0xC1BE, 0xC1BE, 0xD21F, 0xD23F, 0xD21F, 0xDA1F, 0xDA1F, 0xDA3F, 0xDA3F, 0xDA5F, 0xDA9F, 0xDAFF, 0xE37F, 0xEBFF, 0xED7F,
  0xEE7F, 0xEE7F, 0xE6BF, 0xEEBF, 0xEEFF, 0xEEFF, 0xEEFF, 0xEEFF, 0xEF1F, 0xEF1F, 0xEF3F, 0xEF3F, 0xF75F, 0xF75F, 0xF77F, 0xFFBF,
  0xEEFF, 0xD63F, 0xD65F, 0xDE7F, 0xDE9F, 0xDEBF, 0xDEBF, 0xDEBF, 0xDEBF, 0xDEBF, 0xDE9F, 0xDE9F, 0xDE7F, 0xD63F, 0xEF1F, 0xFFDF,
  0xF79F, 0xF79F, 0xF77F, 0xF77F, 0xEF5F, 0xEF5F, 0xEF5F, 0xEF3F, 0xEF3F, 0xE6FF, 0xF75F, 0x7B58, 0x4114, 0x4994, 0x4974, 0x4974,
  0x4974, 0x3913, 0x6255, 0xBD5C, 0xCDFD, 0xCDFD, 0xCDFD, 0xE6BF, 0xEEFF, 0xE6DF, 0xE6BF, 0xDE5F, 0xC57C, 0xBD5C, 0xBD5C, 0xBD5C,
  0x7AF6, 0x30D2, 0x3932, 0x3932, 0x3932, 0x3912, 0x3912, 0x3912, 0x3912, 0x3912, 0x3912, 0x3912, 0x4112, 0xB1FA, 0xE21E, 0xE9FD,
  0xD21C, 0x6936, 0x38F2, 0x30D1, 0x28B0, 0x30D0, 0x30F1, 0x48F2, 0xB9DA, 0xF1DD, 0xF1DD, 0xD9FC, 0x6114, 0x3911, 0x4133, 0x4133,
  0x4153, 0x4133, 0x51D4, 0xDE5E, 0xE6FF, 0xE6FF, 0xEF1F, 0xEF3F, 0xEF3F, 0xEF3F, 0xEF5F, 0xEF5F, 0xF77F, 0xF77F, 0xFFBF, 0xEF5F,
  0xD63F, 0xDE5F, 0xDE7F, 0xE69F, 0xE6DF, 0xEF1F, 0xF75F, 0xEF3F, 0xE6BF, 0xD63F, 0xCDBF, 0xBD5F, 0xBD3F, 0xBD3F, 0xBD3F, 0xBD1F,
  0xBD3F, 0xBD3F, 0xBD3F, 0xBD5F, 0xBD5F, 0xC55F, 0xC55F, 0xC57F, 0xC57F, 0xC57F, 0xC57F, 0xC57F, 0xC57F, 0xC57F, 0xC59F, 0xC59F,
  0xDEDE, 0xDEBF, 0xDEBF, 0xDE9F, 0xDE9F, 0xDE9F, 0xDE9F, 0xDEBF, 0xDE9F, 0xDE9F, 0xDE9F, 0xDE9F, 0xDE9F, 0xDE7F, 0xDE7F, 0xDE7F,
  0xDE7F, 0xDE7F, 0xDE7F, 0xDE7F, 0xDE7F, 0xD65F, 0xD65F, 0xD65F, 0xD63F, 0xD63F, 0xCE1F, 0xCDFF, 0xCDDF, 0xCDBF, 0xC59F, 0xE6DF,
  0xFFDF, 0xF79F, 0xF79F, 0xF77F, 0xF77F, 0xEF5F, 0xEF5F, 0xEF3F, 0xEF3F, 0xEF3F, 0xEF3F, 0xEF1F, 0xEEFF, 0xEEDF, 0xEEDF, 0xD4BF,
  0xD3DF, 0xD3FF, 0xD3FF, 0xD3FF, 0xD3FF, 0xD3FF, 0xD41F, 0xD43F, 0xD45F, 0xD49F, 0xE4BF, 0xB29E, 0xA1BF, 0xA9FF, 0xA9FE, 0xA9FE,
  0xA9FF, 0xB21F, 0xB21E, 0xB23F, 0xA9DE, 0xD51E, 0xFFDF, 0xFFBF, 0xEE1E, 0xB9FE, 0xB9FE, 0xB9DF, 0xB9BE, 0xB9BE, 0xB9BE, 0xB9BE,
  0xB99E, 0xB99E, 0xB97E, 0xC1DF, 0xD23F, 0xD21F, 0xD21F, 0xD23F, 0xD23F, 0xD23F, 0xD23F, 0xDA7F, 0xDADF, 0xDB5F, 0xE3BF, 0xECDF,
  0xE65F, 0xE67F, 0xEE9F, 0xEEBF, 0xEEDF, 0xEEFF, 0xEEFF, 0xEEFF, 0xEEFF, 0xEF1F, 0xEF1F, 0xEF3F, 0xF75F, 0xF75F, 0xF77F, 0xFFBF,
  0xE6FF, 0xD63F, 0xDE5F, 0xDE7F, 0xDE9F, 0xDEBF, 0xDEBF, 0xE6BF, 0xDEBF, 0xDEBF, 0xDE9F, 0xDE9F, 0xDE7F, 0xD63F, 0xEF1F, 0xFFDF,
  0xF79F, 0xF79F, 0xF77F, 0xF77F, 0xEF5F, 0xEF5F, 0xEF5F, 0xEF3F, 0xEF1F, 0xEF3F, 0xDE9F, 0x51F5, 0x4934, 0x4974, 0x4954, 0x4954,
  0x4154, 0x4133, 0x38F2, 0x38F2, 0x4133, 0x3913, 0x30B0, 0xACBA, 0xEEFF, 0xDE7F, 0xE69F, 0xB51C, 0x30D0, 0x30B1, 0x30D1, 0x30B1,
  0x2890, 0x38F1, 0x3911, 0x3912, 0x3911, 0x3911, 0x3911, 0x3911, 0x3911, 0x3911, 0x38F1, 0x3911, 0x30F1, 0x38D2, 0x6115, 0x7115,
  0x48F3, 0x30D2, 0x40F2, 0x7AB6, 0xAB79, 0x9297, 0x5112, 0x28D0, 0x38D1, 0x7114, 0x7935, 0x48F2, 0x30F1, 0x3931, 0x3932, 0x4132,
  0x4133, 0x4133, 0x4113, 0xB53B, 0xEF3F, 0xE6FF, 0xE71F, 0xEF3F, 0xEF3F, 0xEF3F, 0xEF3F, 0xEF5F, 0xF77F, 0xF77F, 0xF7BF, 0xF75F,
  0xDE5F, 0xDE7F, 0xE6BF, 0xE6DF, 0xE6DF, 0xDE7E, 0xCDFF, 0xC57F, 0xBD3F, 0xBD3F, 0xBD3F, 0xBD3F, 0xBD5F, 0xBD5F, 0xBD5F, 0xBD3F,
  0xBD3F, 0xBD5F, 0xBD5F, 0xBD5F, 0xBD5F, 0xBD5F, 0xC55F, 0xC55F, 0xC57F, 0xC57F, 0xC57F, 0xC57F, 0xC57F, 0xC59F, 0xC59F, 0xC59F,
  0xE6DE, 0xDEBF, 0xDEBF, 0xDEBF, 0xDE9F, 0xDEBF, 0xDEBF, 0xDEBF, 0xDEBF, 0xDE9F, 0xDE9F, 0xDE9F, 0xDE9F, 0xDE9F, 0xDE7F, 0xDE7F,
  0xDE7F, 0xDE7F, 0xDE7F, 0xDE7F, 0xDE7F, 0xD65F, 0xD65F, 0xD65F, 0xD63F, 0xD63F, 0xD61F, 0xCDFF, 0xCDDF, 0xCDBF, 0xC57F, 0xE6FF,
  0xFFDF, 0xF79F, 0xF79F, 0xF77F, 0xF75F, 0xEF5F, 0xEF3F, 0xEF3F, 0xEF3F, 0xEF3F, 0xEF1F, 0xEF1F, 0xEEFF, 0xEEDF, 0xEE9F, 0xD45F,
  0xD3DF, 0xD3DF, 0xD3DF, 0xD3DF, 0xD3DF, 0xD3FF, 0xD41F, 0xD43F, 0xD45F, 0xDC9F, 0xCBFF, 0xA1DE, 0xA9DF, 0xA1DF, 0xA9DF, 0xA9FF,
  0xA9FE, 0xA9FE, 0xA9FE, 0xB21F, 0xA9DE, 0xD51E, 0xFF9F, 0xF79F, 0xE61E, 0xB1FE, 0xB9DF, 0xB9BE, 0xB9BE, 0xB9BE, 0xB99E, 0xB99E,
  0xB99E, 0xB99E, 0xB97E, 0xB99E, 0xC9FF, 0xD21F, 0xD21F, 0xD21F, 0xD21F, 0xD21F, 0xD23F, 0xD25F, 0xD2BF, 0xDB1F, 0xDB7F, 0xE45F,
  0xE63F, 0xE65F, 0xEE9F, 0xEEBF, 0xEEDF, 0xEEFF, 0xEEFF, 0xEEFF, 0xEEFF, 0xEF1F, 0xEF1F, 0xEF3F, 0xF75F, 0xF75F, 0xF77F, 0xFFBF,
  0xE6DF, 0xD63F, 0xDE7F, 0xDE9F, 0xDE9F, 0xDEBF, 0xDEBF, 0xE6BF, 0xE6BF, 0xDEBF, 0xDEBF, 0xDE9F, 0xDE7F, 0xD63F, 0xEF1F, 0xFFDF,
  0xF79F, 0xF79F, 0xF77F, 0xF77F, 0xEF5F, 0xEF5F, 0xEF3F, 0xEF3F, 0xEF1F, 0xEF5F, 0xB55B, 0x4133, 0x4954, 0x4953, 0x4153, 0x4153,
  0x4133, 0x4133, 0x4133, 0x4133, 0x3913, 0x3912, 0x2891, 0x9C3A, 0xE69F, 0xD61F, 0xDE5F, 0xACBC, 0x30B1, 0x30D1, 0x30D1, 0x38F1,
  0x38F1, 0x38F1, 0x38F1, 0x3911, 0x38F1, 0x3911, 0x3911, 0x38F1, 0x38F1, 0x38F1, 0x38F1, 0x38F1, 0x38F1, 0x30F1, 0x28B0, 0x30AF,
  0x30F0, 0x30B0, 0x9AD8, 0xFC9F, 0xFC1F, 0xFB9F, 0xD2BB, 0x48D1, 0x30CF, 0x30AF, 0x28D0, 0x30F1, 0x38F1, 0x3911, 0x3912, 0x3932,
  0x4133, 0x4153, 0x38F2, 0x9419, 0xEF3F, 0xE6DF, 0xE71F, 0xEF3F, 0xEF3F, 0xEF3F, 0xEF3F, 0xEF5F, 0xF77F, 0xF77F, 0xF7BF, 0xEF3F,
  0xDE5F, 0xDE7F, 0xDE5F, 0xCDFF, 0xC57F, 0xBD3F, 0xBD3F, 0xBD5F, 0xBD5F, 0xBD5F, 0xBD5F, 0xBD3F, 0xBD3F, 0xBD3F, 0xBD3F, 0xBD5F,
  0xBD5F, 0xBD5F, 0xBD5F, 0xBD5F, 0xBD5F, 0xC55F, 0xC55F, 0xC55F, 0xC57F, 0xC57F, 0xC57F, 0xC57F, 0xC57F, 0xC59F, 0xC59F, 0xC5BF,
  0xE6DE, 0xE6BF, 0xE6BF, 0xDEBF, 0xDEBF, 0xDEBF, 0xDEBF, 0xDEBF, 0xDEBF, 0xDE9F, 0xDE9F, 0xDE9F, 0xDE9F, 0xDE9F, 0xDE7F, 0xDE7F,
  0xDE7F, 0xDE7F, 0xDE7F, 0xDE7F, 0xDE7F, 0xD65F, 0xD65F, 0xD65F, 0xD63F, 0xD63F, 0xD61F, 0xCDFF, 0xCDDF, 0xCDBF, 0xC59F, 0xE6FF,
  0xFFDF, 0xF79F, 0xF77F, 0xF77F, 0xF75F, 0xEF5F, 0xEF3F, 0xEF3F, 0xEF3F, 0xEF3F, 0xEF1F, 0xEEFF, 0xEEDF, 0xEEDF, 0xE67F, 0xCC1F,
  0xCBBF, 0xCBBF, 0xCBBF, 0xCBBF, 0xCBDF, 0xCBDF, 0xD3FF, 0xD41F, 0xD45F, 0xDC9F, 0xB2FF, 0x997E, 0xA1DE, 0xA1DF, 0xA1DF, 0xA1DF,
  0xA9DE, 0xA9DE, 0xA9DE, 0xA9FF, 0xA1BE, 0xCCFD, 0xFF9F, 0xF77F, 0xE5FE, 0xB1DE, 0xB9BE, 0xB1BE, 0xB19E, 0xB19E, 0xB17E, 0xB17E,
  0xB17E, 0xB17E, 0xB17E, 0xB95E, 0xC9DF, 0xD21F, 0xCA1F, 0xD21F, 0xD21F, 0xD21F, 0xD23F, 0xD23F, 0xD27F, 0xDAFF, 0xDB3F, 0xE41F,
  0xE61F, 0xE67F, 0xEE9F, 0xEEBF, 0xEEDF, 0xEEFF, 0xEEFF, 0xEEFF, 0xEEFF, 0xEF1F, 0xEF1F, 0xEF3F, 0xF73F, 0xF75F, 0xF77F, 0xFFBF,
  0xE6FF, 0xD63F, 0xDE7F, 0xDE7F, 0xDE9F, 0xDEBF, 0xDEBF, 0xE6BF, 0xE6BF, 0xDEBF, 0xDE9F, 0xDE9F, 0xDE7F, 0xD65F, 0xEF1F, 0xFFDF,
  0xF79F, 0xF77F, 0xF77F, 0xF77F, 0xEF5F, 0xEF3F, 0xEF3F, 0xEF3F, 0xE71F, 0xF75F, 0x9419, 0x38F3, 0x4974, 0x4153, 0x4133, 0x4133,
  0x4133, 0x4133, 0x4133, 0x4113, 0x3913, 0x3912, 0x30B0, 0xA43A, 0xDE3F, 0xCDDF, 0xD5FF, 0xAC9C, 0x30B1, 0x30D1, 0x38F1, 0x38F1,
  0x38F1, 0x38F0, 0x38F0, 0x38F1, 0x38F1, 0x38F1, 0x38F1, 0x38F1, 0x38F1, 0x38F1, 0x38F1, 0x38F1, 0x38F1, 0x30F1, 0x30F0, 0x30D0,
  0x30D0, 0x40F0, 0xD2DD, 0xF2FE, 0xEAFD, 0xEA9D, 0xF25D, 0x7114, 0x28AF, 0x38F1, 0x38D1, 0x38F1, 0x38F1, 0x38F1, 0x3911, 0x3911,
  0x4112, 0x4152, 0x38F2, 0x72D7, 0xEEFF, 0xE6DF, 0xE71F, 0xEF1F, 0xEF3F, 0xEF3F, 0xEF3F, 0xEF5F, 0xF75F, 0xF77F, 0xF79F, 0xEF1F,
  0xCDDF, 0xCD9F, 0xBD5F, 0xBD3F, 0xBD5F, 0xBD5F, 0xBD5F, 0xBD5F, 0xBD5F, 0xBD5F, 0xBD5F, 0xBD5F, 0xBD5F, 0xBD5F, 0xBD5F, 0xBD5F,
  0xBD5F, 0xBD5F, 0xBD5F, 0xC55F, 0xBD5F, 0xC55F, 0xC57F, 0xC57F, 0xC57F, 0xC57F, 0xC57F, 0xC59F, 0xC59F, 0xC59F, 0xC59F, 0xC5BF,
  0xE6FE, 0xE6DF, 0xE6BF, 0xE6BF, 0xE6BF, 0xDEBF, 0xDEBF, 0xDEBF, 0xDEBF, 0xDE9F, 0xDE9F, 0xDE9F, 0xDE9F, 0xDE9F, 0xDE7F, 0xDE7F,
  0xDE7F, 0xDE7F, 0xDE7F, 0xDE7F, 0xDE7F, 0xDE7F, 0xD65F, 0xD65F, 0xD63F, 0xD63F, 0xD61F, 0xCDFF, 0xCDDF, 0xCDBF, 0xC59F, 0xE6FF,
  0xFFBF, 0xF79F, 0xF77F, 0xF77F, 0xF75F, 0xEF5F, 0xEF3F, 0xEF3F, 0xEF3F, 0xEF3F, 0xEF1F, 0xEEFF, 0xEEDF, 0xEEDF, 0xE65F, 0xCBDE,
  0xCB9F, 0xC39F, 0xC39F, 0xCB9F, 0xCB9F, 0xCBBF, 0xCBDF, 0xD41F, 0xD43F, 0xD45F, 0xAA5E, 0x999E, 0xA1BF, 0xA1BF, 0xA1BF, 0xA1DF,
  0xA1BE, 0xA1BE, 0xA1BE, 0xA9DF, 0xA17D, 0xCCDD, 0xFF9F, 0xF79F, 0xDDBE, 0xA95D, 0xB99E, 0xB19E, 0xB19E, 0xB17E, 0xB17E, 0xB15E,
  0xB17E, 0xB17E, 0xB17E, 0xB15E, 0xC1BE, 0xCA1F, 0xCA1F, 0xCA1F, 0xCA1F, 0xCA1F, 0xCA1F, 0xCA3F, 0xD27F, 0xD2BF, 0xDAFF, 0xDBDE,
  0xE61F, 0xE65F, 0xEE9F, 0xEEBF, 0xEEDF, 0xEEDF, 0xEEFF, 0xEEFF, 0xEEFF, 0xEF1F, 0xEF3F, 0xEF3F, 0xF73F, 0xF75F, 0xF75F, 0xFFBF,
  0xE6FF, 0xDE3F, 0xDE7F, 0xDE9F, 0xDEBF, 0xDEBF, 0xE6DF, 0xE6BF, 0xE6DF, 0xDEDF, 0xDEBF, 0xDE9F, 0xDE9F, 0xD65F, 0xEF1F, 0xFFBF,
  0xF77F, 0xF77F, 0xF77F, 0xF77F, 0xEF5F, 0xEF3F, 0xEF3F, 0xEF3F, 0xEF1F, 0xEF3F, 0x72F7, 0x38F3, 0x4153, 0x4133, 0x4132, 0x4132,
  0x4112, 0x4113, 0x4113, 0x3912, 0x3912, 0x3912, 0x28B0, 0x93D9, 0xEE9F, 0xD5DF, 0xDE1F, 0xA41B, 0x2890, 0x30D1, 0x38F1, 0x38F1,
  0x38F1, 0x38F0, 0x30F0, 0x30F0, 0x38F0, 0x30F0, 0x30F1, 0x38F0, 0x30F0, 0x38F0, 0x30F0, 0x38F0, 0x30F0, 0x30D0, 0x30D0, 0x30F0,
  0x30D0, 0x30D0, 0xB9FB, 0xF21E, 0xE9FD, 0xF1BD, 0xE1DC, 0x50F2, 0x28D0, 0x38D1, 0x30F0, 0x30F0, 0x38F1, 0x38F1, 0x38F1, 0x3911,
  0x3912, 0x4132, 0x3912, 0x51B4, 0xDE5E, 0xE6FF, 0xE6FF, 0xEF1F, 0xEF1F, 0xEF3F, 0xEF3F, 0xEF5F, 0xEF5F, 0xEF5F, 0xF7BF, 0xE6FF,
  0xBD3F, 0xBD3F, 0xBD3F, 0xBD5F, 0xBD5F, 0xBD5F, 0xBD5F, 0xBD5F, 0xBD5F, 0xBD5F, 0xBD5F, 0xBD5F, 0xBD5F, 0xBD5F, 0xBD5F, 0xBD5F,
  0xC55F, 0xC55F, 0xC55F, 0xC55F, 0xC55F, 0xC57F, 0xC57F, 0xC57F, 0xC57F, 0xC57F, 0xC57F, 0xC59F, 0xC59F, 0xC59F, 0xC59F, 0xC5BF,
  0xE6DE, 0xE6BF, 0xE6BF, 0xE6BF, 0xE6BF, 0xE6BF, 0xDEBF, 0xDEBF, 0xDEBF, 0xDEBF, 0xDE9F, 0xDE9F, 0xDE9F, 0xDE9F, 0xDE7F, 0xDE7F,
  0xDE7F, 0xDE7F, 0xDE7F, 0xDE7F, 0xDE7F, 0xDE7F, 0xD65F, 0xD65F, 0xD65F, 0xD63F, 0xD61F, 0xCDFF, 0xCDDF, 0xCDBF, 0xC59F, 0xE6DF,
  0xFFBF, 0xF77F, 0xF77F, 0xF77F, 0xF75F, 0xEF3F, 0xEF3F, 0xEF3F, 0xEF3F, 0xEF3F, 0xEF1F, 0xEEFF, 0xEEDF, 0xEEDF, 0xE65F, 0xC3BF,
  0xC37F, 0xC37F, 0xC35F, 0xC37F, 0xC37F, 0xCBBF, 0xCBDF, 0xCBFF, 0xCC1F, 0xD41F, 0xA21E, 0x999E, 0xA1BF, 0xA1BF, 0xA1BE, 0xA1BE,
  0xA1BE, 0xA1BE, 0xA1BE, 0xA1BE, 0x997D, 0xD53E, 0xF77F, 0xF73F, 0xE63E, 0xAA1D, 0xA8FE, 0xB15E, 0xB17E, 0xB17E, 0xA95E, 0xA95E,
  0xB15E, 0xB15E, 0xB15E, 0xB13E, 0xB99E, 0xC9FF, 0xC9FF, 0xC9FF, 0xC9FF, 0xCA1F, 0xCA1F, 0xCA3F, 0xCA5F, 0xD29F, 0xD2DF, 0xDBDE,
  0xE63F, 0xE67F, 0xE67F, 0xEEBF, 0xEEDF, 0xEEDF, 0xEEFF, 0xEEFF, 0xEF1F, 0xEF1F, 0xEF1F, 0xEF3F, 0xF73F, 0xF75F, 0xF75F, 0xFFBF,
  0xE6FF, 0xD63F, 0xDE7F, 0xDE9F, 0xDEBF, 0xE6BF, 0xE6DF, 0xE6DF, 0xE6DF, 0xE6DF, 0xDEBF, 0xDE9F, 0xDE9F, 0xD65F, 0xEF1F, 0xFFBF,
  0xF77F, 0xF77F, 0xF77F, 0xEF5F, 0xEF5F, 0xEF5F, 0xEF3F, 0xEF3F, 0xEF3F, 0xE6DF, 0x59F4, 0x38F3, 0x4133, 0x4132, 0x4132, 0x4132,
  0x3912, 0x3912, 0x3912, 0x3912, 0x3911, 0x3911, 0x38F1, 0x4152, 0x93D9, 0xAC7C, 0x93B9, 0x4151, 0x28B0, 0x30F1, 0x30F1, 0x30F1,
  0x30F1, 0x30F1, 0x30F0, 0x30F0, 0x30F0, 0x30D0, 0x30F1, 0x30F1, 0x30F1, 0x30F0, 0x30F0, 0x30F0, 0x30F0, 0x30D0, 0x30D0, 0x30F0,
  0x38F0, 0x30D0, 0x50F3, 0xB979, 0xD95B, 0xC95B, 0x7915, 0x30B0, 0x30F0, 0x30D0, 0x30F0, 0x30F0, 0x30F0, 0x30F1, 0x38F1, 0x3911,
  0x3911, 0x3911, 0x4112, 0x3912, 0xBD5C, 0xEF1F, 0xE6FF, 0xEF1F, 0xEF1F, 0xEF3F, 0xEF3F, 0xEF3F, 0xEF5F, 0xEF5F, 0xF7BF, 0xE6BF,
  0xBD1F, 0xBD3F, 0xBD3F, 0xBD3F, 0xBD5F, 0xBD5F, 0xC55F, 0xC55F, 0xBD5F, 0xC55F, 0xC55F, 0xC55F, 0xC55F, 0xC55F, 0xC55F, 0xC57F,
  0xC57F, 0xC57F, 0xC57F, 0xC57F, 0xC57F, 0xC57F, 0xC57F, 0xC57F, 0xC59F, 0xC59F, 0xC59F, 0xC59F, 0xC59F, 0xC59F, 0xC59F, 0xC5BF,
  0xE6DE, 0xE6DF, 0xE6BF, 0xE6BF, 0xE6BF, 0xE6BF, 0xDEBF, 0xDEBF, 0xDEBF, 0xDE9F, 0xDE9F, 0xDE9F, 0xDE9F, 0xDE9F, 0xDE9F, 0xDE7F,
  0xDE7F, 0xDE7F, 0xDE7F, 0xDE7F, 0xDE7F, 0xDE7F, 0xDE7F, 0xD65F, 0xD65F, 0xD63F, 0xD61F, 0xCDFF, 0xCDDF, 0xCDBF, 0xC57F, 0xE6DF,
  0xFFBF, 0xF77F, 0xF77F, 0xF75F, 0xF75F, 0xEF3F, 0xEF3F, 0xEF3F, 0xEF1F, 0xEF1F, 0xEF1F, 0xEEFF, 0xEEDF, 0xE6DF, 0xE67F, 0xC3BF,
  0xC33F, 0xC35F, 0xC33F, 0xC35F, 0xC35F, 0xC39F, 0xC3BF, 0xCBDF, 0xCBDF, 0xCBDF, 0xA1FE, 0x999E, 0x99BE, 0x999F, 0xA19E, 0xA1BF,
  0xA19E, 0xA19E, 0xA19E, 0xA19E, 0x997D, 0xDD7E, 0xF75F, 0xE6BF, 0xEEBF, 0xEE7F, 0xC43E, 0xA9BD, 0xA8FE, 0xB15F, 0xA95E, 0xA95E,
  0xA95E, 0xA95E, 0xA93E, 0xA93E, 0xB99E, 0xC1FF, 0xC1FF, 0xC1FF, 0xC1FF, 0xCA1F, 0xCA1F, 0xCA3F, 0xCA5F, 0xD29F, 0xD2DF, 0xDBFF,
  0xE63F, 0xE65F, 0xE67F, 0xE69F, 0xEEDF, 0xEEDF, 0xEEFF, 0xEEFF, 0xEF1F, 0xEF1F, 0xEF1F, 0xEF3F, 0xEF3F, 0xF75F, 0xF75F, 0xF79F,
  0xE6DF, 0xD63F, 0xDE7F, 0xDE9F, 0xE6BF, 0xE6DF, 0xE6DF, 0xE6DF, 0xE6DF, 0xE6DF, 0xE6BF, 0xDEBF, 0xDE9F, 0xD65F, 0xEF1F, 0xFFBF,
  0xF77F, 0xF77F, 0xF77F, 0xEF5F, 0xEF5F, 0xEF5F, 0xEF3F, 0xEF3F, 0xEF5F, 0xD61D, 0x4133, 0x3913, 0x3912, 0x3912, 0x3912, 0x3912,
  0x3912, 0x3912, 0x3911, 0x3911, 0x3911, 0x38F1, 0x38F1, 0x30D1, 0x2890, 0x30AF, 0x286F, 0x288F, 0x30D0, 0x30D0, 0x30F1, 0x30F1,
  0x30F0, 0x30F0, 0x30D0, 0x30F1, 0x30F1, 0x30D1, 0x30D1, 0x30F1, 0x30F1, 0x30F0, 0x30F0, 0x30F0, 0x30D0, 0x30D0, 0x30D0, 0x30D0,
  0x30D0, 0x30D0, 0x28D0, 0x30AF, 0x40B0, 0x38B0, 0x28AF, 0x28F0, 0x30D0, 0x30D0, 0x30F0, 0x30F0, 0x30F0, 0x30F0, 0x38F1, 0x38F1,
  0x3911, 0x3911, 0x4132, 0x30D1, 0x9C59, 0xEF1F, 0xE6FF, 0xE71F, 0xEF1F, 0xEF3F, 0xEF3F, 0xEF3F, 0xEF5F, 0xEF5F, 0xF79F, 0xE6BF,
  0xBD3F, 0xBD5F, 0xBD3F, 0xBD3F, 0xBD5F, 0xC55F, 0xC55F, 0xC55F, 0xC57F, 0xC57F, 0xC57F, 0xC57F, 0xC57F, 0xC57F, 0xC57F, 0xC57F,
  0xC57F, 0xC57F, 0xC57F, 0xC57F, 0xC59F, 0xC59F, 0xC59F, 0xC59F, 0xC59F, 0xC59F, 0xC59F, 0xC5BF, 0xC5BF, 0xC5BF, 0xC5BF, 0xC5BF,
  0xE6DE, 0xE6BF, 0xE6DF, 0xE6BF, 0xE6BF, 0xDEBF, 0xE6BF, 0xDEBF, 0xDEBF, 0xDEBF, 0xDE9F, 0xDE9F, 0xDE9F, 0xDE9F, 0xDE9F, 0xDE7F,
  0xDE7F, 0xDE7F, 0xDE7F, 0xDE7F, 0xDE7F, 0xDE7F, 0xDE7F, 0xD65F, 0xD65F, 0xD63F, 0xD61F, 0xCDFF, 0xCDDF, 0xCDDF, 0xC59F, 0xE6DF,
  0xF79F, 0xF77F, 0xF75F, 0xF75F, 0xF75F, 0xEF3F, 0xEF3F, 0xEF3F, 0xEF1F, 0xEF1F, 0xEF1F, 0xEEFF, 0xEEDF, 0xE6BF, 0xE69F, 0xC3FE,
  0xBB1F, 0xBB3F, 0xBB3F, 0xBB3F, 0xBB3F, 0xC35F, 0xC39F, 0xC39F, 0xC3BF, 0xC3BF, 0xA21E, 0x997F, 0x99BF, 0x999F, 0x999E, 0x999E,
  0x999E, 0xA19E, 0xA19E, 0xA19E, 0x997E, 0xA25D, 0xDD7E, 0xE67F, 0xEEDF, 0xEEDF, 0xEEFF, 0xE63E, 0xC37D, 0xA97E, 0xA95E, 0xA95E,
  0xA95E, 0xA93E, 0xA93E, 0xA93E, 0xB9BE, 0xC1FF, 0xC1FF, 0xC1FF, 0xC1FF, 0xC21F, 0xC21F, 0xCA3F, 0xCA5F, 0xCA9F, 0xD2DF, 0xDC5F,
  0xE61F, 0xE63F, 0xE67F, 0xE69F, 0xEEBF, 0xEEDF, 0xEEFF, 0xEEFF, 0xEEFF, 0xEF1F, 0xEF1F, 0xEF1F, 0xEF3F, 0xEF3F, 0xF75F, 0xF79F,
  0xE6DF, 0xD65F, 0xDE7F, 0xDE9F, 0xE6BF, 0xE6DF, 0xE6DF, 0xE6DF, 0xE6DF, 0xE6DF, 0xE6BF, 0xDEBF, 0xDE9F, 0xD65F, 0xEF1F, 0xF79F,
  0xF77F, 0xF77F, 0xEF7F, 0xEF5F, 0xEF5F, 0xEF5F, 0xEF3F, 0xEF1F, 0xF77F, 0xB51B, 0x30B1, 0x4112, 0x3912, 0x3911, 0x3911, 0x3911,
  0x3912, 0x3911, 0x38F1, 0x38F1, 0x38F1, 0x30F1, 0x30F0, 0x30F1, 0x30F1, 0x30D0, 0x30D0, 0x30D0, 0x30D0, 0x30D0, 0x30D0, 0x30F0,
  0x30F0, 0x30F1, 0x30D0, 0x30F0, 0x38F1, 0x30F0, 0x38F0, 0x30F0, 0x30F0, 0x30F0, 0x30D0, 0x30D0, 0x30F0, 0x30D0, 0x30D0, 0x30D0,
  0x30D0, 0x30D0, 0x38D0, 0x30CF, 0x28CE, 0x28AE, 0x28CF, 0x28CF, 0x30D0, 0x30D0, 0x30D0, 0x30D0, 0x30F0, 0x30F0, 0x30F0, 0x38F1,
  0x38F1, 0x3911, 0x3912, 0x30B1, 0x8397, 0xEF3F, 0xE6FF, 0xE71F, 0xEF1F, 0xEF3F, 0xEF3F, 0xEF3F, 0xEF5F, 0xEF5F, 0xF77F, 0xE6BF,
  0xBD3F, 0xBD5F, 0xBD3F, 0xBD3F, 0xBD5F, 0xC55F, 0xC57F, 0xC57F, 0xC59F, 0xC57F, 0xC57F, 0xC57F, 0xC57F, 0xC59F, 0xC59F, 0xC59F,
  0xC59F, 0xC59F, 0xC59F, 0xC59F, 0xC59F, 0xC59F, 0xC59F, 0xC59F, 0xC59F, 0xC59F, 0xC5BF, 0xC5BF, 0xC5BF, 0xC5BF, 0xC5BF, 0xCDDF,
  0xE6FE, 0xE6DF, 0xE6DF, 0xE6DF, 0xE6BF, 0xE6BF, 0xE6BF, 0xE6BF, 0xDEBF, 0xDEBF, 0xDEBF, 0xDE9F, 0xDE9F, 0xDE9F, 0xDE9F, 0xDE9F,
  0xDE9F, 0xDE7F, 0xDE7F, 0xDE7F, 0xDE7F, 0xDE7F, 0xDE7F, 0xD65F, 0xD65F, 0xD63F, 0xD61F, 0xCDFF, 0xCDDF, 0xCDDF, 0xC59F, 0xE6DF,
  0xF79F, 0xEF5F, 0xF75F, 0xF75F, 0xEF3F, 0xEF3F, 0xEF3F, 0xEF1F, 0xEF1F, 0xEF1F, 0xEF1F, 0xEEFF, 0xEEDF, 0xE6BF, 0xEEDF, 0xCC5E,
  0xBAFF, 0xBB1F, 0xBAFF, 0xBB1F, 0xBB1F, 0xBB3F, 0xBB5F, 0xC37F, 0xC39F, 0xC39F, 0xAA5E, 0x917F, 0x999F, 0x999F, 0x999E, 0x999E,
  0x997E, 0x997E, 0x999E, 0x999E, 0xA17F, 0x911E, 0x911D, 0x9A1C, 0xC4BE, 0xEEDF, 0xEEBF, 0xE6BF, 0xEF3F, 0xD51E, 0xA15D, 0xA13E,
  0xA13E, 0xA13E, 0xA13E, 0xA93E, 0xB9DF, 0xC1FF, 0xC1FF, 0xC1FF, 0xC1FF, 0xC21F, 0xC21F, 0xC23F, 0xCA5F, 0xCA9F, 0xD2DF, 0xE4DF,
  0xE63F, 0xE63F, 0xE67F, 0xEE9F, 0xEEBF, 0xEEDF, 0xEEFF, 0xEEFF, 0xEEFF, 0xEEFF, 0xEF1F, 0xEF1F, 0xEF3F, 0xEF3F, 0xEF5F, 0xF77F,
  0xE6DF, 0xD65F, 0xDE9F, 0xDE9F, 0xE6BF, 0xE6DF, 0xE6DF, 0xE6DF, 0xE6DF, 0xE6DF, 0xE6BF, 0xDEBF, 0xDE9F, 0xD65F, 0xEF1F, 0xF79F,
  0xF77F, 0xEF5F, 0xEF5F, 0xEF5F, 0xEF5F, 0xEF5F, 0xEF3F, 0xEF1F, 0xF77F, 0x9C39, 0x2871, 0x3912, 0x3912, 0x38F1, 0x38F1, 0x38F1,
  0x38F1, 0x38F1, 0x38F1, 0x38F1, 0x30F1, 0x30F0, 0x30D0, 0x30F0, 0x30F0, 0x30D0, 0x30D0, 0x30D0, 0x30D0, 0x30D0, 0x30F0, 0x38F0,
  0x38F0, 0x30F1, 0x38F1, 0x38F1, 0x38F1, 0x38F1, 0x38F1, 0x30F1, 0x30F1, 0x30F1, 0x30F1, 0x30F1, 0x30F1, 0x38F1, 0x38F1, 0x30D1,
  0x30D0, 0x30CF, 0x30CF, 0x30CF, 0x30CF, 0x30AF, 0x30AF, 0x30D0, 0x30D0, 0x30D0, 0x30D0, 0x30D0, 0x30D0, 0x30F0, 0x30F0, 0x30F0,
  0x38F0, 0x38F0, 0x3911, 0x30B1, 0x72F5, 0xEF1F, 0xE6FF, 0xE71F, 0xEF1F, 0xEF3F, 0xEF3F, 0xEF3F, 0xEF5F, 0xEF5F, 0xF77F, 0xE6BF,
  0xBD3F, 0xC55F, 0xBD5F, 0xC55F, 0xC57F, 0xC57F, 0xC57F, 0xC59F, 0xC59F, 0xC59F, 0xC59F, 0xC59F, 0xC59F, 0xC59F, 0xC5BF, 0xC5BF,
  0xC5BF, 0xC5BF, 0xC5BF, 0xC5BF, 0xC5BF, 0xC5BF, 0xC5BF, 0xC5BF, 0xC5BF, 0xC5BF, 0xC5BF, 0xC5BF, 0xC5BF, 0xC5BF, 0xC5BF, 0xCDDF,
  0xE6FE, 0xE6DF, 0xE6DF, 0xE6DF, 0xE6DF, 0xE6BF, 0xE6BF, 0xE6BF, 0xE6BF, 0xDEBF, 0xDEBF, 0xDEBF, 0xDE9F, 0xDE9F, 0xDE9F, 0xDE9F,
  0xDE9F, 0xDE9F, 0xDE9F, 0xDE7F, 0xDE7F, 0xDE7F, 0xDE7F, 0xD65F, 0xD65F, 0xD63F, 0xD61F, 0xCDFF, 0xCDDF, 0xCDDF, 0xC59F, 0xE6DF,
  0xF79F, 0xEF5F, 0xF75F, 0xEF3F, 0xEF3F, 0xEF3F, 0xEF3F, 0xEF3F, 0xEF1F, 0xEF1F, 0xEF1F, 0xEEFF, 0xEEDF, 0xE6BF, 0xEEDF, 0xD51F,
  0xB2FE, 0xBAFF, 0xB2FF, 0xB2FF, 0xB2FF, 0xBB1F, 0xBB3F, 0xBB3F, 0xBB5F, 0xBB7F, 0xB2DF, 0x919E, 0x999F, 0x917E, 0x997E, 0x997E,
  0x997E, 0x997E, 0x997E, 0x997E, 0x995E, 0x995E, 0x911E, 0x88FD, 0x90FC, 0x9A3D, 0xCCFE, 0xEE9F, 0xF71F, 0xE59E, 0x995D, 0x993E,
  0x995E, 0xA13E, 0xA13E, 0xA95E, 0xB9DF, 0xB9FF, 0xB9FF, 0xB9FF, 0xB9FF, 0xC21F, 0xC21F, 0xC23F, 0xC27F, 0xCA9F, 0xD31F, 0xE55F,
  0xE63F, 0xE63F, 0xE67F, 0xEE9F, 0xEEBF, 0xEEDF, 0xEEFF, 0xEEFF, 0xEEFF, 0xEF1F, 0xEF1F, 0xEF1F, 0xEF3F, 0xEF3F, 0xEF3F, 0xF77F,
  0xE6BF, 0xD65F, 0xDE9F, 0xDEBF, 0xE6DF, 0xE6DF, 0xE6DF, 0xE6DF, 0xE6DF, 0xE6DF, 0xE6DF, 0xE6BF, 0xDE9F, 0xD67F, 0xEEFF, 0xF79F,
  0xF77F, 0xEF5F, 0xEF5F, 0xEF5F, 0xEF5F, 0xEF3F, 0xEF3F, 0xE71F, 0xF77F, 0x8B97, 0x2870, 0x3912, 0x38F1, 0x38F1, 0x38F1, 0x38F1,
  0x38F1, 0x38F1, 0x38F1, 0x30F0, 0x30D1, 0x30F1, 0x30D0, 0x30D0, 0x30D0, 0x30D0, 0x30D0, 0x30D0, 0x30D1, 0x38F1, 0x30D0, 0x30B0,
  0x30D1, 0x38F2, 0x40F2, 0x4113, 0x40F3, 0x40F2, 0x38F2, 0x38F2, 0x38F2, 0x38F2, 0x38F2, 0x38F2, 0x38F2, 0x38F2, 0x30B1, 0x30B0,
  0x30D0, 0x30D0, 0x30B0, 0x28CF, 0x28CF, 0x30CF, 0x30CF, 0x30D0, 0x30D0, 0x30D0, 0x30D0, 0x30D0, 0x30D0, 0x30D0, 0x30D0, 0x30F0,
  0x30F0, 0x38F0, 0x3911, 0x30B1, 0x6295, 0xEEFF, 0xE6FF, 0xE71F, 0xEF1F, 0xEF3F, 0xEF3F, 0xEF3F, 0xEF3F, 0xEF5F, 0xF77F, 0xDE9F,
  0xBD1F, 0xC55F, 0xC57F, 0xC57F, 0xC59F, 0xC59F, 0xC59F, 0xC59F, 0xC5BF, 0xC5BF, 0xC5BF, 0xC5BF, 0xC5BF, 0xC5BF, 0xCDBF, 0xC5BF,
  0xC5BF, 0xC5BF, 0xC5BF, 0xC5BF, 0xC5BF, 0xCDBF, 0xCDBF, 0xCDBF, 0xCDBF, 0xCDBF, 0xCDBF, 0xCDDF, 0xC5BF, 0xC5BF, 0xC5BF, 0xCDDF,
  0xE6FE, 0xE6DF, 0xE6DF, 0xE6DF, 0xE6DF, 0xE6DF, 0xE6BF, 0xE6BF, 0xE6BF, 0xE6BF, 0xDEBF, 0xDEBF, 0xDE9F, 0xDE9F, 0xDE9F, 0xDE9F,
  0xDE9F, 0xDE9F, 0xDE9F, 0xDE7F, 0xDE7F, 0xDE7F, 0xD65F, 0xD65F, 0xD65F, 0xD63F, 0xD61F, 0xCDFF, 0xCDDF, 0xCDDF, 0xC59F, 0xE6BF,
  0xF79F, 0xEF5F, 0xF75F, 0xEF3F, 0xEF3F, 0xEF3F, 0xEF3F, 0xEF1F, 0xEF1F, 0xEF1F, 0xEEFF, 0xEEFF, 0xEEDF, 0xE69F, 0xE6BF, 0xE5FF,
  0xB31E, 0xB2DF, 0xB2DF, 0xB2DF, 0xB2DF, 0xB2FF, 0xB31F, 0xB31F, 0xBB3F, 0xBB3F, 0xBB3F, 0x99DE, 0x917F, 0x917F, 0x915E, 0x915E,
  0x915E, 0x995E, 0x995E, 0x915E, 0x915E, 0x913E, 0x915D, 0x915E, 0x913D, 0x88FD, 0x811D, 0xA29C, 0xBB9D, 0x99DC, 0x991D, 0x993E,
  0x993E, 0xA13E, 0xA13E, 0xA99E, 0xB9DF, 0xB9DF, 0xB9DF, 0xB9FF, 0xB9FF, 0xB9FF, 0xBA1F, 0xC25F, 0xC27F, 0xCABF, 0xD39F, 0xE5BF,
  0xDE1F, 0xE65F, 0xEE7F, 0xE6BF, 0xEEBF, 0xEEDF, 0xEEFF, 0xEEFF, 0xEEFF, 0xEF1F, 0xEF1F, 0xEF3F, 0xEF3F, 0xEF3F, 0xEF3F, 0xF77F,
  0xE6BF, 0xD65F, 0xDE9F, 0xDEBF, 0xE6BF, 0xE6DF, 0xE6DF, 0xE6DF, 0xE6DF, 0xE6DF, 0xE6DF, 0xE6BF, 0xDE9F, 0xDE7F, 0xEEFF, 0xF79F,
  0xEF5F, 0xEF5F, 0xEF5F, 0xEF5F, 0xEF3F, 0xEF3F, 0xEF3F, 0xE71F, 0xF75F, 0x7B16, 0x2891, 0x3911, 0x38F1, 0x38F1, 0x38F1, 0x38F1,
  0x30F0, 0x30F0, 0x30F0, 0x30D0, 0x30D0, 0x30D0, 0x30D0, 0x30D0, 0x30D0, 0x30D0, 0x30D0, 0x38F1, 0x38F1, 0x30B0, 0x4973, 0x7AD8,
  0x939B, 0x9BBC, 0x9BDD, 0x9BDD, 0x9BBD, 0x9BBC, 0x93BC, 0x93BC, 0x93BC, 0x939C, 0x93BD, 0x9BBD, 0x9BDD, 0x9BBC, 0x82F9, 0x4973,
  0x3090, 0x30D0, 0x30AF, 0x30AF, 0x30AF, 0x30CF, 0x30CF, 0x30CF, 0x30CF, 0x30CF, 0x30D0, 0x30D0, 0x30D0, 0x30D0, 0x30D0, 0x30F0,
  0x30F0, 0x38F0, 0x3911, 0x38D1, 0x5A14, 0xE6DF, 0xE6FF, 0xE6FF, 0xEF1F, 0xEF3F, 0xEF3F, 0xEF3F, 0xEF3F, 0xEF3F, 0xF77F, 0xDE7F,
  0xBD1F, 0xC55F, 0xC57F, 0xC57F, 0xC59F, 0xC59F, 0xC59F, 0xC59F, 0xC59F, 0xC5BF, 0xCDBF, 0xCDBF, 0xCDBF, 0xCDBF, 0xCDDF, 0xCDDF,
  0xCDDF, 0xCDDF, 0xCDDF, 0xCDDF, 0xCDBF, 0xCDDF, 0xCDBF, 0xCDBF, 0xCDDF, 0xCDDF, 0xCDDF, 0xCDDF, 0xCDDF, 0xCDDF, 0xCDDF, 0xCDDF,
  0xE6FE, 0xE6DF, 0xE6DF, 0xE6DF, 0xE6DF, 0xE6DF, 0xE6BF, 0xE6BF, 0xE6BF, 0xE6BF, 0xE6BF, 0xDEBF, 0xDEBF, 0xDE9F, 0xDE9F, 0xDE9F,
  0xDE9F, 0xDE9F, 0xDE9F, 0xDE7F, 0xDE7F, 0xDE7F, 0xDE7F, 0xD65F, 0xD65F, 0xD63F, 0xD61F, 0xCE1F, 0xCDDF, 0xCDDF, 0xC59F, 0xDEBF,
  0xF79F, 0xEF5F, 0xEF5F, 0xEF3F, 0xEF3F, 0xEF3F, 0xEF1F, 0xEF1F, 0xEF1F, 0xEF1F, 0xEEFF, 0xEEFF, 0xE6DF, 0xE69F, 0xE67F, 0xE69F,
  0xC3DE, 0xAABF, 0xB2DF, 0xB2DF, 0xAADF, 0xB2DF, 0xB2FF, 0xB2FF, 0xB2FF, 0xB2FF, 0xB31F, 0xAA7F, 0x895E, 0x915F, 0x915E, 0x915E,
  0x915E, 0x915E, 0x915E, 0x915E, 0x913E, 0x915E, 0x915E, 0x915E, 0x893D, 0x913D, 0x913E, 0x88DD, 0x80BD, 0x90FE, 0x993D, 0x995E,
  0x993E, 0x993E, 0xA15E, 0xB1DF, 0xB1DF, 0xB1DF, 0xB1FF, 0xB1FF, 0xB9FF, 0xB9FF, 0xBA1F, 0xC25F, 0xCA9F, 0xCADF, 0xE4BF, 0xE61F,
  0xDE1F, 0xE65F, 0xE67F, 0xE6BF, 0xEEBF, 0xEEDF, 0xEEFF, 0xEEFF, 0xEEFF, 0xEF1F, 0xEF1F, 0xEF1F, 0xEF3F, 0xEF3F, 0xEF3F, 0xF75F,
  0xE6BF, 0xDE5F, 0xDE9F, 0xE6BF, 0xE6DF, 0xE6DF, 0xE6DF, 0xE6DF, 0xE6DF, 0xE6DF, 0xE6DF, 0xE6BF, 0xDE9F, 0xDE7F, 0xEEFF, 0xF77F,
  0xEF5F, 0xEF5F, 0xEF5F, 0xEF5F, 0xEF3F, 0xEF3F, 0xEF3F, 0xE71F, 0xEF3F, 0x72F6, 0x2891, 0x3911, 0x38F1, 0x30F1, 0x30F1, 0x30F0,
  0x30F0, 0x30D0, 0x30D0, 0x30D0, 0x30D0, 0x30D0, 0x30D0, 0x30D0, 0x30D0, 0x30D0, 0x30F0, 0x38F1, 0x30D1, 0x7298, 0xB45F, 0xBCBF,
  0xBCBF, 0xBCBF, 0xB49F, 0xB49F, 0xB49F, 0xB49F, 0xB49F, 0xB49F, 0xB49F, 0xB49F, 0xB49F, 0xB49F, 0xB49F, 0xB49F, 0xB4BF, 0xAC3F,
  0x6A77, 0x308F, 0x30D0, 0x30CF, 0x30AF, 0x30CF, 0x30CF, 0x30CF, 0x30CF, 0x30CF, 0x30CF, 0x30CF, 0x30CF, 0x30D0, 0x30D0, 0x30D0,
  0x30F0, 0x30F0, 0x38F1, 0x30D1, 0x51F3, 0xE6DF, 0xE6FF, 0xE6FF, 0xEF1F, 0xEF3F, 0xEF3F, 0xEF3F, 0xEF3F, 0xEF3F, 0xF75F, 0xDE7F,
  0xBD3F, 0xBD5F, 0xC57F, 0xC5BF, 0xCDDF, 0xCE1F, 0xD63F, 0xD63F, 0xD63F, 0xD61F, 0xD61F, 0xD61F, 0xD63F, 0xD63F, 0xD63F, 0xD63F,
  0xD63F, 0xD63F, 0xD63F, 0xD63F, 0xD61F, 0xD61F, 0xCDFF, 0xCDDF, 0xCDDF, 0xCDDF, 0xCDDF, 0xCDBF, 0xCDBF, 0xCDBF, 0xCDBF, 0xCDDF,
  0xE6FE, 0xE6DF, 0xE6DF, 0xE6DF, 0xE6DF, 0xE6DF, 0xE6DF, 0xE6BF, 0xE6BF, 0xE6BF, 0xE6BF, 0xDE9F, 0xDE9F, 0xDE9F, 0xDE9F, 0xDE9F,
  0xDE9F, 0xDE9F, 0xDE9F, 0xDE7F, 0xDE7F, 0xDE7F, 0xDE7F, 0xD65F, 0xD65F, 0xD63F, 0xD61F, 0xCE1F, 0xCDFF, 0xCDDF, 0xC59F, 0xDEBF,
  0xF77F, 0xEF5F, 0xEF5F, 0xEF3F, 0xEF3F, 0xEF3F, 0xEF1F, 0xEF1F, 0xEF1F, 0xEF1F, 0xEEFF, 0xEEFF, 0xE6DF, 0xE69F, 0xE67F, 0xEE9F,
  0xDD7E, 0xAABE, 0xB2DF, 0xAABF, 0xAABF, 0xAABF, 0xAABF, 0xAADF, 0xAADF, 0xB2DF, 0xAADF, 0xB2DF, 0x99FF, 0x893E, 0x895E, 0x915E,
  0x915E, 0x915E, 0x915E, 0x915E, 0x915E, 0x915E, 0x913E, 0x913E, 0x913E, 0x913E, 0x893E, 0x913E, 0x913E, 0x913D, 0x913E, 0x993E,
  0x993E, 0x993E, 0xA9BF, 0xB1DF, 0xB1DF, 0xB1DF, 0xB1DF, 0xB1FF, 0xB1FF, 0xBA1F, 0xBA3F, 0xBA5F, 0xCA9F, 0xCB7E, 0xE5BF, 0xDE1F,
  0xE61F, 0xE65F, 0xE67F, 0xE6BF, 0xEEBF, 0xEEDF, 0xEEFF, 0xEEFF, 0xEEFF, 0xEF1F, 0xEF1F, 0xEF1F, 0xEF3F, 0xEF3F, 0xEF3F, 0xF75F,
  0xE6BF, 0xDE5F, 0xDE9F, 0xE6BF, 0xE6DF, 0xE6DF, 0xE6DF, 0xE6DF, 0xE6FF, 0xE6DF, 0xE6DF, 0xE6BF, 0xDEBF, 0xDE7F, 0xE6FF, 0xF77F,
  0xF75F, 0xEF5F, 0xEF5F, 0xEF5F, 0xEF3F, 0xEF3F, 0xEF3F, 0xE71F, 0xF75F, 0x72F5, 0x2891, 0x38F1, 0x30F0, 0x30D0, 0x30D0, 0x30F0,
  0x30D0, 0x30D0, 0x30D0, 0x30D0, 0x30D0, 0x30D0, 0x30D0, 0x30D0, 0x30D0, 0x30D0, 0x30F1, 0x30D1, 0x8319, 0xBCBF, 0xB47F, 0xB49F,
  0xB4BF, 0xB4BF, 0xB4BF, 0xB4BF, 0xB4BF, 0xB4BF, 0xB4BF, 0xB4BF, 0xB4BF, 0xB4BF, 0xB4BF, 0xB4BF, 0xB49F, 0xB49F, 0xB47F, 0xB47F,
  0xB49F, 0x72B8, 0x288F, 0x30D0, 0x30D0, 0x30D0, 0x30CF, 0x30CF, 0x30CF, 0x30CF, 0x30CF, 0x30CF, 0x30CF, 0x30CF, 0x30CF, 0x30D0,
  0x30D0, 0x30D0, 0x38F1, 0x30D0, 0x51D3, 0xE6BF, 0xE71F, 0xEEFF, 0xE71F, 0xEF3F, 0xEF3F, 0xEF3F, 0xEF3F, 0xEF3F, 0xEF5F, 0xE6BF,
  0xCDFF, 0xD63F, 0xD65F, 0xDE9F, 0xE6DF, 0xE6FF, 0xEF1F, 0xEF3F, 0xEF1F, 0xEEFF, 0xE6DF, 0xE6BF, 0xD67F, 0xD63F, 0xD63F, 0xD63F,
  0xD63F, 0xD65F, 0xD65F, 0xD65F, 0xD65F, 0xDE7F, 0xDE7F, 0xDE7F, 0xD65F, 0xD63F, 0xD63F, 0xD61F, 0xCDDF, 0xCDDF, 0xCDDF, 0xCDDF,
  0xE6FE, 0xE6DF, 0xE6DF, 0xE6DF, 0xE6DF, 0xE6DF, 0xE6DF, 0xE6DF, 0xDEBF, 0xDEBF, 0xDEBF, 0xDE9F, 0xDE9F, 0xDE9F, 0xDE9F, 0xDE9F,
  0xDE9F, 0xDE9F, 0xDE9F, 0xDE7F, 0xDE7F, 0xDE7F, 0xDE7F, 0xD65F, 0xD65F, 0xD63F, 0xD63F, 0xCE1F, 0xCDFF, 0xCDDF, 0xC59F, 0xDEBF,
  0xF77F, 0xEF5F, 0xEF5F, 0xEF3F, 0xEF3F, 0xEF3F, 0xEF1F, 0xEF1F, 0xEF1F, 0xEF1F, 0xEEFF, 0xEEFF, 0xE6DF, 0xE69F, 0xE67F, 0xE65F,
  0xEEBF, 0xBBBE, 0xAA7F, 0xAABF, 0xAA9F, 0xAA9F, 0xAA9F, 0xAA9F, 0xAABF, 0xAABF, 0xAABF, 0xAABF, 0xAABF, 0x99DF, 0x895E, 0x895E,
  0x895E, 0x895E, 0x915E, 0x915E, 0x915E, 0x915E, 0x893E, 0x893E, 0x913E, 0x913E, 0x913E, 0x913E, 0x911E, 0x913E, 0x913E, 0x993E,
  0x993E, 0xA19F, 0xA9FF, 0xA9DF, 0xA9DF, 0xA9DF, 0xA9DF, 0xB1FF, 0xB1FF, 0xB21F, 0xBA3F, 0xC29F, 0xC2BF, 0xDCBF, 0xDDFF, 0xDDFF,
  0xE63F, 0xE65F, 0xE69F, 0xEEBF, 0xEEDF, 0xEEDF, 0xEEFF, 0xEEFF, 0xEEFF, 0xEF1F, 0xEF1F, 0xEF1F, 0xEF3F, 0xEF3F, 0xEF3F, 0xF75F,
  0xE6BF, 0xDE5F, 0xDE9F, 0xE6BF, 0xE6DF, 0xE6DF, 0xE6FF, 0xE6FF, 0xE6FF, 0xE6DF, 0xE6DF, 0xE6BF, 0xDEBF, 0xDE7F, 0xE6FF, 0xF77F,
  0xEF5F, 0xEF5F, 0xEF5F, 0xEF3F, 0xEF3F, 0xEF3F, 0xEF3F, 0xE71F, 0xF77F, 0x7B56, 0x2891, 0x38F1, 0x30D0, 0x30D0, 0x30D0, 0x30D0,
  0x30D0, 0x30D0, 0x30D0, 0x30D0, 0x30D0, 0x30D0, 0x30D0, 0x30D0, 0x30D0, 0x38F1, 0x30B0, 0x7297, 0xC51F, 0xBCBF, 0xBCDF, 0xBCFF,
  0xBD1F, 0xBCFF, 0xBD1F, 0xBD1F, 0xBD1F, 0xBD1F, 0xBD1F, 0xBD1F, 0xBD1F, 0xBD1F, 0xBD1F, 0xBCFF, 0xBCFF, 0xB4DF, 0xBCDF, 0xB4BF,
  0xB49F, 0xB49F, 0x6236, 0x2890, 0x30F1, 0x30D0, 0x30D0, 0x30CF, 0x30AF, 0x30CF, 0x30CF, 0x30CF, 0x30CF, 0x30CF, 0x30CF, 0x30CF,
  0x30D0, 0x30F0, 0x38F0, 0x30B0, 0x5A34, 0xE6DF, 0xE71F, 0xEF1F, 0xE71F, 0xEF3F, 0xEF3F, 0xEF3F, 0xEF3F, 0xEF3F, 0xEF3F, 0xE6DF,
  0xD65F, 0xDE7F, 0xDE7F, 0xDE9F, 0xE6BF, 0xDEBF, 0xE6DF, 0xE6DF, 0xE6DF, 0xE6DF, 0xE6FF, 0xEF1F, 0xEF1F, 0xE6FF, 0xE6DF, 0xDE9F,
  0xD65F, 0xD63F, 0xD65F, 0xD65F, 0xD65F, 0xD65F, 0xDE7F, 0xDE7F, 0xDE7F, 0xDE7F, 0xDE7F, 0xDE7F, 0xDE5F, 0xD65F, 0xD63F, 0xD63F,
  0xE6DE, 0xE6DF, 0xE6DF, 0xE6DF, 0xE6DF, 0xE6DF, 0xE6DF, 0xE6DF, 0xDEBF, 0xDEBF, 0xDEBF, 0xDEBF, 0xDE9F, 0xDE9F, 0xDE9F, 0xDE9F,
  0xDE9F, 0xDE9F, 0xDE9F, 0xDE7F, 0xDE7F, 0xDE7F, 0xDE7F, 0xD65F, 0xD65F, 0xD63F, 0xD63F, 0xCE1F, 0xCDFF, 0xCDDF, 0xC59F, 0xE6BF,
  0xF77F, 0xEF5F, 0xEF3F, 0xEF3F, 0xEF3F, 0xEF3F, 0xEF3F, 0xEF1F, 0xEF1F, 0xEF1F, 0xEEFF, 0xEEFF, 0xE6DF, 0xE6BF, 0xE67F, 0xE65F,
  0xE67F, 0xE5BF, 0xAA9E, 0xAA7F, 0xA29F, 0xA27F, 0xA27F, 0xA27F, 0xAA9F, 0xAABF, 0xAABF, 0xA29F, 0xA29F, 0xAA9F, 0x99FF, 0x895E,
  0x893E, 0x915E, 0x915E, 0x895E, 0x895E, 0x895E, 0x893E, 0x893E, 0x893E, 0x911E, 0x911E, 0x913E, 0x913E, 0x913E, 0x911E, 0x913E,
  0xA1BF, 0xA9DF, 0xA9DF, 0xA9DF, 0xA9DF, 0xA9DF, 0xA9DF, 0xB1FF, 0xB1FF, 0xB21F, 0xBA7F, 0xC27F, 0xD3BF, 0xE5BF, 0xDDDF, 0xDDFF,
  0xE63F, 0xE67F, 0xE69F, 0xE6BF, 0xEEDF, 0xEEDF, 0xEEFF, 0xEEFF, 0xEF1F, 0xEF1F, 0xEF1F, 0xEF3F, 0xEF3F, 0xEF3F, 0xEF3F, 0xF75F,
  0xE6BF, 0xDE5F, 0xDE9F, 0xE6BF, 0xE6DF, 0xE6DF, 0xE6FF, 0xE6FF, 0xE6FF, 0xE6DF, 0xE6DF, 0xE6BF, 0xDEBF, 0xDE7F, 0xEEFF, 0xF77F,
  0xEF5F, 0xEF5F, 0xEF3F, 0xEF3F, 0xEF3F, 0xEF3F, 0xEF3F, 0xE71F, 0xFFBF, 0x9417, 0x2870, 0x38F0, 0x30D0, 0x30D0, 0x30D0, 0x30D0,
  0x30D0, 0x30D0, 0x30D0, 0x30D0, 0x30CF, 0x30D0, 0x30D0, 0x30D0, 0x38F0, 0x30B0, 0x59D5, 0xC4FF, 0xBD1F, 0xBD1F, 0xC53F, 0xC53F,
  0xC55F, 0xC55F, 0xC55F, 0xC55F, 0xC57F, 0xC55F, 0xC55F, 0xC55F, 0xC55F, 0xC55F, 0xC55F, 0xC55F, 0xBD3F, 0xBD1F, 0xBD1F, 0xBCFF,
  0xB4DF, 0xB4BF, 0xB4BF, 0x51D5, 0x30B1, 0x30F1, 0x30D0, 0x30CF, 0x30AF, 0x30AF, 0x30CF, 0x28CF, 0x28CF, 0x30CF, 0x30CF, 0x30CF,
  0x30CF, 0x30F0, 0x38F1, 0x30B1, 0x72F6, 0xEF3F, 0xE6FF, 0xE71F, 0xE71F, 0xEF3F, 0xEF3F, 0xEF3F, 0xEF3F, 0xEF3F, 0xEF5F, 0xE6DF,
  0xD63F, 0xDE7F, 0xDE9F, 0xDEBF, 0xE6BF, 0xE6BF, 0xE6DF, 0xE6DF, 0xE6DF, 0xE6DF, 0xE6DF, 0xE6DF, 0xE6DF, 0xE6FF, 0xEF1F, 0xEF3F,
  0xEEFF, 0xE6BF, 0xDE7F, 0xD65F, 0xDE5F, 0xDE7F, 0xDE7F, 0xDE7F, 0xDE7F, 0xDE7F, 0xDE7F, 0xDE7F, 0xD65F, 0xDE7F, 0xDE7F, 0xDE7F,
  0xE6FE, 0xE6DF, 0xE6DF, 0xE6DF, 0xE6DF, 0xE6DF, 0xE6DF, 0xE6DF, 0xDEBF, 0xDEBF, 0xE6BF, 0xDEBF, 0xDEBF, 0xDEBF, 0xDE9F, 0xDEBF,
  0xDE9F, 0xDE9F, 0xDE9F, 0xDE9F, 0xDE7F, 0xDE7F, 0xDE7F, 0xD65F, 0xD65F, 0xD65F, 0xD63F, 0xCE1F, 0xCDFF, 0xCDDF, 0xC59F, 0xDEBF,
  0xF77F, 0xEF5F, 0xEF5F, 0xEF3F, 0xEF3F, 0xEF3F, 0xEF1F, 0xEF1F, 0xEF1F, 0xEF1F, 0xEEFF, 0xEEFF, 0xEEDF, 0xE6BF, 0xE67F, 0xDE5F,
  0xDE1F, 0xE65F, 0xCC9E, 0xA23F, 0xAA7F, 0xA27F, 0xA27F, 0xA25F, 0xA27F, 0xA29F, 0xA29F, 0xA29F, 0xA27F, 0xA27E, 0xA27F, 0x9A1F,
  0x919F, 0x895E, 0x895E, 0x895E, 0x893E, 0x893E, 0x893E, 0x893E, 0x893E, 0x911E, 0x913E, 0x911E, 0x913E, 0x913E, 0x997E, 0xA1DF,
  0xA1DF, 0xA1DF, 0xA1DF, 0xA9DF, 0xA9DF, 0xA9DF, 0xA9DF, 0xA9FF, 0xB21F, 0xBA5F, 0xBA7F, 0xCB5F, 0xE59E, 0xDDBF, 0xDDDF, 0xDE1F,
  0xE65F, 0xE67F, 0xE69F, 0xE6BF, 0xEEDF, 0xEEFF, 0xEEFF, 0xEEFF, 0xEF1F, 0xEF1F, 0xEF1F, 0xEF3F, 0xEF3F, 0xEF3F, 0xEF3F, 0xF75F,
  0xE6BF, 0xDE7F, 0xDE9F, 0xE6BF, 0xE6DF, 0xE6DF, 0xE6FF, 0xE6FF, 0xE6FF, 0xE6DF, 0xE6DF, 0xE6BF, 0xDEBF, 0xDE7F, 0xEEFF, 0xF77F,
  0xEF5F, 0xEF5F, 0xEF5F, 0xEF3F, 0xEF3F, 0xEF3F, 0xEF3F, 0xEF1F, 0xF79F, 0xBD5B, 0x28AF, 0x30D0, 0x30CF, 0x30D0, 0x30D0, 0x30D0,
  0x30D0, 0x30D0, 0x30D0, 0x30D0, 0x30D0, 0x30CF, 0x30CF, 0x30F0, 0x30B1, 0x4933, 0xB49D, 0xC53F, 0xC53F, 0xC55F, 0xC57F, 0xC57F,
  0xC59F, 0xCD9F, 0xCD9F, 0xCDBF, 0xCDBF, 0xCDBF, 0xCDBF, 0xCD9F, 0xCDBF, 0xCD9F, 0xC59F, 0xC59F, 0xC57F, 0xC57F, 0xC55F, 0xBD3F,
  0xBD1F, 0xBCFF, 0xC53F, 0xB4BE, 0x4133, 0x30B1, 0x30D0, 0x30CF, 0x30CF, 0x30AF, 0x30CF, 0x30CF, 0x30CF, 0x30CF, 0x30CF, 0x30CF,
  0x30D0, 0x30CF, 0x38F1, 0x3091, 0x9C79, 0xF77F, 0xE6FF, 0xE71F, 0xE71F, 0xEF3F, 0xEF3F, 0xEF3F, 0xEF3F, 0xEF3F, 0xEF5F, 0xE6DF,
  0xD63F, 0xDE7F, 0xDE9F, 0xDEBF, 0xE6BF, 0xE6BF, 0xE6DF, 0xE6DF, 0xE6DF, 0xE6DF, 0xE6DF, 0xE6DF, 0xE6FF, 0xE6FF, 0xE6FF, 0xE6FF,
  0xE6FF, 0xEF1F, 0xEF1F, 0xE6FF, 0xDE9F, 0xD67F, 0xDE7F, 0xDE7F, 0xDE7F, 0xDE7F, 0xDE7F, 0xDE7F, 0xDE7F, 0xDE7F, 0xDE7F, 0xDE9F,
  0xE6FE, 0xE6DF, 0xE6DF, 0xE6DF, 0xE6DF, 0xE6DF, 0xE6DF, 0xE6DF, 0xE6BF, 0xE6BF, 0xDEBF, 0xDEBF, 0xDEBF, 0xDEBF, 0xDEBF, 0xDE9F,
  0xDE9F, 0xDE9F, 0xDE9F, 0xDE9F, 0xDE7F, 0xDE7F, 0xDE7F, 0xDE7F, 0xD65F, 0xD65F, 0xD63F, 0xD61F, 0xCE1F, 0xCDDF, 0xC59F, 0xDEBF,
  0xF77F, 0xEF5F, 0xEF5F, 0xEF3F, 0xEF3F, 0xEF3F, 0xEF3F, 0xEF1F, 0xEF1F, 0xEF1F, 0xEEFF, 0xEEFF, 0xEEDF, 0xE6BF, 0xE69F, 0xDE5F,
  0xDE1F, 0xD5FF, 0xE63F, 0xBBDE, 0x9A3E, 0xAA7F, 0xA25F, 0xA25F, 0xA25F, 0x9A5F, 0xA27F, 0xA27F, 0xA27F, 0x9A5F, 0x9A5F, 0xA25F,
  0xA23F, 0x99FF, 0x919F, 0x915E, 0x913E, 0x893E, 0x893E, 0x893E, 0x891E, 0x891E, 0x911E, 0x913E, 0x917F, 0x99BF, 0xA1DF, 0x99FF,
  0x99DF, 0xA1DF, 0xA1DF, 0xA1DF, 0xA1DF, 0xA9DF, 0xA9FF, 0xAA1F, 0xB23F, 0xBA7F, 0xCB3E, 0xE59F, 0xDDBF, 0xDD9F, 0xDDFF, 0xE61F,
  0xE65F, 0xE67F, 0xE6BF, 0xEEBF, 0xEEDF, 0xEEFF, 0xEEFF, 0xEEFF, 0xEF1F, 0xEF1F, 0xEF1F, 0xEF3F, 0xEF3F, 0xEF3F, 0xEF3F, 0xF75F,
  0xE6BF, 0xDE7F, 0xDEBF, 0xE6BF, 0xE6DF, 0xE6DF, 0xE6FF, 0xE6FF, 0xE6FF, 0xE6DF, 0xE6DF, 0xE6BF, 0xE6BF, 0xDE9F, 0xEEFF, 0xF77F,
  0xEF5F, 0xEF5F, 0xEF5F, 0xEF5F, 0xEF3F, 0xEF3F, 0xEF3F, 0xEF3F, 0xEF3F, 0xE6DF, 0x49B2, 0x2890, 0x30D0, 0x30CF, 0x30D0, 0x30D0,
  0x30D0, 0x30D0, 0x30D0, 0x30D0, 0x30CF, 0x30CF, 0x30F0, 0x30D0, 0x38F1, 0xA43C, 0xCD7F, 0xC55F, 0xC57F, 0xC59F, 0xCDBF, 0xCDDF,
  0xCDDF, 0xCDFF, 0xCDFF, 0xCDFF, 0xD5FF, 0xD5FF, 0xD5FF, 0xCDFF, 0xCDDF, 0xCDDF, 0xCDDF, 0xCDDF, 0xCDBF, 0xCDBF, 0xC59F, 0xC57F,
  0xC55F, 0xC55F, 0xC53F, 0xCD9F, 0xA43C, 0x38D1, 0x30B0, 0x30D0, 0x30AF, 0x30CF, 0x30CF, 0x30CF, 0x30CF, 0x30CF, 0x30CF, 0x30CF,
  0x30D0, 0x38F0, 0x30D1, 0x4172, 0xDE5E, 0xEF3F, 0xE6FF, 0xE71F, 0xE71F, 0xEF3F, 0xEF3F, 0xEF3F, 0xEF3F, 0xEF3F, 0xEF5F, 0xE6DF,
  0xD65F, 0xDE7F, 0xDE9F, 0xDE9F, 0xE6BF, 0xE6BF, 0xE6DF, 0xE6DF, 0xE6DF, 0xE6DF, 0xE6DF, 0xE6DF, 0xE6FF, 0xE6FF, 0xE6FF, 0xE6FF,
  0xE6FF, 0xE6FF, 0xE6FF, 0xEF1F, 0xEF1F, 0xE6FF, 0xDEBF, 0xDE7F, 0xDE7F, 0xDE7F, 0xDE7F, 0xDE7F, 0xDE7F, 0xDE7F, 0xDE7F, 0xDE7F,
  0xEF5E, 0xE6FF, 0xE6DF, 0xE6DF, 0xE6DF, 0xE6DF, 0xE6DF, 0xE6DF, 0xE6DF, 0xE6BF, 0xDEBF, 0xDEBF, 0xDEBF, 0xE6BF, 0xDEBF, 0xDEBF,
  0xDEBF, 0xDE9F, 0xDE9F, 0xDE9F, 0xDE9F, 0xDE7F, 0xDE7F, 0xDE7F, 0xD65F, 0xD65F, 0xD63F, 0xD63F, 0xCE1F, 0xCDFF, 0xC5BF, 0xDEBF,
  0xF77F, 0xEF5F, 0xEF3F, 0xEF3F, 0xEF3F, 0xEF3F, 0xEF1F, 0xEF1F, 0xEF1F, 0xEF1F, 0xEF1F, 0xEEFF, 0xEEDF, 0xE6BF, 0xE6BF, 0xE65F,
  0xDE3F, 0xDDFF, 0xDDDF, 0xE61F, 0xB39E, 0xA21F, 0xA25F, 0x9A5F, 0x9A3F, 0x9A3F, 0x9A5F, 0x9A5F, 0x9A5F, 0x9A5F, 0x9A5F, 0x9A3F,
  0x9A3F, 0x9A3F, 0x9A1F, 0x99FF, 0x99DF, 0x91BF, 0x919F, 0x919F, 0x919F, 0x919F, 0x91BF, 0x91DF, 0x99DF, 0x99DF, 0x99DF, 0x99DF,
  0x99FF, 0x99FF, 0x99DF, 0xA1DF, 0xA1DF, 0xA1DF, 0xA9FF, 0xAA3F, 0xB25F, 0xC31E, 0xE57F, 0xDDFF, 0xD59F, 0xDDDF, 0xDE1F, 0xE63F,
  0xE65F, 0xE69F, 0xE6BF, 0xEEDF, 0xEEFF, 0xEEFF, 0xEEFF, 0xEF1F, 0xEF1F, 0xEF1F, 0xEF1F, 0xEF3F, 0xEF3F, 0xEF3F, 0xEF5F, 0xF75F,
  0xE6DF, 0xDE7F, 0xDEBF, 0xE6BF, 0xE6DF, 0xE6DF, 0xE6FF, 0xE6FF, 0xE6FF, 0xE6DF, 0xE6DF, 0xE6DF, 0xE6BF, 0xDE9F, 0xEEFF, 0xF77F,
  0xEF5F, 0xEF5F, 0xEF5F, 0xEF5F, 0xEF3F, 0xEF3F, 0xEF3F, 0xEF3F, 0xE6FF, 0xEF1F, 0xA499, 0x286F, 0x38D1, 0x30D0, 0x30D0, 0x30D0,
  0x30D0, 0x30D0, 0x30D0, 0x30D0, 0x30D0, 0x38F1, 0x30B0, 0x38F1, 0xA41B, 0xCDBF, 0xC57F, 0xCD9F, 0xCDBF, 0xCDDF, 0xCDFF, 0xD61F,
  0xD61F, 0xD63F, 0xD61F, 0xD61F, 0xD63F, 0xD61F, 0xD63F, 0xD61F, 0xD61F, 0xD61F, 0xD61F, 0xD61F, 0xD5FF, 0xCDFF, 0xCDDF, 0xCDBF,
  0xCD9F, 0xC59F, 0xC57F, 0xC55F, 0xC57F, 0x93BB, 0x30B1, 0x30B0, 0x30F0, 0x30D0, 0x30D0, 0x30D0, 0x30D0, 0x30D0, 0x30D0, 0x30CF,
  0x38F1, 0x3911, 0x2870, 0x9C39, 0xEF3F, 0xE6FF, 0xEF1F, 0xE71F, 0xE73F, 0xEF3F, 0xEF3F, 0xEF3F, 0xEF3F, 0xEF3F, 0xEF5F, 0xE6DF,
  0xD65F, 0xDE7F, 0xDE9F, 0xDE9F, 0xDEBF, 0xE6BF, 0xE6DF, 0xE6DF, 0xE6DF, 0xE6DF, 0xE6DF, 0xE6DF, 0xE6DF, 0xE6FF, 0xE6FF, 0xE6FF,
  0xE6FF, 0xE6FF, 0xE6FF, 0xE6FF, 0xE6FF, 0xEEFF, 0xEF1F, 0xE6FF, 0xE6BF, 0xDE7F, 0xDE7F, 0xDE7F, 0xDE9F, 0xDE7F, 0xD65F, 0xD65F,
  0xEF5E, 0xEF5F, 0xEF1F, 0xE6FF, 0xE6DF, 0xE6DF, 0xE6DF, 0xE6DF, 0xE6DF, 0xE6BF, 0xE6BF, 0xE6BF, 0xE6BF, 0xE6BF, 0xE6BF, 0xDEBF,
  0xDEBF, 0xDEBF, 0xDE9F, 0xDE9F, 0xDE9F, 0xDE7F, 0xDE7F, 0xDE7F, 0xD65F, 0xD65F, 0xD63F, 0xD63F, 0xD61F, 0xCDFF, 0xC5BF, 0xDE9F,
  0xF77F, 0xEF5F, 0xEF5F, 0xEF3F, 0xEF3F, 0xEF3F, 0xEF1F, 0xEF1F, 0xEF1F, 0xEF1F, 0xEF1F, 0xEEFF, 0xEEDF, 0xE6DF, 0xE6BF, 0xE67F,
  0xDE5F, 0xDE1F, 0xDDDF, 0xD5FF, 0xE5FF, 0xBBBE, 0x99FF, 0x9A1F, 0x9A3F, 0x9A1F, 0x9A3F, 0x9A3F, 0x9A5F, 0x9A5F, 0x9A3F, 0x9A3F,
  0x9A1F, 0x9A1F, 0x9A1F, 0x99FF, 0x99FF, 0x91FF, 0x91FF, 0x91FF, 0x91DF, 0x91DF, 0x91DF, 0x91DF, 0x91DF, 0x99DF, 0x99DF, 0x99DF,
  0x99DF, 0x99DF, 0x99DF, 0xA1DF, 0xA1DF, 0xA1FF, 0xAA1F, 0xB21F, 0xBAFE, 0xE55F, 0xDDDF, 0xD59F, 0xDDDF, 0xDDFF, 0xE63F, 0xE65F,
  0xE67F, 0xE6BF, 0xEEBF, 0xEEDF, 0xEEFF, 0xEEFF, 0xEEFF, 0xEF1F, 0xEF1F, 0xEF1F, 0xEF3F, 0xEF3F, 0xEF3F, 0xEF5F, 0xEF5F, 0xF77F,
  0xE6DF, 0xDE7F, 0xE6BF, 0xE6DF, 0xE6DF, 0xE6FF, 0xE6FF, 0xE6FF, 0xE6FF, 0xE6FF, 0xE6DF, 0xE6DF, 0xE6BF, 0xDE9F, 0xEEFF, 0xF77F,
  0xEF5F, 0xEF5F, 0xEF5F, 0xEF5F, 0xEF3F, 0xEF3F, 0xEF3F, 0xEF3F, 0xE71F, 0xE6DF, 0xEF1F, 0x8BD7, 0x2870, 0x30B1, 0x38D1, 0x30D1,
  0x30D0, 0x30D0, 0x30D0, 0x38F0, 0x30D1, 0x3091, 0x4933, 0xAC5C, 0xD5DF, 0xC59F, 0xCDBF, 0xCDDF, 0xCDFF, 0xD61F, 0xD63F, 0xD63F,
  0xD65F, 0xD65F, 0xD65F, 0xD65F, 0xD65F, 0xD65F, 0xD65F, 0xD65F, 0xD65F, 0xD65F, 0xD63F, 0xD63F, 0xD63F, 0xD61F, 0xD61F, 0xD5FF,
  0xCDFF, 0xCDDF, 0xCDBF, 0xC59F, 0xC53F, 0xC55F, 0x9BFB, 0x4133, 0x3091, 0x30D1, 0x38F0, 0x30D0, 0x30D0, 0x30D0, 0x30F0, 0x38F1,
  0x38D2, 0x30B1, 0x8357, 0xE6DF, 0xE6DF, 0xE6FF, 0xE71F, 0xE71F, 0xEF3F, 0xEF3F, 0xEF3F, 0xEF3F, 0xEF3F, 0xEF5F, 0xEF5F, 0xE6DF,
  0xD65F, 0xDE7F, 0xDE9F, 0xDE9F, 0xDEBF, 0xE6BF, 0xE6DF, 0xE6DF, 0xE6DF, 0xE6DF, 0xE6DF, 0xE6DF, 0xE6DF, 0xE6DF, 0xE6DF, 0xE6DF,
  0xE6DF, 0xE6FF, 0xE6FF, 0xE6FF, 0xE6FF, 0xE6FF, 0xE6DF, 0xEEFF, 0xEF1F, 0xEF1F, 0xE6DF, 0xDEBF, 0xDE7F, 0xDE7F, 0xD65F, 0xD67F,
  0xEF3E, 0xEF3F, 0xEF3F, 0xEF3F, 0xE71F, 0xE6DF, 0xE6DF, 0xE6DF, 0xE6DF, 0xE6DF, 0xE6BF, 0xE6BF, 0xE6BF, 0xE6BF, 0xDEBF, 0xDEBF,
  0xDEBF, 0xDEBF, 0xDE9F, 0xDE9F, 0xDE9F, 0xDE7F, 0xDE7F, 0xDE7F, 0xDE7F, 0xD65F, 0xD63F, 0xD63F, 0xD61F, 0xCDFF, 0xCDBF, 0xDE7F,
  0xF77F, 0xEF5F, 0xEF5F, 0xEF3F, 0xEF3F, 0xEF3F, 0xEF3F, 0xEF1F, 0xEF1F, 0xEF1F, 0xEF1F, 0xEEFF, 0xEEFF, 0xE6DF, 0xE6BF, 0xE69F,
  0xE67F, 0xDE3F, 0xDE1F, 0xD5DF, 0xCDDF, 0xDDDF, 0xBBFE, 0x99FE, 0x99DF, 0x9A1F, 0x9A1F, 0x923F, 0x9A3F, 0x9A3F, 0x9A3F, 0x9A1F,
  0x9A1F, 0x9A1F, 0x99FF, 0x99FF, 0x91FF, 0x91FF, 0x91DF, 0x91DF, 0x91DF, 0x91DF, 0x91DF, 0x91DF, 0x91DF, 0x99DF, 0x99DF, 0x99DF,
  0x99DF, 0x99DF, 0x99DF, 0x99FF, 0xA1FF, 0xA1FF, 0xAA1F, 0xBB1E, 0xDD3E, 0xD59F, 0xD57F, 0xDDBF, 0xDDFF, 0xDE1F, 0xE63F, 0xE67F,
  0xE69F, 0xE6BF, 0xEEDF, 0xEEDF, 0xEEFF, 0xEEFF, 0xEF1F, 0xEF1F, 0xEF1F, 0xEF3F, 0xEF3F, 0xEF3F, 0xEF3F, 0xEF5F, 0xEF5F, 0xF77F,
  0xE6BF, 0xDE9F, 0xE6BF, 0xE6DF, 0xE6DF, 0xE6FF, 0xE6FF, 0xE6FF, 0xE6FF, 0xE6FF, 0xE6DF, 0xE6DF, 0xE6BF, 0xDE9F, 0xE6DF, 0xF77F,
  0xF77F, 0xEF7F, 0xEF5F, 0xEF5F, 0xEF5F, 0xEF3F, 0xEF3F, 0xEF3F, 0xEF1F, 0xE6FF, 0xE6FF, 0xEF5F, 0xA479, 0x4132, 0x2870, 0x288F,
  0x288F, 0x288F, 0x2890, 0x2870, 0x38D2, 0x6A76, 0xBD1E, 0xD5DF, 0xCDBF, 0xCDDF, 0xD5FF, 0xD61F, 0xD63F, 0xD65F, 0xD65F, 0xDE7F,
  0xDE7F, 0xDE7F, 0xDE7F, 0xDE7F, 0xDE7F, 0xDE7F, 0xDE7F, 0xDE7F, 0xDE7F, 0xDE7F, 0xDE7F, 0xD65F, 0xD65F, 0xD65F, 0xD65F, 0xD63F,
  0xD61F, 0xD5FF, 0xCDDF, 0xCDBF, 0xC59F, 0xC55F, 0xCD9F, 0xBCFE, 0x6A97, 0x38F2, 0x2890, 0x2890, 0x308F, 0x308F, 0x3090, 0x3091,
  0x4973, 0x9C39, 0xEEFF, 0xE6FF, 0xE6FF, 0xE6FF, 0xE71F, 0xE71F, 0xEF3F, 0xEF3F, 0xEF3F, 0xEF3F, 0xEF3F, 0xEF5F, 0xEF5F, 0xE6BF,
  0xD65F, 0xDE7F, 0xDE9F, 0xDE9F, 0xDEBF, 0xE6BF, 0xE6DF, 0xE6DF, 0xE6DF, 0xE6DF, 0xE6DF, 0xE6DF, 0xE6DF, 0xE6DF, 0xE6DF, 0xE6DF,
  0xE6DF, 0xE6FF, 0xE6FF, 0xE6FF, 0xE6FF, 0xE6FF, 0xE6FF, 0xE6FF, 0xE6FF, 0xEEFF, 0xEF1F, 0xEF1F, 0xEEFF, 0xE6BF, 0xDE9F, 0xDE7F,
  0xEF3E, 0xEF3F, 0xEF1F, 0xEF3F, 0xEF3F, 0xEF3F, 0xE6FF, 0xE6DF, 0xE6DF, 0xE6DF, 0xE6DF, 0xDEBF, 0xDEBF, 0xDEBF, 0xDEBF, 0xDEBF,
  0xDEBF, 0xDEBF, 0xDE9F, 0xDE9F, 0xDE9F, 0xDE9F, 0xDE7F, 0xDE7F, 0xDE7F, 0xD65F, 0xD65F, 0xD63F, 0xD61F, 0xCDFF, 0xCDDF, 0xD63F,
  0xF77F, 0xEF5F, 0xEF3F, 0xEF3F, 0xEF3F, 0xEF3F, 0xEF3F, 0xEF1F, 0xEF1F, 0xEF1F, 0xEF1F, 0xEEFF, 0xEEFF, 0xE6FF, 0xE6DF, 0xE6BF,
  0xE69F, 0xDE5F, 0xDE3F, 0xDDFF, 0xD5BF, 0xCD9F, 0xD5BF, 0xC49F, 0xA2BE, 0x91FE, 0x99FF, 0x9A1F, 0x9A1F, 0x9A1F, 0x9A1F, 0x921F,
  0x921F, 0x9A1F, 0x9A1F, 0x99FF, 0x91FF, 0x91FF, 0x91FF, 0x91FF, 0x91FF, 0x91FF, 0x91FF, 0x91FF, 0x99FF, 0x99FF, 0x99DF, 0x99DF,
  0x99FF, 0x99FF, 0xA1FF, 0xA1DF, 0xA1DE, 0xAA5E, 0xC3DE, 0xD55F, 0xCD7F, 0xD55F, 0xD59F, 0xDDDF, 0xDE1F, 0xE63F, 0xE65F, 0xE67F,
  0xE6BF, 0xEEDF, 0xEEDF, 0xEEFF, 0xEEFF, 0xEEFF, 0xEF1F, 0xEF1F, 0xEF1F, 0xEF1F, 0xEF3F, 0xEF3F, 0xEF3F, 0xEF5F, 0xF75F, 0xF75F,
  0xDEBF, 0xDE9F, 0xE6DF, 0xE6DF, 0xE6DF, 0xE6FF, 0xE6FF, 0xE6FF, 0xEEFF, 0xE6FF, 0xE6DF, 0xE6DF, 0xE6BF, 0xDE9F, 0xE6DF, 0xF79F,
  0xF77F, 0xF77F, 0xEF5F, 0xEF5F, 0xEF3F, 0xEF3F, 0xEF3F, 0xEF3F, 0xEF3F, 0xEF1F, 0xE71F, 0xE6FF, 0xF75F, 0xD63E, 0x8BB8, 0x5A14,
  0x51B3, 0x51B3, 0x5A14, 0x7B38, 0xB4DC, 0xD5DF, 0xCDBF, 0xCDBF, 0xCDFF, 0xD61F, 0xD61F, 0xD63F, 0xDE5F, 0xDE7F, 0xDE9F, 0xDE9F,
  0xDE9F, 0xDE9F, 0xDE9F, 0xDE9F, 0xDE9F, 0xDE9F, 0xDE9F, 0xDE9F, 0xDE9F, 0xDE9F, 0xDE9F, 0xDE9F, 0xDE7F, 0xDE7F, 0xDE7F, 0xDE7F,
  0xD65F, 0xD63F, 0xD61F, 0xCDFF, 0xCDDF, 0xCDBF, 0xC59F, 0xCDBF, 0xCDDF, 0xB4DD, 0x7B18, 0x5A14, 0x51B4, 0x51B4, 0x6255, 0x93D9,
  0xD5FE, 0xEEFF, 0xDEBF, 0xE6FF, 0xE71F, 0xE71F, 0xE71F, 0xEF3F, 0xEF3F, 0xEF3F, 0xEF3F, 0xEF3F, 0xEF5F, 0xEF5F, 0xEF5F, 0xDE9F,
  0xD65F, 0xDE7F, 0xDE9F, 0xDE9F, 0xE6BF, 0xE6BF, 0xE6DF, 0xE6DF, 0xE6DF, 0xE6DF, 0xE6DF, 0xE6DF, 0xE6DF, 0xE6DF, 0xE6DF, 0xE6DF,
  0xE6DF, 0xE6FF, 0xE6FF, 0xE6FF, 0xE6FF, 0xE6FF, 0xE6FF, 0xE6FF, 0xE6FF, 0xE6FF, 0xEEFF, 0xE6FF, 0xEEFF, 0xEF1F, 0xEF1F, 0xEF1F,
  0xEF5E, 0xEF3F, 0xEF3F, 0xEF1F, 0xE71F, 0xEF1F, 0xEF3F, 0xEF1F, 0xE6DF, 0xE6DF, 0xE6DF, 0xDEBF, 0xDEBF, 0xDEBF, 0xDEBF, 0xDEBF,
  0xDEBF, 0xDEBF, 0xDEBF, 0xDE9F, 0xDE9F, 0xDE9F, 0xDE7F, 0xDE7F, 0xDE7F, 0xDE5F, 0xD65F, 0xD63F, 0xD61F, 0xCDFF, 0xCDDF, 0xCDFF,
  0xEF3F, 0xEF5F, 0xEF5F, 0xEF3F, 0xEF3F, 0xEF3F, 0xEF3F, 0xEF3F, 0xEF1F, 0xEF1F, 0xEF1F, 0xEEFF, 0xEEFF, 0xEEFF, 0xE6DF, 0xE6BF,
  0xE6BF, 0xE67F, 0xDE5F, 0xD63F, 0xD5DF, 0xD5BF, 0xCD9F, 0xD59F, 0xD55F, 0xBC3F, 0xA2BE, 0x91FE, 0x91DF, 0x91FF, 0x9A1F, 0x9A3F,
  0x9A3F, 0x9A1F, 0x9A1F, 0x9A1F, 0x9A1F, 0x9A1F, 0x9A1F, 0x9A1F, 0x9A1F, 0x99FF, 0x99FF, 0x9A1F, 0x9A1F, 0x9A1F, 0x99FF, 0x99FF,
  0x99FF, 0x99DF, 0x99BF, 0xA23E, 0xB35E, 0xD4DF, 0xD59F, 0xCD7F, 0xD57F, 0xD5BF, 0xD5DF, 0xDE1F, 0xDE3F, 0xE65F, 0xE67F, 0xE69F,
  0xE6DF, 0xEEDF, 0xEEFF, 0xEEFF, 0xEEFF, 0xEEFF, 0xEF1F, 0xEF1F, 0xEF1F, 0xEF3F, 0xEF3F, 0xEF3F, 0xEF3F, 0xEF5F, 0xF77F, 0xEF5F,
  0xDE9F, 0xE6BF, 0xE6DF, 0xE6DF, 0xE6FF, 0xE6FF, 0xE6FF, 0xEEFF, 0xE6FF, 0xE6FF, 0xE6FF, 0xE6DF, 0xE6BF, 0xDE9F, 0xE6BF, 0xF77F,
  0xF77F, 0xF77F, 0xF77F, 0xEF5F, 0xEF5F, 0xEF3F, 0xEF3F, 0xEF3F, 0xEF3F, 0xEF3F, 0xEF1F, 0xE6FF, 0xE6DF, 0xE6DF, 0xE6BF, 0xDE3F,
  0xD5FF, 0xCDDF, 0xD61F, 0xDE5F, 0xD61F, 0xCDDF, 0xCDFF, 0xD61F, 0xD63F, 0xD63F, 0xD65F, 0xDE7F, 0xDE9F, 0xDE9F, 0xDEBF, 0xDEBF,
  0xDEBF, 0xDEBF, 0xDEBF, 0xDEBF, 0xDEBF, 0xDEBF, 0xDEBF, 0xDEBF, 0xDEBF, 0xDEBF, 0xDEBF, 0xDEBF, 0xDE9F, 0xDE9F, 0xDE9F, 0xDE9F,
  0xDE7F, 0xD67F, 0xD65F, 0xD63F, 0xCE1F, 0xCDFF, 0xCDFF, 0xCDDF, 0xCDBF, 0xCDDF, 0xD5FF, 0xCDDF, 0xCDDF, 0xD61F, 0xDE7F, 0xE6BF,
  0xDEBF, 0xDEBF, 0xDEDF, 0xE6FF, 0xE71F, 0xE71F, 0xEF3F, 0xEF3F, 0xEF3F, 0xEF3F, 0xEF3F, 0xEF5F, 0xEF5F, 0xEF5F, 0xEF3F, 0xDE7E,
  0xDE5F, 0xDE7F, 0xDE9F, 0xDE9F, 0xE6BF, 0xE6DF, 0xE6DF, 0xE6DF, 0xE6DF, 0xE6DF, 0xE6DF, 0xE6DF, 0xE6DF, 0xE6DF, 0xE6DF, 0xE6DF,
  0xE6FF, 0xE6FF, 0xE6FF, 0xE6FF, 0xE6FF, 0xE6FF, 0xE6FF, 0xE6FF, 0xE6FF, 0xE6FF, 0xEEFF, 0xEEFF, 0xE6FF, 0xE6FF, 0xEF1F, 0xEF1F,
  0xEF5E, 0xEF3F, 0xEF1F, 0xEF1F, 0xEF1F, 0xEF1F, 0xEF1F, 0xEF3F, 0xEF1F, 0xE6DF, 0xE6DF, 0xE6DF, 0xE6BF, 0xE6BF, 0xE6BF, 0xE6BF,
  0xDEBF, 0xE6BF, 0xDE9F, 0xDE9F, 0xDE9F, 0xDE9F, 0xDE9F, 0xDE7F, 0xDE7F, 0xDE7F, 0xD65F, 0xD63F, 0xD61F, 0xCDFF, 0xCDDF, 0xCDDF,
  0xEEFF, 0xF75F, 0xEF5F, 0xEF5F, 0xEF3F, 0xEF3F, 0xEF3F, 0xEF3F, 0xEF1F, 0xEF1F, 0xEF1F, 0xEEFF, 0xEEFF, 0xEEFF, 0xE6DF, 0xE6DF,
  0xE6BF, 0xE69F, 0xDE7F, 0xDE3F, 0xDE1F, 0xD5FF, 0xD5DF, 0xCD9F, 0xCD9F, 0xD59F, 0xCD1F, 0xBC3F, 0xAB1E, 0x9A9E, 0x9A7F, 0x9A3F,
  0x9A3F, 0x9A1F, 0x99FF, 0x99FF, 0x99FF, 0x99FF, 0x99FF, 0x99FF, 0x99FF, 0x99FF, 0x99FF, 0x99FF, 0x99FF, 0xA1FF, 0xA21F, 0xA23F,
  0xA25F, 0xAABE, 0xBBBE, 0xC4BF, 0xCD5F, 0xCD7F, 0xCD7F, 0xD59F, 0xD5BF, 0xD5FF, 0xDE1F, 0xDE3F, 0xE65F, 0xE67F, 0xE69F, 0xE6BF,
  0xEEDF, 0xEEFF, 0xEEFF, 0xEEFF, 0xEEFF, 0xEF1F, 0xEF1F, 0xEF1F, 0xEF3F, 0xEF3F, 0xEF3F, 0xEF3F, 0xF75F, 0xEF5F, 0xF77F, 0xEF1F,
  0xDE9F, 0xE6BF, 0xE6DF, 0xE6DF, 0xE6FF, 0xE6FF, 0xEEFF, 0xEF1F, 0xEF1F, 0xEEFF, 0xE6FF, 0xE6DF, 0xE6DF, 0xDEBF, 0xE6BF, 0xF77F,
  0xF79F, 0xF77F, 0xF75F, 0xEF5F, 0xEF5F, 0xEF5F, 0xEF3F, 0xEF3F, 0xEF3F, 0xEF3F, 0xEF1F, 0xE71F, 0xE6FF, 0xE6BF, 0xDE9F, 0xDE7F,
  0xDE5F, 0xDE5F, 0xD63F, 0xD63F, 0xD63F, 0xD63F, 0xD63F, 0xD65F, 0xDE5F, 0xDE7F, 0xDE9F, 0xDE9F, 0xDEBF, 0xDEBF, 0xE6DF, 0xE6DF,
  0xDEDF, 0xDEDF, 0xE6DF, 0xDEDF, 0xE6DF, 0xE6DF, 0xDEBF, 0xDEBF, 0xDEBF, 0xDEBF, 0xDEBF, 0xDEBF, 0xDEBF, 0xDEBF, 0xDEBF, 0xDE9F,
  0xDE9F, 0xDE7F, 0xDE7F, 0xDE5F, 0xD65F, 0xD63F, 0xD63F, 0xD61F, 0xD61F, 0xCDFF, 0xCDFF, 0xD61F, 0xD65F, 0xDE5F, 0xDE7F, 0xDE7F,
  0xDEBF, 0xE6DF, 0xE6FF, 0xE71F, 0xE71F, 0xEF3F, 0xEF3F, 0xEF3F, 0xEF3F, 0xEF3F, 0xEF5F, 0xEF5F, 0xEF5F, 0xEF5F, 0xEF1F, 0xD65F,
  0xDE7F, 0xDE9F, 0xDE9F, 0xDEBF, 0xE6BF, 0xE6DF, 0xE6DF, 0xE6DF, 0xE6DF, 0xE6DF, 0xE6DF, 0xE6DF, 0xE6DF, 0xE6DF, 0xE6DF, 0xE6DF,
  0xE6FF, 0xE6FF, 0xE6FF, 0xE6FF, 0xE6FF, 0xE6FF, 0xE6FF, 0xE6FF, 0xE6FF, 0xE6FF, 0xE6FF, 0xEEFF, 0xEEFF, 0xEEFF, 0xEF1F, 0xEF1F,
  0xEF5E, 0xEF3F, 0xEF3F, 0xEF3F, 0xEF1F, 0xEF1F, 0xEF1F, 0xEF1F, 0xEF1F, 0xEF1F, 0xE6DF, 0xE6DF, 0xE6DF, 0xE6DF, 0xE6DF, 0xE6BF,
  0xE6BF, 0xE6BF, 0xDEBF, 0xDE9F, 0xDE9F, 0xDE9F, 0xDE9F, 0xDE7F, 0xDE7F, 0xDE7F, 0xD65F, 0xD65F, 0xD63F, 0xD61F, 0xCDFF, 0xC5BF,
  0xDE5F, 0xF77F, 0xEF5F, 0xEF5F, 0xEF5F, 0xEF3F, 0xEF3F, 0xEF3F, 0xEF1F, 0xEF1F, 0xEF1F, 0xEF1F, 0xEEFF, 0xEEFF, 0xEEFF, 0xE6DF,
  0xE6DF, 0xE6BF, 0xE69F, 0xDE7F, 0xDE3F, 0xDE1F, 0xD5FF, 0xD5DF, 0xD5BF, 0xCD7F, 0xCD7F, 0xCD7F, 0xCD3F, 0xC51F, 0xC4BF, 0xC47F,
  0xBC3F, 0xBC1F, 0xBBDF, 0xBBDF, 0xBBDF, 0xBBFF, 0xBBFF, 0xBBFF, 0xBBFF, 0xBBFF, 0xBBDF, 0xBBDF, 0xBBDF, 0xBBFF, 0xC41F, 0xC47F,
  0xC4DF, 0xCD3F, 0xCD7F, 0xCD7F, 0xCD5F, 0xD57F, 0xD59F, 0xD5DF, 0xDDFF, 0xDE1F, 0xDE3F, 0xE65F, 0xE69F, 0xE6BF, 0xE6BF, 0xEEDF,
  0xEEDF, 0xEEFF, 0xEEFF, 0xEEFF, 0xEF1F, 0xEF1F, 0xEF1F, 0xEF3F, 0xEF3F, 0xEF3F, 0xEF3F, 0xF75F, 0xF75F, 0xF75F, 0xF77F, 0xE6DF,
  0xDE9F, 0xE6BF, 0xE6DF, 0xE6DF, 0xE6FF, 0xEEFF, 0xEF1F, 0xEF1F, 0xEF1F, 0xEEFF, 0xE6FF, 0xE6DF, 0xE6DF, 0xE6BF, 0xDEBF, 0xEF3F,
  0xFF9F, 0xF77F, 0xF77F, 0xF75F, 0xEF5F, 0xEF5F, 0xEF3F, 0xEF3F, 0xEF3F, 0xEF3F, 0xEF3F, 0xEF1F, 0xE6FF, 0xE6FF, 0xE6DF, 0xE6BF,
  0xDE9F, 0xDE9F, 0xDE7F, 0xDE7F, 0xDE7F, 0xDE7F, 0xDE7F, 0xDE7F, 0xDE9F, 0xDEBF, 0xE6BF, 0xDEBF, 0xDEDF, 0xE6DF, 0xE6DF, 0xE6DF,
  0xE6DF, 0xE6DF, 0xE6DF, 0xE6DF, 0xE6DF, 0xE6DF, 0xE6DF, 0xE6DF, 0xE6DF, 0xE6DF, 0xDEDF, 0xDEDF, 0xDEBF, 0xDEBF, 0xDEBF, 0xDEBF,
  0xDEBF, 0xDEBF, 0xDE9F, 0xDE9F, 0xDE7F, 0xD67F, 0xD65F, 0xD65F, 0xD65F, 0xD65F, 0xD65F, 0xDE7F, 0xDE7F, 0xDE9F, 0xDEBF, 0xE6BF,
  0xE6DF, 0xE6FF, 0xE71F, 0xE71F, 0xEF3F, 0xEF3F, 0xEF3F, 0xEF3F, 0xEF5F, 0xEF5F, 0xEF5F, 0xEF5F, 0xEF5F, 0xF77F, 0xE6DF, 0xD65F,
  0xDE7F, 0xDE9F, 0xDE9F, 0xE6BF, 0xE6BF, 0xE6DF, 0xE6DF, 0xE6DF, 0xE6DF, 0xE6DF, 0xE6DF, 0xE6DF, 0xE6DF, 0xE6DF, 0xE6DF, 0xE6DF,
  0xE6FF, 0xE6FF, 0xE6FF, 0xE6FF, 0xE6FF, 0xE6FF, 0xE6FF, 0xE6FF, 0xEEFF, 0xEEFF, 0xEEFF, 0xEEFF, 0xEEFF, 0xEEFF, 0xEEFF, 0xEF1F,
  0xEF5E, 0xEF3F, 0xEF3F, 0xEF3F, 0xEF3F, 0xEF1F, 0xEF1F, 0xEF1F, 0xEF1F, 0xEF1F, 0xEF1F, 0xE6DF, 0xE6DF, 0xE6DF, 0xE6DF, 0xE6DF,
  0xE6BF, 0xE6BF, 0xE6BF, 0xDEBF, 0xDE9F, 0xDE9F, 0xDE9F, 0xDE9F, 0xDE7F, 0xDE7F, 0xDE5F, 0xD65F, 0xD63F, 0xD61F, 0xCDFF, 0xCDDF,
  0xCDFF, 0xEF3F, 0xF75F, 0xEF5F, 0xEF5F, 0xEF5F, 0xEF3F, 0xEF3F, 0xEF3F, 0xEF1F, 0xEF1F, 0xEF1F, 0xEF1F, 0xEEFF, 0xEEFF, 0xE6FF,
  0xE6DF, 0xE6BF, 0xE6BF, 0xE69F, 0xDE7F, 0xDE5F, 0xDE3F, 0xD61F, 0xD5DF, 0xD5DF, 0xD5BF, 0xCD7F, 0xCD5F, 0xCD5F, 0xCD5F, 0xCD5F,
  0xCD7F, 0xCD5F, 0xCD5F, 0xCD5F, 0xCD5F, 0xCD5F, 0xCD5F, 0xCD5F, 0xCD5F, 0xCD5F, 0xCD5F, 0xCD5F, 0xCD5F, 0xCD5F, 0xCD7F, 0xCD7F,
  0xCD7F, 0xCD5F, 0xCD7F, 0xD59F, 0xD59F, 0xD5BF, 0xDDFF, 0xDE1F, 0xDE3F, 0xDE5F, 0xE65F, 0xE69F, 0xE6BF, 0xEEDF, 0xEEDF, 0xEEFF,
  0xEEFF, 0xEEFF, 0xEEFF, 0xEF1F, 0xEF1F, 0xEF1F, 0xEF3F, 0xEF3F, 0xEF3F, 0xEF3F, 0xF75F, 0xF75F, 0xF75F, 0xF77F, 0xF75F, 0xDE7F,
  0xE69F, 0xE6BF, 0xE6DF, 0xE6DF, 0xE6FF, 0xEF1F, 0xEF1F, 0xEF1F, 0xEF1F, 0xEF1F, 0xE6FF, 0xE6FF, 0xE6DF, 0xE6DF, 0xDEBF, 0xE6FF,
  0xFF9F, 0xF77F, 0xF77F, 0xEF5F, 0xEF5F, 0xEF5F, 0xEF5F, 0xEF3F, 0xEF3F, 0xEF3F, 0xEF3F, 0xEF3F, 0xEF1F, 0xE71F, 0xE6FF, 0xE6DF,
  0xE6DF, 0xE6BF, 0xDEBF, 0xDEBF, 0xDEBF, 0xDE9F, 0xDEBF, 0xDEBF, 0xE6BF, 0xE6BF, 0xE6DF, 0xE6DF, 0xE6DF, 0xE6DF, 0xE6FF, 0xE6FF,
  0xE6FF, 0xE6FF, 0xE6FF, 0xE6FF, 0xE6DF, 0xE6FF, 0xE6DF, 0xE6DF, 0xE6DF, 0xE6DF, 0xE6DF, 0xE6DF, 0xE6DF, 0xE6DF, 0xE6DF, 0xE6BF,
  0xDEBF, 0xDEBF, 0xDEBF, 0xDEBF, 0xDEBF, 0xDE9F, 0xDE9F, 0xDE9F, 0xDE9F, 0xDE9F, 0xDE9F, 0xDE9F, 0xDEBF, 0xDEBF, 0xE6DF, 0xE6DF,
  0xE6FF, 0xE71F, 0xEF1F, 0xEF3F, 0xEF3F, 0xEF3F, 0xEF3F, 0xEF3F, 0xEF5F, 0xEF5F, 0xEF5F, 0xEF5F, 0xF75F, 0xF77F, 0xDE9F, 0xDE7F,
  0xDE7F, 0xDE9F, 0xDE9F, 0xE6BF, 0xE6DF, 0xE6DF, 0xE6DF, 0xE6DF, 0xE6DF, 0xE6DF, 0xE6DF, 0xE6DF, 0xE6DF, 0xE6DF, 0xE6FF, 0xE6FF,
  0xE6FF, 0xE6FF, 0xE6FF, 0xE6FF, 0xE6FF, 0xE6FF, 0xE6FF, 0xEEFF, 0xEEFF, 0xEEFF, 0xEEFF, 0xEEFF, 0xEEFF, 0xEEFF, 0xEF1F, 0xEF1F,
  0xEF5E, 0xEF3F, 0xEF3F, 0xEF3F, 0xEF1F, 0xEF3F, 0xEF1F, 0xEF1F, 0xEF1F, 0xEF1F, 0xEEFF, 0xEF1F, 0xE6DF, 0xE6DF, 0xE6DF, 0xE6DF,
  0xE6BF, 0xE6BF, 0xE6BF, 0xDEBF, 0xDEBF, 0xDE9F, 0xDE9F, 0xDE9F, 0xDE7F, 0xDE7F, 0xDE7F, 0xD65F, 0xD63F, 0xD61F, 0xD61F, 0xCDFF,
  0xCDDF, 0xDE7F, 0xF77F, 0xEF5F, 0xEF5F, 0xEF5F, 0xEF3F, 0xEF3F, 0xEF3F, 0xEF3F, 0xEF3F, 0xEF1F, 0xEF1F, 0xEF1F, 0xE6FF, 0xE6FF,
  0xE6FF, 0xE6DF, 0xE6BF, 0xE6BF, 0xE69F, 0xDE7F, 0xDE5F, 0xDE3F, 0xDE1F, 0xDDFF, 0xD5FF, 0xD5DF, 0xD5BF, 0xCDBF, 0xCD9F, 0xCD7F,
  0xCD7F, 0xCD7F, 0xCD7F, 0xCD5F, 0xCD5F, 0xCD5F, 0xCD5F, 0xCD5F, 0xCD5F, 0xCD5F, 0xCD5F, 0xCD7F, 0xCD5F, 0xCD7F, 0xCD7F, 0xCD9F,
  0xD59F, 0xD5BF, 0xD5DF, 0xD5DF, 0xD5FF, 0xDDFF, 0xDE1F, 0xDE3F, 0xDE5F, 0xE67F, 0xE69F, 0xE6BF, 0xEEDF, 0xEEDF, 0xEEFF, 0xEEFF,
  0xEEFF, 0xEF1F, 0xEF1F, 0xEF1F, 0xEF1F, 0xEF3F, 0xEF3F, 0xEF3F, 0xEF3F, 0xF75F, 0xF75F, 0xF75F, 0xF77F, 0xF79F, 0xE6DF, 0xDE7F,
  0xE6BF, 0xE6DF, 0xE6DF, 0xE6FF, 0xEF1F, 0xEF1F, 0xEF1F, 0xEF1F, 0xEF1F, 0xEF1F, 0xEEFF, 0xE6FF, 0xE6DF, 0xE6DF, 0xE6BF, 0xE6BF,
  0xEF3F, 0xFF9F, 0xF77F, 0xEF7F, 0xEF7F, 0xEF5F, 0xEF5F, 0xEF5F, 0xEF3F, 0xEF3F, 0xEF3F, 0xEF3F, 0xEF3F, 0xE71F, 0xE71F, 0xE6FF,
  0xE6FF, 0xE6FF, 0xE6DF, 0xE6DF, 0xE6DF, 0xE6DF, 0xE6DF, 0xE6DF, 0xE6DF, 0xE6DF, 0xE6FF, 0xE6FF, 0xE6FF, 0xE6FF, 0xE6FF, 0xE6FF,
  0xE6FF, 0xE6FF, 0xE6FF, 0xE6FF, 0xE6FF, 0xE6FF, 0xE6FF, 0xE6FF, 0xE6FF, 0xE6FF, 0xE6FF, 0xE6FF, 0xE6FF, 0xE6FF, 0xE6DF, 0xE6DF,
  0xE6DF, 0xE6DF, 0xE6DF, 0xE6DF, 0xE6DF, 0xDEBF, 0xDEBF, 0xDEBF, 0xDEBF, 0xDEBF, 0xDEDF, 0xDEDF, 0xE6DF, 0xE6DF, 0xE6FF, 0xE6FF,
  0xE71F, 0xEF1F, 0xEF1F, 0xEF3F, 0xEF3F, 0xEF3F, 0xEF3F, 0xEF5F, 0xEF5F, 0xEF5F, 0xEF5F, 0xF75F, 0xF77F, 0xEF3F, 0xDE7F, 0xDE7F,
  0xDE7F, 0xDE9F, 0xDE9F, 0xE6BF, 0xE6BF, 0xE6DF, 0xE6DF, 0xE6DF, 0xE6DF, 0xE6DF, 0xE6DF, 0xE6DF, 0xE6FF, 0xE6FF, 0xE6FF, 0xE6FF,
  0xE6FF, 0xE6FF, 0xE6FF, 0xE6FF, 0xE6FF, 0xE6FF, 0xEEFF, 0xEEFF, 0xEEFF, 0xEEFF, 0xEEFF, 0xEF1F, 0xEF1F, 0xEF1F, 0xEF1F, 0xEF1F,
  0xEF5E, 0xEF3F, 0xEF3F, 0xEF3F, 0xEF3F, 0xEF1F, 0xEF1F, 0xEF1F, 0xEF1F, 0xEEFF, 0xEEFF, 0xEEFF, 0xEF1F, 0xE6FF, 0xE6DF, 0xE6DF,
  0xE6DF, 0xE6DF, 0xE6BF, 0xDEBF, 0xDEBF, 0xDE9F, 0xDE9F, 0xDE9F, 0xDE9F, 0xDE7F, 0xDE7F, 0xDE5F, 0xD63F, 0xD63F, 0xD61F, 0xCE1F,
  0xCDFF, 0xCDDF, 0xE6FF, 0xF77F, 0xEF5F, 0xEF5F, 0xEF5F, 0xEF3F, 0xEF3F, 0xEF3F, 0xEF3F, 0xEF1F, 0xEF1F, 0xEF1F, 0xEF1F, 0xEEFF,
  0xE6FF, 0xE6FF, 0xE6DF, 0xE6DF, 0xE6BF, 0xE69F, 0xE69F, 0xDE7F, 0xDE5F, 0xDE3F, 0xDE1F, 0xD61F, 0xD61F, 0xD5FF, 0xD5DF, 0xD5BF,
  0xD5BF, 0xD5BF, 0xD5BF, 0xD5BF, 0xD5BF, 0xD5BF, 0xD5BF, 0xD5BF, 0xD5BF, 0xD5BF, 0xD5BF, 0xD5BF, 0xD5BF, 0xD5BF, 0xD5DF, 0xD5DF,
  0xD5FF, 0xD5FF, 0xDDFF, 0xDE1F, 0xDE3F, 0xDE3F, 0xDE5F, 0xE67F, 0xE69F, 0xE69F, 0xE6BF, 0xE6BF, 0xEEDF, 0xEEFF, 0xEEFF, 0xEEFF,
  0xEF1F, 0xEF1F, 0xEF1F, 0xEF3F, 0xEF3F, 0xEF3F, 0xEF3F, 0xEF5F, 0xF75F, 0xF75F, 0xF75F, 0xF77F, 0xFF9F, 0xEF1F, 0xDE9F, 0xE6BF,
  0xE6BF, 0xE6DF, 0xE6DF, 0xE6FF, 0xEF1F, 0xEF1F, 0xEF1F, 0xEF1F, 0xEF1F, 0xEF1F, 0xEF1F, 0xE6FF, 0xE6DF, 0xE6DF, 0xE6BF, 0xE6BF,
  0xE6DF, 0xF77F, 0xF77F, 0xEF5F, 0xF75F, 0xF75F, 0xEF5F, 0xEF5F, 0xEF5F, 0xEF3F, 0xEF3F, 0xEF3F, 0xEF3F, 0xEF3F, 0xEF3F, 0xEF1F,
  0xE71F, 0xE71F, 0xE6FF, 0xE6FF, 0xE6FF, 0xE6FF, 0xE6FF, 0xE6FF, 0xE6FF, 0xE6FF, 0xE6FF, 0xE6FF, 0xE6FF, 0xE6FF, 0xE6FF, 0xE6FF,
  0xE6FF, 0xE6FF, 0xE6FF, 0xE6FF, 0xE6FF, 0xE6FF, 0xE6FF, 0xE6FF, 0xE6FF, 0xE6FF, 0xE6FF, 0xE6FF, 0xE6FF, 0xE6FF, 0xE6FF, 0xE6FF,
  0xE6FF, 0xE6FF, 0xE6FF, 0xE6FF, 0xE6FF, 0xE6FF, 0xE6DF, 0xE6DF, 0xE6DF, 0xE6FF, 0xE6FF, 0xE6FF, 0xE6FF, 0xE6FF, 0xE71F, 0xE71F,
  0xEF1F, 0xEF3F, 0xEF3F, 0xEF3F, 0xEF3F, 0xEF3F, 0xEF5F, 0xEF5F, 0xEF5F, 0xEF5F, 0xEF5F, 0xF77F, 0xF79F, 0xE6BF, 0xDE7F, 0xDE7F,
  0xDE9F, 0xDE9F, 0xDEBF, 0xE6BF, 0xE6DF, 0xE6DF, 0xE6DF, 0xE6DF, 0xE6DF, 0xE6DF, 0xE6DF, 0xE6DF, 0xE6FF, 0xE6FF, 0xE6FF, 0xE6FF,
  0xE6FF, 0xE6FF, 0xE6FF, 0xE6FF, 0xE6FF, 0xE6FF, 0xEEFF, 0xEEFF, 0xEEFF, 0xEEFF, 0xEF1F, 0xEF1F, 0xEF1F, 0xEF1F, 0xEF1F, 0xEF1F,
  0xEF5E, 0xEF3F, 0xEF3F, 0xEF3F, 0xEF3F, 0xEF1F, 0xEF1F, 0xEF1F, 0xEF1F, 0xEF1F, 0xEF1F, 0xEEFF, 0xEEFF, 0xEF1F, 0xE6DF, 0xE6DF,
  0xE6DF, 0xE6DF, 0xE6BF, 0xE6BF, 0xE6BF, 0xDEBF, 0xDEBF, 0xDE9F, 0xDE9F, 0xDE7F, 0xDE7F, 0xDE7F, 0xD65F, 0xD63F, 0xD63F, 0xD61F,
  0xD61F, 0xCDFF, 0xD61E, 0xEF3F, 0xF75F, 0xEF5F, 0xEF5F, 0xEF3F, 0xEF3F, 0xEF3F, 0xEF1F, 0xEF1F, 0xEF1F, 0xEF1F, 0xEF1F, 0xEF1F,
  0xEEFF, 0xEEFF, 0xEEFF, 0xE6DF, 0xE6DF, 0xE6BF, 0xE6BF, 0xE69F, 0xE67F, 0xDE7F, 0xDE5F, 0xDE5F, 0xDE3F, 0xDE1F, 0xDE1F, 0xD5FF,
  0xD5FF, 0xD5FF, 0xD5FF, 0xD5FF, 0xD5FF, 0xD5FF, 0xD5FF, 0xD5FF, 0xD5FF, 0xD5FF, 0xD5FF, 0xD5FF, 0xD5FF, 0xDDFF, 0xDE1F, 0xDE1F,
  0xDE1F, 0xDE3F, 0xDE3F, 0xE65F, 0xE65F, 0xE67F, 0xE67F, 0xE69F, 0xE6BF, 0xE6BF, 0xEEDF, 0xEEDF, 0xEEDF, 0xEEFF, 0xEEFF, 0xEF1F,
  0xEF1F, 0xEF1F, 0xEF1F, 0xEF3F, 0xEF3F, 0xF75F, 0xF75F, 0xF75F, 0xF75F, 0xF77F, 0xF77F, 0xF79F, 0xF75F, 0xDE9F, 0xDE9F, 0xE6BF,
  0xE6DF, 0xE6DF, 0xE6FF, 0xEEFF, 0xEF1F, 0xEF1F, 0xEF1F, 0xEF1F, 0xEF1F, 0xEF1F, 0xEF1F, 0xEEFF, 0xE6FF, 0xE6DF, 0xE6DF, 0xE6BF,
  0xE69F, 0xE6DF, 0xF77F, 0xF77F, 0xEF5F, 0xEF5F, 0xEF5F, 0xEF5F, 0xEF5F, 0xEF5F, 0xEF3F, 0xEF3F, 0xEF3F, 0xEF3F, 0xEF3F, 0xEF3F,
  0xEF1F, 0xEF1F, 0xEF1F, 0xEF1F, 0xE71F, 0xE71F, 0xE71F, 0xE71F, 0xE6FF, 0xE71F, 0xE6FF, 0xE71F, 0xE6FF, 0xE6FF, 0xE71F, 0xE6FF,
  0xE71F, 0xE71F, 0xE6FF, 0xE6FF, 0xE6FF, 0xE6FF, 0xE6FF, 0xE6FF, 0xE6FF, 0xE6FF, 0xE6FF, 0xE6FF, 0xE6FF, 0xE6FF, 0xE6FF, 0xE6FF,
  0xE6FF, 0xE6FF, 0xE6FF, 0xE6FF, 0xE6FF, 0xE6FF, 0xE6FF, 0xE6FF, 0xE6FF, 0xE6FF, 0xE6FF, 0xE6FF, 0xE71F, 0xE71F, 0xEF1F, 0xEF1F,
  0xEF3F, 0xEF3F, 0xEF3F, 0xEF3F, 0xEF3F, 0xEF5F, 0xEF5F, 0xEF5F, 0xEF5F, 0xF75F, 0xF77F, 0xF79F, 0xEEFF, 0xDE7F, 0xDE7F, 0xDE9F,
  0xDE9F, 0xDEBF, 0xE6BF, 0xE6BF, 0xE6DF, 0xE6DF, 0xE6DF, 0xE6DF, 0xE6DF, 0xE6DF, 0xE6DF, 0xE6FF, 0xE6FF, 0xE6FF, 0xE6FF, 0xE6FF,
  0xE6FF, 0xE6FF, 0xE6FF, 0xE6FF, 0xEEFF, 0xEEFF, 0xEEFF, 0xEEFF, 0xEEFF, 0xEF1F, 0xEF1F, 0xEF1F, 0xEF1F, 0xEF1F, 0xEF1F, 0xEF1F,
  0xEF5E, 0xEF3F, 0xEF3F, 0xEF3F, 0xEF3F, 0xEF3F, 0xEF1F, 0xEF1F, 0xEF1F, 0xEF1F, 0xEEFF, 0xEEFF, 0xE6FF, 0xE6FF, 0xEEFF, 0xE6FF,
  0xE6DF, 0xE6DF, 0xE6DF, 0xE6BF, 0xE6BF, 0xDEBF, 0xDEBF, 0xDE9F, 0xDE9F, 0xDE9F, 0xDE7F, 0xDE7F, 0xD65F, 0xD65F, 0xD63F, 0xD61F,
  0xD61F, 0xCE1F, 0xCDDF, 0xD63F, 0xEF3F, 0xEF7F, 0xEF5F, 0xEF5F, 0xEF5F, 0xEF3F, 0xEF3F, 0xEF3F, 0xEF3F, 0xEF1F, 0xEF1F, 0xEF1F,
  0xEF1F, 0xEEFF, 0xEEFF, 0xEEFF, 0xE6DF, 0xE6DF, 0xE6BF, 0xE6BF, 0xE69F, 0xE69F, 0xE69F, 0xE67F, 0xDE7F, 0xDE5F, 0xDE5F, 0xDE3F,
  0xDE3F, 0xDE3F, 0xDE3F, 0xDE3F, 0xDE3F, 0xDE3F, 0xDE3F, 0xDE3F, 0xDE3F, 0xDE3F, 0xDE3F, 0xDE3F, 0xDE3F, 0xDE3F, 0xDE5F, 0xDE5F,
  0xE65F, 0xE65F, 0xE67F, 0xE69F, 0xE69F, 0xE69F, 0xE69F, 0xE6BF, 0xE6DF, 0xEEDF, 0xEEDF, 0xEEFF, 0xEEFF, 0xEEFF, 0xEF1F, 0xEF1F,
  0xEF1F, 0xEF1F, 0xEF3F, 0xEF3F, 0xEF3F, 0xF75F, 0xF75F, 0xF77F, 0xF77F, 0xF77F, 0xF79F, 0xF77F, 0xDEBF, 0xDE9F, 0xE6BF, 0xE6BF,
  0xE6DF, 0xE6DF, 0xEEFF, 0xEF1F, 0xEF1F, 0xEF1F, 0xEF3F, 0xEF3F, 0xEF1F, 0xEF1F, 0xEF1F, 0xEF1F, 0xE6FF, 0xE6DF, 0xE6DF, 0xE6BF,
  0xE6BF, 0xE6BF, 0xEEFF, 0xF79F, 0xF77F, 0xEF5F, 0xF77F, 0xEF5F, 0xEF5F, 0xEF5F, 0xEF5F, 0xEF3F, 0xEF3F, 0xEF3F, 0xEF3F, 0xEF3F,
  0xEF3F, 0xEF1F, 0xEF1F, 0xEF1F, 0xEF1F, 0xEF1F, 0xEF1F, 0xE71F, 0xE71F, 0xE71F, 0xE71F, 0xE71F, 0xE71F, 0xE71F, 0xE71F, 0xE71F,
  0xE71F, 0xE71F, 0xE71F, 0xE71F, 0xE71F, 0xE71F, 0xE71F, 0xE71F, 0xE71F, 0xE71F, 0xE71F, 0xE71F, 0xE71F, 0xE6FF, 0xE6FF, 0xE71F,
  0xE6FF, 0xE71F, 0xE71F, 0xE71F, 0xE71F, 0xE71F, 0xE71F, 0xE71F, 0xE71F, 0xE71F, 0xE71F, 0xE71F, 0xEF1F, 0xEF1F, 0xEF3F, 0xEF3F,
  0xEF3F, 0xEF3F, 0xEF3F, 0xEF3F, 0xEF5F, 0xEF5F, 0xEF5F, 0xEF5F, 0xEF5F, 0xF77F, 0xF79F, 0xEF1F, 0xDE7F, 0xDE7F, 0xDE7F, 0xDE9F,
  0xDE9F, 0xDEBF, 0xE6BF, 0xE6DF, 0xE6DF, 0xE6DF, 0xE6DF, 0xE6DF, 0xE6DF, 0xE6DF, 0xE6DF, 0xE6FF, 0xE6FF, 0xE6FF, 0xE6FF, 0xE6FF,
  0xE6FF, 0xEEFF, 0xEEFF, 0xEEFF, 0xEEFF, 0xEEFF, 0xEF1F, 0xEF1F, 0xEF1F, 0xEF1F, 0xEF1F, 0xEF1F, 0xEF1F, 0xEF1F, 0xEF1F, 0xEF3F,
  0xEF5E, 0xEF3F, 0xEF3F, 0xEF3F, 0xEF3F, 0xEF3F, 0xEF1F, 0xEF1F, 0xEF1F, 0xEF1F, 0xEF1F, 0xEEFF, 0xEEFF, 0xEEFF, 0xEEFF, 0xEEFF,
  0xE6FF, 0xE6DF, 0xE6DF, 0xE6DF, 0xE6BF, 0xE6BF, 0xDE9F, 0xDE9F, 0xDE9F, 0xDE9F, 0xDE9F, 0xDE7F, 0xDE7F, 0xD65F, 0xD63F, 0xD63F,
  0xD61F, 0xCE1F, 0xCDFF, 0xCDDF, 0xD63F, 0xEF3F, 0xF77F, 0xEF5F, 0xEF5F, 0xEF5F, 0xEF3F, 0xEF3F, 0xEF3F, 0xEF3F, 0xEF3F, 0xEF1F,
  0xEF1F, 0xEF1F, 0xEEFF, 0xEEFF, 0xE6FF, 0xE6FF, 0xE6DF, 0xE6DF, 0xE6BF, 0xE6BF, 0xE6BF, 0xE69F, 0xE69F, 0xE69F, 0xE69F, 0xE67F,
  0xE67F, 0xDE7F, 0xDE7F, 0xDE7F, 0xDE7F, 0xDE7F, 0xDE7F, 0xDE7F, 0xDE7F, 0xDE5F, 0xDE5F, 0xDE7F, 0xDE7F, 0xDE7F, 0xE67F, 0xE69F,
  0xE69F, 0xE69F, 0xE6BF, 0xE6BF, 0xE6BF, 0xE6BF, 0xE6DF, 0xEEDF, 0xEEDF, 0xEEDF, 0xEEFF, 0xEF1F, 0xEF1F, 0xEF1F, 0xEF1F, 0xEF1F,
  0xEF3F, 0xEF3F, 0xEF3F, 0xF75F, 0xF75F, 0xF75F, 0xF77F, 0xF77F, 0xF77F, 0xF79F, 0xF77F, 0xE6BF, 0xDE7F, 0xDEBF, 0xE6BF, 0xE6DF,
  0xE6DF, 0xE6FF, 0xEEFF, 0xEF1F, 0xEF1F, 0xEF3F, 0xEF3F, 0xEF1F, 0xEF1F, 0xEF1F, 0xEF1F, 0xEF1F, 0xEEFF, 0xE6FF, 0xE6DF, 0xE6BF,
  0xE6BF, 0xE6BF, 0xE69F, 0xE6FF, 0xF77F, 0xF79F, 0xEF5F, 0xEF5F, 0xEF5F, 0xEF5F, 0xEF5F, 0xEF5F, 0xEF3F, 0xEF3F, 0xEF3F, 0xEF3F,
  0xEF3F, 0xEF3F, 0xEF3F, 0xEF3F, 0xEF1F, 0xEF1F, 0xEF1F, 0xEF1F, 0xEF1F, 0xEF1F, 0xEF1F, 0xEF1F, 0xEF1F, 0xEF1F, 0xEF1F, 0xEF1F,
  0xEF1F, 0xEF1F, 0xEF1F, 0xEF1F, 0xEF1F, 0xEF1F, 0xE71F, 0xE71F, 0xEF1F, 0xEF1F, 0xEF1F, 0xE71F, 0xE71F, 0xE71F, 0xE71F, 0xEF1F,
  0xEF1F, 0xE71F, 0xE71F, 0xE71F, 0xE71F, 0xE71F, 0xE71F, 0xE71F, 0xE71F, 0xE71F, 0xEF1F, 0xEF1F, 0xEF3F, 0xEF3F, 0xEF3F, 0xEF3F,
  0xEF3F, 0xEF3F, 0xEF5F, 0xEF3F, 0xEF5F, 0xEF5F, 0xEF5F, 0xEF5F, 0xF77F, 0xF77F, 0xE6DF, 0xDE7F, 0xDE7F, 0xDE7F, 0xDE9F, 0xDE9F,
  0xDE9F, 0xE6BF, 0xE6BF, 0xE6DF, 0xE6DF, 0xE6DF, 0xE6FF, 0xE6FF, 0xE6DF, 0xE6FF, 0xE6FF, 0xE6FF, 0xE6FF, 0xE6FF, 0xE6FF, 0xE6FF,
  0xEEFF, 0xEEFF, 0xEF1F, 0xEF1F, 0xEF1F, 0xEF1F, 0xEF1F, 0xEF1F, 0xEF1F, 0xEF1F, 0xEF1F, 0xEF1F, 0xEF3F, 0xEF3F, 0xEF3F, 0xEF3F,
  0xEF5E, 0xEF3F, 0xEF3F, 0xEF3F, 0xEF3F, 0xEF3F, 0xEF1F, 0xEF1F, 0xEF1F, 0xEF1F, 0xEF1F, 0xEF1F, 0xEEFF, 0xEEFF, 0xEEFF, 0xEEFF,
  0xEEFF, 0xE6DF, 0xE6DF, 0xE6DF, 0xE6DF, 0xE6BF, 0xE6BF, 0xDEBF, 0xDEBF, 0xDE9F, 0xDE9F, 0xDE7F, 0xDE7F, 0xD65F, 0xD65F, 0xD63F,
  0xD63F, 0xCE1F, 0xCDFF, 0xCDFF, 0xCDDF, 0xCDFF, 0xEEFF, 0xF77F, 0xEF5F, 0xEF5F, 0xEF5F, 0xEF3F, 0xEF3F, 0xEF3F, 0xEF3F, 0xEF1F,
  0xEF1F, 0xEF1F, 0xEF1F, 0xEEFF, 0xEEFF, 0xEEFF, 0xEEFF, 0xE6FF, 0xE6DF, 0xE6DF, 0xE6DF, 0xE6BF, 0xE6BF, 0xE6BF, 0xE6BF, 0xE6BF,
  0xE69F, 0xE69F, 0xE69F, 0xE69F, 0xE69F, 0xE69F, 0xE69F, 0xE69F, 0xE69F, 0xE69F, 0xE69F, 0xE69F, 0xE69F, 0xE6BF, 0xE6BF, 0xE6BF,
  0xE6BF, 0xE6BF, 0xE6DF, 0xEEDF, 0xEEDF, 0xEEDF, 0xEEFF, 0xEEFF, 0xEEFF, 0xEEFF, 0xEF1F, 0xEF1F, 0xEF1F, 0xEF1F, 0xEF1F, 0xEF1F,
  0xEF3F, 0xEF3F, 0xF75F, 0xF75F, 0xF75F, 0xF77F, 0xF77F, 0xF79F, 0xF79F, 0xF75F, 0xDE7E, 0xDE7F, 0xDE9F, 0xE6BF, 0xE6DF, 0xE6DF,
  0xE6FF, 0xE6FF, 0xEF1F, 0xEF1F, 0xEF1F, 0xEF1F, 0xEF1F, 0xEF3F, 0xEF3F, 0xEF1F, 0xEF1F, 0xEF1F, 0xEF1F, 0xE6FF, 0xE6DF, 0xE6DF,
  0xE6BF, 0xE6BF, 0xDE9F, 0xDE7F, 0xDEBF, 0xEF3F, 0xF77F, 0xF77F, 0xEF5F, 0xEF5F, 0xEF5F, 0xEF5F, 0xEF5F, 0xEF3F, 0xEF3F, 0xEF3F,
  0xEF3F, 0xEF3F, 0xEF3F, 0xEF3F, 0xEF3F, 0xEF3F, 0xEF3F, 0xEF3F, 0xEF3F, 0xEF3F, 0xEF3F, 0xEF3F, 0xEF3F, 0xEF3F, 0xEF3F, 0xEF3F,
  0xEF3F, 0xEF3F, 0xEF3F, 0xEF3F, 0xEF3F, 0xEF3F, 0xEF3F, 0xEF3F, 0xEF3F, 0xEF3F, 0xEF3F, 0xEF3F, 0xEF1F, 0xEF1F, 0xEF1F, 0xEF1F,
  0xEF1F, 0xEF1F, 0xEF1F, 0xEF1F, 0xEF1F, 0xEF1F, 0xEF3F, 0xEF3F, 0xEF3F, 0xEF3F, 0xEF3F, 0xEF3F, 0xEF3F, 0xEF3F, 0xEF3F, 0xEF3F,
  0xEF5F, 0xEF5F, 0xEF5F, 0xEF5F, 0xEF5F, 0xEF5F, 0xEF7F, 0xF77F, 0xF75F, 0xDE9E, 0xD65F, 0xDE5F, 0xDE7F, 0xDE7F, 0xDE9F, 0xDE9F,
  0xE6BF, 0xE6BF, 0xE6DF, 0xE6DF, 0xE6DF, 0xE6DF, 0xE6FF, 0xE6FF, 0xE6FF, 0xE6FF, 0xE6FF, 0xE6FF, 0xE6FF, 0xE6FF, 0xE6FF, 0xE6FF,
  0xEEFF, 0xEEFF, 0xEEFF, 0xEF1F, 0xEF1F, 0xEF1F, 0xEF1F, 0xEF1F, 0xEF1F, 0xEF1F, 0xEF3F, 0xEF3F, 0xEF3F, 0xEF3F, 0xEF3F, 0xEF3F,
  0xEF5E, 0xEF3F, 0xEF3F, 0xEF3F, 0xEF3F, 0xEF3F, 0xEF3F, 0xEF1F, 0xEF1F, 0xEF1F, 0xEF1F, 0xEF1F, 0xEEFF, 0xEEFF, 0xEEFF, 0xE6FF,
  0xEF1F, 0xE6FF, 0xE6FF, 0xE6FF, 0xE6DF, 0xE6BF, 0xE6BF, 0xE6BF, 0xDEBF, 0xDEBF, 0xDE9F, 0xDE9F, 0xDE7F, 0xDE7F, 0xD65F, 0xD65F,
  0xD63F, 0xD63F, 0xD61F, 0xCDFF, 0xCDFF, 0xCDDF, 0xCDDF, 0xDE9F, 0xEF5F, 0xF77F, 0xEF5F, 0xEF3F, 0xEF3F, 0xEF3F, 0xEF3F, 0xEF3F,
  0xEF1F, 0xEF1F, 0xEF1F, 0xEF1F, 0xEEFF, 0xEEFF, 0xEEFF, 0xEEFF, 0xEEFF, 0xEEFF, 0xE6DF, 0xE6DF, 0xE6DF, 0xE6DF, 0xE6DF, 0xE6DF,
  0xE6DF, 0xE6DF, 0xE6DF, 0xEEDF, 0xEEDF, 0xEEDF, 0xE6DF, 0xE6DF, 0xE6DF, 0xE6DF, 0xE6DF, 0xE6DF, 0xE6DF, 0xE6DF, 0xE6DF, 0xE6DF,
  0xE6DF, 0xE6FF, 0xE6FF, 0xEEFF, 0xEEFF, 0xEEFF, 0xEEFF, 0xEEFF, 0xEF1F, 0xEF1F, 0xEF1F, 0xEF1F, 0xEF1F, 0xEF3F, 0xEF3F, 0xEF3F,
  0xF73F, 0xF75F, 0xF75F, 0xF75F, 0xF77F, 0xF77F, 0xFF9F, 0xF77F, 0xEEFF, 0xDE5F, 0xDE7F, 0xDE7F, 0xDEBF, 0xE6BF, 0xE6DF, 0xE6FF,
  0xEEFF, 0xEF1F, 0xEF1F, 0xEF1F, 0xEF1F, 0xEF1F, 0xEF1F, 0xEF3F, 0xEF3F, 0xEF3F, 0xEF1F, 0xEF1F, 0xEF1F, 0xEF1F, 0xE6FF, 0xE6DF,
  0xE6DF, 0xE6BF, 0xDE9F, 0xDE9F, 0xDE7F, 0xDE7F, 0xE6DF, 0xF75F, 0xF77F, 0xEF7F, 0xEF5F, 0xEF5F, 0xEF5F, 0xEF5F, 0xEF3F, 0xEF3F,
  0xEF3F, 0xEF5F, 0xEF3F, 0xEF3F, 0xEF3F, 0xEF3F, 0xEF3F, 0xEF3F, 0xEF3F, 0xEF3F, 0xEF3F, 0xEF3F, 0xEF3F, 0xEF3F, 0xEF3F, 0xEF3F,
  0xEF3F, 0xEF3F, 0xEF3F, 0xEF3F, 0xEF3F, 0xEF3F, 0xEF3F, 0xEF3F, 0xEF3F, 0xEF3F, 0xEF3F, 0xEF3F, 0xEF3F, 0xEF3F, 0xEF3F, 0xEF3F,
  0xEF3F, 0xEF3F, 0xEF3F, 0xEF3F, 0xEF3F, 0xEF3F, 0xEF3F, 0xEF3F, 0xEF3F, 0xEF3F, 0xEF3F, 0xEF3F, 0xEF3F, 0xEF5F, 0xEF5F, 0xEF5F,
  0xEF5F, 0xEF5F, 0xEF5F, 0xEF5F, 0xF75F, 0xF77F, 0xF77F, 0xE6FF, 0xDE5F, 0xD63F, 0xDE5F, 0xDE5F, 0xDE7F, 0xDE7F, 0xDE9F, 0xE6BF,
  0xE6BF, 0xE6DF, 0xE6DF, 0xE6DF, 0xE6DF, 0xE6DF, 0xE6FF, 0xE6FF, 0xE6FF, 0xE6FF, 0xE6FF, 0xE6FF, 0xE6FF, 0xE6FF, 0xEEFF, 0xEEFF,
  0xEEFF, 0xEEFF, 0xEEFF, 0xEF1F, 0xEF1F, 0xEF1F, 0xEF1F, 0xEF1F, 0xEF3F, 0xEF3F, 0xEF3F, 0xEF3F, 0xEF3F, 0xEF3F, 0xEF3F, 0xEF3F,
  0xEF5E, 0xEF3F, 0xEF3F, 0xEF3F, 0xEF3F, 0xEF3F, 0xEF3F, 0xEF3F, 0xEF1F, 0xEF1F, 0xEF1F, 0xEF1F, 0xEF1F, 0xEF1F, 0xEF1F, 0xEEFF,
  0xEEFF, 0xEF1F, 0xE6FF, 0xE6FF, 0xE6FF, 0xE6DF, 0xE6BF, 0xDEBF, 0xDEBF, 0xE6BF, 0xDE9F, 0xDE9F, 0xDE9F, 0xDE7F, 0xDE7F, 0xD65F,
  0xD65F, 0xD63F, 0xD61F, 0xD61F, 0xD5FF, 0xD5FF, 0xCDDF, 0xCDBF, 0xCE1E, 0xE6BF, 0xEF3F, 0xF75F, 0xEF5F, 0xEF5F, 0xEF3F, 0xEF3F,
  0xEF3F, 0xEF3F, 0xEF3F, 0xEF1F, 0xEF1F, 0xEF1F, 0xEF1F, 0xEF1F, 0xEF1F, 0xEEFF, 0xEEFF, 0xEEFF, 0xE6FF, 0xE6FF, 0xEEFF, 0xEEFF,
  0xEEFF, 0xEEFF, 0xEEFF, 0xEEFF, 0xEEFF, 0xEEFF, 0xEEFF, 0xEEFF, 0xEEFF, 0xEEFF, 0xEEFF, 0xEEFF, 0xEEFF, 0xEEFF, 0xEEFF, 0xEEFF,
  0xEEFF, 0xEEFF, 0xEEFF, 0xEEFF, 0xEEFF, 0xEEFF, 0xEF1F, 0xEF1F, 0xEF1F, 0xEF1F, 0xEF3F, 0xEF3F, 0xEF3F, 0xEF3F, 0xEF3F, 0xEF5F,
  0xEF5F, 0xEF5F, 0xF77F, 0xF77F, 0xF79F, 0xF77F, 0xEF1F, 0xE69F, 0xDE5F, 0xDE7F, 0xDE9F, 0xDE9F, 0xE6BF, 0xE6DF, 0xE6DF, 0xE6FF,
  0xEF1F, 0xEF1F, 0xEF1F, 0xEF1F, 0xEF1F, 0xEF1F, 0xEF3F, 0xEF3F, 0xEF3F, 0xEF3F, 0xEF1F, 0xEF1F, 0xEF1F, 0xEF1F, 0xEEFF, 0xE6FF,
  0xE6DF, 0xE6DF, 0xDEBF, 0xDE9F, 0xDE9F, 0xDE7F, 0xDE7F, 0xDE9F, 0xE6FF, 0xEF5F, 0xF77F, 0xF77F, 0xEF5F, 0xEF5F, 0xEF5F, 0xEF5F,
  0xEF5F, 0xEF5F, 0xEF3F, 0xEF3F, 0xEF3F, 0xEF3F, 0xEF3F, 0xEF3F, 0xEF3F, 0xEF3F, 0xEF3F, 0xEF3F, 0xEF3F, 0xEF3F, 0xEF3F, 0xEF3F,
  0xEF3F, 0xEF3F, 0xEF5F, 0xEF3F, 0xEF3F, 0xEF3F, 0xEF3F, 0xEF3F, 0xEF3F, 0xEF3F, 0xEF3F, 0xEF3F, 0xEF3F, 0xEF3F, 0xEF3F, 0xEF3F,
  0xEF3F, 0xEF3F, 0xEF3F, 0xEF3F, 0xEF3F, 0xEF3F, 0xEF3F, 0xEF3F, 0xEF3F, 0xEF3F, 0xEF3F, 0xEF3F, 0xEF5F, 0xEF5F, 0xEF5F, 0xEF5F,
  0xEF5F, 0xEF5F, 0xEF5F, 0xF77F, 0xF75F, 0xE6FF, 0xDE7F, 0xD63F, 0xD63F, 0xD65F, 0xD65F, 0xDE7F, 0xDE7F, 0xDE9F, 0xDEBF, 0xE6BF,
  0xE6DF, 0xE6DF, 0xE6DF, 0xE6DF, 0xE6DF, 0xE6DF, 0xE6FF, 0xE6FF, 0xE6FF, 0xE6FF, 0xE6FF, 0xE6FF, 0xE6FF, 0xE6FF, 0xEEFF, 0xEEFF,
  0xEEFF, 0xEF1F, 0xEF1F, 0xEF1F, 0xEF1F, 0xEF1F, 0xEF1F, 0xEF3F, 0xEF3F, 0xEF3F, 0xEF3F, 0xEF3F, 0xEF3F, 0xEF3F, 0xEF3F, 0xF75F,
  0xEF5E, 0xEF3F, 0xEF1F, 0xEF3F, 0xEF3F, 0xEF3F, 0xEF3F, 0xEF3F, 0xEF3F, 0xEF3F, 0xEF1F, 0xE71F, 0xEF1F, 0xEF1F, 0xEF1F, 0xEF1F,
  0xEEFF, 0xEEFF, 0xEF1F, 0xE6FF, 0xE6FF, 0xE6DF, 0xE6DF, 0xE6BF, 0xE6BF, 0xE6BF, 0xE6BF, 0xDE9F, 0xDE9F, 0xDE9F, 0xDE7F, 0xDE7F,
  0xD65F, 0xD65F, 0xD63F, 0xD61F, 0xD61F, 0xCDFF, 0xCDFF, 0xCDDF, 0xC5BF, 0xC59F, 0xCDDF, 0xDE7F, 0xE6FF, 0xEF3F, 0xEF5F, 0xEF5F,
  0xEF5F, 0xEF5F, 0xEF5F, 0xEF3F, 0xEF3F, 0xEF3F, 0xEF3F, 0xEF3F, 0xEF3F, 0xEF3F, 0xEF3F, 0xEF1F, 0xEF1F, 0xEF1F, 0xEF3F, 0xEF3F,
  0xEF3F, 0xEF3F, 0xEF3F, 0xEF3F, 0xEF3F, 0xF73F, 0xF73F, 0xF73F, 0xF73F, 0xF73F, 0xF73F, 0xF73F, 0xF73F, 0xF73F, 0xEF3F, 0xEF3F,
  0xEF3F, 0xEF3F, 0xEF3F, 0xEF3F, 0xEF3F, 0xEF3F, 0xEF3F, 0xEF3F, 0xEF3F, 0xEF5F, 0xF75F, 0xF75F, 0xF75F, 0xF75F, 0xF77F, 0xF77F,
  0xF77F, 0xF77F, 0xF75F, 0xEF3F, 0xE6FF, 0xDE9F, 0xDE5F, 0xDE7F, 0xE69F, 0xDE9F, 0xE6BF, 0xE6BF, 0xE6DF, 0xE6DF, 0xE6FF, 0xEEFF,
  0xEF1F, 0xEF1F, 0xEF1F, 0xEF1F, 0xEF3F, 0xEF3F, 0xEF3F, 0xEF3F, 0xEF3F, 0xEF3F, 0xEF3F, 0xEF3F, 0xEF1F, 0xEEFF, 0xEEFF, 0xE6FF,
  0xE6FF, 0xE6DF, 0xE6DF, 0xE6BF, 0xDE9F, 0xDE9F, 0xDE9F, 0xDE7F, 0xDE7F, 0xDE7F, 0xE6DF, 0xEF1F, 0xEF3F, 0xF75F, 0xF77F, 0xF77F,
  0xF75F, 0xF75F, 0xF77F, 0xF77F, 0xEF5F, 0xEF5F, 0xEF5F, 0xEF5F, 0xEF5F, 0xEF5F, 0xEF5F, 0xEF5F, 0xF75F, 0xEF5F, 0xF77F, 0xF77F,
  0xF77F, 0xF77F, 0xF77F, 0xF77F, 0xF77F, 0xF77F, 0xF77F, 0xF77F, 0xF77F, 0xF77F, 0xF77F, 0xF77F, 0xF77F, 0xF77F, 0xF75F, 0xF75F,
  0xEF5F, 0xEF5F, 0xEF5F, 0xEF5F, 0xEF5F, 0xEF5F, 0xEF5F, 0xEF5F, 0xEF5F, 0xEF5F, 0xEF5F, 0xF75F, 0xF77F, 0xF77F, 0xF77F, 0xF77F,
  0xF77F, 0xEF5F, 0xEF1F, 0xE6BF, 0xD65F, 0xD61F, 0xD63F, 0xD63F, 0xD65F, 0xD65F, 0xDE7F, 0xDE7F, 0xDE9F, 0xDE9F, 0xE6BF, 0xE6DF,
  0xE6DF, 0xE6DF, 0xE6DF, 0xE6DF, 0xE6DF, 0xE6FF, 0xE6FF, 0xE6FF, 0xE6FF, 0xE6FF, 0xE6FF, 0xE6FF, 0xEEFF, 0xEEFF, 0xEEFF, 0xEEFF,
  0xEEFF, 0xEF1F, 0xEF1F, 0xEF1F, 0xEF1F, 0xEF1F, 0xEF3F, 0xEF3F, 0xEF3F, 0xEF3F, 0xEF3F, 0xEF3F, 0xF75F, 0xF75F, 0xF73F, 0xF75F,
  0xEF3E, 0xEF3F, 0xEF3F, 0xEF3F, 0xEF3F, 0xEF3F, 0xEF3F, 0xEF3F, 0xEF3F, 0xEF3F, 0xEF1F, 0xEF1F, 0xEF1F, 0xEF1F, 0xEF1F, 0xEF1F,
  0xEF1F, 0xEEFF, 0xEEFF, 0xEF1F, 0xE6FF, 0xE6DF, 0xE6DF, 0xE6DF, 0xE6DF, 0xE6BF, 0xE6BF, 0xDEBF, 0xDE9F, 0xDE9F, 0xDE9F, 0xDE7F,
  0xDE7F, 0xDE5F, 0xD65F, 0xD63F, 0xD61F, 0xCE1F, 0xCDFF, 0xCDFF, 0xCDDF, 0xCDDF, 0xCDBF, 0xC59F, 0xC5BF, 0xCDDF, 0xD61F, 0xDE7F,
  0xDE9F, 0xE6BF, 0xE6DF, 0xE6DF, 0xE6BF, 0xE6BF, 0xE6BF, 0xE6BF, 0xDE9F, 0xE69F, 0xDE9F, 0xDE9F, 0xE69F, 0xE6BF, 0xE6BF, 0xE6BF,
  0xE6BF, 0xE6DF, 0xE6DF, 0xE6DF, 0xEEDF, 0xEEFF, 0xEEDF, 0xE6DF, 0xEEDF, 0xEEDF, 0xEEFF, 0xEEFF, 0xEEDF, 0xE6DF, 0xE6DF, 0xE6BF,
  0xE6BF, 0xE6BF, 0xE6BF, 0xE6BF, 0xE6BF, 0xE6BF, 0xE6DF, 0xE6DF, 0xE6DF, 0xE6FF, 0xEEFF, 0xEEFF, 0xEEFF, 0xEEFF, 0xEEFF, 0xE6FF,
  0xE6DF, 0xDE9F, 0xDE7F, 0xDE5F, 0xDE5F, 0xDE7F, 0xDE7F, 0xDE9F, 0xE69F, 0xE6BF, 0xE6DF, 0xE6DF, 0xE6FF, 0xE6FF, 0xEF1F, 0xEF1F,
  0xEF1F, 0xEF1F, 0xEF1F, 0xEF1F, 0xEF1F, 0xEF1F, 0xEF3F, 0xEF3F, 0xEF3F, 0xEF3F, 0xEF3F, 0xEF1F, 0xEF3F, 0xEF1F, 0xEF1F, 0xEF1F,
  0xE6FF, 0xE6FF, 0xE6DF, 0xE6DF, 0xE6BF, 0xE6BF, 0xDE9F, 0xDE9F, 0xDE7F, 0xDE7F, 0xD65F, 0xDE5F, 0xDE5F, 0xDE9F, 0xE6BF, 0xE6FF,
  0xE6FF, 0xEF1F, 0xEF1F, 0xEF1F, 0xEF1F, 0xE6FF, 0xE6FF, 0xE6FF, 0xE6FF, 0xE6FF, 0xE6FF, 0xE6FF, 0xE6FF, 0xE6FF, 0xE71F, 0xEF1F,
  0xEF1F, 0xEF3F, 0xEF3F, 0xEF3F, 0xEF1F, 0xEF1F, 0xEF1F, 0xEF1F, 0xEF1F, 0xEF1F, 0xEF1F, 0xEF1F, 0xEEFF, 0xE6FF, 0xE6FF, 0xE6FF,
  0xE6DF, 0xE6DF, 0xE6DF, 0xE6DF, 0xE6DF, 0xE6DF, 0xE6FF, 0xE6FF, 0xE6FF, 0xE6FF, 0xE6FF, 0xE6FF, 0xEF1F, 0xE6FF, 0xE6DF, 0xDEBF,
  0xDE7F, 0xD65F, 0xD61F, 0xD61F, 0xD61F, 0xD63F, 0xD63F, 0xDE5F, 0xD65F, 0xDE7F, 0xDE7F, 0xDE9F, 0xDE9F, 0xE6BF, 0xE6BF, 0xE6DF,
  0xE6DF, 0xE6DF, 0xE6DF, 0xE6DF, 0xE6FF, 0xE6FF, 0xE6FF, 0xE6FF, 0xE6FF, 0xE6FF, 0xE6FF, 0xEF1F, 0xEEFF, 0xE6FF, 0xE6FF, 0xEEFF,
  0xEF1F, 0xEF1F, 0xEF1F, 0xEF1F, 0xEF1F, 0xEF1F, 0xEF3F, 0xEF3F, 0xEF3F, 0xEF3F, 0xEF3F, 0xEF3F, 0xF75F, 0xF75F, 0xF75F, 0xF75F,
  0xDEBE, 0xDEBF, 0xE6DF, 0xEEFF, 0xEF1F, 0xEF3F, 0xEF3F, 0xEF3F, 0xEF3F, 0xEF1F, 0xEF1F, 0xEF1F, 0xEF1F, 0xEF1F, 0xEF1F, 0xEF1F,
  0xEF1F, 0xEF1F, 0xEEFF, 0xEF1F, 0xEEFF, 0xE6FF, 0xE6DF, 0xE6DF, 0xE6DF, 0xE6DF, 0xE6BF, 0xE6BF, 0xDEBF, 0xDEBF, 0xDE9F, 0xDE9F,
  0xDE7F, 0xDE7F, 0xDE7F, 0xD65F, 0xD63F, 0xD63F, 0xD61F, 0xD61F, 0xCDFF, 0xCDDF, 0xCDDF, 0xCDDF, 0xCDDF, 0xC5BF, 0xC59F, 0xC59F,
  0xC59F, 0xC59F, 0xC59F, 0xC59F, 0xC59F, 0xCD9F, 0xCD9F, 0xCD9F, 0xC59F, 0xC59F, 0xCD9F, 0xCDBF, 0xCD9F, 0xCD9F, 0xCD9F, 0xCD9F,
  0xCD9F, 0xCD9F, 0xCD9F, 0xCD9F, 0xCD9F, 0xCD9F, 0xCD9F, 0xC59F, 0xCD9F, 0xCD9F, 0xCDBF, 0xCDBF, 0xCDBF, 0xCDBF, 0xCDBF, 0xCDBF,
  0xCDBF, 0xCDBF, 0xCDBF, 0xCDDF, 0xCDDF, 0xCDDF, 0xD5FF, 0xD5FF, 0xD5FF, 0xD5FF, 0xD61F, 0xD61F, 0xD61F, 0xD61F, 0xD61F, 0xD63F,
  0xD63F, 0xD65F, 0xDE7F, 0xDE7F, 0xDE9F, 0xDE9F, 0xDE9F, 0xDE9F, 0xE6BF, 0xE6DF, 0xE6DF, 0xE6FF, 0xE6FF, 0xE71F, 0xE71F, 0xE71F,
  0xEF1F, 0xEF1F, 0xEF1F, 0xEF1F, 0xEF3F, 0xEF3F, 0xEF3F, 0xEF3F, 0xEF1F, 0xEF1F, 0xEF1F, 0xEF1F, 0xEF3F, 0xEF1F, 0xEF1F, 0xE71F,
  0xEF1F, 0xEEFF, 0xE6FF, 0xE6DF, 0xE6DF, 0xE6BF, 0xE6BF, 0xDE9F, 0xDE9F, 0xDE9F, 0xDE7F, 0xDE7F, 0xDE5F, 0xD65F, 0xD63F, 0xD63F,
  0xD63F, 0xD63F, 0xD63F, 0xD63F, 0xD63F, 0xD63F, 0xD61F, 0xD61F, 0xD61F, 0xD61F, 0xD61F, 0xD61F, 0xD61F, 0xD61F, 0xD61F, 0xD61F,
  0xCE1F, 0xD61F, 0xD61F, 0xD61F, 0xD61F, 0xCDFF, 0xCDFF, 0xCDFF, 0xCDFF, 0xCDFF, 0xCDFF, 0xCDFF, 0xCDFF, 0xCDFF, 0xCDFF, 0xCDFF,
  0xCDDF, 0xCDDF, 0xCDDF, 0xCDDF, 0xCDDF, 0xCDDF, 0xCDFF, 0xCDFF, 0xCDFF, 0xCDFF, 0xCDFF, 0xCDFF, 0xCE1F, 0xD61F, 0xD61F, 0xD61F,
  0xD61F, 0xD63F, 0xD63F, 0xD63F, 0xD65F, 0xD65F, 0xD65F, 0xDE7F, 0xDE7F, 0xDE7F, 0xDE9F, 0xDE9F, 0xE6BF, 0xE6BF, 0xE6DF, 0xE6DF,
  0xE6DF, 0xE6DF, 0xE6DF, 0xE6DF, 0xE6FF, 0xE6FF, 0xE6FF, 0xE6FF, 0xE6FF, 0xEEFF, 0xEEFF, 0xEEFF, 0xEEFF, 0xE6DF, 0xBD3D, 0xEEFF,
  0xEF1F, 0xEF1F, 0xEF1F, 0xEF1F, 0xEF1F, 0xEF3F, 0xEF3F, 0xEF3F, 0xEF3F, 0xEF3F, 0xF75F, 0xF75F, 0xF75F, 0xF75F, 0xF75F, 0xF77F,
  0xDE9E, 0xDE9F, 0xDE9F, 0xDE9F, 0xDE9F, 0xE6BF, 0xE6DF, 0xEF1F, 0xEF3F, 0xEF3F, 0xEF3F, 0xEF1F, 0xEF1F, 0xEF1F, 0xEF1F, 0xEF1F,
  0xEF1F, 0xEF1F, 0xEF1F, 0xEF1F, 0xEF1F, 0xE6FF, 0xE6FF, 0xE6DF, 0xE6DF, 0xE6DF, 0xE6DF, 0xE6DF, 0xE6DF, 0xE6BF, 0xE6BF, 0xE6BF,
  0xDE9F, 0xDE9F, 0xDE7F, 0xDE7F, 0xD65F, 0xD65F, 0xD63F, 0xD63F, 0xD61F, 0xD61F, 0xCDFF, 0xCDFF, 0xCDDF, 0xCDDF, 0xCDDF, 0xCDDF,
  0xCDDF, 0xCDDF, 0xCDDF, 0xCDDF, 0xCDDF, 0xCDDF, 0xCDFF, 0xCDDF, 0xCDDF, 0xCDDF, 0xCDDF, 0xCDDF, 0xCDDF, 0xCDDF, 0xCDDF, 0xCDDF,
  0xCDDF, 0xCDDF, 0xCDDF, 0xCDDF, 0xCDDF, 0xCDDF, 0xCDDF, 0xCDDF, 0xCDFF, 0xD5FF, 0xD5FF, 0xD5FF, 0xD5FF, 0xD5FF, 0xD5FF, 0xD5FF,
  0xD5FF, 0xD61F, 0xD61F, 0xD61F, 0xD61F, 0xD61F, 0xD63F, 0xD63F, 0xD63F, 0xD63F, 0xD63F, 0xD63F, 0xD65F, 0xD65F, 0xDE5F, 0xDE5F,
  0xDE7F, 0xDE7F, 0xDE9F, 0xDE9F, 0xDE9F, 0xE6BF, 0xE6BF, 0xE6DF, 0xE6DF, 0xE6FF, 0xE6FF, 0xE6FF, 0xEF1F, 0xEF1F, 0xEF1F, 0xEF1F,
  0xEF3F, 0xEF3F, 0xEF3F, 0xEF3F, 0xEF3F, 0xEF3F, 0xEF3F, 0xEF3F, 0xEF3F, 0xEF1F, 0xEF1F, 0xEF3F, 0xEF3F, 0xEF1F, 0xEF1F, 0xEF1F,
  0xEF1F, 0xEEFF, 0xEEFF, 0xE6FF, 0xE6DF, 0xE6DF, 0xE6DF, 0xE6BF, 0xE6BF, 0xDEBF, 0xDE9F, 0xDE9F, 0xDE9F, 0xDE7F, 0xDE7F, 0xDE7F,
  0xDE7F, 0xDE7F, 0xDE7F, 0xD65F, 0xD65F, 0xD65F, 0xD65F, 0xD65F, 0xD65F, 0xD65F, 0xD65F, 0xD65F, 0xD63F, 0xD63F, 0xD63F, 0xD63F,
  0xD63F, 0xD63F, 0xD63F, 0xD63F, 0xD63F, 0xD63F, 0xD63F, 0xD63F, 0xD61F, 0xD61F, 0xD63F, 0xD63F, 0xD63F, 0xD63F, 0xD63F, 0xD63F,
  0xD61F, 0xD61F, 0xD61F, 0xD61F, 0xD61F, 0xD61F, 0xD61F, 0xD61F, 0xD61F, 0xD61F, 0xD61F, 0xD63F, 0xD63F, 0xD63F, 0xD63F, 0xD63F,
  0xD63F, 0xD65F, 0xD65F, 0xD65F, 0xD65F, 0xDE7F, 0xDE7F, 0xDE7F, 0xDE9F, 0xDE9F, 0xDE9F, 0xE6BF, 0xE6BF, 0xE6DF, 0xE6DF, 0xE6DF,
  0xE6DF, 0xE6DF, 0xE6FF, 0xE6FF, 0xE6FF, 0xE6FF, 0xE6FF, 0xEEFF, 0xE6FF, 0xE71F, 0xE6FF, 0xE6DF, 0xEF3F, 0xDDFF, 0x827D, 0xEEDF,
  0xEF3F, 0xE71F, 0xEF1F, 0xEF1F, 0xEF3F, 0xEF3F, 0xEF3F, 0xEF3F, 0xF75F, 0xF75F, 0xF75F, 0xF75F, 0xF75F, 0xF75F, 0xF77F, 0xF77F,
  0xDE9E, 0xDE9F, 0xDE9F, 0xDE9F, 0xDE9F, 0xDE7F, 0xDE7F, 0xDE9F, 0xDE9F, 0xE6DF, 0xEF1F, 0xEF3F, 0xEF3F, 0xEF3F, 0xEF3F, 0xEF1F,
  0xEF3F, 0xEF3F, 0xEF3F, 0xEF3F, 0xEF1F, 0xEF1F, 0xE6FF, 0xE6FF, 0xE6FF, 0xE6FF, 0xE6DF, 0xE6DF, 0xE6DF, 0xE6DF, 0xE6BF, 0xE6BF,
  0xDEBF, 0xDE9F, 0xDE9F, 0xDE7F, 0xDE7F, 0xD65F, 0xD65F, 0xD65F, 0xD63F, 0xD63F, 0xD61F, 0xD61F, 0xCE1F, 0xCDFF, 0xCDFF, 0xCDFF,
  0xCDFF, 0xCDFF, 0xCDFF, 0xCDFF, 0xCDFF, 0xCDFF, 0xCDFF, 0xCDFF, 0xCDFF, 0xCDFF, 0xCDFF, 0xCE1F, 0xCE1F, 0xD5FF, 0xD5FF, 0xCDFF,
  0xCDFF, 0xD5FF, 0xD5FF, 0xD5FF, 0xD61F, 0xD5FF, 0xD61F, 0xD61F, 0xD61F, 0xD61F, 0xD61F, 0xD63F, 0xD63F, 0xD63F, 0xD63F, 0xD63F,
  0xD63F, 0xD63F, 0xD63F, 0xD63F, 0xD65F, 0xD65F, 0xD65F, 0xD65F, 0xD65F, 0xDE5F, 0xDE7F, 0xDE7F, 0xDE7F, 0xDE7F, 0xDE7F, 0xDE9F,
  0xDE9F, 0xDE9F, 0xDE9F, 0xE6BF, 0xE6BF, 0xE6DF, 0xE6DF, 0xE6DF, 0xE6FF, 0xE6FF, 0xEEFF, 0xEEFF, 0xEF1F, 0xEF1F, 0xEF1F, 0xEF1F,
  0xEF3F, 0xEF3F, 0xEF3F, 0xEF3F, 0xEF3F, 0xEF3F, 0xEF3F, 0xEF3F, 0xEF3F, 0xEF3F, 0xEF3F, 0xEF1F, 0xEF3F, 0xEF3F, 0xEF3F, 0xEF1F,
  0xEF1F, 0xEF1F, 0xEF1F, 0xEF1F, 0xE6FF, 0xE6FF, 0xE6DF, 0xE6DF, 0xE6DF, 0xE6BF, 0xE6BF, 0xDEBF, 0xDE9F, 0xDE9F, 0xDE9F, 0xDE9F,
  0xDE9F, 0xDE9F, 0xDE7F, 0xDE7F, 0xDE7F, 0xDE7F, 0xDE7F, 0xDE7F, 0xDE7F, 0xDE7F, 0xDE7F, 0xD65F, 0xDE7F, 0xDE5F, 0xDE7F, 0xDE5F,
  0xD65F, 0xDE5F, 0xD65F, 0xD65F, 0xD65F, 0xD65F, 0xD65F, 0xD65F, 0xD65F, 0xD65F, 0xD65F, 0xD65F, 0xD65F, 0xD65F, 0xD65F, 0xD65F,
  0xD65F, 0xD65F, 0xD63F, 0xD63F, 0xD63F, 0xD63F, 0xD63F, 0xD63F, 0xD63F, 0xD63F, 0xD63F, 0xD63F, 0xD65F, 0xD65F, 0xD65F, 0xD65F,
  0xDE7F, 0xDE7F, 0xDE7F, 0xDE7F, 0xDE7F, 0xDE7F, 0xDE9F, 0xDE9F, 0xDE9F, 0xDEBF, 0xE6BF, 0xE6BF, 0xE6DF, 0xE6DF, 0xE6DF, 0xE6DF,
  0xE6DF, 0xE6FF, 0xE6FF, 0xE6FF, 0xE6FF, 0xEEFF, 0xEEFF, 0xEEFF, 0xEEFF, 0xE6FF, 0xEF3F, 0xF77F, 0xEEFF, 0x935D, 0x613F, 0xA3FE,
  0xF77F, 0xF77F, 0xEF3F, 0xEF3F, 0xEF3F, 0xEF3F, 0xEF3F, 0xEF3F, 0xF75F, 0xF75F, 0xF75F, 0xF75F, 0xF75F, 0xF75F, 0xF75F, 0xF77F,
  0xDE9E, 0xDE9F, 0xDE9F, 0xDE9F, 0xDE9F, 0xDE7F, 0xDE7F, 0xDE7F, 0xDE7F, 0xDE7F, 0xDE7F, 0xDE9F, 0xE6DF, 0xEF1F, 0xEF3F, 0xF75F,
  0xEF3F, 0xEF3F, 0xEF3F, 0xEF3F, 0xEF3F, 0xEF1F, 0xEF1F, 0xE6FF, 0xEEFF, 0xEEFF, 0xE6FF, 0xE6FF, 0xE6DF, 0xE6DF, 0xE6DF, 0xE6BF,
  0xE6BF, 0xDEBF, 0xDE9F, 0xDE9F, 0xDE7F, 0xDE7F, 0xDE7F, 0xD67F, 0xD65F, 0xD63F, 0xD63F, 0xD63F, 0xD63F, 0xD61F, 0xD61F, 0xD61F,
  0xD61F, 0xD61F, 0xD61F, 0xD61F, 0xD61F, 0xD61F, 0xD61F, 0xD61F, 0xD61F, 0xD61F, 0xD61F, 0xD61F, 0xD61F, 0xD63F, 0xD63F, 0xD63F,
  0xD63F, 0xD63F, 0xD63F, 0xD63F, 0xD63F, 0xD63F, 0xD63F, 0xD63F, 0xD63F, 0xD63F, 0xD65F, 0xD65F, 0xDE5F, 0xDE5F, 0xDE5F, 0xDE5F,
  0xDE5F, 0xDE7F, 0xDE5F, 0xDE7F, 0xDE7F, 0xDE7F, 0xDE7F, 0xDE7F, 0xDE7F, 0xDE9F, 0xDE9F, 0xDE9F, 0xDE9F, 0xDE9F, 0xDE9F, 0xDEBF,
  0xDEBF, 0xE6BF, 0xE6BF, 0xE6DF, 0xE6DF, 0xE6DF, 0xE6DF, 0xE6FF, 0xE6FF, 0xE6FF, 0xEF1F, 0xEF1F, 0xEF1F, 0xEF1F, 0xEF3F, 0xEF3F,
  0xEF3F, 0xEF3F, 0xEF3F, 0xEF3F, 0xEF3F, 0xEF3F, 0xEF3F, 0xEF3F, 0xEF1F, 0xEF3F, 0xEF3F, 0xEF1F, 0xEF3F, 0xEF3F, 0xEF3F, 0xEF3F,
  0xEF1F, 0xEF1F, 0xEF1F, 0xEF1F, 0xEEFF, 0xE6FF, 0xE6FF, 0xE6FF, 0xE6DF, 0xE6DF, 0xE6DF, 0xE6DF, 0xE6BF, 0xE6BF, 0xE6BF, 0xE6BF,
  0xDEBF, 0xDEBF, 0xDE9F, 0xDE9F, 0xDE9F, 0xDE9F, 0xDE9F, 0xDE9F, 0xDE9F, 0xDE9F, 0xDE9F, 0xDE9F, 0xDE9F, 0xDE9F, 0xDE9F, 0xDE7F,
  0xDE7F, 0xDE7F, 0xDE7F, 0xDE7F, 0xDE7F, 0xDE7F, 0xDE7F, 0xDE7F, 0xDE7F, 0xDE7F, 0xDE7F, 0xDE7F, 0xDE7F, 0xDE7F, 0xDE7F, 0xDE7F,
  0xDE7F, 0xDE7F, 0xDE7F, 0xD65F, 0xD65F, 0xD65F, 0xD65F, 0xD65F, 0xD65F, 0xD65F, 0xD65F, 0xD65F, 0xD65F, 0xD65F, 0xDE7F, 0xDE7F,
  0xDE7F, 0xDE7F, 0xDE7F, 0xDE9F, 0xDE9F, 0xDE9F, 0xDE9F, 0xE6BF, 0xE6BF, 0xE6BF, 0xE6DF, 0xE6DF, 0xE6DF, 0xE6DF, 0xE6DF, 0xE6DF,
  0xE6DF, 0xE6FF, 0xE6FF, 0xE6FF, 0xEEFF, 0xEEFF, 0xEEFF, 0xEEFF, 0xEF1F, 0xEEFF, 0xDE3E, 0xB47D, 0x827E, 0x719F, 0x71BF, 0x71BF,
  0x8AFE, 0xC51D, 0xE67E, 0xF73F, 0xEF3F, 0xEF3F, 0xEF5F, 0xF75F, 0xF75F, 0xF75F, 0xF75F, 0xF75F, 0xF77F, 0xF77F, 0xF77F, 0xF77F,
  0xDEBE, 0xDE9F, 0xDE9F, 0xDE7F, 0xDE7F, 0xDE7F, 0xDE7F, 0xDE7F, 0xDE7F, 0xDE7F, 0xDE7F, 0xDE7F, 0xDE7F, 0xDE7F, 0xDE9F, 0xE6DF,
  0xEF3F, 0xF75F, 0xF75F, 0xEF3F, 0xEF3F, 0xEF3F, 0xEF3F, 0xEF1F, 0xEF1F, 0xEF1F, 0xE6FF, 0xE6FF, 0xE6FF, 0xE6DF, 0xE6DF, 0xE6DF,
  0xE6BF, 0xE6BF, 0xDEBF, 0xDE9F, 0xDE9F, 0xDE9F, 0xDE9F, 0xDE7F, 0xDE7F, 0xD65F, 0xD65F, 0xD65F, 0xD65F, 0xD63F, 0xD63F, 0xD63F,
  0xD63F, 0xD63F, 0xD63F, 0xD63F, 0xD63F, 0xD63F, 0xD63F, 0xD63F, 0xD63F, 0xD63F, 0xD63F, 0xD63F, 0xD63F, 0xD63F, 0xD63F, 0xD65F,
  0xD65F, 0xD65F, 0xDE5F, 0xDE5F, 0xDE5F, 0xDE5F, 0xDE5F, 0xDE5F, 0xDE5F, 0xDE5F, 0xDE7F, 0xDE7F, 0xDE7F, 0xDE7F, 0xDE7F, 0xDE7F,
  0xDE9F, 0xDE9F, 0xDE7F, 0xDE9F, 0xDE9F, 0xDE9F, 0xDE9F, 0xDE9F, 0xDE9F, 0xDE9F, 0xDEBF, 0xDEBF, 0xE6BF, 0xE6BF, 0xE6BF, 0xE6BF,
  0xE6DF, 0xE6DF, 0xE6DF, 0xE6DF, 0xE6DF, 0xE6FF, 0xE6FF, 0xEEFF, 0xEF1F, 0xEF1F, 0xEF1F, 0xEF1F, 0xEF1F, 0xEF3F, 0xEF3F, 0xEF3F,
  0xEF3F, 0xEF3F, 0xEF3F, 0xEF3F, 0xEF3F, 0xEF3F, 0xEF3F, 0xEF3F, 0xEF3F, 0xEF3F, 0xEF3F, 0xEF3F, 0xEF3F, 0xEF3F, 0xEF3F, 0xEF3F,
  0xEF3F, 0xEF3F, 0xEF1F, 0xEF1F, 0xE71F, 0xEF1F, 0xEEFF, 0xE6FF, 0xE6FF, 0xE6FF, 0xE6FF, 0xE6DF, 0xE6DF, 0xE6DF, 0xE6DF, 0xE6DF,
  0xE6DF, 0xE6DF, 0xE6BF, 0xE6BF, 0xE6BF, 0xE6BF, 0xE6BF, 0xE6BF, 0xDEBF, 0xDEBF, 0xDEBF, 0xDEBF, 0xDEBF, 0xDEBF, 0xDE9F, 0xDE9F,
  0xDE9F, 0xDE9F, 0xDE9F, 0xDE9F, 0xDE9F, 0xDE9F, 0xDE9F, 0xDE9F, 0xDE9F, 0xDE9F, 0xDE9F, 0xDE9F, 0xDE9F, 0xDE9F, 0xDE9F, 0xDE7F,
  0xDE7F, 0xDE9F, 0xDE7F, 0xDE7F, 0xDE7F, 0xDE7F, 0xDE7F, 0xDE7F, 0xDE7F, 0xDE7F, 0xDE7F, 0xDE7F, 0xDE7F, 0xDE7F, 0xDE7F, 0xDE9F,
  0xDE9F, 0xDE9F, 0xDE9F, 0xDE9F, 0xDEBF, 0xDEBF, 0xE6BF, 0xE6BF, 0xE6DF, 0xE6DF, 0xE6DF, 0xE6DF, 0xE6DF, 0xE6DF, 0xE6DF, 0xE6FF,
  0xE6FF, 0xE6FF, 0xE6FF, 0xEEFF, 0xEEFF, 0xEEFF, 0xEEFF, 0xEF1F, 0xEF1F, 0xEF1F, 0xD63E, 0xB49E, 0x829E, 0x719E, 0x71BF, 0x699F,
  0x8AFD, 0xC51D, 0xE67E, 0xEF3F, 0xEF3F, 0xEF3F, 0xEF5F, 0xF75F, 0xF75F, 0xF75F, 0xF75F, 0xF75F, 0xF77F, 0xF77F, 0xF77F, 0xF77F,
  0xDEBE, 0xDE9F, 0xDE9F, 0xDE7F, 0xDE7F, 0xDE7F, 0xDE7F, 0xDE7F, 0xDE7F, 0xDE7F, 0xDE7F, 0xDE7F, 0xDE7F, 0xDE7F, 0xDE7F, 0xDE7F,
  0xDE7F, 0xE6BF, 0xEF1F, 0xF77F, 0xF77F, 0xF75F, 0xEF5F, 0xEF3F, 0xEF1F, 0xEF1F, 0xEF1F, 0xEEFF, 0xE6FF, 0xE6FF, 0xE6DF, 0xE6DF,
  0xE6DF, 0xE6BF, 0xDEBF, 0xDEBF, 0xDE9F, 0xDE9F, 0xDE9F, 0xDE9F, 0xDE7F, 0xDE7F, 0xDE7F, 0xDE7F, 0xD65F, 0xD65F, 0xD65F, 0xD65F,
  0xD65F, 0xD63F, 0xD63F, 0xD63F, 0xD63F, 0xD65F, 0xD65F, 0xD65F, 0xDE5F, 0xDE5F, 0xDE5F, 0xDE5F, 0xDE5F, 0xDE5F, 0xDE5F, 0xDE7F,
  0xDE7F, 0xDE7F, 0xDE7F, 0xDE7F, 0xDE7F, 0xDE7F, 0xDE7F, 0xDE7F, 0xDE7F, 0xDE7F, 0xDE9F, 0xDE9F, 0xDE9F, 0xDE9F, 0xDE9F, 0xDE9F,
  0xDE9F, 0xDE9F, 0xDE9F, 0xDEBF, 0xDEBF, 0xDEBF, 0xE6BF, 0xE6BF, 0xE6BF, 0xE6BF, 0xE6BF, 0xE6BF, 0xE6DF, 0xE6BF, 0xE6DF, 0xE6DF,
  0xE6DF, 0xE6DF, 0xE6DF, 0xE6FF, 0xE6FF, 0xE6FF, 0xEF1F, 0xEEFF, 0xEF1F, 0xEF1F, 0xEF1F, 0xEF1F, 0xEF1F, 0xEF3F, 0xEF3F, 0xEF3F,
  0xEF3F, 0xEF3F, 0xEF3F, 0xEF3F, 0xEF3F, 0xEF3F, 0xEF3F, 0xEF3F, 0xEF3F, 0xEF3F, 0xEF3F, 0xEF3F, 0xEF3F, 0xEF3F, 0xEF3F, 0xEF3F,
  0xEF3F, 0xEF3F, 0xEF1F, 0xEF1F, 0xEF1F, 0xEF1F, 0xEF1F, 0xEF1F, 0xEEFF, 0xE6FF, 0xE6FF, 0xE6FF, 0xE6DF, 0xE6DF, 0xE6DF, 0xE6DF,
  0xE6DF, 0xE6DF, 0xE6DF, 0xE6DF, 0xE6DF, 0xE6DF, 0xE6DF, 0xE6BF, 0xE6BF, 0xE6BF, 0xE6BF, 0xE6BF, 0xE6BF, 0xE6BF, 0xDEBF, 0xE6BF,
  0xE6BF, 0xE6BF, 0xDEBF, 0xE6BF, 0xE6BF, 0xDEBF, 0xDEBF, 0xDEBF, 0xDE9F, 0xDE9F, 0xDE9F, 0xDE9F, 0xDE9F, 0xDE9F, 0xDE9F, 0xDE9F,
  0xDE9F, 0xDE9F, 0xDE9F, 0xDE9F, 0xDE9F, 0xDE9F, 0xDE9F, 0xDE9F, 0xDE9F, 0xDE9F, 0xDE9F, 0xDE7F, 0xDE9F, 0xDE9F, 0xDE9F, 0xDE9F,
  0xDE9F, 0xDE9F, 0xDE9F, 0xDEBF, 0xE6BF, 0xE6BF, 0xE6BF, 0xE6DF, 0xE6DF, 0xE6DF, 0xE6DF, 0xE6DF, 0xE6FF, 0xE6DF, 0xE6FF, 0xE6FF,
  0xE6FF, 0xE6FF, 0xEEFF, 0xEEFF, 0xEF1F, 0xEF1F, 0xEF1F, 0xEF1F, 0xEF1F, 0xEF1F, 0xEF3F, 0xF79F, 0xEEFF, 0x933D, 0x611E, 0xA3DE,
  0xFF7F, 0xF79F, 0xF75F, 0xEF5F, 0xEF5F, 0xEF5F, 0xF75F, 0xF75F, 0xF75F, 0xF75F, 0xF77F, 0xF77F, 0xF77F, 0xF77F, 0xF77F, 0xF79F,
  0xDEBE, 0xDE9F, 0xDE7F, 0xDE7F, 0xDE7F, 0xDE7F, 0xDE7F, 0xDE7F, 0xDE7F, 0xDE7F, 0xDE7F, 0xDE7F, 0xDE7F, 0xDE7F, 0xDE7F, 0xDE7F,
  0xDE7F, 0xDE7F, 0xDE7F, 0xDEBF, 0xEEFF, 0xF77F, 0xF79F, 0xF77F, 0xEF5F, 0xEF1F, 0xEF1F, 0xEF1F, 0xEEFF, 0xEEFF, 0xE6FF, 0xE6DF,
  0xE6DF, 0xE6DF, 0xE6BF, 0xE6BF, 0xE6BF, 0xE6BF, 0xDE9F, 0xDE9F, 0xDE9F, 0xDE9F, 0xDE7F, 0xDE7F, 0xDE7F, 0xD65F, 0xD65F, 0xD65F,
  0xD65F, 0xD65F, 0xD65F, 0xD65F, 0xD65F, 0xD65F, 0xDE5F, 0xDE5F, 0xDE5F, 0xDE5F, 0xDE5F, 0xDE5F, 0xDE5F, 0xDE7F, 0xDE7F, 0xDE7F,
  0xDE7F, 0xDE7F, 0xDE7F, 0xDE7F, 0xDE9F, 0xDE9F, 0xDE9F, 0xDE9F, 0xDE9F, 0xDE9F, 0xDE9F, 0xDE9F, 0xDE9F, 0xDE9F, 0xDE9F, 0xDE9F,
  0xDEBF, 0xDEBF, 0xDEBF, 0xE6BF, 0xE6BF, 0xE6BF, 0xE6BF, 0xE6BF, 0xE6BF, 0xE6DF, 0xE6DF, 0xE6DF, 0xE6DF, 0xE6DF, 0xE6DF, 0xE6DF,
  0xE6DF, 0xE6DF, 0xE6DF, 0xE6FF, 0xE6FF, 0xEEFF, 0xEEFF, 0xEEFF, 0xEF1F, 0xEF1F, 0xEF1F, 0xEF1F, 0xEF3F, 0xEF3F, 0xEF3F, 0xEF3F,
  0xEF3F, 0xEF3F, 0xEF3F, 0xEF3F, 0xEF3F, 0xEF3F, 0xEF3F, 0xEF3F, 0xEF3F, 0xEF3F, 0xEF3F, 0xEF3F, 0xEF3F, 0xEF3F, 0xEF3F, 0xEF3F,
  0xEF3F, 0xEF3F, 0xEF3F, 0xEF3F, 0xEF1F, 0xEF1F, 0xEF1F, 0xEF1F, 0xEF1F, 0xEEFF, 0xE6FF, 0xE6FF, 0xE6FF, 0xE6FF, 0xE6FF, 0xE6FF,
  0xE6FF, 0xE6DF, 0xE6DF, 0xE6DF, 0xE6DF, 0xE6DF, 0xE6DF, 0xE6DF, 0xE6DF, 0xE6DF, 0xE6DF, 0xE6DF, 0xDEDF, 0xDEBF, 0xDEBF, 0xE6DF,
  0xDEBF, 0xDEBF, 0xE6BF, 0xE6BF, 0xE6BF, 0xE6BF, 0xE6BF, 0xE6BF, 0xDEBF, 0xDEBF, 0xDEBF, 0xDEBF, 0xDEBF, 0xDEBF, 0xDEBF, 0xDEBF,
  0xDE9F, 0xDEBF, 0xDE9F, 0xDE9F, 0xDE9F, 0xDE9F, 0xDE9F, 0xDE9F, 0xDE9F, 0xDE9F, 0xDE9F, 0xDE9F, 0xDE9F, 0xDE9F, 0xDE9F, 0xDE9F,
  0xDE9F, 0xDEBF, 0xE6BF, 0xE6BF, 0xE6BF, 0xE6DF, 0xE6DF, 0xE6DF, 0xE6DF, 0xE6DF, 0xE6DF, 0xE6DF, 0xE6FF, 0xE6FF, 0xE6FF, 0xE6FF,
  0xEEFF, 0xEEFF, 0xEF1F, 0xEEFF, 0xEF1F, 0xEF1F, 0xEF1F, 0xEF1F, 0xEF1F, 0xEF1F, 0xEF1F, 0xEEFF, 0xF75F, 0xD5FE, 0x7A7C, 0xF6FF,
  0xEF7F, 0xEF3F, 0xEF5F, 0xEF5F, 0xF73F, 0xF75F, 0xF75F, 0xF75F, 0xF75F, 0xF77F, 0xF77F, 0xF77F, 0xF77F, 0xF77F, 0xF77F, 0xEF5F,
  0xDEBE, 0xDE9F, 0xDE7F, 0xDE7F, 0xDE7F, 0xDE7F, 0xDE7F, 0xDE7F, 0xDE7F, 0xDE7F, 0xDE7F, 0xDE7F, 0xDE7F, 0xD65F, 0xDE7F, 0xD65F,
  0xDE7F, 0xDE7F, 0xDE7F, 0xDE7F, 0xDE7F, 0xDE9F, 0xE6FF, 0xF77F, 0xFF9F, 0xF75F, 0xEF1F, 0xEF1F, 0xEF1F, 0xEEFF, 0xE6FF, 0xE6FF,
  0xE6DF, 0xE6DF, 0xE6DF, 0xE6DF, 0xE6BF, 0xDEBF, 0xDE9F, 0xDE9F, 0xDE9F, 0xDE7F, 0xDE7F, 0xDE7F, 0xDE7F, 0xDE7F, 0xD67F, 0xD67F,
  0xD65F, 0xD65F, 0xD65F, 0xD65F, 0xD65F, 0xD65F, 0xDE5F, 0xDE5F, 0xDE5F, 0xDE5F, 0xDE5F, 0xDE5F, 0xDE7F, 0xDE7F, 0xDE7F, 0xDE7F,
  0xDE7F, 0xDE7F, 0xDE7F, 0xDE7F, 0xDE9F, 0xDE9F, 0xDE9F, 0xDE9F, 0xDE9F, 0xDE9F, 0xDE9F, 0xDE9F, 0xDE9F, 0xDE9F, 0xDE9F, 0xDE9F,
  0xDE9F, 0xDEBF, 0xDEBF, 0xE6BF, 0xE6BF, 0xE6BF, 0xE6BF, 0xE6BF, 0xE6BF, 0xE6BF, 0xE6DF, 0xE6DF, 0xE6DF, 0xE6DF, 0xE6DF, 0xE6DF,
  0xE6DF, 0xE6DF, 0xE6FF, 0xE6FF, 0xE6FF, 0xE6FF, 0xEEFF, 0xEEFF, 0xEF1F, 0xEF1F, 0xEF1F, 0xEF3F, 0xEF3F, 0xEF3F, 0xEF3F, 0xEF3F,
  0xEF3F, 0xEF3F, 0xEF3F, 0xEF3F, 0xEF3F, 0xEF3F, 0xEF3F, 0xEF3F, 0xEF3F, 0xEF3F, 0xEF3F, 0xEF3F, 0xEF3F, 0xEF3F, 0xEF3F, 0xEF3F,
  0xEF3F, 0xEF3F, 0xEF3F, 0xEF3F, 0xEF3F, 0xEF1F, 0xEF1F, 0xEF1F, 0xEEFF, 0xEEFF, 0xE6FF, 0xE6FF, 0xE6FF, 0xE71F, 0xE6FF, 0xE6FF,
  0xE6DF, 0xE6DF, 0xE6DF, 0xE6DF, 0xE6DF, 0xE6DF, 0xE6DF, 0xE6DF, 0xE6BF, 0xE6DF, 0xE6DF, 0xE6DF, 0xE6DF, 0xE6DF, 0xDEDF, 0xDEBF,
  0xDEBF, 0xDEBF, 0xE6BF, 0xE6BF, 0xE6BF, 0xE6BF, 0xE6BF, 0xE6BF, 0xDEBF, 0xDEBF, 0xE6BF, 0xDEBF, 0xDEBF, 0xDEBF, 0xDEBF, 0xDEBF,
  0xDE9F, 0xDE9F, 0xDE9F, 0xDE9F, 0xDE9F, 0xDE9F, 0xDE9F, 0xDE9F, 0xDE9F, 0xDE9F, 0xDE9F, 0xDE9F, 0xDE9F, 0xDE9F, 0xDE9F, 0xDEBF,
  0xE6BF, 0xE6BF, 0xE6BF, 0xE6BF, 0xE6DF, 0xE6DF, 0xE6DF, 0xE6DF, 0xE6DF, 0xE6DF, 0xE6DF, 0xE6DF, 0xE6FF, 0xE6FF, 0xE6FF, 0xEEFF,
  0xEEFF, 0xEEFF, 0xEF1F, 0xEF1F, 0xEF1F, 0xEF1F, 0xEF1F, 0xEF1F, 0xEF1F, 0xEF1F, 0xEF1F, 0xEF1F, 0xEF1F, 0xEEFF, 0xC57D, 0xF75F,
  0xEF3F, 0xF75F, 0xEF5F, 0xF75F, 0xF75F, 0xF75F, 0xF75F, 0xF77F, 0xF77F, 0xF77F, 0xF77F, 0xF77F, 0xF77F, 0xF79F, 0xEF1F, 0xDEBF,
  0xD65E, 0xD63F, 0xD65F, 0xDE7F, 0xDE7F, 0xDE9F, 0xDE9F, 0xDE9F, 0xDE7F, 0xDE7F, 0xDE7F, 0xDE7F, 0xDE7F, 0xDE5F, 0xD65F, 0xD65F,
  0xD65F, 0xDE7F, 0xDE7F, 0xDE7F, 0xDE7F, 0xDE7F, 0xDE7F, 0xDE9E, 0xEF1F, 0xF77F, 0xF77F, 0xEF3F, 0xEF1F, 0xEEFF, 0xE6FF, 0xE6FF,
  0xE6FF, 0xE6DF, 0xE6DF, 0xE6DF, 0xE6BF, 0xDEBF, 0xDEBF, 0xDE9F, 0xDE9F, 0xDE9F, 0xDE9F, 0xDE7F, 0xDE7F, 0xD65F, 0xD65F, 0xD65F,
  0xD65F, 0xD65F, 0xD65F, 0xD65F, 0xD65F, 0xD65F, 0xD65F, 0xD65F, 0xD65F, 0xD65F, 0xD65F, 0xD65F, 0xD65F, 0xD65F, 0xDE7F, 0xDE5F,
  0xDE7F, 0xDE7F, 0xDE7F, 0xDE7F, 0xDE7F, 0xDE7F, 0xDE7F, 0xDE7F, 0xDE7F, 0xDE9F, 0xDE9F, 0xDE9F, 0xDE9F, 0xDE9F, 0xDE9F, 0xDE9F,
  0xDE9F, 0xDE9F, 0xDE9F, 0xDE9F, 0xDE9F, 0xDE9F, 0xDE9F, 0xDEBF, 0xE6BF, 0xDEBF, 0xE6BF, 0xE6BF, 0xE6BF, 0xE6DF, 0xE6BF, 0xE6DF,
  0xE6DF, 0xE6DF, 0xE6DF, 0xE6DF, 0xE6FF, 0xE6FF, 0xEEFF, 0xEEFF, 0xEEFF, 0xEF1F, 0xEF1F, 0xEF1F, 0xEF1F, 0xEF3F, 0xEF3F, 0xEF1F,
  0xEF3F, 0xEF3F, 0xEF3F, 0xEF3F, 0xEF3F, 0xEF3F, 0xEF3F, 0xEF3F, 0xEF3F, 0xEF3F, 0xEF3F, 0xEF3F, 0xEF3F, 0xEF3F, 0xEF3F, 0xEF3F,
  0xEF3F, 0xEF3F, 0xEF3F, 0xEF3F, 0xEF1F, 0xEF1F, 0xEF1F, 0xE71F, 0xE71F, 0xE6FF, 0xE6FF, 0xE6FF, 0xE6FF, 0xE6FF, 0xE6DF, 0xE6DF,
  0xE6DF, 0xE6DF, 0xE6DF, 0xE6DF, 0xE6BF, 0xE6BF, 0xE6BF, 0xE6BF, 0xE6BF, 0xDEBF, 0xDEBF, 0xDEBF, 0xDEBF, 0xDEBF, 0xDEBF, 0xDEBF,
  0xDEBF, 0xDEBF, 0xDEBF, 0xDEBF, 0xDEBF, 0xDEBF, 0xDEBF, 0xDE9F, 0xDE9F, 0xDE9F, 0xDE9F, 0xDE9F, 0xDE9F, 0xDE9F, 0xDE9F, 0xDE9F,
  0xDE9F, 0xDE9F, 0xDE9F, 0xDE9F, 0xDE9F, 0xDE9F, 0xDE9F, 0xDE9F, 0xDE9F, 0xDE9F, 0xDE9F, 0xDE9F, 0xDE9F, 0xDE9F, 0xDE9F, 0xDE9F,
  0xDE9F, 0xDEBF, 0xE6BF, 0xE6BF, 0xE6DF, 0xE6DF, 0xE6DF, 0xE6DF, 0xE6DF, 0xE6DF, 0xE6DF, 0xE6FF, 0xE6FF, 0xE6FF, 0xE6FF, 0xEEFF,
  0xEEFF, 0xEF1F, 0xEF1F, 0xEF1F, 0xEF1F, 0xEF1F, 0xEF1F, 0xEF1F, 0xEF1F, 0xEF1F, 0xEF1F, 0xEF3F, 0xEF3F, 0xEF1F, 0xEF1F, 0xEF3F,
  0xF73F, 0xEF3F, 0xF75F, 0xF75F, 0xF75F, 0xF75F, 0xF75F, 0xF77F, 0xF77F, 0xF77F, 0xF77F, 0xF77F, 0xF79F, 0xE6FF, 0xDE9F, 0xE6BF,
  0xC59D, 0xC57F, 0xC57F, 0xC5BF, 0xCDDF, 0xCDFF, 0xD63F, 0xD65F, 0xDE7F, 0xDE7F, 0xDE7F, 0xDE7F, 0xD65F, 0xD65F, 0xD65F, 0xD65F,
  0xD65F, 0xD65F, 0xDE7F, 0xDE7F, 0xDE7F, 0xDE7F, 0xDE7F, 0xDE7F, 0xDE7F, 0xDE9F, 0xEF1F, 0xF75F, 0xEF3F, 0xEF1F, 0xE6FF, 0xEEFF,
  0xE6FF, 0xE6DF, 0xE6DF, 0xE6DF, 0xE6BF, 0xDEBF, 0xDEBF, 0xDE9F, 0xDE9F, 0xDE9F, 0xDE7F, 0xDE7F, 0xDE7F, 0xE6BE, 0xE6FF, 0xEF1F,
  0xEF3F, 0xEF5F, 0xEF5F, 0xEF5F, 0xEF5F, 0xEF5F, 0xEF5F, 0xEF3F, 0xEF3F, 0xEF5F, 0xEF5F, 0xEF3F, 0xEF5F, 0xEF5F, 0xEF5F, 0xEF3F,
  0xEF5F, 0xEF5F, 0xEF5F, 0xEF5F, 0xEF5F, 0xEF5F, 0xEF5F, 0xEF3F, 0xEF5F, 0xEF5F, 0xEF5F, 0xEF3F, 0xEF3F, 0xEF3F, 0xEF3F, 0xEF3F,
  0xEF3F, 0xEF3F, 0xEF3F, 0xEF3F, 0xEF3F, 0xEF3F, 0xEF3F, 0xEF3F, 0xEF3F, 0xEF3F, 0xEF3F, 0xEF3F, 0xEF3F, 0xEF5F, 0xEF3F, 0xEF3F,
  0xEF3F, 0xEF1F, 0xE6FF, 0xE6DF, 0xE6DF, 0xE6DF, 0xE6FF, 0xE6FF, 0xE6FF, 0xEEFF, 0xEF1F, 0xEF1F, 0xEF1F, 0xEF1F, 0xEF3F, 0xEF1F,
  0xEF1F, 0xEF3F, 0xEF3F, 0xEF3F, 0xEF3F, 0xEF3F, 0xEF3F, 0xEF3F, 0xEF3F, 0xEF3F, 0xEF3F, 0xEF3F, 0xEF3F, 0xEF3F, 0xEF3F, 0xEF3F,
  0xEF3F, 0xEF3F, 0xEF1F, 0xEF1F, 0xEF1F, 0xE71F, 0xE71F, 0xE71F, 0xE71F, 0xE6FF, 0xE6FF, 0xE6FF, 0xE71F, 0xEF3F, 0xEF5F, 0xF77F,
  0xF77F, 0xF77F, 0xF77F, 0xF77F, 0xF77F, 0xF75F, 0xF75F, 0xF75F, 0xF75F, 0xF77F, 0xF77F, 0xF77F, 0xF77F, 0xF77F, 0xF77F, 0xF77F,
  0xF75F, 0xF75F, 0xEF5F, 0xF75F, 0xEF5F, 0xEF5F, 0xEF5F, 0xEF5F, 0xEF5F, 0xEF5F, 0xEF5F, 0xEF5F, 0xEF5F, 0xEF5F, 0xEF3F, 0xEF3F,
  0xEF3F, 0xEF3F, 0xEF3F, 0xEF3F, 0xEF3F, 0xEF3F, 0xEF5F, 0xEF5F, 0xEF5F, 0xEF5F, 0xEF5F, 0xEF5F, 0xEF5F, 0xEF5F, 0xEF5F, 0xEF3F,
  0xE71F, 0xE6FF, 0xDEBF, 0xDEBF, 0xDEBF, 0xE6DF, 0xE6DF, 0xE6DF, 0xE6DF, 0xE6DF, 0xE6DF, 0xE6FF, 0xE6FF, 0xE6FF, 0xEEFF, 0xEF1F,
  0xEF1F, 0xEF1F, 0xEF1F, 0xEF1F, 0xEF1F, 0xEF1F, 0xEF1F, 0xEF1F, 0xEF1F, 0xEF1F, 0xEF3F, 0xEF3F, 0xEF3F, 0xEF3F, 0xEF3F, 0xEF3F,
  0xF75F, 0xF75F, 0xF75F, 0xF75F, 0xF75F, 0xF77F, 0xF77F, 0xF77F, 0xF77F, 0xF77F, 0xF77F, 0xF79F, 0xE6FF, 0xDE9F, 0xDE9F, 0xE69F,
  0xC59E, 0xC57F, 0xC57F, 0xC57F, 0xC57F, 0xC57F, 0xC57F, 0xC57F, 0xC59F, 0xCDDF, 0xCE1F, 0xD65F, 0xDE9F, 0xDE9F, 0xDE7F, 0xD65F,
  0xD65F, 0xDE5F, 0xD65F, 0xDE7F, 0xDE7F, 0xDE7F, 0xDE7F, 0xDE7F, 0xDE9F, 0xDE7F, 0xDE7F, 0xDEBF, 0xEF1F, 0xF75F, 0xEF1F, 0xEEFF,
  0xEEFF, 0xE6FF, 0xE6DF, 0xE6DF, 0xE6DF, 0xE6BF, 0xDEBF, 0xDE9F, 0xDE7F, 0xDE7F, 0xE6DF, 0xEF3F, 0xF79F, 0xFFBF, 0xFFBF, 0xF7BF,
  0xF7BF, 0xF7BF, 0xF79F, 0xF79F, 0xF79F, 0xF79F, 0xF79F, 0xF79F, 0xF79F, 0xF79F, 0xF79F, 0xF79F, 0xF79F, 0xF79F, 0xF77F, 0xF77F,
  0xF77F, 0xF77F, 0xF77F, 0xF77F, 0xF77F, 0xF77F, 0xF77F, 0xF77F, 0xF77F, 0xF77F, 0xF77F, 0xF77F, 0xF77F, 0xF77F, 0xEF7F, 0xEF7F,
  0xEF5F, 0xEF5F, 0xEF5F, 0xEF5F, 0xEF5F, 0xEF5F, 0xF75F, 0xF75F, 0xF75F, 0xF75F, 0xEF5F, 0xEF5F, 0xF77F, 0xF77F, 0xF77F, 0xF77F,
  0xF77F, 0xF77F, 0xF77F, 0xEF5F, 0xEF3F, 0xE6FF, 0xE6DF, 0xE6DF, 0xE6FF, 0xE6FF, 0xE6FF, 0xEF1F, 0xEF1F, 0xEF1F, 0xEF1F, 0xEF1F,
  0xEF1F, 0xEF1F, 0xEF3F, 0xEF3F, 0xEF3F, 0xEF3F, 0xEF3F, 0xEF3F, 0xEF3F, 0xEF3F, 0xEF3F, 0xEF3F, 0xEF3F, 0xEF3F, 0xEF1F, 0xEF1F,
  0xEF1F, 0xEF1F, 0xE71F, 0xE71F, 0xE71F, 0xE71F, 0xE6FF, 0xE6FF, 0xE6FF, 0xE71F, 0xEF5F, 0xF79F, 0xFFBF, 0xFFBF, 0xFFBF, 0xF7BF,
  0xF79F, 0xF79F, 0xF79F, 0xF79F, 0xF79F, 0xF79F, 0xF79F, 0xF79F, 0xF79F, 0xF79F, 0xF79F, 0xF79F, 0xF79F, 0xF79F, 0xF79F, 0xF79F,
  0xF79F, 0xF79F, 0xF77F, 0xF77F, 0xF77F, 0xF77F, 0xF77F, 0xF77F, 0xF77F, 0xF77F, 0xF77F, 0xF77F, 0xF77F, 0xF77F, 0xF77F, 0xF77F,
  0xF77F, 0xF77F, 0xF77F, 0xF77F, 0xF77F, 0xF77F, 0xF77F, 0xF77F, 0xF77F, 0xF77F, 0xF77F, 0xF77F, 0xF77F, 0xF77F, 0xF79F, 0xF79F,
  0xF79F, 0xF79F, 0xF77F, 0xEF3F, 0xE6FF, 0xDEBF, 0xDEBF, 0xE6DF, 0xE6DF, 0xE6DF, 0xE6DF, 0xE6DF, 0xE6FF, 0xE6FF, 0xEEFF, 0xEF1F,
  0xEF1F, 0xEF1F, 0xEF1F, 0xEF1F, 0xEF1F, 0xEF1F, 0xEF1F, 0xEF1F, 0xEF3F, 0xEF3F, 0xEF3F, 0xEF3F, 0xEF3F, 0xEF3F, 0xEF3F, 0xEF3F,
  0xF75F, 0xF75F, 0xF75F, 0xF75F, 0xF75F, 0xF77F, 0xF77F, 0xF77F, 0xF77F, 0xF77F, 0xFF9F, 0xEF1F, 0xDE7F, 0xDE9F, 0xDE9F, 0xDE9F,
  0xC59E, 0xC57F, 0xC57F, 0xC57F, 0xC57F, 0xC57F, 0xC57F, 0xC57F, 0xBD5F, 0xBD5F, 0xBD7F, 0xC57F, 0xC5BF, 0xCDFF, 0xD65F, 0xDE7F,
  0xDE7F, 0xD67F, 0xDE5F, 0xD65F, 0xDE7F, 0xDE7F, 0xDE9F, 0xDE7F, 0xDE7F, 0xDE7F, 0xDE7F, 0xDE7F, 0xDE7F, 0xE6DF, 0xEF3F, 0xEF1F,
  0xEEFF, 0xE6FF, 0xE6DF, 0xE6DF, 0xE6DF, 0xE6BF, 0xDE9F, 0xDE9F, 0xE6DF, 0xF77F, 0xFFBF, 0xFFBF, 0xF7BF, 0xF79F, 0xF79F, 0xF79F,
  0xF79F, 0xF79F, 0xF77F, 0xF79F, 0xF79F, 0xF77F, 0xF77F, 0xF77F, 0xF77F, 0xF77F, 0xF77F, 0xF77F, 0xF77F, 0xF77F, 0xF77F, 0xF77F,
  0xF77F, 0xF77F, 0xF75F, 0xEF5F, 0xF75F, 0xF75F, 0xF75F, 0xEF5F, 0xEF5F, 0xEF5F, 0xEF5F, 0xEF5F, 0xEF5F, 0xEF5F, 0xEF5F, 0xEF5F,
  0xEF5F, 0xEF5F, 0xEF5F, 0xEF5F, 0xEF5F, 0xEF5F, 0xEF5F, 0xEF5F, 0xEF5F, 0xEF5F, 0xEF5F, 0xEF5F, 0xEF5F, 0xEF5F, 0xEF5F, 0xEF5F,
  0xEF5F, 0xEF5F, 0xEF5F, 0xF77F, 0xF79F, 0xF77F, 0xEF5F, 0xE6FF, 0xE6DF, 0xE6FF, 0xE6FF, 0xE6FF, 0xEEFF, 0xEF1F, 0xEF1F, 0xEF1F,
  0xEF1F, 0xEF1F, 0xEF1F, 0xEF3F, 0xEF3F, 0xEF3F, 0xEF3F, 0xEF3F, 0xEF3F, 0xEF3F, 0xEF3F, 0xEF1F, 0xEF1F, 0xEF1F, 0xEF1F, 0xEF1F,
  0xEF1F, 0xE71F, 0xE71F, 0xE71F, 0xE71F, 0xE6FF, 0xE6FF, 0xE71F, 0xF77F, 0xFFBF, 0xFFBF, 0xFFBF, 0xF79F, 0xF79F, 0xF79F, 0xF79F,
  0xF79F, 0xF79F, 0xF77F, 0xF77F, 0xF77F, 0xF77F, 0xF77F, 0xF77F, 0xF77F, 0xF77F, 0xF77F, 0xF77F, 0xF77F, 0xF77F, 0xF77F, 0xF77F,
  0xF77F, 0xF77F, 0xF77F, 0xF77F, 0xF77F, 0xF77F, 0xEF5F, 0xF75F, 0xF75F, 0xF75F, 0xEF5F, 0xEF5F, 0xEF5F, 0xEF5F, 0xEF5F, 0xEF5F,
  0xEF5F, 0xEF5F, 0xEF5F, 0xEF5F, 0xEF5F, 0xEF5F, 0xEF5F, 0xEF5F, 0xEF5F, 0xF75F, 0xEF5F, 0xF77F, 0xF77F, 0xF77F, 0xF77F, 0xF77F,
  0xF77F, 0xF77F, 0xF79F, 0xF79F, 0xF79F, 0xF75F, 0xE6FF, 0xDEBF, 0xE6DF, 0xE6DF, 0xE6DF, 0xE6DF, 0xE6FF, 0xE6FF, 0xEEFF, 0xEF1F,
  0xEF1F, 0xEF1F, 0xEF1F, 0xEF1F, 0xEF1F, 0xEF1F, 0xEF1F, 0xEF1F, 0xEF3F, 0xEF3F, 0xEF3F, 0xEF3F, 0xEF3F, 0xEF3F, 0xEF3F, 0xEF3F,
  0xF75F, 0xF75F, 0xF75F, 0xF77F, 0xF75F, 0xF77F, 0xF77F, 0xF77F, 0xF77F, 0xFF9F, 0xEF1F, 0xDE7F, 0xDE9F, 0xDE9F, 0xDE9F, 0xDE9F,
  0xC59E, 0xC57F, 0xC57F, 0xC57F, 0xC57F, 0xC57F, 0xC57F, 0xC57F, 0xBD7F, 0xC57F, 0xBD7F, 0xBD5F, 0xBD5F, 0xBD5F, 0xBD5F, 0xC5BF,
  0xD61E, 0xDE7F, 0xDE9F, 0xDE7F, 0xD65F, 0xDE7F, 0xDE9F, 0xDE7F, 0xDE7F, 0xDE7F, 0xDE7F, 0xDE7F, 0xDE7F, 0xD65F, 0xDE9F, 0xEF1F,
  0xEF1F, 0xE6FF, 0xE6FF, 0xE6DF, 0xE6DF, 0xDEBF, 0xE6DF, 0xEF5F, 0xFFDF, 0xFFDF, 0xF7BF, 0xF79F, 0xF79F, 0xF79F, 0xF79F, 0xF79F,
  0xF77F, 0xF79F, 0xF77F, 0xF77F, 0xF77F, 0xF77F, 0xF77F, 0xF77F, 0xF77F, 0xF77F, 0xF77F, 0xF77F, 0xF77F, 0xF77F, 0xF77F, 0xF77F,
  0xF77F, 0xF77F, 0xEF5F, 0xEF5F, 0xEF5F, 0xEF5F, 0xEF5F, 0xEF5F, 0xEF5F, 0xEF5F, 0xEF5F, 0xEF5F, 0xEF5F, 0xEF5F, 0xEF5F, 0xEF5F,
  0xEF5F, 0xEF5F, 0xEF5F, 0xEF5F, 0xEF5F, 0xEF5F, 0xEF5F, 0xEF5F, 0xEF5F, 0xEF5F, 0xEF5F, 0xEF5F, 0xEF5F, 0xEF5F, 0xEF5F, 0xEF5F,
  0xEF5F, 0xF77F, 0xF77F, 0xF77F, 0xF77F, 0xF77F, 0xF79F, 0xF77F, 0xEF3F, 0xE6DF, 0xE6FF, 0xE6FF, 0xE6FF, 0xEEFF, 0xEEFF, 0xEF1F,
  0xEF1F, 0xEF1F, 0xEF3F, 0xEF1F, 0xEF1F, 0xEF1F, 0xEF1F, 0xEF3F, 0xEF1F, 0xEF3F, 0xEF1F, 0xEF1F, 0xEF1F, 0xEF1F, 0xEF1F, 0xEF1F,
  0xE71F, 0xE71F, 0xE71F, 0xE6FF, 0xE6FF, 0xE6FE, 0xF77F, 0xFFBF, 0xFFDF, 0xF7BF, 0xF79F, 0xF79F, 0xF79F, 0xF79F, 0xF79F, 0xF79F,
  0xF79F, 0xF77F, 0xF77F, 0xF77F, 0xF77F, 0xF77F, 0xF77F, 0xF77F, 0xF77F, 0xF77F, 0xF77F, 0xF77F, 0xF77F, 0xF77F, 0xF77F, 0xF77F,
  0xF77F, 0xF77F, 0xF77F, 0xF77F, 0xEF5F, 0xEF5F, 0xEF5F, 0xEF5F, 0xEF5F, 0xEF5F, 0xEF5F, 0xEF5F, 0xEF5F, 0xEF5F, 0xEF5F, 0xEF5F,
  0xEF5F, 0xEF5F, 0xEF5F, 0xEF5F, 0xEF5F, 0xEF5F, 0xEF5F, 0xEF5F, 0xEF5F, 0xEF5F, 0xEF5F, 0xEF5F, 0xEF5F, 0xF77F, 0xEF5F, 0xEF5F,
  0xF77F, 0xF77F, 0xF77F, 0xF77F, 0xF79F, 0xF7BF, 0xFFBF, 0xEF5F, 0xE6DF, 0xE6DF, 0xE6DF, 0xE6FF, 0xE6FF, 0xE6FF, 0xEEFF, 0xEF1F,
  0xEF1F, 0xEF1F, 0xEF1F, 0xEF1F, 0xEF1F, 0xEF3F, 0xEF3F, 0xEF3F, 0xEF3F, 0xEF3F, 0xEF3F, 0xEF3F, 0xEF3F, 0xEF3F, 0xEF3F, 0xF75F,
  0xF75F, 0xF75F, 0xF75F, 0xF75F, 0xF75F, 0xF77F, 0xF77F, 0xF77F, 0xF79F, 0xEF3F, 0xDE7F, 0xDE7F, 0xDE9F, 0xDE9F, 0xDE9F, 0xDE9F,
  0xC59E, 0xC57F, 0xC57F, 0xC57F, 0xC57F, 0xC57F, 0xBD7F, 0xC57F, 0xC57F, 0xC57F, 0xBD7F, 0xBD7F, 0xBD5F, 0xBD5F, 0xBD5F, 0xBD3F,
  0xBD3F, 0xBD7F, 0xCDFF, 0xD67F, 0xDE9F, 0xDE9F, 0xD67F, 0xDE9F, 0xDE9F, 0xDE9F, 0xDE9F, 0xDE7F, 0xDE9F, 0xDE9F, 0xDE7F, 0xDE7F,
  0xE6DF, 0xEEFF, 0xE6FF, 0xE6DF, 0xE6BF, 0xE6FF, 0xF7BF, 0xFFDF, 0xF7BF, 0xF7BF, 0xF79F, 0xF79F, 0xF79F, 0xF79F, 0xF79F, 0xF77F,
  0xF77F, 0xF77F, 0xF77F, 0xF77F, 0xF77F, 0xF77F, 0xF77F, 0xF77F, 0xF77F, 0xF77F, 0xF77F, 0xF77F, 0xF77F, 0xF77F, 0xEF5F, 0xEF5F,
  0xEF7F, 0xEF5F, 0xEF5F, 0xEF5F, 0xEF5F, 0xEF5F, 0xEF5F, 0xEF5F, 0xEF5F, 0xEF5F, 0xEF5F, 0xEF5F, 0xEF5F, 0xEF5F, 0xEF5F, 0xEF5F,
  0xEF5F, 0xEF3F, 0xEF5F, 0xEF5F, 0xEF5F, 0xEF5F, 0xEF5F, 0xEF5F, 0xEF5F, 0xEF5F, 0xEF3F, 0xEF5F, 0xEF3F, 0xEF5F, 0xEF5F, 0xEF5F,
  0xEF5F, 0xEF5F, 0xEF5F, 0xEF5F, 0xF77F, 0xF77F, 0xEF5F, 0xF77F, 0xF79F, 0xEF5F, 0xE6FF, 0xE6DF, 0xE6FF, 0xE6FF, 0xEEFF, 0xEEFF,
  0xEF1F, 0xEF1F, 0xEF1F, 0xEF1F, 0xEF1F, 0xEF1F, 0xEF1F, 0xEF1F, 0xEF1F, 0xEF3F, 0xEF3F, 0xEF3F, 0xEF1F, 0xEF1F, 0xE71F, 0xE71F,
  0xE71F, 0xE71F, 0xE71F, 0xE6FF, 0xE71F, 0xF79F, 0xFFDF, 0xF7BF, 0xF7BF, 0xF79F, 0xF79F, 0xF79F, 0xF79F, 0xF79F, 0xF77F, 0xF77F,
  0xF77F, 0xF77F, 0xF77F, 0xF77F, 0xF77F, 0xF77F, 0xF77F, 0xEF5F, 0xF77F, 0xEF5F, 0xEF5F, 0xEF5F, 0xEF5F, 0xEF5F, 0xEF5F, 0xEF5F,
  0xEF5F, 0xEF5F, 0xEF5F, 0xEF5F, 0xEF5F, 0xEF5F, 0xEF5F, 0xEF5F, 0xEF5F, 0xEF5F, 0xEF5F, 0xEF5F, 0xEF5F, 0xEF5F, 0xEF5F, 0xEF5F,
  0xEF5F, 0xEF5F, 0xEF5F, 0xEF5F, 0xEF5F, 0xEF5F, 0xEF5F, 0xEF5F, 0xEF5F, 0xEF5F, 0xEF5F, 0xEF5F, 0xEF5F, 0xEF5F, 0xEF5F, 0xEF5F,
  0xF77F, 0xF77F, 0xF77F, 0xF77F, 0xF77F, 0xF79F, 0xF79F, 0xFFBF, 0xF79F, 0xE6FF, 0xE6DF, 0xE6FF, 0xE6FF, 0xEEFF, 0xEEFF, 0xEEFF,
  0xEF1F, 0xEF1F, 0xEF1F, 0xEF3F, 0xEF3F, 0xEF3F, 0xEF3F, 0xEF3F, 0xEF3F, 0xEF3F, 0xEF3F, 0xEF3F, 0xEF3F, 0xF75F, 0xF75F, 0xF75F,
  0xF75F, 0xF75F, 0xF77F, 0xF77F, 0xF77F, 0xF77F, 0xF77F, 0xF79F, 0xF77F, 0xDE9F, 0xDE7F, 0xDE7F, 0xDE7F, 0xDE7F, 0xDE9F, 0xDE7F,
  0xC59E, 0xC57F, 0xC57F, 0xC57F, 0xC57F, 0xBD7F, 0xC57F, 0xC57F, 0xC57F, 0xBD7F, 0xBD7F, 0xBD5F, 0xBD5F, 0xBD5F, 0xBD5F, 0xBD5F,
  0xBD5F, 0xBD5F, 0xBD3F, 0xBD5F, 0xC5DF, 0xDE7F, 0xDEBF, 0xDEBF, 0xDEBF, 0xDE9F, 0xDE9F, 0xDE9F, 0xDE9F, 0xDE9F, 0xDE7F, 0xDE7F,
  0xD65F, 0xDE9F, 0xE6DF, 0xE6DF, 0xEF1F, 0xFFDF, 0xFFBF, 0xF7BF, 0xF7BF, 0xF79F, 0xF79F, 0xF79F, 0xF79F, 0xF79F, 0xF79F, 0xF77F,
  0xF77F, 0xF77F, 0xF77F, 0xF77F, 0xF77F, 0xF77F, 0xF77F, 0xEF5F, 0xF77F, 0xF77F, 0xEF5F, 0xEF5F, 0xEF5F, 0xEF5F, 0xEF5F, 0xEF5F,
  0xEF5F, 0xEF5F, 0xEF5F, 0xEF5F, 0xEF5F, 0xEF5F, 0xEF5F, 0xEF5F, 0xEF5F, 0xEF5F, 0xEF5F, 0xEF5F, 0xEF5F, 0xEF5F, 0xEF5F, 0xEF5F,
  0xEF3F, 0xEF5F, 0xEF5F, 0xEF5F, 0xEF5F, 0xEF5F, 0xEF5F, 0xEF3F, 0xEF5F, 0xEF3F, 0xEF3F, 0xEF3F, 0xEF5F, 0xEF5F, 0xEF3F, 0xEF3F,
  0xEF5F, 0xEF5F, 0xEF5F, 0xEF5F, 0xEF5F, 0xEF5F, 0xEF7F, 0xF77F, 0xF77F, 0xF79F, 0xF77F, 0xE6FF, 0xE6DF, 0xE6DF, 0xE6FF, 0xEEFF,
  0xEEFF, 0xEF1F, 0xE71F, 0xE71F, 0xEF1F, 0xEF1F, 0xEF1F, 0xEF1F, 0xEF1F, 0xEF1F, 0xEF1F, 0xEF1F, 0xEF1F, 0xEF1F, 0xE71F, 0xE71F,
  0xE71F, 0xE6FF, 0xE6DF, 0xE71F, 0xFFBF, 0xFFBF, 0xF7BF, 0xF7BF, 0xF79F, 0xF79F, 0xF79F, 0xF79F, 0xF79F, 0xF77F, 0xF77F, 0xF77F,
  0xF77F, 0xF77F, 0xF77F, 0xF77F, 0xF77F, 0xF77F, 0xEF5F, 0xEF5F, 0xEF5F, 0xEF5F, 0xEF5F, 0xEF5F, 0xEF5F, 0xEF5F, 0xEF5F, 0xEF5F,
  0xEF5F, 0xEF5F, 0xEF5F, 0xEF5F, 0xEF5F, 0xEF5F, 0xEF5F, 0xEF5F, 0xEF5F, 0xEF5F, 0xEF5F, 0xEF5F, 0xEF5F, 0xEF5F, 0xEF5F, 0xEF5F,
  0xEF5F, 0xEF3F, 0xEF3F, 0xEF3F, 0xEF3F, 0xEF3F, 0xEF3F, 0xEF5F, 0xEF5F, 0xEF5F, 0xEF5F, 0xEF5F, 0xEF5F, 0xEF5F, 0xEF5F, 0xEF5F,
  0xEF5F, 0xEF5F, 0xF77F, 0xF77F, 0xF77F, 0xF77F, 0xF77F, 0xF77F, 0xF79F, 0xFFBF, 0xEF1F, 0xE6DF, 0xE6FF, 0xE6FF, 0xEEFF, 0xEEFF,
  0xEF1F, 0xEF1F, 0xEF1F, 0xEF3F, 0xEF3F, 0xEF3F, 0xEF3F, 0xEF3F, 0xEF3F, 0xEF3F, 0xEF3F, 0xEF3F, 0xEF3F, 0xF75F, 0xF75F, 0xF75F,
  0xF75F, 0xF75F, 0xF75F, 0xF77F, 0xF77F, 0xF77F, 0xF77F, 0xF77F, 0xE6BE, 0xDE7F, 0xDE7F, 0xDE7F, 0xDE7F, 0xDE7F, 0xDE7F, 0xDE5F,
  0xC59E, 0xC57F, 0xC57F, 0xC57F, 0xC57F, 0xC57F, 0xC57F, 0xC57F, 0xC57F, 0xBD7F, 0xBD7F, 0xBD5F, 0xBD5F, 0xBD5F, 0xBD5F, 0xBD5F,
  0xBD5F, 0xBD5F, 0xBD5F, 0xBD5F, 0xBD3F, 0xBD3F, 0xC5BF, 0xDE7E, 0xE6FF, 0xE6DF, 0xDEBF, 0xDEBF, 0xDE9F, 0xDE7F, 0xDE7F, 0xDE7F,
  0xDE7F, 0xD65F, 0xD65E, 0xE6FF, 0xFFDF, 0xF7BF, 0xFFBF, 0xFFBF, 0xF79F, 0xF79F, 0xF79F, 0xF79F, 0xF79F, 0xF77F, 0xF77F, 0xF77F,
  0xF77F, 0xF77F, 0xF77F, 0xF77F, 0xF77F, 0xF77F, 0xEF5F, 0xEF5F, 0xEF5F, 0xEF5F, 0xEF5F, 0xEF5F, 0xEF5F, 0xEF5F, 0xEF5F, 0xEF5F,
  0xEF5F, 0xEF5F, 0xEF5F, 0xEF5F, 0xEF5F, 0xEF5F, 0xEF5F, 0xEF5F, 0xEF5F, 0xEF3F, 0xEF3F, 0xEF3F, 0xEF5F, 0xEF5F, 0xEF5F, 0xEF5F,
  0xEF3F, 0xEF5F, 0xEF5F, 0xEF5F, 0xEF5F, 0xEF3F, 0xEF3F, 0xEF3F, 0xEF3F, 0xEF3F, 0xEF3F, 0xEF3F, 0xEF5F, 0xEF3F, 0xEF3F, 0xEF3F,
  0xEF3F, 0xEF5F, 0xEF5F, 0xEF5F, 0xEF5F, 0xEF5F, 0xEF5F, 0xF77F, 0xF77F, 0xF77F, 0xF77F, 0xF77F, 0xE6DF, 0xE6DF, 0xE6FF, 0xE6FF,
  0xEEFF, 0xEF1F, 0xEF1F, 0xEF1F, 0xEF1F, 0xEF1F, 0xEF1F, 0xEF1F, 0xEF1F, 0xEF1F, 0xEF1F, 0xEF1F, 0xEF1F, 0xE71F, 0xE71F, 0xE6FF,
  0xE6FF, 0xE6DF, 0xE71F, 0xFFBF, 0xFFBF, 0xF7BF, 0xF7BF, 0xF79F, 0xF79F, 0xF79F, 0xF79F, 0xF77F, 0xF77F, 0xF77F, 0xF77F, 0xF77F,
  0xF77F, 0xF77F, 0xEF5F, 0xEF5F, 0xEF5F, 0xEF5F, 0xEF5F, 0xEF5F, 0xEF5F, 0xEF5F, 0xEF5F, 0xEF5F, 0xEF5F, 0xEF5F, 0xEF5F, 0xEF5F,
  0xEF5F, 0xEF5F, 0xEF5F, 0xEF5F, 0xEF5F, 0xEF5F, 0xEF3F, 0xEF5F, 0xEF5F, 0xEF3F, 0xEF3F, 0xEF3F, 0xEF3F, 0xEF3F, 0xEF3F, 0xEF5F,
  0xEF3F, 0xEF3F, 0xEF3F, 0xEF3F, 0xEF3F, 0xEF3F, 0xEF3F, 0xEF3F, 0xEF3F, 0xEF3F, 0xEF3F, 0xEF3F, 0xEF3F, 0xEF5F, 0xEF5F, 0xEF5F,
  0xEF5F, 0xEF5F, 0xEF5F, 0xEF5F, 0xEF7F, 0xF77F, 0xF77F, 0xF77F, 0xF79F, 0xF79F, 0xFFBF, 0xEF3F, 0xE6FF, 0xE6FF, 0xEEFF, 0xEEFF,
  0xEF1F, 0xEF1F, 0xEF1F, 0xEF3F, 0xEF3F, 0xEF3F, 0xEF3F, 0xEF3F, 0xEF3F, 0xEF3F, 0xEF3F, 0xEF3F, 0xEF5F, 0xF75F, 0xF75F, 0xF75F,
  0xF75F, 0xF75F, 0xF77F, 0xF77F, 0xF77F, 0xF77F, 0xFF9F, 0xE6FF, 0xDE5F, 0xDE7F, 0xDE5F, 0xDE5F, 0xDE5F, 0xDE5F, 0xD65F, 0xD65F,
  0xC59E, 0xC57F, 0xC57F, 0xC57F, 0xC57F, 0xC57F, 0xC57F, 0xC57F, 0xC57F, 0xBD7F, 0xBD5F, 0xBD5F, 0xBD5F, 0xBD5F, 0xBD5F, 0xBD5F,
  0xBD3F, 0xBD5F, 0xBD5F, 0xBD5F, 0xBD5F, 0xBD3F, 0xBD1F, 0xB51F, 0xC5BE, 0xE6DF, 0xEF1F, 0xE6BF, 0xDE9F, 0xDE9F, 0xDE7F, 0xDE7F,
  0xDE7F, 0xD63F, 0xDE9F, 0xFFBF, 0xFFBF, 0xF7BF, 0xFFBF, 0xF7BF, 0xF79F, 0xF79F, 0xF79F, 0xF79F, 0xF77F, 0xF77F, 0xF77F, 0xF77F,
  0xF77F, 0xF77F, 0xEF5F, 0xF77F, 0xEF5F, 0xEF5F, 0xEF5F, 0xEF5F, 0xEF5F, 0xEF5F, 0xEF5F, 0xEF5F, 0xEF5F, 0xEF5F, 0xEF5F, 0xEF5F,
  0xEF5F, 0xEF3F, 0xEF3F, 0xEF5F, 0xEF3F, 0xEF3F, 0xEF3F, 0xEF3F, 0xEF3F, 0xEF3F, 0xEF3F, 0xEF3F, 0xEF3F, 0xEF3F, 0xEF3F, 0xEF3F,
  0xEF5F, 0xEF5F, 0xEF5F, 0xEF5F, 0xEF3F, 0xEF3F, 0xEF3F, 0xEF3F, 0xEF5F, 0xEF3F, 0xEF3F, 0xEF3F, 0xEF3F, 0xEF3F, 0xEF3F, 0xEF3F,
  0xEF3F, 0xEF3F, 0xEF3F, 0xEF3F, 0xEF5F, 0xEF5F, 0xEF5F, 0xEF5F, 0xF77F, 0xF77F, 0xF77F, 0xF77F, 0xF75F, 0xE6DF, 0xE6DF, 0xE6DF,
  0xE6FF, 0xEEFF, 0xEF1F, 0xEF1F, 0xEF1F, 0xEF1F, 0xEF1F, 0xEF1F, 0xEF1F, 0xE71F, 0xEF1F, 0xE71F, 0xEF1F, 0xE6FF, 0xE6FF, 0xE6FF,
  0xE6FF, 0xE6FF, 0xFFBF, 0xFFBF, 0xF7BF, 0xF7BF, 0xF79F, 0xF79F, 0xF79F, 0xF79F, 0xF77F, 0xF77F, 0xF77F, 0xF77F, 0xF77F, 0xEF7F,
  0xEF5F, 0xF77F, 0xEF5F, 0xEF5F, 0xEF5F, 0xEF5F, 0xEF5F, 0xEF5F, 0xEF5F, 0xEF5F, 0xEF5F, 0xEF3F, 0xEF3F, 0xEF3F, 0xEF3F, 0xEF3F,
  0xEF3F, 0xEF3F, 0xEF5F, 0xEF5F, 0xEF3F, 0xEF3F, 0xEF3F, 0xEF3F, 0xEF3F, 0xEF3F, 0xEF3F, 0xEF3F, 0xEF3F, 0xEF3F, 0xEF3F, 0xEF3F,
  0xEF3F, 0xEF3F, 0xEF3F, 0xEF3F, 0xEF3F, 0xEF3F, 0xEF3F, 0xEF3F, 0xEF3F, 0xEF3F, 0xEF3F, 0xEF3F, 0xEF3F, 0xEF3F, 0xEF3F, 0xEF5F,
  0xEF5F, 0xEF5F, 0xEF5F, 0xEF5F, 0xEF5F, 0xEF5F, 0xF77F, 0xF77F, 0xF77F, 0xF79F, 0xF79F, 0xFFBF, 0xEF3F, 0xE6FF, 0xE6FF, 0xE6FF,
  0xEF1F, 0xEF1F, 0xEF1F, 0xEF3F, 0xEF3F, 0xEF3F, 0xEF3F, 0xEF3F, 0xEF3F, 0xEF3F, 0xEF3F, 0xEF3F, 0xEF5F, 0xF75F, 0xF75F, 0xF75F,
  0xF77F, 0xF77F, 0xF77F, 0xF77F, 0xF77F, 0xF79F, 0xF75F, 0xDE5F, 0xDE5F, 0xDE5F, 0xDE5F, 0xDE7F, 0xDE5F, 0xD65F, 0xD63F, 0xD63F,
  0xC59E, 0xC57F, 0xC57F, 0xC57F, 0xC57F, 0xC57F, 0xC57F, 0xC57F, 0xBD7F, 0xBD7F, 0xBD5F, 0xBD5F, 0xBD5F, 0xBD5F, 0xBD5F, 0xBD5F,
  0xBD3F, 0xBD3F, 0xBD3F, 0xBD3F, 0xBD3F, 0xBD3F, 0xBD3F, 0xBD1F, 0xB4FF, 0xBD3E, 0xD63E, 0xEEFF, 0xE6BF, 0xDE7F, 0xDE7F, 0xD65F,
  0xD65F, 0xD65F, 0xF77F, 0xFFDF, 0xF7BF, 0xFFBF, 0xF79F, 0xF79F, 0xF79F, 0xF79F, 0xF79F, 0xF77F, 0xF77F, 0xF77F, 0xF77F, 0xF77F,
  0xF77F, 0xF77F, 0xEF5F, 0xEF5F, 0xEF5F, 0xEF5F, 0xEF5F, 0xEF5F, 0xEF5F, 0xEF5F, 0xEF5F, 0xEF5F, 0xEF5F, 0xEF5F, 0xEF5F, 0xEF5F,
  0xEF5F, 0xEF5F, 0xEF3F, 0xEF3F, 0xEF3F, 0xEF3F, 0xEF3F, 0xEF3F, 0xEF3F, 0xEF3F, 0xEF3F, 0xEF3F, 0xEF3F, 0xEF3F, 0xEF3F, 0xEF3F,
  0xEF5F, 0xEF5F, 0xEF5F, 0xEF5F, 0xEF5F, 0xEF3F, 0xEF5F, 0xEF5F, 0xEF5F, 0xEF3F, 0xEF3F, 0xEF3F, 0xEF3F, 0xEF3F, 0xEF3F, 0xEF3F,
  0xEF3F, 0xEF3F, 0xEF3F, 0xEF5F, 0xEF3F, 0xEF5F, 0xEF5F, 0xEF5F, 0xEF5F, 0xEF5F, 0xF77F, 0xF77F, 0xF79F, 0xEF3F, 0xE6BF, 0xE6DF,
  0xE6DF, 0xE6FF, 0xE6FF, 0xEEFF, 0xEF1F, 0xEF1F, 0xEF1F, 0xEF1F, 0xEF1F, 0xE71F, 0xE71F, 0xE71F, 0xEEFF, 0xEEFF, 0xE6FF, 0xE6FF,
  0xE6DF, 0xF77F, 0xFFDF, 0xFFBF, 0xF79F, 0xF79F, 0xF79F, 0xF79F, 0xF79F, 0xF77F, 0xF77F, 0xF77F, 0xF77F, 0xF77F, 0xEF5F, 0xEF5F,
  0xEF5F, 0xEF5F, 0xEF5F, 0xEF5F, 0xEF3F, 0xEF3F, 0xEF3F, 0xEF3F, 0xEF3F, 0xEF3F, 0xEF3F, 0xEF3F, 0xEF3F, 0xEF3F, 0xEF3F, 0xEF3F,
  0xEF3F, 0xEF3F, 0xEF3F, 0xEF3F, 0xEF3F, 0xEF3F, 0xEF3F, 0xEF3F, 0xEF3F, 0xEF3F, 0xEF3F, 0xEF3F, 0xEF3F, 0xEF3F, 0xEF3F, 0xEF3F,
  0xEF3F, 0xEF3F, 0xEF3F, 0xEF3F, 0xEF3F, 0xEF3F, 0xEF3F, 0xEF3F, 0xEF3F, 0xEF3F, 0xEF3F, 0xEF3F, 0xEF3F, 0xEF3F, 0xEF3F, 0xEF3F,
  0xEF3F, 0xEF3F, 0xEF5F, 0xEF5F, 0xEF5F, 0xEF5F, 0xF77F, 0xF77F, 0xF77F, 0xF77F, 0xF79F, 0xFFBF, 0xFFBF, 0xEF1F, 0xE6FF, 0xE6FF,
  0xEF1F, 0xEF1F, 0xEF3F, 0xEF3F, 0xEF3F, 0xEF3F, 0xEF3F, 0xEF3F, 0xEF3F, 0xEF3F, 0xEF3F, 0xEF3F, 0xF75F, 0xF75F, 0xF75F, 0xF77F,
  0xF77F, 0xF77F, 0xF77F, 0xF77F, 0xF77F, 0xFF9F, 0xDE9F, 0xD63F, 0xDE5F, 0xD63F, 0xDE5F, 0xDE5F, 0xD65F, 0xD63F, 0xD61F, 0xD63F,
  0xC59E, 0xC57F, 0xC57F, 0xC57F, 0xC57F, 0xC57F, 0xC57F, 0xC57F, 0xBD7F, 0xBD5F, 0xBD5F, 0xBD5F, 0xBD5F, 0xBD5F, 0xBD5F, 0xBD3F,
  0xBD3F, 0xBD3F, 0xBD3F, 0xBD3F, 0xBD3F, 0xB51F, 0xB51F, 0xB51F, 0xBD1F, 0xB51F, 0xB4FF, 0xC59E, 0xE6BF, 0xDE9F, 0xD63F, 0xD65F,
  0xCE1F, 0xE6FF, 0xFFDF, 0xF79F, 0xF7BF, 0xF7BF, 0xF79F, 0xF79F, 0xF79F, 0xF79F, 0xF77F, 0xF77F, 0xF77F, 0xF77F, 0xF77F, 0xF77F,
  0xEF5F, 0xEF5F, 0xEF5F, 0xEF5F, 0xEF5F, 0xEF5F, 0xEF5F, 0xEF5F, 0xEF5F, 0xEF5F, 0xEF5F, 0xEF5F, 0xEF5F, 0xEF5F, 0xEF3F, 0xEF5F,
  0xEF5F, 0xEF5F, 0xEF3F, 0xEF3F, 0xEF3F, 0xEF3F, 0xEF3F, 0xEF3F, 0xEF3F, 0xEF3F, 0xEF3F, 0xEF3F, 0xEF3F, 0xEF3F, 0xEF3F, 0xEF3F,
  0xEF5F, 0xEF5F, 0xEF5F, 0xEF5F, 0xEF5F, 0xEF3F, 0xEF5F, 0xEF5F, 0xEF3F, 0xEF3F, 0xEF3F, 0xEF3F, 0xEF3F, 0xEF3F, 0xEF3F, 0xEF3F,
  0xEF3F, 0xEF3F, 0xEF3F, 0xEF3F, 0xEF3F, 0xEF5F, 0xEF5F, 0xEF5F, 0xEF5F, 0xEF5F, 0xF75F, 0xF77F, 0xF77F, 0xF79F, 0xE6FE, 0xE6BF,
  0xE6DF, 0xE6DF, 0xE6FF, 0xE6FF, 0xEEFF, 0xEF1F, 0xEF1F, 0xE71F, 0xE71F, 0xE71F, 0xE71F, 0xE6FF, 0xE6FF, 0xE6FF, 0xE6FF, 0xE6DF,
  0xEF3F, 0xFFDF, 0xF7BF, 0xF7BF, 0xF79F, 0xF79F, 0xF79F, 0xF77F, 0xF77F, 0xF77F, 0xF77F, 0xF77F, 0xF77F, 0xEF5F, 0xEF5F, 0xEF5F,
  0xEF5F, 0xEF3F, 0xEF3F, 0xEF3F, 0xEF3F, 0xEF3F, 0xEF3F, 0xEF3F, 0xEF3F, 0xEF3F, 0xEF3F, 0xEF3F, 0xEF3F, 0xEF3F, 0xEF3F, 0xEF3F,
  0xEF3F, 0xEF3F, 0xEF3F, 0xEF3F, 0xEF3F, 0xEF3F, 0xEF3F, 0xEF3F, 0xEF3F, 0xEF3F, 0xEF3F, 0xEF3F, 0xEF3F, 0xEF3F, 0xEF3F, 0xEF3F,
  0xEF3F, 0xEF3F, 0xEF3F, 0xEF3F, 0xEF3F, 0xEF3F, 0xEF3F, 0xEF3F, 0xEF3F, 0xEF3F, 0xEF3F, 0xEF3F, 0xEF3F, 0xEF3F, 0xEF3F, 0xEF3F,
  0xEF3F, 0xEF3F, 0xEF3F, 0xEF5F, 0xEF5F, 0xEF5F, 0xF75F, 0xF77F, 0xF77F, 0xF77F, 0xF77F, 0xF79F, 0xFFBF, 0xF77F, 0xE6FF, 0xE6FF,
  0xEF1F, 0xEF1F, 0xEF1F, 0xEF3F, 0xEF3F, 0xEF3F, 0xEF3F, 0xEF3F, 0xEF3F, 0xEF3F, 0xEF3F, 0xEF3F, 0xF75F, 0xF75F, 0xF75F, 0xF75F,
  0xF77F, 0xF77F, 0xF77F, 0xF77F, 0xFF9F, 0xEF3F, 0xD63F, 0xD63F, 0xD63F, 0xD63F, 0xD65F, 0xD65F, 0xD63F, 0xD61F, 0xD61F, 0xD63F,
  0xC5BE, 0xC59F, 0xC59F, 0xC59F, 0xC57F, 0xC57F, 0xC57F, 0xC57F, 0xBD7F, 0xBD5F, 0xBD5F, 0xBD5F, 0xBD5F, 0xBD5F, 0xBD3F, 0xBD3F,
  0xBD3F, 0xBD3F, 0xBD3F, 0xBD3F, 0xBD3F, 0xB51F, 0xB51F, 0xB51F, 0xB51F, 0xB51F, 0xBD1F, 0xB4FF, 0xB51E, 0xCE1E, 0xDE7F, 0xD63F,
  0xD65F, 0xF79F, 0xFFBF, 0xF7BF, 0xF7BF, 0xF79F, 0xF79F, 0xF79F, 0xF77F, 0xF77F, 0xF77F, 0xF77F, 0xF77F, 0xF77F, 0xEF5F, 0xEF5F,
  0xEF5F, 0xEF5F, 0xEF5F, 0xEF5F, 0xEF5F, 0xEF5F, 0xEF5F, 0xEF5F, 0xEF5F, 0xEF3F, 0xEF3F, 0xEF5F, 0xEF5F, 0xEF3F, 0xEF3F, 0xEF3F,
  0xEF3F, 0xEF3F, 0xEF3F, 0xEF5F, 0xEF3F, 0xEF3F, 0xEF3F, 0xEF3F, 0xEF3F, 0xEF3F, 0xEF3F, 0xEF3F, 0xEF3F, 0xEF3F, 0xEF3F, 0xEF3F,
  0xEF5F, 0xEF5F, 0xEF5F, 0xEF5F, 0xEF5F, 0xEF3F, 0xEF3F, 0xEF3F, 0xEF3F, 0xEF3F, 0xEF3F, 0xEF3F, 0xEF3F, 0xEF3F, 0xEF3F, 0xEF3F,
  0xEF3F, 0xEF3F, 0xEF3F, 0xEF3F, 0xEF3F, 0xEF3F, 0xEF3F, 0xEF3F, 0xEF5F, 0xEF5F, 0xF77F, 0xF77F, 0xF75F, 0xF77F, 0xF75F, 0xE6BF,
  0xE6DF, 0xE6DF, 0xE6DF, 0xE6FF, 0xE6FF, 0xE6FF, 0xEEFF, 0xE71F, 0xE71F, 0xE6FF, 0xE6FF, 0xE6FF, 0xE6DF, 0xE6DF, 0xE6DF, 0xE6DF,
  0xFF9F, 0xFFBF, 0xF79F, 0xF79F, 0xF79F, 0xF79F, 0xF77F, 0xF77F, 0xF77F, 0xF77F, 0xF77F, 0xF77F, 0xEF5F, 0xEF5F, 0xEF5F, 0xEF5F,
  0xEF5F, 0xEF3F, 0xEF3F, 0xEF3F, 0xEF3F, 0xEF3F, 0xEF3F, 0xEF3F, 0xEF3F, 0xEF3F, 0xEF3F, 0xEF3F, 0xEF3F, 0xEF3F, 0xEF3F, 0xEF3F,
  0xEF3F, 0xEF3F, 0xEF3F, 0xEF3F, 0xEF3F, 0xEF3F, 0xEF3F, 0xEF3F, 0xEF3F, 0xEF3F, 0xEF3F, 0xEF1F, 0xEF3F, 0xEF3F, 0xEF3F, 0xEF3F,
  0xEF3F, 0xEF1F, 0xEF3F, 0xEF1F, 0xEF1F, 0xEF1F, 0xEF3F, 0xEF3F, 0xEF3F, 0xEF3F, 0xEF3F, 0xEF3F, 0xEF3F, 0xEF3F, 0xEF3F, 0xEF3F,
  0xEF3F, 0xEF3F, 0xEF3F, 0xEF3F, 0xEF5F, 0xEF5F, 0xEF5F, 0xF77F, 0xF77F, 0xF77F, 0xF77F, 0xF79F, 0xF79F, 0xF7BF, 0xEF1F, 0xE6FF,
  0xEF1F, 0xEF1F, 0xEF1F, 0xEF3F, 0xEF3F, 0xEF3F, 0xEF3F, 0xEF3F, 0xEF3F, 0xEF3F, 0xEF3F, 0xF75F, 0xF75F, 0xF75F, 0xF75F, 0xF75F,
  0xF75F, 0xF77F, 0xF77F, 0xF77F, 0xF77F, 0xDE7F, 0xD61F, 0xD63F, 0xD63F, 0xD63F, 0xD63F, 0xD63F, 0xD63F, 0xD61F, 0xD61F, 0xD61F,
  0xC5BE, 0xC59F, 0xC59F, 0xC59F, 0xC59F, 0xC57F, 0xC57F, 0xC57F, 0xBD7F, 0xBD5F, 0xBD5F, 0xBD5F, 0xBD5F, 0xBD5F, 0xBD5F, 0xBD3F,
  0xBD3F, 0xBD3F, 0xBD3F, 0xBD3F, 0xB51F, 0xB51F, 0xB51F, 0xB51F, 0xB51F, 0xB51F, 0xB4FF, 0xB4FF, 0xB4DF, 0xACDE, 0xC5BE, 0xD65F,
  0xEF1F, 0xFFDF, 0xF79F, 0xF79F, 0xF79F, 0xF79F, 0xF79F, 0xF77F, 0xF77F, 0xF77F, 0xF77F, 0xF77F, 0xF77F, 0xF77F, 0xEF5F, 0xEF5F,
  0xEF5F, 0xEF5F, 0xEF5F, 0xEF5F, 0xEF5F, 0xEF5F, 0xEF5F, 0xEF3F, 0xEF3F, 0xEF3F, 0xEF5F, 0xEF5F, 0xEF5F, 0xEF5F, 0xEF3F, 0xEF3F,
  0xEF3F, 0xEF3F, 0xEF3F, 0xEF3F, 0xEF3F, 0xEF3F, 0xEF3F, 0xEF3F, 0xEF3F, 0xEF3F, 0xEF3F, 0xEF3F, 0xEF3F, 0xEF3F, 0xEF3F, 0xEF3F,
  0xEF5F, 0xEF5F, 0xEF5F, 0xEF5F, 0xEF5F, 0xEF3F, 0xEF3F, 0xEF3F, 0xEF3F, 0xEF3F, 0xEF3F, 0xEF3F, 0xEF3F, 0xEF3F, 0xEF3F, 0xEF3F,
  0xEF3F, 0xEF3F, 0xEF3F, 0xEF3F, 0xEF3F, 0xEF3F, 0xEF3F, 0xEF3F, 0xEF5F, 0xEF5F, 0xEF5F, 0xEF5F, 0xF77F, 0xF77F, 0xF79F, 0xE6FF,
  0xDEBF, 0xE6BF, 0xE6DF, 0xE6DF, 0xE6FF, 0xE6FF, 0xE6FF, 0xE6FF, 0xE6FF, 0xE6FF, 0xE6FF, 0xE6FF, 0xE6DF, 0xE6DF, 0xDEBF, 0xEF1F,
  0xFFDF, 0xF7BF, 0xF79F, 0xF79F, 0xF79F, 0xF79F, 0xF77F, 0xF77F, 0xF77F, 0xF77F, 0xEF7F, 0xEF5F, 0xEF5F, 0xEF5F, 0xEF5F, 0xEF5F,
  0xEF3F, 0xEF3F, 0xEF3F, 0xEF3F, 0xEF3F, 0xEF3F, 0xEF3F, 0xEF3F, 0xEF3F, 0xEF3F, 0xEF3F, 0xEF3F, 0xEF1F, 0xEF1F, 0xEF3F, 0xEF3F,
  0xEF3F, 0xEF3F, 0xEF3F, 0xEF3F, 0xEF3F, 0xEF3F, 0xEF3F, 0xEF3F, 0xEF3F, 0xEF3F, 0xEF1F, 0xEF3F, 0xE71F, 0xEF3F, 0xEF3F, 0xE71F,
  0xE71F, 0xEF1F, 0xEF1F, 0xEF1F, 0xEF1F, 0xEF3F, 0xEF3F, 0xEF3F, 0xEF1F, 0xEF3F, 0xEF3F, 0xEF3F, 0xEF3F, 0xEF3F, 0xEF3F, 0xEF3F,
  0xEF3F, 0xEF3F, 0xEF3F, 0xEF3F, 0xEF5F, 0xEF5F, 0xEF5F, 0xEF5F, 0xF75F, 0xF77F, 0xF77F, 0xF77F, 0xF79F, 0xF79F, 0xF75F, 0xE6FF,
  0xEEFF, 0xEF1F, 0xEF1F, 0xEF3F, 0xEF3F, 0xEF3F, 0xEF3F, 0xEF3F, 0xEF3F, 0xEF3F, 0xEF3F, 0xF75F, 0xF75F, 0xF75F, 0xF75F, 0xF75F,
  0xF75F, 0xF77F, 0xF75F, 0xF79F, 0xEF1F, 0xD61F, 0xD63F, 0xD63F, 0xD63F, 0xD63F, 0xD63F, 0xD63F, 0xD61F, 0xD61F, 0xD61F, 0xD61F,
  0xC5BE, 0xC5BF, 0xC5BF, 0xC59F, 0xC59F, 0xC57F, 0xC57F, 0xC57F, 0xBD7F, 0xBD5F, 0xBD5F, 0xBD5F, 0xBD5F, 0xBD5F, 0xBD5F, 0xBD3F,
  0xBD3F, 0xBD3F, 0xBD3F, 0xBD3F, 0xBD3F, 0xB51F, 0xB51F, 0xB51F, 0xB4FF, 0xB51F, 0xB4FF, 0xB4FF, 0xB4DF, 0xB4FF, 0xB4DF, 0xBD7E,
  0xF79F, 0xFFDF, 0xF79F, 0xF79F, 0xF79F, 0xF79F, 0xF77F, 0xF77F, 0xF77F, 0xF77F, 0xF77F, 0xEF5F, 0xEF5F, 0xEF5F, 0xEF5F, 0xEF5F,
  0xEF5F, 0xEF5F, 0xF77F, 0xF79F, 0xF77F, 0xEF5F, 0xEF3F, 0xEF3F, 0xEF3F, 0xEF3F, 0xEF3F, 0xF77F, 0xF77F, 0xEF3F, 0xEF3F, 0xEF3F,
  0xEF3F, 0xEF3F, 0xEF3F, 0xEF3F, 0xEF3F, 0xEF3F, 0xEF3F, 0xEF3F, 0xEF3F, 0xEF3F, 0xEF3F, 0xEF3F, 0xEF3F, 0xEF3F, 0xEF3F, 0xEF3F,
  0xEF3F, 0xEF5F, 0xEF3F, 0xF77F, 0xEF5F, 0xE71F, 0xEF1F, 0xEF1F, 0xEF3F, 0xEF3F, 0xEF3F, 0xEF5F, 0xF77F, 0xEF3F, 0xE71F, 0xEF3F,
  0xEF3F, 0xEF3F, 0xEF3F, 0xEF3F, 0xEF3F, 0xEF3F, 0xEF3F, 0xEF3F, 0xEF5F, 0xEF5F, 0xEF5F, 0xEF5F, 0xF77F, 0xF77F, 0xF77F, 0xEF3F,
  0xDE9F, 0xE6BF, 0xE6DF, 0xE6DF, 0xE6DF, 0xE6FF, 0xE6FF, 0xE6FF, 0xE6FF, 0xE6FF, 0xE6FF, 0xE6DF, 0xE6DF, 0xDEDF, 0xDE9F, 0xF77F,
  0xFFBF, 0xF79F, 0xF79F, 0xF79F, 0xF77F, 0xF77F, 0xF77F, 0xF77F, 0xF77F, 0xF77F, 0xEF5F, 0xEF5F, 0xEF5F, 0xEF5F, 0xEF5F, 0xEF3F,
  0xEF3F, 0xEF3F, 0xEF3F, 0xEF3F, 0xEF3F, 0xEF3F, 0xEF3F, 0xEF3F, 0xEF1F, 0xEF3F, 0xEF3F, 0xE71F, 0xE71F, 0xE73F, 0xEF1F, 0xEF3F,
  0xE71F, 0xEF5F, 0xEF5F, 0xEF1F, 0xE71F, 0xEF1F, 0xEF1F, 0xEF3F, 0xEF1F, 0xE6FF, 0xE6FF, 0xEF1F, 0xF77F, 0xEF3F, 0xE71F, 0xE71F,
  0xE71F, 0xE71F, 0xE71F, 0xEF3F, 0xE73F, 0xE71F, 0xEF1F, 0xEF1F, 0xEF1F, 0xEF1F, 0xEF1F, 0xEF3F, 0xEF3F, 0xEF3F, 0xEF3F, 0xEF3F,
  0xEF3F, 0xEF3F, 0xEF3F, 0xEF3F, 0xEF3F, 0xEF3F, 0xEF5F, 0xEF5F, 0xEF5F, 0xF77F, 0xF77F, 0xF77F, 0xF77F, 0xF79F, 0xF79F, 0xE6FF,
  0xEEFF, 0xEF1F, 0xEF1F, 0xEF1F, 0xEF3F, 0xEF3F, 0xEF3F, 0xEF3F, 0xEF3F, 0xEF3F, 0xEF3F, 0xF75F, 0xF75F, 0xF75F, 0xF75F, 0xF77F,
  0xF75F, 0xF77F, 0xF77F, 0xF77F, 0xDE7F, 0xCDFF, 0xD61F, 0xD61F, 0xD61F, 0xD63F, 0xD61F, 0xD61F, 0xD61F, 0xCDFF, 0xCDFF, 0xCDFF,
  0xC5BE, 0xC5BF, 0xC5BF, 0xC59F, 0xC59F, 0xC59F, 0xC57F, 0xC57F, 0xC57F, 0xC57F, 0xBD7F, 0xBD5F, 0xBD5F, 0xBD5F, 0xBD5F, 0xBD3F,
  0xBD3F, 0xBD3F, 0xBD3F, 0xBD3F, 0xBD3F, 0xB51F, 0xB51F, 0xB51F, 0xB51F, 0xB51F, 0xB4FF, 0xB4FF, 0xB4FF, 0xB4FF, 0xB4DF, 0xBD7E,
  0xFFBF, 0xFFBF, 0xF79F, 0xF79F, 0xF79F, 0xF79F, 0xF77F, 0xF77F, 0xF77F, 0xF77F, 0xF77F, 0xF77F, 0xEF5F, 0xEF5F, 0xEF5F, 0xEF5F,
  0xEF3F, 0xF79F, 0xDE7E, 0x9C3A, 0x7B38, 0x7B18, 0x7B18, 0x7B38, 0x7B38, 0x7B18, 0x7AF8, 0x8378, 0xD63D, 0xEF5F, 0xEF3F, 0xEF3F,
  0xEF3F, 0xEF3F, 0xEF3F, 0xEF3F, 0xEF3F, 0xEF3F, 0xEF3F, 0xEF5F, 0xEF5F, 0xEF5F, 0xEF5F, 0xEF3F, 0xEF3F, 0xEF3F, 0xEF3F, 0xEF3F,
  0xEF5F, 0xEF5F, 0xF77F, 0xD65D, 0x8358, 0x7AF8, 0x7B19, 0x8339, 0x7B18, 0x7B18, 0x7B18, 0x8358, 0xA49A, 0xDE9E, 0xF77F, 0xEF3F,
  0xEF3F, 0xEF3F, 0xEF3F, 0xEF3F, 0xEF3F, 0xEF3F, 0xEF3F, 0xEF3F, 0xEF3F, 0xEF5F, 0xEF5F, 0xEF5F, 0xEF5F, 0xF75F, 0xF77F, 0xF75F,
  0xDE9F, 0xDE9F, 0xDEBF, 0xE6DF, 0xE6DF, 0xE6DF, 0xE6FF, 0xE6FF, 0xE6DF, 0xE6DF, 0xE6DF, 0xE6DF, 0xE6DF, 0xDEBF, 0xDEBF, 0xF79F,
  0xF7BF, 0xF79F, 0xF79F, 0xF79F, 0xF77F, 0xF77F, 0xF77F, 0xF77F, 0xF77F, 0xEF5F, 0xEF5F, 0xEF5F, 0xEF5F, 0xEF3F, 0xEF3F, 0xEF3F,
  0xEF3F, 0xEF3F, 0xEF3F, 0xEF3F, 0xEF3F, 0xEF3F, 0xEF3F, 0xEF1F, 0xEF1F, 0xE71F, 0xEF3F, 0xEF3F, 0xE71F, 0xEF3F, 0xEF3F, 0xE71F,
  0xEF3F, 0xD61D, 0x8BBA, 0x833A, 0x833A, 0x833A, 0x835A, 0x835A, 0x833A, 0x7B1A, 0x833A, 0x835A, 0x9C5B, 0xDE9E, 0xEF3F, 0xE6FF,
  0xEF1F, 0xE71F, 0xEF1F, 0xEF1F, 0xE71F, 0xE71F, 0xEF1F, 0xEF1F, 0xEF1F, 0xEF1F, 0xEF1F, 0xEF1F, 0xEF1F, 0xEF1F, 0xEF1F, 0xEF1F,
  0xEF1F, 0xEF3F, 0xEF3F, 0xEF3F, 0xEF3F, 0xEF3F, 0xEF3F, 0xEF3F, 0xEF5F, 0xEF5F, 0xF77F, 0xF77F, 0xF77F, 0xF77F, 0xF79F, 0xEF1F,
  0xE6DF, 0xEEFF, 0xEF1F, 0xEF1F, 0xEF3F, 0xEF3F, 0xEF3F, 0xEF3F, 0xEF3F, 0xEF3F, 0xEF3F, 0xF75F, 0xF75F, 0xF75F, 0xF75F, 0xF75F,
  0xF75F, 0xF75F, 0xF77F, 0xEF1F, 0xCDFF, 0xD61F, 0xD61F, 0xD61F, 0xD61F, 0xD61F, 0xD61F, 0xCDFF, 0xCDFF, 0xCDFF, 0xCDFF, 0xCDFF,
  0xC5DE, 0xC59F, 0xC5BF, 0xC5BF, 0xC5BF, 0xC59F, 0xC57F, 0xC57F, 0xC57F, 0xC57F, 0xC57F, 0xBD7F, 0xBD5F, 0xBD5F, 0xBD5F, 0xBD5F,
  0xBD5F, 0xBD5F, 0xBD3F, 0xBD3F, 0xBD3F, 0xBD3F, 0xBD1F, 0xBD1F, 0xB51F, 0xB4FF, 0xB4FF, 0xB4FF, 0xB4FF, 0xB4FF, 0xACBF, 0xCDFE,
  0xFFDF, 0xF79F, 0xF79F, 0xF79F, 0xF79F, 0xF77F, 0xF77F, 0xF77F, 0xF77F, 0xEF5F, 0xEF5F, 0xEF7F, 0xEF5F, 0xEF5F, 0xEF5F, 0xEF3F,
  0xF77F, 0xB53B, 0x5A15, 0x5195, 0x51B5, 0x51B6, 0x59D6, 0x59D6, 0x59D7, 0x59D6, 0x59D5, 0x4955, 0x8B99, 0xF77F, 0xEF3F, 0xEF3F,
  0xEF3F, 0xEF3F, 0xEF3F, 0xEF3F, 0xEF3F, 0xEF3F, 0xEF3F, 0xEF3F, 0xEF3F, 0xEF3F, 0xEF3F, 0xEF3F, 0xEF3F, 0xEF3F, 0xEF3F, 0xEF3F,
  0xEF3F, 0xEF3F, 0xEF5F, 0x72D7, 0x5176, 0x61F7, 0x59D7, 0x59F7, 0x59D6, 0x59B6, 0x59B6, 0x5195, 0x4975, 0x6236, 0xC5BC, 0xF77F,
  0xE71F, 0xEF3F, 0xEF3F, 0xEF3F, 0xEF3F, 0xEF3F, 0xEF3F, 0xEF3F, 0xEF3F, 0xEF3F, 0xEF3F, 0xEF5F, 0xEF5F, 0xEF5F, 0xEF5F, 0xF75F,
  0xDE9F, 0xDE7F, 0xDEBF, 0xE6BF, 0xE6DF, 0xE6DF, 0xE6DF, 0xE6DF, 0xE6DF, 0xE6DF, 0xE6DF, 0xE6DF, 0xDEDF, 0xDE9F, 0xE6DF, 0xFFBF,
  0xF79F, 0xF79F, 0xF79F, 0xF77F, 0xF77F, 0xF77F, 0xF77F, 0xF77F, 0xEF5F, 0xEF5F, 0xEF5F, 0xEF5F, 0xEF5F, 0xEF3F, 0xEF3F, 0xEF3F,
  0xEF3F, 0xEF3F, 0xEF3F, 0xEF3F, 0xEF1F, 0xEF1F, 0xEF1F, 0xEF1F, 0xEF1F, 0xE71F, 0xE71F, 0xEF3F, 0xE71F, 0xEF3F, 0xE71F, 0xEF3F,
  0xDE7E, 0x6A78, 0x61D8, 0x6219, 0x6218, 0x6219, 0x6219, 0x61F8, 0x6218, 0x6218, 0x6218, 0x6239, 0x61F9, 0x837A, 0xE6DF, 0xE71F,
  0xEF1F, 0xEF1F, 0xE71F, 0xE71F, 0xE71F, 0xE71F, 0xE71F, 0xE71F, 0xE71F, 0xE71F, 0xE71F, 0xE71F, 0xEF1F, 0xEF1F, 0xEF1F, 0xEF1F,
  0xEF1F, 0xEF3F, 0xEF3F, 0xEF3F, 0xEF3F, 0xEF3F, 0xEF3F, 0xEF3F, 0xEF3F, 0xEF5F, 0xEF5F, 0xEF5F, 0xF77F, 0xF77F, 0xF79F, 0xEF3F,
  0xE6DF, 0xEEFF, 0xEF1F, 0xEF1F, 0xEF1F, 0xEF3F, 0xEF3F, 0xEF3F, 0xEF3F, 0xEF3F, 0xF75F, 0xF75F, 0xF75F, 0xF75F, 0xF75F, 0xF75F,
  0xF75F, 0xF75F, 0xF77F, 0xDE7F, 0xCDDF, 0xD5FF, 0xCDFF, 0xCDFF, 0xD61F, 0xD61F, 0xD61F, 0xCDFF, 0xCDFF, 0xCDFF, 0xCDFF, 0xCDFF,
  0xCDDE, 0xC59F, 0xC5BF, 0xC5BF, 0xC5BF, 0xC5BF, 0xC59F, 0xC57F, 0xC57F, 0xC57F, 0xC57F, 0xBD7F, 0xBD7F, 0xBD5F, 0xBD5F, 0xBD5F,
  0xBD5F, 0xBD5F, 0xBD5F, 0xBD3F, 0xBD3F, 0xBD3F, 0xBD1F, 0xBD1F, 0xBD1F, 0xBD1F, 0xB4FF, 0xB4FF, 0xB4FF, 0xB4FF, 0xACDF, 0xD67E,
  0xFFDF, 0xF79F, 0xF79F, 0xF79F, 0xF79F, 0xF77F, 0xF77F, 0xF77F, 0xF77F, 0xEF5F, 0xEF5F, 0xEF5F, 0xEF5F, 0xEF5F, 0xEF3F, 0xF79F,
  0xB55B, 0x4994, 0x51B6, 0x59D6, 0x4975, 0x4954, 0x4974, 0x5195, 0x5195, 0x5195, 0x5174, 0x4954, 0xAC9A, 0xEF5F, 0xEF3F, 0xEF3F,
  0xEF3F, 0xEF3F, 0xEF3F, 0xEF3F, 0xEF3F, 0xEF3F, 0xEF3F, 0xEF3F, 0xEF3F, 0xEF3F, 0xEF3F, 0xEF3F, 0xEF3F, 0xEF3F, 0xEF3F, 0xEF3F,
  0xEF3F, 0xEF3E, 0xEF5F, 0x93F9, 0x4934, 0x51B5, 0x51B5, 0x51B5, 0x5195, 0x4975, 0x4954, 0x4974, 0x59D6, 0x5195, 0x51D4, 0xCDFD,
  0xEF5F, 0xE71F, 0xEF3F, 0xEF3F, 0xEF3F, 0xEF3F, 0xEF3F, 0xEF3F, 0xEF3F, 0xEF3F, 0xEF3F, 0xEF5F, 0xEF5F, 0xEF5F, 0xEF5F, 0xF77F,
  0xE6BF, 0xDE7F, 0xDEBF, 0xDEBF, 0xE6BF, 0xE6DF, 0xE6DF, 0xE6DF, 0xE6DF, 0xE6DF, 0xE6DF, 0xDEBF, 0xDEBF, 0xDE9F, 0xE6FF, 0xFFBF,
  0xF79F, 0xF79F, 0xF77F, 0xF77F, 0xF77F, 0xF77F, 0xF77F, 0xEF5F, 0xEF5F, 0xEF5F, 0xEF5F, 0xEF5F, 0xEF3F, 0xEF3F, 0xEF3F, 0xEF3F,
  0xEF3F, 0xEF3F, 0xEF1F, 0xEF1F, 0xEF1F, 0xEF1F, 0xEF1F, 0xEF1F, 0xEF1F, 0xE71F, 0xE71F, 0xE71F, 0xE71F, 0xEF1F, 0xE71F, 0xEF5F,
  0xBD5D, 0x59B7, 0x6218, 0x6238, 0x6238, 0x6238, 0x6218, 0x5A17, 0x6217, 0x6218, 0x6238, 0x6238, 0x6218, 0x6238, 0xD63E, 0xEF1F,
  0xE71F, 0xE71F, 0xE71F, 0xE71F, 0xE6FF, 0xE71F, 0xE71F, 0xE71F, 0xE71F, 0xE71F, 0xE71F, 0xE71F, 0xE71F, 0xE71F, 0xEF1F, 0xEF1F,
  0xEF1F, 0xEF1F, 0xEF3F, 0xEF3F, 0xEF3F, 0xEF3F, 0xEF3F, 0xEF3F, 0xEF3F, 0xEF5F, 0xEF5F, 0xEF5F, 0xF77F, 0xF77F, 0xF79F, 0xF75F,
  0xE6DF, 0xE6DF, 0xEEFF, 0xEF1F, 0xEF1F, 0xEF3F, 0xEF3F, 0xEF3F, 0xEF3F, 0xEF3F, 0xF75F, 0xF75F, 0xF75F, 0xF75F, 0xF75F, 0xF75F,
  0xF75F, 0xF77F, 0xEF3F, 0xCDFF, 0xCDFF, 0xCDDF, 0xCDFF, 0xCDFF, 0xD5FF, 0xD5FF, 0xCDFF, 0xCDFF, 0xCDFF, 0xCDDF, 0xCDDF, 0xCDDF,
  0xC5DE, 0xBD5F, 0xBD5F, 0xC59F, 0xC5BF, 0xCDBF, 0xC5BF, 0xC59F, 0xC57F, 0xC57F, 0xC57F, 0xBD7F, 0xC57F, 0xC57F, 0xBD5F, 0xBD5F,
  0xBD5F, 0xBD5F, 0xBD5F, 0xBD5F, 0xBD3F, 0xBD3F, 0xBD1F, 0xBD1F, 0xBD1F, 0xBD1F, 0xB51F, 0xB4FF, 0xB4FF, 0xB4FF, 0xACBF, 0xDE7F,
  0xFFDF, 0xF79F, 0xF79F, 0xF79F, 0xF77F, 0xF77F, 0xF77F, 0xF77F, 0xEF5F, 0xEF5F, 0xEF5F, 0xEF5F, 0xEF5F, 0xEF5F, 0xEF5F, 0xEF1E,
  0x6A76, 0x5195, 0x51B5, 0x4994, 0x8398, 0xACFB, 0xB51B, 0xB53B, 0xB53B, 0xB53B, 0xB51B, 0xC5BC, 0xEF1F, 0xE6FF, 0xEF1F, 0xEF3F,
  0xEF3F, 0xEF3F, 0xEF3F, 0xEF3F, 0xEF3F, 0xEF3F, 0xEF3F, 0xEF3F, 0xEF3F, 0xEF3F, 0xEF3F, 0xEF3F, 0xEF3F, 0xEF3F, 0xEF3F, 0xEF3F,
  0xEF3F, 0xEF3F, 0xEF1F, 0xE6FF, 0xB53B, 0xAD1B, 0xB55C, 0xB55B, 0xB51B, 0xACDB, 0xACDB, 0x8357, 0x4975, 0x51B6, 0x4154, 0x6AB6,
  0xEEFF, 0xEF1F, 0xEF3F, 0xEF3F, 0xEF3F, 0xEF3F, 0xEF3F, 0xEF3F, 0xEF3F, 0xEF3F, 0xEF3F, 0xEF5F, 0xEF5F, 0xEF5F, 0xEF5F, 0xF77F,
  0xE6BF, 0xDE7F, 0xDE9F, 0xDE9F, 0xDEBF, 0xE6BF, 0xE6DF, 0xE6DF, 0xE6DF, 0xE6DF, 0xE6BF, 0xDEBF, 0xDE9F, 0xDE7F, 0xEF1F, 0xFFBF,
  0xF79F, 0xF79F, 0xF77F, 0xF77F, 0xF77F, 0xF77F, 0xF77F, 0xEF5F, 0xEF5F, 0xEF5F, 0xEF3F, 0xEF3F, 0xEF3F, 0xEF3F, 0xEF3F, 0xEF3F,
  0xEF3F, 0xEF3F, 0xEF3F, 0xEF3F, 0xEF1F, 0xEF1F, 0xE71F, 0xE71F, 0xEF1F, 0xE71F, 0xE71F, 0xE6FF, 0xE6FF, 0xE71F, 0xE6FF, 0xF73F,
  0xACDC, 0x5197, 0x59F8, 0x59F7, 0x59F7, 0x59F7, 0x59F7, 0x59F6, 0x59F7, 0x59F7, 0x59F7, 0x5A17, 0x6217, 0x59F8, 0xCDDD, 0xEF1F,
  0xE6FF, 0xE6FF, 0xE6FF, 0xE6FF, 0xE6FF, 0xE71F, 0xE71F, 0xE71F, 0xE71F, 0xE71F, 0xE71F, 0xE71F, 0xE71F, 0xE71F, 0xEF1F, 0xEF1F,
  0xEF1F, 0xEF1F, 0xEF1F, 0xEF1F, 0xEF3F, 0xEF3F, 0xEF3F, 0xEF3F, 0xEF3F, 0xEF3F, 0xEF5F, 0xEF5F, 0xEF5F, 0xEF5F, 0xF77F, 0xEF5F,
  0xE6BF, 0xE6DF, 0xE6FF, 0xEF1F, 0xEF1F, 0xEF3F, 0xEF3F, 0xEF3F, 0xEF3F, 0xEF3F, 0xEF3F, 0xF75F, 0xF75F, 0xF75F, 0xF75F, 0xF75F,
  0xF75F, 0xF77F, 0xE6BF, 0xCDDF, 0xCDDF, 0xCDDF, 0xCDDF, 0xCDFF, 0xCDDF, 0xCDFF, 0xCDDF, 0xCDDF, 0xCDDF, 0xCDDF, 0xCDBF, 0xCDDF,
  0xD65E, 0xCE1F, 0xCDFF, 0xC5DF, 0xC5BF, 0xC5BF, 0xC59F, 0xC59F, 0xC57F, 0xC57F, 0xC59F, 0xC57F, 0xC57F, 0xC57F, 0xC57F, 0xBD7F,
  0xC57F, 0xBD5F, 0xBD5F, 0xBD5F, 0xBD5F, 0xBD3F, 0xBD1F, 0xBD1F, 0xBD1F, 0xBD1F, 0xBD1F, 0xB4FF, 0xB4FF, 0xB4FF, 0xACBF, 0xDE7E,
  0xFFDF, 0xF79F, 0xF77F, 0xF77F, 0xF77F, 0xF77F, 0xF77F, 0xEF5F, 0xEF5F, 0xEF5F, 0xEF5F, 0xEF5F, 0xEF5F, 0xEF3F, 0xF77F, 0xCDFC,
  0x4995, 0x51B5, 0x4153, 0x8BD8, 0xF75F, 0xEF3F, 0xEF5F, 0xEF5F, 0xEF5F, 0xF75F, 0xF77F, 0xEF5F, 0xE71F, 0xE71F, 0xEF1F, 0xEF3F,
  0xEF3F, 0xEF3F, 0xEF3F, 0xEF3F, 0xEF3F, 0xEF3F, 0xEF3F, 0xEF3F, 0xEF3F, 0xEF3F, 0xEF3F, 0xEF3F, 0xEF3F, 0xEF3F, 0xEF3F, 0xEF3F,
  0xEF3F, 0xEF1F, 0xE71F, 0xE6FF, 0xEF3F, 0xF75F, 0xF77F, 0xF75F, 0xEF5F, 0xEF1F, 0xEF3F, 0xF75F, 0x7B37, 0x4133, 0x4974, 0x4152,
  0xCE1C, 0xF75F, 0xEF3F, 0xEF3F, 0xEF3F, 0xEF3F, 0xEF3F, 0xEF3F, 0xEF3F, 0xEF3F, 0xEF3F, 0xEF3F, 0xEF3F, 0xEF5F, 0xEF5F, 0xF77F,
  0xE6BF, 0xD65F, 0xDE7F, 0xDE9F, 0xDEBF, 0xDEBF, 0xE6BF, 0xE6DF, 0xE6DF, 0xE6BF, 0xE6BF, 0xDE9F, 0xDE9F, 0xD65F, 0xE6FF, 0xF7BF,
  0xF77F, 0xF77F, 0xF77F, 0xF77F, 0xF77F, 0xEF5F, 0xEF5F, 0xEF5F, 0xEF5F, 0xEF3F, 0xEF3F, 0xEF3F, 0xEF3F, 0xEF3F, 0xEF3F, 0xEF3F,
  0xEF1F, 0xEF1F, 0xEF3F, 0xEF3F, 0xE71F, 0xE71F, 0xE71F, 0xE71F, 0xE71F, 0xE71F, 0xE6FF, 0xE6FF, 0xE6FF, 0xE6FF, 0xDEBF, 0xEF1F,
  0x93FA, 0x5196, 0x59F7, 0x59D6, 0x59D6, 0x51D6, 0x51D6, 0x51D6, 0x59D6, 0x59D6, 0x59D6, 0x59F6, 0x59F7, 0x59F7, 0xB53C, 0xEF1F,
  0xDEBF, 0xE6DF, 0xE6DF, 0xE6FF, 0xE6FF, 0xE6FF, 0xE6FF, 0xE6FF, 0xE6FF, 0xE71F, 0xE71F, 0xE71F, 0xE71F, 0xE71F, 0xE71F, 0xEF1F,
  0xE71F, 0xEF1F, 0xEF1F, 0xEF1F, 0xEF1F, 0xEF3F, 0xEF3F, 0xEF3F, 0xEF3F, 0xEF3F, 0xEF3F, 0xEF5F, 0xEF5F, 0xEF5F, 0xF77F, 0xEF3F,
  0xE6BF, 0xE6DF, 0xE6FF, 0xEEFF, 0xEF1F, 0xEF3F, 0xEF3F, 0xEF3F, 0xEF3F, 0xEF3F, 0xEF3F, 0xF75F, 0xF75F, 0xF75F, 0xF75F, 0xF75F,
  0xF75F, 0xF75F, 0xD63F, 0xCDDE, 0xCDDF, 0xCDDF, 0xCDDF, 0xCDDF, 0xCDDF, 0xCDDF, 0xCDBF, 0xCDBF, 0xCDDF, 0xCDBF, 0xC5BF, 0xCDBF,
  0xE6FE, 0xE6FF, 0xE6FF, 0xE6FF, 0xDEBF, 0xDE9F, 0xD65F, 0xD61F, 0xC5DF, 0xBD7F, 0xBD7F, 0xC57F, 0xC59F, 0xC59F, 0xC59F, 0xC57F,
  0xC57F, 0xC57F, 0xBD7F, 0xBD5F, 0xBD5F, 0xBD3F, 0xBD3F, 0xBD1F, 0xBD1F, 0xBD1F, 0xBD1F, 0xB51F, 0xB4FF, 0xB4FF, 0xACBF, 0xDE7E,
  0xFFDF, 0xF77F, 0xF77F, 0xF77F, 0xF77F, 0xF77F, 0xEF5F, 0xEF5F, 0xEF5F, 0xEF5F, 0xEF5F, 0xEF5F, 0xEF3F, 0xEF3F, 0xF79F, 0xBD7B,
  0x4154, 0x51B4, 0x4153, 0xBD7B, 0xF75F, 0xE6DF, 0xE6FF, 0xE6FE, 0xE6DF, 0xE6FF, 0xE71F, 0xEF1F, 0xEF1F, 0xE71F, 0xE71F, 0xEF3F,
  0xEF3F, 0xEF3F, 0xEF3F, 0xEF3F, 0xEF3F, 0xEF3F, 0xEF3F, 0xEF3F, 0xEF3F, 0xEF3F, 0xEF3F, 0xEF3F, 0xEF3F, 0xEF3F, 0xEF3F, 0xEF1F,
  0xEF1F, 0xEF1F, 0xEF1F, 0xEF1F, 0xE6FF, 0xE6FF, 0xE6FF, 0xE6FF, 0xE6DF, 0xE6DF, 0xDEDF, 0xEF3F, 0xA47A, 0x38F2, 0x4973, 0x4153,
  0xC5DC, 0xF77F, 0xEF3F, 0xEF3F, 0xEF3F, 0xEF3F, 0xEF3F, 0xEF3F, 0xEF3F, 0xEF3F, 0xEF3F, 0xEF3F, 0xEF3F, 0xEF5F, 0xEF5F, 0xF77F,
  0xDEBF, 0xD63F, 0xDE7F, 0xDE9F, 0xDE9F, 0xDEBF, 0xE6BF, 0xE6BF, 0xE6BF, 0xE6BF, 0xE6BF, 0xDE9F, 0xDE9F, 0xD65F, 0xE6FF, 0xF79F,
  0xF77F, 0xF77F, 0xF77F, 0xF77F, 0xEF7F, 0xEF5F, 0xEF5F, 0xEF5F, 0xEF3F, 0xEF3F, 0xEF3F, 0xEF3F, 0xEF3F, 0xEF3F, 0xEF3F, 0xEF1F,
  0xEF1F, 0xEF1F, 0xEF3F, 0xE71F, 0xE71F, 0xEF3F, 0xF75F, 0xEF5F, 0xEF3F, 0xE71F, 0xE6FF, 0xE6FF, 0xDEBF, 0xDEBF, 0xE6DF, 0xDE9F,
  0x72D8, 0x51B6, 0x59D6, 0x51D6, 0x51B5, 0x51B5, 0x51B5, 0x51B6, 0x51B5, 0x51B5, 0x51D5, 0x51D6, 0x59F6, 0x51D7, 0x93FA, 0xEEFF,
  0xE6BF, 0xDE9F, 0xE6BF, 0xE6DF, 0xE6DF, 0xE6FF, 0xEF1F, 0xEF3F, 0xEF3F, 0xE71F, 0xE71F, 0xE71F, 0xE71F, 0xE71F, 0xE71F, 0xE71F,
  0xEF1F, 0xE71F, 0xEF1F, 0xEF1F, 0xEF1F, 0xEF3F, 0xEF3F, 0xEF3F, 0xEF3F, 0xEF3F, 0xEF3F, 0xEF5F, 0xEF5F, 0xEF5F, 0xF77F, 0xEF3F,
  0xE69F, 0xE6DF, 0xE6DF, 0xEEFF, 0xEF1F, 0xEF3F, 0xEF3F, 0xEF3F, 0xEF3F, 0xEF3F, 0xF75F, 0xF75F, 0xF75F, 0xF75F, 0xF75F, 0xF75F,
  0xF77F, 0xEF3F, 0xCDDF, 0xCDDF, 0xCDBF, 0xCDDF, 0xCDDF, 0xCDDF, 0xCDBF, 0xCDBF, 0xCD9F, 0xCDBF, 0xCDBF, 0xCDBF, 0xC5BF, 0xCDBF,
  0xE6FE, 0xE6FF, 0xDEDF, 0xE6BF, 0xDEBF, 0xE6DF, 0xE6DF, 0xE6FF, 0xE6FF, 0xDE9F, 0xD63F, 0xCDDF, 0xC59F, 0xC59F, 0xC59F, 0xC59F,
  0xC59F, 0xC57F, 0xC57F, 0xBD7F, 0xBD5F, 0xBD5F, 0xBD3F, 0xBD3F, 0xBD1F, 0xBD1F, 0xBD1F, 0xB51F, 0xB4FF, 0xB4FF, 0xACBF, 0xDE5E,
  0xFFBF, 0xF77F, 0xF77F, 0xF77F, 0xF77F, 0xEF5F, 0xEF5F, 0xEF5F, 0xEF5F, 0xEF5F, 0xEF5F, 0xEF3F, 0xEF3F, 0xEF3F, 0xF77F, 0xBD7C,
  0x4153, 0x51B5, 0x4154, 0xBD7B, 0xF79F, 0xE71F, 0xE71F, 0xE6FF, 0xE6FF, 0xEF1F, 0xEF3F, 0xEF3F, 0xEF1F, 0xE71F, 0xE71F, 0xEF1F,
  0xEF3F, 0xEF3F, 0xEF3F, 0xEF1F, 0xEF1F, 0xEF1F, 0xEF3F, 0xEF3F, 0xEF3F, 0xEF3F, 0xEF1F, 0xEF1F, 0xEF1F, 0xEF1F, 0xEF1F, 0xEF1F,
  0xEF1F, 0xE6FF, 0xE6FF, 0xEF1F, 0xE71F, 0xE71F, 0xE6FF, 0xE6FF, 0xE6FF, 0xE6FF, 0xE6DF, 0xEF1F, 0x9C59, 0x38F2, 0x4954, 0x4152,
  0xCDFC, 0xF77F, 0xE71F, 0xEF3F, 0xEF3F, 0xEF3F, 0xEF3F, 0xEF3F, 0xEF3F, 0xEF3F, 0xEF3F, 0xEF3F, 0xEF3F, 0xEF5F, 0xEF5F, 0xF77F,
  0xDE9F, 0xD63F, 0xD65F, 0xDE7F, 0xDE9F, 0xDEBF, 0xDEBF, 0xE6BF, 0xE6BF, 0xE6BF, 0xDE9F, 0xDE9F, 0xDE7F, 0xD65F, 0xE6FF, 0xF79F,
  0xF77F, 0xF77F, 0xF77F, 0xEF5F, 0xEF5F, 0xEF5F, 0xEF5F, 0xEF5F, 0xEF3F, 0xEF3F, 0xEF3F, 0xEF3F, 0xEF3F, 0xEF3F, 0xEF1F, 0xEF1F,
  0xEF3F, 0xEF1F, 0xE73F, 0xE71F, 0xEF5F, 0xD67E, 0xB51C, 0xC59D, 0xE6BF, 0xF75F, 0xEF5F, 0xE6FF, 0xE6FF, 0xD67F, 0xACDB, 0x72B8,
  0x51D6, 0x51D6, 0x51D5, 0x51B5, 0x51B5, 0x51B5, 0x51B5, 0x51B5, 0x51B5, 0x51B5, 0x51B5, 0x51B5, 0x51B6, 0x59D6, 0x59F6, 0x7B18,
  0xB51D, 0xDE7F, 0xE6DF, 0xE6FF, 0xEF3F, 0xEEFF, 0xDE5E, 0xCDDE, 0xDE3E, 0xEF1F, 0xEF1F, 0xE6FF, 0xE71F, 0xE71F, 0xE71F, 0xE71F,
  0xE71F, 0xE71F, 0xEF1F, 0xE71F, 0xE71F, 0xE71F, 0xEF1F, 0xEF3F, 0xEF3F, 0xEF3F, 0xEF3F, 0xEF5F, 0xEF5F, 0xEF5F, 0xF77F, 0xEF1F,
  0xDE9F, 0xE6DF, 0xE6DF, 0xEEFF, 0xEF1F, 0xEF3F, 0xEF3F, 0xEF3F, 0xEF3F, 0xEF3F, 0xEF3F, 0xF75F, 0xF75F, 0xF75F, 0xF75F, 0xF75F,
  0xF77F, 0xE6BF, 0xC59F, 0xCDBF, 0xCDBF, 0xCDBF, 0xCDBF, 0xCDBF, 0xCDBF, 0xCD9F, 0xC59F, 0xC59F, 0xCD9F, 0xCD9F, 0xC59F, 0xCDBF,
  0xE6FE, 0xE6DF, 0xE6DF, 0xE6DF, 0xDEBF, 0xDEBF, 0xDEBF, 0xDEBF, 0xDEBF, 0xE6DF, 0xE6FF, 0xE6FF, 0xDEBF, 0xD63E, 0xC5DF, 0xC59F,
  0xC59F, 0xC59F, 0xC57F, 0xC57F, 0xC55F, 0xBD5F, 0xBD5F, 0xBD3F, 0xBD3F, 0xBD3F, 0xBD1F, 0xB51F, 0xB4FF, 0xB4FF, 0xACBF, 0xD67F,
  0xFFBF, 0xF77F, 0xF77F, 0xF77F, 0xF77F, 0xF75F, 0xEF5F, 0xEF5F, 0xEF5F, 0xEF5F, 0xEF3F, 0xEF3F, 0xEF3F, 0xEF1F, 0xF75F, 0xBD7C,
  0x4154, 0x5195, 0x4154, 0xBD5B, 0xF75F, 0xE6FF, 0xE71F, 0xE71F, 0xE71F, 0xEF1F, 0xEF1F, 0xEF5F, 0xF75F, 0xEF5F, 0xEF5F, 0xEF5F,
  0xEF5F, 0xEF5F, 0xEF5F, 0xF75F, 0xF75F, 0xEF5F, 0xEF3F, 0xEF1F, 0xEF1F, 0xEF1F, 0xF73F, 0xF75F, 0xF75F, 0xEF5F, 0xF75F, 0xEF5F,
  0xEF3F, 0xEF3F, 0xEF3F, 0xF73F, 0xEF1F, 0xE6FF, 0xE6FF, 0xE6FF, 0xE6FF, 0xE6FF, 0xE6DF, 0xEF3F, 0x9C79, 0x38F2, 0x4954, 0x4132,
  0xCDDC, 0xF75F, 0xE71F, 0xEF1F, 0xEF1F, 0xEF3F, 0xEF3F, 0xEF3F, 0xEF3F, 0xEF3F, 0xEF3F, 0xEF3F, 0xEF3F, 0xEF5F, 0xEF5F, 0xF75F,
  0xDE9F, 0xD61F, 0xD65F, 0xDE7F, 0xDE9F, 0xDE9F, 0xE6BF, 0xE6BF, 0xDEBF, 0xDE9F, 0xDE9F, 0xDE9F, 0xDE7F, 0xD65F, 0xE6FF, 0xF79F,
  0xF77F, 0xF77F, 0xF77F, 0xF77F, 0xEF5F, 0xEF5F, 0xEF3F, 0xEF3F, 0xEF3F, 0xEF3F, 0xEF3F, 0xEF3F, 0xEF1F, 0xEF1F, 0xEF1F, 0xEF3F,
  0xEF1F, 0xEF1F, 0xE71F, 0xEF5F, 0xCE1D, 0x6258, 0x59F7, 0x6218, 0x6A98, 0x93DA, 0xBD5C, 0xD63E, 0xACDC, 0x6A77, 0x4975, 0x4995,
  0x51D5, 0x51B5, 0x51B5, 0x51B5, 0x51B5, 0x5195, 0x5195, 0x5195, 0x5195, 0x5195, 0x51B5, 0x51B5, 0x51B5, 0x51D5, 0x51B5, 0x4975,
  0x5195, 0x7B18, 0xBD5D, 0xCE1E, 0xB51C, 0x93BA, 0x8B3B, 0x937C, 0xA3FD, 0xBD1D, 0xEF1F, 0xE6FF, 0xE71F, 0xE71F, 0xE6FF, 0xE6FF,
  0xE71F, 0xE71F, 0xE71F, 0xE71F, 0xE71F, 0xEF1F, 0xEF1F, 0xEF3F, 0xEF3F, 0xEF3F, 0xEF3F, 0xEF3F, 0xEF5F, 0xEF5F, 0xF77F, 0xEF1F,
  0xDE9F, 0xE6BF, 0xE6DF, 0xEEFF, 0xEF1F, 0xEF3F, 0xEF3F, 0xEF3F, 0xEF3F, 0xEF3F, 0xF75F, 0xF75F, 0xF75F, 0xF75F, 0xF75F, 0xEF3F,
  0xF75F, 0xD63F, 0xC59F, 0xCDBF, 0xCDBF, 0xCDBF, 0xC59F, 0xCDBF, 0xC59F, 0xC59F, 0xC59F, 0xC59F, 0xC59F, 0xC59F, 0xC59F, 0xC5BF,
  0xE6DE, 0xE6DF, 0xE6DF, 0xE6DF, 0xE6DF, 0xE6DF, 0xDEBF, 0xE6DF, 0xDEBF, 0xDEBF, 0xDEBF, 0xDEBF, 0xE6DF, 0xE6FF, 0xE6DF, 0xDE7F,
  0xCDFF, 0xC59F, 0xC57F, 0xC59F, 0xC57F, 0xBD7F, 0xBD5F, 0xBD5F, 0xBD3F, 0xBD3F, 0xBD1F, 0xBD1F, 0xB4FF, 0xB4FF, 0xACBF, 0xD67F,
  0xFFBF, 0xF77F, 0xF77F, 0xF77F, 0xF77F, 0xEF5F, 0xEF5F, 0xEF5F, 0xEF5F, 0xEF3F, 0xEF3F, 0xEF3F, 0xEF3F, 0xE71F, 0xF75F, 0xBD5B,
  0x4133, 0x4974, 0x4133, 0xB51B, 0xEF3F, 0xE6DF, 0xE71F, 0xEF1F, 0xEF1F, 0xE71F, 0xEF1F, 0xDE5E, 0xCDFD, 0xD63D, 0xD63D, 0xD61D,
  0xCDFD, 0xCDFD, 0xCDDD, 0xD5FD, 0xD61D, 0xE6BE, 0xF77F, 0xEF3F, 0xEEFF, 0xEF1F, 0xDE5E, 0xD61D, 0xD61D, 0xCDFD, 0xD5FD, 0xD61D,
  0xD61D, 0xD61D, 0xD61D, 0xCDFD, 0xD61D, 0xE6DF, 0xE6DF, 0xE6FF, 0xE6FF, 0xE6FF, 0xE6FF, 0xF77F, 0xA4B9, 0x38F2, 0x4153, 0x3912,
  0xC59C, 0xEF1F, 0xE6FF, 0xE71F, 0xEF1F, 0xEF3F, 0xEF3F, 0xEF3F, 0xEF3F, 0xEF3F, 0xEF3F, 0xEF3F, 0xEF3F, 0xEF5F, 0xEF5F, 0xF75F,
  0xDE9F, 0xD61F, 0xD65F, 0xDE7F, 0xDE7F, 0xDE9F, 0xDE9F, 0xDE9F, 0xDE9F, 0xDE9F, 0xDE9F, 0xDE7F, 0xDE7F, 0xD63F, 0xE6DF, 0xF79F,
  0xF77F, 0xF77F, 0xF77F, 0xEF5F, 0xEF5F, 0xEF5F, 0xEF5F, 0xEF3F, 0xEF3F, 0xEF3F, 0xEF3F, 0xEF3F, 0xEF1F, 0xEF1F, 0xEF1F, 0xEF1F,
  0xE71F, 0xE71F, 0xE71F, 0xEEFF, 0x7B19, 0x59D8, 0x6238, 0x6218, 0x59F7, 0x51B7, 0x59D7, 0x5A18, 0x5196, 0x4975, 0x51B5, 0x51B5,
  0x51B5, 0x5195, 0x5195, 0x5195, 0x4995, 0x4995, 0x4994, 0x4995, 0x4994, 0x4995, 0x4995, 0x5195, 0x5195, 0x51B5, 0x51B5, 0x51D5,
  0x51B5, 0x5195, 0x59F6, 0x6237, 0x59F7, 0x6A58, 0x72B9, 0x82FA, 0x8B3B, 0x8B5B, 0xBD5D, 0xEF3F, 0xE6FF, 0xE6FF, 0xE6FF, 0xE6FF,
  0xE6FF, 0xE71F, 0xE71F, 0xE71F, 0xE71F, 0xE71F, 0xEF1F, 0xEF1F, 0xEF3F, 0xEF3F, 0xEF3F, 0xEF3F, 0xEF3F, 0xEF5F, 0xF77F, 0xEF1F,
  0xDE9F, 0xE6BF, 0xE6DF, 0xEEFF, 0xEF1F, 0xEF1F, 0xEF3F, 0xF73F, 0xEF5F, 0xEF3F, 0xEF3F, 0xEF3F, 0xF75F, 0xF75F, 0xEF3F, 0xEF3F,
  0xEF3F, 0xCDDE, 0xC59F, 0xCDBF, 0xCD9F, 0xC59F, 0xC59F, 0xC59F, 0xC59F, 0xC59F, 0xC59F, 0xC59F, 0xC57F, 0xC57F, 0xC59F, 0xC59F,
  0xE6DE, 0xE6BF, 0xE6DF, 0xE6DF, 0xE6DF, 0xDEBF, 0xE6DF, 0xDEBF, 0xDEBF, 0xDEBF, 0xDEBF, 0xDEBF, 0xDEBF, 0xDEBF, 0xDEBF, 0xE6DF,
  0xE6FF, 0xDE9F, 0xCDFE, 0xC59F, 0xC57F, 0xC59F, 0xC57F, 0xBD5F, 0xBD5F, 0xBD3F, 0xBD3F, 0xBD1F, 0xB4FF, 0xB4FF, 0xACBF, 0xD67F,
  0xFFBF, 0xF77F, 0xF77F, 0xF77F, 0xF77F, 0xEF5F, 0xEF5F, 0xEF5F, 0xEF5F, 0xEF3F, 0xEF3F, 0xEF3F, 0xEF3F, 0xEEFF, 0xF75F, 0xB53B,
  0x38F2, 0x4974, 0x4113, 0xB4FA, 0xEF1F, 0xE6FF, 0xEF1F, 0xEF1F, 0xE71F, 0xEF3F, 0xC59D, 0x5A16, 0x61F7, 0x6237, 0x6A37, 0x6217,
  0x61F7, 0x61F6, 0x61F6, 0x61F7, 0x6237, 0x6A76, 0xCDFD, 0xF77F, 0xF75F, 0xCDDD, 0x6216, 0x61F8, 0x61F7, 0x61F7, 0x61F7, 0x6218,
  0x6217, 0x6217, 0x59F6, 0x59D6, 0x59D5, 0xBD5C, 0xEEFF, 0xE6DF, 0xE6FF, 0xE6FF, 0xE6DF, 0xF77F, 0xA499, 0x38F2, 0x4153, 0x3911,
  0xBD7C, 0xEEFF, 0xE6FF, 0xEF1F, 0xEF1F, 0xEF3F, 0xEF3F, 0xEF3F, 0xEF3F, 0xEF3F, 0xEF3F, 0xEF3F, 0xEF3F, 0xEF5F, 0xEF5F, 0xF75F,
  0xDE9F, 0xCDFF, 0xD63F, 0xDE5F, 0xDE7F, 0xDE9F, 0xDE9F, 0xDE9F, 0xDE9F, 0xDE9F, 0xDE7F, 0xDE7F, 0xDE7F, 0xD63F, 0xE6DF, 0xF79F,
  0xF77F, 0xF77F, 0xF77F, 0xEF5F, 0xEF5F, 0xEF3F, 0xEF3F, 0xEF3F, 0xEF3F, 0xEF3F, 0xEF3F, 0xEF1F, 0xEF1F, 0xEF1F, 0xEF1F, 0xEF1F,
  0xE71F, 0xE6FF, 0xEF3F, 0x9C3A, 0x51B7, 0x6217, 0x59F6, 0x59D7, 0x59D6, 0x59D6, 0x59D6, 0x51B6, 0x51B6, 0x51B5, 0x51B5, 0x5195,
  0x5195, 0x5195, 0x4995, 0x4994, 0x4994, 0x4994, 0x4974, 0x4974, 0x4974, 0x4974, 0x4974, 0x4974, 0x4994, 0x4994, 0x4994, 0x5194,
  0x51B5, 0x51B5, 0x51B5, 0x51B6, 0x59F6, 0x6217, 0x6237, 0x6A78, 0x7299, 0x7ADA, 0x7AFA, 0xCDFE, 0xEF1F, 0xE6FF, 0xE6FF, 0xE6FF,
  0xE6FF, 0xE6FF, 0xE71F, 0xE71F, 0xE71F, 0xE71F, 0xE71F, 0xEF1F, 0xEF1F, 0xEF3F, 0xEF3F, 0xEF3F, 0xEF5F, 0xEF5F, 0xF77F, 0xEF1F,
  0xDE9F, 0xE6BF, 0xE6DF, 0xEEFF, 0xEF1F, 0xEF1F, 0xEF3F, 0xEF3F, 0xF75F, 0xF75F, 0xEF3F, 0xEF5F, 0xEF5F, 0xEF3F, 0xEF3F, 0xF75F,
  0xEF1F, 0xC59F, 0xC59F, 0xC59F, 0xC59F, 0xC59F, 0xC59F, 0xC59F, 0xC59F, 0xC59F, 0xC59F, 0xC59F, 0xC57F, 0xC57F, 0xC57F, 0xC59F,
  0xE6DE, 0xE6BF, 0xDEDF, 0xE6DF, 0xE6DF, 0xE6DF, 0xDEBF, 0xDEBF, 0xDEBF, 0xDEBF, 0xDEBF, 0xDEBF, 0xDEBF, 0xDEBF, 0xDEBF, 0xDEBF,
  0xDE9F, 0xE6DF, 0xE6FF, 0xDE9F, 0xCDFF, 0xC57F, 0xBD7F, 0xBD7F, 0xBD5F, 0xBD5F, 0xBD3F, 0xBD1F, 0xB51F, 0xB4FF, 0xACBF, 0xD67F,
  0xFFBF, 0xF77F, 0xF77F, 0xF77F, 0xEF5F, 0xEF5F, 0xEF5F, 0xEF5F, 0xEF3F, 0xEF3F, 0xEF3F, 0xEF3F, 0xEF1F, 0xEEFF, 0xF75F, 0xB53B,
  0x30B1, 0x4133, 0x30D2, 0xB53B, 0xF73F, 0xE6FF, 0xEF1F, 0xEF1F, 0xE6FF, 0xF73F, 0xA45B, 0x4955, 0x61F7, 0x59D7, 0x5996, 0x5196,
  0x5175, 0x5155, 0x5176, 0x59D6, 0x61F8, 0x5197, 0xB51B, 0xF79F, 0xF77F, 0xB4FB, 0x5136, 0x61D7, 0x59B7, 0x5176, 0x5176, 0x5176,
  0x5176, 0x5176, 0x5196, 0x51B6, 0x4934, 0xAC9A, 0xEEFF, 0xE6BF, 0xE6DF, 0xE6DF, 0xE6BF, 0xEF3F, 0x9C59, 0x2891, 0x3912, 0x30B0,
  0xC57C, 0xEF1F, 0xE6FF, 0xEF1F, 0xEF1F, 0xEF1F, 0xEF3F, 0xEF3F, 0xEF3F, 0xEF3F, 0xEF3F, 0xEF3F, 0xEF3F, 0xEF5F, 0xEF5F, 0xF75F,
  0xDE9F, 0xCE1F, 0xD63F, 0xDE5F, 0xDE7F, 0xDE7F, 0xDE9F, 0xDE9F, 0xDE9F, 0xDE9F, 0xDE7F, 0xDE5F, 0xDE5F, 0xD63F, 0xE6DF, 0xF79F,
  0xF77F, 0xF77F, 0xEF5F, 0xEF5F, 0xEF5F, 0xEF5F, 0xEF3F, 0xEF3F, 0xEF3F, 0xEF3F, 0xEF3F, 0xEF1F, 0xEF1F, 0xEF1F, 0xEF1F, 0xEF1F,
  0xE6FF, 0xEF3F, 0xC5BD, 0x51B6, 0x59D6, 0x59D6, 0x51D6, 0x51B6, 0x51B6, 0x51B5, 0x51B5, 0x51B5, 0x51B5, 0x5195, 0x4995, 0x4994,
  0x4994, 0x4995, 0x4994, 0x4994, 0x4994, 0x4994, 0x4994, 0x4974, 0x4995, 0x5195, 0x5194, 0x4974, 0x4974, 0x4994, 0x4994, 0x4994,
  0x4994, 0x5194, 0x5194, 0x51B4, 0x51B5, 0x51D6, 0x59F6, 0x6217, 0x6238, 0x6A78, 0x6A39, 0x833A, 0xE69F, 0xE6FF, 0xE6FF, 0xE6FF,
  0xE6FF, 0xE71F, 0xE71F, 0xE71F, 0xE71F, 0xE71F, 0xE71F, 0xEF1F, 0xEF1F, 0xEF3F, 0xEF3F, 0xEF3F, 0xEF5F, 0xEF5F, 0xEF5F, 0xEF1F,
  0xDE9F, 0xE6BF, 0xE6DF, 0xEEFF, 0xEEFF, 0xEF1F, 0xEF3F, 0xF73F, 0xEF1F, 0xEEFF, 0xF73F, 0xEF3F, 0xEF3F, 0xEF3F, 0xEF3F, 0xF75F,
  0xE6BF, 0xC57F, 0xC59F, 0xC59F, 0xC59F, 0xC57F, 0xC57F, 0xC57F, 0xC57F, 0xC59F, 0xC57F, 0xC57F, 0xC57F, 0xC57F, 0xC57F, 0xC59F,
  0xE6FE, 0xE6BF, 0xDEBF, 0xDEBF, 0xDEBF, 0xDEBF, 0xDEBF, 0xDEBF, 0xDEBF, 0xDEBF, 0xDEBF, 0xDEBF, 0xDEBF, 0xDEBF, 0xDEBF, 0xDEBF,
  0xDEBF, 0xDE9F, 0xDE9F, 0xD65F, 0xDE9F, 0xDE7E, 0xC5BF, 0xBD7F, 0xBD7F, 0xBD5F, 0xBD3F, 0xBD3F, 0xBD1F, 0xB4FF, 0xACBF, 0xDE5F,
  0xFFBF, 0xF77F, 0xF77F, 0xF77F, 0xF75F, 0xEF5F, 0xEF5F, 0xEF3F, 0xEF3F, 0xEF3F, 0xEF3F, 0xEF3F, 0xEF1F, 0xEEFF, 0xEEFF, 0xE69E,
  0x7AF6, 0x4953, 0x7B37, 0xE6BF, 0xEEFF, 0xEEFF, 0xEEFF, 0xEEFF, 0xE6BF, 0xEF1F, 0xA45A, 0x5155, 0x59B6, 0x6236, 0x8B78, 0x8B99,
  0x8378, 0x8358, 0x8338, 0x61D6, 0x59B6, 0x5176, 0xB51B, 0xF73F, 0xF73F, 0xBCFB, 0x5155, 0x5995, 0x59F6, 0x8338, 0x8359, 0x8B98,
  0x8B99, 0x8378, 0x59D5, 0x5175, 0x4935, 0xACBB, 0xF6FF, 0xE6BF, 0xE6DF, 0xE6BF, 0xE6BF, 0xE6BF, 0xCDDD, 0x5A14, 0x4131, 0x7B36,
  0xE6BF, 0xEEDF, 0xEEFF, 0xEF1F, 0xEF1F, 0xEF1F, 0xEF1F, 0xEF1F, 0xEF1F, 0xEF3F, 0xEF3F, 0xEF3F, 0xEF3F, 0xEF5F, 0xEF5F, 0xF77F,
  0xDE9F, 0xCDFF, 0xD63F, 0xD65F, 0xDE5F, 0xDE7F, 0xDE7F, 0xDE7F, 0xDE9F, 0xDE7F, 0xDE7F, 0xDE5F, 0xDE5F, 0xD61F, 0xE6DF, 0xF7BF,
  0xF77F, 0xF77F, 0xF77F, 0xEF5F, 0xEF5F, 0xEF5F, 0xEF3F, 0xEF3F, 0xEF3F, 0xEF3F, 0xEF1F, 0xEF1F, 0xEF1F, 0xEF1F, 0xE71F, 0xE71F,
  0xE71F, 0xDEBE, 0x6A77, 0x5196, 0x51D6, 0x51B6, 0x51B5, 0x51B5, 0x51B5, 0x51B5, 0x5195, 0x5195, 0x4995, 0x4995, 0x4995, 0x4994,
  0x4994, 0x4994, 0x4974, 0x4133, 0x4113, 0x4134, 0x4974, 0x4994, 0x4975, 0x4134, 0x4113, 0x4154, 0x4994, 0x4994, 0x4974, 0x4974,
  0x4994, 0x4974, 0x4994, 0x4994, 0x4994, 0x51B5, 0x51D5, 0x59F6, 0x59F7, 0x6217, 0x6A38, 0x61F8, 0x9C3B, 0xEEFF, 0xE6DF, 0xE6FF,
  0xE6FF, 0xE71F, 0xE6FF, 0xEEFF, 0xE71F, 0xE71F, 0xE71F, 0xEF1F, 0xEF1F, 0xEF3F, 0xEF3F, 0xEF3F, 0xEF3F, 0xEF3F, 0xF77F, 0xEF3F,
  0xDE9F, 0xE6BF, 0xE6DF, 0xE6FF, 0xEEFF, 0xEF1F, 0xEF3F, 0xEF1F, 0xDE1F, 0xD5FF, 0xDE9F, 0xEF3F, 0xEF3F, 0xEF3F, 0xEF3F, 0xF75F,
  0xD65F, 0xC57F, 0xC59F, 0xC59F, 0xC57F, 0xC57F, 0xC57F, 0xC57F, 0xC57F, 0xC57F, 0xC57F, 0xC55F, 0xC57F, 0xC57F, 0xC57F, 0xC57F,
  0xE6FE, 0xE6DF, 0xDEBF, 0xDEBF, 0xDEBF, 0xDEBF, 0xDEBF, 0xDEBF, 0xDEBF, 0xDEBF, 0xDEBF, 0xDEBF, 0xDEBF, 0xDEBF, 0xDEBF, 0xDEBF,
  0xDE9F, 0xDE9F, 0xDE9F, 0xDE7F, 0xD61F, 0xD65F, 0xE6BF, 0xD63F, 0xBD7F, 0xBD5F, 0xBD3F, 0xBD3F, 0xBD1F, 0xBCFF, 0xACBF, 0xDE7F,
  0xFFBF, 0xF77F, 0xF77F, 0xF77F, 0xF75F, 0xEF5F, 0xEF3F, 0xEF3F, 0xEF3F, 0xEF3F, 0xEF3F, 0xEF1F, 0xEF1F, 0xEEFF, 0xEEDF, 0xEEFF,
  0xEEBF, 0xD5FE, 0xEEBF, 0xEEDF, 0xEEDF, 0xEEDF, 0xEEDF, 0xEEDF, 0xE6BF, 0xF6FF, 0xA45A, 0x5156, 0x5176, 0x8397, 0xFFBF, 0xF79F,
  0xF79F, 0xFF9F, 0xFF9F, 0x7296, 0x5156, 0x5155, 0xACBA, 0xEEBF, 0xEEDF, 0xB4DB, 0x4935, 0x5135, 0x72B6, 0xFF7F, 0xFF9F, 0xFF9F,
  0xFF9F, 0xFF9F, 0x6A77, 0x4935, 0x4934, 0xB4BB, 0xF6FF, 0xE69F, 0xE6BF, 0xEEBF, 0xEEBF, 0xE69F, 0xE69F, 0xDE3F, 0xCDBD, 0xE69F,
  0xEEBF, 0xEEDF, 0xEEDF, 0xEEFF, 0xEEFF, 0xEF1F, 0xEF1F, 0xEF1F, 0xEF1F, 0xEF3F, 0xEF3F, 0xEF3F, 0xF73F, 0xEF3F, 0xEF5F, 0xF79F,
  0xE6BF, 0xCDFF, 0xD63F, 0xD63F, 0xDE5F, 0xDE7F, 0xDE7F, 0xDE7F, 0xDE7F, 0xDE7F, 0xDE7F, 0xDE5F, 0xD65F, 0xD61F, 0xE6FF, 0xFFBF,
  0xF77F, 0xF77F, 0xF77F, 0xEF5F, 0xEF5F, 0xEF5F, 0xEF3F, 0xEF3F, 0xEF3F, 0xEF3F, 0xEF1F, 0xEF1F, 0xEF1F, 0xEF1F, 0xE71F, 0xE6FF,
  0xF75F, 0x941A, 0x4955, 0x51B5, 0x51B5, 0x51B5, 0x5195, 0x4995, 0x4995, 0x4994, 0x4994, 0x4995, 0x4994, 0x4995, 0x4975, 0x4975,
  0x4994, 0x4133, 0x4954, 0x6A96, 0x9C5A, 0xBDBC, 0xD63D, 0xD67D, 0xCE1C, 0xB55B, 0x83B8, 0x59F4, 0x4113, 0x4154, 0x4974, 0x4974,
  0x4974, 0x4974, 0x4974, 0x4974, 0x4974, 0x4994, 0x5195, 0x51B5, 0x51D5, 0x59F6, 0x6216, 0x6217, 0x6238, 0xCDDD, 0xEF3F, 0xE6FF,
  0xE6FF, 0xE6FF, 0xE6FF, 0xE6FF, 0xE71F, 0xE71F, 0xE71F, 0xE71F, 0xEF1F, 0xEF1F, 0xEF3F, 0xEF3F, 0xEF3F, 0xEF3F, 0xF77F, 0xEF3F,
  0xDE9F, 0xE6BF, 0xE6DF, 0xE6DF, 0xEEFF, 0xEF1F, 0xEF3F, 0xEEFF, 0xD5FF, 0xD5FF, 0xD5FF, 0xDE7F, 0xEF3F, 0xEF3F, 0xEF3F, 0xF77F,
  0xD61E, 0xC57F, 0xC59F, 0xC57F, 0xC57F, 0xC57F, 0xC57F, 0xC57F, 0xC57F, 0xC57F, 0xC55F, 0xC55F, 0xC55F, 0xC57F, 0xC57F, 0xC57F,
  0xE6DE, 0xE6BF, 0xDEBF, 0xDEBF, 0xDEBF, 0xDEBF, 0xDEBF, 0xDEBF, 0xDEBF, 0xDEBF, 0xDEBF, 0xDEBF, 0xDEBF, 0xDEBF, 0xDEBF, 0xDEBF,
  0xDEBF, 0xDEBF, 0xDE9F, 0xDE9F, 0xDE9F, 0xCE1F, 0xCE1F, 0xDE5F, 0xD65F, 0xBD7F, 0xB51F, 0xBD3F, 0xBD1F, 0xB51F, 0xB4DF, 0xDE7F,
  0xFFBF, 0xF77F, 0xF77F, 0xF77F, 0xF75F, 0xEF5F, 0xEF3F, 0xEF3F, 0xEF3F, 0xEF3F, 0xEF1F, 0xEF1F, 0xEEFF, 0xEEFF, 0xEEFF, 0xEEBF,
  0xE69F, 0xE67F, 0xE67F, 0xE69F, 0xEE9F, 0xEEBF, 0xEE9F, 0xEE9F, 0xE69F, 0xF6FF, 0xAC5B, 0x5136, 0x5136, 0x8337, 0xF71F, 0xE6BF,
  0xEEDF, 0xEF3F, 0xF77F, 0x72B6, 0x5135, 0x4914, 0xAC3A, 0xEE3F, 0xEE7F, 0xB47B, 0x4914, 0x4935, 0x7AB6, 0xF73F, 0xEEDF, 0xE6BF,
  0xE6BF, 0xEF1E, 0x6A76, 0x4914, 0x4915, 0xB49B, 0xF6FF, 0xE69F, 0xEE9F, 0xEE9F, 0xEEBF, 0xEE9F, 0xE67F, 0xE65F, 0xE67F, 0xE67F,
  0xE69F, 0xEEBF, 0xEEDF, 0xEEFF, 0xEEFF, 0xEEFF, 0xEF1F, 0xEF1F, 0xEF1F, 0xEF1F, 0xEF3F, 0xEF3F, 0xEF3F, 0xF75F, 0xEF5F, 0xF79F,
  0xE6BF, 0xCDFF, 0xD61F, 0xD63F, 0xDE5F, 0xDE7F, 0xDE7F, 0xDE7F, 0xDE9F, 0xDE7F, 0xDE7F, 0xDE5F, 0xD65F, 0xD61F, 0xEEFF, 0xFFBF,
  0xF77F, 0xF77F, 0xF77F, 0xF75F, 0xEF5F, 0xEF5F, 0xEF3F, 0xEF3F, 0xEF3F, 0xEF3F, 0xEF1F, 0xEF1F, 0xE71F, 0xE71F, 0xE6FF, 0xEF3F,
  0xCDDD, 0x51B6, 0x5196, 0x5195, 0x5195, 0x4995, 0x4994, 0x4994, 0x4974, 0x4974, 0x4974, 0x4974, 0x4994, 0x4974, 0x4994, 0x4994,
  0x4113, 0x72F6, 0xD63D, 0xF79F, 0xFFFF, 0xFFFF, 0xFFFF, 0xFFDF, 0xF7BF, 0xF7BF, 0xF79F, 0xE6FE, 0xB53B, 0x5A15, 0x4114, 0x4974,
  0x4973, 0x4974, 0x4974, 0x4974, 0x4974, 0x4994, 0x4994, 0x4994, 0x5195, 0x51B5, 0x59D5, 0x5A16, 0x6218, 0x8338, 0xE6DF, 0xE6FF,
  0xE6FF, 0xE6FF, 0xE6FF, 0xE6FF, 0xE71F, 0xE71F, 0xE71F, 0xE71F, 0xEF1F, 0xEF1F, 0xEF3F, 0xEF3F, 0xEF3F, 0xF75F, 0xF77F, 0xF73F,
  0xDE9F, 0xE6BF, 0xE6DF, 0xE6DF, 0xEEFF, 0xEEFF, 0xEF1F, 0xEEFF, 0xD5FF, 0xD5FF, 0xD5DF, 0xCDDF, 0xE6DF, 0xEF3F, 0xEF5F, 0xF75F,
  0xCDFF, 0xC57F, 0xC57F, 0xC57F, 0xC57F, 0xC57F, 0xC55F, 0xC57F, 0xC57F, 0xC57F, 0xBD5F, 0xC55F, 0xC55F, 0xC55F, 0xC57F, 0xC57F,
  0xE6DE, 0xE6BF, 0xDEBF, 0xDEBF, 0xDEBF, 0xDEBF, 0xDEBF, 0xDEBF, 0xDEBF, 0xDEBF, 0xDEBF, 0xDEBF, 0xDEBF, 0xDEBF, 0xDEBF, 0xDEBF,
  0xDE9F, 0xDEBF, 0xDE9F, 0xDE9F, 0xDE9F, 0xDE7F, 0xCE1F, 0xCDFF, 0xCE1F, 0xD63F, 0xC59F, 0xB51F, 0xBD1F, 0xBD1F, 0xB4DF, 0xDE9F,
  0xFFDF, 0xF79F, 0xF77F, 0xF77F, 0xF75F, 0xEF3F, 0xEF3F, 0xEF3F, 0xEF1F, 0xEF1F, 0xEF1F, 0xEEFF, 0xEEFF, 0xEEDF, 0xEEDF, 0xEEBF,
  0xE67F, 0xE65F, 0xE67F, 0xEE7F, 0xEE9F, 0xEE9F, 0xEE9F, 0xEE9F, 0xEE7F, 0xFEFF, 0xAC3B, 0x4915, 0x4915, 0x7AF7, 0xEEBF, 0xE69F,
  0xEEDF, 0xEEFF, 0xF73F, 0x7296, 0x5115, 0x48F3, 0xA3FA, 0xEDFF, 0xEE1F, 0xAC3B, 0x48F4, 0x4915, 0x7AB6, 0xF71F, 0xE6BF, 0xE69F,
  0xE67F, 0xEEDF, 0x6A56, 0x48F5, 0x4914, 0xB49B, 0xF6DF, 0xEE7F, 0xEE9F, 0xEE9F, 0xEE9F, 0xEE9F, 0xEE7F, 0xE67F, 0xE67F, 0xE67F,
  0xEE9F, 0xEEBF, 0xEEDF, 0xEEDF, 0xEEDF, 0xEEFF, 0xEEFF, 0xEF1F, 0xEF1F, 0xEF1F, 0xEF3F, 0xEF3F, 0xEF3F, 0xF75F, 0xF75F, 0xF79F,
  0xE6BF, 0xD5FF, 0xD63F, 0xD63F, 0xDE5F, 0xDE7F, 0xDE7F, 0xDE7F, 0xDE9F, 0xDE9F, 0xDE7F, 0xDE5F, 0xDE5F, 0xD61F, 0xEEFF, 0xFFBF,
  0xF79F, 0xF77F, 0xF77F, 0xF77F, 0xEF5F, 0xEF5F, 0xEF3F, 0xEF3F, 0xEF3F, 0xEF3F, 0xEF1F, 0xE71F, 0xE71F, 0xE6FF, 0xE6DF, 0xEF1F,
  0x7B38, 0x4955, 0x5195, 0x4995, 0x4994, 0x4974, 0x4974, 0x4974, 0x4974, 0x4974, 0x4974, 0x4974, 0x4974, 0x4974, 0x4975, 0x4994,
  0xACFA, 0xFF9F, 0xFFDF, 0xFFFF, 0xFFDF, 0xF77F, 0xEEBF, 0xE67F, 0xE6BF, 0xEF1F, 0xF77F, 0xF79F, 0xFFFF, 0xEF3E, 0x8378, 0x4113,
  0x4974, 0x4153, 0x4153, 0x4973, 0x4973, 0x4973, 0x4973, 0x4994, 0x4994, 0x5194, 0x51B5, 0x51D6, 0x6216, 0x59D7, 0xACDB, 0xEEFF,
  0xE6DF, 0xE6FF, 0xE6FF, 0xE6FF, 0xE6FF, 0xE71F, 0xE71F, 0xE71F, 0xEF1F, 0xEF1F, 0xEF3F, 0xEF3F, 0xEF3F, 0xEF5F, 0xF79F, 0xF73F,
  0xDE9F, 0xE6BF, 0xE6DF, 0xE6DF, 0xEEFF, 0xEEFF, 0xEF1F, 0xEF1F, 0xD61F, 0xD5FF, 0xD5DF, 0xCDBF, 0xDE5F, 0xF75F, 0xEF5F, 0xEF5F,
  0xCDDF, 0xC57F, 0xC57F, 0xC55F, 0xC55F, 0xC55F, 0xC55F, 0xC55F, 0xC57F, 0xC55F, 0xBD5F, 0xC55F, 0xC55F, 0xC55F, 0xC55F, 0xC57F,
  0xE6DE, 0xE6BF, 0xDEBF, 0xDEBF, 0xDEBF, 0xDEBF, 0xDEBF, 0xDEBF, 0xDEBF, 0xDEBF, 0xDEBF, 0xDE9F, 0xDEBF, 0xDE9F, 0xDEBF, 0xDEBF,
  0xDE9F, 0xDEBF, 0xDEBF, 0xDE9F, 0xDE9F, 0xDE9F, 0xD65F, 0xCDFF, 0xCDFF, 0xCDFF, 0xD63F, 0xCDDF, 0xB53F, 0xBD1F, 0xB4FF, 0xDE9F,
  0xFFDF, 0xF79F, 0xF77F, 0xF77F, 0xF75F, 0xEF5F, 0xEF3F, 0xEF1F, 0xEF1F, 0xEF1F, 0xEEFF, 0xEEFF, 0xEEFF, 0xEEDF, 0xEEBF, 0xEE9F,
  0xEE7F, 0xEE7F, 0xEE7F, 0xEE7F, 0xEE7F, 0xEE7F, 0xEE7F, 0xEE7F, 0xEE5F, 0xF6DF, 0xA41B, 0x48F5, 0x48F4, 0x7AF7, 0xFF1F, 0xF6FF,
  0xF71F, 0xF71F, 0xFF3F, 0x7256, 0x48D5, 0x48D4, 0xA3DA, 0xE5BF, 0xEDFF, 0xAC1B, 0x48D4, 0x48F5, 0x7AB6, 0xFF3F, 0xF6DF, 0xF6BF,
  0xF6BF, 0xF6FF, 0x6A56, 0x40F4, 0x48F5, 0xB47B, 0xF6BF, 0xEE5F, 0xEE7F, 0xEE7F, 0xEE7F, 0xEE7F, 0xEE7F, 0xEE7F, 0xEE7F, 0xEE7F,
  0xEE9F, 0xEEBF, 0xEEBF, 0xEEBF, 0xEEDF, 0xEEDF, 0xEEFF, 0xEF1F, 0xEF1F, 0xEF1F, 0xEF3F, 0xEF3F, 0xEF3F, 0xF75F, 0xF77F, 0xFFBF,
  0xE6DF, 0xD61F, 0xD63F, 0xD65F, 0xDE5F, 0xDE7F, 0xDE7F, 0xDE9F, 0xDE7F, 0xDE7F, 0xDE7F, 0xDE7F, 0xDE5F, 0xD61F, 0xEEFF, 0xFFDF,
  0xF79F, 0xF77F, 0xF77F, 0xF77F, 0xEF5F, 0xEF5F, 0xEF3F, 0xEF3F, 0xEF3F, 0xEF1F, 0xEF1F, 0xE71F, 0xE71F, 0xE6FF, 0xE6DF, 0xE6DF,
  0x6A77, 0x4134, 0x5194, 0x4975, 0x4974, 0x4974, 0x4973, 0x4953, 0x4154, 0x4953, 0x4973, 0x4974, 0x4973, 0x4974, 0x4994, 0xC5DB,
  0xFFFF, 0xEF7F, 0xF79F, 0xDE5E, 0xB45E, 0x9B1E, 0x8A5E, 0x823E, 0x8A7E, 0x9B1E, 0xBCBE, 0xEF1F, 0xFFDF, 0xFFDF, 0xFFDF, 0x8BD8,
  0x38D2, 0x4953, 0x4153, 0x4153, 0x4153, 0x4973, 0x4973, 0x4973, 0x4973, 0x4994, 0x5195, 0x51B5, 0x59F6, 0x4976, 0x941A, 0xE6DF,
  0xDEBF, 0xE6DF, 0xE6FF, 0xE6FF, 0xE6FF, 0xE71F, 0xE71F, 0xE71F, 0xEF1F, 0xEF1F, 0xEF3F, 0xEF3F, 0xEF3F, 0xF75F, 0xF77F, 0xF75F,
  0xDE9F, 0xE6BF, 0xE6DF, 0xE6DF, 0xE6FF, 0xEEFF, 0xEF1F, 0xEF3F, 0xDE3F, 0xD5DF, 0xD5DF, 0xD5DF, 0xCDFF, 0xE6FF, 0xF77F, 0xEEFF,
  0xC57F, 0xC55F, 0xC55F, 0xBD5F, 0xC55F, 0xC55F, 0xC55F, 0xC55F, 0xC55F, 0xBD5F, 0xC55F, 0xBD5F, 0xC55F, 0xC55F, 0xC57F, 0xC57F,
  0xE6DE, 0xE6BF, 0xE6BF, 0xDEBF, 0xDEBF, 0xDEBF, 0xDE9F, 0xDE9F, 0xDEBF, 0xDE9F, 0xDE9F, 0xDE9F, 0xDE9F, 0xDE9F, 0xDE9F, 0xDE9F,
  0xDE9F, 0xDE9F, 0xDE9F, 0xDE9F, 0xDE9F, 0xDE7F, 0xDE7F, 0xD65F, 0xCDFF, 0xCDFF, 0xCDDF, 0xCE1F, 0xCDFF, 0xBD3F, 0xB4DF, 0xDEBE,
  0xFFDF, 0xF79F, 0xF77F, 0xF77F, 0xF75F, 0xEF5F, 0xEF3F, 0xEF1F, 0xEF1F, 0xEEFF, 0xEEFF, 0xEEDF, 0xEEDF, 0xEEBF, 0xEEBF, 0xEE9F,
  0xEE7F, 0xEE7F, 0xEE7F, 0xEE7F, 0xEE7F, 0xEE7F, 0xEE5F, 0xEE5F, 0xEE3F, 0xF67F, 0xA3DB, 0x48D5, 0x5115, 0x61B6, 0x9B7A, 0x9B7A,
  0x9B79, 0x9339, 0x9339, 0x5955, 0x50F5, 0x48D4, 0xABDB, 0xED9F, 0xEDBF, 0xB3FB, 0x48B4, 0x50F5, 0x5995, 0x9358, 0x8B39, 0x8B39,
  0x9359, 0x9358, 0x5155, 0x48F4, 0x40B4, 0xB41B, 0xF65F, 0xE61F, 0xEE3F, 0xEE5F, 0xEE5F, 0xEE5F, 0xEE5F, 0xEE7F, 0xEE7F, 0xEE7F,
  0xEE9F, 0xEE9F, 0xEE9F, 0xEEBF, 0xEEBF, 0xEEDF, 0xEEFF, 0xEEFF, 0xEF1F, 0xEF1F, 0xEF3F, 0xEF3F, 0xEF3F, 0xF75F, 0xF77F, 0xFFBF,
  0xE6DF, 0xD5FF, 0xD63F, 0xD65F, 0xD65F, 0xDE7F, 0xDE7F, 0xDE7F, 0xDE7F, 0xDE7F, 0xDE7F, 0xD65F, 0xD61F, 0xCDFF, 0xE6FF, 0xFFDF,
  0xF79F, 0xF79F, 0xF77F, 0xF77F, 0xEF5F, 0xEF5F, 0xEF3F, 0xEF3F, 0xEF3F, 0xEF1F, 0xE71F, 0xE71F, 0xE6FF, 0xE6FF, 0xDEDF, 0xE6DF,
  0xA49B, 0x4154, 0x4133, 0x4974, 0x4974, 0x4153, 0x4153, 0x4153, 0x4153, 0x4153, 0x4973, 0x4974, 0x4994, 0x4133, 0xAD1A, 0xFFFF,
  0xF79F, 0xF73F, 0xB41E, 0x823D, 0x8A5F, 0x929F, 0x929F, 0x8A7F, 0x8A5F, 0x8A1F, 0x821E, 0x92FD, 0xD5FE, 0xFFBF, 0xEF3F, 0xF75F,
  0x6AD6, 0x38D2, 0x4153, 0x4153, 0x4153, 0x4153, 0x4153, 0x4153, 0x4973, 0x4973, 0x5194, 0x51B5, 0x4975, 0x6236, 0xCDBE, 0xE69F,
  0xDEBF, 0xE6DF, 0xE6DF, 0xE6FF, 0xE6FF, 0xE6FF, 0xE71F, 0xE71F, 0xE71F, 0xEF1F, 0xEF3F, 0xEF3F, 0xF75F, 0xF75F, 0xF79F, 0xF75F,
  0xE69F, 0xE6BF, 0xE6BF, 0xE6DF, 0xEEFF, 0xEEFF, 0xEF1F, 0xEF3F, 0xDE5F, 0xC53F, 0xCD7F, 0xD5DF, 0xC57F, 0xD61E, 0xF75F, 0xE6BF,
  0xBD5F, 0xBD5F, 0xBD5F, 0xC57F, 0xC57F, 0xC55F, 0xC55F, 0xC55F, 0xC55F, 0xBD5F, 0xBD5F, 0xBD5F, 0xC55F, 0xC55F, 0xC57F, 0xC57F,
  0xDEDE, 0xDEBF, 0xE6BF, 0xDEBF, 0xDEBF, 0xDE9F, 0xDEBF, 0xDEBF, 0xDE9F, 0xDE9F, 0xDE9F, 0xDE9F, 0xDE9F, 0xDE9F, 0xDE9F, 0xDE9F,
  0xDE9F, 0xDE9F, 0xDE9F, 0xDE9F, 0xDE9F, 0xDE9F, 0xDE7F, 0xDE7F, 0xD63F, 0xCDFF, 0xCDFF, 0xCDBF, 0xCDFF, 0xCDDF, 0xB4FF, 0xDEBE,
  0xFFDF, 0xF79F, 0xF79F, 0xF77F, 0xF75F, 0xEF3F, 0xEF3F, 0xEF1F, 0xEF1F, 0xEEFF, 0xEEDF, 0xEEDF, 0xEEBF, 0xEE9F, 0xEE9F, 0xEE9F,
  0xEE7F, 0xEE7F, 0xEE7F, 0xEE5F, 0xEE5F, 0xEE5F, 0xEE5F, 0xEE3F, 0xEDFF, 0xF63F, 0xA39A, 0x4894, 0x5916, 0x58F6, 0x50B7, 0x50B6,
  0x50B5, 0x5095, 0x4893, 0x50D4, 0x50F5, 0x48B5, 0xABBB, 0xED9F, 0xEDBF, 0xABBA, 0x4093, 0x50F5, 0x48D4, 0x4094, 0x4894, 0x4894,
  0x48B5, 0x4094, 0x48D3, 0x48F4, 0x4092, 0xABBA, 0xEDFF, 0xEDDF, 0xEE3F, 0xEE3F, 0xEE3F, 0xEE5F, 0xEE5F, 0xEE5F, 0xEE5F, 0xEE5F,
  0xEE7F, 0xEE7F, 0xEE7F, 0xEE9F, 0xEEBF, 0xEEBF, 0xEEDF, 0xEEFF, 0xEF1F, 0xEF1F, 0xEF1F, 0xEF3F, 0xEF5F, 0xF75F, 0xF77F, 0xFFBF,
  0xE6DF, 0xD61F, 0xD63F, 0xD65F, 0xDE5F, 0xDE5F, 0xDE7F, 0xDE7F, 0xDE7F, 0xDE5F, 0xD63F, 0xD61F, 0xD61F, 0xCDDF, 0xE6FF, 0xFFDF,
  0xF79F, 0xF77F, 0xF77F, 0xF77F, 0xEF5F, 0xEF5F, 0xEF3F, 0xEF3F, 0xEF3F, 0xEF1F, 0xE71F, 0xE6FF, 0xE6FF, 0xE6DF, 0xE6BF, 0xDE7F,
  0xD63F, 0xB4DC, 0x6A56, 0x4113, 0x4154, 0x4153, 0x4153, 0x4153, 0x4152, 0x4153, 0x4153, 0x4973, 0x3913, 0x6AB5, 0xFFBF, 0xF77F,
  0xF77F, 0xA3BD, 0x797E, 0x92BF, 0xA37F, 0xA35F, 0x9B1F, 0x9ADF, 0x92BF, 0x929F, 0x929F, 0x8A5F, 0x825E, 0xCDBE, 0xEF3F, 0xEF1F,
  0xD63D, 0x4132, 0x4132, 0x4133, 0x4153, 0x4153, 0x4153, 0x4153, 0x4973, 0x4973, 0x4974, 0x4994, 0x8359, 0xC57E, 0xDE5F, 0xDE7F,
  0xDE9F, 0xE6BF, 0xE6DF, 0xE6DF, 0xE6FF, 0xE6FF, 0xE6FF, 0xE6FF, 0xEF1F, 0xEF1F, 0xEF1F, 0xEF3F, 0xF75F, 0xF75F, 0xF79F, 0xF75F,
  0xDE7F, 0xE6BF, 0xE6BF, 0xE6DF, 0xEEFF, 0xEF1F, 0xEF1F, 0xEF1F, 0xE6DF, 0xB4FE, 0xB49F, 0xBCFF, 0xAC9F, 0xBD5E, 0xF77F, 0xDE9F,
  0xBD3F, 0xBD5F, 0xC57F, 0xBD1F, 0xBD3F, 0xC57F, 0xC55F, 0xC55F, 0xBD5F, 0xBD5F, 0xC55F, 0xC55F, 0xC55F, 0xC55F, 0xC57F, 0xC57F,
  0xDEDE, 0xDEBF, 0xDEBF, 0xDEBF, 0xDEBF, 0xDE9F, 0xDE9F, 0xDEBF, 0xDE9F, 0xDE9F, 0xDE9F, 0xDE9F, 0xDE9F, 0xDE9F, 0xDE9F, 0xDE9F,
  0xDE9F, 0xDE9F, 0xDE9F, 0xDE9F, 0xDE9F, 0xDE9F, 0xDE7F, 0xDE7F, 0xDE7F, 0xD61F, 0xCDDF, 0xCDBF, 0xC5BF, 0xCDBF, 0xC59F, 0xE6DF,
  0xFFDF, 0xF79F, 0xF79F, 0xF77F, 0xF75F, 0xF73F, 0xEF3F, 0xEF1F, 0xEEFF, 0xEEFF, 0xEEDF, 0xEEBF, 0xEE9F, 0xEE9F, 0xEE9F, 0xEE9F,
  0xEE7F, 0xEE7F, 0xEE5F, 0xF65F, 0xF65F, 0xEE3F, 0xEE3F, 0xEE3F, 0xEDFF, 0xF61F, 0xB43B, 0x48B4, 0x50D5, 0x58F5, 0x58F6, 0x58F5,
  0x58D5, 0x50B4, 0x50B3, 0x48B3, 0x4894, 0x50B5, 0xBC3C, 0xED9F, 0xED7F, 0xBBFC, 0x4893, 0x4894, 0x48B4, 0x50D4, 0x58F4, 0x58F5,
  0x50F5, 0x50D4, 0x48B3, 0x48B3, 0x4893, 0xBC1B, 0xEDDF, 0xEDDF, 0xEE1F, 0xEE1F, 0xEE1F, 0xEE3F, 0xEE3F, 0xEE3F, 0xEE3F, 0xEE5F,
  0xEE5F, 0xEE5F, 0xEE7F, 0xEE7F, 0xEE9F, 0xEEBF, 0xEEDF, 0xEEFF, 0xEEFF, 0xEF1F, 0xEF1F, 0xEF3F, 0xF75F, 0xF75F, 0xF77F, 0xFFBF,
  0xE6FF, 0xD61F, 0xD63F, 0xD65F, 0xDE5F, 0xDE5F, 0xDE5F, 0xDE5F, 0xD65F, 0xD65F, 0xD63F, 0xD63F, 0xD61F, 0xCDDF, 0xE6FF, 0xFFDF,
  0xF79F, 0xF79F, 0xF77F, 0xEF5F, 0xEF5F, 0xEF5F, 0xEF3F, 0xEF3F, 0xEF1F, 0xE71F, 0xE6FF, 0xE6FF, 0xE6FF, 0xE6DF, 0xDEBF, 0xDE7F,
  0xD5FF, 0xD5FF, 0xCDBF, 0x8B9A, 0x4974, 0x4133, 0x4153, 0x4132, 0x4132, 0x4133, 0x4132, 0x4152, 0x38F1, 0xB53A, 0xF79F, 0xF77F,
  0xCD5E, 0x79BE, 0x929F, 0x9B3F, 0xA35F, 0xA35F, 0x9B1F, 0x9AFF, 0x92DF, 0x92BF, 0x8A9F, 0x8A7F, 0x8A1F, 0x823D, 0xDE3E, 0xE6FF,
  0xF73F, 0x7B36, 0x30D1, 0x4152, 0x4132, 0x4133, 0x4153, 0x4153, 0x4153, 0x4153, 0x6236, 0xAC9C, 0xD5FF, 0xCDBF, 0xD5FF, 0xDE7F,
  0xDE9F, 0xE6BF, 0xE6DF, 0xE6DF, 0xE6DF, 0xE6FF, 0xE6FF, 0xEEFF, 0xEF1F, 0xEF1F, 0xEF1F, 0xEF3F, 0xEF3F, 0xF75F, 0xFF9F, 0xF75F,
  0xDE7F, 0xE69F, 0xE6BF, 0xE6DF, 0xEEFF, 0xEEFF, 0xEF1F, 0xEF1F, 0xEF3F, 0xD5FE, 0x939D, 0x9BDF, 0x9BDF, 0xB4FF, 0xFF7F, 0xDE9F,
  0xBD3F, 0xC57F, 0xB4DE, 0xAC5F, 0xB4BF, 0xC55F, 0xBD5F, 0xC55F, 0xBD5F, 0xBD5F, 0xC55F, 0xC55F, 0xC57F, 0xC55F, 0xC57F, 0xC57F,
  0xDEDE, 0xDEBF, 0xDE9F, 0xDE9F, 0xDE9F, 0xDE9F, 0xDE9F, 0xDE9F, 0xDE9F, 0xDE9F, 0xDE9F, 0xDE9F, 0xDE9F, 0xDE9F, 0xDE9F, 0xDE9F,
  0xDE9F, 0xDE9F, 0xDE9F, 0xDE9F, 0xDE9F, 0xDE9F, 0xDE7F, 0xDE7F, 0xDE7F, 0xDE5F, 0xCDFF, 0xCDBF, 0xC59F, 0xC59F, 0xC57F, 0xE6FF,
  0xFFDF, 0xF79F, 0xF79F, 0xF77F, 0xF75F, 0xF75F, 0xEF3F, 0xEF1F, 0xEEFF, 0xEEFF, 0xEEBF, 0xF69F, 0xF69F, 0xF69F, 0xF67F, 0xF67F,
  0xF67F, 0xF65F, 0xF65F, 0xF65F, 0xF65F, 0xF63F, 0xF61F, 0xF61F, 0xEDFF, 0xEDDF, 0xEDBF, 0xCCBD, 0xCC9C, 0xD4BD, 0xD4BC, 0xCC9C,
  0xCC5D, 0xC43C, 0xC41C, 0xC41C, 0xC41B, 0xCC9D, 0xED9F, 0xED7F, 0xED5F, 0xE51F, 0xC43D, 0xC41C, 0xC43C, 0xCC5C, 0xCC9C, 0xCCBD,
  0xD49C, 0xC45C, 0xC43C, 0xC43B, 0xCC7D, 0xED7F, 0xEDBF, 0xEDFF, 0xEE1F, 0xEE1F, 0xEE1F, 0xEE1F, 0xF63F, 0xF63F, 0xF63F, 0xEE3F,
  0xEE3F, 0xEE5F, 0xF65F, 0xF67F, 0xEE7F, 0xEEBF, 0xEEDF, 0xEEFF, 0xEEFF, 0xEF1F, 0xEF1F, 0xEF3F, 0xF75F, 0xF75F, 0xF77F, 0xFFDF,
  0xE6FF, 0xD61F, 0xD63F, 0xD63F, 0xD65F, 0xDE5F, 0xDE5F, 0xDE5F, 0xD65F, 0xD65F, 0xD63F, 0xD63F, 0xD61F, 0xCDDF, 0xE6FF, 0xFFDF,
  0xF79F, 0xF79F, 0xF77F, 0xF75F, 0xEF5F, 0xEF3F, 0xEF3F, 0xEF3F, 0xEF1F, 0xE71F, 0xE6FF, 0xE6FF, 0xE6DF, 0xE6BF, 0xDE9F, 0xDE7F,
  0xD61F, 0xCDBF, 0xC59F, 0xCDBF, 0x72D8, 0x38F2, 0x4153, 0x4132, 0x4132, 0x4132, 0x4132, 0x3911, 0x4992, 0xE67D, 0xEF3F, 0xEF1F,
  0x92FD, 0x8A3F, 0x92FF, 0x9B1F, 0x9B1F, 0x9B3F, 0x9B1F, 0x9AFF, 0x92DF, 0x92BF, 0x8A7F, 0x8A5F, 0x8A3F, 0x797F, 0xB45E, 0xF77F,
  0xF75F, 0xBD3B, 0x38D2, 0x4132, 0x4132, 0x4132, 0x4133, 0x4153, 0x4953, 0x4133, 0xAC7C, 0xD61F, 0xC59F, 0xCDBF, 0xD5FF, 0xDE5F,
  0xDE7F, 0xE69F, 0xE6BF, 0xE6DF, 0xE6DF, 0xE6FF, 0xE6FF, 0xE6FF, 0xEF1F, 0xEF1F, 0xEF1F, 0xEF3F, 0xF75F, 0xF75F, 0xFF9F, 0xF75F,
  0xDE7F, 0xE69F, 0xE6BF, 0xE6DF, 0xE6FF, 0xEEFF, 0xEF1F, 0xEF1F, 0xE6FF, 0xEEFF, 0xC57F, 0x939E, 0x939E, 0xAC9E, 0xF75F, 0xDE9F,
  0xC57F, 0xBCFF, 0xA43E, 0xAC5F, 0xAC7F, 0xBD3F, 0xBD5F, 0xBD5F, 0xBD5F, 0xC55F, 0xC55F, 0xC55F, 0xC57F, 0xC55F, 0xC57F, 0xC57F,
  0xDEDE, 0xDE9F, 0xDE9F, 0xDE9F, 0xDE9F, 0xDE9F, 0xDE9F, 0xDE9F, 0xDE9F, 0xDE9F, 0xDE9F, 0xDE9F, 0xDE7F, 0xDE7F, 0xDE9F, 0xDE9F,
  0xDE9F, 0xDE9F, 0xDE9F, 0xDE9F, 0xDE9F, 0xDE9F, 0xDE9F, 0xDE7F, 0xDE7F, 0xD65F, 0xD63F, 0xCDDF, 0xC59F, 0xC59F, 0xBD5F, 0xE6DF,
  0xFFDF, 0xF79F, 0xF79F, 0xF77F, 0xF75F, 0xEF3F, 0xEF3F, 0xEF1F, 0xEEFF, 0xEEFF, 0xF6DF, 0xF6BF, 0xF6BF, 0xF6DF, 0xF6BF, 0xF6BF,
  0xF6BF, 0xF69F, 0xF69F, 0xF69F, 0xF67F, 0xF67F, 0xF65F, 0xF65F, 0xF65F, 0xF61F, 0xF5FF, 0xF5FF, 0xF5FF, 0xF5FF, 0xF5FF, 0xF5BF,
  0xF59F, 0xF59F, 0xF59F, 0xED9F, 0xF59F, 0xF59F, 0xED9F, 0xEDBF, 0xED7F, 0xED3F, 0xED3F, 0xED5F, 0xED5F, 0xF57F, 0xF5BF, 0xF5DF,
  0xF5BF, 0xF57F, 0xF57F, 0xF5BF, 0xF5DF, 0xEDBF, 0xF5FF, 0xF61F, 0xF63F, 0xF63F, 0xF63F, 0xF63F, 0xF65F, 0xF65F, 0xF67F, 0xF67F,
  0xF67F, 0xF67F, 0xF69F, 0xF69F, 0xEE9F, 0xEEBF, 0xEEDF, 0xEEDF, 0xEEFF, 0xEEFF, 0xEF1F, 0xEF3F, 0xEF3F, 0xF75F, 0xF77F, 0xFFBF,
  0xEEFF, 0xD61F, 0xD63F, 0xD63F, 0xD63F, 0xD65F, 0xDE5F, 0xDE5F, 0xDE5F, 0xD65F, 0xD63F, 0xD63F, 0xD61F, 0xCDDF, 0xEEFF, 0xFFDF,
  0xF79F, 0xF79F, 0xF77F, 0xF75F, 0xEF3F, 0xEF3F, 0xEF3F, 0xEF1F, 0xEF1F, 0xE71F, 0xE6FF, 0xE6DF, 0xE6DF, 0xE6BF, 0xDE9F, 0xDE5F,
  0xD61F, 0xCDDF, 0xC57F, 0xC53F, 0x72B8, 0x38F2, 0x4132, 0x4132, 0x3912, 0x3912, 0x4132, 0x38F1, 0x5A34, 0xEF1F, 0xF77F, 0xDE3E,
  0x823D, 0x8A7F, 0x92DF, 0x92DF, 0x92FF, 0x92FF, 0x9AFF, 0x92DF, 0x92BF, 0x8A9F, 0x8A7F, 0x8A3F, 0x8A1F, 0x799F, 0x931D, 0xF71F,
  0xEF5F, 0xD63D, 0x4153, 0x4112, 0x4132, 0x4132, 0x4132, 0x4132, 0x4153, 0x4133, 0x9BFB, 0xCD9F, 0xC59F, 0xCDDF, 0xD61F, 0xDE5F,
  0xDE7F, 0xDE9F, 0xE6BF, 0xE6DF, 0xE6DF, 0xE6DF, 0xE6FF, 0xE6FF, 0xEF1F, 0xEF1F, 0xEF1F, 0xEF3F, 0xF75F, 0xF75F, 0xFF9F, 0xF75F,
  0xDE7F, 0xE69F, 0xE6BF, 0xE6BF, 0xE6DF, 0xEEFF, 0xE6FF, 0xE6FF, 0xE6DF, 0xE6BF, 0xEEFF, 0xCDFE, 0x9BBE, 0xA41E, 0xEEFF, 0xD65F,
  0xBD1F, 0xA3FF, 0xA41F, 0xA41F, 0xAC5F, 0xBD3F, 0xBD5F, 0xBD5F, 0xBD3F, 0xBD5F, 0xC55F, 0xC55F, 0xC57F, 0xC55F, 0xC57F, 0xC57F,
  0xDEBE, 0xDE9F, 0xDE9F, 0xDE9F, 0xDE9F, 0xDE9F, 0xDE9F, 0xDE9F, 0xDE9F, 0xDE9F, 0xDE9F, 0xDE9F, 0xDE9F, 0xDEBF, 0xDEBF, 0xDE9F,
  0xDE9F, 0xDE9F, 0xDE9F, 0xDE9F, 0xDE9F, 0xDE9F, 0xDE9F, 0xDE7F, 0xDE7F, 0xD65F, 0xD65F, 0xCDFF, 0xC5BF, 0xC59F, 0xC55F, 0xE6DF,
  0xFFDF, 0xF79F, 0xF79F, 0xF77F, 0xF75F, 0xEF3F, 0xEF3F, 0xEF1F, 0xEEFF, 0xEEFF, 0xF73F, 0xFFBF, 0xFFDF, 0xFFBF, 0xFFBF, 0xFFBF,
  0xFFBF, 0xFFBF, 0xFFBF, 0xFFBF, 0xFF9F, 0xFF9F, 0xFF9F, 0xFF7F, 0xFF7F, 0xFF7F, 0xFF5F, 0xFF5F, 0xFF1F, 0xFEFF, 0xFEDF, 0xFEDF,
  0xFEDF, 0xFEDF, 0xFEDF, 0xFEFF, 0xFEDF, 0xFEDF, 0xF6DF, 0xF6DF, 0xF69F, 0xF69F, 0xFE9F, 0xF69F, 0xFE9F, 0xF67F, 0xF69F, 0xFEDF,
  0xF6DF, 0xFEDF, 0xFEDF, 0xFF1F, 0xFF5F, 0xFF3F, 0xFF3F, 0xFF5F, 0xFF5F, 0xFF5F, 0xFF7F, 0xFF9F, 0xFF9F, 0xFFBF, 0xFFBF, 0xFF9F,
  0xFFBF, 0xFFBF, 0xFFBF, 0xFFBF, 0xFFBF, 0xF71F, 0xEEDF, 0xEEDF, 0xEEFF, 0xEF1F, 0xEF1F, 0xEF3F, 0xEF3F, 0xF75F, 0xF75F, 0xFFBF,
  0xE69F, 0xCDBF, 0xCDFF, 0xD61F, 0xD63F, 0xDE7F, 0xDE7F, 0xDE9F, 0xDE7F, 0xDE7F, 0xD63F, 0xD61F, 0xD5FF, 0xCDBF, 0xE6DF, 0xFFDF,
  0xF79F, 0xF77F, 0xF77F, 0xF75F, 0xEF3F, 0xEF3F, 0xEF3F, 0xEF1F, 0xE71F, 0xE6FF, 0xE6FF, 0xE6DF, 0xE6DF, 0xDEBF, 0xDE9F, 0xD65F,
  0xD61F, 0xCDDF, 0xC57F, 0xC55F, 0x6A97, 0x38F2, 0x4132, 0x3912, 0x3912, 0x3912, 0x4132, 0x30D1, 0x6254, 0xEF5F, 0xF79F, 0xD5FE,
  0x81FE, 0x8A7F, 0x8A9F, 0x92BF, 0x92BF, 0x92BF, 0x92BF, 0x92BF, 0x8A9F, 0x8A7F, 0x8A5F, 0x8A3F, 0x821F, 0x819F, 0x8A7D, 0xEEBF,
  0xEF5F, 0xDE5D, 0x4953, 0x3912, 0x3932, 0x4132, 0x4132, 0x4132, 0x4153, 0x4112, 0x93BB, 0xCD9F, 0xC59F, 0xCDDF, 0xD61F, 0xDE5F,
  0xDE7F, 0xDE9F, 0xE6BF, 0xE6DF, 0xE6DF, 0xE6DF, 0xE6DF, 0xE6FF, 0xEEFF, 0xEF1F, 0xEF1F, 0xEF3F, 0xEF3F, 0xF75F, 0xF79F, 0xF75F,
  0xDE7F, 0xE69F, 0xE6BF, 0xE6BF, 0xE6BF, 0xE6DF, 0xE6DF, 0xE6BF, 0xE6BF, 0xE6DF, 0xE6DF, 0xEF3F, 0xD5FF, 0x93DD, 0xD63F, 0xDE7F,
  0xAC9F, 0x8B5F, 0x9BBF, 0x9BFF, 0xAC7E, 0xC55F, 0xBD5F, 0xBD5F, 0xBD5F, 0xBD5F, 0xC55F, 0xC55F, 0xC57F, 0xC57F, 0xC57F, 0xC59F,
  0xDEBE, 0xDE9F, 0xDE9F, 0xDE9F, 0xDE9F, 0xDE9F, 0xDE9F, 0xDE9F, 0xDE9F, 0xDE9F, 0xDE9E, 0xDE9F, 0xD61F, 0xCDBE, 0xDE7F, 0xDEBF,
  0xDE9F, 0xDE9F, 0xDE9F, 0xDE9F, 0xDE9F, 0xDE9F, 0xDE9F, 0xDE7F, 0xDE7F, 0xD65F, 0xD65F, 0xD61F, 0xCDBF, 0xC59F, 0xC57F, 0xE6DF,
  0xFFDF, 0xF79F, 0xF77F, 0xF77F, 0xF75F, 0xEF3F, 0xEF3F, 0xF71F, 0xEEFF, 0xEEFF, 0xEF1F, 0xFF9F, 0xFFBF, 0xFFBF, 0xFFBF, 0xFFBF,
  0xFFBF, 0xFFBF, 0xFFBF, 0xFFBF, 0xFFBF, 0xFFBF, 0xFF9F, 0xFF9F, 0xFF7F, 0xFF7F, 0xFEDF, 0xED7E, 0xED5F, 0xECDF, 0xECBE, 0xECBF,
  0xECDE, 0xED1E, 0xE4FE, 0xE4BE, 0xDC9E, 0xDD1E, 0xFEBF, 0xFF1F, 0xFEDF, 0xF63F, 0xE49E, 0xEC7F, 0xE47E, 0xF5DF, 0xFEDF, 0xF6FF,
  0xFEFF, 0xED5E, 0xECFE, 0xED3F, 0xEDBE, 0xFF5F, 0xFF9F, 0xFF7F, 0xFF7F, 0xFF7F, 0xFF7F, 0xFF9F, 0xFF9F, 0xFF9F, 0xFF9F, 0xFF9F,
  0xFF9F, 0xFF9F, 0xFFBF, 0xFFBF, 0xFF7F, 0xEEFF, 0xEEDF, 0xEEFF, 0xEEFF, 0xEEFF, 0xEF1F, 0xEF3F, 0xEF3F, 0xF75F, 0xF75F, 0xFFBF,
  0xDE3F, 0xBD1F, 0xBD3F, 0xBD5F, 0xC59F, 0xCDDF, 0xD61F, 0xD61F, 0xDE3F, 0xD63F, 0xD61F, 0xCDDF, 0xCDBF, 0xC57F, 0xDE9E, 0xFFDF,
  0xF77F, 0xF77F, 0xF75F, 0xF75F, 0xEF3F, 0xEF3F, 0xEF3F, 0xEF1F, 0xE6FF, 0xE6FF, 0xE6FF, 0xE6DF, 0xE6BF, 0xDEBF, 0xDE9F, 0xD65F,
  0xD61F, 0xCDDF, 0xC57F, 0xC55F, 0x72B7, 0x38F2, 0x4132, 0x3912, 0x3911, 0x3911, 0x3911, 0x30D1, 0x51F3, 0xE6DE, 0xEF3F, 0xDE3E,
  0x79FD, 0x821F, 0x8A7F, 0x8A7F, 0x8A7F, 0x8A7F, 0x8A7F, 0x8A7F, 0x8A5F, 0x825F, 0x823F, 0x821F, 0x81FF, 0x797F, 0x9B1D, 0xEEBF,
  0xEF1F, 0xCDDC, 0x38F2, 0x3912, 0x3911, 0x3912, 0x3912, 0x4132, 0x4153, 0x38F2, 0x93DB, 0xCD9F, 0xCDBF, 0xD5FF, 0xD63F, 0xDE5F,
  0xDE9F, 0xDE9F, 0xE6BF, 0xE6DF, 0xE6DF, 0xE6DF, 0xE6DF, 0xE6FF, 0xE6FF, 0xEEFF, 0xEF1F, 0xEF3F, 0xEF3F, 0xF75F, 0xF79F, 0xF75F,
  0xDE7F, 0xDE7F, 0xDE7F, 0xDE9F, 0xDE9F, 0xE6BF, 0xE6BF, 0xE6DF, 0xE6DF, 0xE6DF, 0xE6DF, 0xE6DF, 0xEEFF, 0xBD3E, 0xB4FE, 0xE6BF,
  0xAC7F, 0x8B3F, 0x939F, 0x9BDF, 0xB4DF, 0xBD5F, 0xBD5F, 0xBD5F, 0xBD5F, 0xBD5F, 0xC55F, 0xC55F, 0xC55F, 0xC57F, 0xC57F, 0xC55F,
  0xDEBE, 0xDE9F, 0xDE9F, 0xDE9F, 0xDE9F, 0xDE9F, 0xDE9F, 0xDE9F, 0xDE9F, 0xDE9F, 0xDEBF, 0xD61F, 0xACBE, 0xACBF, 0xB4FE, 0xDE7F,
  0xDE9F, 0xDE9F, 0xDE9F, 0xDE9F, 0xDE9F, 0xDE9F, 0xDE7F, 0xDE7F, 0xDE7F, 0xD65F, 0xD63F, 0xD61F, 0xCDFF, 0xCDBF, 0xC57F, 0xE6DF,
  0xFFBF, 0xF77F, 0xF77F, 0xF77F, 0xF75F, 0xEF3F, 0xEF3F, 0xEF1F, 0xEEFF, 0xEEFF, 0xEEBF, 0xF6BF, 0xF6DF, 0xF6FF, 0xF6FF, 0xF6DF,
  0xFEDF, 0xF6BF, 0xF6BF, 0xF69F, 0xF67F, 0xFE7F, 0xF67F, 0xF65F, 0xF63F, 0xF61F, 0xDC1E, 0xB1DC, 0xB9FE, 0xB1BD, 0xB17D, 0xA97D,
  0xA97C, 0xA99C, 0xA1BC, 0xA1DC, 0xA1DC, 0x999B, 0xD43D, 0xF5BF, 0xF57F, 0xCB9D, 0x98FB, 0xA93D, 0x98FC, 0xC33C, 0xF53F, 0xED1F,
  0xED1F, 0xAA1C, 0xA99C, 0xB1FD, 0xB21D, 0xED5E, 0xFE5F, 0xF61F, 0xF63F, 0xF65F, 0xF67F, 0xF67F, 0xF69F, 0xF69F, 0xF6BF, 0xF6DF,
  0xF6DF, 0xF6DF, 0xF6DF, 0xF6DF, 0xEE9F, 0xEEBF, 0xEEBF, 0xEEDF, 0xEEFF, 0xEEFF, 0xEF1F, 0xEF3F, 0xEF3F, 0xF75F, 0xF75F, 0xFFBF,
  0xD63F, 0xBD1F, 0xBD3F, 0xC53F, 0xC53F, 0xBD3F, 0xBD1F, 0xBD1F, 0xBD3F, 0xBD5F, 0xBD5F, 0xC55F, 0xC57F, 0xC55F, 0xDE9F, 0xFFBF,
  0xF77F, 0xF77F, 0xF75F, 0xEF3F, 0xEF3F, 0xEF3F, 0xEF1F, 0xEF1F, 0xE6FF, 0xE6FF, 0xE6FF, 0xE6DF, 0xE6BF, 0xDEBF, 0xDE9F, 0xDE5F,
  0xD63F, 0xCDFF, 0xCDBF, 0xD5FF, 0x7AF8, 0x30D1, 0x3912, 0x3911, 0x3911, 0x38F1, 0x3910, 0x38F1, 0x3931, 0xD61D, 0xE6DF, 0xEEDF,
  0x92FD, 0x799F, 0x8A3F, 0x823F, 0x823F, 0x8A3F, 0x823F, 0x821F, 0x821F, 0x821F, 0x81FF, 0x81FF, 0x89FF, 0x799E, 0xBCBE, 0xEEDF,
  0xEEFF, 0x9C39, 0x3090, 0x3912, 0x3911, 0x3912, 0x3912, 0x4132, 0x4132, 0x38F2, 0x9C1B, 0xDE1F, 0xCDDF, 0xD61F, 0xD63F, 0xDE7F,
  0xDE9F, 0xDE9F, 0xE6BF, 0xE6DF, 0xE6DF, 0xE6DF, 0xE6DF, 0xE6FF, 0xE6FF, 0xEEFF, 0xEF1F, 0xEF3F, 0xEF3F, 0xEF5F, 0xF79F, 0xEF3F,
  0xD65F, 0xDE5F, 0xDE7F, 0xDE9F, 0xE6BF, 0xE6BF, 0xE6DF, 0xE6DF, 0xE6DF, 0xE6DF, 0xE6DF, 0xE6BF, 0xDE9F, 0xDE5F, 0xACBD, 0xE69F,
  0xB4BF, 0x8B3F, 0x937F, 0xA43F, 0xBD3F, 0xBD3F, 0xBD3F, 0xBD3F, 0xBD5F, 0xBD5F, 0xC55F, 0xC55F, 0xC57F, 0xC57F, 0xC55F, 0xC55F,
  0xDEBE, 0xDE9F, 0xDE9F, 0xDE9F, 0xDE9F, 0xDE9F, 0xDE9F, 0xDE9F, 0xDE9F, 0xDE9F, 0xDE9F, 0xBD1E, 0xAC7F, 0xB4BF, 0xAC9F, 0xBD1E,
  0xE69F, 0xDE7F, 0xDE9F, 0xDE9F, 0xDE9F, 0xDE7F, 0xD67F, 0xDE7F, 0xDE7F, 0xD65F, 0xD63F, 0xD63F, 0xD61F, 0xD5FF, 0xC57F, 0xE6DF,
  0xFFBF, 0xF77F, 0xF77F, 0xF75F, 0xF75F, 0xEF3F, 0xEF3F, 0xEF1F, 0xEEFF, 0xEEDF, 0xEE9F, 0xEE3F, 0xEDFF, 0xEDFF, 0xEDDF, 0xEDBF,
  0xED9F, 0xED7F, 0xED5F, 0xED5F, 0xED5F, 0xED5F, 0xED5F, 0xED3F, 0xE51F, 0xF4FF, 0xBAFC, 0x78F9, 0x895B, 0x895B, 0x897A, 0x8179,
  0x8139, 0x8159, 0x8159, 0x8159, 0x793A, 0x70F9, 0xBB9C, 0xED1F, 0xECDF, 0xB2FB, 0x68D7, 0x7138, 0x68D7, 0xAABB, 0xEC9F, 0xE45F,
  0xDC1F, 0x8179, 0x7918, 0x813A, 0x7919, 0xD3FD, 0xF53F, 0xECFF, 0xECFF, 0xED1F, 0xED1F, 0xED3F, 0xED3F, 0xED5F, 0xED5F, 0xED7F,
  0xED9F, 0xEDBF, 0xEDBF, 0xEDFF, 0xEE3F, 0xEE9F, 0xEEDF, 0xEEDF, 0xEEFF, 0xEF1F, 0xEF1F, 0xEF1F, 0xEF3F, 0xEF3F, 0xEF5F, 0xFF9F,
  0xD61F, 0xB4FF, 0xBD1F, 0xBD1F, 0xBD1F, 0xBD3F, 0xBD1F, 0xBD1F, 0xBD1F, 0xBD1F, 0xBD3F, 0xBD3F, 0xBD3F, 0xB4FF, 0xDE5F, 0xFFBF,
  0xEF5F, 0xF77F, 0xF75F, 0xEF3F, 0xEF3F, 0xEF3F, 0xEF1F, 0xEEFF, 0xE6FF, 0xE6FF, 0xE6DF, 0xE6DF, 0xE6DF, 0xDEBF, 0xDE9F, 0xDE7F,
  0xD65F, 0xD63F, 0xDE5F, 0x9C3B, 0x4973, 0x3911, 0x38F1, 0x38F1, 0x38F1, 0x38F1, 0x38F0, 0x3911, 0x288F, 0xA459, 0xF73F, 0xEEFF,
  0xCD7E, 0x717E, 0x81DF, 0x821F, 0x821F, 0x821F, 0x81FF, 0x81FF, 0x79FF, 0x81DF, 0x81DF, 0x81FF, 0x81BF, 0x9B1D, 0xEEDF, 0xE6BF,
  0xE69F, 0x59F3, 0x30B0, 0x3911, 0x3911, 0x3911, 0x3911, 0x3912, 0x4132, 0x4132, 0x59F4, 0xB4DC, 0xE67F, 0xD63F, 0xD65F, 0xDE7F,
  0xDE9F, 0xDEBF, 0xE6BF, 0xE6DF, 0xE6DF, 0xE6DF, 0xE6DF, 0xE6FF, 0xE6FF, 0xEF1F, 0xEF1F, 0xEF3F, 0xEF3F, 0xEF3F, 0xF77F, 0xEF3F,
  0xD63F, 0xDE5F, 0xDE7F, 0xDE9F, 0xE6BF, 0xE6BF, 0xE6BF, 0xE6BF, 0xE6DF, 0xE6DF, 0xE6BF, 0xE6BF, 0xDE9F, 0xE6BF, 0xCDDE, 0xCDFE,
  0xBD1F, 0x8B3F, 0x9BBE, 0xB4FF, 0xBD3F, 0xBD3F, 0xBD3F, 0xBD3F, 0xBD3F, 0xC55E, 0xC59E, 0xC57F, 0xC57F, 0xC55F, 0xBD3F, 0xBD5F,
  0xDEBE, 0xDE9F, 0xDE9F, 0xDE9F, 0xDE9F, 0xDE9F, 0xDE9F, 0xDE9F, 0xDE9F, 0xDE9F, 0xD65F, 0xACBE, 0xAC7F, 0xAC9F, 0xAC9F, 0xAC9F,
  0xCDFF, 0xDEBF, 0xDE9F, 0xDE9F, 0xDE9F, 0xDE7F, 0xD67F, 0xDE7F, 0xD65F, 0xD65F, 0xD63F, 0xD63F, 0xD61F, 0xD61F, 0xC59F, 0xE6DF,
  0xF79F, 0xF77F, 0xF75F, 0xF75F, 0xEF5F, 0xEF3F, 0xEF3F, 0xEF1F, 0xEEFF, 0xEEDF, 0xEE9F, 0xEE5F, 0xEE1F, 0xEDDF, 0xEDBF, 0xED9F,
  0xED7F, 0xED5F, 0xE53F, 0xED1F, 0xED1F, 0xED1F, 0xED1F, 0xED1F, 0xE4DF, 0xECFF, 0xAADB, 0x60B7, 0x60D7, 0x8A78, 0xE59E, 0xDD3E,
  0xDCFE, 0xD4BE, 0xD4BE, 0x7196, 0x58B6, 0x5896, 0xAB3B, 0xECBF, 0xE4DF, 0xB37C, 0x58D6, 0x6117, 0x50B6, 0xAB1B, 0xECFF, 0xDC7E,
  0xD41E, 0x68F6, 0x58B6, 0x60D6, 0x60D6, 0xCBBD, 0xECDF, 0xE4BF, 0xECDF, 0xE4DF, 0xECFF, 0xECFF, 0xE4FF, 0xE4FF, 0xE51F, 0xED3F,
  0xED5F, 0xED7F, 0xED9F, 0xEDDF, 0xEE3F, 0xEE9F, 0xEEDF, 0xEEDF, 0xEEFF, 0xEEFF, 0xEF1F, 0xEF1F, 0xEF3F, 0xEF3F, 0xEF3F, 0xF79F,
  0xD5FF, 0xB4DF, 0xBCFF, 0xBD1F, 0xBD1F, 0xBD1F, 0xBD1F, 0xBD3F, 0xBD3F, 0xBD3F, 0xBD3F, 0xBD3F, 0xBD3F, 0xB4FE, 0xDE5E, 0xFFBF,
  0xEF5F, 0xEF5F, 0xEF3F, 0xEF3F, 0xEF3F, 0xEF1F, 0xEF1F, 0xEEFF, 0xE6FF, 0xE6FF, 0xE6DF, 0xE6DF, 0xE6DF, 0xDEBF, 0xDE9F, 0xDE7F,
  0xDE9F, 0xD61E, 0x7B17, 0x38F2, 0x3912, 0x38F1, 0x38F1, 0x38F1, 0x38F1, 0x38F1, 0x30F0, 0x38F1, 0x30D1, 0x51B3, 0xE6BE, 0xE71F,
  0xEF1F, 0xBC9E, 0x719E, 0x81BF, 0x81FF, 0x81DF, 0x79DF, 0x79DF, 0x79BF, 0x81BF, 0x81BF, 0x797F, 0x8A7E, 0xE67F, 0xEF1F, 0xF75F,
  0xB4BB, 0x3091, 0x38F1, 0x30F0, 0x38F0, 0x3911, 0x3911, 0x3911, 0x3911, 0x4132, 0x4133, 0x4974, 0x93B9, 0xDE5F, 0xDE7F, 0xDE7F,
  0xE69F, 0xE6BF, 0xE6BF, 0xE6DF, 0xE6DF, 0xE6DF, 0xE6DF, 0xE6FF, 0xE6FF, 0xEF1F, 0xEF1F, 0xEF3F, 0xEF3F, 0xEF3F, 0xF77F, 0xEF1F,
  0xD63F, 0xDE5F, 0xDE7F, 0xDE9F, 0xDE9F, 0xE69F, 0xE6BF, 0xE6BF, 0xDEBF, 0xDEBF, 0xE6BF, 0xE6BF, 0xE6BF, 0xE6BF, 0xE6BF, 0xCDFE,
  0xBCDF, 0x8B3E, 0xAC9F, 0xBD3F, 0xBD1F, 0xBD3F, 0xBD3F, 0xBD1F, 0xCDBE, 0xEEDF, 0xEEDF, 0xCDDE, 0xC55F, 0xBD3F, 0xBD3F, 0xBD5F,
  0xDEBE, 0xDE9F, 0xDE9F, 0xDE9F, 0xDE9F, 0xDE9F, 0xDE9F, 0xDE9F, 0xDE9F, 0xDE9F, 0xCDFF, 0xAC7F, 0xAC9F, 0xAC7F, 0xAC9F, 0xAC7F,
  0xB51E, 0xDE9F, 0xDE9F, 0xDE7F, 0xDE7F, 0xD67F, 0xD67F, 0xDE7F, 0xD65F, 0xD65F, 0xD65F, 0xD63F, 0xD61F, 0xD5FF, 0xCDBF, 0xE6DF,
  0xF79F, 0xF75F, 0xF75F, 0xF75F, 0xEF3F, 0xEF3F, 0xEF1F, 0xEF1F, 0xEEFF, 0xEEDF, 0xEEBF, 0xEE9F, 0xEE7F, 0xEE5F, 0xEE3F, 0xEE1F,
  0xEDDF, 0xEDBF, 0xEDBF, 0xED9F, 0xE59F, 0xED9F, 0xED7F, 0xE57F, 0xE55F, 0xED9F, 0xA33A, 0x5094, 0x5095, 0x8258, 0xF63F, 0xEDDF,
  0xE59F, 0xE57F, 0xE55F, 0x6976, 0x4894, 0x4893, 0xA31A, 0xE4DF, 0xDCDF, 0xE4FF, 0xCC3D, 0xCC3D, 0xCC7E, 0xA2DB, 0x819A, 0x819A,
  0x81D9, 0xC3BD, 0xC3FD, 0xC3DD, 0xCC1D, 0xE4DF, 0xE51F, 0xED5F, 0xED5F, 0xED7F, 0xED7F, 0xED9F, 0xED9F, 0xE59F, 0xEDBF, 0xEDDF,
  0xEDDF, 0xE5FF, 0xE61F, 0xEE3F, 0xEE5F, 0xEE9F, 0xEEBF, 0xEEDF, 0xEEFF, 0xEEFF, 0xEEFF, 0xEF1F, 0xEF3F, 0xEF3F, 0xEF3F, 0xF79F,
  0xCDFF, 0xB4BF, 0xB4FF, 0xB4FF, 0xBD1F, 0xBD1F, 0xBD3F, 0xBD3F, 0xBD3F, 0xBD3F, 0xBD3F, 0xBD3F, 0xBD3F, 0xB4DF, 0xD63E, 0xFFBF,
  0xEF5F, 0xEF5F, 0xEF3F, 0xEF3F, 0xEF3F, 0xEF1F, 0xEEFF, 0xE6FF, 0xE6FF, 0xE6DF, 0xE6DF, 0xE6DF, 0xE6DF, 0xE6BF, 0xDE9F, 0xDEBF,
  0xC5BD, 0x59F4, 0x30D2, 0x3912, 0x38F1, 0x38F1, 0x38F1, 0x30F0, 0x30F0, 0x30D0, 0x30F0, 0x30F0, 0x38F1, 0x3091, 0x8356, 0xF75F,
  0xE6DF, 0xF71F, 0xCD5E, 0x8A7D, 0x717F, 0x715F, 0x715F, 0x715F, 0x715F, 0x713F, 0x715E, 0x92FD, 0xE63F, 0xE6FF, 0xF71F, 0xDE3E,
  0x4953, 0x30B0, 0x38F0, 0x30F0, 0x30F0, 0x38F1, 0x3911, 0x3911, 0x3911, 0x4132, 0x4153, 0x4974, 0x4113, 0x72B7, 0xD63E, 0xE6BF,
  0xDE9F, 0xE6BF, 0xE6DF, 0xE6DF, 0xE6DF, 0xE6DF, 0xE6DF, 0xE6FF, 0xE6FF, 0xEEFF, 0xEF1F, 0xEF3F, 0xEF3F, 0xEF3F, 0xF75F, 0xEF1F,
  0xD63F, 0xDE5F, 0xDE7F, 0xDE9F, 0xDE9F, 0xDE9E, 0xE6BF, 0xE6DF, 0xE6BF, 0xE6DF, 0xE6BF, 0xDEBF, 0xE6BF, 0xE6DF, 0xE6FF, 0xDE5F,
  0xAC7E, 0x937E, 0xB4DF, 0xB4FF, 0xBD1F, 0xBD3F, 0xB4FF, 0xC59F, 0xEEFE, 0xEEDF, 0xEEDF, 0xD61F, 0xBD3F, 0xBD3F, 0xBD3F, 0xBD5F,
  0xDEBE, 0xDE9F, 0xDE9F, 0xDE9F, 0xDE9F, 0xDE9F, 0xDE9F, 0xDE9F, 0xDE9F, 0xDE9F, 0xC5BF, 0xA45F, 0xAC7F, 0xAC7F, 0xAC7F, 0xAC7F,
  0xAC9F, 0xD63F, 0xDE9F, 0xDE7F, 0xDE7F, 0xDE7F, 0xD67F, 0xDE7F, 0xD65F, 0xD65F, 0xD65F, 0xD63F, 0xD61F, 0xD5FF, 0xCDBF, 0xE6DF,
  0xF79F, 0xF75F, 0xF75F, 0xF75F, 0xEF3F, 0xEF3F, 0xEF1F, 0xEF1F, 0xEEFF, 0xEEDF, 0xEEBF, 0xEEBF, 0xEE9F, 0xEE9F, 0xEE7F, 0xEE5F,
  0xE63F, 0xE61F, 0xE5FF, 0xEDFF, 0xEDFF, 0xEDDF, 0xE5BF, 0xE5BF, 0xE59F, 0xF61F, 0xA37A, 0x4893, 0x4894, 0x7216, 0xEDDF, 0xE5BF,
  0xE5BF, 0xE59F, 0xDD7F, 0x6174, 0x4093, 0x4092, 0x9B1A, 0xE4FF, 0xDCDF, 0xDD1F, 0xE53F, 0xE53F, 0xEDBF, 0x927B, 0x5858, 0x60B9,
  0x6939, 0xDCDF, 0xE51F, 0xE4FF, 0xE51F, 0xE53F, 0xE57F, 0xE59F, 0xE5BF, 0xEDBF, 0xEDDF, 0xEDDF, 0xEDDF, 0xE5DF, 0xE5FF, 0xE61F,
  0xEE3F, 0xE65F, 0xEE5F, 0xEE7F, 0xEE9F, 0xEEBF, 0xEEDF, 0xEEFF, 0xEEFF, 0xEEFF, 0xEEFF, 0xEF1F, 0xEF3F, 0xEF3F, 0xEF3F, 0xF77F,
  0xCDDF, 0xB4BF, 0xB4FF, 0xB4FF, 0xBCFF, 0xBD1F, 0xBD3F, 0xBD3F, 0xBD3F, 0xBD3F, 0xBD3F, 0xBD3F, 0xBD3F, 0xB4FF, 0xD63E, 0xF79F,
  0xEF5F, 0xEF5F, 0xEF3F, 0xEF3F, 0xEF1F, 0xEF1F, 0xEEFF, 0xEEFF, 0xE6FF, 0xE6DF, 0xE6DF, 0xE6DF, 0xE6DF, 0xE6BF, 0xDE9F, 0xE6DF,
  0x7B17, 0x3091, 0x4132, 0x38F1, 0x38F1, 0x38F1, 0x30F0, 0x30D0, 0x30D0, 0x30D0, 0x30D0, 0x30D0, 0x30D0, 0x38F1, 0x2890, 0x8B97,
  0xF73F, 0xEEFF, 0xE6FF, 0xE69F, 0xC4FE, 0x9B5D, 0x8A7D, 0x823E, 0x8A9D, 0xABDD, 0xCD5E, 0xE67F, 0xDE7F, 0xEEDF, 0xDE3E, 0x61D5,
  0x3092, 0x38F1, 0x30D0, 0x30D0, 0x30F0, 0x30F0, 0x30F0, 0x3911, 0x3911, 0x3932, 0x4132, 0x4152, 0x4974, 0x4114, 0x9C3A, 0xEEDF,
  0xDE9F, 0xE6BF, 0xE6DF, 0xE6DF, 0xE6DF, 0xE6DF, 0xE6DF, 0xE6FF, 0xE6FF, 0xEEFF, 0xEF1F, 0xEF1F, 0xEF3F, 0xEF3F, 0xF75F, 0xEF1F,
  0xD63F, 0xDE5F, 0xDE7F, 0xDE9F, 0xDE9F, 0xE6BF, 0xD63F, 0xB51E, 0xB4FE, 0xC55E, 0xDE5F, 0xE6FF, 0xE6DF, 0xE6DF, 0xE6DF, 0xE6BF,
  0xBD3E, 0x9BDE, 0xACBF, 0xB4FF, 0xB51F, 0xBD1F, 0xBD3E, 0xE6BF, 0xE6BF, 0xE6BF, 0xEEDF, 0xD63F, 0xBD1F, 0xBD3F, 0xBD3F, 0xBD5E,
  0xDEBE, 0xDE9F, 0xDE9F, 0xDE9F, 0xDE9F, 0xDE9F, 0xDE9F, 0xDE9F, 0xDE9F, 0xDEBF, 0xC57F, 0xA43F, 0xA45F, 0xA45F, 0xA43F, 0xAC5F,
  0xA45F, 0xCDDF, 0xDE9F, 0xD67F, 0xDE7F, 0xDE7F, 0xD67F, 0xD67F, 0xD65F, 0xD65F, 0xD63F, 0xD63F, 0xD61F, 0xD5FF, 0xCDBF, 0xE6DF,
  0xF79F, 0xF75F, 0xF75F, 0xEF3F, 0xEF3F, 0xEF3F, 0xEF1F, 0xEF1F, 0xEEFF, 0xEEFF, 0xEEDF, 0xEEDF, 0xEEBF, 0xEEBF, 0xEEBF, 0xEEBF,
  0xF6DF, 0xEE7F, 0xF67F, 0xEE5F, 0xEE3F, 0xEE1F, 0xE5FF, 0xE5DF, 0xE5DF, 0xF63F, 0x9B7A, 0x4073, 0x3893, 0x6A36, 0xEE1F, 0xEDFF,
  0xEE3F, 0xEE1F, 0xE5FF, 0x5994, 0x3893, 0x3891, 0x9B39, 0xE4FF, 0xDCDF, 0xDD3F, 0xE57F, 0xE55F, 0xEDDF, 0x8A79, 0x5057, 0x5898,
  0x6937, 0xDD1F, 0xE53F, 0xE51F, 0xE55F, 0xED9F, 0xE5BF, 0xE5DF, 0xE5DF, 0xEDFF, 0xEE1F, 0xEE1F, 0xE61F, 0xEE5F, 0xEE5F, 0xF6BF,
  0xEE7F, 0xEE7F, 0xEE7F, 0xE69F, 0xEEBF, 0xEEDF, 0xEEDF, 0xEEFF, 0xEEFF, 0xEEFF, 0xEEFF, 0xEF1F, 0xEF3F, 0xEF3F, 0xEF3F, 0xF75F,
  0xCDDF, 0xB4DF, 0xB4FF, 0xBCFF, 0xBD1F, 0xBD1F, 0xBD3F, 0xBD3F, 0xBD3F, 0xBD3F, 0xBD3F, 0xBD3F, 0xBD3F, 0xB4FF, 0xD63E, 0xF77F,
  0xEF3F, 0xEF3F, 0xEF3F, 0xEF3F, 0xEF1F, 0xEF1F, 0xE71F, 0xE6FF, 0xE6FF, 0xE6FF, 0xE6DF, 0xE6DF, 0xE6BF, 0xDEBF, 0xDE9F, 0xE6DF,
  0x72D6, 0x30B0, 0x38F2, 0x38F1, 0x30F1, 0x30F1, 0x30D0, 0x30D0, 0x30D0, 0x30D0, 0x30D0, 0x30D0, 0x30D0, 0x30D0, 0x30D0, 0x286F,
  0x6AB5, 0xD63E, 0xEEFF, 0xE6BF, 0xEEDF, 0xEEFF, 0xE6BF, 0xE67F, 0xE69F, 0xEEDF, 0xE6BF, 0xE69F, 0xE67F, 0xB49C, 0x5154, 0x3091,
  0x30F1, 0x30B0, 0x30D0, 0x30D0, 0x30D0, 0x30F0, 0x30F0, 0x38F0, 0x3911, 0x3911, 0x3932, 0x4152, 0x4973, 0x4133, 0x9C19, 0xE6BF,
  0xDE7F, 0xE6BF, 0xE6BF, 0xE6DF, 0xE6DF, 0xE6DF, 0xE6DF, 0xE6FF, 0xE6FF, 0xE6FF, 0xEF1F, 0xEF1F, 0xEF3F, 0xEF3F, 0xF75F, 0xEEFF,
  0xD63F, 0xDE7F, 0xDE7F, 0xDE9F, 0xDE9F, 0xE6DF, 0xBD3E, 0xA41F, 0xA45F, 0xA43F, 0xAC9E, 0xCDBE, 0xE6FF, 0xE6FF, 0xE6DF, 0xDE9F,
  0xD5FE, 0xAC9E, 0xAC9F, 0xB4FF, 0xBD1F, 0xBD1F, 0xD63F, 0xEEDF, 0xE67F, 0xE69F, 0xE6BF, 0xD61F, 0xBD1F, 0xBD3F, 0xBD3F, 0xBD3F,
  0xDEBE, 0xDE9F, 0xDE9F, 0xDE9F, 0xDE9F, 0xDE9F, 0xDE9F, 0xDE9F, 0xDE7F, 0xE6BF, 0xC57E, 0x9C1F, 0xA43F, 0xA43F, 0xA41F, 0xA43F,
  0xA41F, 0xBD5F, 0xDE9F, 0xD67F, 0xDE7F, 0xDE7F, 0xD67F, 0xD67F, 0xD65F, 0xD65F, 0xD63F, 0xD63F, 0xD61F, 0xCDFF, 0xC5BF, 0xE6DF,
  0xF79F, 0xF75F, 0xF75F, 0xEF3F, 0xEF3F, 0xEF3F, 0xEF1F, 0xEF1F, 0xEF1F, 0xEEFF, 0xEEFF, 0xEEDF, 0xEEDF, 0xEEDF, 0xEEDF, 0xF6DF,
  0xB47B, 0x7A77, 0xAC3B, 0xEE9F, 0xEE5F, 0xEE3F, 0xE61F, 0xE5FF, 0xE5DF, 0xEE1F, 0x9359, 0x3072, 0x3893, 0x6A15, 0xD59D, 0xCD5D,
  0xD57D, 0xD55D, 0xD55D, 0x5994, 0x3893, 0x3892, 0x9B39, 0xE4FF, 0xDCFF, 0xBC3D, 0x71F6, 0x7A17, 0x71F7, 0x8A99, 0xB37C, 0xB39C,
  0xB3DC, 0x8A98, 0x71B6, 0x79D7, 0x8238, 0xDD3E, 0xEDFF, 0xE5DF, 0xE5FF, 0xEE1F, 0xEE3F, 0xEE1F, 0xE61F, 0x9B79, 0x7A37, 0xBC9B,
  0xF6DF, 0xEE9F, 0xE69F, 0xE6BF, 0xEEBF, 0xEEDF, 0xEEDF, 0xEEFF, 0xEEFF, 0xEEFF, 0xEEFF, 0xEF1F, 0xEF1F, 0xEF3F, 0xEF3F, 0xF75F,
  0xCDDF, 0xB4DF, 0xBD1F, 0xBD1F, 0xBD1F, 0xBD1F, 0xBD3F, 0xBD3F, 0xBD3F, 0xBD3F, 0xBD3F, 0xBD3F, 0xBD3F, 0xB4FF, 0xD63E, 0xF77F,
  0xEF3F, 0xEF3F, 0xEF3F, 0xEF3F, 0xEF1F, 0xE71F, 0xE6FF, 0xE6FF, 0xE6FF, 0xE6DF, 0xE6DF, 0xE6DF, 0xE6BF, 0xDEBF, 0xDE7F, 0xDE7F,
  0xACBB, 0x30D0, 0x38F1, 0x30F1, 0x30F0, 0x30D0, 0x30D0, 0x30D0, 0x30D0, 0x30CF, 0x30D0, 0x30D0, 0x30D0, 0x30CF, 0x30CF, 0x30D0,
  0x286F, 0x3911, 0x8336, 0xC55C, 0xDE5F, 0xEEDF, 0xF73F, 0xF73F, 0xEEFF, 0xE69F, 0xDE1F, 0xB49B, 0x6A35, 0x3071, 0x3090, 0x30D0,
  0x30B0, 0x30B0, 0x30D0, 0x30D0, 0x30F0, 0x30F0, 0x30F0, 0x30F0, 0x3911, 0x3911, 0x3932, 0x4153, 0x4133, 0x59F5, 0xCDDE, 0xDE5F,
  0xDE7F, 0xDE9F, 0xE6BF, 0xE6DF, 0xE6DF, 0xE6DF, 0xE6DF, 0xE6FF, 0xE6FF, 0xEEFF, 0xEF1F, 0xEF1F, 0xEF1F, 0xEF1F, 0xEF5F, 0xE6FF,
  0xD63F, 0xDE7F, 0xDE7F, 0xDE9F, 0xDE9F, 0xE6BF, 0xCDDE, 0xA43F, 0xAC7F, 0xAC5F, 0xAC5F, 0xA43E, 0xBD1E, 0xE6DF, 0xE6FF, 0xD61E,
  0xCDBE, 0xC57F, 0xAC9F, 0xB51F, 0xBD1F, 0xC55F, 0xEEDF, 0xE69F, 0xE67F, 0xDE5F, 0xE67F, 0xCD9F, 0xBD1F, 0xBD3F, 0xBD3F, 0xBD3F,
  0xDEBE, 0xDE9F, 0xDE9F, 0xDE9F, 0xDE9F, 0xDE9F, 0xDE9F, 0xDE9F, 0xDE9F, 0xE6BF, 0xCDBE, 0x9BFE, 0xA41F, 0x9C1F, 0x9BFF, 0xA41F,
  0x9C1F, 0xB4DE, 0xDE9F, 0xDE7F, 0xD67F, 0xDE7F, 0xD67F, 0xD67F, 0xD65F, 0xD65F, 0xD63F, 0xD63F, 0xD61F, 0xCDDF, 0xCDBF, 0xE6BF,
  0xF79F, 0xF75F, 0xF75F, 0xEF3F, 0xEF3F, 0xEF3F, 0xEF1F, 0xEF1F, 0xEF1F, 0xEEFF, 0xEEFF, 0xEEFF, 0xEEFF, 0xEEDF, 0xF71F, 0xCD9D,
  0x4915, 0x5116, 0x48F4, 0xC51C, 0xEE9F, 0xE63F, 0xE63F, 0xE63F, 0xE5FF, 0xEE1F, 0x8B38, 0x3051, 0x40D3, 0x40D3, 0x4912, 0x40F2,
  0x40F1, 0x40F1, 0x40F2, 0x40D3, 0x40D3, 0x3893, 0xA37A, 0xE53F, 0xE53F, 0x9B1A, 0x3011, 0x4093, 0x3012, 0x92B9, 0xED7F, 0xE55F,
  0xE53F, 0x5915, 0x4073, 0x5094, 0x4875, 0xC47C, 0xEE1F, 0xE5FF, 0xE61F, 0xEE3F, 0xE63F, 0xF6BF, 0xB47B, 0x4073, 0x4895, 0x48F4,
  0xCDBD, 0xEEDF, 0xE6BF, 0xEEDF, 0xEEDF, 0xEEDF, 0xEEFF, 0xEEFF, 0xEEFF, 0xEEFF, 0xEEFF, 0xEF1F, 0xEF1F, 0xEF3F, 0xEF3F, 0xF75F,
  0xCDDF, 0xB4DF, 0xBD1F, 0xBD1F, 0xBD1F, 0xBD3F, 0xBD3F, 0xBD3F, 0xBD3F, 0xBD3F, 0xBD3F, 0xBD3F, 0xBD3F, 0xB4FF, 0xD63E, 0xF77F,
  0xEF3F, 0xEF3F, 0xEF3F, 0xEF1F, 0xEF1F, 0xEF1F, 0xEEFF, 0xE6FF, 0xE6DF, 0xE6DF, 0xE6DF, 0xE6DF, 0xE6BF, 0xDE9F, 0xDE7F, 0xD61F,
  0xD61F, 0x72F7, 0x2890, 0x38F1, 0x30F0, 0x30D0, 0x30D0, 0x30D0, 0x30CF, 0x30CF, 0x30CF, 0x30CF, 0x30CF, 0x30CF, 0x28CE, 0x30AF,
  0x30CF, 0x288E, 0x202E, 0x30AF, 0x51B3, 0x72D5, 0x8357, 0x8B98, 0x7B36, 0x6274, 0x4952, 0x2850, 0x284F, 0x30AF, 0x30CF, 0x30AF,
  0x30AF, 0x30B0, 0x30D0, 0x30D0, 0x30D0, 0x30F0, 0x30F0, 0x30F0, 0x38F0, 0x3911, 0x3932, 0x4153, 0x4133, 0xAC7B, 0xDE3F, 0xD63F,
  0xDE7F, 0xDE9F, 0xE6BF, 0xE6DF, 0xE6DF, 0xE6DF, 0xE6DF, 0xE6FF, 0xE6FF, 0xE6FF, 0xEF1F, 0xEF1F, 0xEF1F, 0xEF1F, 0xEF3F, 0xE6FF,
  0xD63F, 0xDE7F, 0xDE7F, 0xDE9F, 0xDE9F, 0xDE9F, 0xDE9F, 0xB4DF, 0xA43F, 0xAC5F, 0xAC3F, 0xA45F, 0xA43F, 0xBD1E, 0xE6BF, 0xD5FF,
  0xBD3E, 0xDE5F, 0xB4FF, 0xB4DF, 0xB4DF, 0xC59E, 0xEEDF, 0xE67F, 0xDE5F, 0xE67F, 0xCD9E, 0xAC9E, 0xBD3F, 0xBD3F, 0xBD3F, 0xBD5F,
  0xDEBE, 0xDE9F, 0xDE9F, 0xDE9F, 0xDE9F, 0xDE9F, 0xDE9F, 0xDE9F, 0xDE9F, 0xE6BF, 0xD5FF, 0x9BFE, 0x9BFF, 0x9BDF, 0x9BDF, 0x9BFF,
  0x9BFF, 0xB4BF, 0xDE7F, 0xDE7F, 0xD67F, 0xDE7F, 0xD67F, 0xD67F, 0xD65F, 0xD65F, 0xD63F, 0xD61F, 0xD61F, 0xCDFF, 0xC5BF, 0xE6BF,
  0xF77F, 0xF75F, 0xEF3F, 0xEF3F, 0xEF3F, 0xEF3F, 0xEF1F, 0xEF1F, 0xEF1F, 0xEEFF, 0xEEFF, 0xEEFF, 0xEEFF, 0xE6DF, 0xF71F, 0xBD1C,
  0x48F4, 0x5176, 0x40F4, 0xAC9A, 0xF69F, 0xE63F, 0xEE5F, 0xEE3F, 0xE5FF, 0xEE3F, 0x9359, 0x200F, 0x3092, 0x3072, 0x3071, 0x3070,
  0x2870, 0x3050, 0x2870, 0x3071, 0x3892, 0x3032, 0xA39A, 0xE57F, 0xE55F, 0x9B1A, 0x2810, 0x3891, 0x2810, 0x8A78, 0xE51F, 0xDCFF,
  0xDCFF, 0x5934, 0x4073, 0x4894, 0x4894, 0xC49C, 0xEE3F, 0xE5FF, 0xE63F, 0xEE5F, 0xE65F, 0xF6DF, 0xAC39, 0x40B4, 0x5114, 0x40B3,
  0xBD3C, 0xEEDF, 0xE6BF, 0xE6DF, 0xEEDF, 0xEEFF, 0xEEFF, 0xEEFF, 0xEEFF, 0xEEFF, 0xEEFF, 0xEF1F, 0xEF1F, 0xEF3F, 0xEF3F, 0xF75F,
  0xCDDF, 0xB4DF, 0xBD1F, 0xBD1F, 0xBD3F, 0xBD3F, 0xBD3F, 0xC55F, 0xC55F, 0xC55F, 0xC55F, 0xBD3F, 0xBD3F, 0xBD1F, 0xD63E, 0xF77F,
  0xEF3F, 0xEF3F, 0xEF3F, 0xEF1F, 0xEF1F, 0xEF1F, 0xE6FF, 0xE6FF, 0xE6DF, 0xE6DF, 0xE6DF, 0xE6BF, 0xE6BF, 0xDE9F, 0xDE5F, 0xD61F,
  0xCDDF, 0xC57E, 0x4993, 0x30B1, 0x38F1, 0x30D0, 0x30D0, 0x30CF, 0x30CF, 0x30CF, 0x30CF, 0x30CF, 0x30CF, 0x30CF, 0x28AF, 0x28AE,
  0x28AE, 0x28AE, 0x28AF, 0x288E, 0x206E, 0x204F, 0x202F, 0x202F, 0x204F, 0x204F, 0x286F, 0x28AF, 0x28AF, 0x28AF, 0x28AF, 0x30AF,
  0x30AF, 0x30CF, 0x30CF, 0x30CF, 0x30D0, 0x30D0, 0x30F0, 0x30F0, 0x3911, 0x3911, 0x4132, 0x3912, 0x8338, 0xD5DF, 0xCDDF, 0xD63F,
  0xDE5F, 0xDE9F, 0xE6BF, 0xE6BF, 0xE6DF, 0xE6DF, 0xE6DF, 0xE6FF, 0xE6FF, 0xE6FF, 0xEF1F, 0xEF1F, 0xEF1F, 0xEF1F, 0xEF3F, 0xE6FF,
  0xD63F, 0xDE7F, 0xDE7F, 0xDE9F, 0xDE9F, 0xDE9F, 0xDEBF, 0xDE7F, 0xACBE, 0xA41F, 0xA43F, 0xA43F, 0xAC5F, 0x937E, 0xA43E, 0xD61F,
  0xB4FE, 0xE69F, 0xC55F, 0xAC9F, 0xAC9F, 0xC57E, 0xE69F, 0xDE5F, 0xE67F, 0xDE1F, 0x8B5E, 0x939E, 0xC53F, 0xBD3F, 0xBD3F, 0xBD5F,
  0xDEBE, 0xDE9F, 0xDE9F, 0xDE9F, 0xDE9F, 0xDE9F, 0xDE9F, 0xDE9F, 0xDE9F, 0xDEBF, 0xD65F, 0x9C1E, 0x93BF, 0x9BBF, 0x93BF, 0x9BDF,
  0x9BBF, 0xACBE, 0xDE9F, 0xDE7F, 0xDE7F, 0xDE7F, 0xD67F, 0xD67F, 0xD65F, 0xD65F, 0xD63F, 0xD61F, 0xD61F, 0xD5FF, 0xCDBF, 0xE6BF,
  0xF77F, 0xEF5F, 0xEF3F, 0xEF3F, 0xEF3F, 0xEF1F, 0xEF1F, 0xEF1F, 0xEF1F, 0xEF1F, 0xEF1F, 0xEEFF, 0xEEFF, 0xEEDF, 0xF71F, 0xB51B,
  0x40D3, 0x4955, 0x38D3, 0xB4BB, 0xF6BF, 0xE65F, 0xEE7F, 0xE65F, 0xE63F, 0xE63F, 0xD57E, 0x7AD6, 0x6A76, 0x6A76, 0x6A36, 0x6A35,
  0x6A35, 0x6A15, 0x6A15, 0x6A36, 0x6A36, 0x7A97, 0xCCFE, 0xDD5F, 0xDD3F, 0xBC3D, 0x69F6, 0x69F6, 0x69F6, 0xBC1D, 0xDD1F, 0xDD3F,
  0xE57F, 0x9B59, 0x7237, 0x7A58, 0x8AD8, 0xDDBE, 0xEE3F, 0xE61F, 0xE63F, 0xE65F, 0xE65F, 0xF6DF, 0xA43A, 0x38B3, 0x48F4, 0x38B2,
  0xBD3C, 0xEEFF, 0xE6DF, 0xE6DF, 0xE6FF, 0xEEFF, 0xEEFF, 0xEEFF, 0xEEFF, 0xEF1F, 0xEF1F, 0xEF1F, 0xEF3F, 0xEF3F, 0xEF3F, 0xF75F,
  0xCDDF, 0xB4DF, 0xBD1F, 0xBD1F, 0xBD3F, 0xBD3F, 0xC55F, 0xC55F, 0xC55F, 0xC55F, 0xC55F, 0xC55F, 0xC53F, 0xBD1F, 0xDE3F, 0xF75F,
  0xEF3F, 0xEF3F, 0xEF1F, 0xEF1F, 0xEF1F, 0xEEFF, 0xE6FF, 0xE6FF, 0xE6DF, 0xE6DF, 0xE6DF, 0xE6DF, 0xDEBF, 0xDE7F, 0xDE3F, 0xD61F,
  0xCDBF, 0xD5DF, 0xAC9C, 0x38F1, 0x30D1, 0x30D0, 0x30D0, 0x30CF, 0x30CF, 0x30CF, 0x30CF, 0x30CF, 0x30CF, 0x28AF, 0x28AF, 0x28AE,
  0x28AE, 0x28AF, 0x28AE, 0x28AE, 0x28AF, 0x28AF, 0x28AF, 0x30AF, 0x28AF, 0x28AF, 0x28AF, 0x28AE, 0x28AE, 0x28AF, 0x28AF, 0x30AF,
  0x30AF, 0x30CF, 0x30CF, 0x30D0, 0x30D0, 0x30D0, 0x30F0, 0x38F1, 0x3911, 0x3931, 0x38F1, 0x59F4, 0xCD7F, 0xCDBF, 0xCDDF, 0xD61F,
  0xDE5F, 0xDE7F, 0xE69F, 0xE6BF, 0xE6DF, 0xE6DF, 0xE6DF, 0xE6FF, 0xE6FF, 0xE6FF, 0xEEFF, 0xEF1F, 0xEF1F, 0xEF1F, 0xEF3F, 0xE6DF,
  0xD63F, 0xDE7F, 0xDE7F, 0xDE9F, 0xDE9F, 0xDE9F, 0xE6BF, 0xE6DF, 0xDE9F, 0xBD1E, 0xA43F, 0xA41F, 0xA43F, 0x93BF, 0x727E, 0xA41E,
  0xBD1F, 0xD63F, 0xCDDF, 0xAC7E, 0xAC7F, 0xC55F, 0xDE5F, 0xDE5F, 0xDE5F, 0x9BDE, 0x82BF, 0x939F, 0xBD3F, 0xBD3F, 0xBD3F, 0xC55F,
  0xDEDE, 0xDEBF, 0xDE9F, 0xDE9F, 0xDE9F, 0xDE9F, 0xDE9F, 0xDE9F, 0xDE9F, 0xDE9F, 0xDE9F, 0xAC9E, 0x937F, 0x93BF, 0x939F, 0x93BF,
  0x939F, 0xB4FE, 0xDE9F, 0xDE7F, 0xDE7F, 0xDE7F, 0xD67F, 0xD65F, 0xD65F, 0xD65F, 0xD63F, 0xD61F, 0xD61F, 0xD5FF, 0xCDDF, 0xE6BF,
  0xF77F, 0xEF5F, 0xEF3F, 0xEF3F, 0xEF3F, 0xEF1F, 0xEF1F, 0xEF1F, 0xEF1F, 0xEF1F, 0xEF1F, 0xEEFF, 0xEEFF, 0xE6DF, 0xEF1F, 0xB51B,
  0x38B2, 0x4133, 0x30B1, 0xB4DA, 0xF6FF, 0xE67F, 0xEE7F, 0xE65F, 0xE63F, 0xE63F, 0xE65F, 0xEE7F, 0xE61F, 0xE5BF, 0xDD7F, 0xDD5F,
  0xDD7F, 0xDD5F, 0xD53F, 0xDD5F, 0xDD7F, 0xE59F, 0xE57F, 0xDD5F, 0xDD3F, 0xDD3F, 0xDD3F, 0xDD3F, 0xE53F, 0xDD3F, 0xDD3F, 0xDD7F,
  0xE59F, 0xE5DF, 0xE5FF, 0xE5FF, 0xEE1F, 0xEE3F, 0xE63F, 0xE63F, 0xE65F, 0xE65F, 0xE65F, 0xF6BF, 0x9BF9, 0x3091, 0x40F2, 0x38B0,
  0xBD3B, 0xEEFF, 0xE6DF, 0xE6FF, 0xE6FF, 0xEEFF, 0xEEFF, 0xEEFF, 0xEEFF, 0xEF1F, 0xEF1F, 0xEF1F, 0xEF3F, 0xEF3F, 0xEF3F, 0xF75F,
  0xCDDF, 0xB4DF, 0xBD1F, 0xBD3F, 0xBD3F, 0xC55F, 0xC55F, 0xC55F, 0xC55F, 0xC55F, 0xC55F, 0xC55F, 0xC55F, 0xBD1F, 0xDE3F, 0xF75F,
  0xEF3F, 0xEF3F, 0xEF1F, 0xEEFF, 0xE6FF, 0xE6FF, 0xE6FF, 0xE6DF, 0xE6DF, 0xE6DF, 0xE6DF, 0xE6BF, 0xDE9F, 0xDE7F, 0xDE3F, 0xD61F,
  0xCDDF, 0xCD9F, 0xCD9F, 0x7AF8, 0x2870, 0x30D0, 0x30D0, 0x30D0, 0x30D0, 0x30D0, 0x30CF, 0x288F, 0x288F, 0x30AF, 0x28AF, 0x28AE,
  0x28AE, 0x28AE, 0x28AE, 0x28AE, 0x28AE, 0x28AE, 0x288E, 0x28AE, 0x28AE, 0x28AE, 0x28AE, 0x28AE, 0x28AE, 0x28AE, 0x28AE, 0x30AE,
  0x30CF, 0x30CF, 0x28AF, 0x28AF, 0x30F0, 0x30F0, 0x30D1, 0x30F1, 0x3911, 0x3912, 0x4132, 0xAC5C, 0xCD9F, 0xCDBF, 0xD5FF, 0xD63F,
  0xDE5F, 0xDE9F, 0xE69F, 0xE6BF, 0xE6DF, 0xE6DF, 0xE6DF, 0xE6FF, 0xE6FF, 0xE6FF, 0xEEFF, 0xEF1F, 0xEF1F, 0xEF1F, 0xEF3F, 0xE6DF,
  0xD63F, 0xDE7F, 0xDE7F, 0xDE9F, 0xDE9F, 0xE6BF, 0xE6BF, 0xE6BF, 0xE6DF, 0xEEFF, 0xD61F, 0xB4FE, 0x9BFE, 0x939F, 0x8B3F, 0x7ADE,
  0xA43E, 0xC59F, 0xD63F, 0xAC9F, 0xA45F, 0xBD3F, 0xDE3F, 0xD5DF, 0x9BBE, 0x82FE, 0x82FE, 0x9BDE, 0xBD3F, 0xBD3F, 0xBD3F, 0xBD5F,
  0xE6DE, 0xDEBF, 0xDE9F, 0xDE9F, 0xDE9F, 0xDE9F, 0xDE9F, 0xDE9F, 0xDE9F, 0xDE7F, 0xDEBF, 0xC59E, 0x939E, 0x939F, 0x8B7F, 0x939F,
  0x937F, 0xBD5E, 0xDEBF, 0xDE7F, 0xDE7F, 0xD67F, 0xD67F, 0xD65F, 0xD65F, 0xD65F, 0xD63F, 0xD63F, 0xD61F, 0xD61F, 0xCDDF, 0xE6BF,
  0xF77F, 0xEF5F, 0xEF3F, 0xEF3F, 0xEF3F, 0xEF1F, 0xEF1F, 0xEF1F, 0xEF1F, 0xEF1F, 0xEF1F, 0xEF1F, 0xEEFF, 0xE6DF, 0xF73F, 0xB51B,
  0x30B1, 0x4112, 0x30B0, 0xB4DA, 0xF71F, 0xE67F, 0xE67F, 0xE65F, 0xE65F, 0xE65F, 0xE63F, 0xE61F, 0xDDDF, 0xD59F, 0xD57F, 0xD57F,
  0xDD7F, 0xD55F, 0xD55F, 0xD55F, 0xD55F, 0xDD7F, 0xDD9F, 0xDD9F, 0xDD7F, 0xDD5F, 0xDD3F, 0xDD3F, 0xDD5F, 0xDD7F, 0xDD9F, 0xE5BF,
  0xE5BF, 0xDDBF, 0xDDBF, 0xDDBF, 0xE5DF, 0xE61F, 0xE63F, 0xEE5F, 0xE67F, 0xE65F, 0xE63F, 0xEE9F, 0x93D8, 0x3070, 0x38F1, 0x30B0,
  0xBD5B, 0xEEFF, 0xE6DF, 0xE6FF, 0xE6FF, 0xEEFF, 0xEEFF, 0xEEFF, 0xEEFF, 0xEF1F, 0xEF1F, 0xEF1F, 0xEF3F, 0xEF3F, 0xEF3F, 0xF75F,
  0xCDDF, 0xB4FF, 0xBD3F, 0xBD3F, 0xC55F, 0xC55F, 0xC55F, 0xC55F, 0xC55F, 0xC55F, 0xC55F, 0xC55F, 0xC55F, 0xBD3F, 0xDE5F, 0xF75F,
  0xEF1F, 0xEF1F, 0xEF1F, 0xEF1F, 0xEEFF, 0xE6FF, 0xE6FF, 0xE6DF, 0xE6DF, 0xE6DF, 0xE6DF, 0xE6BF, 0xDE9F, 0xDE7F, 0xDE5F, 0xD61F,
  0xCDDF, 0xCD9F, 0xC55F, 0xBD1F, 0x51B4, 0x288F, 0x38F0, 0x30D0, 0x30B0, 0x288F, 0x288F, 0x4172, 0x4131, 0x206E, 0x288F, 0x30AF,
  0x28AF, 0x28AE, 0x28AE, 0x28AE, 0x28AE, 0x28AE, 0x28AE, 0x28AD, 0x28AD, 0x28AE, 0x28AE, 0x28AE, 0x28AE, 0x28AE, 0x30AE, 0x30CF,
  0x28AE, 0x288F, 0x4993, 0x4973, 0x30B0, 0x2890, 0x30D0, 0x3911, 0x3912, 0x38D2, 0x8B59, 0xCD7F, 0xC57F, 0xCDDF, 0xD5FF, 0xD63F,
  0xDE5F, 0xDE9F, 0xE6BF, 0xE6DF, 0xE6DF, 0xE6DF, 0xE6DF, 0xE6FF, 0xE6FF, 0xE6FF, 0xEF1F, 0xEF1F, 0xEF1F, 0xEF1F, 0xEF5F, 0xE6DF,
  0xD63F, 0xDE7F, 0xDE7F, 0xDE9F, 0xDE9F, 0xE6BF, 0xE6BF, 0xE6BF, 0xE6DF, 0xE6DF, 0xEEFF, 0xE6DF, 0xD5FF, 0xB4FE, 0xAC7E, 0x9BFE,
  0x8B5E, 0xAC7F, 0xDE5F, 0xBD1F, 0xA45F, 0xB4FE, 0xDE1F, 0x9BDE, 0x7A9E, 0x8B1F, 0x831F, 0xAC9F, 0xBD3F, 0xBD1F, 0xBD3F, 0xBD3F,
  0xE6FE, 0xDEBF, 0xDE9F, 0xDE9F, 0xDE9F, 0xDE9F, 0xDE9F, 0xDE7F, 0xDE7F, 0xDE7F, 0xDE9F, 0xDE7F, 0xA43E, 0x937F, 0x8B3F, 0x8B7F,
  0x937E, 0xC5BF, 0xDE9F, 0xDE7F, 0xDE7F, 0xD67F, 0xD67F, 0xD65F, 0xD65F, 0xD63F, 0xD63F, 0xD63F, 0xD61F, 0xD61F, 0xCDDF, 0xE6BF,
  0xF77F, 0xEF5F, 0xEF3F, 0xEF3F, 0xEF3F, 0xEF1F, 0xEF1F, 0xEF1F, 0xEF1F, 0xEF1F, 0xEF1F, 0xEEFF, 0xEEFF, 0xE6DF, 0xF73F, 0xB53B,
  0x30B1, 0x3912, 0x30B0, 0xB51A, 0xF6FF, 0xE67F, 0xE67F, 0xE65F, 0xE65F, 0xE65F, 0xE63F, 0xE61F, 0xE61F, 0xDDDF, 0xDDBF, 0xDDBF,
  0xDDBF, 0xDDBF, 0xDDBF, 0xDDBF, 0xDDBF, 0xDDBF, 0xDDBF, 0xDDDF, 0xE5DF, 0xDDBF, 0xDD9F, 0xDDBF, 0xDDBF, 0xDDBF, 0xE5DF, 0xE5FF,
  0xE5FF, 0xE5FF, 0xE5FF, 0xE5FF, 0xE5FF, 0xE61F, 0xE63F, 0xE65F, 0xE65F, 0xE65F, 0xDE1F, 0xEE9F, 0x9C19, 0x3070, 0x38F1, 0x30D0,
  0xBD5B, 0xEEFF, 0xE6DF, 0xE6FF, 0xE6FF, 0xE6FF, 0xE6FF, 0xEEFF, 0xEF1F, 0xEF1F, 0xEF1F, 0xEF1F, 0xEF3F, 0xEF3F, 0xEF3F, 0xF75F,
  0xCDDF, 0xBCFF, 0xBD3F, 0xBD3F, 0xC55F, 0xC57F, 0xC57F, 0xC57F, 0xC57F, 0xC57F, 0xC57F, 0xC57F, 0xC55F, 0xC55F, 0xDE7F, 0xF75F,
  0xEF1F, 0xEF1F, 0xEF1F, 0xEEFF, 0xE6FF, 0xE6FF, 0xE6FF, 0xE6DF, 0xE6DF, 0xE6DF, 0xE6DF, 0xE6BF, 0xDE9F, 0xDE7F, 0xDE5F, 0xD61F,
  0xD5FF, 0xCDBF, 0xC57F, 0xC55F, 0xAC7D, 0x4952, 0x3090, 0x30B1, 0x4132, 0x6215, 0x833A, 0xAC5F, 0xAC3E, 0x6A77, 0x3911, 0x286F,
  0x28AF, 0x28AF, 0x28AE, 0x28AE, 0x28AE, 0x28AE, 0x28AE, 0x28AE, 0x28AE, 0x28AE, 0x28AE, 0x28AE, 0x28AF, 0x28AF, 0x28AF, 0x288F,
  0x4952, 0x7AD9, 0xAC5F, 0xB47F, 0x937B, 0x6236, 0x3911, 0x30B0, 0x30D2, 0x7AB7, 0xCD7F, 0xC55F, 0xCD9F, 0xCDFF, 0xD61F, 0xDE5F,
  0xDE7F, 0xDE9F, 0xE6BF, 0xE6DF, 0xE6DF, 0xE6DF, 0xE6DF, 0xE6FF, 0xE6FF, 0xE6FF, 0xEF1F, 0xEF1F, 0xEF1F, 0xEF3F, 0xEF3F, 0xE6DF,
  0xD65F, 0xDE7F, 0xDE7F, 0xDE9F, 0xDEBF, 0xE6BF, 0xE6BF, 0xE6DF, 0xE6DF, 0xE6DF, 0xE6BF, 0xDEBF, 0xE6BF, 0xE6BF, 0xE6DF, 0xDE5F,
  0xAC7F, 0x8B5E, 0xCDBF, 0xD5FF, 0xAC7F, 0xBD3E, 0xC55F, 0x7A9E, 0x82BF, 0x7ABE, 0x8B7E, 0xBD5F, 0xBD3F, 0xBD1F, 0xBD1F, 0xBD3F,
  0xE6FE, 0xDEBF, 0xDE9F, 0xDEBF, 0xDEBF, 0xDE9F, 0xDE9F, 0xDE7F, 0xDE7F, 0xDE9F, 0xD67F, 0xDEBF, 0xBD5E, 0x8B5F, 0x8B3F, 0x8B5F,
  0x93BE, 0xD63F, 0xDE7F, 0xDE7F, 0xDE7F, 0xDE7F, 0xD67F, 0xD65F, 0xD65F, 0xD63F, 0xD63F, 0xD63F, 0xD63F, 0xD61F, 0xCDFF, 0xE6BF,
  0xF77F, 0xEF5F, 0xEF3F, 0xEF3F, 0xEF1F, 0xEF1F, 0xEF1F, 0xEF1F, 0xEF1F, 0xEF1F, 0xEF1F, 0xEEFF, 0xEEFF, 0xE6DF, 0xF73F, 0xBD5B,
  0x30B1, 0x3912, 0x30B0, 0x8BB7, 0xF71F, 0xE6BF, 0xEEDF, 0xEEDF, 0xEEDF, 0xEEBF, 0xEE9F, 0xE67F, 0xDE1F, 0xDDFF, 0xDDFF, 0xDDFF,
  0xDDFF, 0xDDFF, 0xDDFF, 0xDDFF, 0xDDFF, 0xDDDF, 0xE5FF, 0xE5FF, 0xE5FF, 0xE5FF, 0xE5DF, 0xE5DF, 0xE5DF, 0xE5FF, 0xE61F, 0xE61F,
  0xE61F, 0xE61F, 0xE61F, 0xE5FF, 0xE63F, 0xEE7F, 0xEEBF, 0xF6DF, 0xEEBF, 0xEE9F, 0xEE7F, 0xEE9F, 0x72B5, 0x3090, 0x38F1, 0x30D0,
  0xC59C, 0xEEFF, 0xE6DF, 0xE6FF, 0xE6FF, 0xE6FF, 0xE6FF, 0xEEFF, 0xEF1F, 0xEF1F, 0xEF1F, 0xEF1F, 0xEF3F, 0xEF3F, 0xEF3F, 0xEF5F,
  0xCDFF, 0xBD1F, 0xBD3F, 0xBD3F, 0xC55F, 0xC57F, 0xC57F, 0xC57F, 0xC57F, 0xC57F, 0xC57F, 0xC57F, 0xC57F, 0xC57F, 0xE69F, 0xF75F,
  0xEF1F, 0xEF1F, 0xEF1F, 0xEEFF, 0xE6FF, 0xE6FF, 0xE6FF, 0xE6DF, 0xE6DF, 0xE6DF, 0xE6DF, 0xE6BF, 0xDE9F, 0xDE7F, 0xDE5F, 0xD63F,
  0xD61F, 0xCDDF, 0xCD9F, 0xC55F, 0xC55F, 0xB4BE, 0x8B59, 0x939A, 0xB49E, 0xBCBF, 0xBC9F, 0xB47F, 0xBCBF, 0xBCDF, 0xAC5E, 0x7AD8,
  0x38F1, 0x288E, 0x28AE, 0x28AE, 0x28AE, 0x28AE, 0x28AE, 0x28AE, 0x28AE, 0x28AE, 0x28AE, 0x28AE, 0x28AF, 0x28AF, 0x4972, 0x8B5A,
  0xB47F, 0xB49F, 0xB45F, 0xB49F, 0xC51F, 0xC51F, 0xAC7E, 0x8B5A, 0x93BB, 0xCD5F, 0xCD7F, 0xCD9F, 0xCDBF, 0xD5FF, 0xD63F, 0xDE5F,
  0xDE7F, 0xDE9F, 0xE6BF, 0xE6DF, 0xE6DF, 0xE6DF, 0xE6DF, 0xE6FF, 0xE6FF, 0xEEFF, 0xEF1F, 0xEF1F, 0xEF3F, 0xEF3F, 0xEF3F, 0xE6DF,
  0xD65F, 0xDE7F, 0xDE7F, 0xDE9F, 0xDEBF, 0xE6BF, 0xE6BF, 0xE6BF, 0xE6DF, 0xE6BF, 0xE6BF, 0xE6BF, 0xDEBF, 0xDEBF, 0xE6DF, 0xDE5F,
  0xBD3F, 0xAC9F, 0xBD1E, 0xE69F, 0xB4BE, 0xC55E, 0xBCDE, 0x7A9E, 0x82BF, 0x7ABE, 0xAC7F, 0xBD5F, 0xBD1F, 0xBD3F, 0xBD3F, 0xBD3F,
  0xE6DE, 0xDEBF, 0xE6DF, 0xDE7F, 0xDE5F, 0xE69F, 0xDE9F, 0xDE7F, 0xDE7F, 0xDE9F, 0xDE9E, 0xDE7F, 0xD65F, 0x9BDE, 0x8B1F, 0x8B3F,
  0xA45E, 0xDE9F, 0xDE7F, 0xDE7F, 0xDE7F, 0xDE7F, 0xDE7F, 0xD65F, 0xD65F, 0xD63F, 0xD65F, 0xD65F, 0xD63F, 0xD61F, 0xCDFF, 0xE6BF,
  0xF75F, 0xEF3F, 0xEF3F, 0xEF3F, 0xEF3F, 0xEF1F, 0xEF1F, 0xEF1F, 0xEF1F, 0xEF1F, 0xE71F, 0xEEFF, 0xEEFF, 0xE6FF, 0xEF1F, 0xD65D,
  0x4151, 0x30D0, 0x38F0, 0x30D0, 0x8356, 0xB4FB, 0xBD1B, 0xC55B, 0xC55B, 0xBD1B, 0xBCFA, 0xC55C, 0xE63F, 0xDE1F, 0xE61F, 0xE63F,
  0xE63F, 0xE63F, 0xE61F, 0xE61F, 0xE61F, 0xE61F, 0xE61F, 0xE61F, 0xE61F, 0xE61F, 0xE61F, 0xE61F, 0xE61F, 0xE61F, 0xE63F, 0xE63F,
  0xE63F, 0xE63F, 0xE63F, 0xE63F, 0xC51C, 0xBCDB, 0xC53C, 0xC53C, 0xC51C, 0xB4DB, 0xB4DB, 0x72B6, 0x308F, 0x38F1, 0x30B0, 0x51D2,
  0xE6BF, 0xE6DF, 0xE6DF, 0xE6FF, 0xE6FF, 0xE6FF, 0xEEFF, 0xEEFF, 0xEF1F, 0xEF1F, 0xEF1F, 0xEF3F, 0xEF3F, 0xEF3F, 0xEF3F, 0xEF5F,
  0xCDFF, 0xBD1F, 0xC55F, 0xC55F, 0xC57F, 0xC57F, 0xC59F, 0xC59F, 0xC59F, 0xC57F, 0xC57F, 0xC57F, 0xCD7F, 0xCD9F, 0xE6BF, 0xF75F,
  0xEF1F, 0xEF1F, 0xEF1F, 0xEF1F, 0xE6FF, 0xE6FF, 0xE6FF, 0xE6DF, 0xE6DF, 0xE6DF, 0xE6DF, 0xE6BF, 0xDEBF, 0xDE9F, 0xDE7F, 0xDE5F,
  0xD61F, 0xD5FF, 0xCDBF, 0xCD9F, 0xC55F, 0xC53F, 0xC55F, 0xC53F, 0xBCFF, 0xBCBF, 0xBCBF, 0xBCDF, 0xBCDF, 0xB49F, 0xB49F, 0xC4FF,
  0x6256, 0x206E, 0x28AF, 0x28AF, 0x28AE, 0x28AE, 0x28AE, 0x28AE, 0x28AE, 0x28AE, 0x28AE, 0x28AE, 0x30AF, 0x288F, 0x8B7A, 0xCD3F,
  0xBC9F, 0xB49F, 0xBCBF, 0xBCDF, 0xBCDF, 0xBCFF, 0xC51F, 0xC53F, 0xC53F, 0xC53F, 0xCD7F, 0xCDBF, 0xD5DF, 0xD61F, 0xDE3F, 0xDE5F,
  0xDE7F, 0xDE9F, 0xE6BF, 0xE6DF, 0xE6DF, 0xE6DF, 0xE6DF, 0xE6FF, 0xE6FF, 0xEF1F, 0xEF1F, 0xEF1F, 0xEF3F, 0xEF3F, 0xEF3F, 0xE6DF,
  0xD65F, 0xDE7F, 0xDE7F, 0xDE9F, 0xDEBF, 0xE6BF, 0xE6BF, 0xE6BF, 0xE6BF, 0xE6BF, 0xE6BF, 0xE6BF, 0xE6DF, 0xE6DF, 0xE6FF, 0xDE7F,
  0xBD3F, 0xBD1F, 0xBD5F, 0xE69F, 0xBD3E, 0xBD3E, 0xAC7E, 0x7A9F, 0x7ADE, 0x9BFE, 0xB4FF, 0xB4FF, 0xBD1F, 0xBD3F, 0xBD3F, 0xBD3F,
  0xDEBE, 0xE6DF, 0xD61F, 0xA43E, 0x9BFE, 0xAC9E, 0xCDDF, 0xDEBF, 0xDE9F, 0xDE9F, 0xDE7F, 0xD65F, 0xDE9F, 0xB4FE, 0x82FF, 0x8B3E,
  0xBD3E, 0xE6BF, 0xD67F, 0xDE7F, 0xDE7F, 0xDE7F, 0xD65F, 0xD65F, 0xD65F, 0xD65F, 0xD65F, 0xD65F, 0xD63F, 0xD63F, 0xCDFF, 0xDE9F,
  0xEF5F, 0xEF3F, 0xEF3F, 0xEF3F, 0xEF3F, 0xEF1F, 0xEF1F, 0xEF1F, 0xEF1F, 0xEF1F, 0xEF1F, 0xEF1F, 0xEEFF, 0xEEFF, 0xE6DF, 0xEF3F,
  0x9418, 0x204F, 0x30D0, 0x38D0, 0x286F, 0x30B0, 0x38D1, 0x38D2, 0x38D2, 0x38D2, 0x38D1, 0x38B1, 0xA41A, 0xEE7F, 0xE63F, 0xE65F,
  0xE65F, 0xE65F, 0xE63F, 0xE63F, 0xE63F, 0xE63F, 0xE63F, 0xE63F, 0xE63F, 0xE63F, 0xE63F, 0xE63F, 0xE63F, 0xE63F, 0xE65F, 0xE65F,
  0xE65F, 0xE65F, 0xEE9F, 0x9BD9, 0x4092, 0x48D3, 0x48D3, 0x40D3, 0x40D2, 0x38B1, 0x3090, 0x2890, 0x38F1, 0x30CF, 0x286E, 0xB4FA,
  0xF73F, 0xE6DF, 0xE6FF, 0xE6FF, 0xE6FF, 0xEEFF, 0xEF1F, 0xEF1F, 0xEF1F, 0xEF1F, 0xEF1F, 0xEF3F, 0xEF3F, 0xEF3F, 0xEF3F, 0xF75F,
  0xCDDF, 0xBD3F, 0xC57F, 0xC57F, 0xC57F, 0xC59F, 0xCD9F, 0xCD9F, 0xCD9F, 0xC59F, 0xC59F, 0xC57F, 0xC59F, 0xCDBF, 0xEEDF, 0xF75F,
  0xEF1F, 0xEF1F, 0xEF1F, 0xEEFF, 0xE6FF, 0xE6FF, 0xE6FF, 0xE6DF, 0xE6DF, 0xE6DF, 0xE6DF, 0xE6BF, 0xE6BF, 0xDE9F, 0xDE7F, 0xDE5F,
  0xD63F, 0xD61F, 0xD5DF, 0xCDBF, 0xCD9F, 0xC55F, 0xC53F, 0xBD1F, 0xBD1F, 0xC51F, 0xC51F, 0xC51F, 0xC51F, 0xBCFF, 0xB4BF, 0xBCBF,
  0x7AD8, 0x206E, 0x28AF, 0x28AF, 0x28AF, 0x28AE, 0x28AE, 0x28AE, 0x28AE, 0x28AE, 0x28AE, 0x28AE, 0x30AE, 0x30AF, 0x9BDB, 0xC4FF,
  0xBCFF, 0xBD1F, 0xC51F, 0xBD1F, 0xC51F, 0xC53F, 0xC53F, 0xC53F, 0xC53F, 0xC57F, 0xCDBF, 0xCDDF, 0xD61F, 0xD63F, 0xDE5F, 0xDE7F,
  0xDE9F, 0xDEBF, 0xE6BF, 0xE6DF, 0xE6DF, 0xE6DF, 0xE6FF, 0xE6FF, 0xE6FF, 0xEF1F, 0xEF1F, 0xEF1F, 0xEF3F, 0xEF3F, 0xEF5F, 0xE6DF,
  0xD65F, 0xDE7F, 0xDE9F, 0xDE9F, 0xDE9F, 0xDE9F, 0xE6BF, 0xE6BF, 0xE6BF, 0xE6BF, 0xE6BF, 0xE6DF, 0xE6DF, 0xE6DF, 0xE6FF, 0xDE9F,
  0xBD5F, 0xBD1F, 0xB4FE, 0xDE3F, 0xCDBF, 0xB4DE, 0xA41E, 0x727E, 0x9BDF, 0xBCFF, 0xB4DF, 0xB4FF, 0xBD1F, 0xBD1F, 0xBD1F, 0xBD3F,
  0xDEBE, 0xE6BF, 0xB4DE, 0x939F, 0x93BF, 0x937F, 0x93BE, 0xBD5E, 0xE6BF, 0xDE9F, 0xD67F, 0xD67F, 0xDE9F, 0xCE1F, 0x833E, 0x831E,
  0xCDFF, 0xDE9F, 0xDE7F, 0xDE7F, 0xDE7F, 0xDE7F, 0xD65F, 0xD65F, 0xD65F, 0xD65F, 0xD65F, 0xD65F, 0xD63F, 0xD63F, 0xCDFF, 0xDE7F,
  0xEF5F, 0xEF3F, 0xEF3F, 0xEF3F, 0xEF3F, 0xEF3F, 0xEF1F, 0xEF1F, 0xEF1F, 0xEF1F, 0xEF1F, 0xEF1F, 0xEEFF, 0xE6FF, 0xE6FF, 0xE6DF,
  0xEF1F, 0x8397, 0x288F, 0x286F, 0x30B0, 0x30B0, 0x38B1, 0x38B1, 0x38D1, 0x38D1, 0x38D1, 0x2830, 0x7275, 0xEEBF, 0xE65F, 0xE67F,
  0xE67F, 0xE67F, 0xE67F, 0xE65F, 0xE65F, 0xE65F, 0xE65F, 0xE65F, 0xE65F, 0xE65F, 0xE65F, 0xE65F, 0xE65F, 0xE65F, 0xE67F, 0xE67F,
  0xE67F, 0xE65F, 0xEE9F, 0x59D4, 0x3031, 0x40D2, 0x40B2, 0x38B2, 0x38B1, 0x30B0, 0x30B0, 0x30D0, 0x286F, 0x30AF, 0x9418, 0xEEDF,
  0xE6BF, 0xE6DF, 0xE6FF, 0xE6FF, 0xEEFF, 0xEEFF, 0xEF1F, 0xEF1F, 0xEF1F, 0xEF1F, 0xEF3F, 0xEF3F, 0xEF3F, 0xEF3F, 0xEF3F, 0xF75F,
  0xCDBF, 0xC55F, 0xC57F, 0xC59F, 0xC59F, 0xC59F, 0xCD9F, 0xCD9F, 0xCD9F, 0xCD9F, 0xC59F, 0xCD9F, 0xCD9F, 0xCDBF, 0xE6BF, 0xF77F,
  0xEF3F, 0xEF1F, 0xEF1F, 0xEF1F, 0xE6FF, 0xE6FF, 0xE6FF, 0xE6DF, 0xE6DF, 0xE6DF, 0xE6DF, 0xE6BF, 0xE6BF, 0xE69F, 0xDE9F, 0xDE7F,
  0xDE5F, 0xD63F, 0xD61F, 0xD5FF, 0xCDBF, 0xCD9F, 0xC57F, 0xC55F, 0xC55F, 0xC57F, 0xC57F, 0xC55F, 0xC55F, 0xC53F, 0xBCFF, 0xC4FF,
  0x8B5A, 0x288F, 0x28AF, 0x28AF, 0x28AF, 0x28AF, 0x28AF, 0x28AF, 0x28AE, 0x28AE, 0x28AE, 0x28AF, 0x30AF, 0x38F1, 0xAC3D, 0xC51F,
  0xC53F, 0xC55F, 0xC55F, 0xC55F, 0xC55F, 0xC55F, 0xC57F, 0xC57F, 0xCD9F, 0xCDBF, 0xCDDF, 0xD5FF, 0xD63F, 0xDE5F, 0xDE7F, 0xDE9F,
  0xDEBF, 0xE6BF, 0xE6DF, 0xE6DF, 0xE6DF, 0xE6DF, 0xE6FF, 0xE6FF, 0xEEFF, 0xEF1F, 0xEF1F, 0xEF3F, 0xEF3F, 0xEF3F, 0xF75F, 0xE6DF,
  0xD65F, 0xDE7F, 0xDE7F, 0xDE9F, 0xDE9F, 0xDE9F, 0xE6BF, 0xE6BF, 0xE6BF, 0xE6BF, 0xE6BF, 0xE6DF, 0xE6DF, 0xE6DF, 0xEEFF, 0xE6DF,
  0xBD5F, 0xBD3F, 0xB51F, 0xCDBF, 0xDE3F, 0xB4DE, 0xAC7E, 0x8B7E, 0xA45F, 0xB4FF, 0xB4FF, 0xB4FF, 0xB4FF, 0xB4FF, 0xC55F, 0xCD9F,
  0xDEBE, 0xDE9F, 0xAC9E, 0x8B7F, 0x93BF, 0x9BBF, 0x9BBF, 0x939E, 0xB4DE, 0xDE9F, 0xDE7F, 0xD67F, 0xD69F, 0xE6DF, 0x9BFE, 0x8B5D,
  0xD65F, 0xDE7F, 0xDE7F, 0xDE7F, 0xDE7F, 0xDE7F, 0xD65F, 0xD65F, 0xD65F, 0xD65F, 0xD65F, 0xD65F, 0xD63F, 0xD61F, 0xCDFF, 0xD63F,
  0xEF5F, 0xEF5F, 0xEF3F, 0xEF3F, 0xEF3F, 0xEF3F, 0xEF1F, 0xEF1F, 0xEF1F, 0xEF1F, 0xEF1F, 0xEEFF, 0xEEFF, 0xE6FF, 0xE6FF, 0xE6FF,
  0xE6DF, 0xEF1F, 0xB53B, 0x6A94, 0x49B1, 0x4972, 0x4972, 0x4972, 0x4972, 0x4972, 0x4972, 0x51B2, 0xBCFB, 0xE69F, 0xE67F, 0xE67F,
  0xE69F, 0xE69F, 0xE69F, 0xE67F, 0xE67F, 0xE67F, 0xE67F, 0xE67F, 0xE67F, 0xE67F, 0xE67F, 0xE67F, 0xE67F, 0xE67F, 0xE67F, 0xE67F,
  0xE69F, 0xE67F, 0xEEBF, 0xB4DB, 0x4952, 0x4952, 0x4973, 0x4972, 0x4972, 0x4151, 0x4952, 0x51B2, 0x72F5, 0xC59C, 0xEEFF, 0xE6BF,
  0xE6DF, 0xE6FF, 0xE6FF, 0xE6FF, 0xEEFF, 0xEF1F, 0xEF1F, 0xEF1F, 0xEF1F, 0xEF3F, 0xEF3F, 0xEF3F, 0xEF3F, 0xEF5F, 0xEF5F, 0xF73F,
  0xC59F, 0xC55F, 0xC59F, 0xCD9F, 0xCDBF, 0xCDBF, 0xCDBF, 0xCD9F, 0xCD9F, 0xCDBF, 0xCDBF, 0xCDBF, 0xCDBF, 0xCDBF, 0xDE7F, 0xF77F,
  0xEF3F, 0xEF3F, 0xEF1F, 0xEEFF, 0xEEFF, 0xE6FF, 0xE6FF, 0xE6DF, 0xE6DF, 0xE6DF, 0xE6DF, 0xE6BF, 0xE6BF, 0xE6BF, 0xDE9F, 0xDE9F,
  0xDE7F, 0xDE5F, 0xD63F, 0xD61F, 0xD5FF, 0xCDDF, 0xCDBF, 0xCD9F, 0xCD9F, 0xCD9F, 0xCD9F, 0xCD9F, 0xCD7F, 0xC57F, 0xC53F, 0xC53F,
  0xA41C, 0x2890, 0x30B0, 0x30D0, 0x30CF, 0x30CF, 0x30CF, 0x30CF, 0x30CF, 0x30CF, 0x30CF, 0x30EF, 0x28AF, 0x4993, 0xBCFF, 0xC51F,
  0xC55F, 0xCD9F, 0xCD9F, 0xCD9F, 0xCD9F, 0xCD9F, 0xCD9F, 0xCDBF, 0xCDDF, 0xCDFF, 0xD61F, 0xD63F, 0xD65F, 0xDE7F, 0xDE9F, 0xDE9F,
  0xDEBF, 0xE6BF, 0xE6DF, 0xE6DF, 0xE6DF, 0xE6FF, 0xE6FF, 0xE6FF, 0xEEFF, 0xEF1F, 0xEF3F, 0xEF3F, 0xEF3F, 0xEF3F, 0xF77F, 0xE69E,
  0xD65F, 0xDE7F, 0xDE7F, 0xDE9F, 0xDE9F, 0xDE9F, 0xE6BF, 0xE6BF, 0xE6BF, 0xE6BF, 0xE6BF, 0xE6DF, 0xE6FF, 0xE6FF, 0xE6FF, 0xE6DF,
  0xBD7F, 0xBD1F, 0xBD3F, 0xBD3F, 0xDE5F, 0xC53E, 0xB4DF, 0xAC7F, 0x9C1F, 0xB4DF, 0xBD1F, 0xB4FF, 0xB4DF, 0xC57F, 0xCD7F, 0xBD3E,
  0xDE9E, 0xDE9F, 0xB4DE, 0x8B5F, 0x93BF, 0x939F, 0x93BF, 0x93BF, 0x8B5E, 0xAC9E, 0xDE9F, 0xDE7F, 0xD69F, 0xE6FF, 0xA47E, 0x9BFE,
  0xDE9F, 0xD67F, 0xDE7F, 0xDE7F, 0xDE7F, 0xDE7F, 0xD67F, 0xD65F, 0xDE7F, 0xDE5F, 0xD65F, 0xD65F, 0xD63F, 0xD61F, 0xCDFF, 0xCDFF,
  0xEF1F, 0xEF5F, 0xEF5F, 0xEF3F, 0xEF3F, 0xEF3F, 0xEF3F, 0xEF1F, 0xEF1F, 0xEF1F, 0xEF1F, 0xE6FF, 0xE6FF, 0xE71F, 0xE6FF, 0xE6FF,
  0xE6DF, 0xE6DF, 0xEF1F, 0xEEFF, 0xDE7E, 0xD63E, 0xD61E, 0xD61E, 0xD5FE, 0xD61E, 0xD61E, 0xDE5F, 0xE69F, 0xE67F, 0xE69F, 0xE69F,
  0xE69F, 0xE69F, 0xE69F, 0xE69F, 0xE69F, 0xE69F, 0xE69F, 0xE67F, 0xE67F, 0xE67F, 0xE67F, 0xE69F, 0xE69F, 0xE69F, 0xE69F, 0xE69F,
  0xE69F, 0xE69F, 0xE69F, 0xE69F, 0xD5FE, 0xCDBE, 0xD5FE, 0xD63E, 0xD63E, 0xCDFE, 0xD61E, 0xDE5E, 0xEEFF, 0xEEDF, 0xE69F, 0xE6DF,
  0xE6DF, 0xE6FF, 0xEEFF, 0xEEFF, 0xEEFF, 0xEF1F, 0xEF1F, 0xEF1F, 0xEF1F, 0xEF3F, 0xEF3F, 0xEF5F, 0xEF3F, 0xEF5F, 0xF77F, 0xE6FF,
  0xC57F, 0xC57F, 0xC59F, 0xCDBF, 0xCDBF, 0xCDBF, 0xCDBF, 0xCD9F, 0xCD9F, 0xCDBF, 0xCDBF, 0xCDBF, 0xCDBF, 0xCD9F, 0xD5FF, 0xF75F,
  0xF75F, 0xEF3F, 0xEF1F, 0xEF1F, 0xEEFF, 0xE6FF, 0xE6FF, 0xE6FF, 0xE6DF, 0xE6DF, 0xE6DF, 0xE6DF, 0xE6DF, 0xE6BF, 0xDEBF, 0xDE9F,
  0xDE9F, 0xDE7F, 0xD65F, 0xD63F, 0xD61F, 0xD61F, 0xD5FF, 0xCDDF, 0xCDDF, 0xCDDF, 0xCDDF, 0xCDBF, 0xCDBF, 0xCD9F, 0xCD9F, 0xC57F,
  0xC55F, 0x6A76, 0x2890, 0x2890, 0x2890, 0x30B0, 0x3090, 0x3090, 0x30B0, 0x30B0, 0x30B0, 0x30B0, 0x38F0, 0x93BA, 0xCD5F, 0xC53F,
  0xC57F, 0xCDBF, 0xCDDF, 0xCDDF, 0xCDDF, 0xCDDF, 0xCDDF, 0xD5FF, 0xD5FF, 0xD61F, 0xD63F, 0xD65F, 0xDE7F, 0xDE7F, 0xDE9F, 0xE6BF,
  0xE6BF, 0xE6DF, 0xE6DF, 0xE6DF, 0xE6FF, 0xE6FF, 0xEEFF, 0xEEFF, 0xEF1F, 0xEF1F, 0xEF3F, 0xEF3F, 0xEF5F, 0xEF5F, 0xF75F, 0xDE7F,
  0xD65F, 0xDE7F, 0xDE3F, 0xDE5F, 0xDE9F, 0xDE9F, 0xDEBF, 0xDEBF, 0xE6BF, 0xE6BF, 0xE6FF, 0xE6FF, 0xEEFF, 0xEF1F, 0xE6FF, 0xE6FF,
  0xC59E, 0xB51F, 0xBD3F, 0xB4FF, 0xCDDE, 0xD5DF, 0xB4BF, 0xAC9F, 0xA41F, 0xA45F, 0xBD1F, 0xB4DF, 0xC55F, 0xCDBF, 0xC53F, 0xBD3F,
  0xDE7E, 0xDE9F, 0xCDDF, 0x939E, 0x939F, 0x939E, 0x939F, 0x937E, 0x937F, 0x831F, 0xBD3E, 0xDEBF, 0xD67F, 0xE6DF, 0xACBE, 0xA43D,
  0xE6BF, 0xDE7F, 0xDE7F, 0xDE7F, 0xDE7F, 0xDE5F, 0xD67F, 0xDE7F, 0xCDBF, 0xBCFF, 0xBCFF, 0xD5FF, 0xD63F, 0xD61F, 0xCE1F, 0xCDFF,
  0xE6BF, 0xF75F, 0xEF3F, 0xEF3F, 0xEF3F, 0xEF3F, 0xEF3F, 0xEF1F, 0xEF1F, 0xEF1F, 0xE71F, 0xE71F, 0xE71F, 0xE71F, 0xE71F, 0xE6FF,
  0xE6FF, 0xE6DF, 0xE6BF, 0xDEBF, 0xE6BF, 0xDE9F, 0xDE7F, 0xDE7F, 0xDE7F, 0xE69F, 0xE69F, 0xE67F, 0xDE7F, 0xE69F, 0xE69F, 0xE6BF,
  0xE69F, 0xE69F, 0xE69F, 0xE69F, 0xE69F, 0xE69F, 0xE69F, 0xE69F, 0xE69F, 0xE69F, 0xE69F, 0xE69F, 0xE69F, 0xE6BF, 0xE69F, 0xE69F,
  0xE69F, 0xE69F, 0xE69F, 0xDE7E, 0xDE7F, 0xDE5F, 0xDE7F, 0xE69F, 0xE69F, 0xDE9F, 0xE69F, 0xE69F, 0xDE9F, 0xE6BF, 0xE6DF, 0xE6DF,
  0xE6FF, 0xE6FF, 0xEEFF, 0xEF1F, 0xEF1F, 0xEF1F, 0xEF1F, 0xEF1F, 0xEF3F, 0xEF3F, 0xEF3F, 0xEF5F, 0xEF5F, 0xEF5F, 0xF77F, 0xDE7E,
  0xC59F, 0xCD9F, 0xCDBF, 0xCDBF, 0xCDDF, 0xCDFF, 0xCDFF, 0xD5FF, 0xCDFF, 0xCDDF, 0xCDDF, 0xCDDF, 0xCDDF, 0xCDBF, 0xCDDF, 0xEF1F,
  0xF77F, 0xEF3F, 0xEF1F, 0xEF1F, 0xEF1F, 0xEEFF, 0xE6FF, 0xE6FF, 0xE6FF, 0xE6DF, 0xE6DF, 0xE6DF, 0xE6DF, 0xE6BF, 0xE6BF, 0xDEBF,
  0xDE9F, 0xDE9F, 0xDE7F, 0xDE5F, 0xD65F, 0xD63F, 0xD63F, 0xD61F, 0xD61F, 0xD5FF, 0xD5FF, 0xD5FF, 0xD5DF, 0xCDDF, 0xCDBF, 0xCD9F,
  0xCD7F, 0xC53F, 0x9C1C, 0x93BB, 0x93BB, 0x93BB, 0x93BB, 0x93BB, 0x93DB, 0x9BDB, 0x9BFB, 0x9BFB, 0xB49D, 0xC55F, 0xC55F, 0xCD9F,
  0xCDBF, 0xCDDF, 0xD5FF, 0xD61F, 0xD61F, 0xD61F, 0xD61F, 0xD61F, 0xD63F, 0xD65F, 0xDE5F, 0xDE7F, 0xDE7F, 0xDE9F, 0xDEBF, 0xE6BF,
  0xE6DF, 0xE6DF, 0xE6DF, 0xE6FF, 0xE6FF, 0xE6FF, 0xEEFF, 0xEF1F, 0xEF1F, 0xEF3F, 0xEF3F, 0xEF5F, 0xEF5F, 0xF77F, 0xEF3F, 0xDE5F,
  0xDE5F, 0xD63F, 0xB4DE, 0xB4DE, 0xD61F, 0xE6BF, 0xDE9F, 0xDEBF, 0xE6BF, 0xE6FF, 0xD63E, 0xACBE, 0xACBF, 0xACDE, 0xBD5E, 0xE69F,
  0xD63E, 0xB4FF, 0xB4FF, 0xB4DF, 0xBD5F, 0xDE5F, 0xB4DF, 0xB4BF, 0xA41F, 0x9BBF, 0xAC9F, 0xBD1F, 0xCDDF, 0xCD9F, 0xC55F, 0xC55F,
  0xD69E, 0xDE7F, 0xE6BF, 0xAC9E, 0x937F, 0x939E, 0x937F, 0x8B5F, 0x8B5E, 0x8B3F, 0x8B7E, 0xD63F, 0xD67F, 0xDEBF, 0xACBE, 0x9C1D,
  0xE6BF, 0xDE7F, 0xDE7F, 0xDE7F, 0xDE7F, 0xDE7F, 0xDE9F, 0xBD3E, 0xAC7F, 0xB49F, 0xAC7F, 0xBD1E, 0xD63F, 0xD61F, 0xD61F, 0xCDFF,
  0xD63F, 0xEF5F, 0xEF5F, 0xEF5F, 0xEF3F, 0xEF3F, 0xEF3F, 0xEF3F, 0xEF1F, 0xEF1F, 0xEF1F, 0xEF1F, 0xEF1F, 0xE71F, 0xE71F, 0xE71F,
  0xE6FF, 0xE6DF, 0xE6DF, 0xE6DF, 0xE6BF, 0xDEBF, 0xDE9F, 0xDE9F, 0xDE9F, 0xDE7F, 0xE69F, 0xE69F, 0xE69F, 0xE6BF, 0xE6BF, 0xE6BF,
  0xE6BF, 0xE6BF, 0xE6BF, 0xE6BF, 0xE6BF, 0xE6BF, 0xE6BF, 0xE6BF, 0xE6BF, 0xE6BF, 0xE6BF, 0xE6BF, 0xE6BF, 0xE6BF, 0xE6BF, 0xE6BF,
  0xE6BF, 0xE6BF, 0xE6BF, 0xE69F, 0xDE7F, 0xDE7F, 0xDE7F, 0xDE7F, 0xDE9F, 0xDE9F, 0xE69F, 0xE6BF, 0xE6BF, 0xE6DF, 0xE6DF, 0xE6FF,
  0xE6FF, 0xEEFF, 0xEF1F, 0xEF1F, 0xEF1F, 0xEF1F, 0xEF1F, 0xEF3F, 0xEF3F, 0xEF3F, 0xEF3F, 0xEF5F, 0xEF5F, 0xEF5F, 0xF75F, 0xD63F,
  0xD5FF, 0xCDFF, 0xCDFF, 0xD61F, 0xD61F, 0xD61F, 0xD63F, 0xD63F, 0xD63F, 0xD61F, 0xD61F, 0xD61F, 0xD5FF, 0xCDDF, 0xCDDF, 0xE69F,
  0xFF7F, 0xEF3F, 0xEF3F, 0xEF1F, 0xEF1F, 0xEF1F, 0xE6FF, 0xE6FF, 0xE6FF, 0xE6DF, 0xE6DF, 0xE6DF, 0xE6DF, 0xE6DF, 0xE6BF, 0xE6BF,
  0xDEBF, 0xDE9F, 0xDE9F, 0xDE7F, 0xDE7F, 0xD65F, 0xD65F, 0xD63F, 0xD63F, 0xD63F, 0xD63F, 0xD61F, 0xD61F, 0xD5FF, 0xD5DF, 0xCDBF,
  0xCD9F, 0xC57F, 0xCD7F, 0xCD7F, 0xCD7F, 0xC55F, 0xC55F, 0xC53F, 0xC55F, 0xCD7F, 0xCD9F, 0xCD9F, 0xCD7F, 0xC57F, 0xCD9F, 0xCDDF,
  0xCDFF, 0xD5FF, 0xD61F, 0xD63F, 0xD63F, 0xD63F, 0xD63F, 0xDE5F, 0xDE5F, 0xDE5F, 0xDE7F, 0xDE9F, 0xDE9F, 0xDEBF, 0xDEBF, 0xDEDF,
  0xE6DF, 0xE6DF, 0xE6FF, 0xE6FF, 0xE6FF, 0xEEFF, 0xEF1F, 0xEF1F, 0xEF3F, 0xEF3F, 0xEF5F, 0xEF5F, 0xEF5F, 0xF79F, 0xE6DF, 0xDE5F,
  0xDE7F, 0xCDFF, 0xAC7E, 0xAC9F, 0xB4FE, 0xD65F, 0xE6BF, 0xDEBF, 0xE6BF, 0xEF1F, 0xBD3E, 0x9BFF, 0xA41F, 0x93BF, 0x937F, 0x9BFE,
  0xBD3F, 0xB51F, 0xB4FF, 0xB4DF, 0xBCFF, 0xE67F, 0xBD1F, 0xAC9F, 0xA43F, 0x8B5F, 0xA43F, 0xC57F, 0xCDBF, 0xCD9F, 0xC55F, 0xC55F,
  0xDEBE, 0xDE9F, 0xE6DF, 0xD61F, 0x939E, 0x937E, 0x8B3F, 0x8B3F, 0x8B3E, 0x8B5F, 0x831E, 0xACBE, 0xDE9F, 0xDE9F, 0xACDE, 0x9BFD,
  0xE6BF, 0xDE7F, 0xDE7F, 0xDE7F, 0xDE7F, 0xDE9F, 0xB4FE, 0xA43F, 0xAC7F, 0xB49E, 0xAC7F, 0xAC9E, 0xD61F, 0xD63F, 0xD61F, 0xD61F,
  0xCDFF, 0xE6FF, 0xF77F, 0xEF5F, 0xEF5F, 0xEF3F, 0xEF3F, 0xEF3F, 0xEF3F, 0xEF3F, 0xEF1F, 0xEF1F, 0xEF1F, 0xE71F, 0xE71F, 0xE71F,
  0xE6FF, 0xE6FF, 0xE6FF, 0xE6DF, 0xE6DF, 0xE6DF, 0xE6BF, 0xE6BF, 0xE6BF, 0xE6BF, 0xE6BF, 0xE6BF, 0xE6BF, 0xE6BF, 0xE6BF, 0xE6BF,
  0xE6BF, 0xE6BF, 0xE6BF, 0xE6BF, 0xE6BF, 0xE6BF, 0xE6BF, 0xE6BF, 0xE6BF, 0xE6BF, 0xE6BF, 0xE6BF, 0xE6BF, 0xE6BF, 0xE6BF, 0xE6BF,
  0xE6BF, 0xE6BF, 0xE6BF, 0xE6BF, 0xE6BF, 0xE69F, 0xE6BF, 0xE6BF, 0xE6BF, 0xE6BF, 0xE6BF, 0xE6DF, 0xE6DF, 0xE6DF, 0xE6FF, 0xE6FF,
  0xEEFF, 0xEF1F, 0xEF1F, 0xEF1F, 0xEF1F, 0xEF1F, 0xEF1F, 0xEF3F, 0xEF3F, 0xEF3F, 0xEF5F, 0xF75F, 0xEF5F, 0xF77F, 0xE6DF, 0xD5FF,
  0xD5FF, 0xD61F, 0xD61F, 0xD61F, 0xD61F, 0xD63F, 0xD63F, 0xD63F, 0xD61F, 0xD61F, 0xD61F, 0xD61F, 0xD5FF, 0xCDFF, 0xCDFF, 0xD61F,
  0xF73F, 0xF75F, 0xEF1F, 0xEF1F, 0xEF1F, 0xEF1F, 0xEEFF, 0xEEFF, 0xE6FF, 0xE6FF, 0xE6FF, 0xE6DF, 0xE6DF, 0xE6DF, 0xE6DF, 0xE6BF,
  0xE6BF, 0xDEBF, 0xDE9F, 0xDE9F, 0xDE7F, 0xDE7F, 0xDE5F, 0xDE5F, 0xDE5F, 0xD65F, 0xD63F, 0xD63F, 0xD63F, 0xD61F, 0xD61F, 0xD5FF,
  0xCDDF, 0xCDBF, 0xC57F, 0xC57F, 0xC55F, 0xC55F, 0xC55F, 0xC55F, 0xC55F, 0xC55F, 0xC57F, 0xC59F, 0xCDBF, 0xCDDF, 0xCDDF, 0xD5FF,
  0xD61F, 0xD61F, 0xD63F, 0xD65F, 0xD65F, 0xDE5F, 0xDE7F, 0xDE7F, 0xDE7F, 0xDE7F, 0xDE9F, 0xDE9F, 0xE6BF, 0xE6BF, 0xE6DF, 0xE6DF,
  0xE6FF, 0xE6FF, 0xE6FF, 0xE6FF, 0xE71F, 0xEF1F, 0xEF1F, 0xEF3F, 0xEF3F, 0xEF3F, 0xEF5F, 0xEF5F, 0xF77F, 0xF77F, 0xDE7F, 0xDE5F,
  0xD65F, 0xD63F, 0xB4BE, 0xB4BF, 0xB4BF, 0xBD1E, 0xE6BF, 0xE6DF, 0xE6DF, 0xEF1F, 0xD61E, 0x9BDE, 0x9BDF, 0x9BBF, 0x9B9F, 0x935F,
  0x8B5E, 0x9C1E, 0xB4FF, 0xB4FF, 0xB4FF, 0xDE7F, 0xCDBE, 0xAC7F, 0xA45F, 0x8B7F, 0x9BFE, 0xCD9F, 0xC57F, 0xC57F, 0xC55F, 0xC55F,
  0xDEDE, 0xDEBF, 0xDEBF, 0xE6FF, 0xB4DE, 0x82FE, 0x8B3F, 0x8B3E, 0x831E, 0x8B1E, 0x8B1F, 0x8B7E, 0xD61E, 0xDEBF, 0xACFE, 0x93DD,
  0xE69F, 0xDE7F, 0xDE7F, 0xDE7F, 0xDEBF, 0xC57E, 0x9C1F, 0xA43F, 0xA43F, 0xAC5F, 0xAC5F, 0xB4BE, 0xD61F, 0xD63F, 0xD61F, 0xD63F,
  0xD61F, 0xD65E, 0xEF5F, 0xEF5F, 0xEF5F, 0xEF3F, 0xEF3F, 0xEF3F, 0xEF3F, 0xEF3F, 0xEF3F, 0xEF1F, 0xEF1F, 0xE71F, 0xEF1F, 0xEF1F,
  0xE6FF, 0xE6FF, 0xE6FF, 0xE6FF, 0xE6DF, 0xE6DF, 0xE6DF, 0xE6DF, 0xE6DF, 0xE6DF, 0xE6DF, 0xE6DF, 0xE6DF, 0xE6DF, 0xE6DF, 0xE6DF,
  0xE6DF, 0xE6DF, 0xE6DF, 0xE6DF, 0xE6DF, 0xE6DF, 0xE6DF, 0xE6DF, 0xE6DF, 0xE6DF, 0xE6DF, 0xE6DF, 0xE6DF, 0xE6DF, 0xE6DF, 0xE6DF,
  0xE6DF, 0xE6DF, 0xE6DF, 0xE6DF, 0xE6BF, 0xE6BF, 0xE6BF, 0xE6DF, 0xE6DF, 0xE6DF, 0xE6DF, 0xE6DF, 0xE6FF, 0xE6FF, 0xE6FF, 0xEEFF,
  0xEF1F, 0xEF1F, 0xEF1F, 0xEF1F, 0xEF1F, 0xEF3F, 0xEF3F, 0xEF3F, 0xEF3F, 0xEF5F, 0xF75F, 0xF75F, 0xF77F, 0xF77F, 0xD63E, 0xCDFF,
  0xD5FF, 0xD61F, 0xD61F, 0xD63F, 0xD63F, 0xD63F, 0xD63F, 0xD63F, 0xD63F, 0xD63F, 0xD61F, 0xD61F, 0xD61F, 0xD61F, 0xD61F, 0xD5FF,
  0xDE7F, 0xF75F, 0xEF3F, 0xEF3F, 0xEF1F, 0xEF1F, 0xEF1F, 0xEEFF, 0xE6FF, 0xE6FF, 0xE6FF, 0xE6DF, 0xE6DF, 0xE6DF, 0xE6DF, 0xE6DF,
  0xE6BF, 0xE6BF, 0xDEBF, 0xDE9F, 0xDE9F, 0xDE9F, 0xDE7F, 0xDE7F, 0xDE7F, 0xDE7F, 0xDE5F, 0xDE5F, 0xD65F, 0xD65F, 0xD63F, 0xD61F,
  0xD5FF, 0xD5DF, 0xCDDF, 0xCDBF, 0xCDBF, 0xCD9F, 0xCD9F, 0xCD9F, 0xCDBF, 0xCDBF, 0xCDBF, 0xCDDF, 0xCDDF, 0xD5FF, 0xD61F, 0xD63F,
  0xD63F, 0xD65F, 0xDE5F, 0xDE7F, 0xDE7F, 0xDE7F, 0xDE7F, 0xDE9F, 0xDE9F, 0xDE9F, 0xDE9F, 0xDEBF, 0xE6BF, 0xE6DF, 0xE6DF, 0xE6DF,
  0xE6FF, 0xE6FF, 0xE71F, 0xE71F, 0xEF1F, 0xEF1F, 0xEF3F, 0xEF3F, 0xEF3F, 0xEF5F, 0xEF5F, 0xEF5F, 0xF79F, 0xEEFF, 0xDE5F, 0xDE5F,
  0xD65F, 0xDE7F, 0xC57F, 0xAC9F, 0xB4BF, 0xAC9F, 0xCDFF, 0xEF1F, 0xE6DF, 0xE6FF, 0xEF1F, 0xB4FE, 0x8B3F, 0x939F, 0x939F, 0x937F,
  0x8B7F, 0x8B5F, 0xA41E, 0xBD1F, 0xB4FF, 0xD5FF, 0xDE5F, 0xAC7F, 0xAC7F, 0x939F, 0xA41E, 0xCD7F, 0xC53F, 0xC57F, 0xBD3F, 0xBD3F,
  0xE6DE, 0xDEBF, 0xDEBF, 0xDEBF, 0xDE7F, 0x9BFE, 0x82DF, 0x8B3E, 0x831F, 0x82DF, 0x82FE, 0x7ADF, 0xB4FE, 0xE6DF, 0xB4FE, 0x93BC,
  0xDE7F, 0xDE7F, 0xDE7F, 0xDE9F, 0xD61F, 0x9C1E, 0xA41F, 0xA41F, 0xA41F, 0xA43F, 0xA43F, 0xBD1F, 0xDE5F, 0xD63F, 0xD63F, 0xD63F,
  0xD63F, 0xCDFF, 0xDE7F, 0xF75F, 0xEF3F, 0xEF3F, 0xEF3F, 0xEF3F, 0xEF3F, 0xEF3F, 0xEF3F, 0xEF3F, 0xEF1F, 0xEF1F, 0xEF1F, 0xE71F,
  0xE71F, 0xE71F, 0xE71F, 0xE6FF, 0xE6FF, 0xE6FF, 0xE6FF, 0xE6DF, 0xE6DF, 0xE6DF, 0xE6DF, 0xE6DF, 0xE6DF, 0xE6DF, 0xE6DF, 0xE6DF,
  0xE6DF, 0xE6DF, 0xE6DF, 0xE6DF, 0xE6DF, 0xE6DF, 0xE6DF, 0xE6DF, 0xE6DF, 0xE6DF, 0xE6DF, 0xE6DF, 0xE6DF, 0xE6DF, 0xE6DF, 0xE6DF,
  0xE6DF, 0xE6DF, 0xE6DF, 0xE6DF, 0xE6DF, 0xE6DF, 0xE6DF, 0xE6DF, 0xE6FF, 0xE6DF, 0xE6FF, 0xE6FF, 0xE6FF, 0xE6FF, 0xEF1F, 0xEF1F,
  0xEF1F, 0xEF1F, 0xEF1F, 0xEF1F, 0xEF3F, 0xEF3F, 0xEF3F, 0xEF3F, 0xEF3F, 0xEF5F, 0xF77F, 0xF77F, 0xF79F, 0xE69F, 0xD5DF, 0xD5FF,
  0xD61F, 0xD61F, 0xD63F, 0xD63F, 0xD63F, 0xD63F, 0xD65F, 0xD65F, 0xD65F, 0xD63F, 0xD63F, 0xD63F, 0xD63F, 0xD61F, 0xD61F, 0xD61F,
  0xCDFF, 0xDE7F, 0xF73F, 0xEF3F, 0xEF1F, 0xEF1F, 0xEF1F, 0xEEFF, 0xEEFF, 0xE6FF, 0xE6FF, 0xE6FF, 0xE6DF, 0xE6DF, 0xE6DF, 0xE6DF,
  0xE6DF, 0xE6DF, 0xE6BF, 0xDEBF, 0xDE9F, 0xDE9F, 0xDE9F, 0xDE9F, 0xDE7F, 0xDE7F, 0xDE7F, 0xDE7F, 0xDE7F, 0xDE5F, 0xDE5F, 0xD63F,
  0xD63F, 0xD61F, 0xD5FF, 0xD5FF, 0xD5FF, 0xD5FF, 0xCDFF, 0xCDDF, 0xD5DF, 0xD5DF, 0xD5FF, 0xD5FF, 0xD61F, 0xD61F, 0xD63F, 0xD65F,
  0xDE5F, 0xDE7F, 0xDE7F, 0xDE9F, 0xDE9F, 0xDE9F, 0xDE9F, 0xDE9F, 0xDEBF, 0xDEBF, 0xE6BF, 0xE6BF, 0xE6DF, 0xE6DF, 0xE6DF, 0xE6FF,
  0xE6FF, 0xE71F, 0xEF1F, 0xEF1F, 0xEF3F, 0xEF3F, 0xEF3F, 0xEF3F, 0xEF5F, 0xEF5F, 0xEF5F, 0xF79F, 0xEF3F, 0xDE7F, 0xDE7F, 0xDE5F,
  0xDE7F, 0xDE9F, 0xDE5F, 0xB4DE, 0xAC9F, 0xB4BF, 0xB51E, 0xE6DF, 0xE6DF, 0xE6DF, 0xE6DF, 0xE6BF, 0xB4DE, 0x8B3E, 0x935F, 0x9B9F,
  0x937F, 0x935F, 0x8B3E, 0xAC5F, 0xBD1F, 0xBD3F, 0xE67F, 0xB4BF, 0xAC7F, 0x9BFF, 0xAC7F, 0xC55F, 0xC53F, 0xBD3F, 0xBCFF, 0xBCFF,
  0xDEDE, 0xDEBF, 0xDEBF, 0xDE9F, 0xDE9F, 0xD63F, 0x93BE, 0x7ADE, 0x831E, 0x82DF, 0x7ABE, 0x7A7E, 0x93BE, 0xE6BF, 0xB51E, 0x8B9D,
  0xDE7F, 0xDE7F, 0xDE7F, 0xDE9F, 0xACBE, 0x9BBF, 0x9BFF, 0x9BFF, 0x9BFF, 0xA41F, 0xA41F, 0xC59F, 0xDE7F, 0xD63F, 0xD63F, 0xD63F,
  0xD61F, 0xCE1F, 0xCDDF, 0xE6BF, 0xF75F, 0xEF3F, 0xEF3F, 0xEF3F, 0xEF3F, 0xEF3F, 0xEF3F, 0xEF3F, 0xEF3F, 0xEF3F, 0xE71F, 0xE71F,
  0xE71F, 0xE71F, 0xE71F, 0xEEFF, 0xEEFF, 0xEEFF, 0xE6FF, 0xE6FF, 0xE6FF, 0xE6FF, 0xE6FF, 0xE6DF, 0xE6FF, 0xE6FF, 0xE6FF, 0xE6FF,
  0xE6FF, 0xE6FF, 0xE6FF, 0xE6DF, 0xE6DF, 0xE6DF, 0xE6DF, 0xE6DF, 0xE6DF, 0xE6DF, 0xE6DF, 0xE6FF, 0xE6FF, 0xE6FF, 0xE6FF, 0xE6FF,
  0xE6FF, 0xE6FF, 0xE6FF, 0xE6FF, 0xE6FF, 0xE6FF, 0xE6FF, 0xE6FF, 0xE6FF, 0xE6FF, 0xE6FF, 0xE6FF, 0xE6FF, 0xE71F, 0xE71F, 0xE71F,
  0xEF1F, 0xEF1F, 0xEF3F, 0xEF3F, 0xEF3F, 0xEF3F, 0xEF3F, 0xEF3F, 0xEF5F, 0xEF5F, 0xEF7F, 0xF79F, 0xEEDF, 0xD5DF, 0xD5FF, 0xD61F,
  0xD61F, 0xD63F, 0xD63F, 0xD65F, 0xD65F, 0xD65F, 0xDE5F, 0xDE5F, 0xDE5F, 0xD65F, 0xD65F, 0xD65F, 0xD63F, 0xD61F, 0xD61F, 0xD5FF,
  0xD5FF, 0xCDFF, 0xE69F, 0xF75F, 0xEF1F, 0xEF1F, 0xEF1F, 0xEF1F, 0xEEFF, 0xE6FF, 0xE6FF, 0xE6FF, 0xE6FF, 0xE6DF, 0xE6DF, 0xE6DF,
  0xE6DF, 0xE6DF, 0xE6BF, 0xE6BF, 0xE6BF, 0xDEBF, 0xDE9F, 0xDE9F, 0xDE9F, 0xDE9F, 0xDE9F, 0xDE9F, 0xDE7F, 0xDE7F, 0xDE7F, 0xDE5F,
  0xDE3F, 0xD63F, 0xD63F, 0xD63F, 0xD63F, 0xD61F, 0xD61F, 0xD61F, 0xD61F, 0xD61F, 0xD63F, 0xD63F, 0xD63F, 0xD65F, 0xDE7F, 0xDE7F,
  0xDE9F, 0xDE9F, 0xDE9F, 0xDEBF, 0xDEBF, 0xDEBF, 0xDEBF, 0xDEBF, 0xE6DF, 0xE6DF, 0xE6DF, 0xE6DF, 0xE6FF, 0xE6FF, 0xE6FF, 0xE6FF,
  0xE71F, 0xE71F, 0xEF1F, 0xEF3F, 0xEF3F, 0xEF3F, 0xEF3F, 0xEF5F, 0xEF5F, 0xEF5F, 0xF79F, 0xF75F, 0xDE7F, 0xDE5F, 0xDE7F, 0xDE7F,
  0xDE9F, 0xDE9F, 0xE6BF, 0xD63F, 0xB4DE, 0xB4BF, 0xB4BE, 0xCDFF, 0xE6DF, 0xE6BF, 0xDEBF, 0xDEBF, 0xE6BF, 0xCD9E, 0xA43E, 0x937F,
  0x937F, 0x8B5F, 0x8B3F, 0x935E, 0xAC5F, 0xAC7F, 0xDE1F, 0xBCFE, 0xA45F, 0xA43F, 0xB4DF, 0xC53F, 0xBD1F, 0xBCFF, 0xB4BF, 0xB4BF,
  0xDEDE, 0xDEBF, 0xDE9F, 0xDE9F, 0xDE9F, 0xDEBF, 0xDE5F, 0x9BFD, 0x7A9E, 0x7ABF, 0x7ABE, 0x725E, 0x7ABD, 0xCE1F, 0xBD5F, 0x8B7D,
  0xDE7F, 0xDE9F, 0xDE9F, 0xCDDF, 0x939E, 0x93BF, 0x9BBF, 0x9BDF, 0x9BFF, 0xA41F, 0xA45F, 0xD61F, 0xDE7F, 0xD65F, 0xD65F, 0xD63F,
  0xD61F, 0xCE1F, 0xCDFF, 0xCDDF, 0xE6DF, 0xF75F, 0xEF3F, 0xEF5F, 0xEF3F, 0xEF3F, 0xEF3F, 0xEF3F, 0xEF3F, 0xEF3F, 0xEF1F, 0xEF1F,
  0xE71F, 0xEF1F, 0xE71F, 0xEF1F, 0xEF1F, 0xEF1F, 0xEEFF, 0xE6FF, 0xE6FF, 0xE6FF, 0xE6FF, 0xE6FF, 0xE6FF, 0xE6FF, 0xE6FF, 0xE6FF,
  0xE6FF, 0xE6FF, 0xE6FF, 0xE6FF, 0xE6FF, 0xE6FF, 0xE6FF, 0xE6FF, 0xE6FF, 0xE6FF, 0xE6FF, 0xE6FF, 0xE6FF, 0xE6FF, 0xE6FF, 0xE6FF,
  0xE6FF, 0xE6FF, 0xE6FF, 0xE6FF, 0xE6FF, 0xE6FF, 0xE6FF, 0xEEFF, 0xEEFF, 0xE6FF, 0xE71F, 0xE71F, 0xE71F, 0xE71F, 0xEF1F, 0xEF1F,
  0xEF1F, 0xEF3F, 0xEF3F, 0xEF3F, 0xEF3F, 0xEF3F, 0xEF3F, 0xF75F, 0xF75F, 0xEF5F, 0xFFBF, 0xEF1F, 0xD5DF, 0xD5DF, 0xD5FF, 0xD61F,
  0xD63F, 0xD63F, 0xD65F, 0xDE5F, 0xDE5F, 0xDE7F, 0xDE7F, 0xDE7F, 0xDE7F, 0xDE7F, 0xDE7F, 0xDE5F, 0xD65F, 0xD63F, 0xD61F, 0xD61F,
  0xD61F, 0xD61F, 0xD5FF, 0xE6BF, 0xEF5F, 0xEF3F, 0xEF1F, 0xEF1F, 0xEF1F, 0xEEFF, 0xEEFF, 0xE6FF, 0xE6FF, 0xE6FF, 0xE6FF, 0xE6DF,
  0xE6DF, 0xE6DF, 0xE6DF, 0xE6DF, 0xE6BF, 0xE6BF, 0xE6BF, 0xE69F, 0xDE9F, 0xDE9F, 0xDE9F, 0xDE9F, 0xDE9F, 0xDE9F, 0xDE7F, 0xDE7F,
  0xDE7F, 0xDE5F, 0xDE5F, 0xDE5F, 0xD65F, 0xD65F, 0xD65F, 0xDE5F, 0xDE5F, 0xD65F, 0xD65F, 0xDE5F, 0xDE7F, 0xDE7F, 0xDE9F, 0xDE9F,
  0xDEBF, 0xDEBF, 0xE6BF, 0xDEBF, 0xDEBF, 0xE6DF, 0xE6DF, 0xE6DF, 0xE6DF, 0xE6DF, 0xE6FF, 0xE6FF, 0xE6FF, 0xE6FF, 0xE71F, 0xE71F,
  0xEF1F, 0xEF1F, 0xEF3F, 0xEF3F, 0xEF3F, 0xEF3F, 0xEF5F, 0xEF5F, 0xEF5F, 0xF79F, 0xF75F, 0xDE7F, 0xD65F, 0xDE7F, 0xDE7F, 0xDE9F,
  0xDEBF, 0xE6BF, 0xDEBF, 0xE6DF, 0xD63F, 0xB4BF, 0xAC7F, 0xB4FE, 0xE6BF, 0xE6BF, 0xE6BF, 0xE6BF, 0xDEBF, 0xE6FF, 0xE6DF, 0xD5FF,
  0xBD3E, 0x9BFE, 0x937E, 0x8B1E, 0xA41E, 0xAC5E, 0xC53F, 0xCD9F, 0xA45F, 0xAC7F, 0xB4DF, 0xBCFF, 0xBCFF, 0xB4DF, 0xB49F, 0xB4BF,
  0xDEDE, 0xDEBF, 0xDE9F, 0xDE9F, 0xDE9F, 0xDE9F, 0xDE9F, 0xDE9F, 0xACBE, 0x7ABD, 0x725E, 0x7A9E, 0x727D, 0xBD5E, 0xC5BF, 0x8B7D,
  0xDE7F, 0xDE9F, 0xE6BF, 0xB4DE, 0x8B5F, 0x939F, 0x939F, 0x9BBF, 0xA3FF, 0x9BFF, 0xB4DE, 0xDE7F, 0xDE7F, 0xD65F, 0xD65F, 0xD63F,
  0xD61F, 0xCE1F, 0xCDFF, 0xCDDF, 0xCDDF, 0xE6BF, 0xF75F, 0xEF5F, 0xEF5F, 0xEF3F, 0xEF3F, 0xEF3F, 0xEF3F, 0xEF3F, 0xEF3F, 0xEF3F,
  0xEF1F, 0xEF1F, 0xE71F, 0xEF1F, 0xE71F, 0xE71F, 0xE71F, 0xE71F, 0xE71F, 0xE71F, 0xE71F, 0xE6FF, 0xE71F, 0xEEFF, 0xEEFF, 0xE6FF,
  0xE6FF, 0xE6FF, 0xE6FF, 0xE6FF, 0xE6FF, 0xE6FF, 0xE6FF, 0xE6FF, 0xE6FF, 0xEEFF, 0xEEFF, 0xEEFF, 0xEEFF, 0xEEFF, 0xE6FF, 0xE6FF,
  0xE6FF, 0xE6FF, 0xEEFF, 0xEEFF, 0xEEFF, 0xEEFF, 0xEF1F, 0xEF1F, 0xEF1F, 0xEF1F, 0xE71F, 0xE71F, 0xE71F, 0xEF1F, 0xEF1F, 0xEF1F,
  0xEF3F, 0xEF3F, 0xEF3F, 0xEF3F, 0xEF5F, 0xEF5F, 0xEF5F, 0xEF5F, 0xF77F, 0xF79F, 0xE6BF, 0xD5FF, 0xD5FF, 0xD61F, 0xD61F, 0xD61F,
  0xD63F, 0xD65F, 0xDE5F, 0xDE7F, 0xDE9F, 0xDE9F, 0xDE9F, 0xDE9F, 0xDE9F, 0xDE7F, 0xDE7F, 0xDE7F, 0xDE7F, 0xD65F, 0xD63F, 0xD63F,
  0xD61F, 0xD61F, 0xD61F, 0xCDFF, 0xDE7F, 0xEF3F, 0xEF3F, 0xEF1F, 0xEF1F, 0xEF1F, 0xEF1F, 0xEEFF, 0xE6FF, 0xE6FF, 0xE6FF, 0xE6FF,
  0xE6DF, 0xE6DF, 0xE6DF, 0xE6DF, 0xE6DF, 0xE6DF, 0xE6BF, 0xE6BF, 0xE6BF, 0xE6BF, 0xE6BF, 0xE6BF, 0xDE9F, 0xDE9F, 0xDE9F, 0xDE9F,
  0xDE9F, 0xDE7F, 0xDE7F, 0xDE7F, 0xDE7F, 0xDE7F, 0xDE7F, 0xDE7F, 0xDE7F, 0xDE7F, 0xDE7F, 0xDE9F, 0xDE9F, 0xDE9F, 0xDE9F, 0xE6BF,
  0xE6BF, 0xE6BF, 0xE6DF, 0xE6DF, 0xE6DF, 0xE6DF, 0xE6DF, 0xE6DF, 0xE6FF, 0xE6FF, 0xE6FF, 0xE6FF, 0xE71F, 0xE71F, 0xE71F, 0xEF1F,
  0xEF1F, 0xEF3F, 0xEF3F, 0xEF3F, 0xEF3F, 0xEF5F, 0xEF5F, 0xEF5F, 0xF79F, 0xEF3F, 0xDE5F, 0xD65F, 0xDE7F, 0xDE7F, 0xDE7F, 0xDE9F,
  0xDEBF, 0xE6BF, 0xE6DF, 0xE6DF, 0xE6DF, 0xCDBF, 0xA43F, 0xAC9E, 0xE6BF, 0xE6DF, 0xE6DF, 0xE6DF, 0xE6FF, 0xE6FF, 0xE6FF, 0xEF1F,
  0xEEFF, 0xC57F, 0xB4DF, 0xAC9F, 0xBD3F, 0xD5BF, 0xBD1E, 0xD5FF, 0xAC7F, 0xB49F, 0xB4BF, 0xB4BF, 0xBCDF, 0xB49F, 0xB49F, 0xAC9F,
  0xDEDE, 0xDE9F, 0xDE9F, 0xDE9F, 0xDE9F, 0xDE9F, 0xDE9F, 0xDE9F, 0xE6DF, 0xCDDE, 0x93BE, 0x7A9E, 0x725E, 0xA45E, 0xCDFF, 0x833E,
  0xD63F, 0xDEBF, 0xDE9F, 0x9C1E, 0x8B3F, 0x937F, 0x939F, 0x9BBF, 0x9BDF, 0x9BDF, 0xCDDF, 0xDE9F, 0xD65F, 0xD65F, 0xD65F, 0xD65F,
  0xD63F, 0xD61F, 0xD61F, 0xCDFF, 0xCDFF, 0xCDDF, 0xDE7F, 0xEF3F, 0xF77F, 0xEF5F, 0xEF3F, 0xEF3F, 0xEF3F, 0xEF3F, 0xEF3F, 0xEF3F,
  0xEF3F, 0xEF1F, 0xEF1F, 0xEF1F, 0xEF1F, 0xEF1F, 0xE71F, 0xE71F, 0xEF1F, 0xE71F, 0xE71F, 0xE71F, 0xE71F, 0xEF1F, 0xEF1F, 0xEF1F,
  0xEF1F, 0xEF1F, 0xEEFF, 0xEEFF, 0xEF1F, 0xEF1F, 0xEF1F, 0xEF1F, 0xEF1F, 0xEF1F, 0xEF1F, 0xEF1F, 0xEEFF, 0xEEFF, 0xEEFF, 0xEEFF,
  0xEF1F, 0xEF1F, 0xEF1F, 0xEF1F, 0xEF1F, 0xE71F, 0xE71F, 0xE71F, 0xE71F, 0xEF1F, 0xEF1F, 0xEF1F, 0xEF1F, 0xEF3F, 0xEF3F, 0xEF3F,
  0xEF3F, 0xEF3F, 0xEF3F, 0xEF5F, 0xEF5F, 0xEF5F, 0xF77F, 0xF79F, 0xEF3F, 0xCDBE, 0xB4DF, 0xBD3E, 0xC59F, 0xCDFF, 0xD61F, 0xDE5F,
  0xDE7F, 0xDE9F, 0xDE9F, 0xDE9F, 0xDEBF, 0xDE9F, 0xDE9F, 0xDE9F, 0xDE9F, 0xDE9F, 0xDE9F, 0xDE9F, 0xDE7F, 0xDE7F, 0xD65F, 0xD63F,
  0xD63F, 0xD61F, 0xD61F, 0xD5FF, 0xCDDF, 0xD63F, 0xEEFF, 0xEF5F, 0xEF3F, 0xE71F, 0xEF1F, 0xEF1F, 0xEF1F, 0xEEFF, 0xE6FF, 0xE6FF,
  0xE6FF, 0xE6DF, 0xE6DF, 0xE6DF, 0xE6DF, 0xE6DF, 0xE6DF, 0xE6DF, 0xE6DF, 0xE6BF, 0xE6BF, 0xE6BF, 0xE6BF, 0xE6BF, 0xE6BF, 0xE6BF,
  0xE69F, 0xDE9F, 0xDE9F, 0xDE9F, 0xDE9F, 0xDE9F, 0xDE9F, 0xE6BF, 0xE6BF, 0xE6BF, 0xE6BF, 0xE6BF, 0xE6BF, 0xE6BF, 0xE6BF, 0xE6DF,
  0xE6DF, 0xE6DF, 0xE6DF, 0xE6DF, 0xE6DF, 0xE6FF, 0xE6FF, 0xE6FF, 0xE6FF, 0xE6FF, 0xE71F, 0xE71F, 0xE71F, 0xEF1F, 0xEF1F, 0xEF3F,
  0xEF3F, 0xEF3F, 0xEF5F, 0xEF3F, 0xEF5F, 0xEF5F, 0xF79F, 0xF79F, 0xE6DF, 0xD63F, 0xD63F, 0xDE5F, 0xDE7F, 0xDE7F, 0xDE9F, 0xDE9F,
  0xE6BF, 0xE6DF, 0xE6DF, 0xE6DF, 0xE6BF, 0xE6BF, 0xCDFF, 0xB4DE, 0xDE5F, 0xE6DF, 0xE6DF, 0xEEFF, 0xE6BF, 0xDE9F, 0xE6FF, 0xE6BF,
  0xDE9F, 0xBD7F, 0xB51F, 0xB4DF, 0xAC9F, 0xBD3E, 0xDE5E, 0xE69F, 0xB4DF, 0xAC9E, 0xB49F, 0xB47F, 0xB4BF, 0xB49F, 0xAC9F, 0xAC9F,
  0xDEDE, 0xDEBF, 0xDE9F, 0xDE9F, 0xDE9F, 0xDE9F, 0xDE9F, 0xDE9F, 0xDE9F, 0xE6BF, 0xE6BF, 0xBD5E, 0x8B3D, 0x72BD, 0xBD3F, 0x7ADD,
  0xC59F, 0xDE9F, 0xD61F, 0x8B7E, 0x8B5F, 0x937F, 0x939F, 0x9BBF, 0x939F, 0xACBE, 0xDE7F, 0xD65F, 0xDE7F, 0xDE7F, 0xD65F, 0xD65F,
  0xD63F, 0xD63F, 0xD61F, 0xD61F, 0xCDFF, 0xCDFF, 0xCDBF, 0xCDFF, 0xE6DF, 0xEF5F, 0xF75F, 0xEF5F, 0xEF3F, 0xEF3F, 0xEF3F, 0xEF3F,
  0xEF3F, 0xEF3F, 0xEF3F, 0xEF3F, 0xEF3F, 0xEF1F, 0xEF1F, 0xEF1F, 0xEF1F, 0xEF1F, 0xEF1F, 0xE71F, 0xEF1F, 0xE71F, 0xE71F, 0xEF1F,
  0xEF1F, 0xEF1F, 0xEF1F, 0xEF1F, 0xEF1F, 0xEF1F, 0xEF1F, 0xEF1F, 0xEF1F, 0xEF1F, 0xEF1F, 0xEF1F, 0xEF1F, 0xEF1F, 0xEF1F, 0xEF1F,
  0xEF1F, 0xEF1F, 0xEF1F, 0xEF1F, 0xEF1F, 0xEF1F, 0xEF1F, 0xEF1F, 0xEF1F, 0xEF1F, 0xEF1F, 0xEF3F, 0xEF3F, 0xEF3F, 0xEF3F, 0xEF3F,
  0xEF3F, 0xEF3F, 0xEF3F, 0xEF5F, 0xF77F, 0xF79F, 0xF75F, 0xDE5F, 0xBD1E, 0xB4DF, 0xBCFF, 0xBD1F, 0xBD3F, 0xBD5F, 0xBD7F, 0xC59E,
  0xCE1E, 0xDE7F, 0xE6BF, 0xE6FF, 0xE6DF, 0xE6BF, 0xDEBF, 0xDEBF, 0xDEBF, 0xDE9F, 0xDE9F, 0xDE9F, 0xDE9F, 0xDE7F, 0xDE5F, 0xD65F,
  0xD63F, 0xD63F, 0xD61F, 0xD61F, 0xD61F, 0xCDFF, 0xCDFF, 0xDE9F, 0xEF1F, 0xEF3F, 0xEF3F, 0xEF1F, 0xEF1F, 0xEF1F, 0xEEFF, 0xEEFF,
  0xE6FF, 0xE6FF, 0xE6FF, 0xE6FF, 0xE6DF, 0xE6DF, 0xE6DF, 0xE6DF, 0xE6DF, 0xE6DF, 0xE6DF, 0xE6DF, 0xE6DF, 0xE6DF, 0xE6BF, 0xE6BF,
  0xE6BF, 0xE6BF, 0xE6BF, 0xE6BF, 0xE6BF, 0xE6BF, 0xE6BF, 0xE6DF, 0xE6BF, 0xE6BF, 0xE6DF, 0xE6DF, 0xE6DF, 0xE6DF, 0xE6DF, 0xE6DF,
  0xE6DF, 0xE6DF, 0xE6FF, 0xE6FF, 0xE6FF, 0xE6FF, 0xE71F, 0xE71F, 0xE71F, 0xE71F, 0xEF1F, 0xEF1F, 0xEF3F, 0xEF3F, 0xEF3F, 0xEF3F,
  0xEF3F, 0xEF3F, 0xEF3F, 0xEF5F, 0xF77F, 0xF79F, 0xEF3F, 0xDE7F, 0xD61F, 0xD65F, 0xDE5F, 0xDE5F, 0xDE7F, 0xDE7F, 0xDE9F, 0xDE9F,
  0xE6BF, 0xE6DF, 0xE6DF, 0xE6DF, 0xE6BF, 0xE6BF, 0xEF1F, 0xE6BF, 0xCDBE, 0xE6DF, 0xEEFF, 0xEEFF, 0xBD3F, 0xB4DE, 0xDE7F, 0xE6BF,
  0xDE7F, 0xBD7F, 0xB4FF, 0xB4DF, 0xB4DF, 0xB4DF, 0xBD5E, 0xEEBF, 0xCD7E, 0xAC5F, 0xAC7F, 0xAC5F, 0xAC7F, 0xAC9F, 0xAC9F, 0xACBF,
  0xE6DF, 0xDEBF, 0xDE9F, 0xDE9F, 0xDE9F, 0xDE9F, 0xDE9F, 0xDE9F, 0xDE9F, 0xDE9F, 0xDE9F, 0xDE9F, 0xD63F, 0x833D, 0x831D, 0x7ABD,
  0xBD1F, 0xDEBF, 0xC57E, 0x831E, 0x8B3F, 0x937F, 0x939F, 0x939F, 0x9C1E, 0xD63F, 0xD67F, 0xD65F, 0xDE7F, 0xDE7F, 0xD65F, 0xD65F,
  0xD63F, 0xD63F, 0xD63F, 0xD61F, 0xCE1F, 0xCDFF, 0xCDFF, 0xCDBF, 0xC5BF, 0xCDFE, 0xDE9F, 0xEF1F, 0xEF5F, 0xF77F, 0xEF5F, 0xEF3F,
  0xEF3F, 0xEF3F, 0xEF3F, 0xEF3F, 0xEF3F, 0xEF3F, 0xEF3F, 0xEF1F, 0xEF1F, 0xEF1F, 0xEF1F, 0xEF1F, 0xEF1F, 0xEF1F, 0xEF1F, 0xEF1F,
  0xEF1F, 0xEF1F, 0xEF3F, 0xEF3F, 0xEF3F, 0xEF3F, 0xEF3F, 0xEF3F, 0xEF3F, 0xEF3F, 0xEF3F, 0xEF3F, 0xEF1F, 0xEF1F, 0xEF1F, 0xEF1F,
  0xEF1F, 0xEF1F, 0xEF1F, 0xEF1F, 0xEF1F, 0xEF3F, 0xEF3F, 0xEF3F, 0xEF3F, 0xEF3F, 0xEF3F, 0xEF3F, 0xEF3F, 0xEF3F, 0xEF3F, 0xEF3F,
  0xEF5F, 0xF77F, 0xF77F, 0xF77F, 0xEF1F, 0xD65F, 0xBD3F, 0xB4DF, 0xB4DF, 0xB4FF, 0xBD1F, 0xBD3F, 0xBD5F, 0xC57F, 0xC57F, 0xC57F,
  0xC57F, 0xC59F, 0xC5BF, 0xD63F, 0xDE9F, 0xE6DF, 0xE6FF, 0xE6DF, 0xE6BF, 0xDE9F, 0xDE9F, 0xDE9F, 0xDE9F, 0xDE9F, 0xDE7F, 0xDE5F,
  0xDE5F, 0xD65F, 0xD63F, 0xD61F, 0xD61F, 0xD61F, 0xD5FF, 0xCDDF, 0xD5FF, 0xDE9F, 0xEEFF, 0xEF3F, 0xEF3F, 0xEF1F, 0xEF1F, 0xEF1F,
  0xEF1F, 0xEEFF, 0xE6FF, 0xE6FF, 0xE6FF, 0xE6FF, 0xE6DF, 0xE6DF, 0xE6DF, 0xE6DF, 0xE6DF, 0xE6DF, 0xE6DF, 0xE6DF, 0xE6DF, 0xE6DF,
  0xE6DF, 0xE6DF, 0xE6DF, 0xE6DF, 0xE6DF, 0xE6DF, 0xE6DF, 0xE6DF, 0xE6DF, 0xE6DF, 0xE6DF, 0xE6DF, 0xE6FF, 0xE6FF, 0xE6FF, 0xE6FF,
  0xE6FF, 0xE6FF, 0xEEFF, 0xE6FF, 0xEF1F, 0xEF1F, 0xE71F, 0xEF1F, 0xEF1F, 0xEF1F, 0xEF3F, 0xEF3F, 0xEF3F, 0xEF3F, 0xEF5F, 0xEF5F,
  0xEF5F, 0xF77F, 0xF77F, 0xF75F, 0xEF1F, 0xDE7F, 0xD61F, 0xD61F, 0xD63F, 0xDE5F, 0xDE5F, 0xDE7F, 0xDE9F, 0xDE9F, 0xDE9F, 0xDEBF,
  0xE6DF, 0xE6DF, 0xE6DF, 0xE6DF, 0xE6DF, 0xE6DF, 0xE6DF, 0xEEFF, 0xDE5E, 0xCDDE, 0xEF1F, 0xDE7F, 0xB4BF, 0xAC9F, 0xC59E, 0xE6BF,
  0xDE9F, 0xC59F, 0xB4FF, 0xB4DF, 0xB4DF, 0xB4FF, 0xB4DF, 0xCD9F, 0xDE3F, 0xB49E, 0xAC5F, 0x9BBE, 0xB47F, 0xAC9F, 0xAC9F, 0xACBF,
  0xE6DE, 0xE6BF, 0xDEBF, 0xDEBF, 0xDE9F, 0xDE9F, 0xDE9F, 0xDE9F, 0xDE9F, 0xDE9F, 0xDE7F, 0xD65F, 0xD67F, 0xCDDF, 0x7ADE, 0x723E,
  0xB4FE, 0xE6BF, 0xBD3F, 0x82FE, 0x8B3F, 0x8B7F, 0x8B5F, 0x93BE, 0xCDFF, 0xDE9F, 0xDE7F, 0xDE7F, 0xDE7F, 0xDE7F, 0xDE7F, 0xD65F,
  0xD65F, 0xD63F, 0xD63F, 0xD63F, 0xD61F, 0xCE1F, 0xCDFF, 0xCDDF, 0xCDDF, 0xCDBF, 0xC59F, 0xCDBF, 0xDE5F, 0xDE9F, 0xE6FF, 0xEF1F,
  0xEF3F, 0xEF3F, 0xEF3F, 0xEF5F, 0xEF3F, 0xEF3F, 0xEF5F, 0xEF3F, 0xEF3F, 0xEF3F, 0xEF3F, 0xEF3F, 0xEF3F, 0xEF3F, 0xEF5F, 0xF75F,
  0xF75F, 0xF75F, 0xF77F, 0xF77F, 0xF77F, 0xF75F, 0xF75F, 0xF75F, 0xF77F, 0xF77F, 0xF77F, 0xF77F, 0xF77F, 0xF75F, 0xF75F, 0xF75F,
  0xEF5F, 0xEF3F, 0xEF3F, 0xEF3F, 0xEF3F, 0xEF3F, 0xEF3F, 0xEF3F, 0xEF5F, 0xEF5F, 0xEF5F, 0xEF5F, 0xEF5F, 0xEF5F, 0xEF5F, 0xEF3F,
  0xE6FF, 0xE6BF, 0xD63F, 0xC59E, 0xB4FE, 0xB4BF, 0xB4DF, 0xBD1F, 0xBD1F, 0xBD1F, 0xBD1F, 0xBD3F, 0xC55F, 0xC57F, 0xC57F, 0xC59F,
  0xC5BF, 0xC5BF, 0xC5BF, 0xC5BF, 0xC5BF, 0xCDDF, 0xD63F, 0xDEBF, 0xE6DF, 0xE6FF, 0xE6DF, 0xDEBF, 0xDE9F, 0xDE9F, 0xDE9F, 0xDE7F,
  0xDE7F, 0xDE5F, 0xD65F, 0xD63F, 0xD63F, 0xD61F, 0xD61F, 0xD61F, 0xCDFF, 0xCDDF, 0xCDFF, 0xD63F, 0xE69F, 0xE6DF, 0xE6FF, 0xEF1F,
  0xEF1F, 0xEF1F, 0xEF1F, 0xEF1F, 0xEF1F, 0xEF1F, 0xEEFF, 0xEEFF, 0xEEFF, 0xE6FF, 0xEEFF, 0xEEFF, 0xEF1F, 0xEF1F, 0xEF1F, 0xEF1F,
  0xEF1F, 0xF73F, 0xF73F, 0xF73F, 0xF73F, 0xF73F, 0xF73F, 0xF73F, 0xF73F, 0xF73F, 0xF75F, 0xF73F, 0xEF3F, 0xEF3F, 0xEF3F, 0xEF1F,
  0xEF1F, 0xEF1F, 0xEF1F, 0xEF1F, 0xEF1F, 0xEF3F, 0xEF3F, 0xEF5F, 0xEF5F, 0xEF5F, 0xF75F, 0xF75F, 0xF75F, 0xF75F, 0xEF5F, 0xEF3F,
  0xEF3F, 0xEEFF, 0xDE9F, 0xD63F, 0xD61F, 0xD61F, 0xD63F, 0xD63F, 0xD65F, 0xDE7F, 0xDE7F, 0xDE9F, 0xDE9F, 0xDE9F, 0xE6BF, 0xE6BF,
  0xE6DF, 0xE6DF, 0xE6DF, 0xE6BF, 0xE6DF, 0xE6FF, 0xE6FF, 0xE6BF, 0xE6DF, 0xCDDE, 0xD63F, 0xE6BF, 0xAC9F, 0xAC9F, 0xBD3F, 0xE6BF,
  0xDE9F, 0xD5FF, 0xB51F, 0xB4DF, 0xB4DF, 0xB4DF, 0xB4FF, 0xB4DF, 0xDE5F, 0xCD7F, 0xA41F, 0x8B5E, 0xAC9F, 0xAC9F, 0xAC9F, 0xB4DF,
  0xDEDE, 0xDE9F, 0xDE9F, 0xE6BF, 0xDEBF, 0xDE9F, 0xDE9F, 0xDE9F, 0xDE9F, 0xDE9F, 0xDE7F, 0xD67F, 0xD67F, 0xE6DF, 0xBD5E, 0x727E,
  0xAC9E, 0xE6FF, 0xBD3E, 0x82DE, 0x8B3F, 0x8B1F, 0x8B5E, 0xC59E, 0xDE9F, 0xD67F, 0xDE7F, 0xDE9F, 0xDE7F, 0xDE7F, 0xDE7F, 0xDE5F,
  0xD65F, 0xD65F, 0xD63F, 0xD63F, 0xD61F, 0xD61F, 0xCDFF, 0xCDFF, 0xCDDF, 0xCDDF, 0xCDDF, 0xCD9F, 0xCDDF, 0xC59F, 0xBD5F, 0xC57F,
  0xC59F, 0xCDBF, 0xCDDF, 0xCDDF, 0xCDDF, 0xC59E, 0xBD3E, 0xBD5F, 0xBD5E, 0xBD5E, 0xBD5E, 0xBD5E, 0xBD5E, 0xBD5E, 0xBD5E, 0xC55E,
  0xC57E, 0xC57E, 0xC57E, 0xC57E, 0xC57E, 0xC57E, 0xC57E, 0xC57E, 0xC57E, 0xC57E, 0xC57E, 0xC57E, 0xC57E, 0xC57E, 0xC55E, 0xBD5E,
  0xBD5E, 0xBD5E, 0xBD5E, 0xBD5E, 0xBD3E, 0xBD5E, 0xBD5E, 0xBD5E, 0xBD5E, 0xBD5E, 0xBD5E, 0xBD7E, 0xC57E, 0xBD7E, 0xBD5E, 0xBD3F,
  0xB4FE, 0xB4DE, 0xB4BF, 0xB4BF, 0xB4FF, 0xB4FF, 0xBD1F, 0xBD1F, 0xBD1F, 0xBD3F, 0xBD3F, 0xC55F, 0xC57F, 0xC57F, 0xC59F, 0xC59F,
  0xC5BF, 0xC5BF, 0xC5BF, 0xCDBF, 0xCDDF, 0xCDDF, 0xCDDF, 0xC5DF, 0xCDFF, 0xD65F, 0xE6DF, 0xE6FF, 0xE6FF, 0xE6BF, 0xDE9F, 0xDE9F,
  0xDE9F, 0xDE7F, 0xDE5F, 0xD65F, 0xD63F, 0xD63F, 0xD63F, 0xD61F, 0xD61F, 0xD5FF, 0xD5FF, 0xCDDF, 0xCDDF, 0xCDDF, 0xCDFF, 0xD61F,
  0xD61F, 0xD61F, 0xD61F, 0xD61F, 0xD61F, 0xD61F, 0xD61F, 0xD61F, 0xD61F, 0xCDFF, 0xCDFF, 0xD61F, 0xD5FF, 0xD5FF, 0xD5FF, 0xD5FF,
  0xD61F, 0xD61F, 0xD61E, 0xD61F, 0xD61F, 0xD61E, 0xD61E, 0xD61F, 0xD61F, 0xD61E, 0xD61E, 0xD61F, 0xD63F, 0xD61F, 0xD61F, 0xD61F,
  0xD5FF, 0xCDFF, 0xD5FF, 0xD61F, 0xD61F, 0xD61F, 0xD61F, 0xD63F, 0xD63F, 0xD65F, 0xD65F, 0xDE5F, 0xDE5F, 0xD65F, 0xD63F, 0xD61F,
  0xCE1F, 0xCDFF, 0xCDFF, 0xD61F, 0xD63F, 0xD63F, 0xD63F, 0xD65F, 0xDE5F, 0xDE7F, 0xDE7F, 0xDE9F, 0xDE9F, 0xDEBF, 0xE6BF, 0xE6BF,
  0xE6DF, 0xE6DF, 0xE6DF, 0xE6DF, 0xDE7F, 0xD61F, 0xDE5F, 0xE69F, 0xE6BF, 0xE6BF, 0xC5BE, 0xDE7F, 0xBD1E, 0xAC5F, 0xBD1F, 0xE6BF,
  0xE6BF, 0xDE7F, 0xBD5F, 0xB4FF, 0xB4DF, 0xB4DF, 0xB4DF, 0xACBE, 0xD5FE, 0xDE1F, 0xAC5F, 0x8B3E, 0xA45F, 0xAC9F, 0xB4BF, 0xBCFF,
  0xDEDE, 0xDE9F, 0xDE9F, 0xDE9F, 0xDEBF, 0xDE9F, 0xDE7F, 0xDE9F, 0xDE9F, 0xDE9F, 0xDE9F, 0xDE9F, 0xDE9F, 0xDE9F, 0xE6FF, 0x9BFE,
  0x93DE, 0xEEFF, 0xB51E, 0x7ABE, 0x82FF, 0x833E, 0xC57F, 0xDE7F, 0xD65F, 0xD67F, 0xDE7F, 0xDE9F, 0xDE7F, 0xDE7F, 0xDE7F, 0xDE9F,
  0xDE7F, 0xD65F, 0xD65F, 0xD65F, 0xD63F, 0xD61F, 0xD61F, 0xCE1F, 0xCDFF, 0xCDFF, 0xCDDF, 0xCDDF, 0xCDDF, 0xD5FF, 0xC57F, 0xC55F,
  0xBD5F, 0xBD5F, 0xBD3F, 0xBD3F, 0xBD3F, 0xC55F, 0xB4BF, 0xB49F, 0xB4BF, 0xB4BF, 0xB4BF, 0xB4BF, 0xB4BF, 0xB4BF, 0xB4BF, 0xB4BF,
  0xB4BF, 0xB4BF, 0xB4BF, 0xB4BF, 0xB4BF, 0xB4BF, 0xB4BF, 0xB4BF, 0xB4BF, 0xB4BF, 0xAC9F, 0xAC9F, 0xB4BF, 0xB4BF, 0xB4BF, 0xB4BF,
  0xB4BF, 0xAC9F, 0xAC9F, 0xAC9F, 0xAC9F, 0xAC9F, 0xAC9F, 0xACBF, 0xAC9F, 0xAC9F, 0xACBF, 0xB4BF, 0xB4BF, 0xB4BF, 0xB4BF, 0xB4DF,
  0xB4DF, 0xB4FF, 0xB4FF, 0xB4FF, 0xB4FF, 0xBD1F, 0xBD1F, 0xBD3F, 0xBD3F, 0xBD5F, 0xC55F, 0xC57F, 0xC57F, 0xC59F, 0xC59F, 0xC5BF,
  0xC5BF, 0xC5BF, 0xCDDF, 0xCDDF, 0xCDDF, 0xCDDF, 0xCDDF, 0xCDDF, 0xCDDF, 0xC5DF, 0xC5DF, 0xD63F, 0xDEBF, 0xE6FF, 0xE6DF, 0xDE9F,
  0xDE9F, 0xDE9F, 0xDE7F, 0xDE7F, 0xDE5F, 0xD65F, 0xD63F, 0xD63F, 0xD63F, 0xD61F, 0xD61F, 0xD5FF, 0xD5FF, 0xCDFF, 0xCDFF, 0xCDDF,
  0xCDDF, 0xCDDF, 0xCDBF, 0xCDBF, 0xCDBF, 0xCDBF, 0xCDBF, 0xCDBF, 0xCDBF, 0xCDBF, 0xCDBF, 0xCDBF, 0xCDBF, 0xCD9F, 0xC59F, 0xC59F,
  0xC59F, 0xC59F, 0xC59F, 0xC57F, 0xC57F, 0xC57F, 0xC57F, 0xC57F, 0xC59F, 0xC59F, 0xC59F, 0xC59F, 0xC59F, 0xCD9F, 0xC59F, 0xC59F,
  0xCD9F, 0xCDBF, 0xCDBF, 0xCDBF, 0xCDBF, 0xCDBF, 0xCDBF, 0xCDBF, 0xCDBF, 0xCDBF, 0xCDDF, 0xCDDF, 0xCDFF, 0xCDFF, 0xCDFF, 0xD61F,
  0xD61F, 0xD61F, 0xD61F, 0xD61F, 0xD63F, 0xD65F, 0xD65F, 0xDE7F, 0xDE7F, 0xDE9F, 0xDE9F, 0xE6BF, 0xE6DF, 0xE6DF, 0xE6FF, 0xE6DF,
  0xE6DF, 0xE6DF, 0xE6DF, 0xDE7F, 0xBD3E, 0xBD1F, 0xBD3F, 0xC57F, 0xD61F, 0xE69F, 0xE6BF, 0xCDFE, 0xCDBE, 0xAC7F, 0xBD3F, 0xDE7F,
  0xD61F, 0xCDDE, 0xC55F, 0xBCFF, 0xB4DF, 0xB4DF, 0xB4DF, 0xB4DF, 0xCDDF, 0xE69F, 0xB4BF, 0x831E, 0x9BDF, 0xAC9F, 0xB4DF, 0xBCFF,
  0xDEBE, 0xDE9F, 0xE6BF, 0xE6DF, 0xE6BF, 0xE6BF, 0xE6BF, 0xDE9F, 0xDE9F, 0xDE9F, 0xDE9F, 0xDE9F, 0xDE9F, 0xDE7F, 0xE6DF, 0xBCFF,
  0x82FD, 0xDE7F, 0xB4DF, 0x725E, 0x8B5E, 0xCDBF, 0xDE9F, 0xD65F, 0xDE7F, 0xDE7F, 0xDE7F, 0xDE7F, 0xD67F, 0xDE9F, 0xDE9F, 0xD61F,
  0xCDFE, 0xDE7F, 0xDE7F, 0xD65F, 0xD65F, 0xD63F, 0xD63F, 0xD61F, 0xD61F, 0xD61F, 0xCE1F, 0xD5FF, 0xCDFF, 0xD61F, 0xCDDF, 0xC55F,
  0xC57F, 0xC57F, 0xC55F, 0xC55F, 0xC55F, 0xC59F, 0xC57F, 0xB4DF, 0xB4FF, 0xB4FF, 0xB4FF, 0xBCFF, 0xB4FF, 0xBCFF, 0xB4FF, 0xB4FF,
  0xB4FF, 0xB4FF, 0xB4FF, 0xB4FF, 0xB4FF, 0xB4FF, 0xB4FF, 0xB4FF, 0xB4FF, 0xB4FF, 0xB4FF, 0xB4FF, 0xB4FF, 0xB4FF, 0xB4FF, 0xB4FF,
  0xB4FF, 0xB4FF, 0xB4FF, 0xB4DF, 0xB4DF, 0xB4FF, 0xB4FF, 0xB4FF, 0xB4FF, 0xB4FF, 0xB4FF, 0xB4FF, 0xB4FF, 0xB4FF, 0xB4FF, 0xB4FF,
  0xB51F, 0xB51F, 0xBD1F, 0xBD1F, 0xBD3F, 0xBD3F, 0xBD3F, 0xBD5F, 0xC55F, 0xC57F, 0xC57F, 0xC59F, 0xC59F, 0xC59F, 0xC5BF, 0xC5BF,
  0xC5BF, 0xCDBF, 0xCDDF, 0xC5DF, 0xCDDF, 0xCDDF, 0xCDDF, 0xCDDF, 0xCDDF, 0xCDFF, 0xCDDF, 0xCDDF, 0xCDDF, 0xCE1F, 0xDE7F, 0xE6DF,
  0xE6DF, 0xDE9F, 0xDE9F, 0xDE9F, 0xDE9F, 0xDE7F, 0xDE7F, 0xD65F, 0xD65F, 0xD63F, 0xD63F, 0xD61F, 0xD61F, 0xD61F, 0xD61F, 0xD61F,
  0xD61F, 0xCDFF, 0xCDFF, 0xCDFF, 0xCDFF, 0xCDFF, 0xCDFF, 0xCDFF, 0xCDFF, 0xCDFF, 0xCDFF, 0xCDFF, 0xCDDF, 0xCDDF, 0xCDDF, 0xCDDF,
  0xCDDF, 0xCDDF, 0xCDDF, 0xCDDF, 0xCDDF, 0xCDDF, 0xCDDF, 0xCDDF, 0xCDDF, 0xCDDF, 0xCDDF, 0xCDDF, 0xCDDF, 0xCDDF, 0xCDDF, 0xCDDF,
  0xCDDF, 0xCDDF, 0xCDFF, 0xCDFF, 0xCDFF, 0xCDFF, 0xCDFF, 0xCDFF, 0xCDFF, 0xCDFF, 0xCDFF, 0xD61F, 0xD61F, 0xD61F, 0xD61F, 0xD61F,
  0xD63F, 0xD63F, 0xD65F, 0xDE5F, 0xDE7F, 0xDE7F, 0xDE7F, 0xDE7F, 0xDE7F, 0xDE7F, 0xDE7F, 0xDE9F, 0xDE9F, 0xDE9F, 0xDEBF, 0xDEBF,
  0xDEBF, 0xDEBF, 0xE6FF, 0xDEBF, 0xC57E, 0xC53F, 0xC55F, 0xC53F, 0xBD1F, 0xC57F, 0xE67F, 0xE6BF, 0xD5FF, 0xB4FF, 0xBD3E, 0xCDBE,
  0xC55F, 0xC55F, 0xB4BF, 0xA43F, 0xAC7F, 0xB4BF, 0xB4DF, 0xB4FF, 0xC57F, 0xEEDF, 0xBD1E, 0x8B5F, 0x8B7E, 0xAC9F, 0xB4DF, 0xB4DF,
  0xDEBE, 0xDEBF, 0xD61F, 0xAC7E, 0x9C1E, 0xA47E, 0xC57E, 0xDE9F, 0xE6DF, 0xDE9F, 0xDE9F, 0xDE9F, 0xDE9F, 0xDE7F, 0xDE9F, 0xBD5F,
  0x727D, 0xCDFF, 0xA43F, 0x82BE, 0xCE1F, 0xE6BF, 0xDE7F, 0xDE7F, 0xDE7F, 0xDE7F, 0xDE7F, 0xD67F, 0xDE9F, 0xD61F, 0xA43E, 0x8B5E,
  0x8B7E, 0xBD1E, 0xE6BF, 0xD67F, 0xDE5F, 0xD65F, 0xD65F, 0xD63F, 0xD63F, 0xD63F, 0xD61F, 0xD61F, 0xD61F, 0xD61F, 0xD65F, 0xC59F,
  0xC57F, 0xC57F, 0xC57F, 0xC57F, 0xC57F, 0xC57F, 0xCDBF, 0xBD5F, 0xBD1F, 0xBD1F, 0xBD1F, 0xBD1F, 0xBD1F, 0xBD1F, 0xBD1F, 0xBD1F,
  0xBCFF, 0xBD1F, 0xBD1F, 0xBD1F, 0xBD1F, 0xBD1F, 0xBD1F, 0xBD1F, 0xB4FF, 0xBCFF, 0xB4FF, 0xB4FF, 0xB4FF, 0xB4FF, 0xBCFF, 0xBCFF,
  0xBD1F, 0xB4FF, 0xB4FF, 0xB4FF, 0xB4FF, 0xB4FF, 0xB4FF, 0xB4FF, 0xB4FF, 0xB4FF, 0xB4FF, 0xB51F, 0xB51F, 0xB51F, 0xBD1F, 0xBD1F,
  0xBD1F, 0xBD1F, 0xBD3F, 0xBD3F, 0xBD3F, 0xBD5F, 0xBD5F, 0xC55F, 0xC57F, 0xC59F, 0xC59F, 0xC59F, 0xC59F, 0xC5BF, 0xC5BF, 0xC5BF,
  0xCDBF, 0xCDBF, 0xC5DF, 0xCDDF, 0xCDDF, 0xCDDF, 0xCDDF, 0xCDDF, 0xCDDF, 0xCDDF, 0xCDDF, 0xCDDF, 0xCDFF, 0xCDDF, 0xC5BF, 0xCDFF,
  0xDE7F, 0xE6FF, 0xE6DF, 0xDE9F, 0xDE9F, 0xDE9F, 0xDE9F, 0xDE7F, 0xDE7F, 0xD65F, 0xD65F, 0xD63F, 0xD63F, 0xD63F, 0xD63F, 0xD63F,
  0xD61F, 0xD61F, 0xD61F, 0xD61F, 0xD61F, 0xD61F, 0xD61F, 0xD61F, 0xCE1F, 0xCE1F, 0xCE1F, 0xD61F, 0xD61F, 0xCE1F, 0xCDFF, 0xCDFF,
  0xCDFF, 0xCDFF, 0xCDFF, 0xCDFF, 0xCDFF, 0xCDFF, 0xCDFF, 0xCDFF, 0xCDFF, 0xCDFF, 0xCDFF, 0xCDFF, 0xCDFF, 0xCE1F, 0xCDFF, 0xCDFF,
  0xCDFF, 0xCDFF, 0xCDFF, 0xCDFF, 0xCDFF, 0xCDFF, 0xD61F, 0xD61F, 0xD61F, 0xD61F, 0xD61F, 0xD61F, 0xD61F, 0xD63F, 0xD65F, 0xDE5F,
  0xD65F, 0xD65F, 0xD61F, 0xC5BF, 0xBD7E, 0xBD3F, 0xB51F, 0xB4FF, 0xB4DE, 0xB4DE, 0xACDE, 0xACBF, 0xACBF, 0xACDF, 0xB4DF, 0xB4DF,
  0xB4DF, 0xB4FF, 0xB4FF, 0xBD3E, 0xC55F, 0xC55F, 0xC55F, 0xC55F, 0xC53F, 0xBD3F, 0xC57F, 0xDE3F, 0xDE5F, 0xBD5F, 0xBD3E, 0xC57F,
  0xC57F, 0xC55F, 0xB47F, 0xAC3F, 0xA41F, 0xA3FE, 0xB49F, 0xBD1F, 0xB51F, 0xEEDF, 0xCDBF, 0x9BDF, 0x8B1E, 0xAC7F, 0xB4BF, 0xB49F,
  0xE6DE, 0xE6DF, 0xA45E, 0x831E, 0x8B1F, 0x82FF, 0x833E, 0x9BFE, 0xC57E, 0xE6BF, 0xDE9F, 0xD67F, 0xDE9F, 0xD67F, 0xD67F, 0xCDDF,
  0x72BD, 0xC57F, 0x8B5E, 0xAC9E, 0xE6DF, 0xD67F, 0xDE9F, 0xDE9F, 0xDE9F, 0xDE9F, 0xD67F, 0xDEBF, 0xC59E, 0x8B7E, 0x82FE, 0x8B3F,
  0x8B5F, 0x93BE, 0xD63F, 0xDE7F, 0xDE7F, 0xDE7F, 0xD65F, 0xD65F, 0xD63F, 0xD63F, 0xD63F, 0xD63F, 0xD63F, 0xD61F, 0xD63F, 0xD61F,
  0xC59F, 0xC59F, 0xC59F, 0xC59F, 0xC59F, 0xC59F, 0xCDBF, 0xCDBF, 0xBD5F, 0xBD3F, 0xBD3F, 0xBD3F, 0xBD3F, 0xBD3F, 0xBD3F, 0xBD3F,
  0xBD3F, 0xBD3F, 0xBD3F, 0xBD3F, 0xBD3F, 0xBD3F, 0xBD3F, 0xBD1F, 0xBD1F, 0xBD1F, 0xBD1F, 0xBD1F, 0xBD1F, 0xBD1F, 0xBD1F, 0xBD3F,
  0xBD3F, 0xBD1F, 0xBD1F, 0xBD1F, 0xBD1F, 0xBD1F, 0xBD1F, 0xBD1F, 0xBD3F, 0xBD1F, 0xBD1F, 0xBD3F, 0xBD3F, 0xBD3F, 0xBD3F, 0xBD3F,
  0xBD3F, 0xBD5F, 0xBD5F, 0xBD5F, 0xBD5F, 0xBD7F, 0xC57F, 0xC57F, 0xC59F, 0xC59F, 0xC59F, 0xC5BF, 0xC5BF, 0xC5BF, 0xC5BF, 0xC5BF,
  0xCDBF, 0xCDDF, 0xCDDF, 0xCDDF, 0xCDDF, 0xCDDF, 0xCDDF, 0xCDDF, 0xCDDF, 0xCDDF, 0xCDDF, 0xCDDF, 0xCDDF, 0xCDDF, 0xCDDF, 0xCDDF,
  0xCDDF, 0xCDFF, 0xDE7F, 0xE6FF, 0xDEBF, 0xDE9F, 0xDE9F, 0xDE9F, 0xDE7F, 0xDE7F, 0xDE7F, 0xDE5F, 0xDE5F, 0xD65F, 0xD65F, 0xD65F,
  0xD63F, 0xD63F, 0xD63F, 0xD63F, 0xD63F, 0xD63F, 0xD63F, 0xD63F, 0xD63F, 0xD63F, 0xD63F, 0xD63F, 0xD63F, 0xD63F, 0xD63F, 0xD61F,
  0xD61F, 0xD61F, 0xD61F, 0xD61F, 0xD61F, 0xD61F, 0xD61F, 0xD61F, 0xD61F, 0xD63F, 0xD63F, 0xD63F, 0xD61F, 0xD63F, 0xD63F, 0xD61F,
  0xD63F, 0xD63F, 0xD61F, 0xD61F, 0xD61F, 0xD63F, 0xD63F, 0xD63F, 0xD63F, 0xD63F, 0xDE5F, 0xDE7F, 0xDE7F, 0xD63F, 0xC5BE, 0xBD3E,
  0xB4FF, 0xACBE, 0xAC9E, 0xA47F, 0xAC7F, 0xAC7F, 0xAC7F, 0xAC7F, 0xAC9F, 0xAC9F, 0xAC9F, 0xAC9F, 0xAC9F, 0xAC9F, 0xAC9F, 0xAC9F,
  0xAC9F, 0xAC9F, 0xAC9F, 0xAC9F, 0xACBF, 0xB4DF, 0xBD1F, 0xBD3F, 0xC55F, 0xC55F, 0xC55F, 0xC53F, 0xCDBF, 0xC57F, 0xBD3F, 0xC55F,
  0xC59F, 0xC57F, 0xB4BF, 0xAC3F, 0xAC3F, 0xA3DF, 0x9BFF, 0xB4BF, 0xAC9F, 0xD61F, 0xD61F, 0xA41F, 0x935E, 0xAC7F, 0xB4BF, 0xAC7F,
  0xE6FF, 0xEEFF, 0xA45E, 0x831F, 0x8B1F, 0x8B3F, 0x8B3F, 0x8B1F, 0x831E, 0xA43E, 0xD63F, 0xDE9F, 0xD65F, 0xD67F, 0xD67F, 0xDE7F,
  0x8B5E, 0x9BFE, 0x8B3E, 0xD5FF, 0xDE9F, 0xD67F, 0xDE9F, 0xDE9F, 0xDE9F, 0xD69F, 0xDEBF, 0xC57E, 0x82FE, 0x8AFF, 0x8B3F, 0x8B5E,
  0x8B3F, 0x8B3E, 0xCDFF, 0xDE9F, 0xDE7F, 0xDE7F, 0xDE7F, 0xDE7F, 0xD65F, 0xD65F, 0xD65F, 0xD65F, 0xD63F, 0xD63F, 0xD63F, 0xDE7F,
  0xCDFF, 0xC5BF, 0xCDBF, 0xC5BF, 0xC5BF, 0xCDBF, 0xCDDF, 0xCDDF, 0xCDDF, 0xBD7F, 0xC55F, 0xC55F, 0xC55F, 0xC55F, 0xC55F, 0xBD5F,
  0xBD5F, 0xBD5F, 0xBD5F, 0xBD5F, 0xBD5F, 0xBD5F, 0xBD5F, 0xBD5F, 0xBD3F, 0xBD3F, 0xBD3F, 0xBD5F, 0xBD3F, 0xBD5F, 0xBD5F, 0xBD5F,
  0xBD5F, 0xBD5F, 0xBD5F, 0xBD5F, 0xBD5F, 0xBD5F, 0xBD5F, 0xBD5F, 0xBD5F, 0xBD5F, 0xBD5F, 0xBD5F, 0xBD5F, 0xBD5F, 0xBD5F, 0xBD5F,
  0xBD5F, 0xBD5F, 0xBD7F, 0xC57F, 0xC57F, 0xC59F, 0xC59F, 0xC59F, 0xC59F, 0xC5BF, 0xC5BF, 0xC5BF, 0xC5BF, 0xC5BF, 0xC5BF, 0xC5DF,
  0xC5DF, 0xCDDF, 0xCDDF, 0xCDDF, 0xCDDF, 0xCDDF, 0xCDDF, 0xCDDF, 0xCDDF, 0xCDDF, 0xCDDF, 0xCDDF, 0xCDDF, 0xCDDF, 0xCDDF, 0xCDDF,
  0xCDFF, 0xCDDF, 0xCDDF, 0xCE1F, 0xDEBF, 0xE6FF, 0xE6BF, 0xDEBF, 0xDE9F, 0xDE9F, 0xDE9F, 0xDE9F, 0xDE9F, 0xDE7F, 0xDE7F, 0xDE7F,
  0xDE7F, 0xD65F, 0xD65F, 0xD65F, 0xD65F, 0xD65F, 0xD65F, 0xD65F, 0xD65F, 0xDE5F, 0xDE5F, 0xD65F, 0xD65F, 0xD65F, 0xD65F, 0xD65F,
  0xD65F, 0xD63F, 0xD63F, 0xD63F, 0xD65F, 0xD65F, 0xD65F, 0xD65F, 0xD65F, 0xD65F, 0xD65F, 0xD65F, 0xD65F, 0xD65F, 0xD65F, 0xD65F,
  0xD65F, 0xD65F, 0xD65F, 0xD63F, 0xD63F, 0xD63F, 0xDE7F, 0xDE7F, 0xDE7F, 0xD65F, 0xC5BE, 0xBD5E, 0xB4DE, 0xAC7F, 0xA45F, 0xAC5F,
  0xAC7F, 0xAC7F, 0xAC9F, 0xAC9F, 0xAC9F, 0xAC9F, 0xAC9F, 0xAC9F, 0xAC9F, 0xACBF, 0xACBF, 0xAC9F, 0xAC9F, 0xAC9F, 0xAC9F, 0xAC9F,
  0xACBF, 0xACBF, 0xACBF, 0xACBF, 0xACBF, 0xACBF, 0xAC9F, 0xB4BF, 0xB4DF, 0xB4DF, 0xB4BF, 0xB4BF, 0xB4BF, 0xB4BF, 0xC55F, 0xCDBF,
  0xC59F, 0xCDDF, 0xC53F, 0xAC7F, 0xAC3F, 0xAC3F, 0xA3DF, 0xAC3F, 0xA41F, 0xBD3F, 0xDE3F, 0xAC7F, 0x9BBE, 0xB49F, 0xB49F, 0x9BBE,
  0xE71E, 0xEF1F, 0xBD3E, 0x7ABE, 0x8B1F, 0x8B1F, 0x8B1E, 0x8B1E, 0x831F, 0x7ABF, 0x8B3E, 0xCDDF, 0xDE7F, 0xD67F, 0xD67F, 0xE6DF,
  0xA43D, 0x725E, 0x9BFE, 0xE6BF, 0xD67F, 0xDE7F, 0xDE9F, 0xDE9F, 0xDE7F, 0xDEBF, 0xD5FF, 0x8B3D, 0x82FF, 0x82FF, 0x831E, 0x8B1F,
  0x8B1F, 0x937E, 0xD65F, 0xDE9F, 0xDE7F, 0xDE7F, 0xDE7F, 0xDE7F, 0xD67F, 0xD67F, 0xD65F, 0xD65F, 0xD65F, 0xD65F, 0xD65F, 0xD65F,
  0xDE7F, 0xCDDF, 0xCDDF, 0xCDDF, 0xCDDF, 0xCDDF, 0xCDDF, 0xCDDF, 0xCDFF, 0xCDDF, 0xC57F, 0xC59F, 0xC59F, 0xC57F, 0xC57F, 0xC57F,
  0xC57F, 0xC57F, 0xC57F, 0xC57F, 0xC57F, 0xC57F, 0xC57F, 0xC57F, 0xC55F, 0xC57F, 0xC57F, 0xC57F, 0xC57F, 0xC57F, 0xC57F, 0xC57F,
  0xC57F, 0xC57F, 0xC57F, 0xC57F, 0xC57F, 0xBD7F, 0xC57F, 0xC57F, 0xBD7F, 0xBD7F, 0xC57F, 0xC57F, 0xC57F, 0xC57F, 0xBD7F, 0xC57F,
  0xC57F, 0xC57F, 0xC57F, 0xC59F, 0xC59F, 0xC59F, 0xC5BF, 0xC5BF, 0xC5BF, 0xC5BF, 0xC5BF, 0xC5DF, 0xC5DF, 0xCDDF, 0xC5DF, 0xC5DF,
  0xCDDF, 0xCDDF, 0xCDDF, 0xCDDF, 0xCDDF, 0xCDDF, 0xCDDF, 0xCDDF, 0xCDDF, 0xCDDF, 0xCDDF, 0xCDDF, 0xCDDF, 0xCDDF, 0xCDDF, 0xCDDF,
  0xCDDF, 0xCDDF, 0xCDDF, 0xCDDF, 0xCDDF, 0xD63F, 0xE6DF, 0xE6FF, 0xDEBF, 0xDEBF, 0xDEBF, 0xDEBF, 0xDE9F, 0xDE9F, 0xDE9F, 0xDE9F,
  0xDE9F, 0xDE9F, 0xDE9F, 0xDE9F, 0xDE9F, 0xDE9F, 0xDE7F, 0xDE7F, 0xDE7F, 0xDE7F, 0xDE7F, 0xDE7F, 0xDE7F, 0xDE7F, 0xDE7F, 0xDE7F,
  0xDE7F, 0xDE7F, 0xDE7F, 0xD65F, 0xDE7F, 0xDE7F, 0xDE7F, 0xDE7F, 0xDE7F, 0xDE7F, 0xDE7F, 0xDE7F, 0xDE7F, 0xDE7F, 0xDE7F, 0xDE7F,
  0xDE7F, 0xD65F, 0xD65F, 0xDE7F, 0xDE9F, 0xE69F, 0xD61E, 0xC57E, 0xB4FF, 0xAC7F, 0xAC5F, 0xAC7F, 0xAC7F, 0xAC7F, 0xAC9F, 0xAC9F,
  0xAC9F, 0xAC9F, 0xAC9F, 0xAC9F, 0xAC9F, 0xAC9F, 0xAC9F, 0xACBF, 0xAC9F, 0xAC9F, 0xAC9F, 0xAC9F, 0xAC9F, 0xAC9F, 0xAC9F, 0xAC9F,
  0xACBF, 0xACBF, 0xACBF, 0xACBF, 0xAC9F, 0xAC9F, 0xAC9F, 0xAC9F, 0xAC9F, 0xB49F, 0xAC9F, 0xAC7F, 0xAC7F, 0xAC5F, 0xB4BF, 0xD61E,
  0xAC9E, 0xB4DF, 0xCD7F, 0xC53F, 0xAC7F, 0xAC3F, 0xA41F, 0xA41F, 0xA3FF, 0xAC5F, 0xDE3F, 0xB4DF, 0x9BDE, 0xAC7F, 0xA41F, 0x937E,
  0xE6FF, 0xDEBF, 0xDE5F, 0x939E, 0x82FF, 0x8B1F, 0x82FF, 0x82FF, 0x82DE, 0x82FF, 0x7A9F, 0x833D, 0xD61F, 0xE6BF, 0xD67F, 0xE6DF,
  0xBD1E, 0x6A1E, 0xB4DE, 0xDEBF, 0xD67F, 0xDE9F, 0xDE9F, 0xDE9F, 0xDE9F, 0xDE7F, 0x93BE, 0x82DF, 0x82FE, 0x82DE, 0x82FE, 0x82FF,
  0x82DF, 0xA43E, 0xE6BF, 0xDE9F, 0xDE7F, 0xDE9F, 0xDE9F, 0xDE7F, 0xDE7F, 0xDE7F, 0xDE7F, 0xDE7F, 0xD65F, 0xD65F, 0xDE7F, 0xD65F,
  0xDE9F, 0xDE5F, 0xCDDF, 0xCDFF, 0xCDFF, 0xCDFF, 0xCDFF, 0xCDFF, 0xCDFF, 0xD61F, 0xCDDF, 0xC59F, 0xC5BF, 0xC59F, 0xC59F, 0xC59F,
  0xC59F, 0xC59F, 0xC59F, 0xC59F, 0xC59F, 0xC59F, 0xC59F, 0xC59F, 0xC59F, 0xC59F, 0xC59F, 0xC57F, 0xC57F, 0xC59F, 0xC57F, 0xC59F,
  0xC59F, 0xC59F, 0xC59F, 0xC57F, 0xC57F, 0xC59F, 0xC59F, 0xC59F, 0xC59F, 0xC59F, 0xC59F, 0xC59F, 0xC59F, 0xC59F, 0xC59F, 0xC59F,
  0xC59F, 0xC59F, 0xC59F, 0xC5BF, 0xC5BF, 0xC5BF, 0xC5BF, 0xC5DF, 0xC5DF, 0xC5DF, 0xC5DF, 0xCDDF, 0xCDDF, 0xCDDF, 0xCDDF, 0xCDDF,
  0xCDDF, 0xCDDF, 0xCDDF, 0xCDDF, 0xCDDF, 0xCDDF, 0xCDDF, 0xCDDF, 0xCDDF, 0xCDDF, 0xCDDF, 0xCDDF, 0xCDDF, 0xCDDF, 0xCDDF, 0xCDDF,
  0xCDDF, 0xCDDF, 0xCDDF, 0xCDDF, 0xCDDF, 0xCDDF, 0xCDFF, 0xDE7F, 0xE6FF, 0xE6FF, 0xE6DF, 0xDEBF, 0xE6BF, 0xE6BF, 0xE6BF, 0xDEBF,
  0xDE9F, 0xDE9F, 0xDE9F, 0xDE9F, 0xDE9F, 0xDE9F, 0xDE9F, 0xDE9F, 0xDE9F, 0xDE9F, 0xDE9F, 0xDE9F, 0xDE9F, 0xDE9F, 0xDE9F, 0xDE9F,
  0xDE9F, 0xDE9F, 0xDE7F, 0xDE9F, 0xDE9F, 0xDE9F, 0xDE9F, 0xDE9F, 0xDE9F, 0xDE7F, 0xDE7F, 0xDE9F, 0xDE9F, 0xDE9F, 0xDE7F, 0xD67F,
  0xDE9F, 0xDEBF, 0xE6DF, 0xDE5E, 0xC59E, 0xBD1E, 0xAC7F, 0xA45F, 0xAC7F, 0xAC7F, 0xAC9F, 0xAC9F, 0xAC9F, 0xAC7F, 0xAC9F, 0xAC9F,
  0xAC9F, 0xAC9F, 0xAC9F, 0xAC9F, 0xAC9F, 0xAC9F, 0xAC9F, 0xACBF, 0xACBF, 0xACBF, 0xACBF, 0xACBF, 0xAC9F, 0xAC9F, 0xAC9F, 0xAC9F,
  0xACBF, 0xACBF, 0xACBF, 0xACBF, 0xACBF, 0xAC9F, 0xAC9F, 0xACBF, 0xB4BF, 0xACBF, 0xAC9F, 0xAC7F, 0xAC9F, 0xAC9F, 0xAC3F, 0xBCFE,
  0xD5BE, 0x9BBE, 0xA3FF, 0xB4BF, 0xBCFF, 0xB49F, 0xA43F, 0xB49F, 0xAC7F, 0xA41E, 0xDE1F, 0xBD3F, 0xA3FF, 0x9BDF, 0x9BBE, 0x939F,
  0xDEDE, 0xDE9F, 0xE6BF, 0xC57E, 0x82FE, 0x8B1E, 0x82FE, 0x7ADF, 0x7ADE, 0x7ADE, 0x7ADF, 0x7ABE, 0x93BD, 0xDE7F, 0xDE9F, 0xDEBF,
  0xC59F, 0x6A3D, 0xBD5E, 0xDE9F, 0xDE7F, 0xDE9F, 0xDE7F, 0xD67F, 0xE6BF, 0xACBE, 0x7A9E, 0x82DF, 0x7ADE, 0x82DE, 0x82DE, 0x82DF,
  0x7ABE, 0xBD1E, 0xE6DF, 0xDE9F, 0xDE9F, 0xDE9F, 0xDE9F, 0xDE9F, 0xDE7F, 0xDE7F, 0xDE7F, 0xDE7F, 0xDE7F, 0xDE7F, 0xDE7F, 0xDE7F,
  0xDE7F, 0xE6BF, 0xD65F, 0xCDFF, 0xD61F, 0xCDFF, 0xCDFF, 0xCDFF, 0xCDFF, 0xD61F, 0xD63F, 0xCDDF, 0xC5BF, 0xCDBF, 0xC5BF, 0xC5BF,
  0xC5BF, 0xC5BF, 0xC5BF, 0xC5BF, 0xC5BF, 0xC59F, 0xC5BF, 0xC5BF, 0xC5BF, 0xC59F, 0xC59F, 0xC59F, 0xC5BF, 0xC5BF, 0xC5BF, 0xC5BF,
  0xC5BF, 0xC5BF, 0xC5BF, 0xC5BF, 0xC5BF, 0xC5BF, 0xC5BF, 0xC5BF, 0xC5BF, 0xC5BF, 0xC5BF, 0xC5BF, 0xC5BF, 0xC5BF, 0xC5BF, 0xC5BF,
  0xC5BF, 0xC5BF, 0xC5BF, 0xC5BF, 0xC5DF, 0xC5DF, 0xCDDF, 0xCDDF, 0xCDDF, 0xCDDF, 0xCDDF, 0xCDDF, 0xCDDF, 0xCDDF, 0xCDDF, 0xCDDF,
  0xCDDF, 0xCDDF, 0xCDDF, 0xCDDF, 0xCDDF, 0xCDDF, 0xCDDF, 0xCDDF, 0xCDDF, 0xCDDF, 0xCDDF, 0xCDFF, 0xCDFF, 0xCDDF, 0xCDDF, 0xCDDF,
  0xCDDF, 0xCDDF, 0xCDDF, 0xCDDF, 0xCDFF, 0xCDFF, 0xCDDF, 0xCDDF, 0xD61E, 0xDE9F, 0xE6FF, 0xE6DF, 0xE6DF, 0xE6DF, 0xE6DF, 0xE6DF,
  0xE6DF, 0xE6BF, 0xE6BF, 0xE6BF, 0xE6BF, 0xE6BF, 0xE6BF, 0xE6BF, 0xE6BF, 0xE6BF, 0xDEBF, 0xDEBF, 0xDEBF, 0xDEBF, 0xDEBF, 0xDEBF,
  0xDEBF, 0xDE9F, 0xDE9F, 0xDE9F, 0xDE9F, 0xDE9F, 0xDE9F, 0xDE9F, 0xDE9F, 0xDE9F, 0xDE9F, 0xDE9F, 0xDE9F, 0xDE9F, 0xE6BF, 0xE6DE,
  0xDE5E, 0xBD5E, 0xACBE, 0xA45F, 0xA43F, 0xA43F, 0xA43F, 0xA43F, 0xA43F, 0xA45F, 0xAC5F, 0xAC7F, 0xAC9F, 0xAC7F, 0xAC7F, 0xAC9F,
  0xAC9F, 0xAC9F, 0xAC9F, 0xAC9F, 0xAC9F, 0xAC9F, 0xACBF, 0xACBF, 0xACBF, 0xACBF, 0xACBF, 0xACBF, 0xAC9F, 0xAC9F, 0xACBF, 0xACBF,
  0xACBF, 0xACBF, 0xACBF, 0xB4BF, 0xB4BF, 0xAC9F, 0xAC9F, 0xACBF, 0xAC9F, 0xAC9F, 0xACBF, 0xAC9F, 0xAC9F, 0xAC7F, 0xAC9F, 0xAC7F,
  0xBD3F, 0xCDBE, 0x93BE, 0x939F, 0x9BFF, 0xAC7F, 0xAC7F, 0xAC9F, 0xBCFF, 0xB4BF, 0xD5FF, 0xCD9F, 0x9BFF, 0x937F, 0x939E, 0xA3FF,
  0xDEBE, 0xDEBF, 0xDE9F, 0xE6FF, 0xB4DE, 0x82BE, 0x82DF, 0x7ABF, 0x7ABF, 0x7ADE, 0x7ADE, 0x82DF, 0x7ABF, 0xA43E, 0xDE9F, 0xD65F,
  0xCDFF, 0x6A5C, 0xB4BE, 0xDEBF, 0xDE9F, 0xDE9F, 0xDE9F, 0xDE9F, 0xD5FF, 0x7ABD, 0x7A7F, 0x7ABE, 0x7ABE, 0x7ABE, 0x82BE, 0x7ABE,
  0x82FD, 0xD5FF, 0xDE9F, 0xDE9F, 0xDE9F, 0xDE9F, 0xDE9F, 0xDE9F, 0xDE9F, 0xDE9F, 0xDE9F, 0xDE9F, 0xDE9F, 0xDE9F, 0xDE9F, 0xDE9F,
  0xDE7F, 0xDE9F, 0xE6BF, 0xD63F, 0xD61F, 0xD61F, 0xD61F, 0xD61F, 0xD61F, 0xD61F, 0xD63F, 0xD65F, 0xCDFF, 0xCDDF, 0xCDBF, 0xCDBF,
  0xCDDF, 0xCDDF, 0xCDDF, 0xCDDF, 0xCDBF, 0xCDBF, 0xCDBF, 0xCDBF, 0xCDBF, 0xCDBF, 0xC5BF, 0xC5BF, 0xC5BF, 0xCDBF, 0xCDBF, 0xCDBF,
  0xCDBF, 0xCDBF, 0xCDBF, 0xCDBF, 0xCDBF, 0xCDBF, 0xCDBF, 0xCDBF, 0xCDBF, 0xCDBF, 0xC5BF, 0xCDBF, 0xCDBF, 0xC5BF, 0xC5BF, 0xCDBF,
  0xCDDF, 0xCDDF, 0xCDDF, 0xCDDF, 0xCDDF, 0xCDDF, 0xCDDF, 0xCDDF, 0xCDDF, 0xCDDF, 0xCDDF, 0xCDDF, 0xCDDF, 0xCDDF, 0xCDDF, 0xCDDF,
  0xCDDF, 0xCDDF, 0xCDDF, 0xCDDF, 0xCDDF, 0xCDDF, 0xCDFF, 0xCDFF, 0xCDFF, 0xCDDF, 0xCDDF, 0xCDDF, 0xCDFF, 0xCDFF, 0xCDDF, 0xCDDF,
  0xCDDF, 0xCDDF, 0xCDDF, 0xCDDF, 0xCDDF, 0xCDFF, 0xCDFF, 0xCDFF, 0xCDFF, 0xCDDF, 0xD63F, 0xE6BF, 0xEF1F, 0xE6FF, 0xE6DF, 0xE6DF,
  0xE6DF, 0xE6DF, 0xE6DF, 0xE6DF, 0xE6DF, 0xE6DF, 0xE6DF, 0xE6DF, 0xE6DF, 0xE6BF, 0xE6DF, 0xE6BF, 0xE6BF, 0xE6BF, 0xE6BF, 0xE6BF,
  0xE6BF, 0xE6BF, 0xDEBF, 0xDEBF, 0xE6BF, 0xE6BF, 0xE6BF, 0xDEBF, 0xDEBF, 0xDE9F, 0xDE9F, 0xDEBF, 0xE6FF, 0xDEBF, 0xCDBE, 0xB4DE,
  0x9BFE, 0x93BF, 0x9BDF, 0x9BFF, 0x9BFF, 0x9BFF, 0x9BDF, 0x9BDF, 0x9BDF, 0x9BFF, 0x9BFF, 0xA41F, 0xA41F, 0xA45F, 0xAC7F, 0xAC7F,
  0xAC7F, 0xAC7F, 0xAC7F, 0xAC9F, 0xACBF, 0xACBF, 0xACBF, 0xACBF, 0xACBF, 0xACBF, 0xACBF, 0xACBF, 0xACBF, 0xB4BF, 0xACBF, 0xB4BF,
  0xB4BF, 0xB4BF, 0xB4BF, 0xB4BF, 0xB4BF, 0xB4BF, 0xACBF, 0xACBF, 0xAC9F, 0xAC9F, 0xAC9F, 0xAC9F, 0xAC9F, 0xAC9F, 0xB4BF, 0xB4BF,
  0xAC9F, 0xC55E, 0xC57E, 0x8B7F, 0x8B5F, 0x937E, 0x9BDF, 0xAC5F, 0xB4FF, 0xB4FF, 0xCDBE, 0xDE3F, 0x9BFE, 0x8B3F, 0x9BBF, 0xB49F,
  0xDEBE, 0xDEBF, 0xDEBF, 0xE6DF, 0xE6FF, 0xA45D, 0x725E, 0x7A9E, 0x7ABF, 0x7ABF, 0x7ABE, 0x7ABE, 0x7ABF, 0x725E, 0xB4FE, 0xD65F,
  0xD63F, 0x831D, 0xA43E, 0xE6FF, 0xDE9F, 0xDE9F, 0xD67F, 0xE6BF, 0xAC7E, 0x6A3E, 0x727E, 0x727E, 0x7A9E, 0x7ABE, 0x82DE, 0x7A9E,
  0xAC7E, 0xE6BF, 0xDE7F, 0xDE9F, 0xDE9F, 0xDE9F, 0xDE9F, 0xDE9F, 0xDE9F, 0xDE9F, 0xDE9F, 0xDE9F, 0xDE9F, 0xDE9F, 0xDE9F, 0xDE9F,
  0xDE9F, 0xDE9F, 0xE6BF, 0xE6DF, 0xD63E, 0xD63F, 0xD63F, 0xD63F, 0xD63F, 0xD63F, 0xD63F, 0xD65F, 0xDE5F, 0xCDDF, 0xCDDF, 0xCDDF,
  0xCDDF, 0xCDFF, 0xCDFF, 0xCDDF, 0xCDDF, 0xCDDF, 0xCDDF, 0xCDDF, 0xCDDF, 0xCDDF, 0xCDDF, 0xCDDF, 0xCDDF, 0xCDDF, 0xCDDF, 0xCDDF,
  0xCDDF, 0xCDDF, 0xCDDF, 0xCDDF, 0xCDDF, 0xCDDF, 0xCDDF, 0xCDDF, 0xCDDF, 0xCDDF, 0xCDDF, 0xCDDF, 0xCDDF, 0xCDDF, 0xCDDF, 0xCDDF,
  0xCDDF, 0xCDDF, 0xCDDF, 0xCDDF, 0xCDDF, 0xCDDF, 0xCDDF, 0xCDDF, 0xCDDF, 0xCDFF, 0xCDDF, 0xCDFF, 0xCDFF, 0xCDFF, 0xCDFF, 0xCDFF,
  0xCDFF, 0xCDFF, 0xCDFF, 0xCDFF, 0xCDFF, 0xCDFF, 0xCDFF, 0xCDFF, 0xCDFF, 0xCDFF, 0xCDFF, 0xCDFF, 0xCDFF, 0xCDFF, 0xCDFF, 0xCDDF,
  0xCDDF, 0xCDDF, 0xCDDF, 0xCDDF, 0xCDDF, 0xCDDF, 0xCDFF, 0xCDFF, 0xCDFF, 0xCDFF, 0xCDDF, 0xCDDF, 0xD65F, 0xE6DF, 0xEF1F, 0xE6FF,
  0xE6FF, 0xE6DF, 0xE6DF, 0xE6DF, 0xE6DF, 0xE6DF, 0xE6DF, 0xE6DF, 0xE6DF, 0xE6DF, 0xE6DF, 0xE6DF, 0xE6DF, 0xE6DF, 0xE6DF, 0xE6DF,
  0xE6DF, 0xE6DF, 0xE6DF, 0xE6DF, 0xE6BF, 0xE6BF, 0xE6BF, 0xDEBF, 0xDEBF, 0xE6DF, 0xE6FF, 0xDE5E, 0xC55E, 0xA45E, 0x9BDF, 0x9BDF,
  0x9BFF, 0x9C1F, 0x9C1F, 0x9BFF, 0x9BFF, 0x9BFF, 0x9BFF, 0x9BFF, 0x9BFF, 0x9C1F, 0x9C1F, 0x9BFF, 0x9BFF, 0x9C1F, 0xAC7F, 0xAC7F,
  0xAC7F, 0xAC7F, 0xAC7F, 0xAC9F, 0xACBF, 0xB4BF, 0xACBF, 0xACBF, 0xB4BF, 0xB4BF, 0xACBF, 0xACBF, 0xB4BF, 0xB4BF, 0xB4DF, 0xB4DF,
  0xB4DF, 0xB4DF, 0xB4BF, 0xB4BF, 0xB4BF, 0xB4BF, 0xB4BF, 0xACBF, 0xAC9F, 0xAC9F, 0xAC9F, 0xAC9F, 0xA43F, 0x9BFF, 0xA41F, 0xAC9F,
  0xBCDF, 0xB4DF, 0xC59F, 0xB4FF, 0x831E, 0x8B3F, 0x8B3F, 0x937F, 0xAC5F, 0xBD1F, 0xBD3F, 0xDE3E, 0xA43E, 0x8B3E, 0xAC3F, 0xB4DF,
  0xDEDE, 0xDEBF, 0xE6BF, 0xDEBF, 0xDEBF, 0xDEBF, 0xA45E, 0x725D, 0x7A9F, 0x7ADF, 0x7ABE, 0x7A9E, 0x729E, 0x723F, 0x82FE, 0xD63F,
  0xE6DF, 0x9C1D, 0x93BD, 0xEF1F, 0xDE9F, 0xDE7F, 0xDE9F, 0xDE5F, 0x82FE, 0x723E, 0x725E, 0x727E, 0x7A7E, 0x7ABE, 0x7ABE, 0x8B5E,
  0xDE7F, 0xDEBF, 0xDE9F, 0xDE9F, 0xDE9F, 0xDE9F, 0xDE9F, 0xDE9F, 0xDE9F, 0xDE9F, 0xDE9F, 0xDE9F, 0xDE9F, 0xDE9F, 0xDE9F, 0xDEBF,
  0xDE9F, 0xDE9F, 0xDE9F, 0xE6DF, 0xE6DF, 0xD63F, 0xD63F, 0xD63F, 0xD63F, 0xD63F, 0xD65F, 0xD65F, 0xDE5F, 0xDE5F, 0xCDFF, 0xCDFF,
  0xCDFF, 0xCDFF, 0xCDFF, 0xCDFF, 0xCDFF, 0xCDFF, 0xCDFF, 0xCDFF, 0xCDFF, 0xCDFF, 0xCDFF, 0xCDFF, 0xCDFF, 0xCDFF, 0xCDFF, 0xCDFF,
  0xCDFF, 0xCDFF, 0xCDFF, 0xCDFF, 0xCDFF, 0xCDFF, 0xCDDF, 0xCDDF, 0xCDDF, 0xCDDF, 0xCDDF, 0xCDFF, 0xCDDF, 0xCDDF, 0xCDDF, 0xCDFF,
  0xCDDF, 0xCDFF, 0xCDFF, 0xCDFF, 0xCDDF, 0xCDFF, 0xCDFF, 0xCDFF, 0xCDFF, 0xCDFF, 0xCDFF, 0xCDFF, 0xCDFF, 0xCDFF, 0xCDFF, 0xCDFF,
  0xCDFF, 0xCDFF, 0xCDFF, 0xCDFF, 0xCDFF, 0xCDFF, 0xCDFF, 0xCDFF, 0xCDFF, 0xCDFF, 0xCDFF, 0xCDFF, 0xCDFF, 0xCDFF, 0xCDFF, 0xCDFF,
  0xCDFF, 0xCDFF, 0xCDDF, 0xCDDF, 0xCDDF, 0xCDDF, 0xCDFF, 0xCDFF, 0xCDFF, 0xCDFF, 0xCDFF, 0xCDFF, 0xCDFF, 0xCDFF, 0xD65E, 0xDEBF,
  0xE71F, 0xE71F, 0xE6FF, 0xE6DF, 0xE6FF, 0xE6DF, 0xE6FF, 0xE6DF, 0xE6DF, 0xE6DF, 0xE6DF, 0xE6DF, 0xE6DF, 0xE6DF, 0xE6DF, 0xE6DF,
  0xE6DF, 0xE6DF, 0xE6DF, 0xE6DF, 0xE6DF, 0xDEBF, 0xDEDF, 0xE6FF, 0xE6FF, 0xD63E, 0xBD1E, 0x9C1F, 0x9BDF, 0x9BFF, 0xA41F, 0x9C1F,
  0x9C1F, 0x9C1F, 0x9BFF, 0x9BFF, 0x9BFF, 0x9BFF, 0x9BFF, 0x9BFF, 0x9BFF, 0x9C1F, 0x9C1F, 0x9BFF, 0x9C1F, 0x9C1F, 0xAC7F, 0xAC9F,
  0xAC7F, 0xAC7F, 0xAC9F, 0xAC9F, 0xACBF, 0xB4BF, 0xB4BF, 0xB4BF, 0xB4BF, 0xB4BF, 0xB4BF, 0xB4BF, 0xB4DF, 0xB4BF, 0xB4DF, 0xB4BF,
  0xB4BF, 0xB4BF, 0xB4BF, 0xB4BF, 0xB4BF, 0xB4BF, 0xB4BF, 0xACBF, 0xAC9F, 0xACBF, 0xB4BF, 0xAC7F, 0x9BDE, 0xA3FF, 0x9BDF, 0x9B9F,
  0x9BBF, 0xA41F, 0xAC7F, 0xC55F, 0xAC5F, 0x8B1F, 0x8B5F, 0x935F, 0x937E, 0xAC5F, 0xB49F, 0xD5FE, 0xB49E, 0x937F, 0xB4BF, 0xB4DF,
  0xE6DE, 0xDEBF, 0xE6BF, 0xDEBF, 0xDE9F, 0xDE9F, 0xE6BF, 0xBD5E, 0x8B5D, 0x7A9E, 0x7A9F, 0x7A9F, 0x7A9E, 0x7A7E, 0x725E, 0xB4DE,
  0xEF3F, 0xB4FE, 0x82FD, 0xE69F, 0xDE9F, 0xDE7F, 0xDEBF, 0xC57E, 0x6A1D, 0x723E, 0x725E, 0x725E, 0x727E, 0x7A9E, 0x7ABD, 0xC5BE,
  0xE6FF, 0xDEBF, 0xDE9F, 0xDE9F, 0xDE9F, 0xDE9F, 0xDEBF, 0xE6DF, 0xE6DF, 0xE6BF, 0xE6DF, 0xDEBF, 0xDE9F, 0xDE9F, 0xDEBF, 0xDEBF,
  0xDEBF, 0xDEBF, 0xDEBF, 0xDE9F, 0xE6FF, 0xE6BE, 0xD65F, 0xD65F, 0xD65F, 0xD65F, 0xD65F, 0xD65F, 0xD65F, 0xDE7F, 0xDE7F, 0xCE1F,
  0xCE1F, 0xCE1F, 0xCDFF, 0xCDFF, 0xCDFF, 0xCE1F, 0xCDFF, 0xCDFF, 0xCDFF, 0xCDFF, 0xCDFF, 0xCDFF, 0xCDFF, 0xCDFF, 0xCDFF, 0xCDFF,
  0xCDFF, 0xCDFF, 0xCDFF, 0xCDFF, 0xCDFF, 0xCDFF, 0xCDFF, 0xCDFF, 0xCDFF, 0xCDFF, 0xCDFF, 0xCDFF, 0xCDFF, 0xCDFF, 0xCDFF, 0xCDFF,
  0xCDFF, 0xCDFF, 0xCDFF, 0xCDFF, 0xCDFF, 0xCDFF, 0xCDFF, 0xCDFF, 0xCDFF, 0xCDFF, 0xCDFF, 0xCDFF, 0xCDFF, 0xCDFF, 0xCDFF, 0xCDFF,
  0xCDFF, 0xCDFF, 0xCDFF, 0xCDFF, 0xCDFF, 0xCDFF, 0xCDFF, 0xCDFF, 0xCDFF, 0xCDFF, 0xCDFF, 0xCDFF, 0xCDFF, 0xCDFF, 0xCDFF, 0xCDFF,
  0xCDFF, 0xCDFF, 0xCDFF, 0xCDDF, 0xCDDF, 0xCDDF, 0xCDDF, 0xCDDF, 0xCDFF, 0xCDFF, 0xCDFF, 0xCDFF, 0xCDFF, 0xCDFF, 0xCDFF, 0xCDDF,
  0xD63F, 0xDEBF, 0xE71F, 0xEF1F, 0xE6FF, 0xE6FF, 0xE6FF, 0xE6DF, 0xE6DF, 0xE6DF, 0xE6DF, 0xE6FF, 0xE6FF, 0xE6DF, 0xE6DF, 0xE6DF,
  0xE6DF, 0xE6DF, 0xE6DF, 0xE6DF, 0xE6DF, 0xEF1F, 0xE6DF, 0xCDFE, 0xB4DE, 0x9C1F, 0x9BFF, 0xA43F, 0xA43F, 0xA41F, 0x9C1F, 0x9C1F,
  0xA41F, 0x9C1F, 0x9C1F, 0x9BFF, 0x9BFF, 0x9BFF, 0x9BFF, 0x9C1F, 0x9C1F, 0x9C1F, 0x9BFF, 0x9BFF, 0x9BFF, 0xA43F, 0xAC9F, 0xAC9F,
  0xAC9F, 0xAC9F, 0xAC9F, 0xAC9F, 0xAC9F, 0xB4BF, 0xB4DF, 0xB4FF, 0xB4FF, 0xB4FF, 0xB4FF, 0xBD1F, 0xBD1F, 0xBD1F, 0xBD1F, 0xBD3F,
  0xBD3F, 0xBD3F, 0xBD1F, 0xB4FF, 0xB4DF, 0xB4FF, 0xB4FF, 0xB4FF, 0xB4DF, 0xB4BF, 0xB4BF, 0xB4BF, 0xA43F, 0xA41F, 0xA43F, 0xA41F,
  0x9BDF, 0x937F, 0x935F, 0xA41F, 0xC53F, 0xAC7F, 0x937F, 0x935F, 0x935F, 0x935F, 0x937F, 0xC55F, 0xBD3E, 0xA3FF, 0xB4BF, 0xB4BF,
  0xE6FF, 0xE6BF, 0xE6BF, 0xE69F, 0xDEBF, 0xDE9F, 0xDE9F, 0xE6FF, 0xDE9F, 0xACBE, 0x82FD, 0x6A3E, 0x725F, 0x7A7E, 0x7A7F, 0x833D,
  0xDE9F, 0xC5BF, 0x6A3D, 0xC59F, 0xDEBF, 0xDE7F, 0xE6BF, 0xAC7E, 0x61DE, 0x723F, 0x725E, 0x725E, 0x725F, 0x723D, 0xB4DE, 0xEF1F,
  0xDEBF, 0xDEBF, 0xDEBF, 0xDE9F, 0xDE9F, 0xDEBF, 0xDE7F, 0xC59F, 0xB4BE, 0xA45E, 0xBD3E, 0xE6BF, 0xDEBF, 0xDEBF, 0xDEBF, 0xDEBF,
  0xDEBF, 0xE6BF, 0xE6BF, 0xE6BF, 0xDEBF, 0xEF1F, 0xE6BF, 0xD65F, 0xDE7F, 0xD65F, 0xD65F, 0xD65F, 0xDE7F, 0xD65F, 0xDE9F, 0xDE9F,
  0xCE1F, 0xD61F, 0xD61F, 0xD61F, 0xD61F, 0xD61F, 0xD61F, 0xD61F, 0xD61F, 0xD61F, 0xD61F, 0xD61F, 0xD61F, 0xD61F, 0xD61F, 0xD61F,
  0xD61F, 0xD61F, 0xCDFF, 0xCDFF, 0xCE1F, 0xCE1F, 0xCE1F, 0xCE1F, 0xCE1F, 0xCE1F, 0xCE1F, 0xCDFF, 0xCDFF, 0xCDFF, 0xCDFF, 0xCE1F,
  0xCDFF, 0xCDFF, 0xCDFF, 0xCDFF, 0xCDFF, 0xCDFF, 0xCE1F, 0xCE1F, 0xCDFF, 0xCDFF, 0xCDFF, 0xCE1F, 0xCE1F, 0xCE1F, 0xCE1F, 0xCE1F,
  0xCE1F, 0xCE1F, 0xCE1F, 0xCE1F, 0xCDFF, 0xCE1F, 0xCDFF, 0xCDFF, 0xCDFF, 0xCDFF, 0xCDFF, 0xCDFF, 0xCDFF, 0xCDFF, 0xCDFF, 0xCDFF,
  0xCDFF, 0xCDFF, 0xCDFF, 0xCDFF, 0xCDDF, 0xCDFF, 0xCDFF, 0xCDFF, 0xCDFF, 0xCDFF, 0xCDFF, 0xCDFF, 0xCDFF, 0xCDFF, 0xCDFF, 0xCDFF,
  0xCDFF, 0xCDFF, 0xD61F, 0xDE7F, 0xE6DF, 0xEEFF, 0xEEFF, 0xE6FF, 0xE6FF, 0xE6FF, 0xE6FF, 0xE6FF, 0xE6FF, 0xE6FF, 0xE6FF, 0xE6FE,
  0xE6FF, 0xE6DF, 0xE6FF, 0xEF1F, 0xE6DF, 0xCDFE, 0xAC9E, 0x9C1E, 0xA41E, 0xA43F, 0xA43F, 0xA43F, 0xA43F, 0xA43F, 0xA43F, 0xA41F,
  0xA41F, 0xA41F, 0x9C1F, 0x9C1F, 0x9C1F, 0x9C1F, 0x9C1F, 0x9C1F, 0x9C1F, 0x9C1F, 0x9C1F, 0x9C1F, 0x9C1F, 0xAC7F, 0xAC9F, 0xAC9F,
  0xAC9F, 0xACBF, 0xB4DF, 0xB4FF, 0xBD1F, 0xBD3F, 0xBD5F, 0xBD5F, 0xBD5F, 0xBD5F, 0xC57F, 0xC57F, 0xC57F, 0xC55F, 0xBD3F, 0xBD1F,
  0xB4FF, 0xACBF, 0xAC7F, 0xAC5F, 0xA45F, 0xAC7F, 0xAC9F, 0xB4BF, 0xB4FF, 0xB4FF, 0xB4FE, 0xBD1E, 0xBD3F, 0xACBE, 0xA45F, 0x9C1F,
  0x9BFF, 0x9BFF, 0x9BBF, 0x8B3E, 0xA41E, 0xCD5F, 0xAC7F, 0x935E, 0x8B3F, 0x8B3F, 0x82FF, 0xAC5E, 0xCD7E, 0xAC5F, 0xB49F, 0xB4BE,
  0xE6FF, 0xE6BF, 0xE6BF, 0xE6BF, 0xE69F, 0xE6BF, 0xDEBF, 0xDEBF, 0xE6BF, 0xE6DF, 0xD61F, 0xA47D, 0x835D, 0x7ABE, 0x7A7E, 0x6A3E,
  0xB4DE, 0xD65F, 0x6A3D, 0xAC9E, 0xE6DF, 0xDE9F, 0xE6DF, 0x9BDE, 0x61BE, 0x723E, 0x725E, 0x725E, 0x69FE, 0x9C1D, 0xE6DF, 0xDEBF,
  0xDEBF, 0xDEBF, 0xDE9F, 0xE6BF, 0xDE9F, 0xBD3E, 0x9BDE, 0x937E, 0x937F, 0x937F, 0x937E, 0xCDDF, 0xE6DF, 0xDEBF, 0xE6BF, 0xE6BF,
  0xE6BF, 0xE6BF, 0xE6BF, 0xE6BF, 0xE6BF, 0xE6BF, 0xEF1F, 0xDEBF, 0xD65F, 0xDE7F, 0xDE7F, 0xDE7F, 0xDE7F, 0xDE7F, 0xDE7F, 0xDE9F,
  0xDE9F, 0xD63F, 0xD63F, 0xD63F, 0xD63F, 0xD63F, 0xD63F, 0xD63F, 0xD63F, 0xD63F, 0xD63F, 0xD63F, 0xD63F, 0xD63F, 0xD63F, 0xD61F,
  0xD61F, 0xD61F, 0xD61F, 0xD61F, 0xD61F, 0xD61F, 0xCE1F, 0xCE1F, 0xCE1F, 0xCE1F, 0xCE1F, 0xCE1F, 0xCE1F, 0xCE1F, 0xCE1F, 0xCE1F,
  0xCE1F, 0xCE1F, 0xCE1F, 0xCDFF, 0xCE1F, 0xCE1F, 0xCE1F, 0xCE1F, 0xCE1F, 0xCE1F, 0xCE1F, 0xCE1F, 0xD61F, 0xCE1F, 0xCE1F, 0xCE1F,
  0xCE1F, 0xCE1F, 0xCE1F, 0xCE1F, 0xCE1F, 0xCE1F, 0xCE1F, 0xCE1F, 0xCE1F, 0xCE1F, 0xCE1F, 0xCE1F, 0xCDFF, 0xCDFF, 0xCDFF, 0xCDFF,
  0xCDFF, 0xCDFF, 0xCDFF, 0xCDFF, 0xCDFF, 0xCDFF, 0xCDFF, 0xCDFF, 0xCDFF, 0xCDFF, 0xCDFF, 0xCDFF, 0xCDFF, 0xCDFF, 0xCDFF, 0xCE1F,
  0xCE1F, 0xCDFF, 0xCDFF, 0xCDFF, 0xCE1F, 0xD63F, 0xDE9F, 0xE6DF, 0xE6FF, 0xEF1F, 0xEEFF, 0xE6FF, 0xE6FF, 0xE6FF, 0xE6FF, 0xE6DF,
  0xE6FF, 0xEF1F, 0xE6DE, 0xCDDE, 0xAC9F, 0xA41F, 0xA43F, 0xA43F, 0xA43F, 0xA43F, 0xA43F, 0xA43F, 0xA43F, 0xA43F, 0xA43F, 0xA43F,
  0xA43F, 0xA43F, 0xA43F, 0x9C1F, 0x9C1F, 0x9C1F, 0x9C1F, 0x9C1F, 0xA41F, 0xA41F, 0xA41F, 0x9C1F, 0xA43F, 0xAC9F, 0xACBF, 0xB4DF,
  0xBD1F, 0xBD3F, 0xC55F, 0xBD5F, 0xBD3F, 0xBD3F, 0xBD1F, 0xBD3F, 0xBD3F, 0xBD1F, 0xB4FE, 0xACBE, 0xAC7E, 0xA47F, 0xA45F, 0xA43F,
  0x9C1F, 0x9C1F, 0x9C1F, 0xA41F, 0xA41F, 0xA41F, 0xA41F, 0xA41F, 0xA41F, 0xA41F, 0xA43E, 0xA45E, 0xACBF, 0xBD1F, 0xBD1E, 0xB4DE,
  0xB4BF, 0xA45F, 0x9BFF, 0x9BDF, 0x937F, 0xAC5E, 0xC51F, 0xA3FF, 0x831F, 0x8B1F, 0x8B1F, 0x9BBE, 0xBD1E, 0xAC7F, 0xAC7F, 0xAC7E,
  0xE6FF, 0xE6DF, 0xE6DF, 0xDEBF, 0xE6BF, 0xE6BF, 0xDEBF, 0xDEBF, 0xDEBF, 0xDE9F, 0xDE9F, 0xE6BF, 0xDE9F, 0xD61F, 0xB4FE, 0x937E,
  0x6A1D, 0xC55F, 0x831E, 0x93BE, 0xE6DF, 0xDEBF, 0xE6DF, 0x939E, 0x69DE, 0x725E, 0x723F, 0x69DE, 0x9BDD, 0xDE9F, 0xDE9F, 0xDE9F,
  0xDEBF, 0xDE9F, 0xE6FF, 0xDE7F, 0xA43E, 0x831E, 0x8B5F, 0x939F, 0x93BF, 0x9B9F, 0x935F, 0xC59F, 0xE6FF, 0xDEBF, 0xE6BF, 0xE6BF,
  0xE6BF, 0xE6BF, 0xE6DF, 0xE6DF, 0xE6BF, 0xE6DF, 0xE6DF, 0xEF1F, 0xDE9F, 0xDE7F, 0xDE7F, 0xDE7F, 0xDE7F, 0xDE7F, 0xDE7F, 0xD67F,
  0xDE9F, 0xDEBF, 0xD65F, 0xD63F, 0xD63F, 0xD63F, 0xD63F, 0xD63F, 0xD63F, 0xD63F, 0xD63F, 0xD63F, 0xD63F, 0xD63F, 0xD63F, 0xD63F,
  0xD63F, 0xD63F, 0xD63F, 0xD63F, 0xD63F, 0xD63F, 0xD63F, 0xD63F, 0xD63F, 0xD63F, 0xD63F, 0xD61F, 0xD61F, 0xD63F, 0xD63F, 0xD61F,
  0xD61F, 0xD61F, 0xCE1F, 0xD61F, 0xD61F, 0xD61F, 0xD61F, 0xD61F, 0xD61F, 0xD61F, 0xD63F, 0xD61F, 0xD61F, 0xD61F, 0xD61F, 0xD61F,
  0xCE1F, 0xD61F, 0xD61F, 0xD61F, 0xD61F, 0xCE1F, 0xCE1F, 0xD61F, 0xCE1F, 0xCE1F, 0xCE1F, 0xCE1F, 0xCE1F, 0xCE1F, 0xCDFF, 0xCDFF,
  0xCDFF, 0xCDFF, 0xCDFF, 0xCDFF, 0xCDFF, 0xCDFF, 0xCDFF, 0xCDFF, 0xCDFF, 0xCDFF, 0xCDFF, 0xCDFF, 0xCDFF, 0xCDFF, 0xCDFF, 0xCE1F,
  0xCE1F, 0xCE1F, 0xCE1F, 0xCE1F, 0xCE1F, 0xCE1F, 0xCE1F, 0xD61F, 0xD63F, 0xDE7F, 0xE6BF, 0xE6DF, 0xE6FF, 0xE6FF, 0xE6FF, 0xEF3F,
  0xEF1E, 0xCDFE, 0xACBE, 0xA43E, 0xA45F, 0xA47F, 0xA45F, 0xA45F, 0xA45F, 0xA45F, 0xA45F, 0xA45F, 0xA45F, 0xA45F, 0xA43F, 0xA43F,
  0xA43F, 0xA43F, 0xA43F, 0xA43F, 0xA43F, 0xA43F, 0xA43F, 0xA41F, 0xA41F, 0x9C1F, 0x9C1F, 0xA43F, 0xB4DF, 0xBD1F, 0xBD5F, 0xBD5F,
  0xBD3F, 0xBD3F, 0xBD3F, 0xBD3F, 0xBD3F, 0xBD3F, 0xB51F, 0xB4DF, 0xAC7F, 0xA45F, 0xA45F, 0xA45F, 0xA45F, 0xA45F, 0xA45F, 0xA45F,
  0xA43F, 0xA43F, 0xA43F, 0xA43F, 0xA43F, 0xA43F, 0xA43F, 0xA45F, 0xA43F, 0xA43F, 0xA41F, 0xA41F, 0x9BFF, 0xA41F, 0xA43F, 0xA45F,
  0xACBE, 0xBD1E, 0xB4FE, 0xAC9E, 0xA41F, 0x8B5E, 0xA41F, 0xB49F, 0x937E, 0x8B1F, 0x8B3F, 0x935F, 0xAC7F, 0xAC7F, 0xAC7F, 0xAC7F,
  0xE6DE, 0xE6BF, 0xE6BF, 0xE6BF, 0xE6BF, 0xDEBF, 0xE6BF, 0xE6BF, 0xDEBF, 0xDE9F, 0xDE9F, 0xDE9F, 0xDEBF, 0xE6DF, 0xE6DF, 0xDE9F,
  0x9C1E, 0x6A7C, 0x82FE, 0x8B3E, 0xE6DF, 0xDEBF, 0xE6FF, 0x93BE, 0x721E, 0x725E, 0x69FD, 0xA43E, 0xDE9F, 0xD67F, 0xDE9F, 0xDE9F,
  0xDE9F, 0xE6FF, 0xD61F, 0x9BDE, 0x8B3F, 0x8B7F, 0x8B7F, 0x937F, 0x939F, 0x937F, 0x937E, 0xD63F, 0xE6FF, 0xE6BF, 0xE6DF, 0xE6DF,
  0xE6DF, 0xE6DF, 0xE6DF, 0xE6DF, 0xE6DF, 0xE6DF, 0xE6DF, 0xE6DF, 0xEF1F, 0xE6BF, 0xDE7F, 0xDE7F, 0xDE7F, 0xDE7F, 0xDE7F, 0xDE7F,
  0xDE7F, 0xDE9F, 0xE6DF, 0xD67F, 0xD63F, 0xD65F, 0xD65F, 0xD63F, 0xD63F, 0xD63F, 0xD63F, 0xD63F, 0xD63F, 0xD63F, 0xD63F, 0xD63F,
  0xD63F, 0xD63F, 0xD63F, 0xD63F, 0xD63F, 0xD63F, 0xD63F, 0xD63F, 0xD63F, 0xD63F, 0xD63F, 0xD63F, 0xD63F, 0xD63F, 0xD63F, 0xD63F,
  0xD63F, 0xD63F, 0xD63F, 0xD63F, 0xD63F, 0xD63F, 0xD63F, 0xD63F, 0xD63F, 0xD63F, 0xD63F, 0xD63F, 0xD63F, 0xD63F, 0xD63F, 0xD63F,
  0xD63F, 0xD63F, 0xD63F, 0xD63F, 0xD63F, 0xD61F, 0xD61F, 0xD61F, 0xD61F, 0xCE1F, 0xCE1F, 0xD61F, 0xCE1F, 0xCE1F, 0xCE1F, 0xCE1F,
  0xCE1F, 0xCDFF, 0xCDFF, 0xCE1F, 0xCDFF, 0xCDFF, 0xCDFF, 0xCDFF, 0xCDFF, 0xCDFF, 0xCDFF, 0xCDFF, 0xCDFF, 0xCDFF, 0xCE1F, 0xCE1F,
  0xCE1F, 0xCE1F, 0xCE1F, 0xCE1F, 0xCE1F, 0xCE1F, 0xCE1F, 0xD61F, 0xD61F, 0xD61F, 0xCE1F, 0xCE1F, 0xCE1F, 0xD65F, 0xDEBE, 0xD65E,
  0xB4FE, 0xA45F, 0xA47F, 0xAC7F, 0xA47F, 0xA47F, 0xA47F, 0xA45F, 0xA45F, 0xA45F, 0xA45F, 0xA45F, 0xA45F, 0xA45F, 0xA45F, 0xA45F,
  0xA45F, 0xA45F, 0xA45F, 0xA45F, 0xA45F, 0xA43F, 0xA43F, 0x9C1F, 0x9C1F, 0xA45E, 0xB4DE, 0xBD5F, 0xBD5F, 0xBD3F, 0xBD1F, 0xBD1F,
  0xBD1F, 0xBD1F, 0xBD3F, 0xBD3F, 0xB51F, 0xACBE, 0xA47F, 0xA45F, 0xA45F, 0xAC7F, 0xAC7F, 0xAC7F, 0xAC7F, 0xA47F, 0xAC7F, 0xA45F,
  0xA45F, 0xA45F, 0xA45F, 0xA45F, 0xA45F, 0xA45F, 0xA45F, 0xA45F, 0xA45F, 0xA43F, 0xA43F, 0xA43F, 0xA43F, 0xA43F, 0xA43F, 0xA43F,
  0xA41F, 0xA41F, 0xA45F, 0xB4BE, 0xBCFF, 0xAC7F, 0x939E, 0xAC5F, 0xA43F, 0x937E, 0x933F, 0x935F, 0xA41F, 0xAC5F, 0xAC5F, 0xB49E,
  0xDEDE, 0xE6BF, 0xE6BF, 0xE6BF, 0xE6BF, 0xE6BF, 0xDEBF, 0xE6BF, 0xDEBF, 0xDE9F, 0xDE9F, 0xDE9F, 0xDE9F, 0xDE9F, 0xDE9F, 0xD67F,
  0xDE9F, 0x9C5D, 0x61FE, 0x7ABD, 0xD63F, 0xDEBF, 0xE6DF, 0x93BD, 0x7A3F, 0x727E, 0xB4DE, 0xDE9F, 0xD67F, 0xDE7F, 0xDE9F, 0xD67F,
  0xDEBF, 0xCDDE, 0x8B7E, 0x8B5F, 0x937F, 0x8B5F, 0x8B5F, 0x8B5E, 0x939F, 0x8B5F, 0xACBE, 0xE6DF, 0xDEBF, 0xE6DF, 0xE6DF, 0xE6DF,
  0xE6DF, 0xE6DF, 0xE6DF, 0xE6DF, 0xE6DF, 0xE6DF, 0xE6DF, 0xE6DF, 0xE6DF, 0xEF1F, 0xE6DF, 0xDE9F, 0xDE9F, 0xDE9F, 0xDE7F, 0xDE9F,
  0xDE9F, 0xDE9F, 0xDE9F, 0xE6DF, 0xDE9F, 0xD65F, 0xD65F, 0xD65F, 0xD65F, 0xD65F, 0xD63F, 0xD63F, 0xD63F, 0xD63F, 0xD63F, 0xD63F,
  0xD63F, 0xD63F, 0xD63F, 0xD63F, 0xD63F, 0xD63F, 0xD63F, 0xD63F, 0xD63F, 0xD63F, 0xD63F, 0xD63F, 0xD63F, 0xD63F, 0xD63F, 0xD63F,
  0xD63F, 0xD63F, 0xD63F, 0xD63F, 0xD63F, 0xD63F, 0xD63F, 0xD63F, 0xD63F, 0xD63F, 0xD63F, 0xD63F, 0xD63F, 0xD63F, 0xD63F, 0xD63F,
  0xD63F, 0xD63F, 0xD63F, 0xD63F, 0xD63F, 0xD63F, 0xD63F, 0xD63F, 0xD63F, 0xCE1F, 0xD61F, 0xD61F, 0xD61F, 0xD61F, 0xD61F, 0xD61F,
  0xCE1F, 0xCE1F, 0xCE1F, 0xCE1F, 0xCE1F, 0xCE1F, 0xCDFF, 0xCDFF, 0xCDFF, 0xCDFF, 0xCDFF, 0xCDFF, 0xCE1F, 0xCE1F, 0xCE1F, 0xCE1F,
  0xCE1F, 0xCE1F, 0xCE1F, 0xCE1F, 0xCE1F, 0xCE1F, 0xCE1F, 0xCE1F, 0xD61F, 0xD61F, 0xCE1F, 0xD63F, 0xD65F, 0xCDFE, 0xB4FE, 0xAC7F,
  0xAC9F, 0xAC9F, 0xAC9F, 0xAC7F, 0xA47F, 0xA47F, 0xA47F, 0xA47F, 0xA47F, 0xA47F, 0xA47F, 0xA47F, 0xA45F, 0xA45F, 0xA45F, 0xA45F,
  0xA45F, 0xA45F, 0xA45F, 0xA45F, 0xA45F, 0xA43F, 0xA43F, 0xAC7E, 0xB4FF, 0xBD3F, 0xBD3F, 0xBD1F, 0xBD1F, 0xBD1F, 0xBD1F, 0xBD1F,
  0xBD1F, 0xBD1F, 0xB4FF, 0xACBF, 0xA49F, 0xA47F, 0xAC7F, 0xAC9F, 0xAC9F, 0xAC9F, 0xAC9F, 0xAC9F, 0xAC9F, 0xAC7F, 0xAC7F, 0xAC7F,
  0xAC7F, 0xAC7F, 0xAC7F, 0xA47F, 0xA47F, 0xA47F, 0xA45F, 0xA45F, 0xA45F, 0xA45F, 0xA43F, 0xA43F, 0xA43F, 0xA43F, 0xA43F, 0xA43F,
  0xA43F, 0xA45F, 0xA43F, 0xA41F, 0xA41F, 0xAC5E, 0xACBE, 0xB4DF, 0xB4DF, 0xA43F, 0x935F, 0x8B3F, 0x9BBF, 0xAC5F, 0xAC5F, 0xB4BF,
  0xE6DE, 0xE6BF, 0xE6BF, 0xE6BF, 0xE6BF, 0xE6BF, 0xE6BF, 0xDEBF, 0xDEBF, 0xDEBF, 0xDE9F, 0xDE9F, 0xDE9F, 0xDEBF, 0xDEBF, 0xDE9F,
  0xD67F, 0xDEBF, 0xACBE, 0x6A3D, 0xB4FF, 0xDE9F, 0xDE9F, 0x937E, 0x723E, 0xC57E, 0xE6FF, 0xD67F, 0xDE9F, 0xDE9F, 0xDE7F, 0xDE9F,
  0xCDFF, 0x833E, 0x82FE, 0x8B3F, 0x8B3F, 0x8B5F, 0x8B5F, 0x8B5F, 0x8B3F, 0x9BDE, 0xDE7F, 0xE6DF, 0xE6DF, 0xE6DF, 0xE6DF, 0xE6DF,
  0xE6DF, 0xE6DF, 0xE6DF, 0xE6DF, 0xE6DF, 0xE6DF, 0xE6DF, 0xE6DF, 0xE6FF, 0xE6FF, 0xEF1F, 0xE6DF, 0xDE9F, 0xDE9F, 0xDE9F, 0xDE9F,
  0xDE9F, 0xDE9F, 0xDE9F, 0xDE9F, 0xE6DF, 0xDEBF, 0xD65F, 0xD65F, 0xD65F, 0xD65F, 0xD65F, 0xD65F, 0xD65F, 0xD65F, 0xD65F, 0xD65F,
  0xD65F, 0xD65F, 0xD65F, 0xD65F, 0xD65F, 0xD65F, 0xD65F, 0xD65F, 0xD65F, 0xD65F, 0xD65F, 0xD65F, 0xD65F, 0xD65F, 0xD65F, 0xD65F,
  0xD65F, 0xD65F, 0xD65F, 0xD63F, 0xD65F, 0xD63F, 0xD63F, 0xD65F, 0xD65F, 0xD65F, 0xD63F, 0xD63F, 0xD63F, 0xD63F, 0xD63F, 0xD63F,
  0xD63F, 0xD63F, 0xD63F, 0xD63F, 0xD63F, 0xD63F, 0xD63F, 0xD63F, 0xD63F, 0xD63F, 0xD63F, 0xD63F, 0xD63F, 0xD63F, 0xD61F, 0xD61F,
  0xD61F, 0xCE1F, 0xCE1F, 0xCE1F, 0xCE1F, 0xCE1F, 0xCE1F, 0xCE1F, 0xCE1F, 0xCE1F, 0xCE1F, 0xCE1F, 0xCE1F, 0xCE1F, 0xCE1F, 0xCE1F,
  0xD61F, 0xD61F, 0xD61F, 0xD61F, 0xD61F, 0xCE1F, 0xCE1F, 0xD61F, 0xCDFF, 0xD63F, 0xD65F, 0xD61F, 0xBD5E, 0xAC9E, 0xAC9F, 0xAC9F,
  0xACBE, 0xAC9F, 0xAC9F, 0xAC9F, 0xAC7F, 0xAC7F, 0xAC7F, 0xAC7F, 0xAC7F, 0xAC7F, 0xAC7F, 0xA47F, 0xA47F, 0xA47F, 0xA47F, 0xA47F,
  0xA47F, 0xA45F, 0xA45F, 0xA45F, 0xA47F, 0xACBF, 0xBD1F, 0xBD3F, 0xBD3F, 0xBD1F, 0xBD1F, 0xBD1F, 0xBD1F, 0xBD1F, 0xBD3F, 0xBD3F,
  0xBD1F, 0xB4DF, 0xACBF, 0xAC9F, 0xACBF, 0xACBF, 0xAC9F, 0xAC9F, 0xAC9F, 0xAC9F, 0xAC9F, 0xAC9F, 0xAC9F, 0xAC9F, 0xAC9F, 0xAC9F,
  0xAC9F, 0xAC9F, 0xAC7F, 0xAC7F, 0xAC7F, 0xAC7F, 0xAC7F, 0xA47F, 0xA45F, 0xA45F, 0xA45F, 0xA45F, 0xA45F, 0xA45F, 0xA45F, 0xA45F,
  0xA45F, 0xA45F, 0xA45F, 0xA43F, 0xA43F, 0xA41F, 0xA41F, 0xAC7E, 0xBD1F, 0xC55F, 0x9BFE, 0x82DF, 0x935F, 0xAC5F, 0xAC7F, 0xB4BF,
  0xE6DE, 0xDEBF, 0xDEBF, 0xE6BF, 0xE6BF, 0xE6BF, 0xE6BF, 0xE6BF, 0xDEBF, 0xDEBF, 0xDE9F, 0xDE9F, 0xDE9F, 0xDEBF, 0xDE9F, 0xDE9F,
  0xDE9F, 0xDEBF, 0xEF1F, 0x8B5D, 0x8B9D, 0xDE9F, 0xCDDF, 0x6A3C, 0xA45E, 0xEF1F, 0xDEBF, 0xDEBF, 0xDEBF, 0xDE9F, 0xDE7F, 0xD67F,
  0x8B7D, 0x727F, 0x82DE, 0x82FF, 0x833F, 0x8B3F, 0x8B7F, 0x8B5F, 0x939E, 0xD61E, 0xE6FF, 0xDEBF, 0xE6DF, 0xE6DF, 0xE6DF, 0xE6DF,
  0xE6DF, 0xE6DF, 0xE6DF, 0xE6DF, 0xE6DF, 0xE6DF, 0xE6DF, 0xE6DF, 0xE6DF, 0xE6FF, 0xE6FF, 0xEF1F, 0xE6DF, 0xDE9F, 0xDE9F, 0xDE9F,
  0xDE9F, 0xDE9F, 0xDE9F, 0xDE9F, 0xDE9F, 0xDEBF, 0xE6DF, 0xDE7F, 0xD65F, 0xD65F, 0xD65F, 0xD65F, 0xD65F, 0xD65F, 0xD65F, 0xD65F,
  0xD65F, 0xD65F, 0xD65F, 0xD65F, 0xD65F, 0xD65F, 0xD65F, 0xD65F, 0xD65F, 0xD65F, 0xD65F, 0xD65F, 0xD65F, 0xD65F, 0xD65F, 0xD65F,
  0xD65F, 0xD65F, 0xD65F, 0xD65F, 0xD65F, 0xD65F, 0xD65F, 0xD65F, 0xD65F, 0xD65F, 0xD65F, 0xD65F, 0xD65F, 0xD65F, 0xD65F, 0xD65F,
  0xD65F, 0xD63F, 0xD63F, 0xD63F, 0xD65F, 0xD63F, 0xD63F, 0xD63F, 0xD63F, 0xD63F, 0xD63F, 0xD63F, 0xD63F, 0xD63F, 0xD63F, 0xD63F,
  0xD63F, 0xD61F, 0xD61F, 0xCE1F, 0xCE1F, 0xCE1F, 0xCE1F, 0xCE1F, 0xCE1F, 0xCE1F, 0xCE1F, 0xCE1F, 0xCE1F, 0xCE1F, 0xCE1F, 0xD61F,
  0xD61F, 0xD61F, 0xD61F, 0xD61F, 0xD61F, 0xD61F, 0xCE1F, 0xD61F, 0xDE5F, 0xDE5E, 0xC57E, 0xACBF, 0xAC9F, 0xB4BF, 0xACBF, 0xACBF,
  0xACBF, 0xAC9F, 0xACBF, 0xAC9F, 0xAC9F, 0xAC9F, 0xAC9F, 0xAC9F, 0xAC9F, 0xAC9F, 0xAC9F, 0xAC7F, 0xAC7F, 0xAC7F, 0xAC7F, 0xAC7F,
  0xAC9F, 0xAC7F, 0xA47F, 0xAC9F, 0xBD1F, 0xBD3F, 0xBD3F, 0xBD1F, 0xBD1F, 0xBD1F, 0xBD1F, 0xBD1F, 0xBD1F, 0xBD3F, 0xBD3F, 0xB4FF,
  0xB4DF, 0xACDF, 0xACDF, 0xACBF, 0xACBF, 0xACBF, 0xACBF, 0xACBF, 0xACBF, 0xACBF, 0xACBF, 0xACBF, 0xACBF, 0xACBF, 0xAC9F, 0xAC9F,
  0xAC9F, 0xAC9F, 0xAC9F, 0xAC9F, 0xAC9F, 0xAC9F, 0xAC9F, 0xAC9F, 0xAC7F, 0xAC7F, 0xAC7F, 0xAC7F, 0xA47F, 0xA47F, 0xA47F, 0xA47F,
  0xA45F, 0xA45F, 0xA45F, 0xA45F, 0xA43F, 0xA43F, 0xA43F, 0xA43F, 0xAC5F, 0xB4BF, 0xBD1E, 0x9BDE, 0x8B5E, 0xA43F, 0xAC5F, 0xB4BF,
  0xE6DE, 0xDEBF, 0xDEBF, 0xDEBF, 0xE6BF, 0xE6BF, 0xE6BF, 0xDEBF, 0xDEBF, 0xDEBF, 0xDEBF, 0xDEBF, 0xDEBF, 0xDEBF, 0xDEBF, 0xDEBF,
  0xDEBF, 0xDEBF, 0xEF1F, 0xB4BE, 0x7ADD, 0xDE7F, 0xAC9E, 0x6A3C, 0xD63F, 0xDEBF, 0xDEBF, 0xE6BF, 0xDEBF, 0xDEBF, 0xE6DF, 0xB4FE,
  0x725E, 0x7ABF, 0x7ADF, 0x82FF, 0x831F, 0x8B5F, 0x8B3F, 0x9BDE, 0xD61F, 0xE6FF, 0xE6DF, 0xE6DF, 0xE6DF, 0xE6DF, 0xE6DF, 0xE6DF,
  0xE6DF, 0xE6DF, 0xE6DF, 0xE6DF, 0xE6FF, 0xE6FF, 0xE6FF, 0xE6FF, 0xE6FF, 0xE6FF, 0xE6FF, 0xE6FF, 0xEF1F, 0xE6FF, 0xDE9F, 0xDE9F,
  0xDE9F, 0xDE9F, 0xDE9F, 0xDE9F, 0xDE9F, 0xDE9F, 0xDEBF, 0xE6DF, 0xDE9F, 0xD67F, 0xD67F, 0xD65F, 0xD65F, 0xD65F, 0xD65F, 0xD65F,
  0xDE7F, 0xD65F, 0xD65F, 0xD65F, 0xDE5F, 0xDE7F, 0xD65F, 0xD65F, 0xDE7F, 0xDE7F, 0xDE7F, 0xD65F, 0xDE7F, 0xDE7F, 0xDE7F, 0xDE7F,
  0xD65F, 0xD65F, 0xD65F, 0xD65F, 0xD65F, 0xD65F, 0xD65F, 0xD65F, 0xD65F, 0xD65F, 0xD65F, 0xD65F, 0xD65F, 0xD65F, 0xD65F, 0xD65F,
  0xD65F, 0xD65F, 0xD65F, 0xD65F, 0xD65F, 0xD65F, 0xD65F, 0xD63F, 0xD63F, 0xD63F, 0xD65F, 0xD63F, 0xD63F, 0xD63F, 0xD63F, 0xD63F,
  0xD63F, 0xD63F, 0xD63F, 0xD63F, 0xD63F, 0xD61F, 0xD61F, 0xD61F, 0xD61F, 0xD61F, 0xD61F, 0xCE1F, 0xD61F, 0xD61F, 0xD61F, 0xD61F,
  0xD61F, 0xD63F, 0xD63F, 0xD63F, 0xCE1F, 0xCE1F, 0xD65F, 0xDE5F, 0xC5BE, 0xB4FF, 0xACBF, 0xB4BF, 0xB4BF, 0xB4BF, 0xACBF, 0xACBF,
  0xACBF, 0xACBF, 0xACBF, 0xACBF, 0xACBF, 0xACBF, 0xAC9F, 0xACBF, 0xAC9F, 0xAC9F, 0xAC9F, 0xAC9F, 0xAC9F, 0xAC9F, 0xAC9F, 0xAC9F,
  0xAC7F, 0xAC9F, 0xB4FF, 0xBD3F, 0xBD3F, 0xBD1F, 0xBD1F, 0xBD1F, 0xBD1F, 0xBD1F, 0xBD1F, 0xBD1F, 0xBD3F, 0xBD1F, 0xB4FF, 0xB4DF,
  0xB4FF, 0xB4DF, 0xACDF, 0xACDF, 0xACDF, 0xACDF, 0xACDF, 0xACDF, 0xACDF, 0xB4DF, 0xB4DF, 0xB4BF, 0xACBF, 0xACBF, 0xACBF, 0xB4BF,
  0xACBF, 0xACBF, 0xACBF, 0xB4BF, 0xACBF, 0xACBF, 0xACBF, 0xAC9F, 0xAC9F, 0xAC9F, 0xAC9F, 0xAC9F, 0xAC9F, 0xAC9F, 0xAC7F, 0xAC7F,
  0xAC7F, 0xAC7F, 0xAC7F, 0xA45F, 0xA45F, 0xA45F, 0xA45F, 0xAC7F, 0xAC7F, 0xAC5F, 0xA45F, 0xAC7E, 0xAC5E, 0xAC5F, 0xAC7F, 0xAC7F,
  0xDEBE, 0xE6DF, 0xDEBF, 0xE6BF, 0xE6BF, 0xE6BF, 0xE6BF, 0xE6BF, 0xE6BF, 0xE6BF, 0xDEBF, 0xDEBF, 0xDEBF, 0xDEBF, 0xDEBF, 0xDEBF,
  0xDEBF, 0xDEBF, 0xE6FF, 0xCDFF, 0x6A7C, 0xC57F, 0x8B3D, 0x8B7E, 0xE6BF, 0xDE9F, 0xE6BF, 0xDEBF, 0xDEBF, 0xE6DF, 0xE69F, 0x831D,
  0x727E, 0x7ABF, 0x82DF, 0x82DE, 0x82DF, 0x82FE, 0xA47E, 0xDE9F, 0xEEFF, 0xE6BF, 0xE6DF, 0xE6DF, 0xE6DF, 0xE6DF, 0xE6DF, 0xE6DF,
  0xE6DF, 0xE6DF, 0xE6DF, 0xE6FF, 0xE6FF, 0xE6FF, 0xE6FF, 0xE6FF, 0xE6FF, 0xE6FF, 0xE6FF, 0xE6FF, 0xE6FF, 0xEF1F, 0xE71F, 0xDEBF,
  0xDE9F, 0xDE9F, 0xDE9F, 0xDE9F, 0xDE9F, 0xDE9F, 0xDE9F, 0xDE9F, 0xDEBF, 0xDEBF, 0xDE7F, 0xD67F, 0xDE7F, 0xDE7F, 0xDE7F, 0xDE7F,
  0xDE7F, 0xDE7F, 0xDE7F, 0xDE7F, 0xDE7F, 0xDE7F, 0xDE7F, 0xDE7F, 0xDE7F, 0xDE7F, 0xDE7F, 0xDE7F, 0xDE7F, 0xDE7F, 0xDE7F, 0xDE7F,
  0xDE7F, 0xDE7F, 0xDE7F, 0xDE7F, 0xDE7F, 0xDE7F, 0xDE7F, 0xDE7F, 0xD65F, 0xD65F, 0xD65F, 0xD65F, 0xD65F, 0xD65F, 0xD65F, 0xD65F,
  0xD65F, 0xD65F, 0xD65F, 0xD65F, 0xD65F, 0xD65F, 0xD65F, 0xD65F, 0xD65F, 0xD65F, 0xD65F, 0xD65F, 0xD65F, 0xD63F, 0xD63F, 0xD63F,
  0xD63F, 0xD63F, 0xD63F, 0xD63F, 0xD63F, 0xD63F, 0xD63F, 0xD63F, 0xD63F, 0xD63F, 0xD61F, 0xD61F, 0xD61F, 0xD63F, 0xD63F, 0xD63F,
  0xD63F, 0xD63F, 0xCE1F, 0xCE3F, 0xD67F, 0xDE5F, 0xCDDE, 0xB51F, 0xB4BF, 0xB4DF, 0xB4DF, 0xB4DF, 0xB4DF, 0xB4DF, 0xB4BF, 0xACBF,
  0xACBF, 0xACBF, 0xACBF, 0xACBF, 0xACBF, 0xACBF, 0xACBF, 0xACBF, 0xACBF, 0xACBF, 0xACBF, 0xACBF, 0xACBF, 0xAC9F, 0xAC9F, 0xAC9F,
  0xB4DF, 0xBD3F, 0xBD3F, 0xBD1F, 0xBD1F, 0xBD1F, 0xBD1F, 0xBD1F, 0xBD3F, 0xBD1F, 0xBD3F, 0xBD3F, 0xB51F, 0xB4FF, 0xB4FF, 0xB4FF,
  0xB4FF, 0xB4FF, 0xB4FF, 0xB4FF, 0xB4FF, 0xB4FF, 0xB4FF, 0xB4FF, 0xB4FF, 0xB4DF, 0xB4DF, 0xB4DF, 0xB4DF, 0xB4DF, 0xB4DF, 0xB4DF,
  0xB4DF, 0xB4DF, 0xB4DF, 0xB4DF, 0xB4DF, 0xB4BF, 0xACBF, 0xACBF, 0xACBF, 0xACBF, 0xACBF, 0xACBF, 0xACBF, 0xAC9F, 0xAC9F, 0xAC9F,
  0xAC9F, 0xAC7F, 0xAC7F, 0xAC7F, 0xAC7F, 0xAC7F, 0xAC7F, 0xAC7F, 0xAC7F, 0xAC7F, 0xAC5F, 0xA45F, 0xAC5F, 0xAC7F, 0xAC9F, 0xAC5F,
  0xB599, 0xE6DF, 0xDEBF, 0xE6DF, 0xE6DF, 0xE6BF, 0xE6BF, 0xE6BF, 0xE6BF, 0xE6BF, 0xE6BF, 0xDEBF, 0xDEBF, 0xDEBF, 0xDEBF, 0xDEBF,
  0xDEBF, 0xDEBF, 0xDEDF, 0xE6DF, 0x7ADD, 0x831E, 0x727D, 0xB4FE, 0xDEBF, 0xDE9F, 0xDEBF, 0xE6BF, 0xDEBF, 0xEF1F, 0xC57E, 0x7A9E,
  0x82DF, 0x82BF, 0x7A7F, 0x727E, 0x8B5E, 0xC57E, 0xE6FF, 0xE6FF, 0xDEBF, 0xE6DF, 0xE6DF, 0xE6DF, 0xE6DF, 0xE6DF, 0xE6DF, 0xE6DF,
  0xE6DF, 0xE6DF, 0xE6DF, 0xE6FF, 0xE6FF, 0xE6FF, 0xE6FF, 0xE6FF, 0xE6FF, 0xE6FF, 0xE6FF, 0xE6FF, 0xE6FF, 0xE6FF, 0xE71F, 0xEF1F,
  0xE6BF, 0xDE9F, 0xDE9F, 0xDE9F, 0xDE9F, 0xDE9F, 0xDE9F, 0xDE9F, 0xDE9F, 0xDEBF, 0xE6BF, 0xDE9F, 0xDE7F, 0xDE7F, 0xDE7F, 0xDE7F,
  0xDE7F, 0xDE7F, 0xDE7F, 0xDE7F, 0xDE7F, 0xDE7F, 0xDE7F, 0xDE7F, 0xDE7F, 0xDE7F, 0xDE7F, 0xDE7F, 0xDE7F, 0xDE7F, 0xDE7F, 0xDE7F,
  0xDE7F, 0xDE7F, 0xDE7F, 0xDE7F, 0xDE7F, 0xDE7F, 0xDE7F, 0xDE7F, 0xDE7F, 0xDE7F, 0xD65F, 0xDE7F, 0xDE7F, 0xD65F, 0xD65F, 0xD65F,
  0xD65F, 0xD65F, 0xDE7F, 0xD65F, 0xDE7F, 0xD65F, 0xD65F, 0xD65F, 0xD65F, 0xD65F, 0xD65F, 0xD65F, 0xD65F, 0xD65F, 0xD63F, 0xD63F,
  0xD63F, 0xD63F, 0xD63F, 0xD63F, 0xD63F, 0xD63F, 0xD63F, 0xD63F, 0xD63F, 0xD63F, 0xD63F, 0xD63F, 0xD63F, 0xD63F, 0xD63F, 0xD63F,
  0xD61F, 0xD63F, 0xDE7F, 0xDE7F, 0xCDDE, 0xB51E, 0xB4DF, 0xB4FF, 0xB4FF, 0xB4FF, 0xB4FF, 0xB4DF, 0xB4FF, 0xB4DF, 0xB4DF, 0xB4DF,
  0xB4BF, 0xB4BF, 0xB4DF, 0xB4DF, 0xB4DF, 0xB4DF, 0xB4DF, 0xB4DF, 0xB4DF, 0xB4BF, 0xB4DF, 0xB4DF, 0xB4BF, 0xACBF, 0xB4BF, 0xB4FF,
  0xBD3F, 0xBD3F, 0xBD3F, 0xBD3F, 0xBD1F, 0xBD1F, 0xBD1F, 0xBD3F, 0xBD3F, 0xBD3F, 0xBD3F, 0xB51F, 0xB4FF, 0xB4FF, 0xB4FF, 0xB4FF,
  0xB4FF, 0xB4FF, 0xB4FF, 0xB4FF, 0xB4FF, 0xB4FF, 0xB51F, 0xB4FF, 0xB4FF, 0xB4FF, 0xB4FF, 0xB4FF, 0xB4DF, 0xB4DF, 0xB4DF, 0xB4FF,
  0xB4FF, 0xB4FF, 0xB4FF, 0xB4FF, 0xB4DF, 0xB4DF, 0xB4DF, 0xB4DF, 0xB4DF, 0xB4DF, 0xB4DF, 0xB4DF, 0xB4DF, 0xACBF, 0xACBF, 0xACBF,
  0xAC9F, 0xAC9F, 0xAC9F, 0xAC9F, 0xAC9F, 0xAC9F, 0xAC9F, 0xAC7F, 0xAC7F, 0xAC7F, 0xAC7F, 0xAC7F, 0xAC9F, 0xAC7F, 0xA45F, 0xA45E,
  0x5ACD, 0xE6BF, 0xDEBF, 0xE6DF, 0xE6DF, 0xE6DF, 0xE6BF, 0xE6BF, 0xE6BF, 0xE6BF, 0xE6BF, 0xDEBF, 0xDEBF, 0xDEBF, 0xDEBF, 0xDEBF,
  0xDEBF, 0xDEBF, 0xDE9F, 0xE6DF, 0x9C3E, 0x61DD, 0x727D, 0xCDFE, 0xDEBF, 0xDE9F, 0xDEBF, 0xDEBF, 0xDEBF, 0xEF3F, 0xA45D, 0x7A7E,
  0x7ABE, 0x7ABE, 0x937E, 0xB4FE, 0xDE7F, 0xE6FF, 0xDEBF, 0xDEBF, 0xE6DF, 0xE6DF, 0xE6DF, 0xE6DF, 0xE6DF, 0xE6DF, 0xE6DF, 0xE6DF,
  0xE6DF, 0xE6DF, 0xE6DF, 0xE6FF, 0xE6FF, 0xE6FF, 0xE6FF, 0xE6FF, 0xE6FF, 0xE6FF, 0xE6FF, 0xE6FF, 0xE6FF, 0xE6FF, 0xE6FF, 0xE6FF,
  0xEF1F, 0xE6FF, 0xDEBF, 0xDE9F, 0xDEBF, 0xDE9F, 0xDE9F, 0xDE9F, 0xDE9F, 0xDE9F, 0xDE9F, 0xE6BF, 0xE6BF, 0xDE9F, 0xDE7F, 0xDE7F,
  0xDE7F, 0xDE7F, 0xDE7F, 0xDE7F, 0xDE7F, 0xDE7F, 0xDE7F, 0xDE7F, 0xDE7F, 0xDE9F, 0xDE9F, 0xDE9F, 0xDE9F, 0xDE9F, 0xDE9F, 0xDE7F,
  0xDE7F, 0xDE9F, 0xDE7F, 0xDE7F, 0xDE9F, 0xDE7F, 0xDE7F, 0xDE7F, 0xDE7F, 0xDE7F, 0xDE7F, 0xDE7F, 0xDE7F, 0xDE7F, 0xDE7F, 0xDE7F,
  0xDE7F, 0xDE7F, 0xDE7F, 0xDE7F, 0xD67F, 0xD65F, 0xD65F, 0xD65F, 0xD65F, 0xD67F, 0xD65F, 0xD65F, 0xD65F, 0xD65F, 0xD65F, 0xD65F,
  0xD65F, 0xD65F, 0xD65F, 0xD65F, 0xD63F, 0xD63F, 0xD65F, 0xD63F, 0xD63F, 0xD65F, 0xD65F, 0xD65F, 0xD65F, 0xD63F, 0xD63F, 0xD65F,
  0xDE7F, 0xDE5F, 0xCDDE, 0xBD1F, 0xB4DF, 0xB4DF, 0xB4FF, 0xB4FF, 0xB4FF, 0xB4FF, 0xB4FF, 0xB4FF, 0xB4FF, 0xB4FF, 0xB4DF, 0xB4DF,
  0xB4DF, 0xB4DF, 0xB4DF, 0xB4DF, 0xB4DF, 0xB4DF, 0xB4DF, 0xB4DF, 0xB4DF, 0xB4DF, 0xB4DF, 0xB4DF, 0xB4DF, 0xB4FF, 0xBD1F, 0xBD3F,
  0xB53F, 0xBD3F, 0xBD3F, 0xBD3F, 0xBD1F, 0xBD3F, 0xBD3F, 0xBD3F, 0xBD3F, 0xBD3F, 0xBD1F, 0xBD1F, 0xBD1F, 0xBD1F, 0xBD1F, 0xBD1F,
  0xBD1F, 0xBD1F, 0xBD1F, 0xBD1F, 0xBD1F, 0xBD1F, 0xBD1F, 0xBD1F, 0xBD1F, 0xBD1F, 0xB51F, 0xB51F, 0xB4FF, 0xB4FF, 0xB4FF, 0xB4FF,
  0xB4FF, 0xB4FF, 0xB4FF, 0xB4FF, 0xB4FF, 0xB4FF, 0xB4FF, 0xB4FF, 0xB4DF, 0xB4FF, 0xB4DF, 0xB4DF, 0xB4DF, 0xB4DF, 0xB4BF, 0xB4BF,
  0xB4BF, 0xACBF, 0xACBF, 0xB4BF, 0xB4BF, 0xAC9F, 0xAC9F, 0xAC9F, 0xAC7F, 0xAC7F, 0xAC7F, 0xAC9F, 0xAC9F, 0xAC7F, 0xB4BF, 0x93FA,
  0x1083, 0x9C95, 0xF77F, 0xE6DF, 0xE6DF, 0xE6DF, 0xE6DF, 0xE6BF, 0xE6BF, 0xE6BF, 0xE6BF, 0xDEBF, 0xDEBF, 0xE6BF, 0xE6BF, 0xE6BF,
  0xDEBF, 0xDEBF, 0xDE9F, 0xDEDF, 0xC5BE, 0x725D, 0x93BD, 0xE6FF, 0xDEBF, 0xDEBF, 0xDEBF, 0xDE9F, 0xDEDF, 0xDE9E, 0x82FD, 0x82FE,
  0xAC9D, 0xD5FE, 0xE6BF, 0xE6DF, 0xDEDF, 0xDEBF, 0xE6DF, 0xE6DF, 0xE6DF, 0xE6DF, 0xE6DF, 0xE6DF, 0xE6DF, 0xE6DF, 0xE6DF, 0xE6FF,
  0xE6FF, 0xE6FF, 0xE6FF, 0xE6FF, 0xE6DF, 0xE6DF, 0xE6FF, 0xE6FF, 0xE6FF, 0xE6FF, 0xE6FF, 0xE6FF, 0xE6FF, 0xE6FF, 0xE6FF, 0xE6FF,
  0xE6FF, 0xEF1F, 0xEF1F, 0xE6BF, 0xDE9F, 0xDE9F, 0xDE9F, 0xDEBF, 0xDEBF, 0xDEBF, 0xDEBF, 0xDE9F, 0xDEBF, 0xE6DF, 0xE6BF, 0xDE9F,
  0xDE9F, 0xDE9F, 0xDE9F, 0xDE9F, 0xDE9F, 0xDE9F, 0xDE9F, 0xDE9F, 0xDE9F, 0xDE9F, 0xDE9F, 0xDE9F, 0xDE9F, 0xDE9F, 0xDE9F, 0xDE9F,
  0xDE9F, 0xDE9F, 0xDE9F, 0xDE9F, 0xDE9F, 0xDE9F, 0xDE9F, 0xDE9F, 0xDE7F, 0xDE7F, 0xDE7F, 0xDE7F, 0xDE7F, 0xDE7F, 0xDE7F, 0xDE7F,
  0xDE7F, 0xDE7F, 0xDE7F, 0xDE7F, 0xDE5F, 0xDE5F, 0xDE5F, 0xDE7F, 0xD65F, 0xDE7F, 0xDE7F, 0xDE7F, 0xDE7F, 0xD65F, 0xD65F, 0xD65F,
  0xD65F, 0xD65F, 0xD65F, 0xD65F, 0xD65F, 0xD65F, 0xD65F, 0xD65F, 0xD65F, 0xD65F, 0xD65F, 0xD65F, 0xD65F, 0xDE7F, 0xDE9F, 0xD65F,
  0xCDBE, 0xBD1E, 0xB4DF, 0xB4FF, 0xB4FF, 0xB4FF, 0xB4FF, 0xB4FF, 0xB4FF, 0xB4FF, 0xB4FF, 0xB51F, 0xB4FF, 0xB4FF, 0xB4FF, 0xB4DF,
  0xB4FF, 0xB4FF, 0xB4FF, 0xB4FF, 0xB4FF, 0xB4FF, 0xB4FF, 0xB4FF, 0xB4FF, 0xB4FF, 0xB4FF, 0xB4FF, 0xBD1F, 0xBD3F, 0xBD3F, 0xBD3F,
  0xBD3F, 0xBD3F, 0xBD3F, 0xBD3F, 0xBD3F, 0xBD3F, 0xBD3F, 0xBD3F, 0xBD3F, 0xBD1F, 0xBD1F, 0xBD1F, 0xBD1F, 0xBD1F, 0xBD1F, 0xBD1F,
  0xBD3F, 0xBD3F, 0xBD3F, 0xBD3F, 0xBD3F, 0xBD3F, 0xBD3F, 0xBD3F, 0xBD3F, 0xBD3F, 0xBD3F, 0xBD1F, 0xBD1F, 0xBD1F, 0xBD1F, 0xBD1F,
  0xBD1F, 0xB51F, 0xB4FF, 0xB4FF, 0xB4FF, 0xB4FF, 0xB4FF, 0xB4FF, 0xB4FF, 0xB4FF, 0xB4FF, 0xB4FF, 0xB4FF, 0xB4FF, 0xB4DF, 0xB4DF,
  0xB4DF, 0xB4DF, 0xB4DF, 0xB4DF, 0xB4BF, 0xB4BF, 0xB4BF, 0xAC9F, 0xAC9F, 0xAC9F, 0xAC9F, 0xAC9F, 0xAC9F, 0xB4BF, 0xB4BE, 0x4A0E,
  0x1082, 0x20E4, 0xA4F5, 0xF75F, 0xEEFF, 0xE6BF, 0xE6BF, 0xE6BF, 0xE6BF, 0xE6BF, 0xE6BF, 0xE6BF, 0xE6BF, 0xDEBF, 0xDEBF, 0xDEBF,
  0xDEBF, 0xDE9F, 0xDE9F, 0xDEBF, 0xE6BF, 0x833D, 0x939E, 0xEF1F, 0xE6FF, 0xDEBF, 0xDE9F, 0xD69F, 0xDEBF, 0xA43E, 0x831D, 0xD65F,
  0xEF3F, 0xEF1F, 0xE6DF, 0xE6BF, 0xE6DF, 0xE6DF, 0xE6DF, 0xE6DF, 0xE6DF, 0xE6DF, 0xE6DF, 0xE6DF, 0xE6DF, 0xE6DF, 0xE6DF, 0xE6FF,
  0xE6FF, 0xE6FF, 0xE6FF, 0xE6DF, 0xE6DF, 0xE6DF, 0xE6DF, 0xE6FF, 0xE6FF, 0xE6FF, 0xE6FF, 0xE6FF, 0xE6FF, 0xE6FF, 0xE6FF, 0xE6FF,
  0xEEFF, 0xE6FF, 0xEF1F, 0xEF1F, 0xE6DF, 0xDE9F, 0xDE9F, 0xDE9F, 0xDE9F, 0xDE9F, 0xDE9F, 0xDE9F, 0xDEBF, 0xDEBF, 0xDEBF, 0xE6BF,
  0xDEBF, 0xDE9F, 0xDE9F, 0xDE9F, 0xDE9F, 0xDE9F, 0xDE9F, 0xDE9F, 0xDE9F, 0xDE9F, 0xDE9F, 0xDE9F, 0xDE9F, 0xDE9F, 0xDE9F, 0xDE9F,
  0xDE9F, 0xDE9F, 0xDE9F, 0xDE9F, 0xDE9F, 0xDE9F, 0xDE9F, 0xDE9F, 0xDE7F, 0xDE7F, 0xDE7F, 0xDE7F, 0xDE7F, 0xDE7F, 0xDE7F, 0xDE7F,
  0xDE7F, 0xDE7F, 0xDE7F, 0xDE7F, 0xDE7F, 0xDE7F, 0xDE7F, 0xDE7F, 0xDE7F, 0xDE7F, 0xDE7F, 0xDE7F, 0xDE7F, 0xD65F, 0xD65F, 0xD65F,
  0xD65F, 0xDE5F, 0xD65F, 0xD65F, 0xD65F, 0xD65F, 0xD65F, 0xD65F, 0xD65F, 0xD65F, 0xD65F, 0xDE9F, 0xDE9F, 0xD63F, 0xC59E, 0xB4FF,
  0xB4DF, 0xB4DF, 0xBCFF, 0xB4FF, 0xB4FF, 0xB4FF, 0xBCFF, 0xBCFF, 0xB4FF, 0xB4FF, 0xB4FF, 0xBCFF, 0xBCFF, 0xB4FF, 0xBCFF, 0xB4FF,
  0xB4FF, 0xB4FF, 0xB4FF, 0xB4FF, 0xB4FF, 0xB4FF, 0xB4FF, 0xB4FF, 0xB4FF, 0xB4FF, 0xBD1F, 0xBD3F, 0xBD3F, 0xBD3F, 0xBD3F, 0xBD3F,
  0xBD3F, 0xBD3F, 0xBD3F, 0xBD3F, 0xBD3F, 0xBD3F, 0xBD3F, 0xBD3F, 0xBD3F, 0xBD1F, 0xBD1F, 0xBD1F, 0xBD3F, 0xBD3F, 0xBD3F, 0xBD3F,
  0xBD3F, 0xBD3F, 0xBD3F, 0xBD3F, 0xBD3F, 0xBD3F, 0xBD3F, 0xBD3F, 0xBD3F, 0xBD3F, 0xBD3F, 0xBD3F, 0xBD3F, 0xBD3F, 0xBD3F, 0xBD1F,
  0xBD1F, 0xBD1F, 0xBD1F, 0xBCFF, 0xB4FF, 0xB4FF, 0xB4FF, 0xB4FF, 0xBCFF, 0xBD1F, 0xBCFF, 0xB4FF, 0xB4FF, 0xB4FF, 0xB4FF, 0xB4FF,
  0xB4DF, 0xB4DF, 0xB4DF, 0xB4DF, 0xB4DF, 0xB4DF, 0xB4BF, 0xACBF, 0xACBF, 0xACBF, 0xAC9F, 0xAC9F, 0xB4BF, 0xAC9E, 0x5A6F, 0x10A3,
  0x10A2, 0x1082, 0x18C3, 0x736F, 0xC5DA, 0xDE9E, 0xDEBF, 0xE6DF, 0xE6DF, 0xE6DF, 0xE6DF, 0xE6DF, 0xE6DF, 0xE6DF, 0xE6DF, 0xDEDF,
  0xDEBF, 0xDEBF, 0xDEDF, 0xDEDF, 0xEF1F, 0xA47D, 0x729C, 0xDE5E, 0xEF5F, 0xE6DF, 0xDE9F, 0xDEBF, 0xBD3E, 0x6A5B, 0xCDBE, 0xEF5F,
  0xDEBF, 0xE6DF, 0xEF1E, 0xEF3F, 0xE6FF, 0xE6FF, 0xE6FF, 0xE6FF, 0xE6FF, 0xE6DF, 0xE6DF, 0xE6FF, 0xE6FF, 0xE6FF, 0xE6FF, 0xE6FF,
  0xE6FF, 0xE6FF, 0xE6FF, 0xE6FF, 0xE6FE, 0xE6FF, 0xE6FF, 0xE6FF, 0xEF1F, 0xEF1F, 0xE71F, 0xEF1F, 0xEF1F, 0xEF1F, 0xEF1F, 0xEF1F,
  0xEF3F, 0xEF1F, 0xE71F, 0xE71E, 0xEF3E, 0xEF3F, 0xE6DF, 0xDEBF, 0xDEBF, 0xE6BF, 0xE6BF, 0xDEBF, 0xE6DF, 0xE6DF, 0xDEBF, 0xDEBF,
  0xE6DF, 0xE6FF, 0xE6BF, 0xDEBE, 0xDEBF, 0xDEBF, 0xDEBF, 0xDEBF, 0xDEBF, 0xDEBF, 0xDEBF, 0xDEBF, 0xDEBF, 0xDEBF, 0xDEBF, 0xDEBF,
  0xDEBF, 0xDEBF, 0xDEBF, 0xDEBF, 0xDEBF, 0xDE9F, 0xDE9F, 0xDE9F, 0xDE9F, 0xDE9F, 0xDE9F, 0xDE9F, 0xDE9F, 0xDE9F, 0xDE9F, 0xDE9F,
  0xDE9F, 0xDE9F, 0xDE9F, 0xDE9F, 0xDE9F, 0xDE9F, 0xDE9F, 0xDE9F, 0xDE9F, 0xDE9F, 0xDE9F, 0xDE9F, 0xDE9F, 0xDE7E, 0xDE7F, 0xDE7F,
  0xDE7F, 0xDE7E, 0xDE7F, 0xDE7F, 0xDE5F, 0xDE7F, 0xDE7F, 0xDE7F, 0xDE7E, 0xDE9F, 0xDE9F, 0xD63E, 0xC57E, 0xB4FE, 0xB4DE, 0xB4FE,
  0xB51E, 0xBD1E, 0xBD1E, 0xBD1F, 0xBD1F, 0xBD1F, 0xBD1F, 0xBD1F, 0xB4FE, 0xB4FF, 0xB51F, 0xBD1F, 0xBD1F, 0xBD1E, 0xBD1E, 0xBD1E,
  0xBD3F, 0xBD3F, 0xBD1F, 0xB51E, 0xB51E, 0xB51E, 0xB51E, 0xB51E, 0xBD1E, 0xBD3E, 0xC55F, 0xBD5E, 0xBD5F, 0xC55F, 0xC57F, 0xC55F,
  0xBD5F, 0xBD5F, 0xBD5F, 0xBD5F, 0xBD5F, 0xBD5F, 0xBD5F, 0xBD5F, 0xBD5F, 0xBD5F, 0xBD3F, 0xBD5F, 0xBD5F, 0xBD5F, 0xBD5F, 0xBD5F,
  0xBD5F, 0xBD5F, 0xBD5F, 0xBD5F, 0xBD5F, 0xBD5F, 0xBD5F, 0xBD5F, 0xBD5F, 0xC55F, 0xBD5F, 0xC55F, 0xC55F, 0xC55F, 0xBD5F, 0xBD5F,
  0xBD3F, 0xBD3F, 0xBD3F, 0xBD1F, 0xB51E, 0xB51E, 0xBD1F, 0xBD1F, 0xBD3F, 0xBD3F, 0xBD3F, 0xBD3F, 0xBD1F, 0xBD1F, 0xBD1F, 0xBD1F,
  0xBD1F, 0xB4FF, 0xB4FF, 0xB4DE, 0xB4DF, 0xB4FF, 0xB4DF, 0xB4BF, 0xB4BF, 0xB4DF, 0xB4DF, 0xAC9D, 0x8397, 0x39AA, 0x1082, 0x10C3,
};
